timeStamp,elapsed,label,responseCode,responseMessage,threadName,dataType,success,failureMessage,bytes,sentBytes,grpThreads,allThreads,URL,Latency,IdleTime,Connect
1779799803804,28,Get Token,429,Too Many Requests,GetJoint 9-1,text,false,,417,522,1,3,https://api-scuda.uat.oci.krungsri.tech/oauth2/v1/token,28,0,25
1779799803804,37,Get Token,429,Too Many Requests,CreateIndividual 3-1,text,false,,417,522,1,4,https://api-scuda.uat.oci.krungsri.tech/oauth2/v1/token,37,0,36
1779799803804,27,Get Token,429,Too Many Requests,SearchJuristic 6-1,text,false,,417,426,1,3,https://api-scuda.uat.oci.krungsri.tech/oauth2/v1/token,27,0,25
1779799803863,22,Get Token,429,Too Many Requests,SearchIndividual 2-1,text,false,,417,426,1,4,https://api-scuda.uat.oci.krungsri.tech/oauth2/v1/token,22,0,20
1779799803911,19,Get Token,429,Too Many Requests,SearchIndividual 2-2,text,false,,417,426,1,2,https://api-scuda.uat.oci.krungsri.tech/oauth2/v1/token,19,0,18
1779799803937,14,Get Token,429,Too Many Requests,SearchJoint 10-1,text,false,,417,426,1,1,https://api-scuda.uat.oci.krungsri.tech/oauth2/v1/token,14,0,13
1779799804194,21,Get Token,429,Too Many Requests,UpdateJoint 12-1,text,false,,417,522,1,1,https://api-scuda.uat.oci.krungsri.tech/oauth2/v1/token,21,0,19
1779799804258,19,Get Token,429,Too Many Requests,UpdateJuristic 8-1,text,false,,417,522,1,1,https://api-scuda.uat.oci.krungsri.tech/oauth2/v1/token,19,0,18
1779799804384,27,Get Token,429,Too Many Requests,UpdateIndividual 4-1,text,false,,417,522,1,2,https://api-scuda.uat.oci.krungsri.tech/oauth2/v1/token,27,0,26
1779799804425,19,Get Token,429,Too Many Requests,GetIndividual 1-1,text,false,,417,522,1,2,https://api-scuda.uat.oci.krungsri.tech/oauth2/v1/token,19,0,18
1779799804433,22,Get Token,429,Too Many Requests,GetJuristic 5-1,text,false,,417,522,1,3,https://api-scuda.uat.oci.krungsri.tech/oauth2/v1/token,22,0,21
1779799804448,27,Get Token,429,Too Many Requests,GetIndividual 1-2,text,false,,417,522,1,1,https://api-scuda.uat.oci.krungsri.tech/oauth2/v1/token,27,0,25
1779799804483,23,Get Token,429,Too Many Requests,SearchIndividual 2-3,text,false,,417,426,1,1,https://api-scuda.uat.oci.krungsri.tech/oauth2/v1/token,23,0,15
1779799804527,24,Get Token,429,Too Many Requests,CreateJoint 11-1,text,false,,417,522,1,2,https://api-scuda.uat.oci.krungsri.tech/oauth2/v1/token,24,0,23
1779799804535,23,Get Token,429,Too Many Requests,CreateJuristic 7-1,text,false,,417,522,1,2,https://api-scuda.uat.oci.krungsri.tech/oauth2/v1/token,23,0,22
1779799804577,32,Get Token,429,Too Many Requests,SearchIndividual 2-4,text,false,,417,426,1,1,https://api-scuda.uat.oci.krungsri.tech/oauth2/v1/token,32,0,30
1779799804649,18,Get Token,429,Too Many Requests,SearchIndividual 2-5,text,false,,417,426,1,1,https://api-scuda.uat.oci.krungsri.tech/oauth2/v1/token,18,0,17
1779799804673,34,Get Token,429,Too Many Requests,SearchJoint 10-2,text,false,,417,426,1,2,https://api-scuda.uat.oci.krungsri.tech/oauth2/v1/token,34,0,33
1779799804684,23,Get Token,429,Too Many Requests,GetIndividual 1-3,text,false,,417,522,1,2,https://api-scuda.uat.oci.krungsri.tech/oauth2/v1/token,23,0,22
1779799804834,19,Get Token,429,Too Many Requests,CreateJuristic 7-2,text,false,,417,522,1,1,https://api-scuda.uat.oci.krungsri.tech/oauth2/v1/token,19,0,17
1779799804872,22,Get Token,429,Too Many Requests,UpdateJoint 12-2,text,false,,417,522,1,1,https://api-scuda.uat.oci.krungsri.tech/oauth2/v1/token,22,0,20
1779799804899,15,Get Token,429,Too Many Requests,UpdateJuristic 8-2,text,false,,417,522,1,1,https://api-scuda.uat.oci.krungsri.tech/oauth2/v1/token,15,0,14
1779799804964,20,Get Token,429,Too Many Requests,UpdateIndividual 4-2,text,false,,417,522,1,1,https://api-scuda.uat.oci.krungsri.tech/oauth2/v1/token,20,0,19
1779799805101,25,Get Token,429,Too Many Requests,SearchIndividual 2-6,text,false,,417,426,1,1,https://api-scuda.uat.oci.krungsri.tech/oauth2/v1/token,25,0,23
1779799805135,21,Get Token,429,Too Many Requests,CreateJoint 11-2,text,false,,417,522,1,2,https://api-scuda.uat.oci.krungsri.tech/oauth2/v1/token,21,0,19
1779799805134,22,Get Token,429,Too Many Requests,UpdateIndividual 4-3,text,false,,417,522,1,2,https://api-scuda.uat.oci.krungsri.tech/oauth2/v1/token,22,0,21
1779799805213,16,Get Token,429,Too Many Requests,SearchIndividual 2-7,text,false,,417,426,1,2,https://api-scuda.uat.oci.krungsri.tech/oauth2/v1/token,16,0,14
1779799805223,21,Get Token,429,Too Many Requests,GetJoint 9-2,text,false,,417,522,1,1,https://api-scuda.uat.oci.krungsri.tech/oauth2/v1/token,21,0,20
1779799805258,17,Get Token,429,Too Many Requests,GetIndividual 1-4,text,false,,417,522,1,1,https://api-scuda.uat.oci.krungsri.tech/oauth2/v1/token,17,0,16
1779799805284,21,Get Token,429,Too Many Requests,CreateIndividual 3-2,text,false,,417,522,1,2,https://api-scuda.uat.oci.krungsri.tech/oauth2/v1/token,21,0,20
1779799805286,22,Get Token,429,Too Many Requests,SearchIndividual 2-8,text,false,,417,426,1,2,https://api-scuda.uat.oci.krungsri.tech/oauth2/v1/token,22,0,21
1779799805365,21,Get Token,429,Too Many Requests,SearchJuristic 6-2,text,false,,417,426,1,2,https://api-scuda.uat.oci.krungsri.tech/oauth2/v1/token,21,0,20
1779799805384,23,Get Token,429,Too Many Requests,GetJuristic 5-2,text,false,,417,522,1,1,https://api-scuda.uat.oci.krungsri.tech/oauth2/v1/token,23,0,22
1779799805572,22,Get Token,429,Too Many Requests,GetIndividual 1-5,text,false,,417,522,1,1,https://api-scuda.uat.oci.krungsri.tech/oauth2/v1/token,22,0,21
1779799805704,23,Get Token,429,Too Many Requests,SearchIndividual 2-9,text,false,,417,426,1,1,https://api-scuda.uat.oci.krungsri.tech/oauth2/v1/token,23,0,21
1779799805811,23,Get Token,429,Too Many Requests,CreateJuristic 7-3,text,false,,417,522,1,1,https://api-scuda.uat.oci.krungsri.tech/oauth2/v1/token,23,0,22
1779799805839,22,Get Token,429,Too Many Requests,UpdateJuristic 8-3,text,false,,417,522,1,1,https://api-scuda.uat.oci.krungsri.tech/oauth2/v1/token,22,0,21
1779799805865,11,Get Token,429,Too Many Requests,GetIndividual 1-6,text,false,,417,522,1,1,https://api-scuda.uat.oci.krungsri.tech/oauth2/v1/token,11,0,10
1779799805906,19,Get Token,429,Too Many Requests,UpdateJoint 12-3,text,false,,417,522,1,1,https://api-scuda.uat.oci.krungsri.tech/oauth2/v1/token,19,0,17
1779799805933,18,Get Token,429,Too Many Requests,SearchIndividual 2-10,text,false,,417,426,3,4,https://api-scuda.uat.oci.krungsri.tech/oauth2/v1/token,18,0,17
1779799805933,21,Get Token,429,Too Many Requests,GetJuristic 5-3,text,false,,417,522,1,5,https://api-scuda.uat.oci.krungsri.tech/oauth2/v1/token,21,0,19
1779799805948,20,Get Token,429,Too Many Requests,SearchIndividual 2-12,text,false,,417,426,2,3,https://api-scuda.uat.oci.krungsri.tech/oauth2/v1/token,20,0,19
1779799805948,22,Get Token,429,Too Many Requests,SearchIndividual 2-11,text,false,,417,426,2,3,https://api-scuda.uat.oci.krungsri.tech/oauth2/v1/token,22,0,21
1779799805952,22,Get Token,429,Too Many Requests,UpdateIndividual 4-4,text,false,,417,522,1,2,https://api-scuda.uat.oci.krungsri.tech/oauth2/v1/token,22,0,21
1779799806036,20,Get Token,429,Too Many Requests,SearchIndividual 2-13,text,false,,417,426,1,2,https://api-scuda.uat.oci.krungsri.tech/oauth2/v1/token,20,0,19
1779799806053,20,Get Token,429,Too Many Requests,GetJoint 9-3,text,false,,417,522,1,3,https://api-scuda.uat.oci.krungsri.tech/oauth2/v1/token,20,0,19
1779799806065,15,Get Token,429,Too Many Requests,SearchIndividual 2-14,text,false,,417,426,1,2,https://api-scuda.uat.oci.krungsri.tech/oauth2/v1/token,15,0,13
1779799806064,17,Get Token,429,Too Many Requests,GetIndividual 1-7,text,false,,417,522,1,2,https://api-scuda.uat.oci.krungsri.tech/oauth2/v1/token,17,0,16
1779799806122,22,Get Token,429,Too Many Requests,GetIndividual 1-8,text,false,,417,522,1,2,https://api-scuda.uat.oci.krungsri.tech/oauth2/v1/token,22,0,21
1779799806139,20,Get Token,429,Too Many Requests,SearchIndividual 2-15,text,false,,417,426,1,2,https://api-scuda.uat.oci.krungsri.tech/oauth2/v1/token,20,0,19
1779799806150,20,Get Token,429,Too Many Requests,UpdateIndividual 4-5,text,false,,417,522,1,1,https://api-scuda.uat.oci.krungsri.tech/oauth2/v1/token,20,0,18
1779799806261,22,Get Token,429,Too Many Requests,SearchJuristic 6-3,text,false,,417,426,1,1,https://api-scuda.uat.oci.krungsri.tech/oauth2/v1/token,22,0,20
1779799806298,16,Get Token,429,Too Many Requests,CreateJoint 11-3,text,false,,417,522,1,1,https://api-scuda.uat.oci.krungsri.tech/oauth2/v1/token,16,0,14
1779799806407,19,Get Token,429,Too Many Requests,SearchIndividual 2-16,text,false,,417,426,1,3,https://api-scuda.uat.oci.krungsri.tech/oauth2/v1/token,19,0,13
1779799806407,19,Get Token,429,Too Many Requests,GetIndividual 1-9,text,false,,417,522,1,3,https://api-scuda.uat.oci.krungsri.tech/oauth2/v1/token,19,0,18
1779799806409,19,Get Token,429,Too Many Requests,CreateIndividual 3-3,text,false,,417,522,1,3,https://api-scuda.uat.oci.krungsri.tech/oauth2/v1/token,19,0,17
1779799806455,31,Get Token,429,Too Many Requests,SearchJoint 10-3,text,false,,417,426,1,1,https://api-scuda.uat.oci.krungsri.tech/oauth2/v1/token,31,0,26
1779799806491,20,Get Token,429,Too Many Requests,UpdateIndividual 4-6,text,false,,417,522,1,1,https://api-scuda.uat.oci.krungsri.tech/oauth2/v1/token,20,0,18
1779799806706,24,Get Token,429,Too Many Requests,SearchIndividual 2-18,text,false,,417,426,2,2,https://api-scuda.uat.oci.krungsri.tech/oauth2/v1/token,24,0,23
1779799806690,48,Get Token,429,Too Many Requests,SearchIndividual 2-17,text,false,,417,426,1,1,https://api-scuda.uat.oci.krungsri.tech/oauth2/v1/token,48,0,41
1779799806750,69,Get Token,200,OK,UpdateJoint 12-4,text,true,,3684,522,1,3,https://api-scuda.uat.oci.krungsri.tech/oauth2/v1/token,69,0,21
1779799806764,59,Get Token,200,OK,SearchIndividual 2-19,text,true,,2894,426,3,4,https://api-scuda.uat.oci.krungsri.tech/oauth2/v1/token,59,0,23
1779799806823,44,Get Token,200,OK,SearchIndividual 2-21,text,true,,2894,426,3,7,https://api-scuda.uat.oci.krungsri.tech/oauth2/v1/token,44,0,20
1779799806812,65,Get Token,200,OK,SearchIndividual 2-20,text,true,,2894,426,3,7,https://api-scuda.uat.oci.krungsri.tech/oauth2/v1/token,65,0,13
1779799806839,20,SearchIndividual,200,OK,SearchIndividual 2-19,text,true,,1147,2602,3,6,https://api-scuda.uat.oci.krungsri.tech/ords/api/v1/customer/individual/searchprofile,19,0,0
1779799806868,12,SearchIndividual,200,OK,SearchIndividual 2-21,text,true,,1177,2602,3,7,https://api-scuda.uat.oci.krungsri.tech/ords/api/v1/customer/individual/searchprofile,12,0,0
1779799806878,11,SearchIndividual,200,OK,SearchIndividual 2-20,text,true,,1160,2601,3,7,https://api-scuda.uat.oci.krungsri.tech/ords/api/v1/customer/individual/searchprofile,11,0,0
1779799806851,57,Get Token,200,OK,GetIndividual 1-10,text,true,,3684,522,1,5,https://api-scuda.uat.oci.krungsri.tech/oauth2/v1/token,57,0,12
1779799806850,63,Get Token,200,OK,GetJoint 9-4,text,true,,3684,522,1,5,https://api-scuda.uat.oci.krungsri.tech/oauth2/v1/token,63,0,21
1779799806864,68,Get Token,200,OK,CreateJuristic 7-4,text,true,,3684,522,1,5,https://api-scuda.uat.oci.krungsri.tech/oauth2/v1/token,68,0,15
1779799806894,66,Get Token,200,OK,GetJuristic 5-4,text,true,,3684,522,1,7,https://api-scuda.uat.oci.krungsri.tech/oauth2/v1/token,66,0,18
1779799806950,54,Get Token,200,OK,UpdateJuristic 8-4,text,true,,3684,522,1,8,https://api-scuda.uat.oci.krungsri.tech/oauth2/v1/token,54,0,19
1779799806996,69,SearchIndividual,200,OK,SearchIndividual 2-22,text,true,,1233,2602,2,9,https://api-scuda.uat.oci.krungsri.tech/ords/api/v1/customer/individual/searchprofile,66,0,40
1779799807063,32,SearchIndividual,200,OK,SearchIndividual 2-23,text,true,,1183,2602,3,10,https://api-scuda.uat.oci.krungsri.tech/ords/api/v1/customer/individual/searchprofile,32,0,19
1779799807084,36,SearchIndividual,200,OK,SearchIndividual 2-24,text,true,,1213,2602,2,10,https://api-scuda.uat.oci.krungsri.tech/ords/api/v1/customer/individual/searchprofile,36,0,21
1779799807095,31,SearchIndividual,200,OK,SearchIndividual 2-25,text,true,,1127,2602,1,9,https://api-scuda.uat.oci.krungsri.tech/ords/api/v1/customer/individual/searchprofile,30,0,18
1779799807099,51,Get Token,200,OK,UpdateIndividual 4-7,text,true,,3684,522,1,8,https://api-scuda.uat.oci.krungsri.tech/oauth2/v1/token,51,0,16
1779799807202,52,Get Token,200,OK,CreateIndividual 3-4,text,true,,3684,522,1,9,https://api-scuda.uat.oci.krungsri.tech/oauth2/v1/token,52,0,14
1779799807349,57,Get Token,200,OK,SearchJoint 10-4,text,true,,2894,426,1,14,https://api-scuda.uat.oci.krungsri.tech/oauth2/v1/token,57,0,29
1779799807407,16,SearchJoint,200,OK,SearchJoint 10-4,text,true,,621,2627,1,15,https://api-scuda.uat.oci.krungsri.tech/ords/api/v1/customer/joint/searchprofile,16,0,0
1779799807423,32,SearchIndividual,200,OK,SearchIndividual 2-26,text,true,,1161,2602,1,16,https://api-scuda.uat.oci.krungsri.tech/ords/api/v1/customer/individual/searchprofile,32,0,15
1779799807424,62,Get Token,200,OK,SearchJuristic 6-4,text,true,,2894,426,1,16,https://api-scuda.uat.oci.krungsri.tech/oauth2/v1/token,62,0,22
1779799807487,26,SearchJuristic,200,OK,SearchJuristic 6-4,text,true,,987,2600,1,17,https://api-scuda.uat.oci.krungsri.tech/ords/api/v1/customer/juristic/searchprofile,26,0,0
1779799807471,56,Get Token,200,OK,CreateJoint 11-4,text,true,,3684,522,1,16,https://api-scuda.uat.oci.krungsri.tech/oauth2/v1/token,56,0,22
1779799807614,29,SearchIndividual,200,OK,SearchIndividual 2-27,text,true,,1163,2602,1,18,https://api-scuda.uat.oci.krungsri.tech/ords/api/v1/customer/individual/searchprofile,29,0,17
1779799807648,20,UpdateJoint,429,Too Many Requests,UpdateJoint 12-5,text,false,,417,3614,2,18,https://api-scuda.uat.oci.krungsri.tech/ic/api/v1/customer/joint/updateprofile,20,0,18
1779799807693,19,SearchJoint,429,Too Many Requests,SearchJoint 10-5,text,false,,417,2627,1,19,https://api-scuda.uat.oci.krungsri.tech/ords/api/v1/customer/joint/searchprofile,19,0,17
1779799807711,21,UpdateIndividual,429,Too Many Requests,UpdateIndividual 4-11,text,false,,417,5520,5,18,https://api-scuda.uat.oci.krungsri.tech/ic/api/v1/customer/individual/updateprofile,21,0,20
1779799807742,13,SearchIndividual,429,Too Many Requests,SearchIndividual 2-28,text,false,,417,2602,2,19,https://api-scuda.uat.oci.krungsri.tech/ords/api/v1/customer/individual/searchprofile,13,0,12
1779799807748,16,SearchIndividual,429,Too Many Requests,SearchIndividual 2-29,text,false,,417,2602,1,18,https://api-scuda.uat.oci.krungsri.tech/ords/api/v1/customer/individual/searchprofile,16,0,14
1779799807821,19,SearchIndividual,429,Too Many Requests,SearchIndividual 2-30,text,false,,417,2602,1,19,https://api-scuda.uat.oci.krungsri.tech/ords/api/v1/customer/individual/searchprofile,19,0,17
1779799807840,21,SearchJuristic,429,Too Many Requests,SearchJuristic 6-5,text,false,,417,2600,1,18,https://api-scuda.uat.oci.krungsri.tech/ords/api/v1/customer/juristic/searchprofile,21,0,19
1779799807924,20,SearchIndividual,429,Too Many Requests,SearchIndividual 2-31,text,false,,417,2602,1,19,https://api-scuda.uat.oci.krungsri.tech/ords/api/v1/customer/individual/searchprofile,20,0,18
1779799807945,17,UpdateIndividual,429,Too Many Requests,UpdateIndividual 4-12,text,false,,417,4229,5,18,https://api-scuda.uat.oci.krungsri.tech/ic/api/v1/customer/individual/updateprofile,17,0,15
1779799807968,22,SearchIndividual,429,Too Many Requests,SearchIndividual 2-32,text,false,,417,2602,1,19,https://api-scuda.uat.oci.krungsri.tech/ords/api/v1/customer/individual/searchprofile,22,0,20
1779799807975,20,CreateIndividual,429,Too Many Requests,CreateIndividual 3-5,text,false,,417,8119,2,18,https://api-scuda.uat.oci.krungsri.tech/ic/api/v1/customer/individual/createprofile,19,0,18
1779799808017,19,UpdateIndividual,429,Too Many Requests,UpdateIndividual 4-13,text,false,,417,5666,5,19,https://api-scuda.uat.oci.krungsri.tech/ic/api/v1/customer/individual/updateprofile,19,0,18
1779799808022,31,GetIndividual,429,Too Many Requests,GetIndividual 1-16,text,false,,417,3588,7,20,https://api-scuda.uat.oci.krungsri.tech/ic/api/v1/customer/individual/getprofile,31,0,25
1779799808052,18,SearchIndividual,429,Too Many Requests,SearchIndividual 2-33,text,false,,417,2602,1,19,https://api-scuda.uat.oci.krungsri.tech/ords/api/v1/customer/individual/searchprofile,18,0,13
1779799808057,22,UpdateJuristic,429,Too Many Requests,UpdateJuristic 8-5,text,false,,417,4430,2,18,https://api-scuda.uat.oci.krungsri.tech/ic/api/v1/customer/juristic/updateprofile,22,0,20
1779799808083,19,SearchIndividual,429,Too Many Requests,SearchIndividual 2-34,text,false,,417,2602,1,18,https://api-scuda.uat.oci.krungsri.tech/ords/api/v1/customer/individual/searchprofile,19,0,17
1779799808108,19,GetIndividual,429,Too Many Requests,GetIndividual 1-17,text,false,,417,3587,7,19,https://api-scuda.uat.oci.krungsri.tech/ic/api/v1/customer/individual/getprofile,19,0,18
1779799808125,19,GetJoint,429,Too Many Requests,GetJoint 9-5,text,false,,417,3530,2,18,https://api-scuda.uat.oci.krungsri.tech/ic/api/v1/customer/joint/getprofile,19,0,18
1779799808147,36,SearchIndividual,200,OK,SearchIndividual 2-35,text,true,,1169,2602,2,20,https://api-scuda.uat.oci.krungsri.tech/ords/api/v1/customer/individual/searchprofile,36,0,17
1779799808172,28,SearchIndividual,200,OK,SearchIndividual 2-36,text,true,,1199,2602,1,19,https://api-scuda.uat.oci.krungsri.tech/ords/api/v1/customer/individual/searchprofile,28,0,16
1779799808255,22,GetIndividual,429,Too Many Requests,GetIndividual 1-18,text,false,,417,3588,7,19,https://api-scuda.uat.oci.krungsri.tech/ic/api/v1/customer/individual/getprofile,22,0,20
1779799808324,29,SearchIndividual,200,OK,SearchIndividual 2-37,text,true,,1193,2602,1,20,https://api-scuda.uat.oci.krungsri.tech/ords/api/v1/customer/individual/searchprofile,29,0,14
1779799808490,30,SearchIndividual,200,OK,SearchIndividual 2-38,text,true,,1179,2602,1,23,https://api-scuda.uat.oci.krungsri.tech/ords/api/v1/customer/individual/searchprofile,30,0,19
1779799808601,38,SearchIndividual,200,OK,SearchIndividual 2-39,text,true,,1149,2602,1,28,https://api-scuda.uat.oci.krungsri.tech/ords/api/v1/customer/individual/searchprofile,38,0,22
1779799808708,30,SearchIndividual,200,OK,SearchIndividual 2-40,text,true,,1095,2602,1,30,https://api-scuda.uat.oci.krungsri.tech/ords/api/v1/customer/individual/searchprofile,30,0,18
1779799808776,25,SearchIndividual,200,OK,SearchIndividual 2-41,text,true,,1171,2602,1,31,https://api-scuda.uat.oci.krungsri.tech/ords/api/v1/customer/individual/searchprofile,24,0,14
1779799808841,25,SearchIndividual,200,OK,SearchIndividual 2-43,text,true,,1183,2602,4,37,https://api-scuda.uat.oci.krungsri.tech/ords/api/v1/customer/individual/searchprofile,25,0,15
1779799808841,30,SearchIndividual,200,OK,SearchIndividual 2-42,text,true,,1227,2602,3,36,https://api-scuda.uat.oci.krungsri.tech/ords/api/v1/customer/individual/searchprofile,30,0,19
1779799808864,32,SearchIndividual,200,OK,SearchIndividual 2-44,text,true,,1143,2602,2,36,https://api-scuda.uat.oci.krungsri.tech/ords/api/v1/customer/individual/searchprofile,31,0,21
1779799808867,32,SearchIndividual,200,OK,SearchIndividual 2-45,text,true,,1199,2602,1,35,https://api-scuda.uat.oci.krungsri.tech/ords/api/v1/customer/individual/searchprofile,32,0,22
1779799808911,29,SearchIndividual,200,OK,SearchIndividual 2-46,text,true,,1175,2602,1,35,https://api-scuda.uat.oci.krungsri.tech/ords/api/v1/customer/individual/searchprofile,29,0,17
1779799808976,30,SearchIndividual,200,OK,SearchIndividual 2-47,text,true,,1197,2602,1,36,https://api-scuda.uat.oci.krungsri.tech/ords/api/v1/customer/individual/searchprofile,30,0,19
1779799808987,39,SearchJoint,200,OK,SearchJoint 10-6,text,true,,620,2626,1,35,https://api-scuda.uat.oci.krungsri.tech/ords/api/v1/customer/joint/searchprofile,39,0,24
1779799809105,28,SearchIndividual,200,OK,SearchIndividual 2-48,text,true,,1179,2602,2,41,https://api-scuda.uat.oci.krungsri.tech/ords/api/v1/customer/individual/searchprofile,28,0,16
1779799809117,50,SearchIndividual,200,OK,SearchIndividual 2-49,text,true,,1199,2602,1,40,https://api-scuda.uat.oci.krungsri.tech/ords/api/v1/customer/individual/searchprofile,50,0,34
1779799809242,38,SearchIndividual,200,OK,SearchIndividual 2-50,text,true,,1149,2600,1,44,https://api-scuda.uat.oci.krungsri.tech/ords/api/v1/customer/individual/searchprofile,37,0,26
1779799809300,31,SearchIndividual,200,OK,SearchIndividual 2-51,text,true,,1137,2602,1,45,https://api-scuda.uat.oci.krungsri.tech/ords/api/v1/customer/individual/searchprofile,30,0,19
1779799809383,36,SearchIndividual,200,OK,SearchIndividual 2-52,text,true,,1206,2601,1,47,https://api-scuda.uat.oci.krungsri.tech/ords/api/v1/customer/individual/searchprofile,35,0,16
1779799809432,33,SearchJuristic,200,OK,SearchJuristic 6-6,text,true,,999,2600,1,47,https://api-scuda.uat.oci.krungsri.tech/ords/api/v1/customer/juristic/searchprofile,32,0,18
1779799809491,49,SearchIndividual,200,OK,SearchIndividual 2-53,text,true,,1132,2601,1,49,https://api-scuda.uat.oci.krungsri.tech/ords/api/v1/customer/individual/searchprofile,49,0,32
1779799809589,27,SearchIndividual,200,OK,SearchIndividual 2-54,text,true,,1175,2602,2,50,https://api-scuda.uat.oci.krungsri.tech/ords/api/v1/customer/individual/searchprofile,26,0,15
1779799809611,34,SearchIndividual,200,OK,SearchIndividual 2-55,text,true,,1207,2602,2,51,https://api-scuda.uat.oci.krungsri.tech/ords/api/v1/customer/individual/searchprofile,34,0,22
1779799809644,33,SearchIndividual,200,OK,SearchIndividual 2-56,text,true,,1201,2602,3,52,https://api-scuda.uat.oci.krungsri.tech/ords/api/v1/customer/individual/searchprofile,33,0,20
1779799809674,23,SearchIndividual,200,OK,SearchIndividual 2-58,text,true,,1139,2602,3,53,https://api-scuda.uat.oci.krungsri.tech/ords/api/v1/customer/individual/searchprofile,23,0,13
1779799809644,53,SearchJoint,200,OK,SearchJoint 10-7,text,true,,621,2627,1,53,https://api-scuda.uat.oci.krungsri.tech/ords/api/v1/customer/joint/searchprofile,53,0,42
1779799809673,27,SearchIndividual,200,OK,SearchIndividual 2-57,text,true,,1201,2602,3,53,https://api-scuda.uat.oci.krungsri.tech/ords/api/v1/customer/individual/searchprofile,27,0,15
1779799809686,21,SearchIndividual,200,OK,SearchIndividual 2-59,text,true,,1189,2602,2,52,https://api-scuda.uat.oci.krungsri.tech/ords/api/v1/customer/individual/searchprofile,20,0,10
1779799809698,42,SearchIndividual,200,OK,SearchIndividual 2-60,text,true,,1110,2601,2,52,https://api-scuda.uat.oci.krungsri.tech/ords/api/v1/customer/individual/searchprofile,42,0,25
1779799809739,32,SearchIndividual,200,OK,SearchIndividual 2-61,text,true,,1213,2602,1,52,https://api-scuda.uat.oci.krungsri.tech/ords/api/v1/customer/individual/searchprofile,31,0,14
1779799809828,40,SearchIndividual,200,OK,SearchIndividual 2-62,text,true,,1159,2602,1,53,https://api-scuda.uat.oci.krungsri.tech/ords/api/v1/customer/individual/searchprofile,40,0,24
1779799809927,32,SearchIndividual,200,OK,SearchIndividual 2-63,text,true,,1155,2602,2,55,https://api-scuda.uat.oci.krungsri.tech/ords/api/v1/customer/individual/searchprofile,32,0,16
1779799809936,30,SearchIndividual,200,OK,SearchIndividual 2-64,text,true,,1145,2602,1,55,https://api-scuda.uat.oci.krungsri.tech/ords/api/v1/customer/individual/searchprofile,30,0,18
1779799809988,29,SearchIndividual,200,OK,SearchIndividual 2-65,text,true,,1177,2602,2,58,https://api-scuda.uat.oci.krungsri.tech/ords/api/v1/customer/individual/searchprofile,29,0,17
1779799810015,34,SearchIndividual,200,OK,SearchIndividual 2-66,text,true,,1189,2602,2,59,https://api-scuda.uat.oci.krungsri.tech/ords/api/v1/customer/individual/searchprofile,34,0,21
1779799810028,30,SearchIndividual,200,OK,SearchIndividual 2-67,text,true,,1163,2602,1,59,https://api-scuda.uat.oci.krungsri.tech/ords/api/v1/customer/individual/searchprofile,29,0,18
1779799810009,58,SearchJuristic,200,OK,SearchJuristic 6-7,text,true,,982,2600,1,58,https://api-scuda.uat.oci.krungsri.tech/ords/api/v1/customer/juristic/searchprofile,58,0,15
1779799808835,1236,GetIndividual,200,OK,GetIndividual 1-27,text,true,,3833,3588,21,57,https://api-scuda.uat.oci.krungsri.tech/ic/api/v1/customer/individual/getprofile,1236,0,20
1779799810167,27,SearchIndividual,200,OK,SearchIndividual 2-68,text,true,,1155,2602,1,60,https://api-scuda.uat.oci.krungsri.tech/ords/api/v1/customer/individual/searchprofile,27,0,11
1779799810365,43,SearchIndividual,200,OK,SearchIndividual 2-69,text,true,,1159,2602,1,66,https://api-scuda.uat.oci.krungsri.tech/ords/api/v1/customer/individual/searchprofile,42,0,15
1779799810487,45,SearchIndividual,200,OK,SearchIndividual 2-70,text,true,,1177,2602,1,72,https://api-scuda.uat.oci.krungsri.tech/ords/api/v1/customer/individual/searchprofile,45,0,26
1779799810594,35,SearchIndividual,200,OK,SearchIndividual 2-71,text,true,,1199,2602,4,77,https://api-scuda.uat.oci.krungsri.tech/ords/api/v1/customer/individual/searchprofile,35,0,23
1779799810606,29,SearchIndividual,200,OK,SearchIndividual 2-72,text,true,,1183,2602,3,76,https://api-scuda.uat.oci.krungsri.tech/ords/api/v1/customer/individual/searchprofile,29,0,18
1779799810614,26,SearchIndividual,200,OK,SearchIndividual 2-73,text,true,,1157,2602,2,75,https://api-scuda.uat.oci.krungsri.tech/ords/api/v1/customer/individual/searchprofile,26,0,15
1779799810614,27,SearchIndividual,200,OK,SearchIndividual 2-74,text,true,,1191,2602,1,74,https://api-scuda.uat.oci.krungsri.tech/ords/api/v1/customer/individual/searchprofile,27,0,16
1779799810682,31,SearchIndividual,200,OK,SearchIndividual 2-75,text,true,,1185,2602,1,75,https://api-scuda.uat.oci.krungsri.tech/ords/api/v1/customer/individual/searchprofile,31,0,20
1779799810744,31,SearchIndividual,200,OK,SearchIndividual 2-76,text,true,,1199,2602,2,78,https://api-scuda.uat.oci.krungsri.tech/ords/api/v1/customer/individual/searchprofile,31,0,16
1779799810761,39,SearchIndividual,200,OK,SearchIndividual 2-77,text,true,,1143,2602,1,78,https://api-scuda.uat.oci.krungsri.tech/ords/api/v1/customer/individual/searchprofile,39,0,21
1779799810835,24,SearchJoint,200,OK,SearchJoint 10-8,text,true,,621,2627,1,79,https://api-scuda.uat.oci.krungsri.tech/ords/api/v1/customer/joint/searchprofile,24,0,11
1779799810457,487,GetIndividual,200,OK,GetIndividual 1-40,text,true,,3860,3588,31,83,https://api-scuda.uat.oci.krungsri.tech/ic/api/v1/customer/individual/getprofile,487,0,18
1779799810516,434,GetIndividual,200,OK,GetIndividual 1-41,text,true,,3867,3588,30,82,https://api-scuda.uat.oci.krungsri.tech/ic/api/v1/customer/individual/getprofile,434,0,23
1779799810918,39,SearchIndividual,200,OK,SearchIndividual 2-78,text,true,,1165,2602,2,81,https://api-scuda.uat.oci.krungsri.tech/ords/api/v1/customer/individual/searchprofile,39,0,19
1779799808597,2360,UpdateJuristic,200,OK,UpdateJuristic 8-6,text,true,,800,4428,4,81,https://api-scuda.uat.oci.krungsri.tech/ic/api/v1/customer/juristic/updateprofile,2360,0,17
1779799810932,35,SearchIndividual,200,OK,SearchIndividual 2-79,text,true,,1159,2602,1,80,https://api-scuda.uat.oci.krungsri.tech/ords/api/v1/customer/individual/searchprofile,35,0,22
1779799810976,30,SearchIndividual,200,OK,SearchIndividual 2-80,text,true,,1197,2602,2,83,https://api-scuda.uat.oci.krungsri.tech/ords/api/v1/customer/individual/searchprofile,30,0,17
1779799810984,25,SearchIndividual,200,OK,SearchIndividual 2-81,text,true,,1145,2602,1,82,https://api-scuda.uat.oci.krungsri.tech/ords/api/v1/customer/individual/searchprofile,25,0,13
1779799811034,64,SearchIndividual,200,OK,SearchIndividual 2-82,text,true,,1175,2602,1,85,https://api-scuda.uat.oci.krungsri.tech/ords/api/v1/customer/individual/searchprofile,64,0,50
1779799811109,38,SearchIndividual,200,OK,SearchIndividual 2-83,text,true,,1189,2602,1,85,https://api-scuda.uat.oci.krungsri.tech/ords/api/v1/customer/individual/searchprofile,38,0,17
1779799811170,33,SearchIndividual,200,OK,SearchIndividual 2-84,text,true,,1187,2602,1,86,https://api-scuda.uat.oci.krungsri.tech/ords/api/v1/customer/individual/searchprofile,33,0,18
1779799808161,3088,GetJuristic,200,OK,GetJuristic 5-5,text,true,,3442,3533,5,85,https://api-scuda.uat.oci.krungsri.tech/ic/api/v1/customer/juristic/getprofile,3088,0,19
1779799808806,2445,GetIndividual,200,OK,GetIndividual 1-25,text,true,,3809,3588,33,85,https://api-scuda.uat.oci.krungsri.tech/ic/api/v1/customer/individual/getprofile,2445,0,20
1779799809485,1769,GetIndividual,200,OK,GetIndividual 1-31,text,true,,3853,3588,32,84,https://api-scuda.uat.oci.krungsri.tech/ic/api/v1/customer/individual/getprofile,1769,0,13
1779799809251,2095,UpdateJoint,200,OK,UpdateJoint 12-6,text,true,,800,3614,4,87,https://api-scuda.uat.oci.krungsri.tech/ic/api/v1/customer/joint/updateprofile,2095,0,19
1779799811311,54,SearchIndividual,200,OK,SearchIndividual 2-85,text,true,,1135,2602,3,87,https://api-scuda.uat.oci.krungsri.tech/ords/api/v1/customer/individual/searchprofile,53,0,20
1779799811311,55,SearchIndividual,200,OK,SearchIndividual 2-86,text,true,,1099,2602,2,86,https://api-scuda.uat.oci.krungsri.tech/ords/api/v1/customer/individual/searchprofile,55,0,31
1779799811328,50,SearchIndividual,200,OK,SearchIndividual 2-87,text,true,,1177,2602,1,86,https://api-scuda.uat.oci.krungsri.tech/ords/api/v1/customer/individual/searchprofile,50,0,32
1779799811417,23,SearchIndividual,200,OK,SearchIndividual 2-88,text,true,,1169,2602,1,87,https://api-scuda.uat.oci.krungsri.tech/ords/api/v1/customer/individual/searchprofile,22,0,12
1779799810487,967,GetJoint,200,OK,GetJoint 9-7,text,true,,1431,3530,4,86,https://api-scuda.uat.oci.krungsri.tech/ic/api/v1/customer/joint/getprofile,967,0,30
1779799811469,49,SearchJuristic,200,OK,SearchJuristic 6-8,text,true,,1005,2600,1,89,https://api-scuda.uat.oci.krungsri.tech/ords/api/v1/customer/juristic/searchprofile,49,0,25
1779799811537,34,SearchIndividual,200,OK,SearchIndividual 2-89,text,true,,1097,2602,1,91,https://api-scuda.uat.oci.krungsri.tech/ords/api/v1/customer/individual/searchprofile,33,0,20
1779799811583,37,SearchIndividual,200,OK,SearchIndividual 2-90,text,true,,1217,2602,2,93,https://api-scuda.uat.oci.krungsri.tech/ords/api/v1/customer/individual/searchprofile,37,0,23
1779799811601,35,SearchIndividual,200,OK,SearchIndividual 2-91,text,true,,1157,2602,1,92,https://api-scuda.uat.oci.krungsri.tech/ords/api/v1/customer/individual/searchprofile,35,0,21
1779799811756,35,SearchIndividual,200,OK,SearchIndividual 2-92,text,true,,1231,2602,2,98,https://api-scuda.uat.oci.krungsri.tech/ords/api/v1/customer/individual/searchprofile,35,0,15
1779799811774,31,SearchIndividual,200,OK,SearchIndividual 2-93,text,true,,1209,2602,2,99,https://api-scuda.uat.oci.krungsri.tech/ords/api/v1/customer/individual/searchprofile,31,0,20
1779799809419,2432,GetJuristic,200,OK,GetJuristic 5-6,text,true,,3522,3533,5,98,https://api-scuda.uat.oci.krungsri.tech/ic/api/v1/customer/juristic/getprofile,2432,0,19
1779799811797,61,SearchIndividual,200,OK,SearchIndividual 2-94,text,true,,1123,2602,1,97,https://api-scuda.uat.oci.krungsri.tech/ords/api/v1/customer/individual/searchprofile,61,0,37
1779799809234,2656,GetIndividual,200,OK,GetIndividual 1-29,text,true,,3889,3588,39,98,https://api-scuda.uat.oci.krungsri.tech/ic/api/v1/customer/individual/getprofile,2656,0,23
1779799811412,524,GetIndividual,200,OK,GetIndividual 1-51,text,true,,3843,3588,38,98,https://api-scuda.uat.oci.krungsri.tech/ic/api/v1/customer/individual/getprofile,524,0,27
1779799810037,1905,GetIndividual,200,OK,GetIndividual 1-33,text,true,,3774,3588,37,97,https://api-scuda.uat.oci.krungsri.tech/ic/api/v1/customer/individual/getprofile,1905,0,12
1779799811948,42,SearchIndividual,200,OK,SearchIndividual 2-95,text,true,,1249,2602,3,100,https://api-scuda.uat.oci.krungsri.tech/ords/api/v1/customer/individual/searchprofile,41,0,20
1779799811957,56,SearchIndividual,200,OK,SearchIndividual 2-96,text,true,,1197,2600,2,100,https://api-scuda.uat.oci.krungsri.tech/ords/api/v1/customer/individual/searchprofile,56,0,29
1779799811978,40,SearchIndividual,200,OK,SearchIndividual 2-97,text,true,,1207,2602,1,100,https://api-scuda.uat.oci.krungsri.tech/ords/api/v1/customer/individual/searchprofile,39,0,21
1779799810966,1073,GetIndividual,200,OK,GetIndividual 1-45,text,true,,3893,3588,36,101,https://api-scuda.uat.oci.krungsri.tech/ic/api/v1/customer/individual/getprofile,1073,0,13
1779799812037,41,SearchIndividual,200,OK,SearchIndividual 2-98,text,true,,1134,2601,2,104,https://api-scuda.uat.oci.krungsri.tech/ords/api/v1/customer/individual/searchprofile,40,0,11
1779799812086,31,SearchIndividual,200,OK,SearchIndividual 2-100,text,true,,1173,2602,2,105,https://api-scuda.uat.oci.krungsri.tech/ords/api/v1/customer/individual/searchprofile,31,0,18
1779799812058,66,SearchIndividual,200,OK,SearchIndividual 2-99,text,true,,1143,2602,2,105,https://api-scuda.uat.oci.krungsri.tech/ords/api/v1/customer/individual/searchprofile,66,0,26
1779799808527,3612,GetIndividual,200,OK,GetIndividual 1-20,text,true,,3823,3588,37,104,https://api-scuda.uat.oci.krungsri.tech/ic/api/v1/customer/individual/getprofile,3612,0,28
1779799811665,475,GetIndividual,200,OK,GetIndividual 1-54,text,true,,3895,3588,36,103,https://api-scuda.uat.oci.krungsri.tech/ic/api/v1/customer/individual/getprofile,475,0,26
1779799812121,66,SearchIndividual,200,OK,SearchIndividual 2-101,text,true,,1190,2601,2,105,https://api-scuda.uat.oci.krungsri.tech/ords/api/v1/customer/individual/searchprofile,66,0,18
1779799812145,51,SearchIndividual,200,OK,SearchIndividual 2-102,text,true,,1197,2602,1,105,https://api-scuda.uat.oci.krungsri.tech/ords/api/v1/customer/individual/searchprofile,51,0,28
1779799812164,45,SearchJoint,200,OK,SearchJoint 10-9,text,true,,621,2627,1,106,https://api-scuda.uat.oci.krungsri.tech/ords/api/v1/customer/joint/searchprofile,44,0,28
1779799811310,927,GetIndividual,200,OK,GetIndividual 1-49,text,true,,3871,3588,37,105,https://api-scuda.uat.oci.krungsri.tech/ic/api/v1/customer/individual/getprofile,927,0,25
1779799812200,61,SearchIndividual,200,OK,SearchIndividual 2-103,text,true,,1222,2601,2,104,https://api-scuda.uat.oci.krungsri.tech/ords/api/v1/customer/individual/searchprofile,61,0,25
1779799812204,60,SearchIndividual,200,OK,SearchIndividual 2-104,text,true,,1193,2602,1,103,https://api-scuda.uat.oci.krungsri.tech/ords/api/v1/customer/individual/searchprofile,60,0,21
1779799812270,38,SearchJuristic,200,OK,SearchJuristic 6-9,text,true,,993,2600,1,103,https://api-scuda.uat.oci.krungsri.tech/ords/api/v1/customer/juristic/searchprofile,38,0,20
1779799812312,50,SearchIndividual,200,OK,SearchIndividual 2-105,text,true,,1159,2602,2,106,https://api-scuda.uat.oci.krungsri.tech/ords/api/v1/customer/individual/searchprofile,50,0,19
1779799812059,322,GetIndividual,200,OK,GetIndividual 1-57,text,true,,3856,3588,37,106,https://api-scuda.uat.oci.krungsri.tech/ic/api/v1/customer/individual/getprofile,322,0,20
1779799812355,31,SearchIndividual,200,OK,SearchIndividual 2-106,text,true,,1147,2602,1,105,https://api-scuda.uat.oci.krungsri.tech/ords/api/v1/customer/individual/searchprofile,31,0,18
1779799812387,30,SearchIndividual,200,OK,SearchIndividual 2-107,text,true,,1203,2602,1,105,https://api-scuda.uat.oci.krungsri.tech/ords/api/v1/customer/individual/searchprofile,30,0,18
1779799810590,1850,GetIndividual,200,OK,GetIndividual 1-42,text,true,,3792,3588,36,105,https://api-scuda.uat.oci.krungsri.tech/ic/api/v1/customer/individual/getprofile,1850,0,28
1779799811512,929,GetIndividual,200,OK,GetIndividual 1-53,text,true,,3866,3588,35,104,https://api-scuda.uat.oci.krungsri.tech/ic/api/v1/customer/individual/getprofile,929,0,23
1779799811027,1415,GetIndividual,200,OK,GetIndividual 1-47,text,true,,3854,3588,35,104,https://api-scuda.uat.oci.krungsri.tech/ic/api/v1/customer/individual/getprofile,1415,0,15
1779799808809,3646,GetIndividual,200,OK,GetIndividual 1-26,text,true,,3865,3588,33,103,https://api-scuda.uat.oci.krungsri.tech/ic/api/v1/customer/individual/getprofile,3646,0,21
1779799812466,48,SearchIndividual,200,OK,SearchIndividual 2-109,text,true,,1171,2602,3,106,https://api-scuda.uat.oci.krungsri.tech/ords/api/v1/customer/individual/searchprofile,47,0,19
1779799812453,76,SearchIndividual,200,OK,SearchIndividual 2-108,text,true,,1171,2602,2,106,https://api-scuda.uat.oci.krungsri.tech/ords/api/v1/customer/individual/searchprofile,75,0,24
1779799812509,38,SearchIndividual,200,OK,SearchIndividual 2-110,text,true,,1203,2602,1,106,https://api-scuda.uat.oci.krungsri.tech/ords/api/v1/customer/individual/searchprofile,37,0,13
1779799808368,4194,GetIndividual,200,OK,GetIndividual 1-19,text,true,,3889,3588,37,107,https://api-scuda.uat.oci.krungsri.tech/ic/api/v1/customer/individual/getprofile,4194,0,19
1779799811463,1100,GetIndividual,200,OK,GetIndividual 1-52,text,true,,3846,3588,37,107,https://api-scuda.uat.oci.krungsri.tech/ic/api/v1/customer/individual/getprofile,1100,0,22
1779799810376,2187,UpdateIndividual,200,OK,UpdateIndividual 4-28,text,true,,800,4228,36,106,https://api-scuda.uat.oci.krungsri.tech/ic/api/v1/customer/individual/updateprofile,2187,0,17
1779799809063,3500,UpdateIndividual,200,OK,UpdateIndividual 4-17,text,true,,799,5594,36,106,https://api-scuda.uat.oci.krungsri.tech/ic/api/v1/customer/individual/updateprofile,3500,0,19
1779799810145,2420,GetIndividual,200,OK,GetIndividual 1-34,text,true,,3865,3588,35,103,https://api-scuda.uat.oci.krungsri.tech/ic/api/v1/customer/individual/getprofile,2420,0,22
1779799812554,33,SearchIndividual,200,OK,SearchIndividual 2-111,text,true,,1166,2601,1,102,https://api-scuda.uat.oci.krungsri.tech/ords/api/v1/customer/individual/searchprofile,33,0,15
1779799812322,329,GetIndividual,200,OK,GetIndividual 1-61,text,true,,3845,3588,35,105,https://api-scuda.uat.oci.krungsri.tech/ic/api/v1/customer/individual/getprofile,329,0,58
1779799812599,63,SearchIndividual,200,OK,SearchIndividual 2-112,text,true,,1217,2602,2,104,https://api-scuda.uat.oci.krungsri.tech/ords/api/v1/customer/individual/searchprofile,63,0,18
1779799812635,78,SearchIndividual,200,OK,SearchIndividual 2-113,text,true,,1167,2602,2,105,https://api-scuda.uat.oci.krungsri.tech/ords/api/v1/customer/individual/searchprofile,78,0,35
1779799810189,2563,UpdateIndividual,200,OK,UpdateIndividual 4-26,text,true,,800,4228,36,108,https://api-scuda.uat.oci.krungsri.tech/ic/api/v1/customer/individual/updateprofile,2563,0,20
1779799812707,63,SearchIndividual,200,OK,SearchIndividual 2-114,text,true,,1175,2602,3,108,https://api-scuda.uat.oci.krungsri.tech/ords/api/v1/customer/individual/searchprofile,63,0,29
1779799812737,58,SearchIndividual,200,OK,SearchIndividual 2-115,text,true,,1171,2602,3,108,https://api-scuda.uat.oci.krungsri.tech/ords/api/v1/customer/individual/searchprofile,58,0,31
1779799812759,39,SearchIndividual,200,OK,SearchIndividual 2-116,text,true,,1209,2602,2,107,https://api-scuda.uat.oci.krungsri.tech/ords/api/v1/customer/individual/searchprofile,39,0,22
1779799812789,47,SearchIndividual,200,OK,SearchIndividual 2-117,text,true,,1175,2602,1,108,https://api-scuda.uat.oci.krungsri.tech/ords/api/v1/customer/individual/searchprofile,47,0,22
1779799811597,1242,GetJuristic,200,OK,GetJuristic 5-9,text,true,,3515,3533,4,107,https://api-scuda.uat.oci.krungsri.tech/ic/api/v1/customer/juristic/getprofile,1242,0,22
1779799811376,1472,GetIndividual,200,OK,GetIndividual 1-50,text,true,,3886,3588,36,106,https://api-scuda.uat.oci.krungsri.tech/ic/api/v1/customer/individual/getprofile,1472,0,21
1779799811924,924,UpdateIndividual,200,OK,UpdateIndividual 4-38,text,true,,800,4228,36,106,https://api-scuda.uat.oci.krungsri.tech/ic/api/v1/customer/individual/updateprofile,924,0,14
1779799808566,4284,UpdateIndividual,200,OK,UpdateIndividual 4-15,text,true,,800,4226,35,105,https://api-scuda.uat.oci.krungsri.tech/ic/api/v1/customer/individual/updateprofile,4284,0,19
1779799811569,1282,UpdateIndividual,200,OK,UpdateIndividual 4-36,text,true,,799,5595,34,104,https://api-scuda.uat.oci.krungsri.tech/ic/api/v1/customer/individual/updateprofile,1282,0,19
1779799812829,29,SearchJoint,200,OK,SearchJoint 10-10,text,true,,621,2627,1,103,https://api-scuda.uat.oci.krungsri.tech/ords/api/v1/customer/joint/searchprofile,29,0,16
1779799810752,2118,UpdateIndividual,200,OK,UpdateIndividual 4-30,text,true,,799,4226,33,102,https://api-scuda.uat.oci.krungsri.tech/ic/api/v1/customer/individual/updateprofile,2118,0,17
1779799812897,38,SearchIndividual,200,OK,SearchIndividual 2-118,text,true,,1149,2602,1,104,https://api-scuda.uat.oci.krungsri.tech/ords/api/v1/customer/individual/searchprofile,38,0,18
1779799810987,1960,UpdateIndividual,200,OK,UpdateIndividual 4-32,text,true,,800,4228,34,103,https://api-scuda.uat.oci.krungsri.tech/ic/api/v1/customer/individual/updateprofile,1960,0,24
1779799809541,3408,UpdateIndividual,200,OK,UpdateIndividual 4-21,text,true,,800,4227,33,102,https://api-scuda.uat.oci.krungsri.tech/ic/api/v1/customer/individual/updateprofile,3408,0,21
1779799810055,2908,CreateJoint,200,OK,CreateJoint 11-7,text,true,,1772,5876,6,101,https://api-scuda.uat.oci.krungsri.tech/ic/api/v1/customer/joint/createprofile,2908,0,21
1779799812986,33,SearchIndividual,200,OK,SearchIndividual 2-119,text,true,,1131,2602,2,103,https://api-scuda.uat.oci.krungsri.tech/ords/api/v1/customer/individual/searchprofile,32,0,16
1779799807399,5648,UpdateIndividual,200,OK,UpdateIndividual 4-10,text,true,,800,4229,32,102,https://api-scuda.uat.oci.krungsri.tech/ic/api/v1/customer/individual/updateprofile,5648,0,18
1779799812495,554,GetIndividual,200,OK,GetIndividual 1-62,text,true,,3855,3588,36,101,https://api-scuda.uat.oci.krungsri.tech/ic/api/v1/customer/individual/getprofile,554,0,30
1779799813009,48,SearchIndividual,200,OK,SearchIndividual 2-120,text,true,,1187,2602,1,100,https://api-scuda.uat.oci.krungsri.tech/ords/api/v1/customer/individual/searchprofile,48,0,23
1779799811086,1999,UpdateIndividual,200,OK,UpdateIndividual 4-33,text,true,,800,5636,31,100,https://api-scuda.uat.oci.krungsri.tech/ic/api/v1/customer/individual/updateprofile,1999,0,17
1779799813179,40,SearchIndividual,200,OK,SearchIndividual 2-121,text,true,,1107,2602,1,105,https://api-scuda.uat.oci.krungsri.tech/ords/api/v1/customer/individual/searchprofile,40,0,20
1779799812503,745,GetIndividual,200,OK,GetIndividual 1-63,text,true,,3869,3588,38,105,https://api-scuda.uat.oci.krungsri.tech/ic/api/v1/customer/individual/getprofile,745,0,12
1779799810663,2673,UpdateIndividual,200,OK,UpdateIndividual 4-29,text,true,,800,4231,33,112,https://api-scuda.uat.oci.krungsri.tech/ic/api/v1/customer/individual/updateprofile,2673,0,20
1779799810369,3005,UpdateJoint,200,OK,UpdateJoint 12-7,text,true,,800,4579,5,113,https://api-scuda.uat.oci.krungsri.tech/ic/api/v1/customer/joint/updateprofile,3005,0,18
1779799813241,192,SearchIndividual,200,OK,SearchIndividual 2-122,text,true,,1203,2602,10,113,https://api-scuda.uat.oci.krungsri.tech/ords/api/v1/customer/individual/searchprofile,192,0,24
1779799813336,99,SearchIndividual,200,OK,SearchIndividual 2-128,text,true,,1235,2602,10,113,https://api-scuda.uat.oci.krungsri.tech/ords/api/v1/customer/individual/searchprofile,99,0,35
1779799813320,117,SearchIndividual,200,OK,SearchIndividual 2-125,text,true,,1179,2602,9,112,https://api-scuda.uat.oci.krungsri.tech/ords/api/v1/customer/individual/searchprofile,117,0,10
1779799813274,164,SearchIndividual,200,OK,SearchIndividual 2-124,text,true,,1181,2600,8,111,https://api-scuda.uat.oci.krungsri.tech/ords/api/v1/customer/individual/searchprofile,163,0,22
1779799811000,2439,GetIndividual,200,OK,GetIndividual 1-46,text,true,,3818,3588,38,110,https://api-scuda.uat.oci.krungsri.tech/ic/api/v1/customer/individual/getprofile,2439,0,17
1779799813353,94,SearchIndividual,200,OK,SearchIndividual 2-129,text,true,,1127,2602,7,110,https://api-scuda.uat.oci.krungsri.tech/ords/api/v1/customer/individual/searchprofile,94,0,25
1779799812191,1258,GetIndividual,200,OK,GetIndividual 1-60,text,true,,3843,3588,37,109,https://api-scuda.uat.oci.krungsri.tech/ic/api/v1/customer/individual/getprofile,1258,0,30
1779799812521,928,GetIndividual,200,OK,GetIndividual 1-64,text,true,,3926,3588,37,109,https://api-scuda.uat.oci.krungsri.tech/ic/api/v1/customer/individual/getprofile,928,0,17
1779799813331,120,SearchIndividual,200,OK,SearchIndividual 2-127,text,true,,1201,2602,6,107,https://api-scuda.uat.oci.krungsri.tech/ords/api/v1/customer/individual/searchprofile,120,0,18
1779799813260,197,SearchIndividual,200,OK,SearchIndividual 2-123,text,true,,1179,2602,5,106,https://api-scuda.uat.oci.krungsri.tech/ords/api/v1/customer/individual/searchprofile,193,0,18
1779799813360,105,SearchIndividual,200,OK,SearchIndividual 2-130,text,true,,1201,2602,5,107,https://api-scuda.uat.oci.krungsri.tech/ords/api/v1/customer/individual/searchprofile,101,0,25
1779799813393,76,SearchIndividual,200,OK,SearchIndividual 2-131,text,true,,1135,2602,4,106,https://api-scuda.uat.oci.krungsri.tech/ords/api/v1/customer/individual/searchprofile,75,0,25
1779799813326,143,SearchIndividual,200,OK,SearchIndividual 2-126,text,true,,1157,2602,4,106,https://api-scuda.uat.oci.krungsri.tech/ords/api/v1/customer/individual/searchprofile,142,0,31
1779799812031,1446,UpdateIndividual,200,OK,UpdateIndividual 4-40,text,true,,800,5560,33,104,https://api-scuda.uat.oci.krungsri.tech/ic/api/v1/customer/individual/updateprofile,1446,0,20
1779799812652,827,UpdateJoint,200,OK,UpdateJoint 12-10,text,true,,799,3613,4,103,https://api-scuda.uat.oci.krungsri.tech/ic/api/v1/customer/joint/updateprofile,827,0,21
1779799813436,54,SearchIndividual,200,OK,SearchIndividual 2-132,text,true,,1225,2602,2,105,https://api-scuda.uat.oci.krungsri.tech/ords/api/v1/customer/individual/searchprofile,54,0,23
1779799813464,54,SearchJuristic,200,OK,SearchJuristic 6-10,text,true,,1008,2599,1,107,https://api-scuda.uat.oci.krungsri.tech/ords/api/v1/customer/juristic/searchprofile,54,0,28
1779799807314,6230,UpdateIndividual,200,OK,UpdateIndividual 4-8,text,true,,800,4231,32,107,https://api-scuda.uat.oci.krungsri.tech/ic/api/v1/customer/individual/updateprofile,6230,0,15
1779799813463,80,SearchIndividual,200,OK,SearchIndividual 2-133,text,true,,1222,2601,2,107,https://api-scuda.uat.oci.krungsri.tech/ords/api/v1/customer/individual/searchprofile,80,0,30
1779799810397,3146,GetIndividual,200,OK,GetIndividual 1-36,text,true,,3881,3588,39,107,https://api-scuda.uat.oci.krungsri.tech/ic/api/v1/customer/individual/getprofile,3146,0,13
1779799806937,6605,CreateJuristic,201,Created,CreateJuristic 7-4,text,true,,1163,7629,6,107,https://api-scuda.uat.oci.krungsri.tech/ic/api/v1/customer/juristic/createprofile,6605,0,0
1779799808534,5006,GetIndividual,200,OK,GetIndividual 1-21,text,true,,3842,3588,39,107,https://api-scuda.uat.oci.krungsri.tech/ic/api/v1/customer/individual/getprofile,5006,0,11
1779799810410,3176,GetIndividual,200,OK,GetIndividual 1-37,text,true,,3823,3588,40,108,https://api-scuda.uat.oci.krungsri.tech/ic/api/v1/customer/individual/getprofile,3176,0,20
1779799813537,56,SearchIndividual,200,OK,SearchIndividual 2-134,text,true,,1111,2602,2,107,https://api-scuda.uat.oci.krungsri.tech/ords/api/v1/customer/individual/searchprofile,56,0,21
1779799813573,49,SearchIndividual,200,OK,SearchIndividual 2-135,text,true,,1217,2602,2,107,https://api-scuda.uat.oci.krungsri.tech/ords/api/v1/customer/individual/searchprofile,49,0,21
1779799813606,29,SearchIndividual,200,OK,SearchIndividual 2-136,text,true,,1189,2602,1,106,https://api-scuda.uat.oci.krungsri.tech/ords/api/v1/customer/individual/searchprofile,29,0,16
1779799813652,53,SearchIndividual,200,OK,SearchIndividual 2-138,text,true,,1197,2602,3,111,https://api-scuda.uat.oci.krungsri.tech/ords/api/v1/customer/individual/searchprofile,53,0,32
1779799813657,50,SearchIndividual,200,OK,SearchIndividual 2-139,text,true,,1233,2602,2,110,https://api-scuda.uat.oci.krungsri.tech/ords/api/v1/customer/individual/searchprofile,50,0,30
1779799813650,59,SearchIndividual,200,OK,SearchIndividual 2-137,text,true,,1185,2602,1,109,https://api-scuda.uat.oci.krungsri.tech/ords/api/v1/customer/individual/searchprofile,59,0,40
1779799809969,3773,UpdateIndividual,200,OK,UpdateIndividual 4-24,text,true,,800,4228,33,109,https://api-scuda.uat.oci.krungsri.tech/ic/api/v1/customer/individual/updateprofile,3773,0,37
1779799812900,845,UpdateIndividual,200,OK,UpdateIndividual 4-49,text,true,,800,4229,32,108,https://api-scuda.uat.oci.krungsri.tech/ic/api/v1/customer/individual/updateprofile,845,0,19
1779799811518,2231,CreateJoint,200,OK,CreateJoint 11-8,text,true,,1772,5858,6,107,https://api-scuda.uat.oci.krungsri.tech/ic/api/v1/customer/joint/createprofile,2231,0,21
1779799808371,5393,CreateJoint,200,OK,CreateJoint 11-5,text,true,,1772,5923,5,107,https://api-scuda.uat.oci.krungsri.tech/ic/api/v1/customer/joint/createprofile,5393,0,23
1779799813586,196,GetIndividual,200,OK,GetIndividual 1-81,text,true,,3877,3588,41,108,https://api-scuda.uat.oci.krungsri.tech/ic/api/v1/customer/individual/getprofile,196,0,18
1779799813759,33,SearchIndividual,200,OK,SearchIndividual 2-140,text,true,,1233,2602,1,107,https://api-scuda.uat.oci.krungsri.tech/ords/api/v1/customer/individual/searchprofile,33,0,21
1779799811735,2116,UpdateJuristic,200,OK,UpdateJuristic 8-9,text,true,,800,4426,5,107,https://api-scuda.uat.oci.krungsri.tech/ic/api/v1/customer/juristic/updateprofile,2116,0,23
1779799813821,48,SearchIndividual,200,OK,SearchIndividual 2-141,text,true,,1213,2602,1,108,https://api-scuda.uat.oci.krungsri.tech/ords/api/v1/customer/individual/searchprofile,47,0,16
1779799810269,3667,UpdateJuristic,200,OK,UpdateJuristic 8-7,text,true,,800,4424,4,112,https://api-scuda.uat.oci.krungsri.tech/ic/api/v1/customer/juristic/updateprofile,3667,0,31
1779799809099,4838,UpdateIndividual,200,OK,UpdateIndividual 4-18,text,true,,800,4229,34,111,https://api-scuda.uat.oci.krungsri.tech/ic/api/v1/customer/individual/updateprofile,4838,0,8
1779799811877,2063,UpdateIndividual,200,OK,UpdateIndividual 4-37,text,true,,800,5499,33,110,https://api-scuda.uat.oci.krungsri.tech/ic/api/v1/customer/individual/updateprofile,2063,0,18
1779799809699,4241,GetIndividual,200,OK,GetIndividual 1-32,text,true,,3837,3588,42,109,https://api-scuda.uat.oci.krungsri.tech/ic/api/v1/customer/individual/getprofile,4241,0,9
1779799813972,34,SearchIndividual,200,OK,SearchIndividual 2-142,text,true,,1221,2602,3,112,https://api-scuda.uat.oci.krungsri.tech/ords/api/v1/customer/individual/searchprofile,34,0,21
1779799813994,36,SearchIndividual,200,OK,SearchIndividual 2-143,text,true,,1142,2601,3,114,https://api-scuda.uat.oci.krungsri.tech/ords/api/v1/customer/individual/searchprofile,36,0,22
1779799814000,33,SearchIndividual,200,OK,SearchIndividual 2-144,text,true,,1159,2602,2,113,https://api-scuda.uat.oci.krungsri.tech/ords/api/v1/customer/individual/searchprofile,32,0,20
1779799814008,36,SearchIndividual,200,OK,SearchIndividual 2-145,text,true,,1199,2602,2,115,https://api-scuda.uat.oci.krungsri.tech/ords/api/v1/customer/individual/searchprofile,36,0,17
1779799812563,1478,GetIndividual,200,OK,GetIndividual 1-66,text,true,,3863,3588,43,113,https://api-scuda.uat.oci.krungsri.tech/ic/api/v1/customer/individual/getprofile,1477,0,14
1779799812830,1217,UpdateIndividual,200,OK,UpdateIndividual 4-48,text,true,,800,4229,33,113,https://api-scuda.uat.oci.krungsri.tech/ic/api/v1/customer/individual/updateprofile,1217,0,39
1779799813152,896,UpdateIndividual,200,OK,UpdateIndividual 4-52,text,true,,800,5593,32,112,https://api-scuda.uat.oci.krungsri.tech/ic/api/v1/customer/individual/updateprofile,896,0,24
1779799813142,906,GetIndividual,200,OK,GetIndividual 1-73,text,true,,3888,3587,43,112,https://api-scuda.uat.oci.krungsri.tech/ic/api/v1/customer/individual/getprofile,906,0,28
1779799813678,371,UpdateIndividual,200,OK,UpdateIndividual 4-55,text,true,,800,4228,31,110,https://api-scuda.uat.oci.krungsri.tech/ic/api/v1/customer/individual/updateprofile,371,0,13
1779799809975,4078,UpdateIndividual,200,OK,UpdateIndividual 4-25,text,true,,800,5573,30,109,https://api-scuda.uat.oci.krungsri.tech/ic/api/v1/customer/individual/updateprofile,4078,0,47
1779799808665,5397,GetIndividual,200,OK,GetIndividual 1-23,text,true,,3878,3588,42,108,https://api-scuda.uat.oci.krungsri.tech/ic/api/v1/customer/individual/getprofile,5397,0,16
1779799814041,32,SearchJuristic,200,OK,SearchJuristic 6-11,text,true,,982,2600,1,107,https://api-scuda.uat.oci.krungsri.tech/ords/api/v1/customer/juristic/searchprofile,32,0,20
1779799814040,35,SearchIndividual,200,OK,SearchIndividual 2-146,text,true,,1163,2602,1,106,https://api-scuda.uat.oci.krungsri.tech/ords/api/v1/customer/individual/searchprofile,35,0,21
1779799814090,31,SearchIndividual,200,OK,SearchIndividual 2-147,text,true,,1165,2602,2,107,https://api-scuda.uat.oci.krungsri.tech/ords/api/v1/customer/individual/searchprofile,31,0,16
1779799809204,4935,UpdateIndividual,200,OK,UpdateIndividual 4-19,text,true,,800,4231,29,106,https://api-scuda.uat.oci.krungsri.tech/ic/api/v1/customer/individual/updateprofile,4935,0,22
1779799813485,656,GetIndividual,200,OK,GetIndividual 1-75,text,true,,3805,3588,41,105,https://api-scuda.uat.oci.krungsri.tech/ic/api/v1/customer/individual/getprofile,656,0,46
1779799808316,5826,CreateJuristic,201,Created,CreateJuristic 7-5,text,true,,1171,7650,7,104,https://api-scuda.uat.oci.krungsri.tech/ic/api/v1/customer/juristic/createprofile,5826,0,15
1779799813182,962,UpdateIndividual,200,OK,UpdateIndividual 4-53,text,true,,800,5626,28,103,https://api-scuda.uat.oci.krungsri.tech/ic/api/v1/customer/individual/updateprofile,962,0,19
1779799814107,37,SearchIndividual,200,OK,SearchIndividual 2-148,text,true,,1173,2602,1,102,https://api-scuda.uat.oci.krungsri.tech/ords/api/v1/customer/individual/searchprofile,37,0,20
1779799813856,291,GetJoint,200,OK,GetJoint 9-11,text,true,,1431,3530,6,101,https://api-scuda.uat.oci.krungsri.tech/ic/api/v1/customer/joint/getprofile,291,0,21
1779799813448,716,UpdateIndividual,200,OK,UpdateIndividual 4-54,text,true,,800,5561,27,100,https://api-scuda.uat.oci.krungsri.tech/ic/api/v1/customer/individual/updateprofile,716,0,28
1779799814174,37,SearchIndividual,200,OK,SearchIndividual 2-149,text,true,,1147,2602,2,102,https://api-scuda.uat.oci.krungsri.tech/ords/api/v1/customer/individual/searchprofile,37,0,17
1779799814196,28,SearchIndividual,200,OK,SearchIndividual 2-150,text,true,,1201,2602,2,102,https://api-scuda.uat.oci.krungsri.tech/ords/api/v1/customer/individual/searchprofile,28,0,14
1779799812850,1392,GetJuristic,200,OK,GetJuristic 5-10,text,true,,3497,3533,4,102,https://api-scuda.uat.oci.krungsri.tech/ic/api/v1/customer/juristic/getprofile,1392,0,22
1779799810801,3442,UpdateJuristic,200,OK,UpdateJuristic 8-8,text,true,,800,5773,3,101,https://api-scuda.uat.oci.krungsri.tech/ic/api/v1/customer/juristic/updateprofile,3442,0,13
1779799813923,328,UpdateJoint,200,OK,UpdateJoint 12-11,text,true,,799,4588,4,100,https://api-scuda.uat.oci.krungsri.tech/ic/api/v1/customer/joint/updateprofile,328,0,19
1779799813784,469,UpdateIndividual,200,OK,UpdateIndividual 4-57,text,true,,800,5620,27,99,https://api-scuda.uat.oci.krungsri.tech/ic/api/v1/customer/individual/updateprofile,469,0,14
1779799810383,3870,CreateJuristic,201,Created,CreateJuristic 7-7,text,true,,1172,7712,6,98,https://api-scuda.uat.oci.krungsri.tech/ic/api/v1/customer/juristic/createprofile,3870,0,31
1779799814214,40,SearchIndividual,200,OK,SearchIndividual 2-151,text,true,,1159,2602,1,97,https://api-scuda.uat.oci.krungsri.tech/ords/api/v1/customer/individual/searchprofile,40,0,24
1779799811256,3014,CreateJuristic,201,Created,CreateJuristic 7-8,text,true,,1172,7747,5,98,https://api-scuda.uat.oci.krungsri.tech/ic/api/v1/customer/juristic/createprofile,3014,0,20
1779799814268,41,SearchIndividual,200,OK,SearchIndividual 2-152,text,true,,1163,2602,3,101,https://api-scuda.uat.oci.krungsri.tech/ords/api/v1/customer/individual/searchprofile,39,0,25
1779799814282,34,SearchJoint,200,OK,SearchJoint 10-11,text,true,,621,2627,1,100,https://api-scuda.uat.oci.krungsri.tech/ords/api/v1/customer/joint/searchprofile,34,0,22
1779799814280,44,SearchIndividual,200,OK,SearchIndividual 2-153,text,true,,1237,2602,3,100,https://api-scuda.uat.oci.krungsri.tech/ords/api/v1/customer/individual/searchprofile,44,0,31
1779799814300,35,SearchIndividual,200,OK,SearchIndividual 2-154,text,true,,1173,2602,2,100,https://api-scuda.uat.oci.krungsri.tech/ords/api/v1/customer/individual/searchprofile,35,0,21
1779799810905,3438,UpdateIndividual,200,OK,UpdateIndividual 4-31,text,true,,800,5659,26,99,https://api-scuda.uat.oci.krungsri.tech/ic/api/v1/customer/individual/updateprofile,3438,0,19
1779799813509,836,GetIndividual,200,OK,GetIndividual 1-78,text,true,,3819,3588,42,98,https://api-scuda.uat.oci.krungsri.tech/ic/api/v1/customer/individual/getprofile,836,0,18
1779799812021,2327,CreateJoint,200,OK,CreateJoint 11-9,text,true,,1772,5720,5,97,https://api-scuda.uat.oci.krungsri.tech/ic/api/v1/customer/joint/createprofile,2327,0,22
1779799814318,41,SearchIndividual,200,OK,SearchIndividual 2-155,text,true,,1179,2602,1,97,https://api-scuda.uat.oci.krungsri.tech/ords/api/v1/customer/individual/searchprofile,41,0,26
1779799814391,28,SearchIndividual,200,OK,SearchIndividual 2-157,text,true,,1179,2602,2,101,https://api-scuda.uat.oci.krungsri.tech/ords/api/v1/customer/individual/searchprofile,28,0,16
1779799814391,31,SearchIndividual,200,OK,SearchIndividual 2-156,text,true,,1223,2602,1,100,https://api-scuda.uat.oci.krungsri.tech/ords/api/v1/customer/individual/searchprofile,31,0,20
1779799812004,2435,UpdateIndividual,200,OK,UpdateIndividual 4-39,text,true,,800,4227,25,99,https://api-scuda.uat.oci.krungsri.tech/ic/api/v1/customer/individual/updateprofile,2435,0,15
1779799812078,2370,GetIndividual,200,OK,GetIndividual 1-58,text,true,,3933,3588,44,99,https://api-scuda.uat.oci.krungsri.tech/ic/api/v1/customer/individual/getprofile,2370,0,16
1779799814228,219,GetIndividual,200,OK,GetIndividual 1-89,text,true,,3885,3588,44,99,https://api-scuda.uat.oci.krungsri.tech/ic/api/v1/customer/individual/getprofile,219,0,21
1779799813567,882,CreateJuristic,201,Created,CreateJuristic 7-10,text,true,,1172,7748,4,97,https://api-scuda.uat.oci.krungsri.tech/ic/api/v1/customer/juristic/createprofile,882,0,17
1779799814474,27,SearchIndividual,200,OK,SearchIndividual 2-158,text,true,,1176,2601,2,101,https://api-scuda.uat.oci.krungsri.tech/ords/api/v1/customer/individual/searchprofile,27,0,16
1779799814485,27,SearchIndividual,200,OK,SearchIndividual 2-159,text,true,,1163,2602,1,100,https://api-scuda.uat.oci.krungsri.tech/ords/api/v1/customer/individual/searchprofile,27,0,16
1779799814408,138,GetIndividual,200,OK,GetIndividual 1-93,text,true,,3836,3587,45,100,https://api-scuda.uat.oci.krungsri.tech/ic/api/v1/customer/individual/getprofile,138,0,20
1779799813704,838,GetIndividual,200,OK,GetIndividual 1-83,text,true,,3843,3588,45,100,https://api-scuda.uat.oci.krungsri.tech/ic/api/v1/customer/individual/getprofile,838,0,21
1779799814357,193,GetIndividual,200,OK,GetIndividual 1-91,text,true,,3845,3588,43,98,https://api-scuda.uat.oci.krungsri.tech/ic/api/v1/customer/individual/getprofile,193,0,67
1779799814568,40,SearchIndividual,200,OK,SearchIndividual 2-161,text,true,,1157,2602,2,102,https://api-scuda.uat.oci.krungsri.tech/ords/api/v1/customer/individual/searchprofile,40,0,23
1779799814568,45,SearchIndividual,200,OK,SearchIndividual 2-160,text,true,,1167,2602,1,101,https://api-scuda.uat.oci.krungsri.tech/ords/api/v1/customer/individual/searchprofile,45,0,28
1779799812903,1733,UpdateIndividual,200,OK,UpdateIndividual 4-50,text,true,,800,5631,28,101,https://api-scuda.uat.oci.krungsri.tech/ic/api/v1/customer/individual/updateprofile,1733,0,63
1779799811674,2964,GetJoint,200,OK,GetJoint 9-9,text,true,,1431,3530,5,100,https://api-scuda.uat.oci.krungsri.tech/ic/api/v1/customer/joint/getprofile,2964,0,21
1779799811731,2909,CreateJuristic,201,Created,CreateJuristic 7-9,text,true,,1172,7767,4,99,https://api-scuda.uat.oci.krungsri.tech/ic/api/v1/customer/juristic/createprofile,2909,0,17
1779799812149,2492,GetIndividual,200,OK,GetIndividual 1-59,text,true,,3861,3588,43,98,https://api-scuda.uat.oci.krungsri.tech/ic/api/v1/customer/individual/getprofile,2492,0,20
1779799808524,6118,UpdateIndividual,200,OK,UpdateIndividual 4-14,text,true,,800,4228,27,98,https://api-scuda.uat.oci.krungsri.tech/ic/api/v1/customer/individual/updateprofile,6118,0,24
1779799813887,755,UpdateIndividual,200,OK,UpdateIndividual 4-59,text,true,,800,5600,27,98,https://api-scuda.uat.oci.krungsri.tech/ic/api/v1/customer/individual/updateprofile,755,0,14
1779799814483,161,GetIndividual,200,OK,GetIndividual 1-94,text,true,,3870,3588,43,96,https://api-scuda.uat.oci.krungsri.tech/ic/api/v1/customer/individual/getprofile,161,0,27
1779799814417,231,UpdateJuristic,200,OK,UpdateJuristic 8-11,text,true,,799,4425,3,96,https://api-scuda.uat.oci.krungsri.tech/ic/api/v1/customer/juristic/updateprofile,231,0,15
1779799814649,30,SearchJuristic,200,OK,SearchJuristic 6-12,text,true,,982,2600,1,99,https://api-scuda.uat.oci.krungsri.tech/ords/api/v1/customer/juristic/searchprofile,30,0,15
1779799814665,35,SearchIndividual,200,OK,SearchIndividual 2-162,text,true,,1183,2602,3,100,https://api-scuda.uat.oci.krungsri.tech/ords/api/v1/customer/individual/searchprofile,30,0,17
1779799814695,23,SearchIndividual,200,OK,SearchIndividual 2-163,text,true,,1203,2602,2,100,https://api-scuda.uat.oci.krungsri.tech/ords/api/v1/customer/individual/searchprofile,23,0,12
1779799814700,39,SearchIndividual,200,OK,SearchIndividual 2-164,text,true,,1199,2602,1,99,https://api-scuda.uat.oci.krungsri.tech/ords/api/v1/customer/individual/searchprofile,39,0,25
1779799814656,113,UpdateJoint,200,OK,UpdateJoint 12-12,text,true,,799,3613,4,100,https://api-scuda.uat.oci.krungsri.tech/ic/api/v1/customer/joint/updateprofile,113,0,16
1779799814757,22,SearchIndividual,200,OK,SearchIndividual 2-165,text,true,,1219,2602,2,100,https://api-scuda.uat.oci.krungsri.tech/ords/api/v1/customer/individual/searchprofile,22,0,9
1779799814774,33,SearchIndividual,200,OK,SearchIndividual 2-166,text,true,,1175,2602,3,103,https://api-scuda.uat.oci.krungsri.tech/ords/api/v1/customer/individual/searchprofile,33,0,20
1779799814784,30,SearchIndividual,200,OK,SearchIndividual 2-167,text,true,,1226,2601,2,102,https://api-scuda.uat.oci.krungsri.tech/ords/api/v1/customer/individual/searchprofile,30,0,19
1779799814791,31,SearchIndividual,200,OK,SearchIndividual 2-168,text,true,,1199,2602,1,101,https://api-scuda.uat.oci.krungsri.tech/ords/api/v1/customer/individual/searchprofile,30,0,20
1779799810430,4410,GetIndividual,200,OK,GetIndividual 1-39,text,true,,3868,3588,47,101,https://api-scuda.uat.oci.krungsri.tech/ic/api/v1/customer/individual/getprofile,4410,0,18
1779799814623,237,GetIndividual,200,OK,GetIndividual 1-97,text,true,,3882,3588,46,101,https://api-scuda.uat.oci.krungsri.tech/ic/api/v1/customer/individual/getprofile,237,0,20
1779799814873,24,SearchIndividual,200,OK,SearchIndividual 2-169,text,true,,1165,2602,1,103,https://api-scuda.uat.oci.krungsri.tech/ords/api/v1/customer/individual/searchprofile,24,0,12
1779799808881,6058,UpdateIndividual,200,OK,UpdateIndividual 4-16,text,true,,800,5588,28,103,https://api-scuda.uat.oci.krungsri.tech/ic/api/v1/customer/individual/updateprofile,6058,0,23
1779799813106,1833,UpdateIndividual,200,OK,UpdateIndividual 4-51,text,true,,800,5588,28,103,https://api-scuda.uat.oci.krungsri.tech/ic/api/v1/customer/individual/updateprofile,1833,0,19
1779799814907,38,SearchIndividual,200,OK,SearchIndividual 2-170,text,true,,1223,2602,1,101,https://api-scuda.uat.oci.krungsri.tech/ords/api/v1/customer/individual/searchprofile,37,0,20
1779799813994,953,UpdateIndividual,200,OK,UpdateIndividual 4-60,text,true,,800,4226,26,100,https://api-scuda.uat.oci.krungsri.tech/ic/api/v1/customer/individual/updateprofile,953,0,26
1779799814787,159,GetIndividual,200,OK,GetIndividual 1-101,text,true,,3787,3588,46,100,https://api-scuda.uat.oci.krungsri.tech/ic/api/v1/customer/individual/getprofile,159,0,22
1779799814755,190,GetIndividual,200,OK,GetIndividual 1-100,text,true,,3846,3588,46,101,https://api-scuda.uat.oci.krungsri.tech/ic/api/v1/customer/individual/getprofile,190,0,21
1779799814293,662,CreateIndividual,201,Created,CreateIndividual 3-11,text,true,,1172,8718,7,97,https://api-scuda.uat.oci.krungsri.tech/ic/api/v1/customer/individual/createprofile,662,0,19
1779799813882,1156,UpdateIndividual,200,OK,UpdateIndividual 4-58,text,true,,799,4227,26,98,https://api-scuda.uat.oci.krungsri.tech/ic/api/v1/customer/individual/updateprofile,1156,0,15
1779799814182,873,UpdateIndividual,200,OK,UpdateIndividual 4-61,text,true,,799,5609,25,97,https://api-scuda.uat.oci.krungsri.tech/ic/api/v1/customer/individual/updateprofile,873,0,29
1779799810416,4642,GetIndividual,200,OK,GetIndividual 1-38,text,true,,3863,3588,44,96,https://api-scuda.uat.oci.krungsri.tech/ic/api/v1/customer/individual/getprofile,4642,0,20
1779799811805,3332,CreateIndividual,201,Created,CreateIndividual 3-9,text,true,,1172,8582,6,98,https://api-scuda.uat.oci.krungsri.tech/ic/api/v1/customer/individual/createprofile,3332,0,27
1779799814377,773,GetIndividual,200,OK,GetIndividual 1-92,text,true,,3816,3588,45,98,https://api-scuda.uat.oci.krungsri.tech/ic/api/v1/customer/individual/getprofile,773,0,19
1779799815139,37,SearchIndividual,200,OK,SearchIndividual 2-171,text,true,,1195,2602,3,100,https://api-scuda.uat.oci.krungsri.tech/ords/api/v1/customer/individual/searchprofile,37,0,23
1779799815162,31,SearchIndividual,200,OK,SearchIndividual 2-172,text,true,,1163,2602,4,101,https://api-scuda.uat.oci.krungsri.tech/ords/api/v1/customer/individual/searchprofile,30,0,20
1779799815166,31,SearchIndividual,200,OK,SearchIndividual 2-173,text,true,,1227,2602,3,101,https://api-scuda.uat.oci.krungsri.tech/ords/api/v1/customer/individual/searchprofile,31,0,20
1779799815083,119,GetIndividual,200,OK,GetIndividual 1-105,text,true,,3863,3588,46,101,https://api-scuda.uat.oci.krungsri.tech/ic/api/v1/customer/individual/getprofile,119,0,10
1779799815189,27,SearchIndividual,200,OK,SearchIndividual 2-175,text,true,,1193,2602,5,104,https://api-scuda.uat.oci.krungsri.tech/ords/api/v1/customer/individual/searchprofile,27,0,15
1779799815182,37,SearchIndividual,200,OK,SearchIndividual 2-174,text,true,,1213,2602,4,103,https://api-scuda.uat.oci.krungsri.tech/ords/api/v1/customer/individual/searchprofile,37,0,24
1779799815205,23,SearchIndividual,200,OK,SearchIndividual 2-176,text,true,,1129,2602,4,103,https://api-scuda.uat.oci.krungsri.tech/ords/api/v1/customer/individual/searchprofile,22,0,10
1779799814589,654,UpdateIndividual,200,OK,UpdateIndividual 4-65,text,true,,800,4228,26,102,https://api-scuda.uat.oci.krungsri.tech/ic/api/v1/customer/individual/updateprofile,654,0,20
1779799814642,603,GetIndividual,200,OK,GetIndividual 1-98,text,true,,3870,3588,45,101,https://api-scuda.uat.oci.krungsri.tech/ic/api/v1/customer/individual/getprofile,603,0,19
1779799815209,37,SearchIndividual,200,OK,SearchIndividual 2-177,text,true,,1203,2602,4,101,https://api-scuda.uat.oci.krungsri.tech/ords/api/v1/customer/individual/searchprofile,37,0,19
1779799814836,411,GetIndividual,200,OK,GetIndividual 1-103,text,true,,3826,3588,44,100,https://api-scuda.uat.oci.krungsri.tech/ic/api/v1/customer/individual/getprofile,411,0,14
1779799815088,160,GetIndividual,200,OK,GetIndividual 1-106,text,true,,3893,3588,43,99,https://api-scuda.uat.oci.krungsri.tech/ic/api/v1/customer/individual/getprofile,160,0,18
1779799815216,33,SearchIndividual,200,OK,SearchIndividual 2-178,text,true,,1171,2602,3,99,https://api-scuda.uat.oci.krungsri.tech/ords/api/v1/customer/individual/searchprofile,32,0,20
1779799815219,33,SearchIndividual,200,OK,SearchIndividual 2-179,text,true,,1125,2602,3,98,https://api-scuda.uat.oci.krungsri.tech/ords/api/v1/customer/individual/searchprofile,33,0,14
1779799815251,22,SearchIndividual,200,OK,SearchIndividual 2-181,text,true,,1185,2602,2,98,https://api-scuda.uat.oci.krungsri.tech/ords/api/v1/customer/individual/searchprofile,22,0,11
1779799815246,34,SearchIndividual,200,OK,SearchIndividual 2-180,text,true,,1199,2602,1,98,https://api-scuda.uat.oci.krungsri.tech/ords/api/v1/customer/individual/searchprofile,34,0,17
1779799809746,5589,CreateIndividual,201,Created,CreateIndividual 3-7,text,true,,1172,8884,5,97,https://api-scuda.uat.oci.krungsri.tech/ic/api/v1/customer/individual/createprofile,5589,0,18
1779799815202,142,GetJoint,200,OK,GetJoint 9-12,text,true,,1428,3529,5,96,https://api-scuda.uat.oci.krungsri.tech/ic/api/v1/customer/joint/getprofile,142,0,16
1779799815259,135,UpdateIndividual,200,OK,UpdateIndividual 4-72,text,true,,800,4227,29,107,https://api-scuda.uat.oci.krungsri.tech/ic/api/v1/customer/individual/updateprofile,135,0,12
1779799815366,32,SearchIndividual,200,OK,SearchIndividual 2-184,text,true,,1175,2602,7,106,https://api-scuda.uat.oci.krungsri.tech/ords/api/v1/customer/individual/searchprofile,31,0,18
1779799815366,39,SearchIndividual,200,OK,SearchIndividual 2-182,text,true,,1175,2602,6,105,https://api-scuda.uat.oci.krungsri.tech/ords/api/v1/customer/individual/searchprofile,38,0,21
1779799815367,58,SearchIndividual,200,OK,SearchIndividual 2-183,text,true,,1149,2602,5,105,https://api-scuda.uat.oci.krungsri.tech/ords/api/v1/customer/individual/searchprofile,57,0,23
1779799815372,69,SearchIndividual,200,OK,SearchIndividual 2-188,text,true,,1188,2601,4,105,https://api-scuda.uat.oci.krungsri.tech/ords/api/v1/customer/individual/searchprofile,69,0,27
1779799815368,74,SearchIndividual,200,OK,SearchIndividual 2-185,text,true,,1147,2602,3,104,https://api-scuda.uat.oci.krungsri.tech/ords/api/v1/customer/individual/searchprofile,74,0,39
1779799813492,1951,UpdateJuristic,200,OK,UpdateJuristic 8-10,text,true,,800,5757,3,104,https://api-scuda.uat.oci.krungsri.tech/ic/api/v1/customer/juristic/updateprofile,1951,0,55
1779799815370,75,SearchIndividual,200,OK,SearchIndividual 2-186,text,true,,1177,2602,2,102,https://api-scuda.uat.oci.krungsri.tech/ords/api/v1/customer/individual/searchprofile,75,0,47
1779799815370,76,SearchIndividual,200,OK,SearchIndividual 2-187,text,true,,1197,2602,1,101,https://api-scuda.uat.oci.krungsri.tech/ords/api/v1/customer/individual/searchprofile,76,0,59
1779799815420,44,SearchJoint,200,OK,SearchJoint 10-12,text,true,,621,2627,1,100,https://api-scuda.uat.oci.krungsri.tech/ords/api/v1/customer/joint/searchprofile,44,0,16
1779799815366,111,GetIndividual,200,OK,GetIndividual 1-110,text,true,,3896,3588,45,99,https://api-scuda.uat.oci.krungsri.tech/ic/api/v1/customer/individual/getprofile,111,0,22
1779799815366,116,GetIndividual,200,OK,GetIndividual 1-109,text,true,,3905,3588,44,99,https://api-scuda.uat.oci.krungsri.tech/ic/api/v1/customer/individual/getprofile,116,0,18
1779799811162,4373,CreateIndividual,201,Created,CreateIndividual 3-8,text,true,,1172,8300,5,100,https://api-scuda.uat.oci.krungsri.tech/ic/api/v1/customer/individual/createprofile,4373,0,23
1779799814657,887,UpdateIndividual,200,OK,UpdateIndividual 4-66,text,true,,799,4226,28,99,https://api-scuda.uat.oci.krungsri.tech/ic/api/v1/customer/individual/updateprofile,887,0,18
1779799815500,43,SearchIndividual,200,OK,SearchIndividual 2-189,text,true,,1196,2601,2,99,https://api-scuda.uat.oci.krungsri.tech/ords/api/v1/customer/individual/searchprofile,43,0,19
1779799809064,6478,CreateJoint,200,OK,CreateJoint 11-6,text,true,,1772,5676,5,99,https://api-scuda.uat.oci.krungsri.tech/ic/api/v1/customer/joint/createprofile,6478,0,21
1779799814013,1529,GetIndividual,200,OK,GetIndividual 1-87,text,true,,3840,3587,43,99,https://api-scuda.uat.oci.krungsri.tech/ic/api/v1/customer/individual/getprofile,1529,0,12
1779799815162,379,GetIndividual,200,OK,GetIndividual 1-107,text,true,,3901,3588,43,99,https://api-scuda.uat.oci.krungsri.tech/ic/api/v1/customer/individual/getprofile,379,0,22
1779799813642,1899,GetIndividual,200,OK,GetIndividual 1-82,text,true,,3883,3588,43,99,https://api-scuda.uat.oci.krungsri.tech/ic/api/v1/customer/individual/getprofile,1899,0,21
1779799812742,2799,UpdateIndividual,200,OK,UpdateIndividual 4-47,text,true,,800,4227,28,99,https://api-scuda.uat.oci.krungsri.tech/ic/api/v1/customer/individual/updateprofile,2799,0,19
1779799812065,3473,UpdateIndividual,200,OK,UpdateIndividual 4-41,text,true,,800,4230,28,99,https://api-scuda.uat.oci.krungsri.tech/ic/api/v1/customer/individual/updateprofile,3473,0,15
1779799815396,157,UpdateIndividual,200,OK,UpdateIndividual 4-75,text,true,,800,4227,25,92,https://api-scuda.uat.oci.krungsri.tech/ic/api/v1/customer/individual/updateprofile,157,0,43
1779799815524,39,SearchIndividual,200,OK,SearchIndividual 2-190,text,true,,1173,2602,1,92,https://api-scuda.uat.oci.krungsri.tech/ords/api/v1/customer/individual/searchprofile,38,0,23
1779799815638,52,SearchIndividual,200,OK,SearchIndividual 2-192,text,true,,1191,2602,3,97,https://api-scuda.uat.oci.krungsri.tech/ords/api/v1/customer/individual/searchprofile,52,0,38
1779799815556,148,GetIndividual,200,OK,GetIndividual 1-113,text,true,,3814,3588,44,96,https://api-scuda.uat.oci.krungsri.tech/ic/api/v1/customer/individual/getprofile,148,0,20
1779799815633,87,SearchIndividual,200,OK,SearchIndividual 2-191,text,true,,1181,2602,2,96,https://api-scuda.uat.oci.krungsri.tech/ords/api/v1/customer/individual/searchprofile,87,0,66
1779799815689,40,SearchIndividual,200,OK,SearchIndividual 2-193,text,true,,1201,2602,1,95,https://api-scuda.uat.oci.krungsri.tech/ords/api/v1/customer/individual/searchprofile,40,0,28
1779799814464,1275,UpdateIndividual,200,OK,UpdateIndividual 4-63,text,true,,800,5600,25,96,https://api-scuda.uat.oci.krungsri.tech/ic/api/v1/customer/individual/updateprofile,1275,0,21
1779799814330,1408,GetIndividual,200,OK,GetIndividual 1-90,text,true,,3887,3588,45,96,https://api-scuda.uat.oci.krungsri.tech/ic/api/v1/customer/individual/getprofile,1408,0,32
1779799815372,372,CreateJoint,200,OK,CreateJoint 11-12,text,true,,1772,5930,4,94,https://api-scuda.uat.oci.krungsri.tech/ic/api/v1/customer/joint/createprofile,372,0,58
1779799815550,195,GetIndividual,200,OK,GetIndividual 1-112,text,true,,3811,3588,44,94,https://api-scuda.uat.oci.krungsri.tech/ic/api/v1/customer/individual/getprofile,195,0,27
1779799815735,34,SearchIndividual,200,OK,SearchIndividual 2-194,text,true,,1127,2602,1,93,https://api-scuda.uat.oci.krungsri.tech/ords/api/v1/customer/individual/searchprofile,34,0,19
1779799815788,32,SearchIndividual,200,OK,SearchIndividual 2-195,text,true,,1179,2602,1,95,https://api-scuda.uat.oci.krungsri.tech/ords/api/v1/customer/individual/searchprofile,32,0,19
1779799814556,1280,UpdateIndividual,200,OK,UpdateIndividual 4-64,text,true,,800,4231,25,96,https://api-scuda.uat.oci.krungsri.tech/ic/api/v1/customer/individual/updateprofile,1280,0,18
1779799814966,871,UpdateIndividual,200,OK,UpdateIndividual 4-69,text,true,,800,5597,25,96,https://api-scuda.uat.oci.krungsri.tech/ic/api/v1/customer/individual/updateprofile,871,0,18
1779799815194,644,GetIndividual,200,OK,GetIndividual 1-108,text,true,,3801,3588,45,94,https://api-scuda.uat.oci.krungsri.tech/ic/api/v1/customer/individual/getprofile,644,0,14
1779799815827,26,SearchIndividual,200,OK,SearchIndividual 2-196,text,true,,1179,2602,1,94,https://api-scuda.uat.oci.krungsri.tech/ords/api/v1/customer/individual/searchprofile,26,0,14
1779799815855,27,SearchIndividual,200,OK,SearchIndividual 2-197,text,true,,1148,2601,1,94,https://api-scuda.uat.oci.krungsri.tech/ords/api/v1/customer/individual/searchprofile,27,0,15
1779799815887,32,SearchIndividual,200,OK,SearchIndividual 2-198,text,true,,1215,2602,2,97,https://api-scuda.uat.oci.krungsri.tech/ords/api/v1/customer/individual/searchprofile,32,0,19
1779799815807,116,GetIndividual,200,OK,GetIndividual 1-119,text,true,,3798,3588,45,96,https://api-scuda.uat.oci.krungsri.tech/ic/api/v1/customer/individual/getprofile,116,0,12
1779799815678,261,GetIndividual,200,OK,GetIndividual 1-115,text,true,,3837,3588,45,97,https://api-scuda.uat.oci.krungsri.tech/ic/api/v1/customer/individual/getprofile,261,0,17
1779799815636,304,UpdateIndividual,200,OK,UpdateIndividual 4-76,text,true,,800,5611,23,96,https://api-scuda.uat.oci.krungsri.tech/ic/api/v1/customer/individual/updateprofile,304,0,21
1779799815440,500,GetIndividual,200,OK,GetIndividual 1-111,text,true,,3954,3588,44,96,https://api-scuda.uat.oci.krungsri.tech/ic/api/v1/customer/individual/getprofile,500,0,18
1779799815916,25,SearchIndividual,200,OK,SearchIndividual 2-199,text,true,,1149,2602,2,95,https://api-scuda.uat.oci.krungsri.tech/ords/api/v1/customer/individual/searchprofile,25,0,13
1779799815850,93,GetIndividual,200,OK,GetIndividual 1-120,text,true,,3927,3588,43,93,https://api-scuda.uat.oci.krungsri.tech/ic/api/v1/customer/individual/getprofile,93,0,11
1779799813550,2397,GetIndividual,200,OK,GetIndividual 1-79,text,true,,3847,3588,42,93,https://api-scuda.uat.oci.krungsri.tech/ic/api/v1/customer/individual/getprofile,2397,0,20
1779799815936,27,SearchIndividual,200,OK,SearchIndividual 2-200,text,true,,1173,2602,2,94,https://api-scuda.uat.oci.krungsri.tech/ords/api/v1/customer/individual/searchprofile,27,0,16
1779799815946,28,SearchIndividual,200,OK,SearchIndividual 2-201,text,true,,1169,2602,1,93,https://api-scuda.uat.oci.krungsri.tech/ords/api/v1/customer/individual/searchprofile,28,0,17
1779799815975,30,SearchIndividual,200,OK,SearchIndividual 2-202,text,true,,1091,2602,1,93,https://api-scuda.uat.oci.krungsri.tech/ords/api/v1/customer/individual/searchprofile,30,0,17
1779799816010,36,SearchIndividual,200,OK,SearchIndividual 2-203,text,true,,1165,2602,3,97,https://api-scuda.uat.oci.krungsri.tech/ords/api/v1/customer/individual/searchprofile,36,0,23
1779799815484,559,CreateIndividual,201,Created,CreateIndividual 3-12,text,true,,1172,8554,4,97,https://api-scuda.uat.oci.krungsri.tech/ic/api/v1/customer/individual/createprofile,559,0,18
1779799815745,297,GetJoint,200,OK,GetJoint 9-13,text,true,,1431,3530,5,97,https://api-scuda.uat.oci.krungsri.tech/ic/api/v1/customer/joint/getprofile,297,0,20
1779799816027,32,SearchIndividual,200,OK,SearchIndividual 2-204,text,true,,1215,2602,2,94,https://api-scuda.uat.oci.krungsri.tech/ords/api/v1/customer/individual/searchprofile,32,0,18
1779799816033,29,SearchIndividual,200,OK,SearchIndividual 2-205,text,true,,1191,2602,1,93,https://api-scuda.uat.oci.krungsri.tech/ords/api/v1/customer/individual/searchprofile,29,0,13
1779799816065,28,SearchIndividual,200,OK,SearchIndividual 2-206,text,true,,1213,2602,1,96,https://api-scuda.uat.oci.krungsri.tech/ords/api/v1/customer/individual/searchprofile,28,0,17
1779799815638,509,GetIndividual,200,OK,GetIndividual 1-114,text,true,,3911,3588,46,100,https://api-scuda.uat.oci.krungsri.tech/ic/api/v1/customer/individual/getprofile,509,0,36
1779799814868,1280,GetIndividual,200,OK,GetIndividual 1-104,text,true,,3863,3588,45,99,https://api-scuda.uat.oci.krungsri.tech/ic/api/v1/customer/individual/getprofile,1280,0,11
1779799815917,242,UpdateJoint,200,OK,UpdateJoint 12-13,text,true,,800,4571,4,102,https://api-scuda.uat.oci.krungsri.tech/ic/api/v1/customer/joint/updateprofile,242,0,13
1779799816015,145,UpdateIndividual,200,OK,UpdateIndividual 4-79,text,true,,800,4228,27,101,https://api-scuda.uat.oci.krungsri.tech/ic/api/v1/customer/individual/updateprofile,145,0,29
1779799816134,43,SearchIndividual,200,OK,SearchIndividual 2-207,text,true,,1159,2602,4,103,https://api-scuda.uat.oci.krungsri.tech/ords/api/v1/customer/individual/searchprofile,43,0,28
1779799816158,24,SearchIndividual,200,OK,SearchIndividual 2-209,text,true,,1151,2602,3,102,https://api-scuda.uat.oci.krungsri.tech/ords/api/v1/customer/individual/searchprofile,24,0,12
1779799816162,25,SearchJuristic,200,OK,SearchJuristic 6-13,text,true,,1024,2600,1,101,https://api-scuda.uat.oci.krungsri.tech/ords/api/v1/customer/juristic/searchprofile,24,0,12
1779799816151,38,SearchIndividual,200,OK,SearchIndividual 2-208,text,true,,1189,2602,2,100,https://api-scuda.uat.oci.krungsri.tech/ords/api/v1/customer/individual/searchprofile,38,0,22
1779799816161,32,SearchIndividual,200,OK,SearchIndividual 2-210,text,true,,1179,2602,1,99,https://api-scuda.uat.oci.krungsri.tech/ords/api/v1/customer/individual/searchprofile,31,0,18
1779799816104,139,GetIndividual,200,OK,GetIndividual 1-125,text,true,,3863,3588,47,104,https://api-scuda.uat.oci.krungsri.tech/ic/api/v1/customer/individual/getprofile,139,0,20
1779799816118,131,GetIndividual,200,OK,GetIndividual 1-126,text,true,,3883,3588,46,103,https://api-scuda.uat.oci.krungsri.tech/ic/api/v1/customer/individual/getprofile,131,0,25
1779799816210,40,SearchIndividual,200,OK,SearchIndividual 2-212,text,true,,1195,2602,4,102,https://api-scuda.uat.oci.krungsri.tech/ords/api/v1/customer/individual/searchprofile,40,0,20
1779799816200,53,SearchIndividual,200,OK,SearchIndividual 2-211,text,true,,1169,2602,3,102,https://api-scuda.uat.oci.krungsri.tech/ords/api/v1/customer/individual/searchprofile,53,0,20
1779799816153,109,GetIndividual,200,OK,GetIndividual 1-127,text,true,,3828,3588,46,101,https://api-scuda.uat.oci.krungsri.tech/ic/api/v1/customer/individual/getprofile,109,0,18
1779799816234,29,SearchIndividual,200,OK,SearchIndividual 2-214,text,true,,1227,2602,2,101,https://api-scuda.uat.oci.krungsri.tech/ords/api/v1/customer/individual/searchprofile,28,0,18
1779799816031,232,CreateJoint,200,OK,CreateJoint 11-13,text,true,,1771,6072,4,99,https://api-scuda.uat.oci.krungsri.tech/ic/api/v1/customer/joint/createprofile,232,0,18
1779799816230,40,SearchIndividual,200,OK,SearchIndividual 2-213,text,true,,1149,2602,1,98,https://api-scuda.uat.oci.krungsri.tech/ords/api/v1/customer/individual/searchprofile,39,0,27
1779799816154,123,UpdateIndividual,200,OK,UpdateIndividual 4-82,text,true,,800,4229,27,99,https://api-scuda.uat.oci.krungsri.tech/ic/api/v1/customer/individual/updateprofile,123,0,22
1779799815106,1231,UpdateIndividual,200,OK,UpdateIndividual 4-70,text,true,,800,5634,27,101,https://api-scuda.uat.oci.krungsri.tech/ic/api/v1/customer/individual/updateprofile,1231,0,19
1779799816276,65,SearchJoint,200,OK,SearchJoint 10-13,text,true,,621,2627,1,100,https://api-scuda.uat.oci.krungsri.tech/ords/api/v1/customer/joint/searchprofile,65,0,45
1779799816326,31,SearchIndividual,200,OK,SearchIndividual 2-215,text,true,,1187,2602,1,99,https://api-scuda.uat.oci.krungsri.tech/ords/api/v1/customer/individual/searchprofile,31,0,20
1779799816121,250,UpdateIndividual,200,OK,UpdateIndividual 4-81,text,true,,800,5573,26,98,https://api-scuda.uat.oci.krungsri.tech/ic/api/v1/customer/individual/updateprofile,250,0,18
1779799816169,268,GetIndividual,200,OK,GetIndividual 1-128,text,true,,3901,3588,45,98,https://api-scuda.uat.oci.krungsri.tech/ic/api/v1/customer/individual/getprofile,268,0,19
1779799814041,2398,GetIndividual,200,OK,GetIndividual 1-88,text,true,,3830,3588,44,97,https://api-scuda.uat.oci.krungsri.tech/ic/api/v1/customer/individual/getprofile,2398,0,22
1779799815283,1157,UpdateIndividual,200,OK,UpdateIndividual 4-73,text,true,,800,5534,25,97,https://api-scuda.uat.oci.krungsri.tech/ic/api/v1/customer/individual/updateprofile,1157,0,20
1779799814583,1858,CreateJuristic,201,Created,CreateJuristic 7-12,text,true,,1171,7827,4,95,https://api-scuda.uat.oci.krungsri.tech/ic/api/v1/customer/juristic/createprofile,1858,0,19
1779799816437,31,SearchIndividual,200,OK,SearchIndividual 2-216,text,true,,1187,2602,3,98,https://api-scuda.uat.oci.krungsri.tech/ords/api/v1/customer/individual/searchprofile,31,0,16
1779799816445,31,SearchIndividual,200,OK,SearchIndividual 2-217,text,true,,1205,2602,2,97,https://api-scuda.uat.oci.krungsri.tech/ords/api/v1/customer/individual/searchprofile,31,0,18
1779799816466,35,SearchIndividual,200,OK,SearchIndividual 2-218,text,true,,1143,2602,1,97,https://api-scuda.uat.oci.krungsri.tech/ords/api/v1/customer/individual/searchprofile,35,0,22
1779799816092,445,GetIndividual,200,OK,GetIndividual 1-123,text,true,,3874,3588,45,99,https://api-scuda.uat.oci.krungsri.tech/ic/api/v1/customer/individual/getprofile,445,0,20
1779799816508,36,SearchIndividual,200,OK,SearchIndividual 2-219,text,true,,1193,2602,2,99,https://api-scuda.uat.oci.krungsri.tech/ords/api/v1/customer/individual/searchprofile,35,0,23
1779799816539,45,SearchIndividual,200,OK,SearchIndividual 2-220,text,true,,1149,2602,2,99,https://api-scuda.uat.oci.krungsri.tech/ords/api/v1/customer/individual/searchprofile,45,0,33
1779799816564,28,SearchIndividual,200,OK,SearchIndividual 2-221,text,true,,1231,2602,1,98,https://api-scuda.uat.oci.krungsri.tech/ords/api/v1/customer/individual/searchprofile,28,0,17
1779799816445,156,UpdateIndividual,200,OK,UpdateIndividual 4-85,text,true,,799,4229,27,99,https://api-scuda.uat.oci.krungsri.tech/ic/api/v1/customer/individual/updateprofile,156,0,21
1779799816601,31,SearchIndividual,200,OK,SearchIndividual 2-222,text,true,,1225,2602,1,100,https://api-scuda.uat.oci.krungsri.tech/ords/api/v1/customer/individual/searchprofile,31,0,19
1779799816288,349,UpdateIndividual,200,OK,UpdateIndividual 4-84,text,true,,800,5633,27,99,https://api-scuda.uat.oci.krungsri.tech/ic/api/v1/customer/individual/updateprofile,349,0,20
1779799816078,559,UpdateIndividual,200,OK,UpdateIndividual 4-80,text,true,,800,5476,27,99,https://api-scuda.uat.oci.krungsri.tech/ic/api/v1/customer/individual/updateprofile,559,0,17
1779799815959,679,GetIndividual,200,OK,GetIndividual 1-122,text,true,,3829,3588,45,98,https://api-scuda.uat.oci.krungsri.tech/ic/api/v1/customer/individual/getprofile,679,0,21
1779799815892,749,UpdateJuristic,200,OK,UpdateJuristic 8-13,text,true,,800,5803,3,97,https://api-scuda.uat.oci.krungsri.tech/ic/api/v1/customer/juristic/updateprofile,749,0,17
1779799816639,29,SearchIndividual,200,OK,SearchIndividual 2-223,text,true,,1262,2601,2,99,https://api-scuda.uat.oci.krungsri.tech/ords/api/v1/customer/individual/searchprofile,28,0,17
1779799816646,39,SearchIndividual,200,OK,SearchIndividual 2-224,text,true,,1169,2602,2,100,https://api-scuda.uat.oci.krungsri.tech/ords/api/v1/customer/individual/searchprofile,39,0,26
1779799816678,35,SearchIndividual,200,OK,SearchIndividual 2-225,text,true,,1097,2602,1,100,https://api-scuda.uat.oci.krungsri.tech/ords/api/v1/customer/individual/searchprofile,35,0,20
1779799816274,441,CreateIndividual,201,Created,CreateIndividual 3-13,text,true,,1172,8135,4,99,https://api-scuda.uat.oci.krungsri.tech/ic/api/v1/customer/individual/createprofile,441,0,34
1779799816238,497,GetIndividual,200,OK,GetIndividual 1-129,text,true,,3873,3588,47,100,https://api-scuda.uat.oci.krungsri.tech/ic/api/v1/customer/individual/getprofile,497,0,36
1779799816212,526,UpdateIndividual,200,OK,UpdateIndividual 4-83,text,true,,800,5636,27,99,https://api-scuda.uat.oci.krungsri.tech/ic/api/v1/customer/individual/updateprofile,526,0,18
1779799816252,486,GetIndividual,200,OK,GetIndividual 1-130,text,true,,3825,3588,46,98,https://api-scuda.uat.oci.krungsri.tech/ic/api/v1/customer/individual/getprofile,486,0,39
1779799816531,212,UpdateIndividual,200,OK,UpdateIndividual 4-87,text,true,,800,5499,27,98,https://api-scuda.uat.oci.krungsri.tech/ic/api/v1/customer/individual/updateprofile,212,0,22
1779799816650,100,GetIndividual,200,OK,GetIndividual 1-134,text,true,,3837,3586,45,97,https://api-scuda.uat.oci.krungsri.tech/ic/api/v1/customer/individual/getprofile,100,0,21
1779799816725,32,SearchIndividual,200,OK,SearchIndividual 2-226,text,true,,1197,2602,1,96,https://api-scuda.uat.oci.krungsri.tech/ords/api/v1/customer/individual/searchprofile,32,0,19
1779799816792,34,SearchIndividual,200,OK,SearchIndividual 2-227,text,true,,1221,2602,3,103,https://api-scuda.uat.oci.krungsri.tech/ords/api/v1/customer/individual/searchprofile,34,0,18
1779799816802,31,SearchIndividual,200,OK,SearchIndividual 2-228,text,true,,1165,2602,4,104,https://api-scuda.uat.oci.krungsri.tech/ords/api/v1/customer/individual/searchprofile,31,0,19
1779799816809,27,SearchIndividual,200,OK,SearchIndividual 2-229,text,true,,1223,2602,3,103,https://api-scuda.uat.oci.krungsri.tech/ords/api/v1/customer/individual/searchprofile,26,0,14
1779799816625,215,GetIndividual,200,OK,GetIndividual 1-133,text,true,,3800,3588,47,105,https://api-scuda.uat.oci.krungsri.tech/ic/api/v1/customer/individual/getprofile,215,0,15
1779799816487,356,GetIndividual,200,OK,GetIndividual 1-131,text,true,,3865,3588,46,104,https://api-scuda.uat.oci.krungsri.tech/ic/api/v1/customer/individual/getprofile,356,0,18
1779799816657,186,UpdateIndividual,200,OK,UpdateIndividual 4-89,text,true,,800,4229,28,104,https://api-scuda.uat.oci.krungsri.tech/ic/api/v1/customer/individual/updateprofile,186,0,11
1779799816683,160,GetIndividual,200,OK,GetIndividual 1-135,text,true,,3833,3588,46,104,https://api-scuda.uat.oci.krungsri.tech/ic/api/v1/customer/individual/getprofile,160,0,17
1779799816314,531,CreateJuristic,201,Created,CreateJuristic 7-13,text,true,,1170,8062,3,101,https://api-scuda.uat.oci.krungsri.tech/ic/api/v1/customer/juristic/createprofile,531,0,17
1779799816833,32,SearchIndividual,200,OK,SearchIndividual 2-230,text,true,,1203,2602,5,102,https://api-scuda.uat.oci.krungsri.tech/ords/api/v1/customer/individual/searchprofile,32,0,21
1779799816840,31,SearchIndividual,200,OK,SearchIndividual 2-233,text,true,,1169,2602,4,102,https://api-scuda.uat.oci.krungsri.tech/ords/api/v1/customer/individual/searchprofile,31,0,18
1779799816833,40,SearchIndividual,200,OK,SearchIndividual 2-231,text,true,,1157,2602,3,102,https://api-scuda.uat.oci.krungsri.tech/ords/api/v1/customer/individual/searchprofile,40,0,30
1779799816837,44,SearchIndividual,200,OK,SearchIndividual 2-232,text,true,,1173,2602,2,101,https://api-scuda.uat.oci.krungsri.tech/ords/api/v1/customer/individual/searchprofile,44,0,12
1779799816848,34,SearchIndividual,200,OK,SearchIndividual 2-234,text,true,,1213,2602,1,100,https://api-scuda.uat.oci.krungsri.tech/ords/api/v1/customer/individual/searchprofile,34,0,23
1779799816884,31,SearchIndividual,200,OK,SearchIndividual 2-235,text,true,,1179,2602,1,102,https://api-scuda.uat.oci.krungsri.tech/ords/api/v1/customer/individual/searchprofile,31,0,19
1779799816769,167,GetIndividual,200,OK,GetIndividual 1-137,text,true,,3850,3587,47,102,https://api-scuda.uat.oci.krungsri.tech/ic/api/v1/customer/individual/getprofile,167,0,12
1779799816617,320,UpdateIndividual,200,OK,UpdateIndividual 4-88,text,true,,800,5618,29,101,https://api-scuda.uat.oci.krungsri.tech/ic/api/v1/customer/individual/updateprofile,320,0,16
1779799816691,249,UpdateIndividual,200,OK,UpdateIndividual 4-90,text,true,,800,5613,28,100,https://api-scuda.uat.oci.krungsri.tech/ic/api/v1/customer/individual/updateprofile,249,0,18
1779799816599,344,CreateJoint,200,OK,CreateJoint 11-14,text,true,,1772,5957,4,99,https://api-scuda.uat.oci.krungsri.tech/ic/api/v1/customer/joint/createprofile,344,0,16
1779799816837,135,GetIndividual,200,OK,GetIndividual 1-139,text,true,,3881,3588,47,101,https://api-scuda.uat.oci.krungsri.tech/ic/api/v1/customer/individual/getprofile,135,0,21
1779799816950,24,SearchIndividual,200,OK,SearchIndividual 2-236,text,true,,1183,2602,1,100,https://api-scuda.uat.oci.krungsri.tech/ords/api/v1/customer/individual/searchprofile,24,0,12
1779799816894,95,GetIndividual,200,OK,GetIndividual 1-141,text,true,,3853,3588,46,100,https://api-scuda.uat.oci.krungsri.tech/ic/api/v1/customer/individual/getprofile,95,0,17
1779799816978,51,SearchJuristic,200,OK,SearchJuristic 6-14,text,true,,987,2600,1,102,https://api-scuda.uat.oci.krungsri.tech/ords/api/v1/customer/juristic/searchprofile,50,0,34
1779799816875,160,UpdateIndividual,200,OK,UpdateIndividual 4-94,text,true,,800,4227,29,101,https://api-scuda.uat.oci.krungsri.tech/ic/api/v1/customer/individual/updateprofile,160,0,21
1779799816850,193,GetJuristic,200,OK,GetJuristic 5-14,text,true,,3520,3533,7,101,https://api-scuda.uat.oci.krungsri.tech/ic/api/v1/customer/juristic/getprofile,193,0,20
1779799816869,174,GetIndividual,200,OK,GetIndividual 1-140,text,true,,3881,3586,46,101,https://api-scuda.uat.oci.krungsri.tech/ic/api/v1/customer/individual/getprofile,174,0,20
1779799816816,227,GetIndividual,200,OK,GetIndividual 1-138,text,true,,3891,3588,46,101,https://api-scuda.uat.oci.krungsri.tech/ic/api/v1/customer/individual/getprofile,227,0,21
1779799817036,25,SearchIndividual,200,OK,SearchIndividual 2-237,text,true,,1107,2602,1,98,https://api-scuda.uat.oci.krungsri.tech/ords/api/v1/customer/individual/searchprofile,25,0,14
1779799817072,35,SearchIndividual,200,OK,SearchIndividual 2-238,text,true,,1185,2602,2,100,https://api-scuda.uat.oci.krungsri.tech/ords/api/v1/customer/individual/searchprofile,35,0,23
1779799817089,33,SearchIndividual,200,OK,SearchIndividual 2-239,text,true,,1175,2602,2,100,https://api-scuda.uat.oci.krungsri.tech/ords/api/v1/customer/individual/searchprofile,33,0,22
1779799816971,168,GetIndividual,200,OK,GetIndividual 1-143,text,true,,3820,3587,45,99,https://api-scuda.uat.oci.krungsri.tech/ic/api/v1/customer/individual/getprofile,168,0,25
1779799816891,251,UpdateIndividual,200,OK,UpdateIndividual 4-95,text,true,,800,5552,28,98,https://api-scuda.uat.oci.krungsri.tech/ic/api/v1/customer/individual/updateprofile,251,0,22
1779799817122,27,SearchIndividual,200,OK,SearchIndividual 2-240,text,true,,1198,2601,1,97,https://api-scuda.uat.oci.krungsri.tech/ords/api/v1/customer/individual/searchprofile,27,0,15
1779799817187,39,SearchIndividual,200,OK,SearchIndividual 2-241,text,true,,1121,2602,3,102,https://api-scuda.uat.oci.krungsri.tech/ords/api/v1/customer/individual/searchprofile,38,0,26
1779799817195,33,SearchIndividual,200,OK,SearchIndividual 2-242,text,true,,1245,2602,3,102,https://api-scuda.uat.oci.krungsri.tech/ords/api/v1/customer/individual/searchprofile,33,0,20
1779799817026,213,UpdateIndividual,200,OK,UpdateIndividual 4-97,text,true,,800,4228,28,101,https://api-scuda.uat.oci.krungsri.tech/ic/api/v1/customer/individual/updateprofile,213,0,18
1779799816965,276,UpdateJuristic,200,OK,UpdateJuristic 8-14,text,true,,800,4426,3,100,https://api-scuda.uat.oci.krungsri.tech/ic/api/v1/customer/juristic/updateprofile,276,0,17
1779799817086,155,GetIndividual,200,OK,GetIndividual 1-145,text,true,,3905,3588,46,100,https://api-scuda.uat.oci.krungsri.tech/ic/api/v1/customer/individual/getprofile,155,0,22
1779799817223,43,SearchIndividual,200,OK,SearchIndividual 2-243,text,true,,1205,2602,2,98,https://api-scuda.uat.oci.krungsri.tech/ords/api/v1/customer/individual/searchprofile,42,0,22
1779799817227,46,SearchIndividual,200,OK,SearchIndividual 2-244,text,true,,1225,2602,1,97,https://api-scuda.uat.oci.krungsri.tech/ords/api/v1/customer/individual/searchprofile,46,0,34
1779799817025,310,UpdateIndividual,200,OK,UpdateIndividual 4-96,text,true,,800,5614,27,99,https://api-scuda.uat.oci.krungsri.tech/ic/api/v1/customer/individual/updateprofile,310,0,17
1779799817206,134,GetIndividual,200,OK,GetIndividual 1-147,text,true,,3810,3588,46,99,https://api-scuda.uat.oci.krungsri.tech/ic/api/v1/customer/individual/getprofile,134,0,36
1779799817334,32,SearchIndividual,200,OK,SearchIndividual 2-245,text,true,,1169,2602,3,100,https://api-scuda.uat.oci.krungsri.tech/ords/api/v1/customer/individual/searchprofile,32,0,19
1779799817338,30,SearchIndividual,200,OK,SearchIndividual 2-247,text,true,,1157,2602,2,99,https://api-scuda.uat.oci.krungsri.tech/ords/api/v1/customer/individual/searchprofile,30,0,19
1779799817336,33,SearchIndividual,200,OK,SearchIndividual 2-246,text,true,,1127,2602,1,98,https://api-scuda.uat.oci.krungsri.tech/ords/api/v1/customer/individual/searchprofile,33,0,22
1779799817377,33,SearchIndividual,200,OK,SearchIndividual 2-248,text,true,,1177,2602,2,100,https://api-scuda.uat.oci.krungsri.tech/ords/api/v1/customer/individual/searchprofile,33,0,22
1779799817385,28,SearchIndividual,200,OK,SearchIndividual 2-249,text,true,,1220,2601,1,99,https://api-scuda.uat.oci.krungsri.tech/ords/api/v1/customer/individual/searchprofile,28,0,17
1779799817286,140,GetIndividual,200,OK,GetIndividual 1-148,text,true,,3771,3588,45,99,https://api-scuda.uat.oci.krungsri.tech/ic/api/v1/customer/individual/getprofile,140,0,52
1779799817415,35,SearchIndividual,200,OK,SearchIndividual 2-250,text,true,,1205,2602,1,98,https://api-scuda.uat.oci.krungsri.tech/ords/api/v1/customer/individual/searchprofile,35,0,21
1779799817352,134,UpdateIndividual,200,OK,UpdateIndividual 4-99,text,true,,800,4226,28,101,https://api-scuda.uat.oci.krungsri.tech/ic/api/v1/customer/individual/updateprofile,134,0,18
1779799817455,35,SearchIndividual,200,OK,SearchIndividual 2-251,text,true,,1157,2602,2,100,https://api-scuda.uat.oci.krungsri.tech/ords/api/v1/customer/individual/searchprofile,35,0,23
1779799817463,31,SearchIndividual,200,OK,SearchIndividual 2-252,text,true,,1169,2602,1,100,https://api-scuda.uat.oci.krungsri.tech/ords/api/v1/customer/individual/searchprofile,31,0,21
1779799817498,31,SearchJoint,200,OK,SearchJoint 10-14,text,true,,621,2627,1,101,https://api-scuda.uat.oci.krungsri.tech/ords/api/v1/customer/joint/searchprofile,31,0,18
1779799817547,26,SearchIndividual,200,OK,SearchIndividual 2-254,text,true,,1193,2602,2,104,https://api-scuda.uat.oci.krungsri.tech/ords/api/v1/customer/individual/searchprofile,26,0,15
1779799817547,33,SearchIndividual,200,OK,SearchIndividual 2-253,text,true,,1099,2602,1,105,https://api-scuda.uat.oci.krungsri.tech/ords/api/v1/customer/individual/searchprofile,33,0,17
1779799817492,111,GetIndividual,200,OK,GetIndividual 1-150,text,true,,3921,3588,50,104,https://api-scuda.uat.oci.krungsri.tech/ic/api/v1/customer/individual/getprofile,111,0,29
1779799817614,33,SearchIndividual,200,OK,SearchIndividual 2-255,text,true,,1259,2602,3,111,https://api-scuda.uat.oci.krungsri.tech/ords/api/v1/customer/individual/searchprofile,33,0,21
1779799817624,28,SearchIndividual,200,OK,SearchIndividual 2-256,text,true,,1197,2602,3,111,https://api-scuda.uat.oci.krungsri.tech/ords/api/v1/customer/individual/searchprofile,28,0,15
1779799817451,203,GetIndividual,200,OK,GetIndividual 1-149,text,true,,3843,3588,51,111,https://api-scuda.uat.oci.krungsri.tech/ic/api/v1/customer/individual/getprofile,203,0,24
1779799817627,46,SearchIndividual,200,OK,SearchIndividual 2-257,text,true,,1121,2602,3,112,https://api-scuda.uat.oci.krungsri.tech/ords/api/v1/customer/individual/searchprofile,46,0,33
1779799817576,98,GetIndividual,200,OK,GetIndividual 1-153,text,true,,3845,3588,51,112,https://api-scuda.uat.oci.krungsri.tech/ic/api/v1/customer/individual/getprofile,98,0,21
1779799817653,28,SearchIndividual,200,OK,SearchIndividual 2-259,text,true,,1193,2602,2,111,https://api-scuda.uat.oci.krungsri.tech/ords/api/v1/customer/individual/searchprofile,28,0,16
1779799817649,33,SearchIndividual,200,OK,SearchIndividual 2-258,text,true,,1131,2602,1,110,https://api-scuda.uat.oci.krungsri.tech/ords/api/v1/customer/individual/searchprofile,33,0,22
1779799817686,32,SearchIndividual,200,OK,SearchIndividual 2-261,text,true,,1136,2601,3,112,https://api-scuda.uat.oci.krungsri.tech/ords/api/v1/customer/individual/searchprofile,32,0,20
1779799817686,40,SearchIndividual,200,OK,SearchIndividual 2-260,text,true,,1191,2602,3,112,https://api-scuda.uat.oci.krungsri.tech/ords/api/v1/customer/individual/searchprofile,40,0,25
1779799817698,43,SearchIndividual,200,OK,SearchIndividual 2-262,text,true,,1225,2602,2,111,https://api-scuda.uat.oci.krungsri.tech/ords/api/v1/customer/individual/searchprofile,43,0,30
1779799817579,168,GetIndividual,200,OK,GetIndividual 1-154,text,true,,3857,3588,50,110,https://api-scuda.uat.oci.krungsri.tech/ic/api/v1/customer/individual/getprofile,168,0,19
1779799817724,28,SearchIndividual,200,OK,SearchIndividual 2-263,text,true,,1151,2602,1,109,https://api-scuda.uat.oci.krungsri.tech/ords/api/v1/customer/individual/searchprofile,28,0,18
1779799817364,393,CreateIndividual,201,Created,CreateIndividual 3-14,text,true,,1172,8268,4,109,https://api-scuda.uat.oci.krungsri.tech/ic/api/v1/customer/individual/createprofile,393,0,15
1779799817796,28,SearchJoint,200,OK,SearchJoint 10-15,text,true,,621,2627,1,110,https://api-scuda.uat.oci.krungsri.tech/ords/api/v1/customer/joint/searchprofile,28,0,18
1779799817635,202,GetIndividual,200,OK,GetIndividual 1-156,text,true,,3835,3587,52,110,https://api-scuda.uat.oci.krungsri.tech/ic/api/v1/customer/individual/getprofile,202,0,19
1779799817628,214,UpdateIndividual,200,OK,UpdateIndividual 4-101,text,true,,800,5601,31,110,https://api-scuda.uat.oci.krungsri.tech/ic/api/v1/customer/individual/updateprofile,214,0,27
1779799817757,94,GetIndividual,200,OK,GetIndividual 1-158,text,true,,3879,3588,52,110,https://api-scuda.uat.oci.krungsri.tech/ic/api/v1/customer/individual/getprofile,94,0,18
1779799817859,30,SearchIndividual,200,OK,SearchIndividual 2-264,text,true,,1215,2602,2,112,https://api-scuda.uat.oci.krungsri.tech/ords/api/v1/customer/individual/searchprofile,30,0,16
1779799817880,26,SearchIndividual,200,OK,SearchIndividual 2-265,text,true,,1151,2602,1,111,https://api-scuda.uat.oci.krungsri.tech/ords/api/v1/customer/individual/searchprofile,26,0,15
1779799817940,27,SearchIndividual,200,OK,SearchIndividual 2-266,text,true,,1155,2602,1,114,https://api-scuda.uat.oci.krungsri.tech/ords/api/v1/customer/individual/searchprofile,27,0,15
1779799817994,31,SearchIndividual,200,OK,SearchIndividual 2-267,text,true,,1157,2602,3,118,https://api-scuda.uat.oci.krungsri.tech/ords/api/v1/customer/individual/searchprofile,31,0,20
1779799818025,30,SearchIndividual,200,OK,SearchIndividual 2-269,text,true,,1139,2602,5,122,https://api-scuda.uat.oci.krungsri.tech/ords/api/v1/customer/individual/searchprofile,30,0,17
1779799818019,31,SearchIndividual,200,OK,SearchIndividual 2-268,text,true,,1157,2602,3,119,https://api-scuda.uat.oci.krungsri.tech/ords/api/v1/customer/individual/searchprofile,31,0,19
1779799818055,32,SearchIndividual,200,OK,SearchIndividual 2-272,text,true,,1201,2602,6,124,https://api-scuda.uat.oci.krungsri.tech/ords/api/v1/customer/individual/searchprofile,32,0,18
1779799818055,40,SearchIndividual,200,OK,SearchIndividual 2-271,text,true,,1155,2602,5,123,https://api-scuda.uat.oci.krungsri.tech/ords/api/v1/customer/individual/searchprofile,40,0,23
1779799818043,53,SearchIndividual,200,OK,SearchIndividual 2-270,text,true,,1145,2602,4,122,https://api-scuda.uat.oci.krungsri.tech/ords/api/v1/customer/individual/searchprofile,53,0,31
1779799818073,29,SearchIndividual,200,OK,SearchIndividual 2-273,text,true,,1198,2601,3,121,https://api-scuda.uat.oci.krungsri.tech/ords/api/v1/customer/individual/searchprofile,28,0,16
1779799818085,28,SearchIndividual,200,OK,SearchIndividual 2-274,text,true,,1167,2602,3,121,https://api-scuda.uat.oci.krungsri.tech/ords/api/v1/customer/individual/searchprofile,28,0,17
1779799818085,33,SearchIndividual,200,OK,SearchIndividual 2-275,text,true,,1199,2602,3,121,https://api-scuda.uat.oci.krungsri.tech/ords/api/v1/customer/individual/searchprofile,33,0,19
1779799818108,33,SearchIndividual,200,OK,SearchIndividual 2-276,text,true,,1154,2601,4,122,https://api-scuda.uat.oci.krungsri.tech/ords/api/v1/customer/individual/searchprofile,33,0,18
1779799818116,30,SearchIndividual,200,OK,SearchIndividual 2-277,text,true,,1157,2602,3,121,https://api-scuda.uat.oci.krungsri.tech/ords/api/v1/customer/individual/searchprofile,30,0,19
1779799818126,23,SearchIndividual,200,OK,SearchIndividual 2-278,text,true,,1165,2602,2,120,https://api-scuda.uat.oci.krungsri.tech/ords/api/v1/customer/individual/searchprofile,23,0,12
1779799818135,27,SearchIndividual,200,OK,SearchIndividual 2-279,text,true,,1199,2602,1,120,https://api-scuda.uat.oci.krungsri.tech/ords/api/v1/customer/individual/searchprofile,27,0,17
1779799817936,241,UpdateIndividual,200,OK,UpdateIndividual 4-106,text,true,,800,5541,33,119,https://api-scuda.uat.oci.krungsri.tech/ic/api/v1/customer/individual/updateprofile,241,0,13
1779799818188,27,SearchIndividual,200,OK,SearchIndividual 2-280,text,true,,1173,2602,2,124,https://api-scuda.uat.oci.krungsri.tech/ords/api/v1/customer/individual/searchprofile,27,0,15
1779799818209,30,SearchIndividual,200,OK,SearchIndividual 2-281,text,true,,1175,2602,2,127,https://api-scuda.uat.oci.krungsri.tech/ords/api/v1/customer/individual/searchprofile,30,0,19
1779799818220,32,SearchJuristic,200,OK,SearchJuristic 6-15,text,true,,987,2599,1,126,https://api-scuda.uat.oci.krungsri.tech/ords/api/v1/customer/juristic/searchprofile,32,0,17
1779799818234,44,SearchIndividual,200,OK,SearchIndividual 2-282,text,true,,1193,2602,3,127,https://api-scuda.uat.oci.krungsri.tech/ords/api/v1/customer/individual/searchprofile,44,0,28
1779799818263,34,SearchIndividual,200,OK,SearchIndividual 2-283,text,true,,1177,2602,4,128,https://api-scuda.uat.oci.krungsri.tech/ords/api/v1/customer/individual/searchprofile,34,0,23
1779799818269,28,SearchIndividual,200,OK,SearchIndividual 2-284,text,true,,1157,2602,4,128,https://api-scuda.uat.oci.krungsri.tech/ords/api/v1/customer/individual/searchprofile,28,0,18
1779799818285,25,SearchIndividual,200,OK,SearchIndividual 2-285,text,true,,1173,2602,2,127,https://api-scuda.uat.oci.krungsri.tech/ords/api/v1/customer/individual/searchprofile,25,0,15
1779799818287,57,SearchIndividual,200,OK,SearchIndividual 2-286,text,true,,1219,2602,3,129,https://api-scuda.uat.oci.krungsri.tech/ords/api/v1/customer/individual/searchprofile,57,0,43
1779799818326,28,SearchIndividual,200,OK,SearchIndividual 2-288,text,true,,1151,2602,2,129,https://api-scuda.uat.oci.krungsri.tech/ords/api/v1/customer/individual/searchprofile,28,0,17
1779799818226,131,UpdateIndividual,200,OK,UpdateIndividual 4-109,text,true,,800,4227,36,128,https://api-scuda.uat.oci.krungsri.tech/ic/api/v1/customer/individual/updateprofile,131,0,13
1779799818201,167,UpdateIndividual,200,OK,UpdateIndividual 4-108,text,true,,800,5617,35,127,https://api-scuda.uat.oci.krungsri.tech/ic/api/v1/customer/individual/updateprofile,167,0,18
1779799818324,63,SearchIndividual,200,OK,SearchIndividual 2-287,text,true,,1151,2602,1,128,https://api-scuda.uat.oci.krungsri.tech/ords/api/v1/customer/individual/searchprofile,63,0,52
1779799818463,31,SearchIndividual,200,OK,SearchIndividual 2-289,text,true,,1165,2602,1,132,https://api-scuda.uat.oci.krungsri.tech/ords/api/v1/customer/individual/searchprofile,31,0,20
1779799818354,180,UpdateIndividual,200,OK,UpdateIndividual 4-111,text,true,,800,5607,36,131,https://api-scuda.uat.oci.krungsri.tech/ic/api/v1/customer/individual/updateprofile,180,0,22
1779799818339,210,UpdateIndividual,200,OK,UpdateIndividual 4-110,text,true,,800,5609,35,130,https://api-scuda.uat.oci.krungsri.tech/ic/api/v1/customer/individual/updateprofile,210,0,37
1779799818558,30,SearchIndividual,200,OK,SearchIndividual 2-290,text,true,,1125,2602,2,134,https://api-scuda.uat.oci.krungsri.tech/ords/api/v1/customer/individual/searchprofile,30,0,18
1779799818576,37,SearchIndividual,200,OK,SearchIndividual 2-291,text,true,,1149,2602,2,135,https://api-scuda.uat.oci.krungsri.tech/ords/api/v1/customer/individual/searchprofile,37,0,16
1779799818604,26,SearchIndividual,200,OK,SearchIndividual 2-292,text,true,,1187,2602,1,134,https://api-scuda.uat.oci.krungsri.tech/ords/api/v1/customer/individual/searchprofile,26,0,14
1779799818638,31,SearchIndividual,200,OK,SearchIndividual 2-293,text,true,,1143,2602,5,142,https://api-scuda.uat.oci.krungsri.tech/ords/api/v1/customer/individual/searchprofile,31,0,20
1779799818638,35,SearchIndividual,200,OK,SearchIndividual 2-294,text,true,,1199,2602,4,141,https://api-scuda.uat.oci.krungsri.tech/ords/api/v1/customer/individual/searchprofile,35,0,20
1779799818644,32,SearchIndividual,200,OK,SearchIndividual 2-296,text,true,,1227,2602,3,140,https://api-scuda.uat.oci.krungsri.tech/ords/api/v1/customer/individual/searchprofile,32,0,18
1779799818641,39,SearchIndividual,200,OK,SearchIndividual 2-295,text,true,,1227,2602,2,139,https://api-scuda.uat.oci.krungsri.tech/ords/api/v1/customer/individual/searchprofile,39,0,15
1779799818663,32,SearchIndividual,200,OK,SearchIndividual 2-297,text,true,,1133,2602,1,138,https://api-scuda.uat.oci.krungsri.tech/ords/api/v1/customer/individual/searchprofile,32,0,20
1779799818718,32,SearchJuristic,200,OK,SearchJuristic 6-16,text,true,,986,2600,1,140,https://api-scuda.uat.oci.krungsri.tech/ords/api/v1/customer/juristic/searchprofile,32,0,22
1779799818737,27,SearchIndividual,200,OK,SearchIndividual 2-298,text,true,,1139,2602,1,139,https://api-scuda.uat.oci.krungsri.tech/ords/api/v1/customer/individual/searchprofile,27,0,16
1779799818780,29,SearchIndividual,200,OK,SearchIndividual 2-299,text,true,,1181,2602,2,140,https://api-scuda.uat.oci.krungsri.tech/ords/api/v1/customer/individual/searchprofile,28,0,17
1779799818790,33,SearchIndividual,200,OK,SearchIndividual 2-300,text,true,,1206,2601,1,140,https://api-scuda.uat.oci.krungsri.tech/ords/api/v1/customer/individual/searchprofile,33,0,19
1779799818890,26,SearchIndividual,200,OK,SearchIndividual 2-301,text,true,,1137,2602,1,144,https://api-scuda.uat.oci.krungsri.tech/ords/api/v1/customer/individual/searchprofile,26,0,15
1779799818922,31,SearchIndividual,200,OK,SearchIndividual 2-302,text,true,,1271,2602,2,148,https://api-scuda.uat.oci.krungsri.tech/ords/api/v1/customer/individual/searchprofile,31,0,18
1779799818949,41,SearchIndividual,200,OK,SearchIndividual 2-303,text,true,,1175,2602,1,148,https://api-scuda.uat.oci.krungsri.tech/ords/api/v1/customer/individual/searchprofile,40,0,21
1779799818995,33,SearchIndividual,200,OK,SearchIndividual 2-304,text,true,,1141,2602,3,154,https://api-scuda.uat.oci.krungsri.tech/ords/api/v1/customer/individual/searchprofile,33,0,20
1779799819022,30,SearchIndividual,200,OK,SearchIndividual 2-306,text,true,,1195,2602,2,153,https://api-scuda.uat.oci.krungsri.tech/ords/api/v1/customer/individual/searchprofile,30,0,17
1779799819022,52,SearchIndividual,200,OK,SearchIndividual 2-305,text,true,,1189,2602,2,153,https://api-scuda.uat.oci.krungsri.tech/ords/api/v1/customer/individual/searchprofile,52,0,35
1779799819061,27,SearchIndividual,200,OK,SearchIndividual 2-307,text,true,,1169,2602,2,155,https://api-scuda.uat.oci.krungsri.tech/ords/api/v1/customer/individual/searchprofile,27,0,17
1779799819081,21,SearchIndividual,200,OK,SearchIndividual 2-308,text,true,,1173,2602,1,155,https://api-scuda.uat.oci.krungsri.tech/ords/api/v1/customer/individual/searchprofile,21,0,10
1779799819113,28,SearchIndividual,200,OK,SearchIndividual 2-310,text,true,,1155,2602,2,158,https://api-scuda.uat.oci.krungsri.tech/ords/api/v1/customer/individual/searchprofile,28,0,17
1779799819114,30,SearchIndividual,200,OK,SearchIndividual 2-309,text,true,,1247,2602,2,158,https://api-scuda.uat.oci.krungsri.tech/ords/api/v1/customer/individual/searchprofile,29,0,18
1779799819143,24,SearchIndividual,200,OK,SearchIndividual 2-311,text,true,,1159,2602,1,158,https://api-scuda.uat.oci.krungsri.tech/ords/api/v1/customer/individual/searchprofile,24,0,13
1779799819187,40,SearchIndividual,200,OK,SearchIndividual 2-312,text,true,,1163,2602,1,160,https://api-scuda.uat.oci.krungsri.tech/ords/api/v1/customer/individual/searchprofile,40,0,18
1779799819228,47,SearchIndividual,200,OK,SearchIndividual 2-313,text,true,,1129,2602,1,161,https://api-scuda.uat.oci.krungsri.tech/ords/api/v1/customer/individual/searchprofile,47,0,36
1779799819298,28,SearchIndividual,200,OK,SearchIndividual 2-314,text,true,,1121,2602,1,165,https://api-scuda.uat.oci.krungsri.tech/ords/api/v1/customer/individual/searchprofile,27,0,16
1779799819331,46,SearchIndividual,200,OK,SearchIndividual 2-315,text,true,,1199,2602,2,170,https://api-scuda.uat.oci.krungsri.tech/ords/api/v1/customer/individual/searchprofile,46,0,30
1779799819371,35,SearchIndividual,200,OK,SearchIndividual 2-316,text,true,,1198,2601,2,172,https://api-scuda.uat.oci.krungsri.tech/ords/api/v1/customer/individual/searchprofile,35,0,21
1779799819413,27,SearchIndividual,200,OK,SearchIndividual 2-318,text,true,,1167,2602,3,175,https://api-scuda.uat.oci.krungsri.tech/ords/api/v1/customer/individual/searchprofile,26,0,16
1779799819390,55,SearchIndividual,200,OK,SearchIndividual 2-317,text,true,,1203,2602,3,175,https://api-scuda.uat.oci.krungsri.tech/ords/api/v1/customer/individual/searchprofile,54,0,35
1779799819431,35,SearchIndividual,200,OK,SearchIndividual 2-319,text,true,,1123,2602,4,178,https://api-scuda.uat.oci.krungsri.tech/ords/api/v1/customer/individual/searchprofile,35,0,23
1779799819444,29,SearchIndividual,200,OK,SearchIndividual 2-320,text,true,,1141,2602,3,177,https://api-scuda.uat.oci.krungsri.tech/ords/api/v1/customer/individual/searchprofile,29,0,18
1779799819464,32,SearchIndividual,200,OK,SearchIndividual 2-321,text,true,,1219,2602,3,180,https://api-scuda.uat.oci.krungsri.tech/ords/api/v1/customer/individual/searchprofile,32,0,19
1779799819488,25,SearchJoint,200,OK,SearchJoint 10-16,text,true,,621,2627,1,180,https://api-scuda.uat.oci.krungsri.tech/ords/api/v1/customer/joint/searchprofile,25,0,10
1779799819475,38,SearchIndividual,200,OK,SearchIndividual 2-323,text,true,,1163,2602,3,180,https://api-scuda.uat.oci.krungsri.tech/ords/api/v1/customer/individual/searchprofile,38,0,27
1779799819464,51,SearchIndividual,200,OK,SearchIndividual 2-322,text,true,,1137,2602,2,178,https://api-scuda.uat.oci.krungsri.tech/ords/api/v1/customer/individual/searchprofile,49,0,23
1779799819510,28,SearchIndividual,200,OK,SearchIndividual 2-324,text,true,,1170,2601,2,178,https://api-scuda.uat.oci.krungsri.tech/ords/api/v1/customer/individual/searchprofile,28,0,17
1779799819522,31,SearchIndividual,200,OK,SearchIndividual 2-325,text,true,,1105,2602,2,178,https://api-scuda.uat.oci.krungsri.tech/ords/api/v1/customer/individual/searchprofile,31,0,20
1779799819547,33,SearchIndividual,200,OK,SearchIndividual 2-326,text,true,,1153,2602,3,180,https://api-scuda.uat.oci.krungsri.tech/ords/api/v1/customer/individual/searchprofile,32,0,22
1779799819565,29,SearchIndividual,200,OK,SearchIndividual 2-328,text,true,,1139,2602,2,180,https://api-scuda.uat.oci.krungsri.tech/ords/api/v1/customer/individual/searchprofile,29,0,18
1779799819561,35,SearchIndividual,200,OK,SearchIndividual 2-327,text,true,,1197,2602,1,179,https://api-scuda.uat.oci.krungsri.tech/ords/api/v1/customer/individual/searchprofile,34,0,21
1779799819625,30,SearchIndividual,200,OK,SearchIndividual 2-329,text,true,,1193,2602,1,186,https://api-scuda.uat.oci.krungsri.tech/ords/api/v1/customer/individual/searchprofile,30,0,20
1779799819630,28,SearchJuristic,200,OK,SearchJuristic 6-17,text,true,,983,2600,1,185,https://api-scuda.uat.oci.krungsri.tech/ords/api/v1/customer/juristic/searchprofile,28,0,12
1779799819658,31,SearchIndividual,200,OK,SearchIndividual 2-330,text,true,,1213,2602,1,185,https://api-scuda.uat.oci.krungsri.tech/ords/api/v1/customer/individual/searchprofile,31,0,19
1779799819748,36,SearchIndividual,200,OK,SearchIndividual 2-331,text,true,,1153,2600,3,197,https://api-scuda.uat.oci.krungsri.tech/ords/api/v1/customer/individual/searchprofile,35,0,21
1779799819748,44,SearchIndividual,200,OK,SearchIndividual 2-332,text,true,,1191,2600,2,196,https://api-scuda.uat.oci.krungsri.tech/ords/api/v1/customer/individual/searchprofile,44,0,25
1779799819759,36,SearchIndividual,200,OK,SearchIndividual 2-333,text,true,,1167,2602,1,195,https://api-scuda.uat.oci.krungsri.tech/ords/api/v1/customer/individual/searchprofile,36,0,20
1779799819880,31,SearchIndividual,200,OK,SearchIndividual 2-334,text,true,,1183,2602,4,200,https://api-scuda.uat.oci.krungsri.tech/ords/api/v1/customer/individual/searchprofile,29,0,11
1779799819884,34,SearchIndividual,200,OK,SearchIndividual 2-335,text,true,,1203,2602,4,200,https://api-scuda.uat.oci.krungsri.tech/ords/api/v1/customer/individual/searchprofile,34,0,17
1779799819891,32,SearchIndividual,200,OK,SearchIndividual 2-336,text,true,,1171,2602,4,201,https://api-scuda.uat.oci.krungsri.tech/ords/api/v1/customer/individual/searchprofile,32,0,21
1779799819901,23,SearchIndividual,200,OK,SearchIndividual 2-337,text,true,,1209,2602,4,201,https://api-scuda.uat.oci.krungsri.tech/ords/api/v1/customer/individual/searchprofile,23,0,11
1779799819916,24,SearchIndividual,200,OK,SearchIndividual 2-338,text,true,,1151,2602,3,200,https://api-scuda.uat.oci.krungsri.tech/ords/api/v1/customer/individual/searchprofile,23,0,13
1779799819921,29,SearchJoint,200,OK,SearchJoint 10-17,text,true,,621,2627,1,201,https://api-scuda.uat.oci.krungsri.tech/ords/api/v1/customer/joint/searchprofile,29,0,18
1779799819924,26,SearchIndividual,200,OK,SearchIndividual 2-339,text,true,,1181,2602,3,200,https://api-scuda.uat.oci.krungsri.tech/ords/api/v1/customer/individual/searchprofile,26,0,16
1779799819928,25,SearchIndividual,200,OK,SearchIndividual 2-340,text,true,,1159,2602,2,199,https://api-scuda.uat.oci.krungsri.tech/ords/api/v1/customer/individual/searchprofile,25,0,14
1779799819948,27,SearchIndividual,200,OK,SearchIndividual 2-341,text,true,,1215,2602,2,202,https://api-scuda.uat.oci.krungsri.tech/ords/api/v1/customer/individual/searchprofile,27,0,17
1779799819969,30,SearchIndividual,200,OK,SearchIndividual 2-342,text,true,,1179,2602,4,204,https://api-scuda.uat.oci.krungsri.tech/ords/api/v1/customer/individual/searchprofile,30,0,19
1779799819987,29,SearchIndividual,200,OK,SearchIndividual 2-343,text,true,,1229,2602,3,203,https://api-scuda.uat.oci.krungsri.tech/ords/api/v1/customer/individual/searchprofile,28,0,18
1779799819989,29,SearchIndividual,200,OK,SearchIndividual 2-344,text,true,,1147,2602,2,202,https://api-scuda.uat.oci.krungsri.tech/ords/api/v1/customer/individual/searchprofile,28,0,18
1779799819997,27,SearchIndividual,200,OK,SearchIndividual 2-345,text,true,,1180,2601,1,202,https://api-scuda.uat.oci.krungsri.tech/ords/api/v1/customer/individual/searchprofile,27,0,17
1779799820035,59,SearchIndividual,200,OK,SearchIndividual 2-346,text,true,,1109,2602,2,203,https://api-scuda.uat.oci.krungsri.tech/ords/api/v1/customer/individual/searchprofile,59,0,41
1779799820087,35,SearchIndividual,200,OK,SearchIndividual 2-347,text,true,,1165,2602,2,204,https://api-scuda.uat.oci.krungsri.tech/ords/api/v1/customer/individual/searchprofile,35,0,23
1779799820112,25,SearchIndividual,200,OK,SearchIndividual 2-348,text,true,,1157,2602,2,205,https://api-scuda.uat.oci.krungsri.tech/ords/api/v1/customer/individual/searchprofile,25,0,11
1779799820161,22,SearchIndividual,200,OK,SearchIndividual 2-351,text,true,,1155,2602,4,212,https://api-scuda.uat.oci.krungsri.tech/ords/api/v1/customer/individual/searchprofile,21,0,11
1779799820132,53,SearchIndividual,200,OK,SearchIndividual 2-349,text,true,,1143,2602,3,211,https://api-scuda.uat.oci.krungsri.tech/ords/api/v1/customer/individual/searchprofile,53,0,42
1779799820147,52,SearchIndividual,200,OK,SearchIndividual 2-350,text,true,,1145,2602,2,210,https://api-scuda.uat.oci.krungsri.tech/ords/api/v1/customer/individual/searchprofile,51,0,40
1779799820183,29,SearchIndividual,200,OK,SearchIndividual 2-352,text,true,,1217,2602,1,209,https://api-scuda.uat.oci.krungsri.tech/ords/api/v1/customer/individual/searchprofile,29,0,18
1779799820225,29,SearchIndividual,200,OK,SearchIndividual 2-353,text,true,,1188,2601,1,209,https://api-scuda.uat.oci.krungsri.tech/ords/api/v1/customer/individual/searchprofile,29,0,16
1779799820256,33,SearchIndividual,200,OK,SearchIndividual 2-354,text,true,,1131,2602,3,213,https://api-scuda.uat.oci.krungsri.tech/ords/api/v1/customer/individual/searchprofile,33,0,22
1779799820261,36,SearchIndividual,200,OK,SearchIndividual 2-355,text,true,,1161,2602,2,212,https://api-scuda.uat.oci.krungsri.tech/ords/api/v1/customer/individual/searchprofile,36,0,25
1779799820275,28,SearchIndividual,200,OK,SearchIndividual 2-356,text,true,,1161,2602,1,212,https://api-scuda.uat.oci.krungsri.tech/ords/api/v1/customer/individual/searchprofile,28,0,18
1779799820320,25,SearchIndividual,200,OK,SearchIndividual 2-357,text,true,,1129,2602,2,214,https://api-scuda.uat.oci.krungsri.tech/ords/api/v1/customer/individual/searchprofile,25,0,15
1779799820330,38,SearchIndividual,200,OK,SearchIndividual 2-358,text,true,,1185,2602,1,213,https://api-scuda.uat.oci.krungsri.tech/ords/api/v1/customer/individual/searchprofile,38,0,25
1779799820374,39,SearchIndividual,200,OK,SearchIndividual 2-359,text,true,,1241,2602,3,218,https://api-scuda.uat.oci.krungsri.tech/ords/api/v1/customer/individual/searchprofile,35,0,21
1779799820384,30,SearchIndividual,200,OK,SearchIndividual 2-360,text,true,,1139,2602,2,217,https://api-scuda.uat.oci.krungsri.tech/ords/api/v1/customer/individual/searchprofile,29,0,19
1779799820396,24,SearchIndividual,200,OK,SearchIndividual 2-361,text,true,,1215,2602,2,217,https://api-scuda.uat.oci.krungsri.tech/ords/api/v1/customer/individual/searchprofile,24,0,14
1779799820417,34,SearchIndividual,200,OK,SearchIndividual 2-362,text,true,,1205,2602,1,217,https://api-scuda.uat.oci.krungsri.tech/ords/api/v1/customer/individual/searchprofile,34,0,21
1779799820473,36,SearchIndividual,200,OK,SearchIndividual 2-363,text,true,,1127,2602,4,225,https://api-scuda.uat.oci.krungsri.tech/ords/api/v1/customer/individual/searchprofile,36,0,19
1779799820497,27,SearchIndividual,200,OK,SearchIndividual 2-366,text,true,,1179,2602,3,224,https://api-scuda.uat.oci.krungsri.tech/ords/api/v1/customer/individual/searchprofile,26,0,16
1779799820487,39,SearchIndividual,200,OK,SearchIndividual 2-364,text,true,,1167,2602,2,224,https://api-scuda.uat.oci.krungsri.tech/ords/api/v1/customer/individual/searchprofile,39,0,29
1779799820497,49,SearchIndividual,200,OK,SearchIndividual 2-365,text,true,,1111,2602,1,224,https://api-scuda.uat.oci.krungsri.tech/ords/api/v1/customer/individual/searchprofile,49,0,31
1779799820551,27,SearchIndividual,200,OK,SearchIndividual 2-367,text,true,,1173,2602,2,226,https://api-scuda.uat.oci.krungsri.tech/ords/api/v1/customer/individual/searchprofile,27,0,11
1779799820575,29,SearchIndividual,200,OK,SearchIndividual 2-368,text,true,,1187,2602,3,230,https://api-scuda.uat.oci.krungsri.tech/ords/api/v1/customer/individual/searchprofile,28,0,15
1779799820594,24,SearchIndividual,200,OK,SearchIndividual 2-370,text,true,,1171,2602,3,231,https://api-scuda.uat.oci.krungsri.tech/ords/api/v1/customer/individual/searchprofile,24,0,13
1779799820593,26,SearchIndividual,200,OK,SearchIndividual 2-369,text,true,,1169,2602,2,230,https://api-scuda.uat.oci.krungsri.tech/ords/api/v1/customer/individual/searchprofile,26,0,15
1779799820623,24,SearchJoint,200,OK,SearchJoint 10-18,text,true,,621,2627,1,233,https://api-scuda.uat.oci.krungsri.tech/ords/api/v1/customer/joint/searchprofile,23,0,13
1779799820616,31,SearchIndividual,200,OK,SearchIndividual 2-371,text,true,,1192,2601,4,232,https://api-scuda.uat.oci.krungsri.tech/ords/api/v1/customer/individual/searchprofile,31,0,17
1779799820635,25,SearchIndividual,200,OK,SearchIndividual 2-373,text,true,,1175,2602,3,231,https://api-scuda.uat.oci.krungsri.tech/ords/api/v1/customer/individual/searchprofile,25,0,15
1779799820631,30,SearchIndividual,200,OK,SearchIndividual 2-372,text,true,,1231,2602,2,230,https://api-scuda.uat.oci.krungsri.tech/ords/api/v1/customer/individual/searchprofile,30,0,20
1779799820644,31,SearchIndividual,200,OK,SearchIndividual 2-374,text,true,,1157,2602,2,230,https://api-scuda.uat.oci.krungsri.tech/ords/api/v1/customer/individual/searchprofile,30,0,20
1779799820669,28,SearchIndividual,200,OK,SearchIndividual 2-375,text,true,,1141,2602,1,229,https://api-scuda.uat.oci.krungsri.tech/ords/api/v1/customer/individual/searchprofile,28,0,18
1779799820746,36,SearchIndividual,200,OK,SearchIndividual 2-376,text,true,,1181,2602,2,238,https://api-scuda.uat.oci.krungsri.tech/ords/api/v1/customer/individual/searchprofile,36,0,26
1779799820769,47,SearchIndividual,200,OK,SearchIndividual 2-377,text,true,,1163,2602,3,241,https://api-scuda.uat.oci.krungsri.tech/ords/api/v1/customer/individual/searchprofile,47,0,20
1779799820791,45,SearchIndividual,200,OK,SearchIndividual 2-378,text,true,,1150,2601,2,240,https://api-scuda.uat.oci.krungsri.tech/ords/api/v1/customer/individual/searchprofile,45,0,28
1779799820808,30,SearchIndividual,200,OK,SearchIndividual 2-379,text,true,,1151,2602,2,240,https://api-scuda.uat.oci.krungsri.tech/ords/api/v1/customer/individual/searchprofile,30,0,20
1779799820838,23,SearchIndividual,200,OK,SearchIndividual 2-380,text,true,,1151,2602,2,241,https://api-scuda.uat.oci.krungsri.tech/ords/api/v1/customer/individual/searchprofile,23,0,11
1779799820846,32,SearchJuristic,200,OK,SearchJuristic 6-18,text,true,,973,2600,1,242,https://api-scuda.uat.oci.krungsri.tech/ords/api/v1/customer/juristic/searchprofile,32,0,20
1779799820860,30,SearchIndividual,200,OK,SearchIndividual 2-381,text,true,,1127,2602,5,244,https://api-scuda.uat.oci.krungsri.tech/ords/api/v1/customer/individual/searchprofile,30,0,17
1779799820869,30,SearchIndividual,200,OK,SearchIndividual 2-382,text,true,,1173,2602,4,245,https://api-scuda.uat.oci.krungsri.tech/ords/api/v1/customer/individual/searchprofile,30,0,19
1779799820881,24,SearchIndividual,200,OK,SearchIndividual 2-383,text,true,,1167,2602,5,246,https://api-scuda.uat.oci.krungsri.tech/ords/api/v1/customer/individual/searchprofile,23,0,12
1779799820888,32,SearchIndividual,200,OK,SearchIndividual 2-385,text,true,,1167,2602,4,245,https://api-scuda.uat.oci.krungsri.tech/ords/api/v1/customer/individual/searchprofile,32,0,16
1779799820889,31,SearchIndividual,200,OK,SearchIndividual 2-384,text,true,,1157,2602,3,244,https://api-scuda.uat.oci.krungsri.tech/ords/api/v1/customer/individual/searchprofile,31,0,17
1779799820901,30,SearchIndividual,200,OK,SearchIndividual 2-386,text,true,,1121,2602,2,243,https://api-scuda.uat.oci.krungsri.tech/ords/api/v1/customer/individual/searchprofile,30,0,19
1779799820903,29,SearchIndividual,200,OK,SearchIndividual 2-387,text,true,,1156,2601,1,242,https://api-scuda.uat.oci.krungsri.tech/ords/api/v1/customer/individual/searchprofile,29,0,18
1779799820965,29,SearchIndividual,200,OK,SearchIndividual 2-388,text,true,,1159,2602,1,246,https://api-scuda.uat.oci.krungsri.tech/ords/api/v1/customer/individual/searchprofile,29,0,18
1779799821001,29,SearchIndividual,200,OK,SearchIndividual 2-389,text,true,,1111,2602,4,252,https://api-scuda.uat.oci.krungsri.tech/ords/api/v1/customer/individual/searchprofile,29,0,18
1779799821028,29,SearchIndividual,200,OK,SearchIndividual 2-391,text,true,,1185,2602,4,254,https://api-scuda.uat.oci.krungsri.tech/ords/api/v1/customer/individual/searchprofile,29,0,15
1779799821029,32,SearchIndividual,200,OK,SearchIndividual 2-392,text,true,,1151,2602,3,253,https://api-scuda.uat.oci.krungsri.tech/ords/api/v1/customer/individual/searchprofile,32,0,21
1779799821028,34,SearchIndividual,200,OK,SearchIndividual 2-390,text,true,,1165,2602,3,253,https://api-scuda.uat.oci.krungsri.tech/ords/api/v1/customer/individual/searchprofile,34,0,23
1779799821057,28,SearchIndividual,200,OK,SearchIndividual 2-393,text,true,,1159,2602,1,253,https://api-scuda.uat.oci.krungsri.tech/ords/api/v1/customer/individual/searchprofile,28,0,17
1779799821161,29,SearchIndividual,200,OK,SearchIndividual 2-394,text,true,,1179,2602,1,257,https://api-scuda.uat.oci.krungsri.tech/ords/api/v1/customer/individual/searchprofile,29,0,19
1779799821215,22,SearchIndividual,200,OK,SearchIndividual 2-396,text,true,,1155,2602,3,260,https://api-scuda.uat.oci.krungsri.tech/ords/api/v1/customer/individual/searchprofile,21,0,11
1779799821209,45,SearchIndividual,200,OK,SearchIndividual 2-395,text,true,,1187,2602,2,262,https://api-scuda.uat.oci.krungsri.tech/ords/api/v1/customer/individual/searchprofile,45,0,34
1779799821226,56,SearchIndividual,200,OK,SearchIndividual 2-397,text,true,,1223,2602,1,263,https://api-scuda.uat.oci.krungsri.tech/ords/api/v1/customer/individual/searchprofile,56,0,46
1779799821285,27,SearchIndividual,200,OK,SearchIndividual 2-398,text,true,,1171,2602,4,267,https://api-scuda.uat.oci.krungsri.tech/ords/api/v1/customer/individual/searchprofile,27,0,17
1779799821301,22,SearchIndividual,200,OK,SearchIndividual 2-400,text,true,,1177,2602,3,267,https://api-scuda.uat.oci.krungsri.tech/ords/api/v1/customer/individual/searchprofile,22,0,11
1779799821285,43,SearchIndividual,200,OK,SearchIndividual 2-399,text,true,,1103,2602,2,266,https://api-scuda.uat.oci.krungsri.tech/ords/api/v1/customer/individual/searchprofile,43,0,32
1779799821306,35,SearchIndividual,200,OK,SearchIndividual 2-401,text,true,,1137,2602,1,265,https://api-scuda.uat.oci.krungsri.tech/ords/api/v1/customer/individual/searchprofile,34,0,23
1779799821343,32,SearchIndividual,200,OK,SearchIndividual 2-402,text,true,,1175,2602,1,268,https://api-scuda.uat.oci.krungsri.tech/ords/api/v1/customer/individual/searchprofile,32,0,20
1779799821377,21,SearchIndividual,200,OK,SearchIndividual 2-403,text,true,,1095,2602,3,272,https://api-scuda.uat.oci.krungsri.tech/ords/api/v1/customer/individual/searchprofile,20,0,10
1779799821387,29,SearchIndividual,200,OK,SearchIndividual 2-404,text,true,,1185,2602,2,273,https://api-scuda.uat.oci.krungsri.tech/ords/api/v1/customer/individual/searchprofile,29,0,19
1779799821390,44,SearchIndividual,200,OK,SearchIndividual 2-405,text,true,,1165,2602,1,272,https://api-scuda.uat.oci.krungsri.tech/ords/api/v1/customer/individual/searchprofile,44,0,26
1779799821485,26,SearchIndividual,200,OK,SearchIndividual 2-406,text,true,,1169,2602,2,275,https://api-scuda.uat.oci.krungsri.tech/ords/api/v1/customer/individual/searchprofile,26,0,15
1779799821485,31,SearchIndividual,200,OK,SearchIndividual 2-407,text,true,,1181,2602,2,275,https://api-scuda.uat.oci.krungsri.tech/ords/api/v1/customer/individual/searchprofile,31,0,21
1779799821513,32,SearchIndividual,200,OK,SearchIndividual 2-408,text,true,,1205,2602,3,276,https://api-scuda.uat.oci.krungsri.tech/ords/api/v1/customer/individual/searchprofile,30,0,19
1779799821527,28,SearchIndividual,200,OK,SearchIndividual 2-410,text,true,,1233,2602,3,276,https://api-scuda.uat.oci.krungsri.tech/ords/api/v1/customer/individual/searchprofile,27,0,16
1779799821524,29,SearchIndividual,200,OK,SearchIndividual 2-409,text,true,,1179,2602,3,276,https://api-scuda.uat.oci.krungsri.tech/ords/api/v1/customer/individual/searchprofile,29,0,17
1779799821548,26,SearchIndividual,200,OK,SearchIndividual 2-411,text,true,,1165,2602,1,275,https://api-scuda.uat.oci.krungsri.tech/ords/api/v1/customer/individual/searchprofile,26,0,15
1779799821593,29,SearchIndividual,200,OK,SearchIndividual 2-412,text,true,,1141,2602,3,280,https://api-scuda.uat.oci.krungsri.tech/ords/api/v1/customer/individual/searchprofile,29,0,19
1779799821613,28,SearchIndividual,200,OK,SearchIndividual 2-413,text,true,,1157,2602,2,281,https://api-scuda.uat.oci.krungsri.tech/ords/api/v1/customer/individual/searchprofile,28,0,18
1779799821621,30,SearchIndividual,200,OK,SearchIndividual 2-414,text,true,,1217,2602,2,281,https://api-scuda.uat.oci.krungsri.tech/ords/api/v1/customer/individual/searchprofile,29,0,18
1779799821651,35,SearchIndividual,200,OK,SearchIndividual 2-415,text,true,,1137,2602,2,282,https://api-scuda.uat.oci.krungsri.tech/ords/api/v1/customer/individual/searchprofile,34,0,24
1779799821683,23,SearchIndividual,200,OK,SearchIndividual 2-416,text,true,,1195,2602,1,281,https://api-scuda.uat.oci.krungsri.tech/ords/api/v1/customer/individual/searchprofile,23,0,12
1779799821708,31,SearchIndividual,200,OK,SearchIndividual 2-417,text,true,,1195,2602,3,285,https://api-scuda.uat.oci.krungsri.tech/ords/api/v1/customer/individual/searchprofile,31,0,19
1779799821708,35,SearchIndividual,200,OK,SearchIndividual 2-418,text,true,,1145,2602,2,284,https://api-scuda.uat.oci.krungsri.tech/ords/api/v1/customer/individual/searchprofile,35,0,24
1779799821721,39,SearchIndividual,200,OK,SearchIndividual 2-419,text,true,,1197,2602,2,285,https://api-scuda.uat.oci.krungsri.tech/ords/api/v1/customer/individual/searchprofile,38,0,28
1779799821745,29,SearchIndividual,200,OK,SearchIndividual 2-420,text,true,,1254,2601,1,286,https://api-scuda.uat.oci.krungsri.tech/ords/api/v1/customer/individual/searchprofile,29,0,19
1779799821778,29,SearchIndividual,200,OK,SearchIndividual 2-421,text,true,,1127,2602,1,288,https://api-scuda.uat.oci.krungsri.tech/ords/api/v1/customer/individual/searchprofile,29,0,19
1779799821791,31,SearchJoint,200,OK,SearchJoint 10-19,text,true,,621,2627,1,288,https://api-scuda.uat.oci.krungsri.tech/ords/api/v1/customer/joint/searchprofile,30,0,20
1779799821823,27,SearchIndividual,200,OK,SearchIndividual 2-422,text,true,,1139,2602,2,289,https://api-scuda.uat.oci.krungsri.tech/ords/api/v1/customer/individual/searchprofile,27,0,16
1779799821849,30,SearchIndividual,200,OK,SearchIndividual 2-423,text,true,,1197,2602,2,290,https://api-scuda.uat.oci.krungsri.tech/ords/api/v1/customer/individual/searchprofile,30,0,19
1779799821869,27,SearchIndividual,200,OK,SearchIndividual 2-424,text,true,,1173,2602,1,290,https://api-scuda.uat.oci.krungsri.tech/ords/api/v1/customer/individual/searchprofile,27,0,17
1779799821906,30,SearchIndividual,200,OK,SearchIndividual 2-425,text,true,,1144,2601,3,298,https://api-scuda.uat.oci.krungsri.tech/ords/api/v1/customer/individual/searchprofile,29,0,19
1779799821917,26,SearchJuristic,200,OK,SearchJuristic 6-19,text,true,,988,2600,1,297,https://api-scuda.uat.oci.krungsri.tech/ords/api/v1/customer/juristic/searchprofile,26,0,16
1779799821908,37,SearchIndividual,200,OK,SearchIndividual 2-426,text,true,,1190,2601,2,296,https://api-scuda.uat.oci.krungsri.tech/ords/api/v1/customer/individual/searchprofile,37,0,26
1779799821921,31,SearchIndividual,200,OK,SearchIndividual 2-427,text,true,,1131,2602,1,296,https://api-scuda.uat.oci.krungsri.tech/ords/api/v1/customer/individual/searchprofile,31,0,20
1779799821959,58,SearchIndividual,200,OK,SearchIndividual 2-428,text,true,,1179,2602,3,301,https://api-scuda.uat.oci.krungsri.tech/ords/api/v1/customer/individual/searchprofile,58,0,21
1779799821962,56,SearchIndividual,200,OK,SearchIndividual 2-429,text,true,,1227,2602,2,300,https://api-scuda.uat.oci.krungsri.tech/ords/api/v1/customer/individual/searchprofile,54,0,20
1779799822000,36,SearchIndividual,200,OK,SearchIndividual 2-430,text,true,,1183,2602,2,300,https://api-scuda.uat.oci.krungsri.tech/ords/api/v1/customer/individual/searchprofile,36,0,25
1779799822039,21,SearchIndividual,200,OK,SearchIndividual 2-432,text,true,,1189,2602,3,301,https://api-scuda.uat.oci.krungsri.tech/ords/api/v1/customer/individual/searchprofile,20,0,10
1779799822023,27,SearchIndividual,200,OK,SearchIndividual 2-431,text,true,,1185,2602,3,301,https://api-scuda.uat.oci.krungsri.tech/ords/api/v1/customer/individual/searchprofile,27,0,16
1779799822043,25,SearchIndividual,200,OK,SearchIndividual 2-433,text,true,,1169,2602,2,301,https://api-scuda.uat.oci.krungsri.tech/ords/api/v1/customer/individual/searchprofile,25,0,14
1779799822068,34,SearchIndividual,200,OK,SearchIndividual 2-434,text,true,,1127,2602,4,309,https://api-scuda.uat.oci.krungsri.tech/ords/api/v1/customer/individual/searchprofile,34,0,21
1779799822081,30,SearchIndividual,200,OK,SearchIndividual 2-435,text,true,,1189,2602,3,309,https://api-scuda.uat.oci.krungsri.tech/ords/api/v1/customer/individual/searchprofile,30,0,19
1779799822081,38,SearchIndividual,200,OK,SearchIndividual 2-436,text,true,,1186,2601,2,308,https://api-scuda.uat.oci.krungsri.tech/ords/api/v1/customer/individual/searchprofile,38,0,22
1779799822087,33,SearchIndividual,200,OK,SearchIndividual 2-437,text,true,,1181,2602,1,307,https://api-scuda.uat.oci.krungsri.tech/ords/api/v1/customer/individual/searchprofile,33,0,21
1779799822124,36,SearchIndividual,200,OK,SearchIndividual 2-438,text,true,,1162,2601,2,311,https://api-scuda.uat.oci.krungsri.tech/ords/api/v1/customer/individual/searchprofile,36,0,24
1779799822153,35,SearchIndividual,200,OK,SearchIndividual 2-439,text,true,,1188,2601,2,316,https://api-scuda.uat.oci.krungsri.tech/ords/api/v1/customer/individual/searchprofile,34,0,23
1779799822184,36,SearchIndividual,200,OK,SearchIndividual 2-440,text,true,,1205,2602,3,317,https://api-scuda.uat.oci.krungsri.tech/ords/api/v1/customer/individual/searchprofile,36,0,24
1779799822195,35,SearchIndividual,200,OK,SearchIndividual 2-441,text,true,,1141,2602,2,316,https://api-scuda.uat.oci.krungsri.tech/ords/api/v1/customer/individual/searchprofile,35,0,20
1779799822209,34,SearchIndividual,200,OK,SearchIndividual 2-442,text,true,,1179,2602,2,317,https://api-scuda.uat.oci.krungsri.tech/ords/api/v1/customer/individual/searchprofile,34,0,20
1779799822238,32,SearchIndividual,200,OK,SearchIndividual 2-443,text,true,,1159,2602,1,316,https://api-scuda.uat.oci.krungsri.tech/ords/api/v1/customer/individual/searchprofile,32,0,17
1779799822277,27,SearchIndividual,200,OK,SearchIndividual 2-445,text,true,,1209,2602,3,318,https://api-scuda.uat.oci.krungsri.tech/ords/api/v1/customer/individual/searchprofile,26,0,15
1779799822276,31,SearchIndividual,200,OK,SearchIndividual 2-444,text,true,,1201,2602,2,317,https://api-scuda.uat.oci.krungsri.tech/ords/api/v1/customer/individual/searchprofile,31,0,16
1779799822283,38,SearchIndividual,200,OK,SearchIndividual 2-446,text,true,,1193,2602,2,317,https://api-scuda.uat.oci.krungsri.tech/ords/api/v1/customer/individual/searchprofile,38,0,22
1779799822321,37,SearchIndividual,200,OK,SearchIndividual 2-447,text,true,,1193,2602,1,319,https://api-scuda.uat.oci.krungsri.tech/ords/api/v1/customer/individual/searchprofile,37,0,23
1779799822402,36,SearchIndividual,200,OK,SearchIndividual 2-448,text,true,,1177,2602,1,321,https://api-scuda.uat.oci.krungsri.tech/ords/api/v1/customer/individual/searchprofile,36,0,21
1779799822442,31,SearchIndividual,200,OK,SearchIndividual 2-449,text,true,,1178,2601,3,323,https://api-scuda.uat.oci.krungsri.tech/ords/api/v1/customer/individual/searchprofile,30,0,20
1779799822442,32,SearchIndividual,200,OK,SearchIndividual 2-450,text,true,,1171,2602,2,322,https://api-scuda.uat.oci.krungsri.tech/ords/api/v1/customer/individual/searchprofile,32,0,20
1779799822452,33,SearchIndividual,200,OK,SearchIndividual 2-451,text,true,,1171,2602,2,322,https://api-scuda.uat.oci.krungsri.tech/ords/api/v1/customer/individual/searchprofile,32,0,20
1779799822475,62,SearchIndividual,200,OK,SearchIndividual 2-452,text,true,,1115,2602,2,326,https://api-scuda.uat.oci.krungsri.tech/ords/api/v1/customer/individual/searchprofile,61,0,41
1779799822514,23,SearchIndividual,200,OK,SearchIndividual 2-453,text,true,,1173,2602,1,325,https://api-scuda.uat.oci.krungsri.tech/ords/api/v1/customer/individual/searchprofile,23,0,12
1779799822541,32,SearchIndividual,200,OK,SearchIndividual 2-454,text,true,,1143,2602,3,329,https://api-scuda.uat.oci.krungsri.tech/ords/api/v1/customer/individual/searchprofile,32,0,21
1779799822555,30,SearchIndividual,200,OK,SearchIndividual 2-455,text,true,,1153,2602,4,331,https://api-scuda.uat.oci.krungsri.tech/ords/api/v1/customer/individual/searchprofile,30,0,20
1779799822567,27,SearchIndividual,200,OK,SearchIndividual 2-456,text,true,,1148,2601,4,331,https://api-scuda.uat.oci.krungsri.tech/ords/api/v1/customer/individual/searchprofile,27,0,18
1779799822590,28,SearchIndividual,200,OK,SearchIndividual 2-459,text,true,,1163,2600,4,332,https://api-scuda.uat.oci.krungsri.tech/ords/api/v1/customer/individual/searchprofile,28,0,17
1779799822577,45,SearchIndividual,200,OK,SearchIndividual 2-457,text,true,,1249,2602,3,331,https://api-scuda.uat.oci.krungsri.tech/ords/api/v1/customer/individual/searchprofile,45,0,22
1779799822585,39,SearchIndividual,200,OK,SearchIndividual 2-458,text,true,,1217,2602,2,330,https://api-scuda.uat.oci.krungsri.tech/ords/api/v1/customer/individual/searchprofile,39,0,26
1779799822601,35,SearchIndividual,200,OK,SearchIndividual 2-460,text,true,,1229,2602,1,329,https://api-scuda.uat.oci.krungsri.tech/ords/api/v1/customer/individual/searchprofile,35,0,21
1779799822642,26,SearchIndividual,200,OK,SearchIndividual 2-462,text,true,,1185,2602,3,331,https://api-scuda.uat.oci.krungsri.tech/ords/api/v1/customer/individual/searchprofile,25,0,14
1779799822641,33,SearchIndividual,200,OK,SearchIndividual 2-461,text,true,,1133,2602,2,330,https://api-scuda.uat.oci.krungsri.tech/ords/api/v1/customer/individual/searchprofile,33,0,22
1779799822651,29,SearchIndividual,200,OK,SearchIndividual 2-463,text,true,,1127,2602,1,329,https://api-scuda.uat.oci.krungsri.tech/ords/api/v1/customer/individual/searchprofile,29,0,16
1779799822726,27,SearchIndividual,200,OK,SearchIndividual 2-464,text,true,,1225,2602,1,335,https://api-scuda.uat.oci.krungsri.tech/ords/api/v1/customer/individual/searchprofile,27,0,17
1779799822795,28,SearchIndividual,200,OK,SearchIndividual 2-465,text,true,,1191,2602,2,340,https://api-scuda.uat.oci.krungsri.tech/ords/api/v1/customer/individual/searchprofile,28,0,17
1779799822804,33,SearchIndividual,200,OK,SearchIndividual 2-466,text,true,,1133,2602,1,340,https://api-scuda.uat.oci.krungsri.tech/ords/api/v1/customer/individual/searchprofile,33,0,16
1779799822843,28,SearchIndividual,200,OK,SearchIndividual 2-467,text,true,,1117,2602,1,343,https://api-scuda.uat.oci.krungsri.tech/ords/api/v1/customer/individual/searchprofile,28,0,17
1779799822879,27,SearchIndividual,200,OK,SearchIndividual 2-468,text,true,,1161,2602,2,345,https://api-scuda.uat.oci.krungsri.tech/ords/api/v1/customer/individual/searchprofile,27,0,16
1779799822882,26,SearchIndividual,200,OK,SearchIndividual 2-469,text,true,,1141,2602,1,344,https://api-scuda.uat.oci.krungsri.tech/ords/api/v1/customer/individual/searchprofile,26,0,15
1779799822914,30,SearchIndividual,200,OK,SearchIndividual 2-470,text,true,,1147,2602,2,348,https://api-scuda.uat.oci.krungsri.tech/ords/api/v1/customer/individual/searchprofile,30,0,20
1779799822941,42,SearchIndividual,200,OK,SearchIndividual 2-471,text,true,,1145,2602,3,350,https://api-scuda.uat.oci.krungsri.tech/ords/api/v1/customer/individual/searchprofile,42,0,27
1779799822960,28,SearchIndividual,200,OK,SearchIndividual 2-472,text,true,,1182,2601,2,349,https://api-scuda.uat.oci.krungsri.tech/ords/api/v1/customer/individual/searchprofile,28,0,16
1779799822971,21,SearchIndividual,200,OK,SearchIndividual 2-473,text,true,,1173,2602,1,348,https://api-scuda.uat.oci.krungsri.tech/ords/api/v1/customer/individual/searchprofile,20,0,9
1779799822996,26,SearchIndividual,200,OK,SearchIndividual 2-474,text,true,,1165,2602,3,350,https://api-scuda.uat.oci.krungsri.tech/ords/api/v1/customer/individual/searchprofile,25,0,14
1779799823011,36,SearchIndividual,200,OK,SearchIndividual 2-476,text,true,,1181,2602,4,355,https://api-scuda.uat.oci.krungsri.tech/ords/api/v1/customer/individual/searchprofile,36,0,20
1779799823008,40,SearchIndividual,200,OK,SearchIndividual 2-475,text,true,,1213,2602,3,354,https://api-scuda.uat.oci.krungsri.tech/ords/api/v1/customer/individual/searchprofile,39,0,20
1779799823035,33,SearchIndividual,200,OK,SearchIndividual 2-477,text,true,,1179,2602,3,356,https://api-scuda.uat.oci.krungsri.tech/ords/api/v1/customer/individual/searchprofile,32,0,20
1779799823039,32,SearchIndividual,200,OK,SearchIndividual 2-478,text,true,,1213,2602,2,355,https://api-scuda.uat.oci.krungsri.tech/ords/api/v1/customer/individual/searchprofile,32,0,22
1779799823055,46,SearchIndividual,200,OK,SearchIndividual 2-479,text,true,,1161,2602,3,358,https://api-scuda.uat.oci.krungsri.tech/ords/api/v1/customer/individual/searchprofile,46,0,33
1779799823074,43,SearchIndividual,200,OK,SearchIndividual 2-480,text,true,,1139,2602,3,358,https://api-scuda.uat.oci.krungsri.tech/ords/api/v1/customer/individual/searchprofile,42,0,29
1779799823093,29,SearchIndividual,200,OK,SearchIndividual 2-481,text,true,,1181,2602,2,358,https://api-scuda.uat.oci.krungsri.tech/ords/api/v1/customer/individual/searchprofile,28,0,18
1779799823116,48,SearchIndividual,200,OK,SearchIndividual 2-482,text,true,,1137,2602,2,359,https://api-scuda.uat.oci.krungsri.tech/ords/api/v1/customer/individual/searchprofile,48,0,21
1779799823159,46,SearchIndividual,200,OK,SearchIndividual 2-483,text,true,,1231,2602,2,364,https://api-scuda.uat.oci.krungsri.tech/ords/api/v1/customer/individual/searchprofile,46,0,21
1779799823209,25,SearchIndividual,200,OK,SearchIndividual 2-485,text,true,,1211,2602,2,366,https://api-scuda.uat.oci.krungsri.tech/ords/api/v1/customer/individual/searchprofile,25,0,14
1779799823191,82,SearchIndividual,200,OK,SearchIndividual 2-484,text,true,,1115,2602,4,369,https://api-scuda.uat.oci.krungsri.tech/ords/api/v1/customer/individual/searchprofile,82,0,45
1779799823237,44,SearchIndividual,200,OK,SearchIndividual 2-487,text,true,,1173,2602,3,368,https://api-scuda.uat.oci.krungsri.tech/ords/api/v1/customer/individual/searchprofile,44,0,23
1779799823237,46,SearchIndividual,200,OK,SearchIndividual 2-486,text,true,,1177,2602,2,367,https://api-scuda.uat.oci.krungsri.tech/ords/api/v1/customer/individual/searchprofile,46,0,31
1779799823256,34,SearchIndividual,200,OK,SearchIndividual 2-488,text,true,,1147,2602,1,367,https://api-scuda.uat.oci.krungsri.tech/ords/api/v1/customer/individual/searchprofile,33,0,17
1779799823314,28,SearchJoint,200,OK,SearchJoint 10-20,text,true,,621,2627,1,370,https://api-scuda.uat.oci.krungsri.tech/ords/api/v1/customer/joint/searchprofile,27,0,17
1779799823325,25,SearchJuristic,200,OK,SearchJuristic 6-20,text,true,,1016,2600,1,371,https://api-scuda.uat.oci.krungsri.tech/ords/api/v1/customer/juristic/searchprofile,25,0,14
1779799823343,30,SearchIndividual,200,OK,SearchIndividual 2-489,text,true,,1157,2602,2,372,https://api-scuda.uat.oci.krungsri.tech/ords/api/v1/customer/individual/searchprofile,29,0,19
1779799823361,28,SearchIndividual,200,OK,SearchIndividual 2-490,text,true,,1153,2602,2,374,https://api-scuda.uat.oci.krungsri.tech/ords/api/v1/customer/individual/searchprofile,28,0,17
1779799823383,29,SearchIndividual,200,OK,SearchIndividual 2-491,text,true,,1159,2602,2,375,https://api-scuda.uat.oci.krungsri.tech/ords/api/v1/customer/individual/searchprofile,29,0,19
1779799823422,30,SearchIndividual,200,OK,SearchIndividual 2-493,text,true,,1203,2602,3,376,https://api-scuda.uat.oci.krungsri.tech/ords/api/v1/customer/individual/searchprofile,30,0,19
1779799823413,44,SearchIndividual,200,OK,SearchIndividual 2-492,text,true,,1207,2602,2,375,https://api-scuda.uat.oci.krungsri.tech/ords/api/v1/customer/individual/searchprofile,44,0,22
1779799823437,36,SearchIndividual,200,OK,SearchIndividual 2-494,text,true,,1151,2602,1,374,https://api-scuda.uat.oci.krungsri.tech/ords/api/v1/customer/individual/searchprofile,35,0,24
1779799823487,23,SearchIndividual,200,OK,SearchIndividual 2-496,text,true,,1191,2602,3,379,https://api-scuda.uat.oci.krungsri.tech/ords/api/v1/customer/individual/searchprofile,22,0,12
1779799823491,24,SearchIndividual,200,OK,SearchIndividual 2-497,text,true,,1189,2602,3,381,https://api-scuda.uat.oci.krungsri.tech/ords/api/v1/customer/individual/searchprofile,24,0,14
1779799823481,42,SearchIndividual,200,OK,SearchIndividual 2-495,text,true,,1176,2599,4,382,https://api-scuda.uat.oci.krungsri.tech/ords/api/v1/customer/individual/searchprofile,42,0,31
1779799823516,32,SearchIndividual,200,OK,SearchIndividual 2-498,text,true,,1175,2602,3,383,https://api-scuda.uat.oci.krungsri.tech/ords/api/v1/customer/individual/searchprofile,32,0,21
1779799823520,29,SearchIndividual,200,OK,SearchIndividual 2-499,text,true,,1169,2602,2,382,https://api-scuda.uat.oci.krungsri.tech/ords/api/v1/customer/individual/searchprofile,29,0,13
1779799823524,36,SearchIndividual,200,OK,SearchIndividual 2-500,text,true,,1173,2602,1,381,https://api-scuda.uat.oci.krungsri.tech/ords/api/v1/customer/individual/searchprofile,36,0,25
1779799823566,41,SearchIndividual,200,OK,SearchIndividual 2-501,text,true,,1199,2602,2,384,https://api-scuda.uat.oci.krungsri.tech/ords/api/v1/customer/individual/searchprofile,41,0,23
1779799823574,56,SearchIndividual,200,OK,SearchIndividual 2-502,text,true,,1137,2602,2,386,https://api-scuda.uat.oci.krungsri.tech/ords/api/v1/customer/individual/searchprofile,56,0,38
1779799823615,28,SearchJuristic,200,OK,SearchJuristic 6-21,text,true,,1015,2599,1,385,https://api-scuda.uat.oci.krungsri.tech/ords/api/v1/customer/juristic/searchprofile,28,0,17
1779799823619,27,SearchIndividual,200,OK,SearchIndividual 2-503,text,true,,1201,2602,1,384,https://api-scuda.uat.oci.krungsri.tech/ords/api/v1/customer/individual/searchprofile,27,0,16
1779799823735,29,SearchIndividual,200,OK,SearchIndividual 2-504,text,true,,1165,2602,2,388,https://api-scuda.uat.oci.krungsri.tech/ords/api/v1/customer/individual/searchprofile,29,0,15
1779799823751,30,SearchIndividual,200,OK,SearchIndividual 2-505,text,true,,1153,2602,1,388,https://api-scuda.uat.oci.krungsri.tech/ords/api/v1/customer/individual/searchprofile,29,0,19
1779799823827,32,SearchIndividual,200,OK,SearchIndividual 2-506,text,true,,1121,2602,5,397,https://api-scuda.uat.oci.krungsri.tech/ords/api/v1/customer/individual/searchprofile,32,0,21
1779799823839,33,SearchIndividual,200,OK,SearchIndividual 2-507,text,true,,1197,2602,4,396,https://api-scuda.uat.oci.krungsri.tech/ords/api/v1/customer/individual/searchprofile,33,0,22
1779799823839,34,SearchIndividual,200,OK,SearchIndividual 2-508,text,true,,1127,2602,3,395,https://api-scuda.uat.oci.krungsri.tech/ords/api/v1/customer/individual/searchprofile,34,0,23
1779799823849,33,SearchIndividual,200,OK,SearchIndividual 2-509,text,true,,1163,2602,2,394,https://api-scuda.uat.oci.krungsri.tech/ords/api/v1/customer/individual/searchprofile,33,0,22
1779799823857,29,SearchIndividual,200,OK,SearchIndividual 2-510,text,true,,1155,2602,1,393,https://api-scuda.uat.oci.krungsri.tech/ords/api/v1/customer/individual/searchprofile,29,0,19
1779799823892,32,SearchIndividual,200,OK,SearchIndividual 2-511,text,true,,1135,2602,2,396,https://api-scuda.uat.oci.krungsri.tech/ords/api/v1/customer/individual/searchprofile,32,0,21
1779799823919,35,SearchIndividual,200,OK,SearchIndividual 2-512,text,true,,1215,2602,2,397,https://api-scuda.uat.oci.krungsri.tech/ords/api/v1/customer/individual/searchprofile,35,0,23
1779799823932,30,SearchIndividual,200,OK,SearchIndividual 2-513,text,true,,1193,2602,1,396,https://api-scuda.uat.oci.krungsri.tech/ords/api/v1/customer/individual/searchprofile,30,0,20
1779799823988,30,SearchIndividual,200,OK,SearchIndividual 2-514,text,true,,1147,2602,1,399,https://api-scuda.uat.oci.krungsri.tech/ords/api/v1/customer/individual/searchprofile,29,0,16
1779799824023,30,SearchIndividual,200,OK,SearchIndividual 2-517,text,true,,1225,2602,6,404,https://api-scuda.uat.oci.krungsri.tech/ords/api/v1/customer/individual/searchprofile,30,0,18
1779799824036,28,SearchIndividual,200,OK,SearchIndividual 2-519,text,true,,1147,2602,5,404,https://api-scuda.uat.oci.krungsri.tech/ords/api/v1/customer/individual/searchprofile,28,0,16
1779799824033,30,SearchIndividual,200,OK,SearchIndividual 2-518,text,true,,1173,2602,5,404,https://api-scuda.uat.oci.krungsri.tech/ords/api/v1/customer/individual/searchprofile,30,0,20
1779799824023,50,SearchIndividual,200,OK,SearchIndividual 2-516,text,true,,1183,2602,3,402,https://api-scuda.uat.oci.krungsri.tech/ords/api/v1/customer/individual/searchprofile,49,0,22
1779799824020,54,SearchIndividual,200,OK,SearchIndividual 2-515,text,true,,1159,2602,2,401,https://api-scuda.uat.oci.krungsri.tech/ords/api/v1/customer/individual/searchprofile,54,0,37
1779799824048,26,SearchIndividual,200,OK,SearchIndividual 2-520,text,true,,1087,2602,2,401,https://api-scuda.uat.oci.krungsri.tech/ords/api/v1/customer/individual/searchprofile,26,0,16
1779799824088,35,SearchIndividual,200,OK,SearchIndividual 2-521,text,true,,1201,2602,2,403,https://api-scuda.uat.oci.krungsri.tech/ords/api/v1/customer/individual/searchprofile,35,0,24
1779799824112,31,SearchIndividual,200,OK,SearchIndividual 2-522,text,true,,1207,2602,2,406,https://api-scuda.uat.oci.krungsri.tech/ords/api/v1/customer/individual/searchprofile,31,0,20
1779799824134,36,SearchIndividual,200,OK,SearchIndividual 2-523,text,true,,1141,2602,8,415,https://api-scuda.uat.oci.krungsri.tech/ords/api/v1/customer/individual/searchprofile,36,0,25
1779799824144,27,SearchIndividual,200,OK,SearchIndividual 2-524,text,true,,1139,2602,7,414,https://api-scuda.uat.oci.krungsri.tech/ords/api/v1/customer/individual/searchprofile,27,0,17
1779799824149,30,SearchIndividual,200,OK,SearchIndividual 2-525,text,true,,1182,2601,6,413,https://api-scuda.uat.oci.krungsri.tech/ords/api/v1/customer/individual/searchprofile,30,0,19
1779799824153,31,SearchIndividual,200,OK,SearchIndividual 2-527,text,true,,1161,2602,5,412,https://api-scuda.uat.oci.krungsri.tech/ords/api/v1/customer/individual/searchprofile,31,0,21
1779799824153,32,SearchIndividual,200,OK,SearchIndividual 2-526,text,true,,1155,2602,4,411,https://api-scuda.uat.oci.krungsri.tech/ords/api/v1/customer/individual/searchprofile,31,0,18
1779799824169,26,SearchIndividual,200,OK,SearchIndividual 2-530,text,true,,1198,2599,3,411,https://api-scuda.uat.oci.krungsri.tech/ords/api/v1/customer/individual/searchprofile,26,0,13
1779799824167,29,SearchIndividual,200,OK,SearchIndividual 2-529,text,true,,1263,2602,2,410,https://api-scuda.uat.oci.krungsri.tech/ords/api/v1/customer/individual/searchprofile,29,0,15
1779799824167,31,SearchIndividual,200,OK,SearchIndividual 2-528,text,true,,1183,2602,1,410,https://api-scuda.uat.oci.krungsri.tech/ords/api/v1/customer/individual/searchprofile,31,0,15
1779799824265,24,SearchIndividual,200,OK,SearchIndividual 2-531,text,true,,1165,2602,3,419,https://api-scuda.uat.oci.krungsri.tech/ords/api/v1/customer/individual/searchprofile,24,0,13
1779799824277,27,SearchIndividual,200,OK,SearchIndividual 2-532,text,true,,1226,2601,3,420,https://api-scuda.uat.oci.krungsri.tech/ords/api/v1/customer/individual/searchprofile,27,0,17
1779799824300,32,SearchIndividual,200,OK,SearchIndividual 2-534,text,true,,1115,2602,4,421,https://api-scuda.uat.oci.krungsri.tech/ords/api/v1/customer/individual/searchprofile,32,0,18
1779799824305,35,SearchIndividual,200,OK,SearchIndividual 2-535,text,true,,1163,2602,3,420,https://api-scuda.uat.oci.krungsri.tech/ords/api/v1/customer/individual/searchprofile,35,0,20
1779799824319,29,SearchIndividual,200,OK,SearchIndividual 2-536,text,true,,1094,2601,2,421,https://api-scuda.uat.oci.krungsri.tech/ords/api/v1/customer/individual/searchprofile,29,0,18
1779799824289,62,SearchIndividual,200,OK,SearchIndividual 2-533,text,true,,1207,2602,1,420,https://api-scuda.uat.oci.krungsri.tech/ords/api/v1/customer/individual/searchprofile,62,0,41
1779799824355,29,SearchIndividual,200,OK,SearchIndividual 2-537,text,true,,1139,2602,2,421,https://api-scuda.uat.oci.krungsri.tech/ords/api/v1/customer/individual/searchprofile,28,0,18
1779799824379,29,SearchIndividual,200,OK,SearchIndividual 2-538,text,true,,1211,2602,1,422,https://api-scuda.uat.oci.krungsri.tech/ords/api/v1/customer/individual/searchprofile,29,0,14
1779799824413,28,SearchIndividual,200,OK,SearchIndividual 2-539,text,true,,1221,2602,1,426,https://api-scuda.uat.oci.krungsri.tech/ords/api/v1/customer/individual/searchprofile,26,0,13
1779799824452,31,SearchIndividual,200,OK,SearchIndividual 2-540,text,true,,1225,2602,2,429,https://api-scuda.uat.oci.krungsri.tech/ords/api/v1/customer/individual/searchprofile,31,0,18
1779799824463,32,SearchIndividual,200,OK,SearchIndividual 2-541,text,true,,1155,2602,2,430,https://api-scuda.uat.oci.krungsri.tech/ords/api/v1/customer/individual/searchprofile,32,0,21
1779799824494,37,SearchIndividual,200,OK,SearchIndividual 2-542,text,true,,1167,2600,2,431,https://api-scuda.uat.oci.krungsri.tech/ords/api/v1/customer/individual/searchprofile,37,0,23
1779799824536,27,SearchIndividual,200,OK,SearchIndividual 2-544,text,true,,1177,2602,3,437,https://api-scuda.uat.oci.krungsri.tech/ords/api/v1/customer/individual/searchprofile,27,0,16
1779799824527,30,SearchIndividual,200,OK,SearchIndividual 2-543,text,true,,1159,2602,3,435,https://api-scuda.uat.oci.krungsri.tech/ords/api/v1/customer/individual/searchprofile,30,0,17
1779799824541,30,SearchIndividual,200,OK,SearchIndividual 2-545,text,true,,1175,2602,2,436,https://api-scuda.uat.oci.krungsri.tech/ords/api/v1/customer/individual/searchprofile,30,0,20
1779799824581,22,SearchIndividual,200,OK,SearchIndividual 2-547,text,true,,1165,2602,3,439,https://api-scuda.uat.oci.krungsri.tech/ords/api/v1/customer/individual/searchprofile,22,0,11
1779799824572,35,SearchIndividual,200,OK,SearchIndividual 2-546,text,true,,1161,2602,2,438,https://api-scuda.uat.oci.krungsri.tech/ords/api/v1/customer/individual/searchprofile,35,0,21
1779799824597,35,SearchIndividual,200,OK,SearchIndividual 2-548,text,true,,1177,2602,1,440,https://api-scuda.uat.oci.krungsri.tech/ords/api/v1/customer/individual/searchprofile,35,0,23
1779799824626,21,SearchJoint,200,OK,SearchJoint 10-21,text,true,,621,2627,1,443,https://api-scuda.uat.oci.krungsri.tech/ords/api/v1/customer/joint/searchprofile,21,0,12
1779799824646,34,SearchIndividual,200,OK,SearchIndividual 2-549,text,true,,1203,2602,3,447,https://api-scuda.uat.oci.krungsri.tech/ords/api/v1/customer/individual/searchprofile,34,0,22
1779799824654,31,SearchIndividual,200,OK,SearchIndividual 2-550,text,true,,1193,2602,2,446,https://api-scuda.uat.oci.krungsri.tech/ords/api/v1/customer/individual/searchprofile,31,0,20
1779799824672,45,SearchIndividual,200,OK,SearchIndividual 2-551,text,true,,1223,2602,3,450,https://api-scuda.uat.oci.krungsri.tech/ords/api/v1/customer/individual/searchprofile,45,0,22
1779799824687,37,SearchIndividual,200,OK,SearchIndividual 2-552,text,true,,1122,2601,2,450,https://api-scuda.uat.oci.krungsri.tech/ords/api/v1/customer/individual/searchprofile,37,0,17
1779799824703,34,SearchIndividual,200,OK,SearchIndividual 2-553,text,true,,1187,2602,1,451,https://api-scuda.uat.oci.krungsri.tech/ords/api/v1/customer/individual/searchprofile,34,0,22
1779799824742,31,SearchIndividual,200,OK,SearchIndividual 2-554,text,true,,1143,2602,1,451,https://api-scuda.uat.oci.krungsri.tech/ords/api/v1/customer/individual/searchprofile,31,0,20
1779799824793,26,SearchIndividual,200,OK,SearchIndividual 2-555,text,true,,1239,2602,1,454,https://api-scuda.uat.oci.krungsri.tech/ords/api/v1/customer/individual/searchprofile,26,0,16
1779799824830,24,SearchIndividual,200,OK,SearchIndividual 2-556,text,true,,1167,2602,1,455,https://api-scuda.uat.oci.krungsri.tech/ords/api/v1/customer/individual/searchprofile,24,0,12
1779799824859,28,SearchIndividual,200,OK,SearchIndividual 2-557,text,true,,1197,2602,1,457,https://api-scuda.uat.oci.krungsri.tech/ords/api/v1/customer/individual/searchprofile,28,0,18
1779799824895,20,SearchIndividual,200,OK,SearchIndividual 2-558,text,true,,1217,2602,3,461,https://api-scuda.uat.oci.krungsri.tech/ords/api/v1/customer/individual/searchprofile,20,0,9
1779799824908,28,SearchIndividual,200,OK,SearchIndividual 2-560,text,true,,1199,2602,3,463,https://api-scuda.uat.oci.krungsri.tech/ords/api/v1/customer/individual/searchprofile,28,0,17
1779799824908,34,SearchIndividual,200,OK,SearchIndividual 2-559,text,true,,1203,2602,2,462,https://api-scuda.uat.oci.krungsri.tech/ords/api/v1/customer/individual/searchprofile,32,0,21
1779799824931,33,SearchIndividual,200,OK,SearchIndividual 2-561,text,true,,1209,2602,2,464,https://api-scuda.uat.oci.krungsri.tech/ords/api/v1/customer/individual/searchprofile,33,0,19
1779799824948,31,SearchIndividual,200,OK,SearchIndividual 2-562,text,true,,1125,2602,2,464,https://api-scuda.uat.oci.krungsri.tech/ords/api/v1/customer/individual/searchprofile,31,0,20
1779799824969,25,SearchIndividual,200,OK,SearchIndividual 2-563,text,true,,1160,2601,5,468,https://api-scuda.uat.oci.krungsri.tech/ords/api/v1/customer/individual/searchprofile,25,0,14
1779799824980,22,SearchIndividual,200,OK,SearchIndividual 2-564,text,true,,1161,2602,4,467,https://api-scuda.uat.oci.krungsri.tech/ords/api/v1/customer/individual/searchprofile,22,0,11
1779799825004,25,SearchIndividual,200,OK,SearchIndividual 2-568,text,true,,1199,2602,4,470,https://api-scuda.uat.oci.krungsri.tech/ords/api/v1/customer/individual/searchprofile,25,0,13
1779799824980,50,SearchIndividual,200,OK,SearchIndividual 2-565,text,true,,1193,2602,3,469,https://api-scuda.uat.oci.krungsri.tech/ords/api/v1/customer/individual/searchprofile,50,0,25
1779799824990,41,SearchIndividual,200,OK,SearchIndividual 2-566,text,true,,1121,2602,2,469,https://api-scuda.uat.oci.krungsri.tech/ords/api/v1/customer/individual/searchprofile,41,0,24
1779799824990,42,SearchIndividual,200,OK,SearchIndividual 2-567,text,true,,1171,2602,1,468,https://api-scuda.uat.oci.krungsri.tech/ords/api/v1/customer/individual/searchprofile,42,0,20
1779799825066,30,SearchIndividual,200,OK,SearchIndividual 2-569,text,true,,1183,2602,2,473,https://api-scuda.uat.oci.krungsri.tech/ords/api/v1/customer/individual/searchprofile,30,0,18
1779799825096,27,SearchIndividual,200,OK,SearchIndividual 2-570,text,true,,1183,2602,2,477,https://api-scuda.uat.oci.krungsri.tech/ords/api/v1/customer/individual/searchprofile,27,0,15
1779799825121,39,SearchIndividual,200,OK,SearchIndividual 2-571,text,true,,1141,2602,1,477,https://api-scuda.uat.oci.krungsri.tech/ords/api/v1/customer/individual/searchprofile,39,0,27
1779799825178,32,SearchIndividual,200,OK,SearchIndividual 2-572,text,true,,1163,2602,4,484,https://api-scuda.uat.oci.krungsri.tech/ords/api/v1/customer/individual/searchprofile,31,0,19
1779799825188,29,SearchIndividual,200,OK,SearchIndividual 2-575,text,true,,1163,2602,5,487,https://api-scuda.uat.oci.krungsri.tech/ords/api/v1/customer/individual/searchprofile,29,0,17
1779799825179,39,SearchIndividual,200,OK,SearchIndividual 2-573,text,true,,1215,2602,4,486,https://api-scuda.uat.oci.krungsri.tech/ords/api/v1/customer/individual/searchprofile,39,0,28
1779799825188,32,SearchIndividual,200,OK,SearchIndividual 2-574,text,true,,1225,2602,3,485,https://api-scuda.uat.oci.krungsri.tech/ords/api/v1/customer/individual/searchprofile,32,0,22
1779799825213,38,SearchIndividual,200,OK,SearchIndividual 2-576,text,true,,1139,2602,4,488,https://api-scuda.uat.oci.krungsri.tech/ords/api/v1/customer/individual/searchprofile,38,0,26
1779799825217,34,SearchJoint,200,OK,SearchJoint 10-22,text,true,,621,2627,1,488,https://api-scuda.uat.oci.krungsri.tech/ords/api/v1/customer/joint/searchprofile,34,0,18
1779799825213,39,SearchIndividual,200,OK,SearchIndividual 2-577,text,true,,1191,2602,3,487,https://api-scuda.uat.oci.krungsri.tech/ords/api/v1/customer/individual/searchprofile,37,0,23
1779799825240,34,SearchIndividual,200,OK,SearchIndividual 2-578,text,true,,1129,2602,4,487,https://api-scuda.uat.oci.krungsri.tech/ords/api/v1/customer/individual/searchprofile,34,0,18
1779799825245,32,SearchIndividual,200,OK,SearchIndividual 2-579,text,true,,1231,2602,3,486,https://api-scuda.uat.oci.krungsri.tech/ords/api/v1/customer/individual/searchprofile,31,0,20
1779799825275,32,SearchIndividual,200,OK,SearchIndividual 2-580,text,true,,1168,2601,2,488,https://api-scuda.uat.oci.krungsri.tech/ords/api/v1/customer/individual/searchprofile,31,0,20
1779799825275,37,SearchIndividual,200,OK,SearchIndividual 2-581,text,true,,1198,2601,1,487,https://api-scuda.uat.oci.krungsri.tech/ords/api/v1/customer/individual/searchprofile,36,0,17
1779799825319,47,SearchIndividual,200,OK,SearchIndividual 2-582,text,true,,1233,2602,2,491,https://api-scuda.uat.oci.krungsri.tech/ords/api/v1/customer/individual/searchprofile,46,0,30
1779799825360,28,SearchIndividual,200,OK,SearchIndividual 2-583,text,true,,1201,2602,1,490,https://api-scuda.uat.oci.krungsri.tech/ords/api/v1/customer/individual/searchprofile,28,0,17
1779799825391,51,SearchIndividual,200,OK,SearchIndividual 2-584,text,true,,1169,2602,3,494,https://api-scuda.uat.oci.krungsri.tech/ords/api/v1/customer/individual/searchprofile,51,0,37
1779799825416,34,SearchIndividual,200,OK,SearchIndividual 2-586,text,true,,1199,2602,3,494,https://api-scuda.uat.oci.krungsri.tech/ords/api/v1/customer/individual/searchprofile,34,0,23
1779799825401,63,SearchIndividual,200,OK,SearchIndividual 2-585,text,true,,1139,2602,2,494,https://api-scuda.uat.oci.krungsri.tech/ords/api/v1/customer/individual/searchprofile,63,0,37
1779799825450,29,SearchIndividual,200,OK,SearchIndividual 2-587,text,true,,1180,2601,1,494,https://api-scuda.uat.oci.krungsri.tech/ords/api/v1/customer/individual/searchprofile,29,0,16
1779799825479,37,SearchJoint,200,OK,SearchJoint 10-23,text,true,,621,2627,1,495,https://api-scuda.uat.oci.krungsri.tech/ords/api/v1/customer/joint/searchprofile,36,0,25
1779799825480,37,SearchIndividual,200,OK,SearchIndividual 2-588,text,true,,1141,2602,1,494,https://api-scuda.uat.oci.krungsri.tech/ords/api/v1/customer/individual/searchprofile,37,0,26
1779799825557,28,SearchIndividual,200,OK,SearchIndividual 2-589,text,true,,1195,2602,2,501,https://api-scuda.uat.oci.krungsri.tech/ords/api/v1/customer/individual/searchprofile,28,0,16
1779799825578,33,SearchIndividual,200,OK,SearchIndividual 2-590,text,true,,1199,2602,2,506,https://api-scuda.uat.oci.krungsri.tech/ords/api/v1/customer/individual/searchprofile,33,0,18
1779799825606,30,SearchIndividual,200,OK,SearchIndividual 2-591,text,true,,1149,2602,3,507,https://api-scuda.uat.oci.krungsri.tech/ords/api/v1/customer/individual/searchprofile,30,0,20
1779799825627,26,SearchIndividual,200,OK,SearchIndividual 2-592,text,true,,1193,2602,3,509,https://api-scuda.uat.oci.krungsri.tech/ords/api/v1/customer/individual/searchprofile,25,0,14
1779799825636,23,SearchIndividual,200,OK,SearchIndividual 2-593,text,true,,1209,2602,2,508,https://api-scuda.uat.oci.krungsri.tech/ords/api/v1/customer/individual/searchprofile,23,0,12
1779799825638,28,SearchIndividual,200,OK,SearchIndividual 2-594,text,true,,1227,2602,1,507,https://api-scuda.uat.oci.krungsri.tech/ords/api/v1/customer/individual/searchprofile,27,0,17
1779799825686,27,SearchIndividual,200,OK,SearchIndividual 2-595,text,true,,1175,2602,2,510,https://api-scuda.uat.oci.krungsri.tech/ords/api/v1/customer/individual/searchprofile,27,0,17
1779799825698,41,SearchJoint,200,OK,SearchJoint 10-24,text,true,,621,2627,1,511,https://api-scuda.uat.oci.krungsri.tech/ords/api/v1/customer/joint/searchprofile,41,0,27
1779799825713,29,SearchIndividual,200,OK,SearchIndividual 2-596,text,true,,1203,2602,1,510,https://api-scuda.uat.oci.krungsri.tech/ords/api/v1/customer/individual/searchprofile,29,0,18
1779799825764,24,SearchIndividual,200,OK,SearchIndividual 2-597,text,true,,1185,2602,1,513,https://api-scuda.uat.oci.krungsri.tech/ords/api/v1/customer/individual/searchprofile,24,0,13
1779799825859,20,SearchIndividual,200,OK,SearchIndividual 2-598,text,true,,1175,2602,1,517,https://api-scuda.uat.oci.krungsri.tech/ords/api/v1/customer/individual/searchprofile,20,0,8
1779799825890,29,SearchIndividual,200,OK,SearchIndividual 2-599,text,true,,1201,2602,2,520,https://api-scuda.uat.oci.krungsri.tech/ords/api/v1/customer/individual/searchprofile,29,0,19
1779799825890,33,SearchIndividual,200,OK,SearchIndividual 2-600,text,true,,1157,2602,1,519,https://api-scuda.uat.oci.krungsri.tech/ords/api/v1/customer/individual/searchprofile,33,0,21
1779799825931,23,SearchIndividual,200,OK,SearchIndividual 2-601,text,true,,1131,2602,2,521,https://api-scuda.uat.oci.krungsri.tech/ords/api/v1/customer/individual/searchprofile,23,0,11
1779799825943,29,SearchIndividual,200,OK,SearchIndividual 2-602,text,true,,1169,2602,2,521,https://api-scuda.uat.oci.krungsri.tech/ords/api/v1/customer/individual/searchprofile,29,0,18
1779799825961,26,SearchIndividual,200,OK,SearchIndividual 2-603,text,true,,1189,2602,1,520,https://api-scuda.uat.oci.krungsri.tech/ords/api/v1/customer/individual/searchprofile,26,0,15
1779799826017,23,SearchIndividual,200,OK,SearchIndividual 2-605,text,true,,1165,2602,3,523,https://api-scuda.uat.oci.krungsri.tech/ords/api/v1/customer/individual/searchprofile,23,0,10
1779799826017,24,SearchIndividual,200,OK,SearchIndividual 2-606,text,true,,1117,2602,2,522,https://api-scuda.uat.oci.krungsri.tech/ords/api/v1/customer/individual/searchprofile,24,0,14
1779799825990,63,SearchIndividual,200,OK,SearchIndividual 2-604,text,true,,1149,2602,2,523,https://api-scuda.uat.oci.krungsri.tech/ords/api/v1/customer/individual/searchprofile,63,0,50
1779799826043,25,SearchIndividual,200,OK,SearchIndividual 2-607,text,true,,1173,2602,3,524,https://api-scuda.uat.oci.krungsri.tech/ords/api/v1/customer/individual/searchprofile,25,0,14
1779799826059,21,SearchIndividual,200,OK,SearchIndividual 2-608,text,true,,1191,2602,2,523,https://api-scuda.uat.oci.krungsri.tech/ords/api/v1/customer/individual/searchprofile,21,0,9
1779799826059,29,SearchIndividual,200,OK,SearchIndividual 2-609,text,true,,1239,2602,1,522,https://api-scuda.uat.oci.krungsri.tech/ords/api/v1/customer/individual/searchprofile,29,0,18
1779799826118,31,SearchIndividual,200,OK,SearchIndividual 2-611,text,true,,1253,2602,4,530,https://api-scuda.uat.oci.krungsri.tech/ords/api/v1/customer/individual/searchprofile,31,0,20
1779799826131,27,SearchIndividual,200,OK,SearchIndividual 2-612,text,true,,1163,2602,3,529,https://api-scuda.uat.oci.krungsri.tech/ords/api/v1/customer/individual/searchprofile,27,0,16
1779799826142,37,SearchIndividual,200,OK,SearchIndividual 2-613,text,true,,1163,2602,4,531,https://api-scuda.uat.oci.krungsri.tech/ords/api/v1/customer/individual/searchprofile,37,0,26
1779799826113,96,SearchIndividual,200,OK,SearchIndividual 2-610,text,true,,1161,2602,7,535,https://api-scuda.uat.oci.krungsri.tech/ords/api/v1/customer/individual/searchprofile,96,0,38
1779799826179,31,SearchIndividual,200,OK,SearchIndividual 2-615,text,true,,1193,2602,6,534,https://api-scuda.uat.oci.krungsri.tech/ords/api/v1/customer/individual/searchprofile,30,0,19
1779799826190,31,SearchIndividual,200,OK,SearchIndividual 2-616,text,true,,1183,2602,5,534,https://api-scuda.uat.oci.krungsri.tech/ords/api/v1/customer/individual/searchprofile,31,0,20
1779799826197,32,SearchIndividual,200,OK,SearchIndividual 2-617,text,true,,1176,2601,4,533,https://api-scuda.uat.oci.krungsri.tech/ords/api/v1/customer/individual/searchprofile,31,0,21
1779799826240,32,SearchIndividual,200,OK,SearchIndividual 2-620,text,true,,1169,2602,5,536,https://api-scuda.uat.oci.krungsri.tech/ords/api/v1/customer/individual/searchprofile,30,0,17
1779799826162,110,SearchIndividual,200,OK,SearchIndividual 2-614,text,true,,1177,2602,5,536,https://api-scuda.uat.oci.krungsri.tech/ords/api/v1/customer/individual/searchprofile,110,0,39
1779799826240,35,SearchIndividual,200,OK,SearchIndividual 2-621,text,true,,1125,2602,4,535,https://api-scuda.uat.oci.krungsri.tech/ords/api/v1/customer/individual/searchprofile,35,0,19
1779799826275,32,SearchIndividual,200,OK,SearchIndividual 2-622,text,true,,1123,2602,4,535,https://api-scuda.uat.oci.krungsri.tech/ords/api/v1/customer/individual/searchprofile,32,0,21
1779799826206,104,SearchIndividual,200,OK,SearchIndividual 2-618,text,true,,1151,2602,4,535,https://api-scuda.uat.oci.krungsri.tech/ords/api/v1/customer/individual/searchprofile,104,0,86
1779799826209,102,SearchIndividual,200,OK,SearchIndividual 2-619,text,true,,1190,2601,3,535,https://api-scuda.uat.oci.krungsri.tech/ords/api/v1/customer/individual/searchprofile,101,0,85
1779799826291,29,SearchIndividual,200,OK,SearchIndividual 2-623,text,true,,1163,2602,3,535,https://api-scuda.uat.oci.krungsri.tech/ords/api/v1/customer/individual/searchprofile,28,0,17
1779799826310,26,SearchIndividual,200,OK,SearchIndividual 2-624,text,true,,1141,2602,3,536,https://api-scuda.uat.oci.krungsri.tech/ords/api/v1/customer/individual/searchprofile,26,0,15
1779799826317,45,SearchIndividual,200,OK,SearchIndividual 2-625,text,true,,1175,2602,2,538,https://api-scuda.uat.oci.krungsri.tech/ords/api/v1/customer/individual/searchprofile,45,0,21
1779799826335,32,SearchIndividual,200,OK,SearchIndividual 2-626,text,true,,1161,2602,1,537,https://api-scuda.uat.oci.krungsri.tech/ords/api/v1/customer/individual/searchprofile,31,0,21
1779799826397,33,SearchIndividual,200,OK,SearchIndividual 2-628,text,true,,1133,2602,3,543,https://api-scuda.uat.oci.krungsri.tech/ords/api/v1/customer/individual/searchprofile,33,0,22
1779799826391,68,SearchIndividual,200,OK,SearchIndividual 2-627,text,true,,1149,2602,3,545,https://api-scuda.uat.oci.krungsri.tech/ords/api/v1/customer/individual/searchprofile,68,0,54
1779799826441,42,SearchIndividual,200,OK,SearchIndividual 2-630,text,true,,1167,2602,2,546,https://api-scuda.uat.oci.krungsri.tech/ords/api/v1/customer/individual/searchprofile,41,0,22
1779799826492,33,SearchIndividual,200,OK,SearchIndividual 2-631,text,true,,1199,2602,4,552,https://api-scuda.uat.oci.krungsri.tech/ords/api/v1/customer/individual/searchprofile,33,0,22
1779799826422,111,SearchIndividual,200,OK,SearchIndividual 2-629,text,true,,1135,2602,3,552,https://api-scuda.uat.oci.krungsri.tech/ords/api/v1/customer/individual/searchprofile,111,0,65
1779799826521,34,SearchIndividual,200,OK,SearchIndividual 2-633,text,true,,1193,2602,2,552,https://api-scuda.uat.oci.krungsri.tech/ords/api/v1/customer/individual/searchprofile,34,0,13
1779799826498,71,SearchIndividual,200,OK,SearchIndividual 2-632,text,true,,1203,2602,1,551,https://api-scuda.uat.oci.krungsri.tech/ords/api/v1/customer/individual/searchprofile,71,0,48
1779799826599,29,SearchIndividual,200,OK,SearchIndividual 2-634,text,true,,1141,2602,3,554,https://api-scuda.uat.oci.krungsri.tech/ords/api/v1/customer/individual/searchprofile,29,0,19
1779799826622,31,SearchIndividual,200,OK,SearchIndividual 2-635,text,true,,1165,2602,2,558,https://api-scuda.uat.oci.krungsri.tech/ords/api/v1/customer/individual/searchprofile,31,0,20
1779799826625,35,SearchIndividual,200,OK,SearchIndividual 2-636,text,true,,1169,2602,1,559,https://api-scuda.uat.oci.krungsri.tech/ords/api/v1/customer/individual/searchprofile,35,0,23
1779799826680,23,SearchIndividual,200,OK,SearchIndividual 2-640,text,true,,1184,2601,6,566,https://api-scuda.uat.oci.krungsri.tech/ords/api/v1/customer/individual/searchprofile,23,0,12
1779799826679,31,SearchIndividual,200,OK,SearchIndividual 2-639,text,true,,1188,2601,5,565,https://api-scuda.uat.oci.krungsri.tech/ords/api/v1/customer/individual/searchprofile,31,0,19
1779799826678,35,SearchIndividual,200,OK,SearchIndividual 2-638,text,true,,1173,2602,4,564,https://api-scuda.uat.oci.krungsri.tech/ords/api/v1/customer/individual/searchprofile,34,0,22
1779799826702,29,SearchIndividual,200,OK,SearchIndividual 2-641,text,true,,1157,2602,5,566,https://api-scuda.uat.oci.krungsri.tech/ords/api/v1/customer/individual/searchprofile,29,0,18
1779799826702,42,SearchIndividual,200,OK,SearchIndividual 2-642,text,true,,1191,2602,4,565,https://api-scuda.uat.oci.krungsri.tech/ords/api/v1/customer/individual/searchprofile,42,0,30
1779799826674,71,SearchIndividual,200,OK,SearchIndividual 2-637,text,true,,1195,2602,3,564,https://api-scuda.uat.oci.krungsri.tech/ords/api/v1/customer/individual/searchprofile,71,0,34
1779799826730,24,SearchIndividual,200,OK,SearchIndividual 2-644,text,true,,1139,2602,2,565,https://api-scuda.uat.oci.krungsri.tech/ords/api/v1/customer/individual/searchprofile,24,0,14
1779799826724,45,SearchIndividual,200,OK,SearchIndividual 2-643,text,true,,1167,2602,1,564,https://api-scuda.uat.oci.krungsri.tech/ords/api/v1/customer/individual/searchprofile,45,0,32
1779799826785,39,SearchIndividual,200,OK,SearchIndividual 2-645,text,true,,1159,2602,3,566,https://api-scuda.uat.oci.krungsri.tech/ords/api/v1/customer/individual/searchprofile,38,0,23
1779799826814,27,SearchIndividual,200,OK,SearchIndividual 2-647,text,true,,1193,2602,2,565,https://api-scuda.uat.oci.krungsri.tech/ords/api/v1/customer/individual/searchprofile,27,0,16
1779799826809,32,SearchIndividual,200,OK,SearchIndividual 2-646,text,true,,1177,2602,2,565,https://api-scuda.uat.oci.krungsri.tech/ords/api/v1/customer/individual/searchprofile,32,0,21
1779799826873,31,SearchIndividual,200,OK,SearchIndividual 2-648,text,true,,1171,2602,2,567,https://api-scuda.uat.oci.krungsri.tech/ords/api/v1/customer/individual/searchprofile,31,0,20
1779799826900,25,SearchIndividual,200,OK,SearchIndividual 2-649,text,true,,1193,2602,2,570,https://api-scuda.uat.oci.krungsri.tech/ords/api/v1/customer/individual/searchprofile,25,0,15
1779799826914,28,SearchIndividual,200,OK,SearchIndividual 2-650,text,true,,1223,2602,1,570,https://api-scuda.uat.oci.krungsri.tech/ords/api/v1/customer/individual/searchprofile,28,0,18
1779799826944,40,SearchIndividual,200,OK,SearchIndividual 2-651,text,true,,1145,2602,4,575,https://api-scuda.uat.oci.krungsri.tech/ords/api/v1/customer/individual/searchprofile,40,0,24
1779799826960,34,SearchIndividual,200,OK,SearchIndividual 2-652,text,true,,1155,2602,3,574,https://api-scuda.uat.oci.krungsri.tech/ords/api/v1/customer/individual/searchprofile,34,0,23
1779799826966,28,SearchIndividual,200,OK,SearchIndividual 2-653,text,true,,1163,2602,3,574,https://api-scuda.uat.oci.krungsri.tech/ords/api/v1/customer/individual/searchprofile,28,0,17
1779799826969,30,SearchIndividual,200,OK,SearchIndividual 2-654,text,true,,1187,2602,2,574,https://api-scuda.uat.oci.krungsri.tech/ords/api/v1/customer/individual/searchprofile,30,0,19
1779799827041,26,SearchIndividual,200,OK,SearchIndividual 2-657,text,true,,1177,2602,3,580,https://api-scuda.uat.oci.krungsri.tech/ords/api/v1/customer/individual/searchprofile,26,0,16
1779799826996,86,SearchIndividual,200,OK,SearchIndividual 2-655,text,true,,1137,2602,3,584,https://api-scuda.uat.oci.krungsri.tech/ords/api/v1/customer/individual/searchprofile,81,0,37
1779799827030,62,SearchIndividual,200,OK,SearchIndividual 2-656,text,true,,1245,2602,2,583,https://api-scuda.uat.oci.krungsri.tech/ords/api/v1/customer/individual/searchprofile,62,0,39
1779799827068,31,SearchJuristic,200,OK,SearchJuristic 6-22,text,true,,987,2600,1,582,https://api-scuda.uat.oci.krungsri.tech/ords/api/v1/customer/juristic/searchprofile,30,0,16
1779799827079,42,SearchIndividual,200,OK,SearchIndividual 2-658,text,true,,1183,2602,1,582,https://api-scuda.uat.oci.krungsri.tech/ords/api/v1/customer/individual/searchprofile,42,0,30
1779799827134,26,SearchIndividual,200,OK,SearchIndividual 2-660,text,true,,1208,2601,3,587,https://api-scuda.uat.oci.krungsri.tech/ords/api/v1/customer/individual/searchprofile,26,0,15
1779799827128,33,SearchIndividual,200,OK,SearchIndividual 2-659,text,true,,1217,2602,2,586,https://api-scuda.uat.oci.krungsri.tech/ords/api/v1/customer/individual/searchprofile,33,0,21
1779799827156,63,SearchIndividual,200,OK,SearchIndividual 2-661,text,true,,1165,2602,3,588,https://api-scuda.uat.oci.krungsri.tech/ords/api/v1/customer/individual/searchprofile,63,0,44
1779799827189,33,SearchIndividual,200,OK,SearchIndividual 2-663,text,true,,1209,2602,2,587,https://api-scuda.uat.oci.krungsri.tech/ords/api/v1/customer/individual/searchprofile,33,0,20
1779799827189,37,SearchIndividual,200,OK,SearchIndividual 2-662,text,true,,1173,2602,1,586,https://api-scuda.uat.oci.krungsri.tech/ords/api/v1/customer/individual/searchprofile,37,0,26
1779799827260,32,SearchIndividual,200,OK,SearchIndividual 2-665,text,true,,1190,2601,5,592,https://api-scuda.uat.oci.krungsri.tech/ords/api/v1/customer/individual/searchprofile,32,0,17
1779799827266,32,SearchIndividual,200,OK,SearchIndividual 2-666,text,true,,1139,2602,4,591,https://api-scuda.uat.oci.krungsri.tech/ords/api/v1/customer/individual/searchprofile,32,0,19
1779799827254,45,SearchIndividual,200,OK,SearchIndividual 2-664,text,true,,1159,2602,3,590,https://api-scuda.uat.oci.krungsri.tech/ords/api/v1/customer/individual/searchprofile,45,0,31
1779799827266,36,SearchIndividual,200,OK,SearchIndividual 2-667,text,true,,1207,2602,2,589,https://api-scuda.uat.oci.krungsri.tech/ords/api/v1/customer/individual/searchprofile,36,0,21
1779799827273,40,SearchIndividual,200,OK,SearchIndividual 2-668,text,true,,1161,2602,2,589,https://api-scuda.uat.oci.krungsri.tech/ords/api/v1/customer/individual/searchprofile,40,0,26
1779799827307,41,SearchIndividual,200,OK,SearchIndividual 2-669,text,true,,1145,2602,4,593,https://api-scuda.uat.oci.krungsri.tech/ords/api/v1/customer/individual/searchprofile,41,0,20
1779799827316,38,SearchIndividual,200,OK,SearchIndividual 2-670,text,true,,1182,2601,3,593,https://api-scuda.uat.oci.krungsri.tech/ords/api/v1/customer/individual/searchprofile,38,0,21
1779799827355,25,SearchIndividual,200,OK,SearchIndividual 2-673,text,true,,1163,2602,5,596,https://api-scuda.uat.oci.krungsri.tech/ords/api/v1/customer/individual/searchprofile,25,0,13
1779799827346,41,SearchIndividual,200,OK,SearchIndividual 2-672,text,true,,1167,2602,5,597,https://api-scuda.uat.oci.krungsri.tech/ords/api/v1/customer/individual/searchprofile,40,0,26
1779799827359,31,SearchIndividual,200,OK,SearchIndividual 2-674,text,true,,1157,2602,4,596,https://api-scuda.uat.oci.krungsri.tech/ords/api/v1/customer/individual/searchprofile,30,0,20
1779799827339,55,SearchIndividual,200,OK,SearchIndividual 2-671,text,true,,1191,2602,4,596,https://api-scuda.uat.oci.krungsri.tech/ords/api/v1/customer/individual/searchprofile,55,0,41
1779799827387,29,SearchIndividual,200,OK,SearchIndividual 2-676,text,true,,1169,2602,4,597,https://api-scuda.uat.oci.krungsri.tech/ords/api/v1/customer/individual/searchprofile,28,0,17
1779799827378,43,SearchIndividual,200,OK,SearchIndividual 2-675,text,true,,1157,2602,3,597,https://api-scuda.uat.oci.krungsri.tech/ords/api/v1/customer/individual/searchprofile,43,0,28
1779799827402,24,SearchIndividual,200,OK,SearchIndividual 2-678,text,true,,1109,2602,3,597,https://api-scuda.uat.oci.krungsri.tech/ords/api/v1/customer/individual/searchprofile,24,0,11
1779799827391,59,SearchIndividual,200,OK,SearchIndividual 2-677,text,true,,1239,2602,3,599,https://api-scuda.uat.oci.krungsri.tech/ords/api/v1/customer/individual/searchprofile,58,0,26
1779799827422,39,SearchIndividual,200,OK,SearchIndividual 2-679,text,true,,1172,2601,3,599,https://api-scuda.uat.oci.krungsri.tech/ords/api/v1/customer/individual/searchprofile,39,0,22
1779799827442,40,SearchIndividual,200,OK,SearchIndividual 2-680,text,true,,1209,2602,2,600,https://api-scuda.uat.oci.krungsri.tech/ords/api/v1/customer/individual/searchprofile,39,0,26
1779799827462,30,SearchIndividual,200,OK,SearchIndividual 2-681,text,true,,1128,2601,1,599,https://api-scuda.uat.oci.krungsri.tech/ords/api/v1/customer/individual/searchprofile,30,0,18
1779799827599,27,SearchIndividual,200,OK,SearchIndividual 2-683,text,true,,1201,2602,4,608,https://api-scuda.uat.oci.krungsri.tech/ords/api/v1/customer/individual/searchprofile,26,0,14
1779799827604,24,SearchIndividual,200,OK,SearchIndividual 2-684,text,true,,1211,2602,3,608,https://api-scuda.uat.oci.krungsri.tech/ords/api/v1/customer/individual/searchprofile,24,0,12
1779799827599,31,SearchIndividual,200,OK,SearchIndividual 2-682,text,true,,1183,2602,2,607,https://api-scuda.uat.oci.krungsri.tech/ords/api/v1/customer/individual/searchprofile,31,0,18
1779799827619,21,SearchIndividual,200,OK,SearchIndividual 2-685,text,true,,1219,2602,2,609,https://api-scuda.uat.oci.krungsri.tech/ords/api/v1/customer/individual/searchprofile,20,0,10
1779799827640,25,SearchIndividual,200,OK,SearchIndividual 2-686,text,true,,1219,2602,3,612,https://api-scuda.uat.oci.krungsri.tech/ords/api/v1/customer/individual/searchprofile,25,0,14
1779799827644,28,SearchIndividual,200,OK,SearchIndividual 2-688,text,true,,1163,2602,2,612,https://api-scuda.uat.oci.krungsri.tech/ords/api/v1/customer/individual/searchprofile,28,0,16
1779799827641,45,SearchIndividual,200,OK,SearchIndividual 2-687,text,true,,1173,2602,3,613,https://api-scuda.uat.oci.krungsri.tech/ords/api/v1/customer/individual/searchprofile,44,0,21
1779799827685,24,SearchIndividual,200,OK,SearchIndividual 2-690,text,true,,1175,2602,2,613,https://api-scuda.uat.oci.krungsri.tech/ords/api/v1/customer/individual/searchprofile,24,0,12
1779799827683,70,SearchIndividual,200,OK,SearchIndividual 2-689,text,true,,1247,2602,2,617,https://api-scuda.uat.oci.krungsri.tech/ords/api/v1/customer/individual/searchprofile,70,0,45
1779799827732,33,SearchIndividual,200,OK,SearchIndividual 2-691,text,true,,1211,2602,2,617,https://api-scuda.uat.oci.krungsri.tech/ords/api/v1/customer/individual/searchprofile,33,0,21
1779799827763,28,SearchIndividual,200,OK,SearchIndividual 2-692,text,true,,1173,2602,4,620,https://api-scuda.uat.oci.krungsri.tech/ords/api/v1/customer/individual/searchprofile,28,0,16
1779799827768,25,SearchIndividual,200,OK,SearchIndividual 2-693,text,true,,1171,2602,3,619,https://api-scuda.uat.oci.krungsri.tech/ords/api/v1/customer/individual/searchprofile,25,0,15
1779799827773,32,SearchIndividual,200,OK,SearchIndividual 2-694,text,true,,1152,2601,2,618,https://api-scuda.uat.oci.krungsri.tech/ords/api/v1/customer/individual/searchprofile,31,0,20
1779799827786,27,SearchIndividual,200,OK,SearchIndividual 2-695,text,true,,1193,2602,1,618,https://api-scuda.uat.oci.krungsri.tech/ords/api/v1/customer/individual/searchprofile,26,0,15
1779799827828,30,SearchIndividual,200,OK,SearchIndividual 2-696,text,true,,1283,2602,1,618,https://api-scuda.uat.oci.krungsri.tech/ords/api/v1/customer/individual/searchprofile,30,0,18
1779799827869,27,SearchIndividual,200,OK,SearchIndividual 2-698,text,true,,1191,2602,3,623,https://api-scuda.uat.oci.krungsri.tech/ords/api/v1/customer/individual/searchprofile,27,0,16
1779799827869,30,SearchIndividual,200,OK,SearchIndividual 2-699,text,true,,1107,2602,2,622,https://api-scuda.uat.oci.krungsri.tech/ords/api/v1/customer/individual/searchprofile,30,0,19
1779799827868,47,SearchIndividual,200,OK,SearchIndividual 2-697,text,true,,1237,2602,3,624,https://api-scuda.uat.oci.krungsri.tech/ords/api/v1/customer/individual/searchprofile,47,0,36
1779799827901,24,SearchIndividual,200,OK,SearchIndividual 2-700,text,true,,1207,2602,2,625,https://api-scuda.uat.oci.krungsri.tech/ords/api/v1/customer/individual/searchprofile,24,0,12
1779799827909,27,SearchIndividual,200,OK,SearchIndividual 2-701,text,true,,1169,2602,1,625,https://api-scuda.uat.oci.krungsri.tech/ords/api/v1/customer/individual/searchprofile,27,0,16
1779799827923,25,SearchJoint,200,OK,SearchJoint 10-25,text,true,,621,2627,1,626,https://api-scuda.uat.oci.krungsri.tech/ords/api/v1/customer/joint/searchprofile,25,0,15
1779799827952,21,SearchIndividual,200,OK,SearchIndividual 2-703,text,true,,1147,2602,2,629,https://api-scuda.uat.oci.krungsri.tech/ords/api/v1/customer/individual/searchprofile,20,0,9
1779799827942,42,SearchIndividual,200,OK,SearchIndividual 2-702,text,true,,1215,2602,2,629,https://api-scuda.uat.oci.krungsri.tech/ords/api/v1/customer/individual/searchprofile,42,0,31
1779799827976,30,SearchIndividual,200,OK,SearchIndividual 2-704,text,true,,1191,2602,1,629,https://api-scuda.uat.oci.krungsri.tech/ords/api/v1/customer/individual/searchprofile,30,0,19
1779799828008,30,SearchIndividual,200,OK,SearchIndividual 2-705,text,true,,1186,2601,1,630,https://api-scuda.uat.oci.krungsri.tech/ords/api/v1/customer/individual/searchprofile,29,0,18
1779799828081,22,SearchIndividual,200,OK,SearchIndividual 2-706,text,true,,1223,2602,1,634,https://api-scuda.uat.oci.krungsri.tech/ords/api/v1/customer/individual/searchprofile,22,0,12
1779799828205,28,SearchIndividual,200,OK,SearchIndividual 2-710,text,true,,1215,2602,10,650,https://api-scuda.uat.oci.krungsri.tech/ords/api/v1/customer/individual/searchprofile,28,0,13
1779799828207,29,SearchIndividual,200,OK,SearchIndividual 2-712,text,true,,1139,2602,9,649,https://api-scuda.uat.oci.krungsri.tech/ords/api/v1/customer/individual/searchprofile,29,0,14
1779799828211,25,SearchIndividual,200,OK,SearchIndividual 2-716,text,true,,1189,2602,9,649,https://api-scuda.uat.oci.krungsri.tech/ords/api/v1/customer/individual/searchprofile,25,0,11
1779799810149,18090,GetIndividual,200,OK,GetIndividual 1-35,text,true,,3881,3588,342,647,https://api-scuda.uat.oci.krungsri.tech/ic/api/v1/customer/individual/getprofile,18090,0,26
1779799828209,36,SearchIndividual,200,OK,SearchIndividual 2-715,text,true,,1191,2602,7,647,https://api-scuda.uat.oci.krungsri.tech/ords/api/v1/customer/individual/searchprofile,35,0,12
1779799828202,70,SearchIndividual,200,OK,SearchIndividual 2-707,text,true,,1157,2602,8,652,https://api-scuda.uat.oci.krungsri.tech/ords/api/v1/customer/individual/searchprofile,64,0,28
1779799828206,68,SearchIndividual,200,OK,SearchIndividual 2-711,text,true,,1117,2602,7,651,https://api-scuda.uat.oci.krungsri.tech/ords/api/v1/customer/individual/searchprofile,67,0,24
1779799828203,73,SearchIndividual,200,OK,SearchIndividual 2-709,text,true,,1239,2602,6,650,https://api-scuda.uat.oci.krungsri.tech/ords/api/v1/customer/individual/searchprofile,73,0,29
1779799828202,75,SearchIndividual,200,OK,SearchIndividual 2-708,text,true,,1193,2602,5,649,https://api-scuda.uat.oci.krungsri.tech/ords/api/v1/customer/individual/searchprofile,75,0,30
1779799828208,81,SearchIndividual,200,OK,SearchIndividual 2-713,text,true,,1175,2602,5,650,https://api-scuda.uat.oci.krungsri.tech/ords/api/v1/customer/individual/searchprofile,80,0,34
1779799828256,48,SearchIndividual,200,OK,SearchIndividual 2-717,text,true,,1195,2602,4,650,https://api-scuda.uat.oci.krungsri.tech/ords/api/v1/customer/individual/searchprofile,48,0,32
1779799828321,37,SearchIndividual,200,OK,SearchIndividual 2-720,text,true,,1187,2602,6,654,https://api-scuda.uat.oci.krungsri.tech/ords/api/v1/customer/individual/searchprofile,37,0,26
1779799828331,45,SearchIndividual,200,OK,SearchIndividual 2-721,text,true,,1187,2602,6,655,https://api-scuda.uat.oci.krungsri.tech/ords/api/v1/customer/individual/searchprofile,44,0,27
1779799828208,171,SearchIndividual,200,OK,SearchIndividual 2-714,text,true,,1159,2602,5,654,https://api-scuda.uat.oci.krungsri.tech/ords/api/v1/customer/individual/searchprofile,171,0,111
1779799828359,33,SearchIndividual,200,OK,SearchIndividual 2-722,text,true,,1205,2602,6,657,https://api-scuda.uat.oci.krungsri.tech/ords/api/v1/customer/individual/searchprofile,33,0,21
1779799828281,125,SearchIndividual,200,OK,SearchIndividual 2-719,text,true,,1189,2602,6,657,https://api-scuda.uat.oci.krungsri.tech/ords/api/v1/customer/individual/searchprofile,125,0,64
1779799828261,147,SearchIndividual,200,OK,SearchIndividual 2-718,text,true,,1180,2601,5,656,https://api-scuda.uat.oci.krungsri.tech/ords/api/v1/customer/individual/searchprofile,147,0,69
1779799828377,31,SearchIndividual,200,OK,SearchIndividual 2-723,text,true,,1133,2602,5,656,https://api-scuda.uat.oci.krungsri.tech/ords/api/v1/customer/individual/searchprofile,31,0,20
1779799828393,26,SearchIndividual,200,OK,SearchIndividual 2-725,text,true,,1167,2602,3,654,https://api-scuda.uat.oci.krungsri.tech/ords/api/v1/customer/individual/searchprofile,26,0,15
1779799828407,33,SearchIndividual,200,OK,SearchIndividual 2-726,text,true,,1221,2602,3,657,https://api-scuda.uat.oci.krungsri.tech/ords/api/v1/customer/individual/searchprofile,33,0,21
1779799828390,59,SearchIndividual,200,OK,SearchIndividual 2-724,text,true,,1233,2602,2,656,https://api-scuda.uat.oci.krungsri.tech/ords/api/v1/customer/individual/searchprofile,59,0,41
1779799828429,30,SearchIndividual,200,OK,SearchIndividual 2-727,text,true,,1174,2601,2,656,https://api-scuda.uat.oci.krungsri.tech/ords/api/v1/customer/individual/searchprofile,30,0,19
1779799828458,43,SearchIndividual,200,OK,SearchIndividual 2-728,text,true,,1244,2601,1,656,https://api-scuda.uat.oci.krungsri.tech/ords/api/v1/customer/individual/searchprofile,42,0,26
1779799828526,30,SearchIndividual,200,OK,SearchIndividual 2-729,text,true,,1133,2602,3,661,https://api-scuda.uat.oci.krungsri.tech/ords/api/v1/customer/individual/searchprofile,30,0,18
1779799828529,31,SearchIndividual,200,OK,SearchIndividual 2-730,text,true,,1171,2602,2,660,https://api-scuda.uat.oci.krungsri.tech/ords/api/v1/customer/individual/searchprofile,31,0,19
1779799828535,33,SearchIndividual,200,OK,SearchIndividual 2-731,text,true,,1183,2602,1,661,https://api-scuda.uat.oci.krungsri.tech/ords/api/v1/customer/individual/searchprofile,32,0,22
1779799828564,37,SearchJoint,200,OK,SearchJoint 10-26,text,true,,621,2627,1,664,https://api-scuda.uat.oci.krungsri.tech/ords/api/v1/customer/joint/searchprofile,37,0,23
1779799828591,30,SearchIndividual,200,OK,SearchIndividual 2-732,text,true,,1157,2602,3,666,https://api-scuda.uat.oci.krungsri.tech/ords/api/v1/customer/individual/searchprofile,29,0,18
1779799828597,24,SearchJuristic,200,OK,SearchJuristic 6-23,text,true,,967,2599,1,665,https://api-scuda.uat.oci.krungsri.tech/ords/api/v1/customer/juristic/searchprofile,24,0,14
1779799828604,29,SearchIndividual,200,OK,SearchIndividual 2-733,text,true,,1167,2602,3,666,https://api-scuda.uat.oci.krungsri.tech/ords/api/v1/customer/individual/searchprofile,28,0,15
1779799828615,33,SearchIndividual,200,OK,SearchIndividual 2-734,text,true,,1179,2602,3,669,https://api-scuda.uat.oci.krungsri.tech/ords/api/v1/customer/individual/searchprofile,32,0,21
1779799828628,35,SearchIndividual,200,OK,SearchIndividual 2-735,text,true,,1169,2602,2,670,https://api-scuda.uat.oci.krungsri.tech/ords/api/v1/customer/individual/searchprofile,30,0,19
1779799828643,24,SearchIndividual,200,OK,SearchIndividual 2-736,text,true,,1147,2602,1,669,https://api-scuda.uat.oci.krungsri.tech/ords/api/v1/customer/individual/searchprofile,24,0,14
1779799828693,31,SearchIndividual,200,OK,SearchIndividual 2-737,text,true,,1137,2602,2,676,https://api-scuda.uat.oci.krungsri.tech/ords/api/v1/customer/individual/searchprofile,31,0,18
1779799828704,28,SearchIndividual,200,OK,SearchIndividual 2-738,text,true,,1205,2602,1,675,https://api-scuda.uat.oci.krungsri.tech/ords/api/v1/customer/individual/searchprofile,28,0,17
1779799828708,30,SearchJuristic,200,OK,SearchJuristic 6-24,text,true,,993,2600,1,674,https://api-scuda.uat.oci.krungsri.tech/ords/api/v1/customer/juristic/searchprofile,30,0,20
1779799828751,23,SearchIndividual,200,OK,SearchIndividual 2-740,text,true,,1157,2602,2,677,https://api-scuda.uat.oci.krungsri.tech/ords/api/v1/customer/individual/searchprofile,23,0,13
1779799828740,37,SearchIndividual,200,OK,SearchIndividual 2-739,text,true,,1171,2602,1,676,https://api-scuda.uat.oci.krungsri.tech/ords/api/v1/customer/individual/searchprofile,36,0,22
1779799828786,32,SearchJoint,200,OK,SearchJoint 10-27,text,true,,621,2627,1,680,https://api-scuda.uat.oci.krungsri.tech/ords/api/v1/customer/joint/searchprofile,32,0,22
1779799828794,46,SearchIndividual,200,OK,SearchIndividual 2-741,text,true,,1219,2602,4,682,https://api-scuda.uat.oci.krungsri.tech/ords/api/v1/customer/individual/searchprofile,45,0,15
1779799828803,57,SearchIndividual,200,OK,SearchIndividual 2-742,text,true,,1207,2602,4,687,https://api-scuda.uat.oci.krungsri.tech/ords/api/v1/customer/individual/searchprofile,56,0,42
1779799828819,45,SearchIndividual,200,OK,SearchIndividual 2-743,text,true,,1207,2602,3,686,https://api-scuda.uat.oci.krungsri.tech/ords/api/v1/customer/individual/searchprofile,45,0,26
1779799828835,32,SearchIndividual,200,OK,SearchIndividual 2-744,text,true,,1168,2601,3,686,https://api-scuda.uat.oci.krungsri.tech/ords/api/v1/customer/individual/searchprofile,32,0,21
1779799828853,43,SearchIndividual,200,OK,SearchIndividual 2-745,text,true,,1145,2602,4,689,https://api-scuda.uat.oci.krungsri.tech/ords/api/v1/customer/individual/searchprofile,42,0,27
1779799828871,32,SearchIndividual,200,OK,SearchIndividual 2-747,text,true,,1181,2602,3,688,https://api-scuda.uat.oci.krungsri.tech/ords/api/v1/customer/individual/searchprofile,32,0,19
1779799828867,43,SearchIndividual,200,OK,SearchIndividual 2-746,text,true,,1221,2602,2,687,https://api-scuda.uat.oci.krungsri.tech/ords/api/v1/customer/individual/searchprofile,43,0,23
1779799828885,30,SearchJoint,200,OK,SearchJoint 10-28,text,true,,621,2627,1,686,https://api-scuda.uat.oci.krungsri.tech/ords/api/v1/customer/joint/searchprofile,30,0,21
1779799828882,42,SearchIndividual,200,OK,SearchIndividual 2-748,text,true,,1111,2602,1,685,https://api-scuda.uat.oci.krungsri.tech/ords/api/v1/customer/individual/searchprofile,42,0,13
1779799828969,24,SearchIndividual,200,OK,SearchIndividual 2-750,text,true,,1222,2601,3,691,https://api-scuda.uat.oci.krungsri.tech/ords/api/v1/customer/individual/searchprofile,24,0,13
1779799828957,38,SearchIndividual,200,OK,SearchIndividual 2-749,text,true,,1223,2602,2,690,https://api-scuda.uat.oci.krungsri.tech/ords/api/v1/customer/individual/searchprofile,38,0,22
1779799828992,25,SearchIndividual,200,OK,SearchIndividual 2-751,text,true,,1153,2602,3,692,https://api-scuda.uat.oci.krungsri.tech/ords/api/v1/customer/individual/searchprofile,25,0,14
1779799829005,25,SearchIndividual,200,OK,SearchIndividual 2-752,text,true,,1217,2602,3,694,https://api-scuda.uat.oci.krungsri.tech/ords/api/v1/customer/individual/searchprofile,25,0,14
1779799829008,32,SearchIndividual,200,OK,SearchIndividual 2-753,text,true,,1205,2602,3,695,https://api-scuda.uat.oci.krungsri.tech/ords/api/v1/customer/individual/searchprofile,32,0,19
1779799829028,33,SearchIndividual,200,OK,SearchIndividual 2-754,text,true,,1144,2601,2,694,https://api-scuda.uat.oci.krungsri.tech/ords/api/v1/customer/individual/searchprofile,33,0,22
1779799829033,30,SearchIndividual,200,OK,SearchIndividual 2-755,text,true,,1177,2602,1,693,https://api-scuda.uat.oci.krungsri.tech/ords/api/v1/customer/individual/searchprofile,30,0,20
1779799829138,38,SearchIndividual,200,OK,SearchIndividual 2-756,text,true,,1133,2602,1,700,https://api-scuda.uat.oci.krungsri.tech/ords/api/v1/customer/individual/searchprofile,38,0,26
1779799829186,25,SearchIndividual,200,OK,SearchIndividual 2-757,text,true,,1163,2602,1,701,https://api-scuda.uat.oci.krungsri.tech/ords/api/v1/customer/individual/searchprofile,25,0,13
1779799829218,31,SearchIndividual,200,OK,SearchIndividual 2-758,text,true,,1199,2602,1,702,https://api-scuda.uat.oci.krungsri.tech/ords/api/v1/customer/individual/searchprofile,31,0,18
1779799829275,23,SearchIndividual,200,OK,SearchIndividual 2-762,text,true,,1169,2602,4,707,https://api-scuda.uat.oci.krungsri.tech/ords/api/v1/customer/individual/searchprofile,23,0,9
1779799829268,31,SearchIndividual,200,OK,SearchIndividual 2-760,text,true,,1197,2602,3,706,https://api-scuda.uat.oci.krungsri.tech/ords/api/v1/customer/individual/searchprofile,31,0,20
1779799829268,35,SearchIndividual,200,OK,SearchIndividual 2-759,text,true,,1139,2602,2,706,https://api-scuda.uat.oci.krungsri.tech/ords/api/v1/customer/individual/searchprofile,35,0,23
1779799829275,31,SearchIndividual,200,OK,SearchIndividual 2-761,text,true,,1177,2602,1,705,https://api-scuda.uat.oci.krungsri.tech/ords/api/v1/customer/individual/searchprofile,31,0,17
1779799829327,43,SearchIndividual,200,OK,SearchIndividual 2-763,text,true,,621,2602,2,711,https://api-scuda.uat.oci.krungsri.tech/ords/api/v1/customer/individual/searchprofile,42,0,31
1779799829365,39,SearchIndividual,200,OK,SearchIndividual 2-764,text,true,,1215,2602,2,718,https://api-scuda.uat.oci.krungsri.tech/ords/api/v1/customer/individual/searchprofile,39,0,20
1779799829404,20,SearchIndividual,200,OK,SearchIndividual 2-765,text,true,,1205,2602,2,721,https://api-scuda.uat.oci.krungsri.tech/ords/api/v1/customer/individual/searchprofile,20,0,10
1779799829420,24,SearchIndividual,200,OK,SearchIndividual 2-766,text,true,,1195,2602,2,721,https://api-scuda.uat.oci.krungsri.tech/ords/api/v1/customer/individual/searchprofile,24,0,13
1779799829440,25,SearchIndividual,200,OK,SearchIndividual 2-767,text,true,,1159,2602,3,722,https://api-scuda.uat.oci.krungsri.tech/ords/api/v1/customer/individual/searchprofile,25,0,14
1779799829461,25,SearchIndividual,200,OK,SearchIndividual 2-768,text,true,,1205,2602,3,726,https://api-scuda.uat.oci.krungsri.tech/ords/api/v1/customer/individual/searchprofile,25,0,13
1779799829464,24,SearchIndividual,200,OK,SearchIndividual 2-769,text,true,,1126,2601,2,725,https://api-scuda.uat.oci.krungsri.tech/ords/api/v1/customer/individual/searchprofile,23,0,12
1779799829484,22,SearchIndividual,200,OK,SearchIndividual 2-770,text,true,,1225,2602,2,725,https://api-scuda.uat.oci.krungsri.tech/ords/api/v1/customer/individual/searchprofile,22,0,12
1779799829499,31,SearchIndividual,200,OK,SearchIndividual 2-771,text,true,,1121,2602,4,728,https://api-scuda.uat.oci.krungsri.tech/ords/api/v1/customer/individual/searchprofile,31,0,19
1779799829519,30,SearchIndividual,200,OK,SearchIndividual 2-773,text,true,,1175,2602,4,730,https://api-scuda.uat.oci.krungsri.tech/ords/api/v1/customer/individual/searchprofile,30,0,19
1779799829514,35,SearchIndividual,200,OK,SearchIndividual 2-772,text,true,,1193,2602,4,731,https://api-scuda.uat.oci.krungsri.tech/ords/api/v1/customer/individual/searchprofile,35,0,20
1779799829526,32,SearchIndividual,200,OK,SearchIndividual 2-774,text,true,,1175,2602,3,730,https://api-scuda.uat.oci.krungsri.tech/ords/api/v1/customer/individual/searchprofile,30,0,19
1779799829537,42,SearchIndividual,200,OK,SearchIndividual 2-775,text,true,,1165,2602,2,734,https://api-scuda.uat.oci.krungsri.tech/ords/api/v1/customer/individual/searchprofile,41,0,25
1779799829554,37,SearchIndividual,200,OK,SearchIndividual 2-776,text,true,,1187,2602,1,734,https://api-scuda.uat.oci.krungsri.tech/ords/api/v1/customer/individual/searchprofile,36,0,25
1779799829596,33,SearchIndividual,200,OK,SearchIndividual 2-777,text,true,,1207,2602,2,739,https://api-scuda.uat.oci.krungsri.tech/ords/api/v1/customer/individual/searchprofile,33,0,20
1779799829615,21,GetIndividual,429,Too Many Requests,GetIndividual 1-506,text,false,,417,3588,395,741,https://api-scuda.uat.oci.krungsri.tech/ic/api/v1/customer/individual/getprofile,21,0,20
1779799829630,16,SearchIndividual,429,Too Many Requests,SearchIndividual 2-779,text,false,,417,2602,4,741,https://api-scuda.uat.oci.krungsri.tech/ords/api/v1/customer/individual/searchprofile,16,0,14
1779799829625,31,SearchIndividual,200,OK,SearchIndividual 2-778,text,true,,1187,2602,3,740,https://api-scuda.uat.oci.krungsri.tech/ords/api/v1/customer/individual/searchprofile,31,0,18
1779799829636,31,SearchIndividual,200,OK,SearchIndividual 2-781,text,true,,1129,2602,2,739,https://api-scuda.uat.oci.krungsri.tech/ords/api/v1/customer/individual/searchprofile,31,0,18
1779799829633,37,SearchIndividual,200,OK,SearchIndividual 2-780,text,true,,1193,2602,1,738,https://api-scuda.uat.oci.krungsri.tech/ords/api/v1/customer/individual/searchprofile,37,0,20
1779799829677,17,SearchIndividual,429,Too Many Requests,SearchIndividual 2-782,text,false,,417,2602,2,739,https://api-scuda.uat.oci.krungsri.tech/ords/api/v1/customer/individual/searchprofile,17,0,15
1779799829701,17,SearchIndividual,429,Too Many Requests,SearchIndividual 2-784,text,false,,417,2602,3,741,https://api-scuda.uat.oci.krungsri.tech/ords/api/v1/customer/individual/searchprofile,17,0,15
1779799829708,12,SearchIndividual,429,Too Many Requests,SearchIndividual 2-785,text,false,,417,2602,3,741,https://api-scuda.uat.oci.krungsri.tech/ords/api/v1/customer/individual/searchprofile,12,0,10
1779799829694,44,SearchIndividual,200,OK,SearchIndividual 2-783,text,true,,1255,2602,2,743,https://api-scuda.uat.oci.krungsri.tech/ords/api/v1/customer/individual/searchprofile,43,0,30
1779799829720,26,SearchIndividual,200,OK,SearchIndividual 2-786,text,true,,1155,2602,1,742,https://api-scuda.uat.oci.krungsri.tech/ords/api/v1/customer/individual/searchprofile,26,0,15
1779799829729,20,GetIndividual,429,Too Many Requests,GetIndividual 1-507,text,false,,417,3587,396,741,https://api-scuda.uat.oci.krungsri.tech/ic/api/v1/customer/individual/getprofile,20,0,19
1779799829732,26,GetJuristic,429,Too Many Requests,GetJuristic 5-25,text,false,,417,3533,17,740,https://api-scuda.uat.oci.krungsri.tech/ic/api/v1/customer/juristic/getprofile,26,0,24
1779799829764,12,SearchIndividual,429,Too Many Requests,SearchIndividual 2-787,text,false,,417,2602,1,742,https://api-scuda.uat.oci.krungsri.tech/ords/api/v1/customer/individual/searchprofile,12,0,10
1779799829772,16,CreateJuristic,429,Too Many Requests,CreateJuristic 7-25,text,false,,417,7993,14,743,https://api-scuda.uat.oci.krungsri.tech/ic/api/v1/customer/juristic/createprofile,16,0,15
1779799829769,20,GetIndividual,429,Too Many Requests,GetIndividual 1-509,text,false,,417,3588,398,744,https://api-scuda.uat.oci.krungsri.tech/ic/api/v1/customer/individual/getprofile,20,0,18
1779799829785,14,UpdateIndividual,429,Too Many Requests,UpdateIndividual 4-314,text,false,,417,5502,235,743,https://api-scuda.uat.oci.krungsri.tech/ic/api/v1/customer/individual/updateprofile,14,0,13
1779799829789,19,GetIndividual,429,Too Many Requests,GetIndividual 1-511,text,false,,417,3588,398,743,https://api-scuda.uat.oci.krungsri.tech/ic/api/v1/customer/individual/getprofile,19,0,17
1779799829793,18,GetJoint,429,Too Many Requests,GetJoint 9-27,text,false,,417,3530,18,743,https://api-scuda.uat.oci.krungsri.tech/ic/api/v1/customer/joint/getprofile,18,0,16
1779799829809,31,SearchIndividual,200,OK,SearchIndividual 2-788,text,true,,1145,2602,2,745,https://api-scuda.uat.oci.krungsri.tech/ords/api/v1/customer/individual/searchprofile,30,0,19
1779799829830,24,SearchIndividual,429,Too Many Requests,SearchIndividual 2-789,text,false,,417,2601,2,746,https://api-scuda.uat.oci.krungsri.tech/ords/api/v1/customer/individual/searchprofile,24,0,23
1779799829836,20,GetIndividual,429,Too Many Requests,GetIndividual 1-513,text,false,,417,3588,399,745,https://api-scuda.uat.oci.krungsri.tech/ic/api/v1/customer/individual/getprofile,20,0,18
1779799829842,19,SearchIndividual,429,Too Many Requests,SearchIndividual 2-790,text,false,,417,2602,1,744,https://api-scuda.uat.oci.krungsri.tech/ords/api/v1/customer/individual/searchprofile,19,0,17
1779799829837,25,GetIndividual,429,Too Many Requests,GetIndividual 1-514,text,false,,417,3588,398,743,https://api-scuda.uat.oci.krungsri.tech/ic/api/v1/customer/individual/getprofile,25,0,23
1779799829869,18,SearchIndividual,429,Too Many Requests,SearchIndividual 2-791,text,false,,417,2602,1,743,https://api-scuda.uat.oci.krungsri.tech/ords/api/v1/customer/individual/searchprofile,18,0,16
1779799829904,16,SearchIndividual,429,Too Many Requests,SearchIndividual 2-792,text,false,,417,2602,2,745,https://api-scuda.uat.oci.krungsri.tech/ords/api/v1/customer/individual/searchprofile,16,0,14
1779799829914,15,SearchIndividual,429,Too Many Requests,SearchIndividual 2-793,text,false,,417,2602,1,746,https://api-scuda.uat.oci.krungsri.tech/ords/api/v1/customer/individual/searchprofile,15,0,13
1779799829929,29,GetIndividual,429,Too Many Requests,GetIndividual 1-516,text,false,,417,3588,399,746,https://api-scuda.uat.oci.krungsri.tech/ic/api/v1/customer/individual/getprofile,29,0,25
1779799829952,21,SearchIndividual,429,Too Many Requests,SearchIndividual 2-794,text,false,,417,2602,1,745,https://api-scuda.uat.oci.krungsri.tech/ords/api/v1/customer/individual/searchprofile,21,0,19
1779799829977,16,SearchIndividual,429,Too Many Requests,SearchIndividual 2-796,text,false,,417,2602,2,746,https://api-scuda.uat.oci.krungsri.tech/ords/api/v1/customer/individual/searchprofile,16,0,14
1779799829977,31,SearchIndividual,200,OK,SearchIndividual 2-795,text,true,,1135,2602,1,745,https://api-scuda.uat.oci.krungsri.tech/ords/api/v1/customer/individual/searchprofile,30,0,18
1779799830012,19,GetIndividual,429,Too Many Requests,GetIndividual 1-517,text,false,,417,3588,400,749,https://api-scuda.uat.oci.krungsri.tech/ic/api/v1/customer/individual/getprofile,19,0,18
1779799830029,22,SearchJoint,429,Too Many Requests,SearchJoint 10-29,text,false,,417,2627,1,751,https://api-scuda.uat.oci.krungsri.tech/ords/api/v1/customer/joint/searchprofile,22,0,20
1779799830040,29,SearchIndividual,200,OK,SearchIndividual 2-797,text,true,,1235,2602,2,752,https://api-scuda.uat.oci.krungsri.tech/ords/api/v1/customer/individual/searchprofile,29,0,16
1779799830046,31,SearchIndividual,200,OK,SearchIndividual 2-798,text,true,,1161,2602,1,752,https://api-scuda.uat.oci.krungsri.tech/ords/api/v1/customer/individual/searchprofile,31,0,19
1779799830053,24,UpdateIndividual,429,Too Many Requests,UpdateIndividual 4-317,text,false,,417,4229,238,752,https://api-scuda.uat.oci.krungsri.tech/ic/api/v1/customer/individual/updateprofile,24,0,23
1779799830063,23,GetIndividual,429,Too Many Requests,GetIndividual 1-519,text,false,,417,3588,401,752,https://api-scuda.uat.oci.krungsri.tech/ic/api/v1/customer/individual/getprofile,23,0,21
1779799830073,23,GetIndividual,429,Too Many Requests,GetIndividual 1-520,text,false,,417,3588,401,753,https://api-scuda.uat.oci.krungsri.tech/ic/api/v1/customer/individual/getprofile,23,0,22
1779799830070,30,UpdateIndividual,429,Too Many Requests,UpdateIndividual 4-318,text,false,,417,5612,238,753,https://api-scuda.uat.oci.krungsri.tech/ic/api/v1/customer/individual/updateprofile,30,0,25
1779799830091,19,GetIndividual,429,Too Many Requests,GetIndividual 1-521,text,false,,417,3588,402,755,https://api-scuda.uat.oci.krungsri.tech/ic/api/v1/customer/individual/getprofile,19,0,18
1779799830088,18,UpdateJoint,429,Too Many Requests,UpdateJoint 12-27,text,false,,417,4549,17,752,https://api-scuda.uat.oci.krungsri.tech/ic/api/v1/customer/joint/updateprofile,18,0,17
1779799830101,22,SearchIndividual,429,Too Many Requests,SearchIndividual 2-800,text,false,,417,2602,2,757,https://api-scuda.uat.oci.krungsri.tech/ords/api/v1/customer/individual/searchprofile,22,0,20
1779799830084,22,SearchIndividual,429,Too Many Requests,SearchIndividual 2-799,text,false,,417,2602,2,752,https://api-scuda.uat.oci.krungsri.tech/ords/api/v1/customer/individual/searchprofile,22,0,20
1779799830109,19,GetIndividual,429,Too Many Requests,GetIndividual 1-522,text,false,,417,3588,402,753,https://api-scuda.uat.oci.krungsri.tech/ic/api/v1/customer/individual/getprofile,19,0,17
1779799830111,18,GetIndividual,429,Too Many Requests,GetIndividual 1-523,text,false,,417,3588,402,753,https://api-scuda.uat.oci.krungsri.tech/ic/api/v1/customer/individual/getprofile,18,0,15
1779799830111,24,CreateJoint,429,Too Many Requests,CreateJoint 11-25,text,false,,417,5862,15,751,https://api-scuda.uat.oci.krungsri.tech/ic/api/v1/customer/joint/createprofile,24,0,23
1779799830116,31,GetIndividual,429,Too Many Requests,GetIndividual 1-524,text,false,,417,3588,400,750,https://api-scuda.uat.oci.krungsri.tech/ic/api/v1/customer/individual/getprofile,31,0,29
1779799830126,31,CreateJoint,429,Too Many Requests,CreateJoint 11-26,text,false,,417,5841,14,750,https://api-scuda.uat.oci.krungsri.tech/ic/api/v1/customer/joint/createprofile,31,0,30
1779799830158,26,GetIndividual,429,Too Many Requests,GetIndividual 1-525,text,false,,417,3588,400,751,https://api-scuda.uat.oci.krungsri.tech/ic/api/v1/customer/individual/getprofile,25,0,19
1779799830153,37,UpdateIndividual,429,Too Many Requests,UpdateIndividual 4-320,text,false,,417,5594,240,753,https://api-scuda.uat.oci.krungsri.tech/ic/api/v1/customer/individual/updateprofile,37,0,36
1779799830189,12,UpdateIndividual,429,Too Many Requests,UpdateIndividual 4-322,text,false,,417,5590,239,753,https://api-scuda.uat.oci.krungsri.tech/ic/api/v1/customer/individual/updateprofile,12,0,10
1779799830163,40,UpdateIndividual,429,Too Many Requests,UpdateIndividual 4-321,text,false,,417,4231,239,753,https://api-scuda.uat.oci.krungsri.tech/ic/api/v1/customer/individual/updateprofile,40,0,38
1779799830191,20,GetIndividual,429,Too Many Requests,GetIndividual 1-526,text,false,,417,3588,400,755,https://api-scuda.uat.oci.krungsri.tech/ic/api/v1/customer/individual/getprofile,20,0,18
1779799830200,18,SearchIndividual,429,Too Many Requests,SearchIndividual 2-802,text,false,,417,2602,5,755,https://api-scuda.uat.oci.krungsri.tech/ords/api/v1/customer/individual/searchprofile,18,0,17
1779799830191,36,SearchIndividual,200,OK,SearchIndividual 2-801,text,true,,1115,2602,5,756,https://api-scuda.uat.oci.krungsri.tech/ords/api/v1/customer/individual/searchprofile,36,0,22
1779799830211,33,SearchIndividual,200,OK,SearchIndividual 2-805,text,true,,1190,2601,5,756,https://api-scuda.uat.oci.krungsri.tech/ords/api/v1/customer/individual/searchprofile,33,0,19
1779799830211,33,SearchIndividual,200,OK,SearchIndividual 2-804,text,true,,1177,2602,4,755,https://api-scuda.uat.oci.krungsri.tech/ords/api/v1/customer/individual/searchprofile,33,0,19
1779799830218,29,GetIndividual,429,Too Many Requests,GetIndividual 1-527,text,false,,417,3588,400,754,https://api-scuda.uat.oci.krungsri.tech/ic/api/v1/customer/individual/getprofile,29,0,26
1779799830210,43,SearchIndividual,200,OK,SearchIndividual 2-803,text,true,,1179,2602,3,754,https://api-scuda.uat.oci.krungsri.tech/ords/api/v1/customer/individual/searchprofile,43,0,26
1779799830223,34,SearchIndividual,429,Too Many Requests,SearchIndividual 2-806,text,false,,417,2602,2,753,https://api-scuda.uat.oci.krungsri.tech/ords/api/v1/customer/individual/searchprofile,33,0,30
1779799830226,31,UpdateIndividual,429,Too Many Requests,UpdateIndividual 4-324,text,false,,417,4229,240,753,https://api-scuda.uat.oci.krungsri.tech/ic/api/v1/customer/individual/updateprofile,31,0,28
1779799830232,32,SearchIndividual,429,Too Many Requests,SearchIndividual 2-807,text,false,,417,2602,1,751,https://api-scuda.uat.oci.krungsri.tech/ords/api/v1/customer/individual/searchprofile,32,0,31
1779799830269,16,SearchIndividual,429,Too Many Requests,SearchIndividual 2-808,text,false,,417,2602,2,752,https://api-scuda.uat.oci.krungsri.tech/ords/api/v1/customer/individual/searchprofile,16,0,15
1779799830256,33,UpdateIndividual,429,Too Many Requests,UpdateIndividual 4-325,text,false,,417,4228,239,751,https://api-scuda.uat.oci.krungsri.tech/ic/api/v1/customer/individual/updateprofile,33,0,25
1779799830297,15,SearchIndividual,429,Too Many Requests,SearchIndividual 2-810,text,false,,417,2602,2,754,https://api-scuda.uat.oci.krungsri.tech/ords/api/v1/customer/individual/searchprofile,15,0,14
1779799830286,35,SearchIndividual,200,OK,SearchIndividual 2-809,text,true,,1153,2602,1,753,https://api-scuda.uat.oci.krungsri.tech/ords/api/v1/customer/individual/searchprofile,35,0,23
1779799830305,25,GetIndividual,429,Too Many Requests,GetIndividual 1-528,text,false,,417,3588,402,754,https://api-scuda.uat.oci.krungsri.tech/ic/api/v1/customer/individual/getprofile,25,0,22
1779799830313,17,UpdateIndividual,429,Too Many Requests,UpdateIndividual 4-326,text,false,,417,5522,239,754,https://api-scuda.uat.oci.krungsri.tech/ic/api/v1/customer/individual/updateprofile,17,0,15
1779799830329,15,GetIndividual,429,Too Many Requests,GetIndividual 1-530,text,false,,417,3588,401,753,https://api-scuda.uat.oci.krungsri.tech/ic/api/v1/customer/individual/getprofile,15,0,13
1779799830324,21,SearchJoint,429,Too Many Requests,SearchJoint 10-30,text,false,,417,2625,1,753,https://api-scuda.uat.oci.krungsri.tech/ords/api/v1/customer/joint/searchprofile,21,0,19
1779799830358,113,SearchIndividual,429,Too Many Requests,SearchIndividual 2-812,text,false,,417,2602,4,757,https://api-scuda.uat.oci.krungsri.tech/ords/api/v1/customer/individual/searchprofile,113,0,111
1779799830367,107,SearchIndividual,429,Too Many Requests,SearchIndividual 2-813,text,false,,417,2602,3,757,https://api-scuda.uat.oci.krungsri.tech/ords/api/v1/customer/individual/searchprofile,107,0,105
1779799830347,127,GetIndividual,429,Too Many Requests,GetIndividual 1-531,text,false,,417,3588,402,757,https://api-scuda.uat.oci.krungsri.tech/ic/api/v1/customer/individual/getprofile,127,0,126
1779799830332,154,SearchIndividual,200,OK,SearchIndividual 2-811,text,true,,1206,2601,8,762,https://api-scuda.uat.oci.krungsri.tech/ords/api/v1/customer/individual/searchprofile,154,0,141
1779799830471,26,GetIndividual,429,Too Many Requests,GetIndividual 1-532,text,false,,417,3588,401,763,https://api-scuda.uat.oci.krungsri.tech/ic/api/v1/customer/individual/getprofile,26,0,24
1779799830472,26,SearchIndividual,429,Too Many Requests,SearchIndividual 2-814,text,false,,417,2602,8,763,https://api-scuda.uat.oci.krungsri.tech/ords/api/v1/customer/individual/searchprofile,26,0,21
1779799830475,28,SearchJoint,429,Too Many Requests,SearchJoint 10-31,text,false,,417,2627,1,762,https://api-scuda.uat.oci.krungsri.tech/ords/api/v1/customer/joint/searchprofile,28,0,26
1779799830475,28,SearchIndividual,429,Too Many Requests,SearchIndividual 2-815,text,false,,417,2602,8,762,https://api-scuda.uat.oci.krungsri.tech/ords/api/v1/customer/individual/searchprofile,28,0,26
1779799830477,26,UpdateIndividual,429,Too Many Requests,UpdateIndividual 4-327,text,false,,417,4228,240,762,https://api-scuda.uat.oci.krungsri.tech/ic/api/v1/customer/individual/updateprofile,26,0,23
1779799830477,27,SearchIndividual,429,Too Many Requests,SearchIndividual 2-816,text,false,,417,2602,8,762,https://api-scuda.uat.oci.krungsri.tech/ords/api/v1/customer/individual/searchprofile,27,0,25
1779799830492,20,UpdateIndividual,429,Too Many Requests,UpdateIndividual 4-328,text,false,,417,5622,239,758,https://api-scuda.uat.oci.krungsri.tech/ic/api/v1/customer/individual/updateprofile,20,0,19
1779799830489,29,SearchIndividual,429,Too Many Requests,SearchIndividual 2-821,text,false,,417,2602,6,757,https://api-scuda.uat.oci.krungsri.tech/ords/api/v1/customer/individual/searchprofile,29,0,20
1779799830478,42,SearchIndividual,200,OK,SearchIndividual 2-817,text,true,,1255,2602,5,756,https://api-scuda.uat.oci.krungsri.tech/ords/api/v1/customer/individual/searchprofile,42,0,19
1779799830479,42,SearchIndividual,200,OK,SearchIndividual 2-819,text,true,,1143,2602,4,755,https://api-scuda.uat.oci.krungsri.tech/ords/api/v1/customer/individual/searchprofile,42,0,20
1779799830479,44,SearchIndividual,200,OK,SearchIndividual 2-818,text,true,,1161,2602,3,754,https://api-scuda.uat.oci.krungsri.tech/ords/api/v1/customer/individual/searchprofile,44,0,19
1779799830502,23,SearchIndividual,429,Too Many Requests,SearchIndividual 2-822,text,false,,417,2602,2,753,https://api-scuda.uat.oci.krungsri.tech/ords/api/v1/customer/individual/searchprofile,23,0,21
1779799830480,48,SearchIndividual,429,Too Many Requests,SearchIndividual 2-820,text,false,,417,2602,1,752,https://api-scuda.uat.oci.krungsri.tech/ords/api/v1/customer/individual/searchprofile,48,0,40
1779799830476,58,GetJuristic,429,Too Many Requests,GetJuristic 5-28,text,false,,417,3533,19,752,https://api-scuda.uat.oci.krungsri.tech/ic/api/v1/customer/juristic/getprofile,58,0,45
1779799830535,16,SearchIndividual,429,Too Many Requests,SearchIndividual 2-823,text,false,,417,2602,4,755,https://api-scuda.uat.oci.krungsri.tech/ords/api/v1/customer/individual/searchprofile,16,0,14
1779799830538,17,SearchIndividual,429,Too Many Requests,SearchIndividual 2-824,text,false,,417,2602,3,754,https://api-scuda.uat.oci.krungsri.tech/ords/api/v1/customer/individual/searchprofile,17,0,15
1779799830539,16,SearchIndividual,429,Too Many Requests,SearchIndividual 2-825,text,false,,417,2602,3,754,https://api-scuda.uat.oci.krungsri.tech/ords/api/v1/customer/individual/searchprofile,16,0,14
1779799830531,29,GetIndividual,429,Too Many Requests,GetIndividual 1-533,text,false,,417,3588,401,752,https://api-scuda.uat.oci.krungsri.tech/ic/api/v1/customer/individual/getprofile,29,0,27
1779799830546,30,SearchIndividual,429,Too Many Requests,SearchIndividual 2-826,text,false,,417,2602,1,752,https://api-scuda.uat.oci.krungsri.tech/ords/api/v1/customer/individual/searchprofile,30,0,23
1779799830568,23,GetIndividual,429,Too Many Requests,GetIndividual 1-534,text,false,,417,3587,402,755,https://api-scuda.uat.oci.krungsri.tech/ic/api/v1/customer/individual/getprofile,23,0,22
1779799830587,12,GetIndividual,429,Too Many Requests,GetIndividual 1-535,text,false,,417,3588,401,754,https://api-scuda.uat.oci.krungsri.tech/ic/api/v1/customer/individual/getprofile,12,0,11
1779799830585,18,UpdateIndividual,429,Too Many Requests,UpdateIndividual 4-329,text,false,,417,5599,240,753,https://api-scuda.uat.oci.krungsri.tech/ic/api/v1/customer/individual/updateprofile,18,0,16
1779799830593,27,UpdateIndividual,429,Too Many Requests,UpdateIndividual 4-330,text,false,,417,4228,239,753,https://api-scuda.uat.oci.krungsri.tech/ic/api/v1/customer/individual/updateprofile,27,0,25
1779799830581,28,SearchJuristic,200,OK,SearchJuristic 6-25,text,true,,978,2600,1,752,https://api-scuda.uat.oci.krungsri.tech/ords/api/v1/customer/juristic/searchprofile,28,0,17
1779799830610,19,SearchIndividual,429,Too Many Requests,SearchIndividual 2-827,text,false,,417,2602,1,751,https://api-scuda.uat.oci.krungsri.tech/ords/api/v1/customer/individual/searchprofile,19,0,18
1779799830635,23,GetIndividual,429,Too Many Requests,GetIndividual 1-536,text,false,,417,3588,401,755,https://api-scuda.uat.oci.krungsri.tech/ic/api/v1/customer/individual/getprofile,23,0,21
1779799830645,22,UpdateIndividual,429,Too Many Requests,UpdateIndividual 4-331,text,false,,417,4228,240,754,https://api-scuda.uat.oci.krungsri.tech/ic/api/v1/customer/individual/updateprofile,22,0,20
1779799830655,13,UpdateIndividual,429,Too Many Requests,UpdateIndividual 4-332,text,false,,417,4228,240,754,https://api-scuda.uat.oci.krungsri.tech/ic/api/v1/customer/individual/updateprofile,13,0,11
1779799830655,15,SearchIndividual,429,Too Many Requests,SearchIndividual 2-828,text,false,,417,2602,1,752,https://api-scuda.uat.oci.krungsri.tech/ords/api/v1/customer/individual/searchprofile,15,0,14
1779799830674,29,SearchIndividual,200,OK,SearchIndividual 2-829,text,true,,1152,2601,3,755,https://api-scuda.uat.oci.krungsri.tech/ords/api/v1/customer/individual/searchprofile,29,0,15
1779799830695,18,SearchIndividual,429,Too Many Requests,SearchIndividual 2-830,text,false,,417,2602,2,754,https://api-scuda.uat.oci.krungsri.tech/ords/api/v1/customer/individual/searchprofile,18,0,17
1779799830698,33,SearchIndividual,200,OK,SearchIndividual 2-831,text,true,,1227,2602,1,754,https://api-scuda.uat.oci.krungsri.tech/ords/api/v1/customer/individual/searchprofile,33,0,21
1779799830737,20,SearchIndividual,429,Too Many Requests,SearchIndividual 2-832,text,false,,417,2602,2,755,https://api-scuda.uat.oci.krungsri.tech/ords/api/v1/customer/individual/searchprofile,20,0,19
1779799830737,21,SearchIndividual,429,Too Many Requests,SearchIndividual 2-833,text,false,,417,2602,2,755,https://api-scuda.uat.oci.krungsri.tech/ords/api/v1/customer/individual/searchprofile,21,0,19
1779799830767,15,GetIndividual,429,Too Many Requests,GetIndividual 1-539,text,false,,417,3588,403,757,https://api-scuda.uat.oci.krungsri.tech/ic/api/v1/customer/individual/getprofile,15,0,14
1779799830772,13,UpdateIndividual,429,Too Many Requests,UpdateIndividual 4-333,text,false,,417,5600,240,757,https://api-scuda.uat.oci.krungsri.tech/ic/api/v1/customer/individual/updateprofile,13,0,12
1779799830767,21,SearchIndividual,429,Too Many Requests,SearchIndividual 2-834,text,false,,417,2602,2,757,https://api-scuda.uat.oci.krungsri.tech/ords/api/v1/customer/individual/searchprofile,21,0,20
1779799830776,23,UpdateIndividual,429,Too Many Requests,UpdateIndividual 4-334,text,false,,417,5573,240,758,https://api-scuda.uat.oci.krungsri.tech/ic/api/v1/customer/individual/updateprofile,23,0,21
1779799830789,12,GetIndividual,429,Too Many Requests,GetIndividual 1-541,text,false,,417,3588,404,757,https://api-scuda.uat.oci.krungsri.tech/ic/api/v1/customer/individual/getprofile,12,0,10
1779799830784,21,SearchIndividual,429,Too Many Requests,SearchIndividual 2-835,text,false,,417,2602,1,757,https://api-scuda.uat.oci.krungsri.tech/ords/api/v1/customer/individual/searchprofile,21,0,20
1779799830787,19,GetIndividual,429,Too Many Requests,GetIndividual 1-540,text,false,,417,3587,403,757,https://api-scuda.uat.oci.krungsri.tech/ic/api/v1/customer/individual/getprofile,19,0,17
1779799830797,16,UpdateIndividual,429,Too Many Requests,UpdateIndividual 4-335,text,false,,417,4227,239,755,https://api-scuda.uat.oci.krungsri.tech/ic/api/v1/customer/individual/updateprofile,16,0,14
1779799830808,21,UpdateJoint,429,Too Many Requests,UpdateJoint 12-28,text,false,,417,3614,17,754,https://api-scuda.uat.oci.krungsri.tech/ic/api/v1/customer/joint/updateprofile,21,0,20
1779799830865,22,GetIndividual,429,Too Many Requests,GetIndividual 1-542,text,false,,417,3588,405,757,https://api-scuda.uat.oci.krungsri.tech/ic/api/v1/customer/individual/getprofile,22,0,20
1779799830877,18,GetIndividual,429,Too Many Requests,GetIndividual 1-543,text,false,,417,3588,404,757,https://api-scuda.uat.oci.krungsri.tech/ic/api/v1/customer/individual/getprofile,18,0,17
1779799830882,19,GetIndividual,429,Too Many Requests,GetIndividual 1-544,text,false,,417,3588,403,756,https://api-scuda.uat.oci.krungsri.tech/ic/api/v1/customer/individual/getprofile,19,0,18
1779799830883,20,SearchIndividual,429,Too Many Requests,SearchIndividual 2-836,text,false,,417,2602,2,755,https://api-scuda.uat.oci.krungsri.tech/ords/api/v1/customer/individual/searchprofile,20,0,18
1779799830891,21,SearchIndividual,429,Too Many Requests,SearchIndividual 2-837,text,false,,417,2602,2,756,https://api-scuda.uat.oci.krungsri.tech/ords/api/v1/customer/individual/searchprofile,21,0,20
1779799830906,20,SearchIndividual,429,Too Many Requests,SearchIndividual 2-838,text,false,,417,2602,1,755,https://api-scuda.uat.oci.krungsri.tech/ords/api/v1/customer/individual/searchprofile,20,0,19
1779799830908,19,GetIndividual,429,Too Many Requests,GetIndividual 1-545,text,false,,417,3588,403,755,https://api-scuda.uat.oci.krungsri.tech/ic/api/v1/customer/individual/getprofile,19,0,16
1779799830930,18,GetIndividual,429,Too Many Requests,GetIndividual 1-546,text,false,,417,3587,403,755,https://api-scuda.uat.oci.krungsri.tech/ic/api/v1/customer/individual/getprofile,18,0,17
1779799830933,26,SearchIndividual,429,Too Many Requests,SearchIndividual 2-839,text,false,,417,2602,2,755,https://api-scuda.uat.oci.krungsri.tech/ords/api/v1/customer/individual/searchprofile,26,0,25
1779799830954,21,SearchIndividual,429,Too Many Requests,SearchIndividual 2-840,text,false,,417,2602,3,756,https://api-scuda.uat.oci.krungsri.tech/ords/api/v1/customer/individual/searchprofile,21,0,19
1779799830965,21,SearchIndividual,429,Too Many Requests,SearchIndividual 2-841,text,false,,417,2602,2,755,https://api-scuda.uat.oci.krungsri.tech/ords/api/v1/customer/individual/searchprofile,21,0,20
1779799830971,27,SearchIndividual,429,Too Many Requests,SearchIndividual 2-842,text,false,,417,2602,1,754,https://api-scuda.uat.oci.krungsri.tech/ords/api/v1/customer/individual/searchprofile,27,0,24
1779799831016,21,SearchIndividual,429,Too Many Requests,SearchIndividual 2-843,text,false,,417,2602,1,755,https://api-scuda.uat.oci.krungsri.tech/ords/api/v1/customer/individual/searchprofile,21,0,19
1779799831036,29,CreateJuristic,429,Too Many Requests,CreateJuristic 7-27,text,false,,417,7828,15,754,https://api-scuda.uat.oci.krungsri.tech/ic/api/v1/customer/juristic/createprofile,29,0,27
1779799831078,19,UpdateIndividual,429,Too Many Requests,UpdateIndividual 4-336,text,false,,417,4227,239,757,https://api-scuda.uat.oci.krungsri.tech/ic/api/v1/customer/individual/updateprofile,19,0,17
1779799831094,22,SearchIndividual,429,Too Many Requests,SearchIndividual 2-846,text,false,,417,2602,3,757,https://api-scuda.uat.oci.krungsri.tech/ords/api/v1/customer/individual/searchprofile,22,0,21
1779799831091,20,SearchIndividual,429,Too Many Requests,SearchIndividual 2-844,text,false,,417,2601,3,757,https://api-scuda.uat.oci.krungsri.tech/ords/api/v1/customer/individual/searchprofile,20,0,19
1779799831095,14,SearchIndividual,429,Too Many Requests,SearchIndividual 2-845,text,false,,417,2602,3,757,https://api-scuda.uat.oci.krungsri.tech/ords/api/v1/customer/individual/searchprofile,14,0,12
1779799831106,14,UpdateIndividual,429,Too Many Requests,UpdateIndividual 4-337,text,false,,417,4229,239,757,https://api-scuda.uat.oci.krungsri.tech/ic/api/v1/customer/individual/updateprofile,14,0,12
1779799831127,16,SearchIndividual,429,Too Many Requests,SearchIndividual 2-847,text,false,,417,2602,2,756,https://api-scuda.uat.oci.krungsri.tech/ords/api/v1/customer/individual/searchprofile,16,0,15
1779799831140,14,UpdateIndividual,429,Too Many Requests,UpdateIndividual 4-338,text,false,,417,4229,239,755,https://api-scuda.uat.oci.krungsri.tech/ic/api/v1/customer/individual/updateprofile,14,0,12
1779799831143,22,SearchIndividual,429,Too Many Requests,SearchIndividual 2-848,text,false,,417,2602,2,756,https://api-scuda.uat.oci.krungsri.tech/ords/api/v1/customer/individual/searchprofile,22,0,20
1779799831159,17,SearchJoint,429,Too Many Requests,SearchJoint 10-32,text,false,,417,2627,1,756,https://api-scuda.uat.oci.krungsri.tech/ords/api/v1/customer/joint/searchprofile,17,0,15
1779799831162,15,SearchIndividual,429,Too Many Requests,SearchIndividual 2-849,text,false,,417,2602,2,755,https://api-scuda.uat.oci.krungsri.tech/ords/api/v1/customer/individual/searchprofile,15,0,13
1779799831176,21,SearchIndividual,429,Too Many Requests,SearchIndividual 2-850,text,false,,417,2601,3,758,https://api-scuda.uat.oci.krungsri.tech/ords/api/v1/customer/individual/searchprofile,21,0,20
1779799831193,16,SearchIndividual,429,Too Many Requests,SearchIndividual 2-851,text,false,,417,2602,2,757,https://api-scuda.uat.oci.krungsri.tech/ords/api/v1/customer/individual/searchprofile,16,0,14
1779799831192,17,UpdateIndividual,429,Too Many Requests,UpdateIndividual 4-339,text,false,,417,5599,240,757,https://api-scuda.uat.oci.krungsri.tech/ic/api/v1/customer/individual/updateprofile,17,0,15
1779799831195,15,UpdateIndividual,429,Too Many Requests,UpdateIndividual 4-340,text,false,,417,4228,239,755,https://api-scuda.uat.oci.krungsri.tech/ic/api/v1/customer/individual/updateprofile,15,0,14
1779799831196,26,SearchIndividual,429,Too Many Requests,SearchIndividual 2-852,text,false,,417,2602,1,754,https://api-scuda.uat.oci.krungsri.tech/ords/api/v1/customer/individual/searchprofile,26,0,25
1779799831224,21,GetIndividual,429,Too Many Requests,GetIndividual 1-547,text,false,,417,3588,403,757,https://api-scuda.uat.oci.krungsri.tech/ic/api/v1/customer/individual/getprofile,21,0,19
1779799831224,21,SearchIndividual,429,Too Many Requests,SearchIndividual 2-853,text,false,,417,2602,3,757,https://api-scuda.uat.oci.krungsri.tech/ords/api/v1/customer/individual/searchprofile,21,0,19
1779799831234,21,SearchIndividual,429,Too Many Requests,SearchIndividual 2-854,text,false,,417,2602,3,756,https://api-scuda.uat.oci.krungsri.tech/ords/api/v1/customer/individual/searchprofile,21,0,19
1779799831234,24,SearchIndividual,429,Too Many Requests,SearchIndividual 2-855,text,false,,417,2602,2,755,https://api-scuda.uat.oci.krungsri.tech/ords/api/v1/customer/individual/searchprofile,24,0,23
1779799831246,32,SearchIndividual,200,OK,SearchIndividual 2-856,text,true,,1223,2602,4,758,https://api-scuda.uat.oci.krungsri.tech/ords/api/v1/customer/individual/searchprofile,32,0,19
1779799831264,22,SearchIndividual,429,Too Many Requests,SearchIndividual 2-858,text,false,,417,2602,5,759,https://api-scuda.uat.oci.krungsri.tech/ords/api/v1/customer/individual/searchprofile,22,0,21
1779799831269,21,SearchIndividual,429,Too Many Requests,SearchIndividual 2-859,text,false,,417,2602,5,759,https://api-scuda.uat.oci.krungsri.tech/ords/api/v1/customer/individual/searchprofile,21,0,20
1779799831272,19,GetIndividual,429,Too Many Requests,GetIndividual 1-548,text,false,,417,3588,403,759,https://api-scuda.uat.oci.krungsri.tech/ic/api/v1/customer/individual/getprofile,19,0,15
1779799831264,34,SearchIndividual,200,OK,SearchIndividual 2-857,text,true,,1255,2602,5,758,https://api-scuda.uat.oci.krungsri.tech/ords/api/v1/customer/individual/searchprofile,33,0,17
1779799831283,18,SearchIndividual,429,Too Many Requests,SearchIndividual 2-860,text,false,,417,2601,4,757,https://api-scuda.uat.oci.krungsri.tech/ords/api/v1/customer/individual/searchprofile,18,0,16
1779799831291,24,SearchIndividual,429,Too Many Requests,SearchIndividual 2-863,text,false,,417,2602,3,756,https://api-scuda.uat.oci.krungsri.tech/ords/api/v1/customer/individual/searchprofile,24,0,23
1779799831288,30,SearchIndividual,429,Too Many Requests,SearchIndividual 2-862,text,false,,417,2602,2,756,https://api-scuda.uat.oci.krungsri.tech/ords/api/v1/customer/individual/searchprofile,30,0,28
1779799831284,45,SearchIndividual,200,OK,SearchIndividual 2-861,text,true,,1228,2601,1,756,https://api-scuda.uat.oci.krungsri.tech/ords/api/v1/customer/individual/searchprofile,45,0,23
1779799831321,17,UpdateIndividual,429,Too Many Requests,UpdateIndividual 4-341,text,false,,417,5569,240,756,https://api-scuda.uat.oci.krungsri.tech/ic/api/v1/customer/individual/updateprofile,17,0,15
1779799831327,22,GetIndividual,429,Too Many Requests,GetIndividual 1-549,text,false,,417,3588,403,755,https://api-scuda.uat.oci.krungsri.tech/ic/api/v1/customer/individual/getprofile,22,0,20
1779799831352,17,SearchIndividual,429,Too Many Requests,SearchIndividual 2-864,text,false,,417,2601,1,756,https://api-scuda.uat.oci.krungsri.tech/ords/api/v1/customer/individual/searchprofile,17,0,15
1779799831357,24,GetJuristic,429,Too Many Requests,GetJuristic 5-29,text,false,,417,3533,19,758,https://api-scuda.uat.oci.krungsri.tech/ic/api/v1/customer/juristic/getprofile,24,0,22
1779799831373,15,SearchIndividual,429,Too Many Requests,SearchIndividual 2-865,text,false,,417,2602,2,757,https://api-scuda.uat.oci.krungsri.tech/ords/api/v1/customer/individual/searchprofile,15,0,13
1779799831379,12,GetIndividual,429,Too Many Requests,GetIndividual 1-550,text,false,,417,3588,403,756,https://api-scuda.uat.oci.krungsri.tech/ic/api/v1/customer/individual/getprofile,12,0,11
1779799831380,17,SearchIndividual,429,Too Many Requests,SearchIndividual 2-866,text,false,,417,2602,1,755,https://api-scuda.uat.oci.krungsri.tech/ords/api/v1/customer/individual/searchprofile,17,0,16
1779799831407,13,UpdateIndividual,429,Too Many Requests,UpdateIndividual 4-343,text,false,,417,5582,240,758,https://api-scuda.uat.oci.krungsri.tech/ic/api/v1/customer/individual/updateprofile,13,0,11
1779799831400,22,GetIndividual,429,Too Many Requests,GetIndividual 1-551,text,false,,417,3588,404,757,https://api-scuda.uat.oci.krungsri.tech/ic/api/v1/customer/individual/getprofile,22,0,21
1779799831408,20,GetIndividual,429,Too Many Requests,GetIndividual 1-552,text,false,,417,3588,403,756,https://api-scuda.uat.oci.krungsri.tech/ic/api/v1/customer/individual/getprofile,20,0,18
1779799831417,22,SearchIndividual,429,Too Many Requests,SearchIndividual 2-867,text,false,,417,2602,1,758,https://api-scuda.uat.oci.krungsri.tech/ords/api/v1/customer/individual/searchprofile,22,0,21
1779799831439,14,UpdateIndividual,429,Too Many Requests,UpdateIndividual 4-346,text,false,,417,5491,244,759,https://api-scuda.uat.oci.krungsri.tech/ic/api/v1/customer/individual/updateprofile,14,0,13
1779799831431,23,UpdateIndividual,429,Too Many Requests,UpdateIndividual 4-344,text,false,,417,5585,244,759,https://api-scuda.uat.oci.krungsri.tech/ic/api/v1/customer/individual/updateprofile,23,0,21
1779799831433,21,UpdateIndividual,429,Too Many Requests,UpdateIndividual 4-345,text,false,,417,4229,245,760,https://api-scuda.uat.oci.krungsri.tech/ic/api/v1/customer/individual/updateprofile,21,0,20
1779799831448,14,UpdateIndividual,429,Too Many Requests,UpdateIndividual 4-348,text,false,,417,5546,242,758,https://api-scuda.uat.oci.krungsri.tech/ic/api/v1/customer/individual/updateprofile,14,0,12
1779799831445,18,UpdateIndividual,429,Too Many Requests,UpdateIndividual 4-347,text,false,,417,4231,241,757,https://api-scuda.uat.oci.krungsri.tech/ic/api/v1/customer/individual/updateprofile,18,0,17
1779799831459,18,UpdateIndividual,429,Too Many Requests,UpdateIndividual 4-349,text,false,,417,5604,240,757,https://api-scuda.uat.oci.krungsri.tech/ic/api/v1/customer/individual/updateprofile,18,0,17
1779799831477,17,SearchIndividual,429,Too Many Requests,SearchIndividual 2-868,text,false,,417,2601,1,757,https://api-scuda.uat.oci.krungsri.tech/ords/api/v1/customer/individual/searchprofile,17,0,16
1779799831489,24,CreateJuristic,429,Too Many Requests,CreateJuristic 7-28,text,false,,417,7542,15,758,https://api-scuda.uat.oci.krungsri.tech/ic/api/v1/customer/juristic/createprofile,24,0,22
1779799831503,18,SearchIndividual,429,Too Many Requests,SearchIndividual 2-869,text,false,,417,2601,2,759,https://api-scuda.uat.oci.krungsri.tech/ords/api/v1/customer/individual/searchprofile,18,0,16
1779799831518,13,GetIndividual,429,Too Many Requests,GetIndividual 1-555,text,false,,417,3588,405,759,https://api-scuda.uat.oci.krungsri.tech/ic/api/v1/customer/individual/getprofile,13,0,12
1779799831499,40,GetIndividual,429,Too Many Requests,GetIndividual 1-554,text,false,,417,3588,404,759,https://api-scuda.uat.oci.krungsri.tech/ic/api/v1/customer/individual/getprofile,40,0,37
1779799831524,27,SearchIndividual,429,Too Many Requests,SearchIndividual 2-871,text,false,,417,2602,3,759,https://api-scuda.uat.oci.krungsri.tech/ords/api/v1/customer/individual/searchprofile,27,0,25
1779799831542,19,UpdateIndividual,429,Too Many Requests,UpdateIndividual 4-350,text,false,,417,4229,240,758,https://api-scuda.uat.oci.krungsri.tech/ic/api/v1/customer/individual/updateprofile,19,0,17
1779799831519,42,SearchIndividual,429,Too Many Requests,SearchIndividual 2-870,text,false,,417,2602,2,758,https://api-scuda.uat.oci.krungsri.tech/ords/api/v1/customer/individual/searchprofile,42,0,29
1779799831544,25,SearchIndividual,429,Too Many Requests,SearchIndividual 2-872,text,false,,417,2601,1,757,https://api-scuda.uat.oci.krungsri.tech/ords/api/v1/customer/individual/searchprofile,25,0,21
1779799831566,17,UpdateIndividual,429,Too Many Requests,UpdateIndividual 4-351,text,false,,417,5607,241,758,https://api-scuda.uat.oci.krungsri.tech/ic/api/v1/customer/individual/updateprofile,17,0,16
1779799831572,14,GetIndividual,429,Too Many Requests,GetIndividual 1-556,text,false,,417,3588,404,758,https://api-scuda.uat.oci.krungsri.tech/ic/api/v1/customer/individual/getprofile,14,0,13
1779799831584,15,SearchIndividual,429,Too Many Requests,SearchIndividual 2-873,text,false,,417,2600,1,757,https://api-scuda.uat.oci.krungsri.tech/ords/api/v1/customer/individual/searchprofile,15,0,13
1779799831583,20,UpdateIndividual,429,Too Many Requests,UpdateIndividual 4-352,text,false,,417,5541,240,756,https://api-scuda.uat.oci.krungsri.tech/ic/api/v1/customer/individual/updateprofile,20,0,19
1779799831610,20,SearchIndividual,429,Too Many Requests,SearchIndividual 2-874,text,false,,417,2602,1,758,https://api-scuda.uat.oci.krungsri.tech/ords/api/v1/customer/individual/searchprofile,20,0,19
1779799831610,26,GetIndividual,429,Too Many Requests,GetIndividual 1-557,text,false,,417,3588,405,757,https://api-scuda.uat.oci.krungsri.tech/ic/api/v1/customer/individual/getprofile,26,0,24
1779799831623,25,GetIndividual,429,Too Many Requests,GetIndividual 1-558,text,false,,417,3588,404,756,https://api-scuda.uat.oci.krungsri.tech/ic/api/v1/customer/individual/getprofile,25,0,23
1779799831658,19,UpdateIndividual,429,Too Many Requests,UpdateIndividual 4-353,text,false,,417,4226,241,761,https://api-scuda.uat.oci.krungsri.tech/ic/api/v1/customer/individual/updateprofile,19,0,18
1779799831663,16,SearchIndividual,429,Too Many Requests,SearchIndividual 2-875,text,false,,417,2601,2,760,https://api-scuda.uat.oci.krungsri.tech/ords/api/v1/customer/individual/searchprofile,16,0,15
1779799831666,15,UpdateIndividual,429,Too Many Requests,UpdateIndividual 4-354,text,false,,417,4225,240,759,https://api-scuda.uat.oci.krungsri.tech/ic/api/v1/customer/individual/updateprofile,15,0,13
1779799831662,21,CreateIndividual,429,Too Many Requests,CreateIndividual 3-34,text,false,,417,8199,23,759,https://api-scuda.uat.oci.krungsri.tech/ic/api/v1/customer/individual/createprofile,21,0,20
1779799831663,21,GetJoint,429,Too Many Requests,GetJoint 9-28,text,false,,417,3529,18,759,https://api-scuda.uat.oci.krungsri.tech/ic/api/v1/customer/joint/getprofile,21,0,19
1779799831676,17,SearchIndividual,429,Too Many Requests,SearchIndividual 2-876,text,false,,417,2602,1,757,https://api-scuda.uat.oci.krungsri.tech/ords/api/v1/customer/individual/searchprofile,17,0,16
1779799831683,17,GetIndividual,429,Too Many Requests,GetIndividual 1-559,text,false,,417,3588,404,756,https://api-scuda.uat.oci.krungsri.tech/ic/api/v1/customer/individual/getprofile,17,0,15
1779799831703,19,SearchIndividual,429,Too Many Requests,SearchIndividual 2-877,text,false,,417,2601,1,759,https://api-scuda.uat.oci.krungsri.tech/ords/api/v1/customer/individual/searchprofile,19,0,17
1779799831702,21,GetIndividual,429,Too Many Requests,GetIndividual 1-560,text,false,,417,3587,405,759,https://api-scuda.uat.oci.krungsri.tech/ic/api/v1/customer/individual/getprofile,21,0,19
1779799831705,21,GetIndividual,429,Too Many Requests,GetIndividual 1-561,text,false,,417,3588,404,757,https://api-scuda.uat.oci.krungsri.tech/ic/api/v1/customer/individual/getprofile,21,0,18
1779799831722,14,UpdateIndividual,429,Too Many Requests,UpdateIndividual 4-355,text,false,,417,5630,240,756,https://api-scuda.uat.oci.krungsri.tech/ic/api/v1/customer/individual/updateprofile,14,0,12
1779799831738,13,SearchIndividual,429,Too Many Requests,SearchIndividual 2-878,text,false,,417,2602,1,756,https://api-scuda.uat.oci.krungsri.tech/ords/api/v1/customer/individual/searchprofile,13,0,11
1779799831757,13,SearchIndividual,429,Too Many Requests,SearchIndividual 2-879,text,false,,417,2602,4,760,https://api-scuda.uat.oci.krungsri.tech/ords/api/v1/customer/individual/searchprofile,13,0,11
1779799831763,13,SearchIndividual,429,Too Many Requests,SearchIndividual 2-880,text,false,,417,2602,4,761,https://api-scuda.uat.oci.krungsri.tech/ords/api/v1/customer/individual/searchprofile,13,0,12
1779799831767,15,SearchIndividual,429,Too Many Requests,SearchIndividual 2-882,text,false,,417,2602,3,760,https://api-scuda.uat.oci.krungsri.tech/ords/api/v1/customer/individual/searchprofile,15,0,14
1779799831765,22,GetIndividual,429,Too Many Requests,GetIndividual 1-562,text,false,,417,3588,404,760,https://api-scuda.uat.oci.krungsri.tech/ic/api/v1/customer/individual/getprofile,22,0,20
1779799831767,20,SearchIndividual,429,Too Many Requests,SearchIndividual 2-881,text,false,,417,2602,2,760,https://api-scuda.uat.oci.krungsri.tech/ords/api/v1/customer/individual/searchprofile,20,0,18
1779799831776,14,SearchIndividual,429,Too Many Requests,SearchIndividual 2-883,text,false,,417,2602,1,758,https://api-scuda.uat.oci.krungsri.tech/ords/api/v1/customer/individual/searchprofile,14,0,10
1779799831778,16,UpdateIndividual,429,Too Many Requests,UpdateIndividual 4-356,text,false,,417,5577,240,757,https://api-scuda.uat.oci.krungsri.tech/ic/api/v1/customer/individual/updateprofile,16,0,14
1779799831791,20,UpdateJuristic,429,Too Many Requests,UpdateJuristic 8-26,text,false,,417,5798,14,759,https://api-scuda.uat.oci.krungsri.tech/ic/api/v1/customer/juristic/updateprofile,20,0,19
1779799831798,20,SearchIndividual,429,Too Many Requests,SearchIndividual 2-884,text,false,,417,2602,1,758,https://api-scuda.uat.oci.krungsri.tech/ords/api/v1/customer/individual/searchprofile,20,0,18
1779799831806,22,GetIndividual,429,Too Many Requests,GetIndividual 1-563,text,false,,417,3588,404,757,https://api-scuda.uat.oci.krungsri.tech/ic/api/v1/customer/individual/getprofile,22,0,21
1779799831811,22,UpdateIndividual,429,Too Many Requests,UpdateIndividual 4-357,text,false,,417,5567,240,756,https://api-scuda.uat.oci.krungsri.tech/ic/api/v1/customer/individual/updateprofile,22,0,20
1779799831878,19,SearchIndividual,429,Too Many Requests,SearchIndividual 2-885,text,false,,417,2602,2,762,https://api-scuda.uat.oci.krungsri.tech/ords/api/v1/customer/individual/searchprofile,19,0,18
1779799831882,19,GetIndividual,429,Too Many Requests,GetIndividual 1-564,text,false,,417,3588,407,762,https://api-scuda.uat.oci.krungsri.tech/ic/api/v1/customer/individual/getprofile,19,0,17
1779799831883,19,GetIndividual,429,Too Many Requests,GetIndividual 1-565,text,false,,417,3588,407,762,https://api-scuda.uat.oci.krungsri.tech/ic/api/v1/customer/individual/getprofile,19,0,18
1779799831888,21,SearchIndividual,429,Too Many Requests,SearchIndividual 2-886,text,false,,417,2602,1,760,https://api-scuda.uat.oci.krungsri.tech/ords/api/v1/customer/individual/searchprofile,21,0,19
1779799831895,15,CreateJuristic,429,Too Many Requests,CreateJuristic 7-29,text,false,,417,8022,15,759,https://api-scuda.uat.oci.krungsri.tech/ic/api/v1/customer/juristic/createprofile,15,0,14
1779799831892,23,GetIndividual,429,Too Many Requests,GetIndividual 1-566,text,false,,417,3587,405,758,https://api-scuda.uat.oci.krungsri.tech/ic/api/v1/customer/individual/getprofile,23,0,21
1779799831900,20,GetIndividual,429,Too Many Requests,GetIndividual 1-567,text,false,,417,3587,404,757,https://api-scuda.uat.oci.krungsri.tech/ic/api/v1/customer/individual/getprofile,20,0,19
1779799831901,21,CreateJoint,429,Too Many Requests,CreateJoint 11-27,text,false,,417,5770,14,756,https://api-scuda.uat.oci.krungsri.tech/ic/api/v1/customer/joint/createprofile,21,0,19
1779799831934,20,GetIndividual,429,Too Many Requests,GetIndividual 1-568,text,false,,417,3588,404,758,https://api-scuda.uat.oci.krungsri.tech/ic/api/v1/customer/individual/getprofile,20,0,19
1779799831939,18,SearchIndividual,429,Too Many Requests,SearchIndividual 2-887,text,false,,417,2602,2,757,https://api-scuda.uat.oci.krungsri.tech/ords/api/v1/customer/individual/searchprofile,18,0,17
1779799831950,18,SearchIndividual,429,Too Many Requests,SearchIndividual 2-888,text,false,,417,2602,1,756,https://api-scuda.uat.oci.krungsri.tech/ords/api/v1/customer/individual/searchprofile,18,0,16
1779799832006,17,GetIndividual,429,Too Many Requests,GetIndividual 1-569,text,false,,417,3588,405,759,https://api-scuda.uat.oci.krungsri.tech/ic/api/v1/customer/individual/getprofile,17,0,15
1779799832015,17,GetIndividual,429,Too Many Requests,GetIndividual 1-570,text,false,,417,3588,404,758,https://api-scuda.uat.oci.krungsri.tech/ic/api/v1/customer/individual/getprofile,17,0,15
1779799832023,18,SearchIndividual,429,Too Many Requests,SearchIndividual 2-890,text,false,,417,2602,3,759,https://api-scuda.uat.oci.krungsri.tech/ords/api/v1/customer/individual/searchprofile,18,0,13
1779799832035,14,SearchIndividual,429,Too Many Requests,SearchIndividual 2-891,text,false,,417,2602,2,760,https://api-scuda.uat.oci.krungsri.tech/ords/api/v1/customer/individual/searchprofile,14,0,11
1779799832034,20,GetIndividual,429,Too Many Requests,GetIndividual 1-571,text,false,,417,3587,406,759,https://api-scuda.uat.oci.krungsri.tech/ic/api/v1/customer/individual/getprofile,20,0,19
1779799832017,39,SearchIndividual,429,Too Many Requests,SearchIndividual 2-889,text,false,,417,2602,1,758,https://api-scuda.uat.oci.krungsri.tech/ords/api/v1/customer/individual/searchprofile,39,0,34
1779799832049,11,GetIndividual,429,Too Many Requests,GetIndividual 1-573,text,false,,417,3587,405,757,https://api-scuda.uat.oci.krungsri.tech/ic/api/v1/customer/individual/getprofile,11,0,10
1779799832046,21,GetIndividual,429,Too Many Requests,GetIndividual 1-572,text,false,,417,3588,405,759,https://api-scuda.uat.oci.krungsri.tech/ic/api/v1/customer/individual/getprofile,21,0,19
1779799832061,26,GetIndividual,429,Too Many Requests,GetIndividual 1-574,text,false,,417,3588,406,762,https://api-scuda.uat.oci.krungsri.tech/ic/api/v1/customer/individual/getprofile,26,0,22
1779799832075,18,SearchIndividual,429,Too Many Requests,SearchIndividual 2-894,text,false,,417,2602,4,761,https://api-scuda.uat.oci.krungsri.tech/ords/api/v1/customer/individual/searchprofile,18,0,16
1779799832073,20,GetIndividual,429,Too Many Requests,GetIndividual 1-575,text,false,,417,3588,405,761,https://api-scuda.uat.oci.krungsri.tech/ic/api/v1/customer/individual/getprofile,20,0,18
1779799832079,22,SearchIndividual,429,Too Many Requests,SearchIndividual 2-895,text,false,,417,2602,4,760,https://api-scuda.uat.oci.krungsri.tech/ords/api/v1/customer/individual/searchprofile,22,0,21
1779799832067,37,SearchIndividual,429,Too Many Requests,SearchIndividual 2-893,text,false,,417,2602,3,759,https://api-scuda.uat.oci.krungsri.tech/ords/api/v1/customer/individual/searchprofile,37,0,35
1779799832095,23,SearchIndividual,429,Too Many Requests,SearchIndividual 2-896,text,false,,417,2602,3,762,https://api-scuda.uat.oci.krungsri.tech/ords/api/v1/customer/individual/searchprofile,23,0,22
1779799832073,40,GetIndividual,429,Too Many Requests,GetIndividual 1-576,text,false,,417,3588,405,761,https://api-scuda.uat.oci.krungsri.tech/ic/api/v1/customer/individual/getprofile,40,0,38
1779799832063,49,SearchIndividual,429,Too Many Requests,SearchIndividual 2-892,text,false,,417,2602,3,761,https://api-scuda.uat.oci.krungsri.tech/ords/api/v1/customer/individual/searchprofile,49,0,47
1779799832105,19,GetIndividual,429,Too Many Requests,GetIndividual 1-577,text,false,,417,3588,405,759,https://api-scuda.uat.oci.krungsri.tech/ic/api/v1/customer/individual/getprofile,19,0,18
1779799832110,20,SearchIndividual,429,Too Many Requests,SearchIndividual 2-897,text,false,,417,2602,1,758,https://api-scuda.uat.oci.krungsri.tech/ords/api/v1/customer/individual/searchprofile,20,0,19
1779799832110,20,GetJoint,429,Too Many Requests,GetJoint 9-29,text,false,,417,3530,18,758,https://api-scuda.uat.oci.krungsri.tech/ic/api/v1/customer/joint/getprofile,20,0,19
1779799832117,35,GetIndividual,429,Too Many Requests,GetIndividual 1-578,text,false,,417,3588,407,759,https://api-scuda.uat.oci.krungsri.tech/ic/api/v1/customer/individual/getprofile,35,0,32
1779799832146,23,GetIndividual,429,Too Many Requests,GetIndividual 1-579,text,false,,417,3588,407,760,https://api-scuda.uat.oci.krungsri.tech/ic/api/v1/customer/individual/getprofile,23,0,17
1779799832146,25,GetIndividual,429,Too Many Requests,GetIndividual 1-580,text,false,,417,3588,406,759,https://api-scuda.uat.oci.krungsri.tech/ic/api/v1/customer/individual/getprofile,25,0,23
1779799832150,27,GetIndividual,429,Too Many Requests,GetIndividual 1-581,text,false,,417,3588,406,760,https://api-scuda.uat.oci.krungsri.tech/ic/api/v1/customer/individual/getprofile,27,0,22
1779799832165,19,GetIndividual,429,Too Many Requests,GetIndividual 1-582,text,false,,417,3588,405,759,https://api-scuda.uat.oci.krungsri.tech/ic/api/v1/customer/individual/getprofile,19,0,17
1779799832171,15,UpdateIndividual,429,Too Many Requests,UpdateIndividual 4-358,text,false,,417,4228,240,758,https://api-scuda.uat.oci.krungsri.tech/ic/api/v1/customer/individual/updateprofile,15,0,13
1779799832175,16,GetIndividual,429,Too Many Requests,GetIndividual 1-583,text,false,,417,3588,404,757,https://api-scuda.uat.oci.krungsri.tech/ic/api/v1/customer/individual/getprofile,16,0,15
1779799832178,21,SearchIndividual,429,Too Many Requests,SearchIndividual 2-898,text,false,,417,2602,1,756,https://api-scuda.uat.oci.krungsri.tech/ords/api/v1/customer/individual/searchprofile,21,0,20
1779799832205,20,SearchIndividual,429,Too Many Requests,SearchIndividual 2-899,text,false,,417,2602,3,758,https://api-scuda.uat.oci.krungsri.tech/ords/api/v1/customer/individual/searchprofile,20,0,19
1779799832212,17,SearchIndividual,429,Too Many Requests,SearchIndividual 2-900,text,false,,417,2600,2,757,https://api-scuda.uat.oci.krungsri.tech/ords/api/v1/customer/individual/searchprofile,17,0,16
1779799832217,16,SearchIndividual,429,Too Many Requests,SearchIndividual 2-901,text,false,,417,2602,1,756,https://api-scuda.uat.oci.krungsri.tech/ords/api/v1/customer/individual/searchprofile,16,0,14
1779799832255,21,UpdateJoint,429,Too Many Requests,UpdateJoint 12-29,text,false,,417,3614,17,758,https://api-scuda.uat.oci.krungsri.tech/ic/api/v1/customer/joint/updateprofile,21,0,20
1779799832250,29,SearchIndividual,429,Too Many Requests,SearchIndividual 2-902,text,false,,417,2602,1,757,https://api-scuda.uat.oci.krungsri.tech/ords/api/v1/customer/individual/searchprofile,29,0,20
1779799832252,39,GetIndividual,429,Too Many Requests,GetIndividual 1-584,text,false,,417,3588,405,757,https://api-scuda.uat.oci.krungsri.tech/ic/api/v1/customer/individual/getprofile,39,0,37
1779799832281,23,GetIndividual,429,Too Many Requests,GetIndividual 1-585,text,false,,417,3588,404,756,https://api-scuda.uat.oci.krungsri.tech/ic/api/v1/customer/individual/getprofile,23,0,19
1779799832319,18,SearchIndividual,429,Too Many Requests,SearchIndividual 2-903,text,false,,417,2602,3,759,https://api-scuda.uat.oci.krungsri.tech/ords/api/v1/customer/individual/searchprofile,18,0,17
1779799832331,15,GetIndividual,429,Too Many Requests,GetIndividual 1-586,text,false,,417,3588,404,760,https://api-scuda.uat.oci.krungsri.tech/ic/api/v1/customer/individual/getprofile,15,0,13
1779799832332,24,SearchIndividual,429,Too Many Requests,SearchIndividual 2-905,text,false,,417,2600,3,759,https://api-scuda.uat.oci.krungsri.tech/ords/api/v1/customer/individual/searchprofile,24,0,22
1779799832340,23,SearchIndividual,429,Too Many Requests,SearchIndividual 2-906,text,false,,417,2602,2,760,https://api-scuda.uat.oci.krungsri.tech/ords/api/v1/customer/individual/searchprofile,23,0,21
1779799832342,25,GetJuristic,429,Too Many Requests,GetJuristic 5-30,text,false,,417,3533,19,759,https://api-scuda.uat.oci.krungsri.tech/ic/api/v1/customer/juristic/getprofile,25,0,23
1779799832324,47,SearchIndividual,429,Too Many Requests,SearchIndividual 2-904,text,false,,417,2601,1,759,https://api-scuda.uat.oci.krungsri.tech/ords/api/v1/customer/individual/searchprofile,47,0,45
1779799832363,22,SearchJuristic,429,Too Many Requests,SearchJuristic 6-26,text,false,,417,2600,1,761,https://api-scuda.uat.oci.krungsri.tech/ords/api/v1/customer/juristic/searchprofile,22,0,18
1779799832365,23,UpdateIndividual,429,Too Many Requests,UpdateIndividual 4-359,text,false,,417,4229,242,760,https://api-scuda.uat.oci.krungsri.tech/ic/api/v1/customer/individual/updateprofile,23,0,21
1779799832374,22,UpdateIndividual,429,Too Many Requests,UpdateIndividual 4-360,text,false,,417,4227,242,762,https://api-scuda.uat.oci.krungsri.tech/ic/api/v1/customer/individual/updateprofile,22,0,21
1779799832381,18,UpdateIndividual,429,Too Many Requests,UpdateIndividual 4-361,text,false,,417,5566,241,761,https://api-scuda.uat.oci.krungsri.tech/ic/api/v1/customer/individual/updateprofile,18,0,17
1779799832377,24,SearchIndividual,429,Too Many Requests,SearchIndividual 2-907,text,false,,417,2602,3,763,https://api-scuda.uat.oci.krungsri.tech/ords/api/v1/customer/individual/searchprofile,24,0,21
1779799832384,21,SearchJoint,429,Too Many Requests,SearchJoint 10-33,text,false,,417,2627,1,762,https://api-scuda.uat.oci.krungsri.tech/ords/api/v1/customer/joint/searchprofile,21,0,20
1779799832392,17,GetIndividual,429,Too Many Requests,GetIndividual 1-587,text,false,,417,3588,405,761,https://api-scuda.uat.oci.krungsri.tech/ic/api/v1/customer/individual/getprofile,17,0,16
1779799832396,18,GetIndividual,429,Too Many Requests,GetIndividual 1-588,text,false,,417,3588,404,760,https://api-scuda.uat.oci.krungsri.tech/ic/api/v1/customer/individual/getprofile,18,0,16
1779799832396,25,UpdateIndividual,429,Too Many Requests,UpdateIndividual 4-362,text,false,,417,4227,241,760,https://api-scuda.uat.oci.krungsri.tech/ic/api/v1/customer/individual/updateprofile,25,0,23
1779799832400,22,SearchIndividual,429,Too Many Requests,SearchIndividual 2-909,text,false,,417,2602,3,759,https://api-scuda.uat.oci.krungsri.tech/ords/api/v1/customer/individual/searchprofile,22,0,21
1779799832400,28,SearchIndividual,429,Too Many Requests,SearchIndividual 2-908,text,false,,417,2602,2,758,https://api-scuda.uat.oci.krungsri.tech/ords/api/v1/customer/individual/searchprofile,28,0,27
1779799832405,25,UpdateIndividual,429,Too Many Requests,UpdateIndividual 4-363,text,false,,417,4229,240,757,https://api-scuda.uat.oci.krungsri.tech/ic/api/v1/customer/individual/updateprofile,25,0,24
1779799832419,21,SearchIndividual,429,Too Many Requests,SearchIndividual 2-910,text,false,,417,2602,1,757,https://api-scuda.uat.oci.krungsri.tech/ords/api/v1/customer/individual/searchprofile,21,0,19
1779799832441,21,GetIndividual,429,Too Many Requests,GetIndividual 1-589,text,false,,417,3588,405,758,https://api-scuda.uat.oci.krungsri.tech/ic/api/v1/customer/individual/getprofile,21,0,20
1779799832451,22,SearchIndividual,429,Too Many Requests,SearchIndividual 2-911,text,false,,417,2602,3,760,https://api-scuda.uat.oci.krungsri.tech/ords/api/v1/customer/individual/searchprofile,22,0,20
1779799832462,19,GetIndividual,429,Too Many Requests,GetIndividual 1-590,text,false,,417,3588,404,759,https://api-scuda.uat.oci.krungsri.tech/ic/api/v1/customer/individual/getprofile,19,0,17
1779799832464,18,SearchIndividual,429,Too Many Requests,SearchIndividual 2-912,text,false,,417,2602,2,759,https://api-scuda.uat.oci.krungsri.tech/ords/api/v1/customer/individual/searchprofile,18,0,17
1779799832467,21,UpdateIndividual,429,Too Many Requests,UpdateIndividual 4-364,text,false,,417,5575,241,760,https://api-scuda.uat.oci.krungsri.tech/ic/api/v1/customer/individual/updateprofile,21,0,19
1779799832470,24,SearchIndividual,429,Too Many Requests,SearchIndividual 2-913,text,false,,417,2602,3,760,https://api-scuda.uat.oci.krungsri.tech/ords/api/v1/customer/individual/searchprofile,24,0,23
1779799832488,16,GetIndividual,429,Too Many Requests,GetIndividual 1-591,text,false,,417,3588,404,759,https://api-scuda.uat.oci.krungsri.tech/ic/api/v1/customer/individual/getprofile,16,0,15
1779799832488,23,SearchIndividual,429,Too Many Requests,SearchIndividual 2-914,text,false,,417,2602,2,758,https://api-scuda.uat.oci.krungsri.tech/ords/api/v1/customer/individual/searchprofile,23,0,21
1779799832491,23,UpdateIndividual,429,Too Many Requests,UpdateIndividual 4-365,text,false,,417,4227,240,757,https://api-scuda.uat.oci.krungsri.tech/ic/api/v1/customer/individual/updateprofile,23,0,20
1779799832495,19,SearchIndividual,429,Too Many Requests,SearchIndividual 2-915,text,false,,417,2602,1,757,https://api-scuda.uat.oci.krungsri.tech/ords/api/v1/customer/individual/searchprofile,19,0,17
1779799832519,16,SearchIndividual,429,Too Many Requests,SearchIndividual 2-916,text,false,,417,2601,1,756,https://api-scuda.uat.oci.krungsri.tech/ords/api/v1/customer/individual/searchprofile,16,0,14
1779799832539,20,CreateJoint,429,Too Many Requests,CreateJoint 11-28,text,false,,417,5895,14,757,https://api-scuda.uat.oci.krungsri.tech/ic/api/v1/customer/joint/createprofile,20,0,18
1779799832557,20,SearchIndividual,429,Too Many Requests,SearchIndividual 2-917,text,false,,417,2602,1,756,https://api-scuda.uat.oci.krungsri.tech/ords/api/v1/customer/individual/searchprofile,20,0,18
1779799832599,25,UpdateIndividual,429,Too Many Requests,UpdateIndividual 4-366,text,false,,417,5535,241,760,https://api-scuda.uat.oci.krungsri.tech/ic/api/v1/customer/individual/updateprofile,25,0,24
1779799832612,12,SearchIndividual,429,Too Many Requests,SearchIndividual 2-918,text,false,,417,2601,2,760,https://api-scuda.uat.oci.krungsri.tech/ords/api/v1/customer/individual/searchprofile,12,0,11
1779799832599,22,GetIndividual,429,Too Many Requests,GetIndividual 1-592,text,false,,417,3588,404,760,https://api-scuda.uat.oci.krungsri.tech/ic/api/v1/customer/individual/getprofile,22,0,20
1779799832599,21,UpdateIndividual,429,Too Many Requests,UpdateIndividual 4-367,text,false,,417,5513,241,760,https://api-scuda.uat.oci.krungsri.tech/ic/api/v1/customer/individual/updateprofile,21,0,20
1779799832617,19,SearchIndividual,429,Too Many Requests,SearchIndividual 2-919,text,false,,417,2602,1,758,https://api-scuda.uat.oci.krungsri.tech/ords/api/v1/customer/individual/searchprofile,19,0,18
1779799832628,25,GetIndividual,429,Too Many Requests,GetIndividual 1-593,text,false,,417,3588,404,758,https://api-scuda.uat.oci.krungsri.tech/ic/api/v1/customer/individual/getprofile,25,0,24
1779799832639,25,SearchIndividual,429,Too Many Requests,SearchIndividual 2-920,text,false,,417,2602,1,758,https://api-scuda.uat.oci.krungsri.tech/ords/api/v1/customer/individual/searchprofile,25,0,24
1779799832639,26,UpdateIndividual,429,Too Many Requests,UpdateIndividual 4-368,text,false,,417,4227,241,759,https://api-scuda.uat.oci.krungsri.tech/ic/api/v1/customer/individual/updateprofile,26,0,24
1779799832668,14,UpdateIndividual,429,Too Many Requests,UpdateIndividual 4-369,text,false,,417,5645,241,759,https://api-scuda.uat.oci.krungsri.tech/ic/api/v1/customer/individual/updateprofile,14,0,13
1779799832665,23,SearchIndividual,429,Too Many Requests,SearchIndividual 2-921,text,false,,417,2601,1,758,https://api-scuda.uat.oci.krungsri.tech/ords/api/v1/customer/individual/searchprofile,23,0,21
1779799832676,18,GetIndividual,429,Too Many Requests,GetIndividual 1-594,text,false,,417,3588,404,757,https://api-scuda.uat.oci.krungsri.tech/ic/api/v1/customer/individual/getprofile,18,0,17
1779799832681,28,UpdateIndividual,429,Too Many Requests,UpdateIndividual 4-370,text,false,,417,5538,240,756,https://api-scuda.uat.oci.krungsri.tech/ic/api/v1/customer/individual/updateprofile,28,0,19
1779799832711,26,SearchIndividual,429,Too Many Requests,SearchIndividual 2-922,text,false,,417,2602,1,757,https://api-scuda.uat.oci.krungsri.tech/ords/api/v1/customer/individual/searchprofile,26,0,24
1779799832731,18,GetIndividual,429,Too Many Requests,GetIndividual 1-595,text,false,,417,3588,404,757,https://api-scuda.uat.oci.krungsri.tech/ic/api/v1/customer/individual/getprofile,18,0,17
1779799832744,17,SearchIndividual,429,Too Many Requests,SearchIndividual 2-923,text,false,,417,2601,1,757,https://api-scuda.uat.oci.krungsri.tech/ords/api/v1/customer/individual/searchprofile,17,0,15
1779799832761,15,GetIndividual,429,Too Many Requests,GetIndividual 1-596,text,false,,417,3588,404,761,https://api-scuda.uat.oci.krungsri.tech/ic/api/v1/customer/individual/getprofile,15,0,13
1779799832766,14,SearchIndividual,429,Too Many Requests,SearchIndividual 2-924,text,false,,417,2602,3,760,https://api-scuda.uat.oci.krungsri.tech/ords/api/v1/customer/individual/searchprofile,14,0,13
1779799832772,13,SearchIndividual,429,Too Many Requests,SearchIndividual 2-925,text,false,,417,2602,2,760,https://api-scuda.uat.oci.krungsri.tech/ords/api/v1/customer/individual/searchprofile,13,0,11
1779799832773,14,UpdateJoint,429,Too Many Requests,UpdateJoint 12-30,text,false,,417,3614,17,759,https://api-scuda.uat.oci.krungsri.tech/ic/api/v1/customer/joint/updateprofile,14,0,13
1779799832771,19,UpdateIndividual,429,Too Many Requests,UpdateIndividual 4-371,text,false,,417,4227,240,758,https://api-scuda.uat.oci.krungsri.tech/ic/api/v1/customer/individual/updateprofile,18,0,17
1779799832772,20,SearchIndividual,429,Too Many Requests,SearchIndividual 2-926,text,false,,417,2602,2,758,https://api-scuda.uat.oci.krungsri.tech/ords/api/v1/customer/individual/searchprofile,20,0,18
1779799832793,21,SearchIndividual,429,Too Many Requests,SearchIndividual 2-927,text,false,,417,2602,2,761,https://api-scuda.uat.oci.krungsri.tech/ords/api/v1/customer/individual/searchprofile,21,0,19
1779799832784,31,GetIndividual,429,Too Many Requests,GetIndividual 1-597,text,false,,417,3588,406,760,https://api-scuda.uat.oci.krungsri.tech/ic/api/v1/customer/individual/getprofile,31,0,16
1779799832800,20,GetIndividual,429,Too Many Requests,GetIndividual 1-598,text,false,,417,3588,405,759,https://api-scuda.uat.oci.krungsri.tech/ic/api/v1/customer/individual/getprofile,20,0,19
1779799832797,26,SearchIndividual,429,Too Many Requests,SearchIndividual 2-928,text,false,,417,2602,1,758,https://api-scuda.uat.oci.krungsri.tech/ords/api/v1/customer/individual/searchprofile,26,0,24
1779799832797,27,UpdateIndividual,429,Too Many Requests,UpdateIndividual 4-372,text,false,,417,4226,240,757,https://api-scuda.uat.oci.krungsri.tech/ic/api/v1/customer/individual/updateprofile,27,0,25
1779799832804,24,GetIndividual,429,Too Many Requests,GetIndividual 1-599,text,false,,417,3588,404,757,https://api-scuda.uat.oci.krungsri.tech/ic/api/v1/customer/individual/getprofile,24,0,22
1779799832825,21,SearchIndividual,429,Too Many Requests,SearchIndividual 2-929,text,false,,417,2602,1,756,https://api-scuda.uat.oci.krungsri.tech/ords/api/v1/customer/individual/searchprofile,21,0,19
1779799832858,9,GetIndividual,429,Too Many Requests,GetIndividual 1-600,text,false,,417,3588,404,759,https://api-scuda.uat.oci.krungsri.tech/ic/api/v1/customer/individual/getprofile,9,0,8
1779799832853,23,SearchIndividual,429,Too Many Requests,SearchIndividual 2-930,text,false,,417,2602,3,758,https://api-scuda.uat.oci.krungsri.tech/ords/api/v1/customer/individual/searchprofile,23,0,22
1779799832866,19,SearchIndividual,429,Too Many Requests,SearchIndividual 2-931,text,false,,417,2602,2,759,https://api-scuda.uat.oci.krungsri.tech/ords/api/v1/customer/individual/searchprofile,19,0,18
1779799832868,21,SearchIndividual,429,Too Many Requests,SearchIndividual 2-932,text,false,,417,2602,2,759,https://api-scuda.uat.oci.krungsri.tech/ords/api/v1/customer/individual/searchprofile,21,0,19
1779799832887,19,UpdateIndividual,429,Too Many Requests,UpdateIndividual 4-373,text,false,,417,4230,241,759,https://api-scuda.uat.oci.krungsri.tech/ic/api/v1/customer/individual/updateprofile,19,0,18
1779799832884,24,GetIndividual,429,Too Many Requests,GetIndividual 1-601,text,false,,417,3588,405,759,https://api-scuda.uat.oci.krungsri.tech/ic/api/v1/customer/individual/getprofile,24,0,23
1779799832888,25,SearchIndividual,429,Too Many Requests,SearchIndividual 2-933,text,false,,417,2602,3,760,https://api-scuda.uat.oci.krungsri.tech/ords/api/v1/customer/individual/searchprofile,25,0,21
1779799832910,12,UpdateIndividual,429,Too Many Requests,UpdateIndividual 4-374,text,false,,417,4227,240,761,https://api-scuda.uat.oci.krungsri.tech/ic/api/v1/customer/individual/updateprofile,12,0,11
1779799832907,22,GetIndividual,429,Too Many Requests,GetIndividual 1-602,text,false,,417,3588,405,760,https://api-scuda.uat.oci.krungsri.tech/ic/api/v1/customer/individual/getprofile,22,0,20
1779799832912,17,SearchIndividual,429,Too Many Requests,SearchIndividual 2-935,text,false,,417,2602,3,760,https://api-scuda.uat.oci.krungsri.tech/ords/api/v1/customer/individual/searchprofile,17,0,16
1779799832911,19,SearchIndividual,429,Too Many Requests,SearchIndividual 2-934,text,false,,417,2602,2,758,https://api-scuda.uat.oci.krungsri.tech/ords/api/v1/customer/individual/searchprofile,19,0,18
1779799832918,20,SearchIndividual,429,Too Many Requests,SearchIndividual 2-936,text,false,,417,2602,2,758,https://api-scuda.uat.oci.krungsri.tech/ords/api/v1/customer/individual/searchprofile,20,0,19
1779799832920,21,GetIndividual,429,Too Many Requests,GetIndividual 1-603,text,false,,417,3588,404,757,https://api-scuda.uat.oci.krungsri.tech/ic/api/v1/customer/individual/getprofile,21,0,19
1779799832931,23,SearchIndividual,429,Too Many Requests,SearchIndividual 2-937,text,false,,417,2601,3,758,https://api-scuda.uat.oci.krungsri.tech/ords/api/v1/customer/individual/searchprofile,23,0,21
1779799832947,19,SearchIndividual,429,Too Many Requests,SearchIndividual 2-939,text,false,,417,2601,2,759,https://api-scuda.uat.oci.krungsri.tech/ords/api/v1/customer/individual/searchprofile,19,0,18
1779799832944,23,SearchIndividual,429,Too Many Requests,SearchIndividual 2-938,text,false,,417,2602,2,759,https://api-scuda.uat.oci.krungsri.tech/ords/api/v1/customer/individual/searchprofile,23,0,22
1779799832970,22,GetIndividual,429,Too Many Requests,GetIndividual 1-606,text,false,,417,3587,406,762,https://api-scuda.uat.oci.krungsri.tech/ic/api/v1/customer/individual/getprofile,22,0,20
1779799832955,38,GetIndividual,429,Too Many Requests,GetIndividual 1-604,text,false,,417,3588,405,762,https://api-scuda.uat.oci.krungsri.tech/ic/api/v1/customer/individual/getprofile,38,0,33
1779799832963,39,GetIndividual,429,Too Many Requests,GetIndividual 1-605,text,false,,417,3587,405,764,https://api-scuda.uat.oci.krungsri.tech/ic/api/v1/customer/individual/getprofile,39,0,36
1779799832973,36,SearchIndividual,429,Too Many Requests,SearchIndividual 2-940,text,false,,417,2601,6,763,https://api-scuda.uat.oci.krungsri.tech/ords/api/v1/customer/individual/searchprofile,36,0,34
1779799832984,28,SearchIndividual,429,Too Many Requests,SearchIndividual 2-942,text,false,,417,2601,5,762,https://api-scuda.uat.oci.krungsri.tech/ords/api/v1/customer/individual/searchprofile,28,0,26
1779799832984,30,SearchIndividual,429,Too Many Requests,SearchIndividual 2-943,text,false,,417,2602,4,761,https://api-scuda.uat.oci.krungsri.tech/ords/api/v1/customer/individual/searchprofile,30,0,29
1779799832998,18,SearchIndividual,429,Too Many Requests,SearchIndividual 2-944,text,false,,417,2602,3,760,https://api-scuda.uat.oci.krungsri.tech/ords/api/v1/customer/individual/searchprofile,18,0,12
1779799832973,45,SearchIndividual,429,Too Many Requests,SearchIndividual 2-941,text,false,,417,2601,2,759,https://api-scuda.uat.oci.krungsri.tech/ords/api/v1/customer/individual/searchprofile,45,0,43
1779799833001,21,SearchIndividual,429,Too Many Requests,SearchIndividual 2-945,text,false,,417,2602,1,758,https://api-scuda.uat.oci.krungsri.tech/ords/api/v1/customer/individual/searchprofile,21,0,20
1779799832997,34,UpdateIndividual,429,Too Many Requests,UpdateIndividual 4-375,text,false,,417,4227,240,760,https://api-scuda.uat.oci.krungsri.tech/ic/api/v1/customer/individual/updateprofile,34,0,31
1779799832998,34,GetIndividual,429,Too Many Requests,GetIndividual 1-607,text,false,,417,3588,407,760,https://api-scuda.uat.oci.krungsri.tech/ic/api/v1/customer/individual/getprofile,34,0,31
1779799833024,15,GetIndividual,429,Too Many Requests,GetIndividual 1-608,text,false,,417,3588,407,760,https://api-scuda.uat.oci.krungsri.tech/ic/api/v1/customer/individual/getprofile,15,0,13
1779799833036,21,SearchIndividual,429,Too Many Requests,SearchIndividual 2-946,text,false,,417,2602,1,761,https://api-scuda.uat.oci.krungsri.tech/ords/api/v1/customer/individual/searchprofile,21,0,20
1779799833037,23,GetIndividual,429,Too Many Requests,GetIndividual 1-611,text,false,,417,3588,407,760,https://api-scuda.uat.oci.krungsri.tech/ic/api/v1/customer/individual/getprofile,23,0,21
1779799833028,33,GetIndividual,429,Too Many Requests,GetIndividual 1-609,text,false,,417,3587,406,759,https://api-scuda.uat.oci.krungsri.tech/ic/api/v1/customer/individual/getprofile,33,0,31
1779799833042,27,GetIndividual,429,Too Many Requests,GetIndividual 1-612,text,false,,417,3587,405,759,https://api-scuda.uat.oci.krungsri.tech/ic/api/v1/customer/individual/getprofile,27,0,26
1779799833030,40,GetIndividual,429,Too Many Requests,GetIndividual 1-610,text,false,,417,3588,404,758,https://api-scuda.uat.oci.krungsri.tech/ic/api/v1/customer/individual/getprofile,40,0,38
1779799833058,20,UpdateIndividual,429,Too Many Requests,UpdateIndividual 4-376,text,false,,417,4228,240,759,https://api-scuda.uat.oci.krungsri.tech/ic/api/v1/customer/individual/updateprofile,20,0,18
1779799833063,21,SearchIndividual,429,Too Many Requests,SearchIndividual 2-947,text,false,,417,2602,2,759,https://api-scuda.uat.oci.krungsri.tech/ords/api/v1/customer/individual/searchprofile,21,0,20
1779799833077,18,SearchIndividual,429,Too Many Requests,SearchIndividual 2-948,text,false,,417,2602,1,760,https://api-scuda.uat.oci.krungsri.tech/ords/api/v1/customer/individual/searchprofile,18,0,16
1779799833082,19,GetIndividual,429,Too Many Requests,GetIndividual 1-614,text,false,,417,3588,407,760,https://api-scuda.uat.oci.krungsri.tech/ic/api/v1/customer/individual/getprofile,19,0,17
1779799833078,28,GetIndividual,429,Too Many Requests,GetIndividual 1-613,text,false,,417,3588,406,759,https://api-scuda.uat.oci.krungsri.tech/ic/api/v1/customer/individual/getprofile,28,0,23
1779799833086,21,GetIndividual,429,Too Many Requests,GetIndividual 1-615,text,false,,417,3588,406,759,https://api-scuda.uat.oci.krungsri.tech/ic/api/v1/customer/individual/getprofile,21,0,19
1779799833096,22,CreateIndividual,429,Too Many Requests,CreateIndividual 3-35,text,false,,417,8421,23,757,https://api-scuda.uat.oci.krungsri.tech/ic/api/v1/customer/individual/createprofile,22,0,20
1779799833100,23,GetIndividual,429,Too Many Requests,GetIndividual 1-616,text,false,,417,3587,405,758,https://api-scuda.uat.oci.krungsri.tech/ic/api/v1/customer/individual/getprofile,23,0,22
1779799833136,21,GetIndividual,429,Too Many Requests,GetIndividual 1-618,text,false,,417,3588,405,760,https://api-scuda.uat.oci.krungsri.tech/ic/api/v1/customer/individual/getprofile,21,0,20
1779799833129,36,UpdateIndividual,429,Too Many Requests,UpdateIndividual 4-377,text,false,,417,5620,240,759,https://api-scuda.uat.oci.krungsri.tech/ic/api/v1/customer/individual/updateprofile,36,0,34
1779799833123,42,GetIndividual,429,Too Many Requests,GetIndividual 1-617,text,false,,417,3588,404,759,https://api-scuda.uat.oci.krungsri.tech/ic/api/v1/customer/individual/getprofile,42,0,41
1779799833157,19,CreateJoint,429,Too Many Requests,CreateJoint 11-29,text,false,,417,5995,14,758,https://api-scuda.uat.oci.krungsri.tech/ic/api/v1/customer/joint/createprofile,19,0,17
1779799833161,19,UpdateJuristic,429,Too Many Requests,UpdateJuristic 8-27,text,false,,417,4427,14,757,https://api-scuda.uat.oci.krungsri.tech/ic/api/v1/customer/juristic/updateprofile,19,0,18
1779799833175,17,SearchIndividual,429,Too Many Requests,SearchIndividual 2-949,text,false,,417,2602,3,758,https://api-scuda.uat.oci.krungsri.tech/ords/api/v1/customer/individual/searchprofile,17,0,15
1779799833183,22,SearchIndividual,429,Too Many Requests,SearchIndividual 2-950,text,false,,417,2602,2,757,https://api-scuda.uat.oci.krungsri.tech/ords/api/v1/customer/individual/searchprofile,22,0,20
1779799833192,28,SearchIndividual,429,Too Many Requests,SearchIndividual 2-951,text,false,,417,2602,1,757,https://api-scuda.uat.oci.krungsri.tech/ords/api/v1/customer/individual/searchprofile,28,0,24
1779799833206,26,GetIndividual,429,Too Many Requests,GetIndividual 1-619,text,false,,417,3588,404,758,https://api-scuda.uat.oci.krungsri.tech/ic/api/v1/customer/individual/getprofile,26,0,25
1779799833226,22,SearchIndividual,429,Too Many Requests,SearchIndividual 2-952,text,false,,417,2602,2,757,https://api-scuda.uat.oci.krungsri.tech/ords/api/v1/customer/individual/searchprofile,22,0,19
1779799833230,23,SearchIndividual,429,Too Many Requests,SearchIndividual 2-953,text,false,,417,2602,1,756,https://api-scuda.uat.oci.krungsri.tech/ords/api/v1/customer/individual/searchprofile,23,0,21
1779799833261,22,SearchIndividual,429,Too Many Requests,SearchIndividual 2-954,text,false,,417,2602,4,762,https://api-scuda.uat.oci.krungsri.tech/ords/api/v1/customer/individual/searchprofile,22,0,20
1779799833265,17,SearchIndividual,429,Too Many Requests,SearchIndividual 2-955,text,false,,417,2602,4,761,https://api-scuda.uat.oci.krungsri.tech/ords/api/v1/customer/individual/searchprofile,17,0,15
1779799833268,18,GetIndividual,429,Too Many Requests,GetIndividual 1-620,text,false,,417,3588,404,762,https://api-scuda.uat.oci.krungsri.tech/ic/api/v1/customer/individual/getprofile,18,0,16
1779799833271,22,SearchIndividual,429,Too Many Requests,SearchIndividual 2-957,text,false,,417,2602,2,759,https://api-scuda.uat.oci.krungsri.tech/ords/api/v1/customer/individual/searchprofile,22,0,20
1779799833271,26,SearchIndividual,429,Too Many Requests,SearchIndividual 2-956,text,false,,417,2602,1,758,https://api-scuda.uat.oci.krungsri.tech/ords/api/v1/customer/individual/searchprofile,26,0,24
1779799833282,24,SearchJuristic,429,Too Many Requests,SearchJuristic 6-27,text,false,,417,2600,1,758,https://api-scuda.uat.oci.krungsri.tech/ords/api/v1/customer/juristic/searchprofile,24,0,18
1779799833287,23,UpdateIndividual,429,Too Many Requests,UpdateIndividual 4-378,text,false,,417,4227,240,757,https://api-scuda.uat.oci.krungsri.tech/ic/api/v1/customer/individual/updateprofile,23,0,22
1779799833298,36,GetIndividual,429,Too Many Requests,GetIndividual 1-621,text,false,,417,3588,406,759,https://api-scuda.uat.oci.krungsri.tech/ic/api/v1/customer/individual/getprofile,36,0,29
1779799833315,25,SearchIndividual,429,Too Many Requests,SearchIndividual 2-958,text,false,,417,2602,1,761,https://api-scuda.uat.oci.krungsri.tech/ords/api/v1/customer/individual/searchprofile,25,0,23
1779799833322,19,GetIndividual,429,Too Many Requests,GetIndividual 1-622,text,false,,417,3588,407,761,https://api-scuda.uat.oci.krungsri.tech/ic/api/v1/customer/individual/getprofile,19,0,17
1779799833338,15,SearchJoint,429,Too Many Requests,SearchJoint 10-34,text,false,,417,2627,1,766,https://api-scuda.uat.oci.krungsri.tech/ords/api/v1/customer/joint/searchprofile,15,0,13
1779799833336,22,GetIndividual,429,Too Many Requests,GetIndividual 1-624,text,false,,417,3588,408,766,https://api-scuda.uat.oci.krungsri.tech/ic/api/v1/customer/individual/getprofile,22,0,20
1779799833345,18,SearchIndividual,429,Too Many Requests,SearchIndividual 2-959,text,false,,417,2602,3,765,https://api-scuda.uat.oci.krungsri.tech/ords/api/v1/customer/individual/searchprofile,18,0,17
1779799833351,17,SearchIndividual,429,Too Many Requests,SearchIndividual 2-961,text,false,,417,2602,2,765,https://api-scuda.uat.oci.krungsri.tech/ords/api/v1/customer/individual/searchprofile,17,0,16
1779799833329,40,GetIndividual,429,Too Many Requests,GetIndividual 1-623,text,false,,417,3588,407,765,https://api-scuda.uat.oci.krungsri.tech/ic/api/v1/customer/individual/getprofile,40,0,37
1779799833337,32,GetIndividual,429,Too Many Requests,GetIndividual 1-625,text,false,,417,3588,407,765,https://api-scuda.uat.oci.krungsri.tech/ic/api/v1/customer/individual/getprofile,32,0,28
1779799833351,20,UpdateIndividual,429,Too Many Requests,UpdateIndividual 4-379,text,false,,417,5664,241,762,https://api-scuda.uat.oci.krungsri.tech/ic/api/v1/customer/individual/updateprofile,20,0,19
1779799833356,17,UpdateIndividual,429,Too Many Requests,UpdateIndividual 4-380,text,false,,417,4228,240,761,https://api-scuda.uat.oci.krungsri.tech/ic/api/v1/customer/individual/updateprofile,17,0,15
1779799833342,31,GetIndividual,429,Too Many Requests,GetIndividual 1-626,text,false,,417,3588,406,762,https://api-scuda.uat.oci.krungsri.tech/ic/api/v1/customer/individual/getprofile,31,0,26
1779799833356,23,CreateJoint,429,Too Many Requests,CreateJoint 11-30,text,false,,417,5851,14,761,https://api-scuda.uat.oci.krungsri.tech/ic/api/v1/customer/joint/createprofile,23,0,20
1779799833349,30,SearchIndividual,429,Too Many Requests,SearchIndividual 2-960,text,false,,417,2602,2,761,https://api-scuda.uat.oci.krungsri.tech/ords/api/v1/customer/individual/searchprofile,30,0,29
1779799833357,23,GetIndividual,429,Too Many Requests,GetIndividual 1-627,text,false,,417,3588,405,761,https://api-scuda.uat.oci.krungsri.tech/ic/api/v1/customer/individual/getprofile,23,0,21
1779799833368,15,GetJuristic,429,Too Many Requests,GetJuristic 5-31,text,false,,417,3533,19,758,https://api-scuda.uat.oci.krungsri.tech/ic/api/v1/customer/juristic/getprofile,15,0,13
1779799833374,15,GetIndividual,429,Too Many Requests,GetIndividual 1-628,text,false,,417,3588,404,757,https://api-scuda.uat.oci.krungsri.tech/ic/api/v1/customer/individual/getprofile,15,0,13
1779799833374,19,SearchIndividual,429,Too Many Requests,SearchIndividual 2-962,text,false,,417,2602,1,756,https://api-scuda.uat.oci.krungsri.tech/ords/api/v1/customer/individual/searchprofile,19,0,17
1779799833413,16,SearchIndividual,429,Too Many Requests,SearchIndividual 2-963,text,false,,417,2602,1,758,https://api-scuda.uat.oci.krungsri.tech/ords/api/v1/customer/individual/searchprofile,16,0,15
1779799833408,34,SearchJoint,429,Too Many Requests,SearchJoint 10-35,text,false,,417,2627,1,758,https://api-scuda.uat.oci.krungsri.tech/ords/api/v1/customer/joint/searchprofile,34,0,30
1779799833395,47,GetIndividual,429,Too Many Requests,GetIndividual 1-629,text,false,,417,3588,405,758,https://api-scuda.uat.oci.krungsri.tech/ic/api/v1/customer/individual/getprofile,47,0,44
1779799833430,25,GetIndividual,429,Too Many Requests,GetIndividual 1-630,text,false,,417,3588,404,756,https://api-scuda.uat.oci.krungsri.tech/ic/api/v1/customer/individual/getprofile,25,0,24
1779799833465,36,CreateIndividual,429,Too Many Requests,CreateIndividual 3-36,text,false,,417,8132,23,758,https://api-scuda.uat.oci.krungsri.tech/ic/api/v1/customer/individual/createprofile,36,0,32
1779799833488,47,SearchJoint,429,Too Many Requests,SearchJoint 10-36,text,false,,417,2627,1,762,https://api-scuda.uat.oci.krungsri.tech/ords/api/v1/customer/joint/searchprofile,47,0,44
1779799833516,20,SearchIndividual,429,Too Many Requests,SearchIndividual 2-966,text,false,,417,2602,4,761,https://api-scuda.uat.oci.krungsri.tech/ords/api/v1/customer/individual/searchprofile,20,0,18
1779799833499,38,SearchIndividual,429,Too Many Requests,SearchIndividual 2-964,text,false,,417,2602,4,761,https://api-scuda.uat.oci.krungsri.tech/ords/api/v1/customer/individual/searchprofile,38,0,36
1779799833520,21,SearchIndividual,429,Too Many Requests,SearchIndividual 2-967,text,false,,417,2601,2,759,https://api-scuda.uat.oci.krungsri.tech/ords/api/v1/customer/individual/searchprofile,21,0,20
1779799833513,30,GetIndividual,429,Too Many Requests,GetIndividual 1-631,text,false,,417,3587,404,758,https://api-scuda.uat.oci.krungsri.tech/ic/api/v1/customer/individual/getprofile,30,0,28
1779799833528,27,UpdateJoint,429,Too Many Requests,UpdateJoint 12-31,text,false,,417,4543,17,757,https://api-scuda.uat.oci.krungsri.tech/ic/api/v1/customer/joint/updateprofile,27,0,26
1779799833503,56,SearchIndividual,429,Too Many Requests,SearchIndividual 2-965,text,false,,417,2602,1,757,https://api-scuda.uat.oci.krungsri.tech/ords/api/v1/customer/individual/searchprofile,56,0,42
1779799833563,16,SearchIndividual,429,Too Many Requests,SearchIndividual 2-968,text,false,,417,2602,1,758,https://api-scuda.uat.oci.krungsri.tech/ords/api/v1/customer/individual/searchprofile,16,0,15
1779799833560,21,GetJoint,429,Too Many Requests,GetJoint 9-30,text,false,,417,3530,18,757,https://api-scuda.uat.oci.krungsri.tech/ic/api/v1/customer/joint/getprofile,21,0,20
1779799833563,21,UpdateIndividual,429,Too Many Requests,UpdateIndividual 4-381,text,false,,417,4228,240,756,https://api-scuda.uat.oci.krungsri.tech/ic/api/v1/customer/individual/updateprofile,21,0,20
1779799833598,27,GetIndividual,429,Too Many Requests,GetIndividual 1-632,text,false,,417,3588,405,757,https://api-scuda.uat.oci.krungsri.tech/ic/api/v1/customer/individual/getprofile,27,0,22
1779799833624,25,GetIndividual,429,Too Many Requests,GetIndividual 1-633,text,false,,417,3588,405,758,https://api-scuda.uat.oci.krungsri.tech/ic/api/v1/customer/individual/getprofile,25,0,24
1779799833641,24,GetIndividual,429,Too Many Requests,GetIndividual 1-634,text,false,,417,3588,404,757,https://api-scuda.uat.oci.krungsri.tech/ic/api/v1/customer/individual/getprofile,24,0,22
1779799833648,22,SearchIndividual,429,Too Many Requests,SearchIndividual 2-969,text,false,,417,2602,1,756,https://api-scuda.uat.oci.krungsri.tech/ords/api/v1/customer/individual/searchprofile,22,0,21
1779799833673,23,GetIndividual,429,Too Many Requests,GetIndividual 1-635,text,false,,417,3587,404,757,https://api-scuda.uat.oci.krungsri.tech/ic/api/v1/customer/individual/getprofile,23,0,22
1779799833693,22,SearchIndividual,429,Too Many Requests,SearchIndividual 2-970,text,false,,417,2602,2,757,https://api-scuda.uat.oci.krungsri.tech/ords/api/v1/customer/individual/searchprofile,22,0,21
1779799833706,18,SearchIndividual,429,Too Many Requests,SearchIndividual 2-971,text,false,,417,2602,1,757,https://api-scuda.uat.oci.krungsri.tech/ords/api/v1/customer/individual/searchprofile,18,0,17
1779799833723,17,GetIndividual,429,Too Many Requests,GetIndividual 1-636,text,false,,417,3588,404,756,https://api-scuda.uat.oci.krungsri.tech/ic/api/v1/customer/individual/getprofile,17,0,15
1779799833751,19,SearchIndividual,429,Too Many Requests,SearchIndividual 2-972,text,false,,417,2602,1,757,https://api-scuda.uat.oci.krungsri.tech/ords/api/v1/customer/individual/searchprofile,19,0,17
1779799833769,25,GetIndividual,429,Too Many Requests,GetIndividual 1-637,text,false,,417,3588,404,757,https://api-scuda.uat.oci.krungsri.tech/ic/api/v1/customer/individual/getprofile,25,0,22
1779799833780,23,SearchIndividual,429,Too Many Requests,SearchIndividual 2-973,text,false,,417,2602,1,756,https://api-scuda.uat.oci.krungsri.tech/ords/api/v1/customer/individual/searchprofile,23,0,21
1779799833839,23,UpdateIndividual,429,Too Many Requests,UpdateIndividual 4-382,text,false,,417,4228,240,757,https://api-scuda.uat.oci.krungsri.tech/ic/api/v1/customer/individual/updateprofile,23,0,22
1779799833860,19,SearchIndividual,429,Too Many Requests,SearchIndividual 2-974,text,false,,417,2602,3,760,https://api-scuda.uat.oci.krungsri.tech/ords/api/v1/customer/individual/searchprofile,19,0,18
1779799833868,24,SearchIndividual,429,Too Many Requests,SearchIndividual 2-975,text,false,,417,2602,3,760,https://api-scuda.uat.oci.krungsri.tech/ords/api/v1/customer/individual/searchprofile,24,0,23
1779799833874,19,SearchIndividual,429,Too Many Requests,SearchIndividual 2-976,text,false,,417,2602,3,760,https://api-scuda.uat.oci.krungsri.tech/ords/api/v1/customer/individual/searchprofile,19,0,17
1779799833877,19,GetIndividual,429,Too Many Requests,GetIndividual 1-638,text,false,,417,3588,404,758,https://api-scuda.uat.oci.krungsri.tech/ic/api/v1/customer/individual/getprofile,19,0,17
1779799833882,23,UpdateIndividual,429,Too Many Requests,UpdateIndividual 4-383,text,false,,417,4231,241,759,https://api-scuda.uat.oci.krungsri.tech/ic/api/v1/customer/individual/updateprofile,23,0,22
1779799833892,22,SearchIndividual,429,Too Many Requests,SearchIndividual 2-977,text,false,,417,2602,1,758,https://api-scuda.uat.oci.krungsri.tech/ords/api/v1/customer/individual/searchprofile,22,0,21
1779799833900,26,GetIndividual,429,Too Many Requests,GetIndividual 1-639,text,false,,417,3588,404,758,https://api-scuda.uat.oci.krungsri.tech/ic/api/v1/customer/individual/getprofile,26,0,24
1779799833909,23,UpdateIndividual,429,Too Many Requests,UpdateIndividual 4-384,text,false,,417,4229,241,758,https://api-scuda.uat.oci.krungsri.tech/ic/api/v1/customer/individual/updateprofile,23,0,22
1779799833929,20,GetIndividual,429,Too Many Requests,GetIndividual 1-640,text,false,,417,3588,404,758,https://api-scuda.uat.oci.krungsri.tech/ic/api/v1/customer/individual/getprofile,20,0,18
1779799833927,26,UpdateIndividual,429,Too Many Requests,UpdateIndividual 4-385,text,false,,417,4227,240,757,https://api-scuda.uat.oci.krungsri.tech/ic/api/v1/customer/individual/updateprofile,26,0,25
1779799833935,25,SearchIndividual,429,Too Many Requests,SearchIndividual 2-978,text,false,,417,2602,1,756,https://api-scuda.uat.oci.krungsri.tech/ords/api/v1/customer/individual/searchprofile,25,0,24
1779799833967,19,GetIndividual,429,Too Many Requests,GetIndividual 1-641,text,false,,417,3588,404,758,https://api-scuda.uat.oci.krungsri.tech/ic/api/v1/customer/individual/getprofile,19,0,18
1779799833965,22,UpdateIndividual,429,Too Many Requests,UpdateIndividual 4-386,text,false,,417,4228,240,758,https://api-scuda.uat.oci.krungsri.tech/ic/api/v1/customer/individual/updateprofile,22,0,20
1779799833983,28,SearchIndividual,429,Too Many Requests,SearchIndividual 2-979,text,false,,417,2602,2,757,https://api-scuda.uat.oci.krungsri.tech/ords/api/v1/customer/individual/searchprofile,28,0,26
1779799833995,24,SearchIndividual,429,Too Many Requests,SearchIndividual 2-980,text,false,,417,2602,1,756,https://api-scuda.uat.oci.krungsri.tech/ords/api/v1/customer/individual/searchprofile,24,0,23
1779799834024,20,UpdateIndividual,429,Too Many Requests,UpdateIndividual 4-387,text,false,,417,4227,241,759,https://api-scuda.uat.oci.krungsri.tech/ic/api/v1/customer/individual/updateprofile,20,0,19
1779799834027,31,GetIndividual,429,Too Many Requests,GetIndividual 1-643,text,false,,417,3588,406,762,https://api-scuda.uat.oci.krungsri.tech/ic/api/v1/customer/individual/getprofile,31,0,19
1779799834023,36,GetIndividual,429,Too Many Requests,GetIndividual 1-642,text,false,,417,3588,405,761,https://api-scuda.uat.oci.krungsri.tech/ic/api/v1/customer/individual/getprofile,36,0,25
1779799834039,33,UpdateIndividual,429,Too Many Requests,UpdateIndividual 4-388,text,false,,417,5586,242,762,https://api-scuda.uat.oci.krungsri.tech/ic/api/v1/customer/individual/updateprofile,33,0,30
1779799834056,18,UpdateIndividual,429,Too Many Requests,UpdateIndividual 4-389,text,false,,417,4228,241,762,https://api-scuda.uat.oci.krungsri.tech/ic/api/v1/customer/individual/updateprofile,18,0,16
1779799834057,23,GetIndividual,429,Too Many Requests,GetIndividual 1-644,text,false,,417,3588,404,761,https://api-scuda.uat.oci.krungsri.tech/ic/api/v1/customer/individual/getprofile,23,0,22
1779799834059,23,SearchIndividual,429,Too Many Requests,SearchIndividual 2-981,text,false,,417,2602,2,760,https://api-scuda.uat.oci.krungsri.tech/ords/api/v1/customer/individual/searchprofile,23,0,22
1779799834063,24,UpdateJoint,429,Too Many Requests,UpdateJoint 12-32,text,false,,417,3614,17,760,https://api-scuda.uat.oci.krungsri.tech/ic/api/v1/customer/joint/updateprofile,24,0,16
1779799834063,26,UpdateIndividual,429,Too Many Requests,UpdateIndividual 4-390,text,false,,417,5566,240,760,https://api-scuda.uat.oci.krungsri.tech/ic/api/v1/customer/individual/updateprofile,26,0,21
1779799834068,26,SearchIndividual,429,Too Many Requests,SearchIndividual 2-982,text,false,,417,2602,1,760,https://api-scuda.uat.oci.krungsri.tech/ords/api/v1/customer/individual/searchprofile,26,0,24
1779799834074,33,SearchJuristic,429,Too Many Requests,SearchJuristic 6-28,text,false,,417,2600,2,761,https://api-scuda.uat.oci.krungsri.tech/ords/api/v1/customer/juristic/searchprofile,33,0,26
1779799834084,24,GetIndividual,429,Too Many Requests,GetIndividual 1-645,text,false,,417,3587,405,761,https://api-scuda.uat.oci.krungsri.tech/ic/api/v1/customer/individual/getprofile,24,0,22
1779799834111,22,SearchIndividual,429,Too Many Requests,SearchIndividual 2-983,text,false,,417,2602,2,763,https://api-scuda.uat.oci.krungsri.tech/ords/api/v1/customer/individual/searchprofile,22,0,21
1779799834105,22,UpdateIndividual,429,Too Many Requests,UpdateIndividual 4-391,text,false,,417,5563,241,763,https://api-scuda.uat.oci.krungsri.tech/ic/api/v1/customer/individual/updateprofile,22,0,21
1779799834112,14,GetIndividual,429,Too Many Requests,GetIndividual 1-647,text,false,,417,3587,405,763,https://api-scuda.uat.oci.krungsri.tech/ic/api/v1/customer/individual/getprofile,14,0,12
1779799834102,23,SearchJuristic,429,Too Many Requests,SearchJuristic 6-29,text,false,,417,2600,1,763,https://api-scuda.uat.oci.krungsri.tech/ords/api/v1/customer/juristic/searchprofile,23,0,22
1779799834093,23,GetIndividual,429,Too Many Requests,GetIndividual 1-646,text,false,,417,3588,405,761,https://api-scuda.uat.oci.krungsri.tech/ic/api/v1/customer/individual/getprofile,23,0,22
1779799834089,27,SearchJoint,429,Too Many Requests,SearchJoint 10-37,text,false,,417,2627,1,761,https://api-scuda.uat.oci.krungsri.tech/ords/api/v1/customer/joint/searchprofile,27,0,25
1779799834122,23,SearchIndividual,429,Too Many Requests,SearchIndividual 2-984,text,false,,417,2602,1,757,https://api-scuda.uat.oci.krungsri.tech/ords/api/v1/customer/individual/searchprofile,23,0,21
1779799834123,25,UpdateIndividual,429,Too Many Requests,UpdateIndividual 4-392,text,false,,417,5526,240,756,https://api-scuda.uat.oci.krungsri.tech/ic/api/v1/customer/individual/updateprofile,25,0,23
1779799834167,23,UpdateIndividual,429,Too Many Requests,UpdateIndividual 4-393,text,false,,417,5545,240,759,https://api-scuda.uat.oci.krungsri.tech/ic/api/v1/customer/individual/updateprofile,23,0,22
1779799834182,18,UpdateJuristic,429,Too Many Requests,UpdateJuristic 8-28,text,false,,417,5740,14,758,https://api-scuda.uat.oci.krungsri.tech/ic/api/v1/customer/juristic/updateprofile,18,0,16
1779799834184,18,SearchIndividual,429,Too Many Requests,SearchIndividual 2-985,text,false,,417,2600,1,757,https://api-scuda.uat.oci.krungsri.tech/ords/api/v1/customer/individual/searchprofile,18,0,17
1779799834187,15,GetIndividual,429,Too Many Requests,GetIndividual 1-648,text,false,,417,3588,404,757,https://api-scuda.uat.oci.krungsri.tech/ic/api/v1/customer/individual/getprofile,15,0,14
1779799834206,21,SearchIndividual,429,Too Many Requests,SearchIndividual 2-986,text,false,,417,2602,2,761,https://api-scuda.uat.oci.krungsri.tech/ords/api/v1/customer/individual/searchprofile,21,0,13
1779799834205,22,GetIndividual,429,Too Many Requests,GetIndividual 1-649,text,false,,417,3588,406,761,https://api-scuda.uat.oci.krungsri.tech/ic/api/v1/customer/individual/getprofile,22,0,21
1779799834208,20,GetIndividual,429,Too Many Requests,GetIndividual 1-650,text,false,,417,3588,406,761,https://api-scuda.uat.oci.krungsri.tech/ic/api/v1/customer/individual/getprofile,20,0,18
1779799834221,18,SearchIndividual,429,Too Many Requests,SearchIndividual 2-987,text,false,,417,2602,2,760,https://api-scuda.uat.oci.krungsri.tech/ords/api/v1/customer/individual/searchprofile,18,0,17
1779799834221,22,GetIndividual,429,Too Many Requests,GetIndividual 1-651,text,false,,417,3588,404,759,https://api-scuda.uat.oci.krungsri.tech/ic/api/v1/customer/individual/getprofile,22,0,21
1779799834232,16,SearchJoint,429,Too Many Requests,SearchJoint 10-38,text,false,,417,2627,1,759,https://api-scuda.uat.oci.krungsri.tech/ords/api/v1/customer/joint/searchprofile,16,0,15
1779799834228,30,UpdateIndividual,429,Too Many Requests,UpdateIndividual 4-394,text,false,,417,4226,240,758,https://api-scuda.uat.oci.krungsri.tech/ic/api/v1/customer/individual/updateprofile,30,0,29
1779799834240,25,SearchIndividual,429,Too Many Requests,SearchIndividual 2-988,text,false,,417,2602,3,758,https://api-scuda.uat.oci.krungsri.tech/ords/api/v1/customer/individual/searchprofile,25,0,24
1779799834248,20,SearchIndividual,429,Too Many Requests,SearchIndividual 2-989,text,false,,417,2602,2,757,https://api-scuda.uat.oci.krungsri.tech/ords/api/v1/customer/individual/searchprofile,20,0,17
1779799834265,17,SearchIndividual,429,Too Many Requests,SearchIndividual 2-990,text,false,,417,2602,1,757,https://api-scuda.uat.oci.krungsri.tech/ords/api/v1/customer/individual/searchprofile,17,0,16
1779799834283,22,UpdateIndividual,429,Too Many Requests,UpdateIndividual 4-395,text,false,,417,5561,241,757,https://api-scuda.uat.oci.krungsri.tech/ic/api/v1/customer/individual/updateprofile,22,0,21
1779799834305,23,UpdateIndividual,429,Too Many Requests,UpdateIndividual 4-396,text,false,,417,5605,240,757,https://api-scuda.uat.oci.krungsri.tech/ic/api/v1/customer/individual/updateprofile,23,0,22
1779799834315,27,GetIndividual,429,Too Many Requests,GetIndividual 1-652,text,false,,417,3588,404,756,https://api-scuda.uat.oci.krungsri.tech/ic/api/v1/customer/individual/getprofile,26,0,21
1779799834348,15,GetJuristic,429,Too Many Requests,GetJuristic 5-32,text,false,,417,3533,19,762,https://api-scuda.uat.oci.krungsri.tech/ic/api/v1/customer/juristic/getprofile,15,0,13
1779799834352,11,SearchIndividual,429,Too Many Requests,SearchIndividual 2-991,text,false,,417,2601,4,762,https://api-scuda.uat.oci.krungsri.tech/ords/api/v1/customer/individual/searchprofile,11,0,10
1779799834348,15,GetIndividual,429,Too Many Requests,GetIndividual 1-654,text,false,,417,3588,405,762,https://api-scuda.uat.oci.krungsri.tech/ic/api/v1/customer/individual/getprofile,15,0,14
1779799834348,19,GetIndividual,429,Too Many Requests,GetIndividual 1-653,text,false,,417,3588,404,759,https://api-scuda.uat.oci.krungsri.tech/ic/api/v1/customer/individual/getprofile,19,0,17
1779799834352,20,SearchIndividual,429,Too Many Requests,SearchIndividual 2-992,text,false,,417,2601,3,758,https://api-scuda.uat.oci.krungsri.tech/ords/api/v1/customer/individual/searchprofile,19,0,18
1779799834362,21,SearchIndividual,429,Too Many Requests,SearchIndividual 2-994,text,false,,417,2602,4,761,https://api-scuda.uat.oci.krungsri.tech/ords/api/v1/customer/individual/searchprofile,21,0,19
1779799834357,27,SearchIndividual,429,Too Many Requests,SearchIndividual 2-993,text,false,,417,2602,3,760,https://api-scuda.uat.oci.krungsri.tech/ords/api/v1/customer/individual/searchprofile,27,0,24
1779799834374,12,GetJuristic,429,Too Many Requests,GetJuristic 5-33,text,false,,417,3533,19,759,https://api-scuda.uat.oci.krungsri.tech/ic/api/v1/customer/juristic/getprofile,12,0,11
1779799834382,15,SearchIndividual,429,Too Many Requests,SearchIndividual 2-996,text,false,,417,2602,2,758,https://api-scuda.uat.oci.krungsri.tech/ords/api/v1/customer/individual/searchprofile,15,0,14
1779799834382,16,GetIndividual,429,Too Many Requests,GetIndividual 1-655,text,false,,417,3588,404,757,https://api-scuda.uat.oci.krungsri.tech/ic/api/v1/customer/individual/getprofile,16,0,15
1779799834378,22,SearchIndividual,429,Too Many Requests,SearchIndividual 2-995,text,false,,417,2602,1,756,https://api-scuda.uat.oci.krungsri.tech/ords/api/v1/customer/individual/searchprofile,22,0,20
1779799834418,19,UpdateIndividual,429,Too Many Requests,UpdateIndividual 4-397,text,false,,417,4229,240,757,https://api-scuda.uat.oci.krungsri.tech/ic/api/v1/customer/individual/updateprofile,19,0,17
1779799834435,13,GetIndividual,429,Too Many Requests,GetIndividual 1-656,text,false,,417,3588,404,757,https://api-scuda.uat.oci.krungsri.tech/ic/api/v1/customer/individual/getprofile,13,0,12
1779799834442,19,SearchIndividual,429,Too Many Requests,SearchIndividual 2-997,text,false,,417,2602,1,757,https://api-scuda.uat.oci.krungsri.tech/ords/api/v1/customer/individual/searchprofile,19,0,17
1779799834450,20,GetIndividual,429,Too Many Requests,GetIndividual 1-657,text,false,,417,3588,404,756,https://api-scuda.uat.oci.krungsri.tech/ic/api/v1/customer/individual/getprofile,20,0,19
1779799834485,31,SearchIndividual,429,Too Many Requests,SearchIndividual 2-998,text,false,,417,2602,3,759,https://api-scuda.uat.oci.krungsri.tech/ords/api/v1/customer/individual/searchprofile,31,0,29
1779799834485,33,SearchIndividual,429,Too Many Requests,SearchIndividual 2-999,text,false,,417,2602,2,758,https://api-scuda.uat.oci.krungsri.tech/ords/api/v1/customer/individual/searchprofile,33,0,25
1779799834513,14,SearchIndividual,429,Too Many Requests,SearchIndividual 2-1000,text,false,,417,2602,1,757,https://api-scuda.uat.oci.krungsri.tech/ords/api/v1/customer/individual/searchprofile,14,0,10
1779799834502,25,GetIndividual,429,Too Many Requests,GetIndividual 1-658,text,false,,417,3588,404,757,https://api-scuda.uat.oci.krungsri.tech/ic/api/v1/customer/individual/getprofile,25,0,24
1779799834536,11,GetIndividual,429,Too Many Requests,GetIndividual 1-660,text,false,,417,3588,405,757,https://api-scuda.uat.oci.krungsri.tech/ic/api/v1/customer/individual/getprofile,11,0,9
1779799834531,21,GetIndividual,429,Too Many Requests,GetIndividual 1-659,text,false,,417,3588,404,757,https://api-scuda.uat.oci.krungsri.tech/ic/api/v1/customer/individual/getprofile,21,0,18
1779799834554,21,UpdateIndividual,429,Too Many Requests,UpdateIndividual 4-398,text,false,,417,4228,241,760,https://api-scuda.uat.oci.krungsri.tech/ic/api/v1/customer/individual/updateprofile,21,0,19
1779799834556,21,UpdateJuristic,429,Too Many Requests,UpdateJuristic 8-29,text,false,,417,4421,14,759,https://api-scuda.uat.oci.krungsri.tech/ic/api/v1/customer/juristic/updateprofile,21,0,20
1779799834559,21,SearchIndividual,429,Too Many Requests,SearchIndividual 2-1001,text,false,,417,2602,3,759,https://api-scuda.uat.oci.krungsri.tech/ords/api/v1/customer/individual/searchprofile,21,0,20
1779799834560,21,SearchIndividual,429,Too Many Requests,SearchIndividual 2-1002,text,false,,417,2602,3,759,https://api-scuda.uat.oci.krungsri.tech/ords/api/v1/customer/individual/searchprofile,21,0,19
1779799834575,18,UpdateIndividual,429,Too Many Requests,UpdateIndividual 4-399,text,false,,417,5546,240,758,https://api-scuda.uat.oci.krungsri.tech/ic/api/v1/customer/individual/updateprofile,18,0,17
1779799834579,17,SearchIndividual,429,Too Many Requests,SearchIndividual 2-1003,text,false,,417,2601,1,757,https://api-scuda.uat.oci.krungsri.tech/ords/api/v1/customer/individual/searchprofile,17,0,15
1779799834584,20,GetIndividual,429,Too Many Requests,GetIndividual 1-661,text,false,,417,3588,404,757,https://api-scuda.uat.oci.krungsri.tech/ic/api/v1/customer/individual/getprofile,20,0,18
1779799834607,15,CreateIndividual,429,Too Many Requests,CreateIndividual 3-37,text,false,,417,8398,23,758,https://api-scuda.uat.oci.krungsri.tech/ic/api/v1/customer/individual/createprofile,15,0,13
1779799834617,21,SearchIndividual,429,Too Many Requests,SearchIndividual 2-1004,text,false,,417,2602,1,758,https://api-scuda.uat.oci.krungsri.tech/ords/api/v1/customer/individual/searchprofile,21,0,17
1779799834619,26,GetIndividual,429,Too Many Requests,GetIndividual 1-662,text,false,,417,3588,404,759,https://api-scuda.uat.oci.krungsri.tech/ic/api/v1/customer/individual/getprofile,26,0,24
1779799814966,19690,UpdateJuristic,429,Too Many Requests,UpdateJuristic 8-12,text,false,,602,4420,13,758,https://api-scuda.uat.oci.krungsri.tech/ic/api/v1/customer/juristic/updateprofile,19690,0,16
1779799834645,14,UpdateIndividual,429,Too Many Requests,UpdateIndividual 4-401,text,false,,417,5590,242,758,https://api-scuda.uat.oci.krungsri.tech/ic/api/v1/customer/individual/updateprofile,14,0,12
1779799815218,19443,UpdateIndividual,429,Too Many Requests,UpdateIndividual 4-71,text,false,,606,5567,241,760,https://api-scuda.uat.oci.krungsri.tech/ic/api/v1/customer/individual/updateprofile,19443,0,17
1779799818373,16289,GetIndividual,429,Too Many Requests,GetIndividual 1-172,text,false,,600,3588,406,759,https://api-scuda.uat.oci.krungsri.tech/ic/api/v1/customer/individual/getprofile,16289,0,19
1779799817918,16744,UpdateIndividual,429,Too Many Requests,UpdateIndividual 4-105,text,false,,606,5629,240,759,https://api-scuda.uat.oci.krungsri.tech/ic/api/v1/customer/individual/updateprofile,16744,0,20
1779799818930,15733,GetIndividual,429,Too Many Requests,GetIndividual 1-180,text,false,,600,3588,406,759,https://api-scuda.uat.oci.krungsri.tech/ic/api/v1/customer/individual/getprofile,15733,0,21
1779799818188,16479,GetIndividual,429,Too Many Requests,GetIndividual 1-169,text,false,,600,3588,404,756,https://api-scuda.uat.oci.krungsri.tech/ic/api/v1/customer/individual/getprofile,16479,0,26
1779799818052,16615,GetJoint,429,Too Many Requests,GetJoint 9-15,text,false,,590,3530,17,756,https://api-scuda.uat.oci.krungsri.tech/ic/api/v1/customer/joint/getprofile,16615,0,23
1779799821141,13526,CreateJuristic,429,Too Many Requests,CreateJuristic 7-18,text,false,,602,8041,14,756,https://api-scuda.uat.oci.krungsri.tech/ic/api/v1/customer/juristic/createprofile,13526,0,27
1779799820304,14364,GetIndividual,429,Too Many Requests,GetIndividual 1-214,text,false,,600,3588,404,756,https://api-scuda.uat.oci.krungsri.tech/ic/api/v1/customer/individual/getprofile,14364,0,20
1779799820174,14496,GetIndividual,429,Too Many Requests,GetIndividual 1-210,text,false,,600,3588,402,752,https://api-scuda.uat.oci.krungsri.tech/ic/api/v1/customer/individual/getprofile,14496,0,13
1779799819642,15031,GetIndividual,429,Too Many Requests,GetIndividual 1-200,text,false,,600,3588,401,751,https://api-scuda.uat.oci.krungsri.tech/ic/api/v1/customer/individual/getprofile,15031,0,24
1779799822944,11731,CreateJoint,429,Too Many Requests,CreateJoint 11-20,text,false,,596,6031,13,750,https://api-scuda.uat.oci.krungsri.tech/ic/api/v1/customer/joint/createprofile,11731,0,18
1779799812995,21685,GetIndividual,429,Too Many Requests,GetIndividual 1-70,text,false,,600,3588,400,749,https://api-scuda.uat.oci.krungsri.tech/ic/api/v1/customer/individual/getprofile,21685,0,24
1779799813897,20784,CreateJoint,429,Too Many Requests,CreateJoint 11-11,text,false,,596,5933,12,749,https://api-scuda.uat.oci.krungsri.tech/ic/api/v1/customer/joint/createprofile,20784,0,17
1779799812538,22144,GetIndividual,429,Too Many Requests,GetIndividual 1-65,text,false,,600,3588,399,747,https://api-scuda.uat.oci.krungsri.tech/ic/api/v1/customer/individual/getprofile,22144,0,19
1779799834661,27,SearchIndividual,200,OK,SearchIndividual 2-1005,text,true,,1155,2602,1,746,https://api-scuda.uat.oci.krungsri.tech/ords/api/v1/customer/individual/searchprofile,27,0,17
1779799821928,12767,UpdateIndividual,429,Too Many Requests,UpdateIndividual 4-168,text,false,,606,4227,239,745,https://api-scuda.uat.oci.krungsri.tech/ic/api/v1/customer/individual/updateprofile,12767,0,16
1779799823304,11392,UpdateIndividual,429,Too Many Requests,UpdateIndividual 4-196,text,false,,606,4228,239,745,https://api-scuda.uat.oci.krungsri.tech/ic/api/v1/customer/individual/updateprofile,11392,0,16
1779799820726,13970,GetIndividual,429,Too Many Requests,GetIndividual 1-225,text,false,,600,3588,398,744,https://api-scuda.uat.oci.krungsri.tech/ic/api/v1/customer/individual/getprofile,13970,0,22
1779799823257,11440,GetIndividual,429,Too Many Requests,GetIndividual 1-296,text,false,,600,3587,398,745,https://api-scuda.uat.oci.krungsri.tech/ic/api/v1/customer/individual/getprofile,11440,0,22
1779799822798,11899,GetIndividual,429,Too Many Requests,GetIndividual 1-280,text,false,,600,3588,398,745,https://api-scuda.uat.oci.krungsri.tech/ic/api/v1/customer/individual/getprofile,11899,0,18
1779799823290,11407,UpdateIndividual,429,Too Many Requests,UpdateIndividual 4-195,text,false,,606,5660,238,745,https://api-scuda.uat.oci.krungsri.tech/ic/api/v1/customer/individual/updateprofile,11407,0,18
1779799823492,11205,GetIndividual,429,Too Many Requests,GetIndividual 1-301,text,false,,600,3588,398,745,https://api-scuda.uat.oci.krungsri.tech/ic/api/v1/customer/individual/getprofile,11205,0,21
1779799822776,11922,UpdateIndividual,429,Too Many Requests,UpdateIndividual 4-185,text,false,,606,4228,237,743,https://api-scuda.uat.oci.krungsri.tech/ic/api/v1/customer/individual/updateprofile,11922,0,21
1779799817664,17034,GetIndividual,429,Too Many Requests,GetIndividual 1-157,text,false,,600,3588,397,744,https://api-scuda.uat.oci.krungsri.tech/ic/api/v1/customer/individual/getprofile,17034,0,23
1779799820470,14228,GetIndividual,429,Too Many Requests,GetIndividual 1-218,text,false,,600,3588,397,744,https://api-scuda.uat.oci.krungsri.tech/ic/api/v1/customer/individual/getprofile,14228,0,21
1779799823784,10914,UpdateJoint,429,Too Many Requests,UpdateJoint 12-21,text,false,,596,3614,16,744,https://api-scuda.uat.oci.krungsri.tech/ic/api/v1/customer/joint/updateprofile,10914,0,16
1779799823490,11209,GetIndividual,429,Too Many Requests,GetIndividual 1-300,text,false,,600,3588,397,744,https://api-scuda.uat.oci.krungsri.tech/ic/api/v1/customer/individual/getprofile,11209,0,12
1779799824408,10292,UpdateIndividual,429,Too Many Requests,UpdateIndividual 4-214,text,false,,606,5577,237,742,https://api-scuda.uat.oci.krungsri.tech/ic/api/v1/customer/individual/updateprofile,10292,0,23
1779799825093,9609,GetIndividual,429,Too Many Requests,GetIndividual 1-353,text,false,,600,3588,395,740,https://api-scuda.uat.oci.krungsri.tech/ic/api/v1/customer/individual/getprofile,9609,0,15
1779799824864,9839,GetIndividual,429,Too Many Requests,GetIndividual 1-343,text,false,,600,3588,394,739,https://api-scuda.uat.oci.krungsri.tech/ic/api/v1/customer/individual/getprofile,9839,0,16
1779799816999,17706,GetIndividual,429,Too Many Requests,GetIndividual 1-144,text,false,,600,3588,391,734,https://api-scuda.uat.oci.krungsri.tech/ic/api/v1/customer/individual/getprofile,17706,0,26
1779799824793,9914,GetIndividual,429,Too Many Requests,GetIndividual 1-341,text,false,,600,3588,389,732,https://api-scuda.uat.oci.krungsri.tech/ic/api/v1/customer/individual/getprofile,9914,0,39
1779799818670,16042,GetJuristic,429,Too Many Requests,GetJuristic 5-16,text,false,,596,3533,18,733,https://api-scuda.uat.oci.krungsri.tech/ic/api/v1/customer/juristic/getprofile,16042,0,11
1779799818454,16266,GetIndividual,429,Too Many Requests,GetIndividual 1-174,text,false,,600,3588,389,732,https://api-scuda.uat.oci.krungsri.tech/ic/api/v1/customer/individual/getprofile,16266,0,18
1779799820306,14414,CreateJuristic,429,Too Many Requests,CreateJuristic 7-17,text,false,,602,7769,13,732,https://api-scuda.uat.oci.krungsri.tech/ic/api/v1/customer/juristic/createprofile,14414,0,25
1779799822529,12192,UpdateIndividual,429,Too Many Requests,UpdateIndividual 4-179,text,false,,606,5600,234,732,https://api-scuda.uat.oci.krungsri.tech/ic/api/v1/customer/individual/updateprofile,12192,0,19
1779799822874,11849,GetIndividual,429,Too Many Requests,GetIndividual 1-282,text,false,,600,3588,388,729,https://api-scuda.uat.oci.krungsri.tech/ic/api/v1/customer/individual/getprofile,11849,0,6
1779799821993,12732,UpdateIndividual,429,Too Many Requests,UpdateIndividual 4-170,text,false,,606,5582,233,729,https://api-scuda.uat.oci.krungsri.tech/ic/api/v1/customer/individual/updateprofile,12732,0,18
1779799834698,36,SearchIndividual,200,OK,SearchIndividual 2-1006,text,true,,1177,2602,4,730,https://api-scuda.uat.oci.krungsri.tech/ords/api/v1/customer/individual/searchprofile,36,0,21
1779799834709,31,SearchIndividual,200,OK,SearchIndividual 2-1007,text,true,,1216,2601,4,730,https://api-scuda.uat.oci.krungsri.tech/ords/api/v1/customer/individual/searchprofile,31,0,19
1779799821001,13740,UpdateIndividual,429,Too Many Requests,UpdateIndividual 4-151,text,false,,606,5621,232,729,https://api-scuda.uat.oci.krungsri.tech/ic/api/v1/customer/individual/updateprofile,13740,0,18
1779799821022,13719,GetIndividual,429,Too Many Requests,GetIndividual 1-233,text,false,,600,3588,388,729,https://api-scuda.uat.oci.krungsri.tech/ic/api/v1/customer/individual/getprofile,13719,0,22
1779799821218,13526,GetIndividual,429,Too Many Requests,GetIndividual 1-237,text,false,,600,3588,387,727,https://api-scuda.uat.oci.krungsri.tech/ic/api/v1/customer/individual/getprofile,13526,0,15
1779799824459,10289,GetIndividual,429,Too Many Requests,GetIndividual 1-327,text,false,,600,3588,386,726,https://api-scuda.uat.oci.krungsri.tech/ic/api/v1/customer/individual/getprofile,10289,0,16
1779799834726,24,SearchIndividual,200,OK,SearchIndividual 2-1008,text,true,,1199,2602,3,726,https://api-scuda.uat.oci.krungsri.tech/ords/api/v1/customer/individual/searchprofile,24,0,12
1779799821992,12756,UpdateIndividual,429,Too Many Requests,UpdateIndividual 4-169,text,false,,606,5583,231,726,https://api-scuda.uat.oci.krungsri.tech/ic/api/v1/customer/individual/updateprofile,12756,0,34
1779799824413,10335,CreateIndividual,429,Too Many Requests,CreateIndividual 3-21,text,false,,606,8233,23,726,https://api-scuda.uat.oci.krungsri.tech/ic/api/v1/customer/individual/createprofile,10335,0,15
1779799823054,11694,GetJoint,429,Too Many Requests,GetJoint 9-20,text,false,,590,3530,16,726,https://api-scuda.uat.oci.krungsri.tech/ic/api/v1/customer/joint/getprofile,11694,0,43
1779799824615,10134,UpdateIndividual,429,Too Many Requests,UpdateIndividual 4-219,text,false,,606,4230,231,726,https://api-scuda.uat.oci.krungsri.tech/ic/api/v1/customer/individual/updateprofile,10134,0,19
1779799823603,11146,UpdateIndividual,429,Too Many Requests,UpdateIndividual 4-200,text,false,,606,4229,231,726,https://api-scuda.uat.oci.krungsri.tech/ic/api/v1/customer/individual/updateprofile,11146,0,19
1779799823196,11555,GetIndividual,429,Too Many Requests,GetIndividual 1-294,text,false,,600,3588,385,722,https://api-scuda.uat.oci.krungsri.tech/ic/api/v1/customer/individual/getprofile,11555,0,33
1779799824064,10688,GetIndividual,429,Too Many Requests,GetIndividual 1-311,text,false,,600,3587,385,721,https://api-scuda.uat.oci.krungsri.tech/ic/api/v1/customer/individual/getprofile,10688,0,22
1779799826101,8651,GetIndividual,429,Too Many Requests,GetIndividual 1-386,text,false,,600,3588,385,721,https://api-scuda.uat.oci.krungsri.tech/ic/api/v1/customer/individual/getprofile,8651,0,24
1779799826406,8346,GetIndividual,429,Too Many Requests,GetIndividual 1-392,text,false,,600,3588,385,720,https://api-scuda.uat.oci.krungsri.tech/ic/api/v1/customer/individual/getprofile,8346,0,40
1779799826442,8310,GetIndividual,429,Too Many Requests,GetIndividual 1-393,text,false,,600,3588,385,720,https://api-scuda.uat.oci.krungsri.tech/ic/api/v1/customer/individual/getprofile,8310,0,20
1779799825206,9546,GetIndividual,429,Too Many Requests,GetIndividual 1-361,text,false,,600,3588,385,720,https://api-scuda.uat.oci.krungsri.tech/ic/api/v1/customer/individual/getprofile,9546,0,22
1779799825525,9228,UpdateIndividual,429,Too Many Requests,UpdateIndividual 4-235,text,false,,606,4227,229,720,https://api-scuda.uat.oci.krungsri.tech/ic/api/v1/customer/individual/updateprofile,9228,0,18
1779799825298,9456,UpdateIndividual,429,Too Many Requests,UpdateIndividual 4-233,text,false,,606,5538,228,718,https://api-scuda.uat.oci.krungsri.tech/ic/api/v1/customer/individual/updateprofile,9456,0,25
1779799824192,10562,UpdateJoint,429,Too Many Requests,UpdateJoint 12-22,text,false,,596,4537,15,718,https://api-scuda.uat.oci.krungsri.tech/ic/api/v1/customer/joint/updateprofile,10562,0,17
1779799824546,10210,GetIndividual,429,Too Many Requests,GetIndividual 1-331,text,false,,600,3588,382,716,https://api-scuda.uat.oci.krungsri.tech/ic/api/v1/customer/individual/getprofile,10210,0,20
1779799834739,23,SearchIndividual,200,OK,SearchIndividual 2-1010,text,true,,1127,2602,3,710,https://api-scuda.uat.oci.krungsri.tech/ords/api/v1/customer/individual/searchprofile,22,0,11
1779799834729,48,SearchIndividual,200,OK,SearchIndividual 2-1009,text,true,,1245,2602,3,710,https://api-scuda.uat.oci.krungsri.tech/ords/api/v1/customer/individual/searchprofile,47,0,35
1779799834768,30,SearchIndividual,200,OK,SearchIndividual 2-1012,text,true,,1209,2602,3,710,https://api-scuda.uat.oci.krungsri.tech/ords/api/v1/customer/individual/searchprofile,30,0,17
1779799834765,42,SearchIndividual,200,OK,SearchIndividual 2-1011,text,true,,1163,2602,2,710,https://api-scuda.uat.oci.krungsri.tech/ords/api/v1/customer/individual/searchprofile,41,0,24
1779799834798,26,SearchIndividual,200,OK,SearchIndividual 2-1013,text,true,,1111,2602,1,710,https://api-scuda.uat.oci.krungsri.tech/ords/api/v1/customer/individual/searchprofile,26,0,11
1779799834825,25,SearchIndividual,200,OK,SearchIndividual 2-1014,text,true,,1169,2602,2,711,https://api-scuda.uat.oci.krungsri.tech/ords/api/v1/customer/individual/searchprofile,25,0,14
1779799834836,32,SearchIndividual,200,OK,SearchIndividual 2-1015,text,true,,1185,2600,1,710,https://api-scuda.uat.oci.krungsri.tech/ords/api/v1/customer/individual/searchprofile,32,0,18
1779799811554,23336,UpdateIndividual,429,Too Many Requests,UpdateIndividual 4-35,text,false,,606,5567,227,712,https://api-scuda.uat.oci.krungsri.tech/ic/api/v1/customer/individual/updateprofile,23336,0,16
1779799834869,34,SearchIndividual,200,OK,SearchIndividual 2-1016,text,true,,1185,2602,1,711,https://api-scuda.uat.oci.krungsri.tech/ords/api/v1/customer/individual/searchprofile,34,0,21
1779799816790,18133,UpdateIndividual,429,Too Many Requests,UpdateIndividual 4-93,text,false,,606,5592,226,711,https://api-scuda.uat.oci.krungsri.tech/ic/api/v1/customer/individual/updateprofile,18133,0,15
1779799814446,20478,UpdateIndividual,429,Too Many Requests,UpdateIndividual 4-62,text,false,,606,4227,225,710,https://api-scuda.uat.oci.krungsri.tech/ic/api/v1/customer/individual/updateprofile,20478,0,22
1779799812741,22185,GetIndividual,429,Too Many Requests,GetIndividual 1-69,text,false,,600,3588,380,709,https://api-scuda.uat.oci.krungsri.tech/ic/api/v1/customer/individual/getprofile,22185,0,16
1779799818072,16856,GetIndividual,429,Too Many Requests,GetIndividual 1-166,text,false,,600,3588,379,710,https://api-scuda.uat.oci.krungsri.tech/ic/api/v1/customer/individual/getprofile,16856,0,17
1779799817535,17394,CreateJuristic,429,Too Many Requests,CreateJuristic 7-14,text,false,,602,7803,12,709,https://api-scuda.uat.oci.krungsri.tech/ic/api/v1/customer/juristic/createprofile,17394,0,19
1779799814666,20266,UpdateIndividual,429,Too Many Requests,UpdateIndividual 4-67,text,false,,606,4227,224,708,https://api-scuda.uat.oci.krungsri.tech/ic/api/v1/customer/individual/updateprofile,20266,0,16
1779799820122,14811,GetIndividual,429,Too Many Requests,GetIndividual 1-209,text,false,,600,3588,378,708,https://api-scuda.uat.oci.krungsri.tech/ic/api/v1/customer/individual/getprofile,14811,0,20
1779799817629,17304,GetJuristic,429,Too Many Requests,GetJuristic 5-15,text,false,,596,3533,17,707,https://api-scuda.uat.oci.krungsri.tech/ic/api/v1/customer/juristic/getprofile,17304,0,27
1779799818376,16578,GetIndividual,429,Too Many Requests,GetIndividual 1-173,text,false,,600,3586,377,707,https://api-scuda.uat.oci.krungsri.tech/ic/api/v1/customer/individual/getprofile,16578,0,11
1779799823381,11579,GetIndividual,429,Too Many Requests,GetIndividual 1-299,text,false,,600,3588,376,706,https://api-scuda.uat.oci.krungsri.tech/ic/api/v1/customer/individual/getprofile,11579,0,20
1779799834928,34,SearchIndividual,200,OK,SearchIndividual 2-1017,text,true,,1169,2602,3,706,https://api-scuda.uat.oci.krungsri.tech/ords/api/v1/customer/individual/searchprofile,32,0,20
1779799822075,12885,GetIndividual,429,Too Many Requests,GetIndividual 1-260,text,false,,600,3588,376,706,https://api-scuda.uat.oci.krungsri.tech/ic/api/v1/customer/individual/getprofile,12885,0,15
1779799819828,15133,UpdateIndividual,429,Too Many Requests,UpdateIndividual 4-136,text,false,,606,5627,223,706,https://api-scuda.uat.oci.krungsri.tech/ic/api/v1/customer/individual/updateprofile,15133,0,14
1779799819287,15674,GetIndividual,429,Too Many Requests,GetIndividual 1-189,text,false,,600,3588,376,706,https://api-scuda.uat.oci.krungsri.tech/ic/api/v1/customer/individual/getprofile,15674,0,32
1779799819085,15878,GetIndividual,429,Too Many Requests,GetIndividual 1-184,text,false,,600,3588,373,701,https://api-scuda.uat.oci.krungsri.tech/ic/api/v1/customer/individual/getprofile,15878,0,20
1779799823416,11547,UpdateIndividual,429,Too Many Requests,UpdateIndividual 4-198,text,false,,606,5533,222,701,https://api-scuda.uat.oci.krungsri.tech/ic/api/v1/customer/individual/updateprofile,11547,0,44
1779799824144,10819,UpdateIndividual,429,Too Many Requests,UpdateIndividual 4-208,text,false,,606,5612,222,701,https://api-scuda.uat.oci.krungsri.tech/ic/api/v1/customer/individual/updateprofile,10819,0,16
1779799821574,13389,UpdateIndividual,429,Too Many Requests,UpdateIndividual 4-162,text,false,,606,4230,222,701,https://api-scuda.uat.oci.krungsri.tech/ic/api/v1/customer/individual/updateprofile,13389,0,15
1779799824153,10810,GetIndividual,429,Too Many Requests,GetIndividual 1-316,text,false,,600,3588,373,701,https://api-scuda.uat.oci.krungsri.tech/ic/api/v1/customer/individual/getprofile,10810,0,18
1779799822183,12781,CreateIndividual,429,Too Many Requests,CreateIndividual 3-19,text,false,,606,8332,23,701,https://api-scuda.uat.oci.krungsri.tech/ic/api/v1/customer/individual/createprofile,12781,0,27
1779799824157,10809,GetIndividual,429,Too Many Requests,GetIndividual 1-317,text,false,,600,3588,373,701,https://api-scuda.uat.oci.krungsri.tech/ic/api/v1/customer/individual/getprofile,10809,0,27
1779799824716,10249,GetIndividual,429,Too Many Requests,GetIndividual 1-339,text,false,,600,3588,373,701,https://api-scuda.uat.oci.krungsri.tech/ic/api/v1/customer/individual/getprofile,10249,0,16
1779799823676,11290,UpdateIndividual,429,Too Many Requests,UpdateIndividual 4-202,text,false,,606,4229,222,700,https://api-scuda.uat.oci.krungsri.tech/ic/api/v1/customer/individual/updateprofile,11290,0,15
1779799825004,9962,GetIndividual,429,Too Many Requests,GetIndividual 1-349,text,false,,600,3588,372,699,https://api-scuda.uat.oci.krungsri.tech/ic/api/v1/customer/individual/getprofile,9962,0,10
1779799825611,9356,UpdateJuristic,429,Too Many Requests,UpdateJuristic 8-22,text,false,,602,4428,12,696,https://api-scuda.uat.oci.krungsri.tech/ic/api/v1/customer/juristic/updateprofile,9356,0,31
1779799826314,8653,CreateIndividual,429,Too Many Requests,CreateIndividual 3-26,text,false,,606,8081,23,696,https://api-scuda.uat.oci.krungsri.tech/ic/api/v1/customer/individual/createprofile,8653,0,23
1779799823967,11002,UpdateIndividual,429,Too Many Requests,UpdateIndividual 4-206,text,false,,606,4227,219,694,https://api-scuda.uat.oci.krungsri.tech/ic/api/v1/customer/individual/updateprofile,11002,0,24
1779799824562,10406,UpdateIndividual,429,Too Many Requests,UpdateIndividual 4-218,text,false,,606,5610,219,695,https://api-scuda.uat.oci.krungsri.tech/ic/api/v1/customer/individual/updateprofile,10406,0,20
1779799834939,54,SearchIndividual,200,OK,SearchIndividual 2-1018,text,true,,1172,2601,2,688,https://api-scuda.uat.oci.krungsri.tech/ords/api/v1/customer/individual/searchprofile,54,0,37
1779799834950,52,SearchIndividual,200,OK,SearchIndividual 2-1019,text,true,,1175,2602,1,687,https://api-scuda.uat.oci.krungsri.tech/ords/api/v1/customer/individual/searchprofile,52,0,29
1779799835010,29,SearchIndividual,200,OK,SearchIndividual 2-1020,text,true,,1140,2601,2,688,https://api-scuda.uat.oci.krungsri.tech/ords/api/v1/customer/individual/searchprofile,29,0,16
1779799835038,23,SearchIndividual,200,OK,SearchIndividual 2-1021,text,true,,1143,2602,1,688,https://api-scuda.uat.oci.krungsri.tech/ords/api/v1/customer/individual/searchprofile,23,0,12
1779799835077,26,SearchIndividual,200,OK,SearchIndividual 2-1022,text,true,,1253,2602,2,689,https://api-scuda.uat.oci.krungsri.tech/ords/api/v1/customer/individual/searchprofile,26,0,14
1779799835101,32,SearchIndividual,200,OK,SearchIndividual 2-1023,text,true,,1191,2602,4,692,https://api-scuda.uat.oci.krungsri.tech/ords/api/v1/customer/individual/searchprofile,32,0,18
1779799835113,29,SearchIndividual,200,OK,SearchIndividual 2-1024,text,true,,1215,2602,3,691,https://api-scuda.uat.oci.krungsri.tech/ords/api/v1/customer/individual/searchprofile,29,0,17
1779799835113,31,SearchIndividual,200,OK,SearchIndividual 2-1025,text,true,,1193,2602,2,690,https://api-scuda.uat.oci.krungsri.tech/ords/api/v1/customer/individual/searchprofile,31,0,18
1779799835117,29,SearchIndividual,200,OK,SearchIndividual 2-1026,text,true,,1179,2602,1,690,https://api-scuda.uat.oci.krungsri.tech/ords/api/v1/customer/individual/searchprofile,29,0,18
1779799826181,8971,GetIndividual,429,Too Many Requests,GetIndividual 1-387,text,false,,600,3588,371,690,https://api-scuda.uat.oci.krungsri.tech/ic/api/v1/customer/individual/getprofile,8971,0,27
1779799826930,8243,GetIndividual,429,Too Many Requests,GetIndividual 1-408,text,false,,600,3588,373,697,https://api-scuda.uat.oci.krungsri.tech/ic/api/v1/customer/individual/getprofile,8243,0,18
1779799835155,23,SearchJuristic,200,OK,SearchJuristic 6-30,text,true,,992,2599,1,696,https://api-scuda.uat.oci.krungsri.tech/ords/api/v1/customer/juristic/searchprofile,22,0,11
1779799835159,35,SearchIndividual,200,OK,SearchIndividual 2-1027,text,true,,1186,2601,3,697,https://api-scuda.uat.oci.krungsri.tech/ords/api/v1/customer/individual/searchprofile,34,0,20
1779799835167,32,SearchIndividual,200,OK,SearchIndividual 2-1028,text,true,,1172,2601,2,696,https://api-scuda.uat.oci.krungsri.tech/ords/api/v1/customer/individual/searchprofile,32,0,19
1779799835173,37,SearchIndividual,200,OK,SearchIndividual 2-1029,text,true,,1143,2602,1,695,https://api-scuda.uat.oci.krungsri.tech/ords/api/v1/customer/individual/searchprofile,36,0,23
1779799809831,25414,GetJuristic,429,Too Many Requests,GetJuristic 5-7,text,false,,596,3533,16,699,https://api-scuda.uat.oci.krungsri.tech/ic/api/v1/customer/juristic/getprofile,25414,0,16
1779799835219,37,SearchIndividual,200,OK,SearchIndividual 2-1030,text,true,,1215,2602,2,698,https://api-scuda.uat.oci.krungsri.tech/ords/api/v1/customer/individual/searchprofile,37,0,22
1779799821633,13623,GetIndividual,429,Too Many Requests,GetIndividual 1-250,text,false,,600,3588,373,697,https://api-scuda.uat.oci.krungsri.tech/ic/api/v1/customer/individual/getprofile,13623,0,15
1779799822155,13103,UpdateIndividual,429,Too Many Requests,UpdateIndividual 4-174,text,false,,606,5568,220,696,https://api-scuda.uat.oci.krungsri.tech/ic/api/v1/customer/individual/updateprofile,13103,0,31
1779799822720,12539,GetIndividual,429,Too Many Requests,GetIndividual 1-278,text,false,,600,3588,372,696,https://api-scuda.uat.oci.krungsri.tech/ic/api/v1/customer/individual/getprofile,12539,0,25
1779799816816,18446,UpdateJoint,429,Too Many Requests,UpdateJoint 12-14,text,false,,596,4637,17,694,https://api-scuda.uat.oci.krungsri.tech/ic/api/v1/customer/joint/updateprofile,18446,0,14
1779799820729,14540,GetIndividual,429,Too Many Requests,GetIndividual 1-226,text,false,,600,3586,371,693,https://api-scuda.uat.oci.krungsri.tech/ic/api/v1/customer/individual/getprofile,14540,0,26
1779799822163,13109,GetIndividual,429,Too Many Requests,GetIndividual 1-266,text,false,,600,3588,371,693,https://api-scuda.uat.oci.krungsri.tech/ic/api/v1/customer/individual/getprofile,13109,0,36
1779799822066,13206,CreateJoint,429,Too Many Requests,CreateJoint 11-19,text,false,,596,6152,12,693,https://api-scuda.uat.oci.krungsri.tech/ic/api/v1/customer/joint/createprofile,13206,0,9
1779799822173,13099,UpdateIndividual,429,Too Many Requests,UpdateIndividual 4-175,text,false,,606,5539,219,693,https://api-scuda.uat.oci.krungsri.tech/ic/api/v1/customer/individual/updateprofile,13099,0,18
1779799825110,10163,GetIndividual,429,Too Many Requests,GetIndividual 1-355,text,false,,600,3588,370,692,https://api-scuda.uat.oci.krungsri.tech/ic/api/v1/customer/individual/getprofile,10163,0,17
1779799827175,8100,GetIndividual,429,Too Many Requests,GetIndividual 1-419,text,false,,600,3588,369,689,https://api-scuda.uat.oci.krungsri.tech/ic/api/v1/customer/individual/getprofile,8100,0,21
1779799823623,11654,CreateJuristic,429,Too Many Requests,CreateJuristic 7-21,text,false,,602,7681,11,688,https://api-scuda.uat.oci.krungsri.tech/ic/api/v1/customer/juristic/createprofile,11654,0,19
1779799824708,10570,UpdateIndividual,429,Too Many Requests,UpdateIndividual 4-223,text,false,,606,5620,218,687,https://api-scuda.uat.oci.krungsri.tech/ic/api/v1/customer/individual/updateprofile,10570,0,18
1779799824817,10465,GetIndividual,429,Too Many Requests,GetIndividual 1-342,text,false,,600,3588,368,686,https://api-scuda.uat.oci.krungsri.tech/ic/api/v1/customer/individual/getprofile,10465,0,14
1779799820130,15154,UpdateIndividual,429,Too Many Requests,UpdateIndividual 4-139,text,false,,606,5657,217,685,https://api-scuda.uat.oci.krungsri.tech/ic/api/v1/customer/individual/updateprofile,15154,0,12
1779799826043,9245,GetIndividual,429,Too Many Requests,GetIndividual 1-385,text,false,,600,3588,367,684,https://api-scuda.uat.oci.krungsri.tech/ic/api/v1/customer/individual/getprofile,9245,0,26
1779799825013,10276,CreateIndividual,429,Too Many Requests,CreateIndividual 3-23,text,false,,606,8195,21,685,https://api-scuda.uat.oci.krungsri.tech/ic/api/v1/customer/individual/createprofile,10276,0,38
1779799825195,10096,GetIndividual,429,Too Many Requests,GetIndividual 1-359,text,false,,600,3588,367,683,https://api-scuda.uat.oci.krungsri.tech/ic/api/v1/customer/individual/getprofile,10096,0,22
1779799819456,15836,UpdateIndividual,429,Too Many Requests,UpdateIndividual 4-128,text,false,,606,5587,216,683,https://api-scuda.uat.oci.krungsri.tech/ic/api/v1/customer/individual/updateprofile,15836,0,22
1779799835246,59,SearchIndividual,200,OK,SearchIndividual 2-1031,text,true,,1221,2602,1,682,https://api-scuda.uat.oci.krungsri.tech/ords/api/v1/customer/individual/searchprofile,59,0,46
1779799818827,16484,UpdateIndividual,429,Too Many Requests,UpdateIndividual 4-116,text,false,,606,5501,216,681,https://api-scuda.uat.oci.krungsri.tech/ic/api/v1/customer/individual/updateprofile,16484,0,19
1779799824084,11228,GetIndividual,429,Too Many Requests,GetIndividual 1-312,text,false,,600,3587,366,680,https://api-scuda.uat.oci.krungsri.tech/ic/api/v1/customer/individual/getprofile,11228,0,22
1779799827632,7686,UpdateIndividual,429,Too Many Requests,UpdateIndividual 4-270,text,false,,606,5537,215,680,https://api-scuda.uat.oci.krungsri.tech/ic/api/v1/customer/individual/updateprofile,7686,0,19
1779799826357,8966,GetIndividual,429,Too Many Requests,GetIndividual 1-389,text,false,,600,3588,365,680,https://api-scuda.uat.oci.krungsri.tech/ic/api/v1/customer/individual/getprofile,8966,0,28
1779799823854,11471,UpdateIndividual,429,Too Many Requests,UpdateIndividual 4-204,text,false,,606,5645,214,679,https://api-scuda.uat.oci.krungsri.tech/ic/api/v1/customer/individual/updateprofile,11471,0,18
1779799835319,26,SearchIndividual,200,OK,SearchIndividual 2-1032,text,true,,1123,2602,4,681,https://api-scuda.uat.oci.krungsri.tech/ords/api/v1/customer/individual/searchprofile,26,0,15
1779799835323,34,SearchIndividual,200,OK,SearchIndividual 2-1033,text,true,,1144,2601,4,681,https://api-scuda.uat.oci.krungsri.tech/ords/api/v1/customer/individual/searchprofile,34,0,19
1779799835339,29,SearchIndividual,200,OK,SearchIndividual 2-1035,text,true,,1169,2602,3,680,https://api-scuda.uat.oci.krungsri.tech/ords/api/v1/customer/individual/searchprofile,29,0,15
1779799835354,42,SearchIndividual,200,OK,SearchIndividual 2-1036,text,true,,1170,2601,4,681,https://api-scuda.uat.oci.krungsri.tech/ords/api/v1/customer/individual/searchprofile,42,0,30
1779799835332,78,SearchIndividual,200,OK,SearchIndividual 2-1034,text,true,,1169,2602,4,683,https://api-scuda.uat.oci.krungsri.tech/ords/api/v1/customer/individual/searchprofile,76,0,52
1779799835397,32,SearchIndividual,200,OK,SearchIndividual 2-1038,text,true,,1167,2602,5,685,https://api-scuda.uat.oci.krungsri.tech/ords/api/v1/customer/individual/searchprofile,32,0,21
1779799835402,30,SearchIndividual,200,OK,SearchIndividual 2-1039,text,true,,1183,2602,4,684,https://api-scuda.uat.oci.krungsri.tech/ords/api/v1/customer/individual/searchprofile,30,0,19
1779799813493,21950,GetIndividual,429,Too Many Requests,GetIndividual 1-77,text,false,,600,3588,368,684,https://api-scuda.uat.oci.krungsri.tech/ic/api/v1/customer/individual/getprofile,21950,0,29
1779799813555,21889,GetIndividual,429,Too Many Requests,GetIndividual 1-80,text,false,,600,3588,367,683,https://api-scuda.uat.oci.krungsri.tech/ic/api/v1/customer/individual/getprofile,21889,0,43
1779799814805,20638,GetIndividual,429,Too Many Requests,GetIndividual 1-102,text,false,,600,3588,367,683,https://api-scuda.uat.oci.krungsri.tech/ic/api/v1/customer/individual/getprofile,20638,0,17
1779799835386,59,SearchIndividual,200,OK,SearchIndividual 2-1037,text,true,,1177,2602,3,682,https://api-scuda.uat.oci.krungsri.tech/ords/api/v1/customer/individual/searchprofile,58,0,34
1779799818187,17258,GetIndividual,429,Too Many Requests,GetIndividual 1-168,text,false,,600,3588,365,680,https://api-scuda.uat.oci.krungsri.tech/ic/api/v1/customer/individual/getprofile,17258,0,18
1779799819393,16052,UpdateIndividual,429,Too Many Requests,UpdateIndividual 4-125,text,false,,606,5600,214,680,https://api-scuda.uat.oci.krungsri.tech/ic/api/v1/customer/individual/updateprofile,16052,0,27
1779799815372,20075,UpdateIndividual,429,Too Many Requests,UpdateIndividual 4-74,text,false,,606,5526,213,678,https://api-scuda.uat.oci.krungsri.tech/ic/api/v1/customer/individual/updateprofile,20075,0,60
1779799820396,15051,GetIndividual,429,Too Many Requests,GetIndividual 1-217,text,false,,600,3588,365,679,https://api-scuda.uat.oci.krungsri.tech/ic/api/v1/customer/individual/getprofile,15051,0,15
1779799835412,38,SearchIndividual,200,OK,SearchIndividual 2-1040,text,true,,1166,2601,2,677,https://api-scuda.uat.oci.krungsri.tech/ords/api/v1/customer/individual/searchprofile,37,0,20
1779799824542,10906,GetIndividual,429,Too Many Requests,GetIndividual 1-329,text,false,,600,3588,364,677,https://api-scuda.uat.oci.krungsri.tech/ic/api/v1/customer/individual/getprofile,10906,0,16
1779799819361,16088,GetIndividual,429,Too Many Requests,GetIndividual 1-193,text,false,,600,3588,364,677,https://api-scuda.uat.oci.krungsri.tech/ic/api/v1/customer/individual/getprofile,16088,0,22
1779799819456,15998,UpdateIndividual,429,Too Many Requests,UpdateIndividual 4-129,text,false,,606,5615,212,674,https://api-scuda.uat.oci.krungsri.tech/ic/api/v1/customer/individual/updateprofile,15998,0,18
1779799819019,16437,UpdateIndividual,429,Too Many Requests,UpdateIndividual 4-122,text,false,,606,5572,211,673,https://api-scuda.uat.oci.krungsri.tech/ic/api/v1/customer/individual/updateprofile,16437,0,20
1779799820746,14711,GetIndividual,429,Too Many Requests,GetIndividual 1-227,text,false,,600,3588,362,672,https://api-scuda.uat.oci.krungsri.tech/ic/api/v1/customer/individual/getprofile,14711,0,21
1779799823222,12240,GetIndividual,429,Too Many Requests,GetIndividual 1-295,text,false,,600,3588,361,671,https://api-scuda.uat.oci.krungsri.tech/ic/api/v1/customer/individual/getprofile,12240,0,36
1779799822434,13028,UpdateIndividual,429,Too Many Requests,UpdateIndividual 4-178,text,false,,606,4230,210,671,https://api-scuda.uat.oci.krungsri.tech/ic/api/v1/customer/individual/updateprofile,13028,0,19
1779799824782,10682,UpdateJoint,429,Too Many Requests,UpdateJoint 12-23,text,false,,596,4544,16,670,https://api-scuda.uat.oci.krungsri.tech/ic/api/v1/customer/joint/updateprofile,10682,0,15
1779799820165,15300,CreateIndividual,429,Too Many Requests,CreateIndividual 3-17,text,false,,606,8077,20,669,https://api-scuda.uat.oci.krungsri.tech/ic/api/v1/customer/individual/createprofile,15300,0,21
1779799821132,14334,UpdateIndividual,429,Too Many Requests,UpdateIndividual 4-155,text,false,,606,5622,210,669,https://api-scuda.uat.oci.krungsri.tech/ic/api/v1/customer/individual/updateprofile,14334,0,19
1779799822546,12921,UpdateIndividual,429,Too Many Requests,UpdateIndividual 4-180,text,false,,606,5612,210,669,https://api-scuda.uat.oci.krungsri.tech/ic/api/v1/customer/individual/updateprofile,12921,0,26
1779799825413,10060,GetIndividual,429,Too Many Requests,GetIndividual 1-368,text,false,,600,3588,360,667,https://api-scuda.uat.oci.krungsri.tech/ic/api/v1/customer/individual/getprofile,10060,0,20
1779799826369,9105,GetIndividual,429,Too Many Requests,GetIndividual 1-390,text,false,,600,3588,359,666,https://api-scuda.uat.oci.krungsri.tech/ic/api/v1/customer/individual/getprofile,9105,0,20
1779799825752,9723,UpdateIndividual,429,Too Many Requests,UpdateIndividual 4-241,text,false,,606,5515,208,666,https://api-scuda.uat.oci.krungsri.tech/ic/api/v1/customer/individual/updateprofile,9723,0,9
1779799835428,56,SearchIndividual,200,OK,SearchIndividual 2-1041,text,true,,1219,2602,4,668,https://api-scuda.uat.oci.krungsri.tech/ords/api/v1/customer/individual/searchprofile,56,0,24
1779799824298,11185,GetIndividual,429,Too Many Requests,GetIndividual 1-322,text,false,,600,3588,359,668,https://api-scuda.uat.oci.krungsri.tech/ic/api/v1/customer/individual/getprofile,11185,0,19
1779799813486,21999,GetIndividual,429,Too Many Requests,GetIndividual 1-76,text,false,,600,3588,359,667,https://api-scuda.uat.oci.krungsri.tech/ic/api/v1/customer/individual/getprofile,21999,0,36
1779799825010,10475,UpdateIndividual,429,Too Many Requests,UpdateIndividual 4-230,text,false,,606,5605,207,666,https://api-scuda.uat.oci.krungsri.tech/ic/api/v1/customer/individual/updateprofile,10475,0,47
1779799823516,11970,UpdateJoint,429,Too Many Requests,UpdateJoint 12-20,text,false,,596,4567,15,665,https://api-scuda.uat.oci.krungsri.tech/ic/api/v1/customer/joint/updateprofile,11970,0,14
1779799825323,10168,GetIndividual,429,Too Many Requests,GetIndividual 1-364,text,false,,600,3588,357,663,https://api-scuda.uat.oci.krungsri.tech/ic/api/v1/customer/individual/getprofile,10168,0,24
1779799825643,9853,GetIndividual,429,Too Many Requests,GetIndividual 1-375,text,false,,600,3588,356,662,https://api-scuda.uat.oci.krungsri.tech/ic/api/v1/customer/individual/getprofile,9853,0,16
1779799825650,9847,GetIndividual,429,Too Many Requests,GetIndividual 1-376,text,false,,600,3588,356,662,https://api-scuda.uat.oci.krungsri.tech/ic/api/v1/customer/individual/getprofile,9847,0,17
1779799809961,25540,UpdateIndividual,429,Too Many Requests,UpdateIndividual 4-23,text,false,,606,4231,206,660,https://api-scuda.uat.oci.krungsri.tech/ic/api/v1/customer/individual/updateprofile,25540,0,15
1779799821886,13632,GetIndividual,429,Too Many Requests,GetIndividual 1-256,text,false,,600,3588,356,663,https://api-scuda.uat.oci.krungsri.tech/ic/api/v1/customer/individual/getprofile,13632,0,19
1779799835468,58,SearchIndividual,200,OK,SearchIndividual 2-1042,text,true,,1141,2602,4,662,https://api-scuda.uat.oci.krungsri.tech/ords/api/v1/customer/individual/searchprofile,57,0,26
1779799835483,43,SearchJuristic,200,OK,SearchJuristic 6-31,text,true,,990,2600,1,662,https://api-scuda.uat.oci.krungsri.tech/ords/api/v1/customer/juristic/searchprofile,42,0,26
1779799835483,43,SearchIndividual,200,OK,SearchIndividual 2-1043,text,true,,1189,2602,4,662,https://api-scuda.uat.oci.krungsri.tech/ords/api/v1/customer/individual/searchprofile,41,0,30
1779799835507,26,SearchIndividual,200,OK,SearchIndividual 2-1045,text,true,,1195,2602,3,660,https://api-scuda.uat.oci.krungsri.tech/ords/api/v1/customer/individual/searchprofile,26,0,14
1779799835483,63,SearchIndividual,200,OK,SearchIndividual 2-1044,text,true,,1203,2602,3,660,https://api-scuda.uat.oci.krungsri.tech/ords/api/v1/customer/individual/searchprofile,63,0,48
1779799814536,21026,GetIndividual,429,Too Many Requests,GetIndividual 1-96,text,false,,600,3588,355,659,https://api-scuda.uat.oci.krungsri.tech/ic/api/v1/customer/individual/getprofile,21026,0,24
1779799813260,22304,CreateIndividual,429,Too Many Requests,CreateIndividual 3-10,text,false,,606,8212,19,658,https://api-scuda.uat.oci.krungsri.tech/ic/api/v1/customer/individual/createprofile,22304,0,12
1779799814849,20714,GetJuristic,429,Too Many Requests,GetJuristic 5-12,text,false,,596,3533,15,658,https://api-scuda.uat.oci.krungsri.tech/ic/api/v1/customer/juristic/getprofile,20714,0,20
1779799818571,16993,UpdateIndividual,429,Too Many Requests,UpdateIndividual 4-114,text,false,,606,5676,206,658,https://api-scuda.uat.oci.krungsri.tech/ic/api/v1/customer/individual/updateprofile,16993,0,16
1779799835532,35,SearchIndividual,200,OK,SearchIndividual 2-1046,text,true,,1215,2602,2,655,https://api-scuda.uat.oci.krungsri.tech/ords/api/v1/customer/individual/searchprofile,35,0,21
1779799813564,22005,GetJoint,429,Too Many Requests,GetJoint 9-10,text,false,,590,3530,15,654,https://api-scuda.uat.oci.krungsri.tech/ic/api/v1/customer/joint/getprofile,22005,0,24
1779799814258,21310,GetJuristic,429,Too Many Requests,GetJuristic 5-11,text,false,,596,3532,14,653,https://api-scuda.uat.oci.krungsri.tech/ic/api/v1/customer/juristic/getprofile,21310,0,14
1779799821285,14297,UpdateIndividual,429,Too Many Requests,UpdateIndividual 4-157,text,false,,606,5651,205,653,https://api-scuda.uat.oci.krungsri.tech/ic/api/v1/customer/individual/updateprofile,14297,0,14
1779799816777,18806,UpdateIndividual,429,Too Many Requests,UpdateIndividual 4-92,text,false,,606,4229,205,653,https://api-scuda.uat.oci.krungsri.tech/ic/api/v1/customer/individual/updateprofile,18806,0,12
1779799835542,44,SearchIndividual,200,OK,SearchIndividual 2-1047,text,true,,1205,2602,1,651,https://api-scuda.uat.oci.krungsri.tech/ords/api/v1/customer/individual/searchprofile,41,0,27
1779799817562,18022,GetIndividual,429,Too Many Requests,GetIndividual 1-152,text,false,,600,3587,355,651,https://api-scuda.uat.oci.krungsri.tech/ic/api/v1/customer/individual/getprofile,18022,0,20
1779799835606,28,SearchJoint,200,OK,SearchJoint 10-39,text,true,,621,2627,1,655,https://api-scuda.uat.oci.krungsri.tech/ords/api/v1/customer/joint/searchprofile,27,0,18
1779799822503,13140,GetJuristic,429,Too Many Requests,GetJuristic 5-19,text,false,,596,3532,13,654,https://api-scuda.uat.oci.krungsri.tech/ic/api/v1/customer/juristic/getprofile,13140,0,17
1779799820591,15053,CreateIndividual,429,Too Many Requests,CreateIndividual 3-18,text,false,,606,8809,18,654,https://api-scuda.uat.oci.krungsri.tech/ic/api/v1/customer/individual/createprofile,15053,0,11
1779799815954,19694,UpdateIndividual,429,Too Many Requests,UpdateIndividual 4-78,text,false,,606,5562,204,652,https://api-scuda.uat.oci.krungsri.tech/ic/api/v1/customer/individual/updateprofile,19694,0,20
1779799815826,19829,UpdateIndividual,429,Too Many Requests,UpdateIndividual 4-77,text,false,,606,4226,203,652,https://api-scuda.uat.oci.krungsri.tech/ic/api/v1/customer/individual/updateprofile,19829,0,29
1779799819236,16419,GetIndividual,429,Too Many Requests,GetIndividual 1-188,text,false,,600,3588,357,652,https://api-scuda.uat.oci.krungsri.tech/ic/api/v1/customer/individual/getprofile,16419,0,19
1779799819752,15904,UpdateIndividual,429,Too Many Requests,UpdateIndividual 4-132,text,false,,606,5568,202,650,https://api-scuda.uat.oci.krungsri.tech/ic/api/v1/customer/individual/updateprofile,15904,0,20
1779799820959,14697,UpdateJuristic,429,Too Many Requests,UpdateJuristic 8-18,text,false,,602,4423,12,650,https://api-scuda.uat.oci.krungsri.tech/ic/api/v1/customer/juristic/updateprofile,14697,0,17
1779799818888,16770,UpdateIndividual,429,Too Many Requests,UpdateIndividual 4-119,text,false,,606,4230,201,648,https://api-scuda.uat.oci.krungsri.tech/ic/api/v1/customer/individual/updateprofile,16770,0,21
1779799822087,13571,GetIndividual,429,Too Many Requests,GetIndividual 1-262,text,false,,600,3588,356,648,https://api-scuda.uat.oci.krungsri.tech/ic/api/v1/customer/individual/getprofile,13571,0,20
1779799819607,16052,GetIndividual,429,Too Many Requests,GetIndividual 1-198,text,false,,600,3587,356,647,https://api-scuda.uat.oci.krungsri.tech/ic/api/v1/customer/individual/getprofile,16052,0,22
1779799817829,17831,GetIndividual,429,Too Many Requests,GetIndividual 1-160,text,false,,600,3588,355,646,https://api-scuda.uat.oci.krungsri.tech/ic/api/v1/customer/individual/getprofile,17831,0,18
1779799821085,14578,GetIndividual,429,Too Many Requests,GetIndividual 1-235,text,false,,600,3588,354,645,https://api-scuda.uat.oci.krungsri.tech/ic/api/v1/customer/individual/getprofile,14578,0,15
1779799835632,34,SearchIndividual,200,OK,SearchIndividual 2-1048,text,true,,1157,2602,2,644,https://api-scuda.uat.oci.krungsri.tech/ords/api/v1/customer/individual/searchprofile,34,0,23
1779799817841,17827,UpdateIndividual,429,Too Many Requests,UpdateIndividual 4-104,text,false,,606,4227,200,643,https://api-scuda.uat.oci.krungsri.tech/ic/api/v1/customer/individual/updateprofile,17827,0,15
1779799818312,17356,UpdateJoint,429,Too Many Requests,UpdateJoint 12-15,text,false,,596,3614,14,643,https://api-scuda.uat.oci.krungsri.tech/ic/api/v1/customer/joint/updateprofile,17356,0,18
1779799818396,17273,CreateJuristic,429,Too Many Requests,CreateJuristic 7-15,text,false,,602,8156,10,643,https://api-scuda.uat.oci.krungsri.tech/ic/api/v1/customer/juristic/createprofile,17273,0,18
1779799818013,17658,UpdateIndividual,429,Too Many Requests,UpdateIndividual 4-107,text,false,,606,4229,199,641,https://api-scuda.uat.oci.krungsri.tech/ic/api/v1/customer/individual/updateprofile,17658,0,22
1779799821343,14331,GetIndividual,429,Too Many Requests,GetIndividual 1-243,text,false,,600,3588,354,642,https://api-scuda.uat.oci.krungsri.tech/ic/api/v1/customer/individual/getprofile,14331,0,14
1779799822138,13538,GetIndividual,429,Too Many Requests,GetIndividual 1-264,text,false,,600,3586,353,641,https://api-scuda.uat.oci.krungsri.tech/ic/api/v1/customer/individual/getprofile,13538,0,18
1779799835650,28,SearchIndividual,200,OK,SearchIndividual 2-1049,text,true,,1161,2602,1,641,https://api-scuda.uat.oci.krungsri.tech/ords/api/v1/customer/individual/searchprofile,28,0,14
1779799820787,14890,UpdateIndividual,429,Too Many Requests,UpdateIndividual 4-147,text,false,,606,4229,198,641,https://api-scuda.uat.oci.krungsri.tech/ic/api/v1/customer/individual/updateprofile,14890,0,22
1779799822828,12849,UpdateIndividual,429,Too Many Requests,UpdateIndividual 4-186,text,false,,606,4228,198,641,https://api-scuda.uat.oci.krungsri.tech/ic/api/v1/customer/individual/updateprofile,12849,0,17
1779799821382,14295,UpdateIndividual,429,Too Many Requests,UpdateIndividual 4-159,text,false,,606,4229,198,641,https://api-scuda.uat.oci.krungsri.tech/ic/api/v1/customer/individual/updateprofile,14295,0,22
1779799821905,13773,UpdateIndividual,429,Too Many Requests,UpdateIndividual 4-167,text,false,,606,5595,198,641,https://api-scuda.uat.oci.krungsri.tech/ic/api/v1/customer/individual/updateprofile,13773,0,20
1779799824213,11466,GetIndividual,429,Too Many Requests,GetIndividual 1-319,text,false,,600,3588,352,639,https://api-scuda.uat.oci.krungsri.tech/ic/api/v1/customer/individual/getprofile,11466,0,18
1779799823035,12645,UpdateIndividual,429,Too Many Requests,UpdateIndividual 4-190,text,false,,606,4229,196,637,https://api-scuda.uat.oci.krungsri.tech/ic/api/v1/customer/individual/updateprofile,12645,0,19
1779799824852,10829,UpdateIndividual,429,Too Many Requests,UpdateIndividual 4-226,text,false,,606,5635,194,635,https://api-scuda.uat.oci.krungsri.tech/ic/api/v1/customer/individual/updateprofile,10829,0,13
1779799822784,12900,GetIndividual,429,Too Many Requests,GetIndividual 1-279,text,false,,600,3588,351,632,https://api-scuda.uat.oci.krungsri.tech/ic/api/v1/customer/individual/getprofile,12900,0,19
1779799824689,10995,GetIndividual,429,Too Many Requests,GetIndividual 1-338,text,false,,600,3588,351,632,https://api-scuda.uat.oci.krungsri.tech/ic/api/v1/customer/individual/getprofile,10995,0,9
1779799825302,10382,UpdateIndividual,429,Too Many Requests,UpdateIndividual 4-234,text,false,,606,5519,192,632,https://api-scuda.uat.oci.krungsri.tech/ic/api/v1/customer/individual/updateprofile,10382,0,22
1779799823952,11742,GetIndividual,429,Too Many Requests,GetIndividual 1-309,text,false,,600,3588,350,631,https://api-scuda.uat.oci.krungsri.tech/ic/api/v1/customer/individual/getprofile,11742,0,18
1779799835674,27,SearchJoint,200,OK,SearchJoint 10-40,text,true,,621,2627,1,630,https://api-scuda.uat.oci.krungsri.tech/ords/api/v1/customer/joint/searchprofile,26,0,17
1779799825411,10292,GetIndividual,429,Too Many Requests,GetIndividual 1-367,text,false,,600,3588,349,629,https://api-scuda.uat.oci.krungsri.tech/ic/api/v1/customer/individual/getprofile,10292,0,22
1779799835694,29,SearchIndividual,200,OK,SearchIndividual 2-1050,text,true,,1145,2602,3,631,https://api-scuda.uat.oci.krungsri.tech/ords/api/v1/customer/individual/searchprofile,29,0,17
1779799825720,10006,UpdateIndividual,429,Too Many Requests,UpdateIndividual 4-239,text,false,,606,5548,191,630,https://api-scuda.uat.oci.krungsri.tech/ic/api/v1/customer/individual/updateprofile,10006,0,16
1779799823732,11994,UpdateIndividual,429,Too Many Requests,UpdateIndividual 4-203,text,false,,606,4229,191,630,https://api-scuda.uat.oci.krungsri.tech/ic/api/v1/customer/individual/updateprofile,11994,0,20
1779799826497,9230,UpdateIndividual,429,Too Many Requests,UpdateIndividual 4-256,text,false,,606,5572,190,629,https://api-scuda.uat.oci.krungsri.tech/ic/api/v1/customer/individual/updateprofile,9230,0,19
1779799821644,14083,UpdateJuristic,429,Too Many Requests,UpdateJuristic 8-19,text,false,,602,4428,11,630,https://api-scuda.uat.oci.krungsri.tech/ic/api/v1/customer/juristic/updateprofile,14083,0,17
1779799824261,11466,GetIndividual,429,Too Many Requests,GetIndividual 1-321,text,false,,600,3588,348,629,https://api-scuda.uat.oci.krungsri.tech/ic/api/v1/customer/individual/getprofile,11466,0,19
1779799825114,10614,GetJoint,429,Too Many Requests,GetJoint 9-21,text,false,,590,3530,14,629,https://api-scuda.uat.oci.krungsri.tech/ic/api/v1/customer/joint/getprofile,10614,0,11
1779799823169,12559,GetIndividual,429,Too Many Requests,GetIndividual 1-291,text,false,,600,3588,348,628,https://api-scuda.uat.oci.krungsri.tech/ic/api/v1/customer/individual/getprofile,12559,0,61
1779799824559,11170,GetIndividual,429,Too Many Requests,GetIndividual 1-332,text,false,,600,3588,348,628,https://api-scuda.uat.oci.krungsri.tech/ic/api/v1/customer/individual/getprofile,11170,0,14
1779799821998,13731,CreateJuristic,429,Too Many Requests,CreateJuristic 7-19,text,false,,602,7781,9,627,https://api-scuda.uat.oci.krungsri.tech/ic/api/v1/customer/juristic/createprofile,13731,0,23
1779799825609,10123,UpdateIndividual,429,Too Many Requests,UpdateIndividual 4-238,text,false,,606,4230,188,621,https://api-scuda.uat.oci.krungsri.tech/ic/api/v1/customer/individual/updateprofile,10123,0,24
1779799823333,12400,UpdateIndividual,429,Too Many Requests,UpdateIndividual 4-197,text,false,,606,5642,188,621,https://api-scuda.uat.oci.krungsri.tech/ic/api/v1/customer/individual/updateprofile,12400,0,27
1779799817607,18127,GetIndividual,200,OK,GetIndividual 1-155,text,true,,3869,3588,345,619,https://api-scuda.uat.oci.krungsri.tech/ic/api/v1/customer/individual/getprofile,18127,0,19
1779799822702,13032,UpdateIndividual,429,Too Many Requests,UpdateIndividual 4-182,text,false,,606,5575,186,619,https://api-scuda.uat.oci.krungsri.tech/ic/api/v1/customer/individual/updateprofile,13032,0,28
1779799824084,11653,GetIndividual,429,Too Many Requests,GetIndividual 1-313,text,false,,600,3587,344,617,https://api-scuda.uat.oci.krungsri.tech/ic/api/v1/customer/individual/getprofile,11653,0,21
1779799824417,11321,UpdateIndividual,429,Too Many Requests,UpdateIndividual 4-215,text,false,,606,4227,185,617,https://api-scuda.uat.oci.krungsri.tech/ic/api/v1/customer/individual/updateprofile,11321,0,18
1779799835719,28,SearchIndividual,200,OK,SearchIndividual 2-1052,text,true,,1099,2602,4,619,https://api-scuda.uat.oci.krungsri.tech/ords/api/v1/customer/individual/searchprofile,28,0,16
1779799812353,23395,UpdateIndividual,429,Too Many Requests,UpdateIndividual 4-43,text,false,,606,4228,185,618,https://api-scuda.uat.oci.krungsri.tech/ic/api/v1/customer/individual/updateprofile,23395,0,61
1779799812734,23019,UpdateIndividual,429,Too Many Requests,UpdateIndividual 4-46,text,false,,606,4229,184,617,https://api-scuda.uat.oci.krungsri.tech/ic/api/v1/customer/individual/updateprofile,23019,0,35
1779799819078,16682,GetJoint,429,Too Many Requests,GetJoint 9-16,text,false,,590,3530,13,617,https://api-scuda.uat.oci.krungsri.tech/ic/api/v1/customer/joint/getprofile,16682,0,16
1779799814712,21052,GetIndividual,429,Too Many Requests,GetIndividual 1-99,text,false,,600,3588,344,616,https://api-scuda.uat.oci.krungsri.tech/ic/api/v1/customer/individual/getprofile,21052,0,16
1779799818197,17568,GetIndividual,429,Too Many Requests,GetIndividual 1-170,text,false,,600,3588,343,615,https://api-scuda.uat.oci.krungsri.tech/ic/api/v1/customer/individual/getprofile,17568,0,22
1779799835704,64,SearchIndividual,200,OK,SearchIndividual 2-1051,text,true,,1161,2602,3,614,https://api-scuda.uat.oci.krungsri.tech/ords/api/v1/customer/individual/searchprofile,64,0,31
1779799820588,15179,GetJoint,429,Too Many Requests,GetJoint 9-18,text,false,,590,3530,12,614,https://api-scuda.uat.oci.krungsri.tech/ic/api/v1/customer/joint/getprofile,15179,0,14
1779799813291,22477,GetIndividual,429,Too Many Requests,GetIndividual 1-74,text,false,,600,3588,342,613,https://api-scuda.uat.oci.krungsri.tech/ic/api/v1/customer/individual/getprofile,22477,0,17
1779799817785,17983,GetIndividual,429,Too Many Requests,GetIndividual 1-159,text,false,,600,3588,342,613,https://api-scuda.uat.oci.krungsri.tech/ic/api/v1/customer/individual/getprofile,17983,0,15
1779799819304,16464,GetIndividual,429,Too Many Requests,GetIndividual 1-190,text,false,,600,3588,342,613,https://api-scuda.uat.oci.krungsri.tech/ic/api/v1/customer/individual/getprofile,16464,0,20
1779799816094,19674,GetIndividual,429,Too Many Requests,GetIndividual 1-124,text,false,,600,3588,342,612,https://api-scuda.uat.oci.krungsri.tech/ic/api/v1/customer/individual/getprofile,19674,0,23
1779799818465,17305,UpdateIndividual,429,Too Many Requests,UpdateIndividual 4-113,text,false,,606,5565,184,610,https://api-scuda.uat.oci.krungsri.tech/ic/api/v1/customer/individual/updateprofile,17305,0,16
1779799835740,34,SearchIndividual,200,OK,SearchIndividual 2-1053,text,true,,1181,2602,2,607,https://api-scuda.uat.oci.krungsri.tech/ords/api/v1/customer/individual/searchprofile,34,0,23
1779799835745,36,SearchIndividual,200,OK,SearchIndividual 2-1054,text,true,,1185,2602,2,607,https://api-scuda.uat.oci.krungsri.tech/ords/api/v1/customer/individual/searchprofile,36,0,21
1779799818729,17055,CreateJuristic,429,Too Many Requests,CreateJuristic 7-16,text,false,,602,7822,8,606,https://api-scuda.uat.oci.krungsri.tech/ic/api/v1/customer/juristic/createprofile,17055,0,21
1779799835778,36,SearchIndividual,200,OK,SearchIndividual 2-1055,text,true,,1181,2602,2,608,https://api-scuda.uat.oci.krungsri.tech/ords/api/v1/customer/individual/searchprofile,36,0,23
1779799835788,35,SearchIndividual,200,OK,SearchIndividual 2-1056,text,true,,1185,2602,2,608,https://api-scuda.uat.oci.krungsri.tech/ords/api/v1/customer/individual/searchprofile,35,0,22
1779799822340,13501,GetIndividual,429,Too Many Requests,GetIndividual 1-270,text,false,,600,3588,342,609,https://api-scuda.uat.oci.krungsri.tech/ic/api/v1/customer/individual/getprofile,13501,0,12
1779799820756,15086,UpdateJoint,429,Too Many Requests,UpdateJoint 12-18,text,false,,596,3614,14,608,https://api-scuda.uat.oci.krungsri.tech/ic/api/v1/customer/joint/updateprofile,15086,0,20
1779799820899,14945,UpdateIndividual,429,Too Many Requests,UpdateIndividual 4-148,text,false,,606,5587,183,607,https://api-scuda.uat.oci.krungsri.tech/ic/api/v1/customer/individual/updateprofile,14945,0,16
1779799820613,15233,GetIndividual,429,Too Many Requests,GetIndividual 1-222,text,false,,600,3588,341,607,https://api-scuda.uat.oci.krungsri.tech/ic/api/v1/customer/individual/getprofile,15233,0,13
1779799813734,22115,UpdateIndividual,429,Too Many Requests,UpdateIndividual 4-56,text,false,,606,4228,183,606,https://api-scuda.uat.oci.krungsri.tech/ic/api/v1/customer/individual/updateprofile,22115,0,22
1779799820970,14879,GetJuristic,429,Too Many Requests,GetJuristic 5-18,text,false,,596,3533,13,606,https://api-scuda.uat.oci.krungsri.tech/ic/api/v1/customer/juristic/getprofile,14879,0,19
1779799821769,14081,GetIndividual,429,Too Many Requests,GetIndividual 1-254,text,false,,600,3588,340,605,https://api-scuda.uat.oci.krungsri.tech/ic/api/v1/customer/individual/getprofile,14081,0,16
1779799822074,13777,UpdateIndividual,429,Too Many Requests,UpdateIndividual 4-171,text,false,,606,5587,182,605,https://api-scuda.uat.oci.krungsri.tech/ic/api/v1/customer/individual/updateprofile,13777,0,17
1779799822621,13232,UpdateIndividual,429,Too Many Requests,UpdateIndividual 4-181,text,false,,606,5551,181,605,https://api-scuda.uat.oci.krungsri.tech/ic/api/v1/customer/individual/updateprofile,13232,0,18
1779799817160,18693,GetIndividual,429,Too Many Requests,GetIndividual 1-146,text,false,,600,3587,339,605,https://api-scuda.uat.oci.krungsri.tech/ic/api/v1/customer/individual/getprofile,18693,0,19
1779799816748,19106,UpdateIndividual,429,Too Many Requests,UpdateIndividual 4-91,text,false,,606,4229,180,604,https://api-scuda.uat.oci.krungsri.tech/ic/api/v1/customer/individual/updateprofile,19106,0,18
1779799835821,35,SearchIndividual,200,OK,SearchIndividual 2-1057,text,true,,1167,2602,4,603,https://api-scuda.uat.oci.krungsri.tech/ords/api/v1/customer/individual/searchprofile,35,0,21
1779799823858,11996,GetIndividual,429,Too Many Requests,GetIndividual 1-307,text,false,,600,3588,338,603,https://api-scuda.uat.oci.krungsri.tech/ic/api/v1/customer/individual/getprofile,11996,0,18
1779799822142,13712,GetIndividual,429,Too Many Requests,GetIndividual 1-265,text,false,,600,3587,339,605,https://api-scuda.uat.oci.krungsri.tech/ic/api/v1/customer/individual/getprofile,13712,0,11
1779799824733,11123,UpdateIndividual,429,Too Many Requests,UpdateIndividual 4-225,text,false,,606,4229,179,599,https://api-scuda.uat.oci.krungsri.tech/ic/api/v1/customer/individual/updateprofile,11123,0,15
1779799822536,13321,GetIndividual,429,Too Many Requests,GetIndividual 1-273,text,false,,600,3588,336,599,https://api-scuda.uat.oci.krungsri.tech/ic/api/v1/customer/individual/getprofile,13321,0,20
1779799825195,10663,GetIndividual,429,Too Many Requests,GetIndividual 1-360,text,false,,600,3588,336,598,https://api-scuda.uat.oci.krungsri.tech/ic/api/v1/customer/individual/getprofile,10663,0,23
1779799825589,10269,GetIndividual,429,Too Many Requests,GetIndividual 1-373,text,false,,600,3588,336,598,https://api-scuda.uat.oci.krungsri.tech/ic/api/v1/customer/individual/getprofile,10269,0,13
1779799824674,11184,GetIndividual,429,Too Many Requests,GetIndividual 1-337,text,false,,600,3588,335,597,https://api-scuda.uat.oci.krungsri.tech/ic/api/v1/customer/individual/getprofile,11184,0,18
1779799821081,14778,UpdateIndividual,429,Too Many Requests,UpdateIndividual 4-154,text,false,,606,5552,178,597,https://api-scuda.uat.oci.krungsri.tech/ic/api/v1/customer/individual/updateprofile,14778,0,19
1779799821592,14267,UpdateIndividual,429,Too Many Requests,UpdateIndividual 4-163,text,false,,606,5555,178,595,https://api-scuda.uat.oci.krungsri.tech/ic/api/v1/customer/individual/updateprofile,14267,0,20
1779799822183,13677,GetIndividual,429,Too Many Requests,GetIndividual 1-268,text,false,,600,3588,332,594,https://api-scuda.uat.oci.krungsri.tech/ic/api/v1/customer/individual/getprofile,13677,0,17
1779799824397,11467,GetIndividual,429,Too Many Requests,GetIndividual 1-324,text,false,,600,3588,331,591,https://api-scuda.uat.oci.krungsri.tech/ic/api/v1/customer/individual/getprofile,11467,0,19
1779799812379,23486,UpdateIndividual,429,Too Many Requests,UpdateIndividual 4-44,text,false,,606,4228,176,590,https://api-scuda.uat.oci.krungsri.tech/ic/api/v1/customer/individual/updateprofile,23486,0,17
1779799826332,9533,UpdateIndividual,429,Too Many Requests,UpdateIndividual 4-250,text,false,,606,4228,176,590,https://api-scuda.uat.oci.krungsri.tech/ic/api/v1/customer/individual/updateprofile,9533,0,20
1779799823792,12073,GetIndividual,429,Too Many Requests,GetIndividual 1-305,text,false,,600,3588,330,589,https://api-scuda.uat.oci.krungsri.tech/ic/api/v1/customer/individual/getprofile,12073,0,18
1779799816083,19783,GetJuristic,429,Too Many Requests,GetJuristic 5-13,text,false,,596,3533,12,588,https://api-scuda.uat.oci.krungsri.tech/ic/api/v1/customer/juristic/getprofile,19783,0,18
1779799813768,22099,CreateJuristic,429,Too Many Requests,CreateJuristic 7-11,text,false,,602,7890,7,587,https://api-scuda.uat.oci.krungsri.tech/ic/api/v1/customer/juristic/createprofile,22099,0,19
1779799825779,10088,GetIndividual,429,Too Many Requests,GetIndividual 1-378,text,false,,600,3587,329,587,https://api-scuda.uat.oci.krungsri.tech/ic/api/v1/customer/individual/getprofile,10088,0,21
1779799817680,18193,UpdateIndividual,429,Too Many Requests,UpdateIndividual 4-103,text,false,,606,4227,174,584,https://api-scuda.uat.oci.krungsri.tech/ic/api/v1/customer/individual/updateprofile,18193,0,16
1779799818606,17268,GetIndividual,429,Too Many Requests,GetIndividual 1-175,text,false,,600,3588,328,583,https://api-scuda.uat.oci.krungsri.tech/ic/api/v1/customer/individual/getprofile,17268,0,13
1779799819014,16861,UpdateIndividual,429,Too Many Requests,UpdateIndividual 4-121,text,false,,606,4228,173,583,https://api-scuda.uat.oci.krungsri.tech/ic/api/v1/customer/individual/updateprofile,16861,0,27
1779799835854,25,SearchIndividual,200,OK,SearchIndividual 2-1060,text,true,,1181,2602,3,581,https://api-scuda.uat.oci.krungsri.tech/ords/api/v1/customer/individual/searchprofile,25,0,13
1779799819751,16127,GetIndividual,429,Too Many Requests,GetIndividual 1-202,text,false,,600,3588,327,581,https://api-scuda.uat.oci.krungsri.tech/ic/api/v1/customer/individual/getprofile,16127,0,14
1779799835853,29,SearchIndividual,200,OK,SearchIndividual 2-1059,text,true,,1195,2602,2,579,https://api-scuda.uat.oci.krungsri.tech/ords/api/v1/customer/individual/searchprofile,28,0,17
1779799818652,17232,GetIndividual,429,Too Many Requests,GetIndividual 1-177,text,false,,600,3588,326,578,https://api-scuda.uat.oci.krungsri.tech/ic/api/v1/customer/individual/getprofile,17232,0,13
1779799819422,16464,GetIndividual,429,Too Many Requests,GetIndividual 1-194,text,false,,600,3588,325,577,https://api-scuda.uat.oci.krungsri.tech/ic/api/v1/customer/individual/getprofile,16464,0,24
1779799815937,19949,GetIndividual,429,Too Many Requests,GetIndividual 1-121,text,false,,600,3586,325,577,https://api-scuda.uat.oci.krungsri.tech/ic/api/v1/customer/individual/getprofile,19949,0,15
1779799816729,19160,GetIndividual,429,Too Many Requests,GetIndividual 1-136,text,false,,600,3588,323,575,https://api-scuda.uat.oci.krungsri.tech/ic/api/v1/customer/individual/getprofile,19160,0,15
1779799835850,70,SearchIndividual,200,OK,SearchIndividual 2-1058,text,true,,1161,2602,2,576,https://api-scuda.uat.oci.krungsri.tech/ords/api/v1/customer/individual/searchprofile,70,0,52
1779799835915,28,SearchIndividual,200,OK,SearchIndividual 2-1061,text,true,,1161,2602,1,575,https://api-scuda.uat.oci.krungsri.tech/ords/api/v1/customer/individual/searchprofile,28,0,16
1779799820705,15243,GetIndividual,429,Too Many Requests,GetIndividual 1-224,text,false,,600,3588,322,574,https://api-scuda.uat.oci.krungsri.tech/ic/api/v1/customer/individual/getprofile,15243,0,17
1779799818842,17106,GetIndividual,429,Too Many Requests,GetIndividual 1-178,text,false,,600,3588,322,574,https://api-scuda.uat.oci.krungsri.tech/ic/api/v1/customer/individual/getprofile,17106,0,14
1779799811756,24202,GetIndividual,429,Too Many Requests,GetIndividual 1-55,text,false,,600,3588,320,572,https://api-scuda.uat.oci.krungsri.tech/ic/api/v1/customer/individual/getprofile,24202,0,23
1779799818644,17315,GetIndividual,429,Too Many Requests,GetIndividual 1-176,text,false,,600,3588,319,571,https://api-scuda.uat.oci.krungsri.tech/ic/api/v1/customer/individual/getprofile,17315,0,17
1779799817669,18291,UpdateIndividual,429,Too Many Requests,UpdateIndividual 4-102,text,false,,606,4228,173,571,https://api-scuda.uat.oci.krungsri.tech/ic/api/v1/customer/individual/updateprofile,18291,0,10
1779799813102,22859,GetIndividual,429,Too Many Requests,GetIndividual 1-72,text,false,,600,3588,319,571,https://api-scuda.uat.oci.krungsri.tech/ic/api/v1/customer/individual/getprofile,22859,0,36
1779799821806,14155,UpdateIndividual,429,Too Many Requests,UpdateIndividual 4-165,text,false,,606,5565,172,568,https://api-scuda.uat.oci.krungsri.tech/ic/api/v1/customer/individual/updateprofile,14155,0,11
1779799817201,18761,UpdateIndividual,429,Too Many Requests,UpdateIndividual 4-98,text,false,,606,4227,172,568,https://api-scuda.uat.oci.krungsri.tech/ic/api/v1/customer/individual/updateprofile,18761,0,31
1779799819137,16825,GetIndividual,429,Too Many Requests,GetIndividual 1-186,text,false,,600,3588,317,567,https://api-scuda.uat.oci.krungsri.tech/ic/api/v1/customer/individual/getprofile,16825,0,19
1779799819752,16212,UpdateIndividual,429,Too Many Requests,UpdateIndividual 4-134,text,false,,606,5608,170,565,https://api-scuda.uat.oci.krungsri.tech/ic/api/v1/customer/individual/updateprofile,16212,0,21
1779799820184,15782,UpdateIndividual,429,Too Many Requests,UpdateIndividual 4-141,text,false,,606,4229,169,564,https://api-scuda.uat.oci.krungsri.tech/ic/api/v1/customer/individual/updateprofile,15782,0,17
1779799819657,16314,UpdateIndividual,429,Too Many Requests,UpdateIndividual 4-131,text,false,,606,4228,168,563,https://api-scuda.uat.oci.krungsri.tech/ic/api/v1/customer/individual/updateprofile,16314,0,18
1779799821577,14394,GetIndividual,429,Too Many Requests,GetIndividual 1-248,text,false,,600,3588,316,563,https://api-scuda.uat.oci.krungsri.tech/ic/api/v1/customer/individual/getprofile,14394,0,19
1779799820603,15369,UpdateIndividual,429,Too Many Requests,UpdateIndividual 4-146,text,false,,606,4228,168,563,https://api-scuda.uat.oci.krungsri.tech/ic/api/v1/customer/individual/updateprofile,15369,0,21
1779799817850,18124,GetIndividual,429,Too Many Requests,GetIndividual 1-161,text,false,,600,3587,315,560,https://api-scuda.uat.oci.krungsri.tech/ic/api/v1/customer/individual/getprofile,18124,0,20
1779799818641,17335,UpdateIndividual,429,Too Many Requests,UpdateIndividual 4-115,text,false,,606,4229,166,559,https://api-scuda.uat.oci.krungsri.tech/ic/api/v1/customer/individual/updateprofile,17335,0,21
1779799823782,12200,GetIndividual,429,Too Many Requests,GetIndividual 1-304,text,false,,600,3588,314,558,https://api-scuda.uat.oci.krungsri.tech/ic/api/v1/customer/individual/getprofile,12200,0,10
1779799823043,12940,GetIndividual,429,Too Many Requests,GetIndividual 1-286,text,false,,600,3588,314,558,https://api-scuda.uat.oci.krungsri.tech/ic/api/v1/customer/individual/getprofile,12940,0,19
1779799823381,12603,GetIndividual,429,Too Many Requests,GetIndividual 1-298,text,false,,600,3588,313,557,https://api-scuda.uat.oci.krungsri.tech/ic/api/v1/customer/individual/getprofile,12603,0,37
1779799824276,11708,UpdateIndividual,429,Too Many Requests,UpdateIndividual 4-212,text,false,,606,5616,165,556,https://api-scuda.uat.oci.krungsri.tech/ic/api/v1/customer/individual/updateprofile,11708,0,15
1779799817510,18475,GetIndividual,429,Too Many Requests,GetIndividual 1-151,text,false,,600,3588,311,555,https://api-scuda.uat.oci.krungsri.tech/ic/api/v1/customer/individual/getprofile,18475,0,16
1779799825046,10939,GetIndividual,429,Too Many Requests,GetIndividual 1-351,text,false,,600,3586,311,554,https://api-scuda.uat.oci.krungsri.tech/ic/api/v1/customer/individual/getprofile,10939,0,16
1779799816514,19472,GetIndividual,429,Too Many Requests,GetIndividual 1-132,text,false,,600,3588,310,553,https://api-scuda.uat.oci.krungsri.tech/ic/api/v1/customer/individual/getprofile,19472,0,23
1779799824352,11634,UpdateIndividual,429,Too Many Requests,UpdateIndividual 4-213,text,false,,606,4227,164,554,https://api-scuda.uat.oci.krungsri.tech/ic/api/v1/customer/individual/updateprofile,11634,0,22
1779799824956,11030,UpdateIndividual,429,Too Many Requests,UpdateIndividual 4-228,text,false,,606,4227,164,553,https://api-scuda.uat.oci.krungsri.tech/ic/api/v1/customer/individual/updateprofile,11030,0,20
1779799822246,13742,UpdateIndividual,429,Too Many Requests,UpdateIndividual 4-176,text,false,,606,4228,162,552,https://api-scuda.uat.oci.krungsri.tech/ic/api/v1/customer/individual/updateprofile,13742,0,41
1779799822585,13405,GetIndividual,429,Too Many Requests,GetIndividual 1-275,text,false,,600,3588,310,551,https://api-scuda.uat.oci.krungsri.tech/ic/api/v1/customer/individual/getprofile,13405,0,12
1779799821937,14053,UpdateJoint,429,Too Many Requests,UpdateJoint 12-19,text,false,,596,3614,13,551,https://api-scuda.uat.oci.krungsri.tech/ic/api/v1/customer/joint/updateprofile,14053,0,18
1779799824912,11078,UpdateIndividual,429,Too Many Requests,UpdateIndividual 4-227,text,false,,606,4227,161,551,https://api-scuda.uat.oci.krungsri.tech/ic/api/v1/customer/individual/updateprofile,11078,0,15
1779799822684,13309,GetIndividual,429,Too Many Requests,GetIndividual 1-276,text,false,,600,3588,310,550,https://api-scuda.uat.oci.krungsri.tech/ic/api/v1/customer/individual/getprofile,13309,0,19
1779799822936,13058,GetIndividual,429,Too Many Requests,GetIndividual 1-283,text,false,,600,3588,310,551,https://api-scuda.uat.oci.krungsri.tech/ic/api/v1/customer/individual/getprofile,13058,0,19
1779799821709,14287,GetIndividual,429,Too Many Requests,GetIndividual 1-252,text,false,,600,3588,308,552,https://api-scuda.uat.oci.krungsri.tech/ic/api/v1/customer/individual/getprofile,14287,0,15
1779799823346,12652,GetIndividual,429,Too Many Requests,GetIndividual 1-297,text,false,,600,3588,307,552,https://api-scuda.uat.oci.krungsri.tech/ic/api/v1/customer/individual/getprofile,12652,0,16
1779799824229,11770,UpdateJuristic,429,Too Many Requests,UpdateJuristic 8-21,text,false,,602,5788,10,551,https://api-scuda.uat.oci.krungsri.tech/ic/api/v1/customer/juristic/updateprofile,11770,0,32
1779799823839,12161,GetIndividual,429,Too Many Requests,GetIndividual 1-306,text,false,,600,3588,306,551,https://api-scuda.uat.oci.krungsri.tech/ic/api/v1/customer/individual/getprofile,12161,0,21
1779799822948,13053,UpdateIndividual,429,Too Many Requests,UpdateIndividual 4-189,text,false,,606,4227,161,551,https://api-scuda.uat.oci.krungsri.tech/ic/api/v1/customer/individual/updateprofile,13053,0,20
1779799824658,11343,GetIndividual,429,Too Many Requests,GetIndividual 1-336,text,false,,600,3588,306,551,https://api-scuda.uat.oci.krungsri.tech/ic/api/v1/customer/individual/getprofile,11343,0,19
1779799824430,11573,UpdateIndividual,429,Too Many Requests,UpdateIndividual 4-216,text,false,,606,5623,160,549,https://api-scuda.uat.oci.krungsri.tech/ic/api/v1/customer/individual/updateprofile,11573,0,21
1779799822776,13227,GetJuristic,429,Too Many Requests,GetJuristic 5-20,text,false,,596,3533,11,549,https://api-scuda.uat.oci.krungsri.tech/ic/api/v1/customer/juristic/getprofile,13227,0,21
1779799825332,10672,GetIndividual,429,Too Many Requests,GetIndividual 1-366,text,false,,600,3588,304,548,https://api-scuda.uat.oci.krungsri.tech/ic/api/v1/customer/individual/getprofile,10672,0,21
1779799824138,11867,GetIndividual,429,Too Many Requests,GetIndividual 1-314,text,false,,600,3588,304,548,https://api-scuda.uat.oci.krungsri.tech/ic/api/v1/customer/individual/getprofile,11867,0,36
1779799824668,11336,UpdateIndividual,429,Too Many Requests,UpdateIndividual 4-222,text,false,,606,5545,160,548,https://api-scuda.uat.oci.krungsri.tech/ic/api/v1/customer/individual/updateprofile,11336,0,20
1779799821586,14420,GetIndividual,429,Too Many Requests,GetIndividual 1-249,text,false,,600,3588,304,547,https://api-scuda.uat.oci.krungsri.tech/ic/api/v1/customer/individual/getprofile,14420,0,17
1779799822707,13300,UpdateIndividual,429,Too Many Requests,UpdateIndividual 4-183,text,false,,606,4228,159,546,https://api-scuda.uat.oci.krungsri.tech/ic/api/v1/customer/individual/updateprofile,13300,0,19
1779799823547,12461,GetIndividual,429,Too Many Requests,GetIndividual 1-302,text,false,,600,3588,304,547,https://api-scuda.uat.oci.krungsri.tech/ic/api/v1/customer/individual/getprofile,12461,0,18
1779799824174,11834,UpdateIndividual,429,Too Many Requests,UpdateIndividual 4-209,text,false,,606,5566,160,545,https://api-scuda.uat.oci.krungsri.tech/ic/api/v1/customer/individual/updateprofile,11834,0,35
1779799825296,10713,UpdateIndividual,429,Too Many Requests,UpdateIndividual 4-232,text,false,,606,4228,159,544,https://api-scuda.uat.oci.krungsri.tech/ic/api/v1/customer/individual/updateprofile,10713,0,23
1779799825512,10501,GetIndividual,429,Too Many Requests,GetIndividual 1-370,text,false,,600,3588,300,540,https://api-scuda.uat.oci.krungsri.tech/ic/api/v1/customer/individual/getprofile,10501,0,18
1779799835997,34,SearchIndividual,200,OK,SearchIndividual 2-1065,text,true,,1181,2602,7,539,https://api-scuda.uat.oci.krungsri.tech/ords/api/v1/customer/individual/searchprofile,34,0,22
1779799835998,38,SearchIndividual,200,OK,SearchIndividual 2-1067,text,true,,1115,2602,6,538,https://api-scuda.uat.oci.krungsri.tech/ords/api/v1/customer/individual/searchprofile,36,0,24
1779799819474,16570,GetIndividual,429,Too Many Requests,GetIndividual 1-196,text,false,,600,3588,299,538,https://api-scuda.uat.oci.krungsri.tech/ic/api/v1/customer/individual/getprofile,16570,0,20
1779799821169,14881,UpdateIndividual,429,Too Many Requests,UpdateIndividual 4-156,text,false,,606,4228,156,537,https://api-scuda.uat.oci.krungsri.tech/ic/api/v1/customer/individual/updateprofile,14881,0,15
1779799819564,16486,GetIndividual,429,Too Many Requests,GetIndividual 1-197,text,false,,600,3588,298,537,https://api-scuda.uat.oci.krungsri.tech/ic/api/v1/customer/individual/getprofile,16486,0,15
1779799822533,13524,GetIndividual,429,Too Many Requests,GetIndividual 1-272,text,false,,600,3588,298,538,https://api-scuda.uat.oci.krungsri.tech/ic/api/v1/customer/individual/getprofile,13524,0,25
1779799836015,49,SearchIndividual,200,OK,SearchIndividual 2-1068,text,true,,1149,2602,8,537,https://api-scuda.uat.oci.krungsri.tech/ords/api/v1/customer/individual/searchprofile,49,0,19
1779799835995,69,SearchIndividual,200,OK,SearchIndividual 2-1063,text,true,,1157,2602,7,536,https://api-scuda.uat.oci.krungsri.tech/ords/api/v1/customer/individual/searchprofile,69,0,41
1779799825193,10872,GetIndividual,429,Too Many Requests,GetIndividual 1-358,text,false,,600,3588,297,535,https://api-scuda.uat.oci.krungsri.tech/ic/api/v1/customer/individual/getprofile,10872,0,24
1779799826655,9411,GetIndividual,429,Too Many Requests,GetIndividual 1-400,text,false,,600,3588,297,535,https://api-scuda.uat.oci.krungsri.tech/ic/api/v1/customer/individual/getprofile,9411,0,12
1779799835995,83,SearchIndividual,200,OK,SearchIndividual 2-1062,text,true,,1157,2602,9,536,https://api-scuda.uat.oci.krungsri.tech/ords/api/v1/customer/individual/searchprofile,83,0,36
1779799835997,82,SearchIndividual,200,OK,SearchIndividual 2-1064,text,true,,1159,2602,8,535,https://api-scuda.uat.oci.krungsri.tech/ords/api/v1/customer/individual/searchprofile,81,0,39
1779799826174,9907,UpdateIndividual,429,Too Many Requests,UpdateIndividual 4-247,text,false,,606,5563,155,535,https://api-scuda.uat.oci.krungsri.tech/ic/api/v1/customer/individual/updateprofile,9907,0,27
1779799825609,10472,CreateJoint,429,Too Many Requests,CreateJoint 11-22,text,false,,596,5761,11,535,https://api-scuda.uat.oci.krungsri.tech/ic/api/v1/customer/joint/createprofile,10472,0,27
1779799835998,87,SearchIndividual,200,OK,SearchIndividual 2-1066,text,true,,1195,2602,7,534,https://api-scuda.uat.oci.krungsri.tech/ords/api/v1/customer/individual/searchprofile,87,0,39
1779799826657,9428,UpdateIndividual,429,Too Many Requests,UpdateIndividual 4-259,text,false,,606,5549,154,533,https://api-scuda.uat.oci.krungsri.tech/ic/api/v1/customer/individual/updateprofile,9428,0,17
1779799821652,14439,GetIndividual,429,Too Many Requests,GetIndividual 1-251,text,false,,600,3588,297,532,https://api-scuda.uat.oci.krungsri.tech/ic/api/v1/customer/individual/getprofile,14439,0,11
1779799836043,57,SearchIndividual,200,OK,SearchIndividual 2-1069,text,true,,1149,2602,7,532,https://api-scuda.uat.oci.krungsri.tech/ords/api/v1/customer/individual/searchprofile,56,0,31
1779799836053,59,SearchIndividual,200,OK,SearchIndividual 2-1070,text,true,,1219,2602,6,531,https://api-scuda.uat.oci.krungsri.tech/ords/api/v1/customer/individual/searchprofile,59,0,36
1779799836072,43,SearchIndividual,200,OK,SearchIndividual 2-1072,text,true,,1240,2601,5,530,https://api-scuda.uat.oci.krungsri.tech/ords/api/v1/customer/individual/searchprofile,43,0,30
1779799836076,42,SearchIndividual,200,OK,SearchIndividual 2-1073,text,true,,1095,2602,5,530,https://api-scuda.uat.oci.krungsri.tech/ords/api/v1/customer/individual/searchprofile,42,0,30
1779799836076,43,SearchIndividual,200,OK,SearchIndividual 2-1074,text,true,,1175,2602,4,529,https://api-scuda.uat.oci.krungsri.tech/ords/api/v1/customer/individual/searchprofile,43,0,23
1779799836058,63,SearchIndividual,200,OK,SearchIndividual 2-1071,text,true,,1128,2601,3,528,https://api-scuda.uat.oci.krungsri.tech/ords/api/v1/customer/individual/searchprofile,63,0,39
1779799821239,14894,GetIndividual,429,Too Many Requests,GetIndividual 1-239,text,false,,600,3588,296,528,https://api-scuda.uat.oci.krungsri.tech/ic/api/v1/customer/individual/getprofile,14894,0,36
1779799836099,44,SearchIndividual,200,OK,SearchIndividual 2-1075,text,true,,1167,2602,2,526,https://api-scuda.uat.oci.krungsri.tech/ords/api/v1/customer/individual/searchprofile,44,0,29
1779799814493,21652,GetIndividual,429,Too Many Requests,GetIndividual 1-95,text,false,,600,3588,295,525,https://api-scuda.uat.oci.krungsri.tech/ic/api/v1/customer/individual/getprofile,21652,0,24
1779799824545,11601,GetIndividual,429,Too Many Requests,GetIndividual 1-330,text,false,,600,3588,295,525,https://api-scuda.uat.oci.krungsri.tech/ic/api/v1/customer/individual/getprofile,11601,0,18
1779799824213,11933,GetIndividual,429,Too Many Requests,GetIndividual 1-318,text,false,,600,3588,293,523,https://api-scuda.uat.oci.krungsri.tech/ic/api/v1/customer/individual/getprofile,11933,0,17
1779799826572,9575,GetIndividual,429,Too Many Requests,GetIndividual 1-395,text,false,,600,3588,293,523,https://api-scuda.uat.oci.krungsri.tech/ic/api/v1/customer/individual/getprofile,9575,0,16
1779799824645,11503,UpdateIndividual,429,Too Many Requests,UpdateIndividual 4-221,text,false,,606,5597,153,522,https://api-scuda.uat.oci.krungsri.tech/ic/api/v1/customer/individual/updateprofile,11502,0,22
1779799825577,10574,CreateJuristic,429,Too Many Requests,CreateJuristic 7-22,text,false,,602,8236,6,521,https://api-scuda.uat.oci.krungsri.tech/ic/api/v1/customer/juristic/createprofile,10574,0,21
1779799816917,19238,GetIndividual,429,Too Many Requests,GetIndividual 1-142,text,false,,600,3588,293,522,https://api-scuda.uat.oci.krungsri.tech/ic/api/v1/customer/individual/getprofile,19238,0,17
1779799826536,9622,CreateJuristic,429,Too Many Requests,CreateJuristic 7-23,text,false,,602,8178,5,521,https://api-scuda.uat.oci.krungsri.tech/ic/api/v1/customer/juristic/createprofile,9622,0,25
1779799815719,20442,GetIndividual,429,Too Many Requests,GetIndividual 1-116,text,false,,600,3588,292,520,https://api-scuda.uat.oci.krungsri.tech/ic/api/v1/customer/individual/getprofile,20442,0,15
1779799836118,51,SearchIndividual,200,OK,SearchIndividual 2-1076,text,true,,1147,2602,2,519,https://api-scuda.uat.oci.krungsri.tech/ords/api/v1/customer/individual/searchprofile,48,0,24
1779799822089,14085,GetIndividual,429,Too Many Requests,GetIndividual 1-263,text,false,,600,3588,292,519,https://api-scuda.uat.oci.krungsri.tech/ic/api/v1/customer/individual/getprofile,14085,0,21
1779799817478,18702,GetJoint,429,Too Many Requests,GetJoint 9-14,text,false,,590,3529,11,519,https://api-scuda.uat.oci.krungsri.tech/ic/api/v1/customer/joint/getprofile,18702,0,16
1779799815732,20450,GetIndividual,429,Too Many Requests,GetIndividual 1-117,text,false,,600,3588,292,518,https://api-scuda.uat.oci.krungsri.tech/ic/api/v1/customer/individual/getprofile,20450,0,21
1779799825251,10934,GetIndividual,429,Too Many Requests,GetIndividual 1-363,text,false,,600,3588,291,517,https://api-scuda.uat.oci.krungsri.tech/ic/api/v1/customer/individual/getprofile,10934,0,15
1779799821323,14863,GetIndividual,429,Too Many Requests,GetIndividual 1-242,text,false,,600,3588,290,516,https://api-scuda.uat.oci.krungsri.tech/ic/api/v1/customer/individual/getprofile,14863,0,12
1779799836154,35,SearchIndividual,200,OK,SearchIndividual 2-1077,text,true,,1165,2602,1,515,https://api-scuda.uat.oci.krungsri.tech/ords/api/v1/customer/individual/searchprofile,35,0,22
1779799818924,17269,GetIndividual,429,Too Many Requests,GetIndividual 1-179,text,false,,600,3588,289,514,https://api-scuda.uat.oci.krungsri.tech/ic/api/v1/customer/individual/getprofile,17269,0,22
1779799819099,17095,GetIndividual,429,Too Many Requests,GetIndividual 1-185,text,false,,600,3587,288,513,https://api-scuda.uat.oci.krungsri.tech/ic/api/v1/customer/individual/getprofile,17095,0,20
1779799819753,16444,UpdateJoint,429,Too Many Requests,UpdateJoint 12-17,text,false,,596,4615,12,513,https://api-scuda.uat.oci.krungsri.tech/ic/api/v1/customer/joint/updateprofile,16444,0,21
1779799836197,40,SearchIndividual,200,OK,SearchIndividual 2-1078,text,true,,1189,2602,2,516,https://api-scuda.uat.oci.krungsri.tech/ords/api/v1/customer/individual/searchprofile,39,0,22
1779799819006,17230,GetIndividual,429,Too Many Requests,GetIndividual 1-183,text,false,,600,3588,289,516,https://api-scuda.uat.oci.krungsri.tech/ic/api/v1/customer/individual/getprofile,17230,0,20
1779799836222,47,SearchIndividual,200,OK,SearchIndividual 2-1079,text,true,,1221,2602,1,517,https://api-scuda.uat.oci.krungsri.tech/ords/api/v1/customer/individual/searchprofile,47,0,30
1779799836297,71,SearchIndividual,200,OK,SearchIndividual 2-1080,text,true,,1160,2599,1,523,https://api-scuda.uat.oci.krungsri.tech/ords/api/v1/customer/individual/searchprofile,71,0,52
1779799836375,30,SearchIndividual,200,OK,SearchIndividual 2-1081,text,true,,1185,2602,4,527,https://api-scuda.uat.oci.krungsri.tech/ords/api/v1/customer/individual/searchprofile,30,0,18
1779799836380,29,SearchIndividual,200,OK,SearchIndividual 2-1082,text,true,,1181,2602,3,527,https://api-scuda.uat.oci.krungsri.tech/ords/api/v1/customer/individual/searchprofile,28,0,19
1779799836394,32,SearchIndividual,200,OK,SearchIndividual 2-1083,text,true,,1138,2601,3,527,https://api-scuda.uat.oci.krungsri.tech/ords/api/v1/customer/individual/searchprofile,32,0,21
1779799836401,28,SearchIndividual,200,OK,SearchIndividual 2-1084,text,true,,1199,2602,2,526,https://api-scuda.uat.oci.krungsri.tech/ords/api/v1/customer/individual/searchprofile,28,0,15
1779799836410,23,SearchIndividual,200,OK,SearchIndividual 2-1085,text,true,,1189,2602,1,525,https://api-scuda.uat.oci.krungsri.tech/ords/api/v1/customer/individual/searchprofile,22,0,11
1779799824917,11519,GetIndividual,429,Too Many Requests,GetIndividual 1-346,text,false,,600,3588,293,524,https://api-scuda.uat.oci.krungsri.tech/ic/api/v1/customer/individual/getprofile,11519,0,18
1779799825032,11404,GetIndividual,429,Too Many Requests,GetIndividual 1-350,text,false,,600,3588,293,524,https://api-scuda.uat.oci.krungsri.tech/ic/api/v1/customer/individual/getprofile,11404,0,19
1779799825522,10915,GetIndividual,429,Too Many Requests,GetIndividual 1-371,text,false,,600,3588,293,524,https://api-scuda.uat.oci.krungsri.tech/ic/api/v1/customer/individual/getprofile,10915,0,18
1779799826250,10188,CreateIndividual,429,Too Many Requests,CreateIndividual 3-25,text,false,,606,8553,18,522,https://api-scuda.uat.oci.krungsri.tech/ic/api/v1/customer/individual/createprofile,10188,0,44
1779799819304,17143,GetIndividual,429,Too Many Requests,GetIndividual 1-191,text,false,,600,3588,290,520,https://api-scuda.uat.oci.krungsri.tech/ic/api/v1/customer/individual/getprofile,17143,0,17
1779799823058,13391,GetIndividual,429,Too Many Requests,GetIndividual 1-287,text,false,,600,3588,289,519,https://api-scuda.uat.oci.krungsri.tech/ic/api/v1/customer/individual/getprofile,13391,0,13
1779799821386,15063,GetIndividual,429,Too Many Requests,GetIndividual 1-245,text,false,,600,3588,289,519,https://api-scuda.uat.oci.krungsri.tech/ic/api/v1/customer/individual/getprofile,15063,0,12
1779799821037,15412,UpdateIndividual,429,Too Many Requests,UpdateIndividual 4-152,text,false,,606,5559,158,519,https://api-scuda.uat.oci.krungsri.tech/ic/api/v1/customer/individual/updateprofile,15412,0,24
1779799819753,16700,UpdateIndividual,429,Too Many Requests,UpdateIndividual 4-133,text,false,,606,4229,157,517,https://api-scuda.uat.oci.krungsri.tech/ic/api/v1/customer/individual/updateprofile,16700,0,10
1779799817923,18531,GetIndividual,429,Too Many Requests,GetIndividual 1-163,text,false,,600,3588,287,517,https://api-scuda.uat.oci.krungsri.tech/ic/api/v1/customer/individual/getprofile,18531,0,18
1779799819786,16670,UpdateIndividual,429,Too Many Requests,UpdateIndividual 4-135,text,false,,606,4230,156,515,https://api-scuda.uat.oci.krungsri.tech/ic/api/v1/customer/individual/updateprofile,16670,0,15
1779799821902,14555,GetIndividual,429,Too Many Requests,GetIndividual 1-257,text,false,,600,3588,286,515,https://api-scuda.uat.oci.krungsri.tech/ic/api/v1/customer/individual/getprofile,14555,0,14
1779799826002,10456,GetIndividual,429,Too Many Requests,GetIndividual 1-384,text,false,,600,3587,285,513,https://api-scuda.uat.oci.krungsri.tech/ic/api/v1/customer/individual/getprofile,10456,0,30
1779799821134,15346,GetIndividual,429,Too Many Requests,GetIndividual 1-236,text,false,,600,3588,285,517,https://api-scuda.uat.oci.krungsri.tech/ic/api/v1/customer/individual/getprofile,15346,0,18
1779799823076,13405,GetIndividual,429,Too Many Requests,GetIndividual 1-288,text,false,,600,3587,285,517,https://api-scuda.uat.oci.krungsri.tech/ic/api/v1/customer/individual/getprofile,13405,0,25
1779799823898,12584,GetIndividual,429,Too Many Requests,GetIndividual 1-308,text,false,,600,3588,284,516,https://api-scuda.uat.oci.krungsri.tech/ic/api/v1/customer/individual/getprofile,12584,0,18
1779799823493,12989,UpdateIndividual,429,Too Many Requests,UpdateIndividual 4-199,text,false,,606,5663,157,516,https://api-scuda.uat.oci.krungsri.tech/ic/api/v1/customer/individual/updateprofile,12989,0,12
1779799824495,11989,GetIndividual,429,Too Many Requests,GetIndividual 1-328,text,false,,600,3588,282,513,https://api-scuda.uat.oci.krungsri.tech/ic/api/v1/customer/individual/getprofile,11989,0,12
1779799824446,12039,GetIndividual,429,Too Many Requests,GetIndividual 1-326,text,false,,600,3587,282,513,https://api-scuda.uat.oci.krungsri.tech/ic/api/v1/customer/individual/getprofile,12039,0,18
1779799822556,13930,GetIndividual,429,Too Many Requests,GetIndividual 1-274,text,false,,600,3588,281,512,https://api-scuda.uat.oci.krungsri.tech/ic/api/v1/customer/individual/getprofile,13930,0,13
1779799817867,18621,GetIndividual,200,OK,GetIndividual 1-162,text,true,,3821,3588,279,510,https://api-scuda.uat.oci.krungsri.tech/ic/api/v1/customer/individual/getprofile,18621,0,17
1779799822953,13535,GetIndividual,429,Too Many Requests,GetIndividual 1-284,text,false,,600,3588,279,510,https://api-scuda.uat.oci.krungsri.tech/ic/api/v1/customer/individual/getprofile,13535,0,15
1779799822102,14387,UpdateIndividual,429,Too Many Requests,UpdateIndividual 4-172,text,false,,606,5580,156,509,https://api-scuda.uat.oci.krungsri.tech/ic/api/v1/customer/individual/updateprofile,14387,0,16
1779799825879,10612,GetIndividual,429,Too Many Requests,GetIndividual 1-381,text,false,,600,3588,277,507,https://api-scuda.uat.oci.krungsri.tech/ic/api/v1/customer/individual/getprofile,10612,0,20
1779799823092,13401,GetIndividual,429,Too Many Requests,GetIndividual 1-289,text,false,,600,3588,276,506,https://api-scuda.uat.oci.krungsri.tech/ic/api/v1/customer/individual/getprofile,13401,0,20
1779799824961,11533,UpdateIndividual,429,Too Many Requests,UpdateIndividual 4-229,text,false,,606,4227,155,505,https://api-scuda.uat.oci.krungsri.tech/ic/api/v1/customer/individual/updateprofile,11533,0,16
1779799824501,11995,UpdateIndividual,429,Too Many Requests,UpdateIndividual 4-217,text,false,,606,4229,154,504,https://api-scuda.uat.oci.krungsri.tech/ic/api/v1/customer/individual/updateprofile,11995,0,18
1779799820386,16110,GetIndividual,429,Too Many Requests,GetIndividual 1-216,text,false,,600,3587,275,504,https://api-scuda.uat.oci.krungsri.tech/ic/api/v1/customer/individual/getprofile,16110,0,20
1779799822352,14144,UpdateIndividual,429,Too Many Requests,UpdateIndividual 4-177,text,false,,606,5645,154,504,https://api-scuda.uat.oci.krungsri.tech/ic/api/v1/customer/individual/updateprofile,14144,0,39
1779799836452,48,SearchJoint,200,OK,SearchJoint 10-41,text,true,,621,2627,1,501,https://api-scuda.uat.oci.krungsri.tech/ords/api/v1/customer/joint/searchprofile,44,0,22
1779799823175,13327,GetIndividual,429,Too Many Requests,GetIndividual 1-292,text,false,,600,3588,274,500,https://api-scuda.uat.oci.krungsri.tech/ic/api/v1/customer/individual/getprofile,13327,0,21
1779799823122,13382,GetIndividual,429,Too Many Requests,GetIndividual 1-290,text,false,,600,3588,273,499,https://api-scuda.uat.oci.krungsri.tech/ic/api/v1/customer/individual/getprofile,13382,0,21
1779799824200,12305,UpdateIndividual,429,Too Many Requests,UpdateIndividual 4-210,text,false,,606,5591,152,499,https://api-scuda.uat.oci.krungsri.tech/ic/api/v1/customer/individual/updateprofile,12305,0,21
1779799824922,11583,GetIndividual,429,Too Many Requests,GetIndividual 1-347,text,false,,600,3588,273,499,https://api-scuda.uat.oci.krungsri.tech/ic/api/v1/customer/individual/getprofile,11583,0,18
1779799823211,13295,UpdateIndividual,429,Too Many Requests,UpdateIndividual 4-194,text,false,,606,4227,152,498,https://api-scuda.uat.oci.krungsri.tech/ic/api/v1/customer/individual/updateprofile,13295,0,28
1779799824726,11780,UpdateIndividual,429,Too Many Requests,UpdateIndividual 4-224,text,false,,606,5594,151,496,https://api-scuda.uat.oci.krungsri.tech/ic/api/v1/customer/individual/updateprofile,11780,0,15
1779799836474,35,SearchIndividual,200,OK,SearchIndividual 2-1087,text,true,,1193,2602,2,494,https://api-scuda.uat.oci.krungsri.tech/ords/api/v1/customer/individual/searchprofile,35,0,22
1779799825602,10917,GetIndividual,429,Too Many Requests,GetIndividual 1-374,text,false,,600,3588,271,494,https://api-scuda.uat.oci.krungsri.tech/ic/api/v1/customer/individual/getprofile,10917,0,20
1779799836462,60,SearchIndividual,200,OK,SearchIndividual 2-1086,text,true,,1183,2602,2,493,https://api-scuda.uat.oci.krungsri.tech/ords/api/v1/customer/individual/searchprofile,60,0,20
1779799825848,10674,UpdateIndividual,429,Too Many Requests,UpdateIndividual 4-242,text,false,,606,5558,149,492,https://api-scuda.uat.oci.krungsri.tech/ic/api/v1/customer/individual/updateprofile,10674,0,19
1779799820457,16098,UpdateIndividual,429,Too Many Requests,UpdateIndividual 4-142,text,false,,606,5585,150,495,https://api-scuda.uat.oci.krungsri.tech/ic/api/v1/customer/individual/updateprofile,16098,0,20
1779799820485,16071,UpdateIndividual,429,Too Many Requests,UpdateIndividual 4-143,text,false,,606,5607,150,495,https://api-scuda.uat.oci.krungsri.tech/ic/api/v1/customer/individual/updateprofile,16071,0,25
1779799836515,45,SearchIndividual,200,OK,SearchIndividual 2-1088,text,true,,1225,2602,3,494,https://api-scuda.uat.oci.krungsri.tech/ords/api/v1/customer/individual/searchprofile,45,0,27
1779799836555,28,SearchJoint,200,OK,SearchJoint 10-42,text,true,,621,2627,1,495,https://api-scuda.uat.oci.krungsri.tech/ords/api/v1/customer/joint/searchprofile,28,0,18
1779799836560,29,SearchIndividual,200,OK,SearchIndividual 2-1090,text,true,,1117,2602,4,494,https://api-scuda.uat.oci.krungsri.tech/ords/api/v1/customer/individual/searchprofile,29,0,18
1779799836569,25,SearchIndividual,200,OK,SearchIndividual 2-1091,text,true,,1147,2602,3,493,https://api-scuda.uat.oci.krungsri.tech/ords/api/v1/customer/individual/searchprofile,25,0,13
1779799836555,54,SearchIndividual,200,OK,SearchIndividual 2-1089,text,true,,1165,2602,3,493,https://api-scuda.uat.oci.krungsri.tech/ords/api/v1/customer/individual/searchprofile,54,0,30
1779799836581,37,SearchIndividual,200,OK,SearchIndividual 2-1092,text,true,,1154,2601,3,493,https://api-scuda.uat.oci.krungsri.tech/ords/api/v1/customer/individual/searchprofile,36,0,15
1779799836595,31,SearchIndividual,200,OK,SearchIndividual 2-1093,text,true,,1169,2602,2,493,https://api-scuda.uat.oci.krungsri.tech/ords/api/v1/customer/individual/searchprofile,31,0,20
1779799836617,33,SearchIndividual,200,OK,SearchIndividual 2-1094,text,true,,1206,2601,1,493,https://api-scuda.uat.oci.krungsri.tech/ords/api/v1/customer/individual/searchprofile,33,0,22
1779799836673,35,SearchIndividual,200,OK,SearchIndividual 2-1096,text,true,,1133,2602,3,496,https://api-scuda.uat.oci.krungsri.tech/ords/api/v1/customer/individual/searchprofile,35,0,20
1779799836668,42,SearchIndividual,200,OK,SearchIndividual 2-1095,text,true,,1201,2602,2,495,https://api-scuda.uat.oci.krungsri.tech/ords/api/v1/customer/individual/searchprofile,42,0,22
1779799836704,38,SearchIndividual,200,OK,SearchIndividual 2-1097,text,true,,1181,2602,1,494,https://api-scuda.uat.oci.krungsri.tech/ords/api/v1/customer/individual/searchprofile,38,0,27
1779799821719,15033,UpdateIndividual,429,Too Many Requests,UpdateIndividual 4-164,text,false,,606,5566,149,494,https://api-scuda.uat.oci.krungsri.tech/ic/api/v1/customer/individual/updateprofile,15033,0,18
1779799819968,16787,GetIndividual,429,Too Many Requests,GetIndividual 1-208,text,false,,600,3588,273,494,https://api-scuda.uat.oci.krungsri.tech/ic/api/v1/customer/individual/getprofile,16787,0,15
1779799820536,16220,UpdateIndividual,429,Too Many Requests,UpdateIndividual 4-144,text,false,,606,5504,148,494,https://api-scuda.uat.oci.krungsri.tech/ic/api/v1/customer/individual/updateprofile,16220,0,15
1779799821867,14890,UpdateIndividual,429,Too Many Requests,UpdateIndividual 4-166,text,false,,606,5602,148,493,https://api-scuda.uat.oci.krungsri.tech/ic/api/v1/customer/individual/updateprofile,14890,0,17
1779799821295,15469,CreateJoint,429,Too Many Requests,CreateJoint 11-18,text,false,,596,6099,10,491,https://api-scuda.uat.oci.krungsri.tech/ic/api/v1/customer/joint/createprofile,15469,0,24
1779799823027,13757,GetIndividual,429,Too Many Requests,GetIndividual 1-285,text,false,,600,3588,272,493,https://api-scuda.uat.oci.krungsri.tech/ic/api/v1/customer/individual/getprofile,13757,0,14
1779799822340,14444,GetIndividual,429,Too Many Requests,GetIndividual 1-269,text,false,,600,3588,272,493,https://api-scuda.uat.oci.krungsri.tech/ic/api/v1/customer/individual/getprofile,14444,0,37
1779799823529,13260,CreateIndividual,429,Too Many Requests,CreateIndividual 3-20,text,false,,606,8368,17,491,https://api-scuda.uat.oci.krungsri.tech/ic/api/v1/customer/individual/createprofile,13260,0,11
1779799823355,13435,UpdateJuristic,429,Too Many Requests,UpdateJuristic 8-20,text,false,,602,5796,10,491,https://api-scuda.uat.oci.krungsri.tech/ic/api/v1/customer/juristic/updateprofile,13435,0,22
1779799824732,12059,GetIndividual,429,Too Many Requests,GetIndividual 1-340,text,false,,600,3588,270,490,https://api-scuda.uat.oci.krungsri.tech/ic/api/v1/customer/individual/getprofile,12059,0,19
1779799824583,12208,GetIndividual,429,Too Many Requests,GetIndividual 1-333,text,false,,600,3588,270,489,https://api-scuda.uat.oci.krungsri.tech/ic/api/v1/customer/individual/getprofile,12208,0,33
1779799824344,12448,GetIndividual,429,Too Many Requests,GetIndividual 1-323,text,false,,600,3587,270,489,https://api-scuda.uat.oci.krungsri.tech/ic/api/v1/customer/individual/getprofile,12448,0,21
1779799824882,11910,GetIndividual,429,Too Many Requests,GetIndividual 1-344,text,false,,600,3588,270,489,https://api-scuda.uat.oci.krungsri.tech/ic/api/v1/customer/individual/getprofile,11910,0,15
1779799824598,12195,CreateIndividual,429,Too Many Requests,CreateIndividual 3-22,text,false,,606,8265,16,487,https://api-scuda.uat.oci.krungsri.tech/ic/api/v1/customer/individual/createprofile,12195,0,17
1779799823897,12897,UpdateIndividual,429,Too Many Requests,UpdateIndividual 4-205,text,false,,606,5636,148,484,https://api-scuda.uat.oci.krungsri.tech/ic/api/v1/customer/individual/updateprofile,12897,0,21
1779799836772,28,SearchJoint,200,OK,SearchJoint 10-43,text,true,,621,2627,1,483,https://api-scuda.uat.oci.krungsri.tech/ords/api/v1/customer/joint/searchprofile,28,0,14
1779799824642,12162,GetIndividual,429,Too Many Requests,GetIndividual 1-335,text,false,,600,3588,266,483,https://api-scuda.uat.oci.krungsri.tech/ic/api/v1/customer/individual/getprofile,12162,0,21
1779799815790,21052,GetIndividual,429,Too Many Requests,GetIndividual 1-118,text,false,,600,3588,265,482,https://api-scuda.uat.oci.krungsri.tech/ic/api/v1/customer/individual/getprofile,21052,0,26
1779799813858,22985,GetIndividual,429,Too Many Requests,GetIndividual 1-84,text,false,,600,3588,265,482,https://api-scuda.uat.oci.krungsri.tech/ic/api/v1/customer/individual/getprofile,22985,0,20
1779799825048,11797,GetIndividual,429,Too Many Requests,GetIndividual 1-352,text,false,,600,3588,263,481,https://api-scuda.uat.oci.krungsri.tech/ic/api/v1/customer/individual/getprofile,11797,0,17
1779799814883,21963,UpdateIndividual,429,Too Many Requests,UpdateIndividual 4-68,text,false,,606,5687,148,481,https://api-scuda.uat.oci.krungsri.tech/ic/api/v1/customer/individual/updateprofile,21963,0,20
1779799818158,18688,GetIndividual,429,Too Many Requests,GetIndividual 1-167,text,false,,600,3588,263,481,https://api-scuda.uat.oci.krungsri.tech/ic/api/v1/customer/individual/getprofile,18688,0,19
1779799813937,22910,GetIndividual,429,Too Many Requests,GetIndividual 1-85,text,false,,600,3588,263,481,https://api-scuda.uat.oci.krungsri.tech/ic/api/v1/customer/individual/getprofile,22910,0,18
1779799825835,11011,GetIndividual,429,Too Many Requests,GetIndividual 1-379,text,false,,600,3588,263,481,https://api-scuda.uat.oci.krungsri.tech/ic/api/v1/customer/individual/getprofile,11011,0,18
1779799819141,17707,GetIndividual,429,Too Many Requests,GetIndividual 1-187,text,false,,600,3588,262,479,https://api-scuda.uat.oci.krungsri.tech/ic/api/v1/customer/individual/getprofile,17707,0,22
1779799814008,22840,GetIndividual,429,Too Many Requests,GetIndividual 1-86,text,false,,600,3588,262,479,https://api-scuda.uat.oci.krungsri.tech/ic/api/v1/customer/individual/getprofile,22840,0,19
1779799813082,23766,GetIndividual,429,Too Many Requests,GetIndividual 1-71,text,false,,600,3588,262,479,https://api-scuda.uat.oci.krungsri.tech/ic/api/v1/customer/individual/getprofile,23766,0,21
1779799818885,17965,UpdateIndividual,429,Too Many Requests,UpdateIndividual 4-118,text,false,,606,4228,147,477,https://api-scuda.uat.oci.krungsri.tech/ic/api/v1/customer/individual/updateprofile,17965,0,15
1779799819153,17698,CreateIndividual,429,Too Many Requests,CreateIndividual 3-16,text,false,,606,7869,16,475,https://api-scuda.uat.oci.krungsri.tech/ic/api/v1/customer/individual/createprofile,17698,0,19
1779799821770,15081,GetJoint,429,Too Many Requests,GetJoint 9-19,text,false,,590,3530,10,474,https://api-scuda.uat.oci.krungsri.tech/ic/api/v1/customer/joint/getprofile,15081,0,18
1779799818033,18819,GetIndividual,429,Too Many Requests,GetIndividual 1-165,text,false,,600,3588,257,472,https://api-scuda.uat.oci.krungsri.tech/ic/api/v1/customer/individual/getprofile,18819,0,28
1779799820970,15894,UpdateIndividual,429,Too Many Requests,UpdateIndividual 4-149,text,false,,606,4229,147,473,https://api-scuda.uat.oci.krungsri.tech/ic/api/v1/customer/individual/updateprofile,15894,0,14
1779799826862,10012,UpdateIndividual,429,Too Many Requests,UpdateIndividual 4-261,text,false,,606,5584,147,474,https://api-scuda.uat.oci.krungsri.tech/ic/api/v1/customer/individual/updateprofile,10012,0,22
1779799836854,29,SearchIndividual,200,OK,SearchIndividual 2-1099,text,true,,1147,2602,5,475,https://api-scuda.uat.oci.krungsri.tech/ords/api/v1/customer/individual/searchprofile,29,0,17
1779799836851,38,SearchIndividual,200,OK,SearchIndividual 2-1098,text,true,,1165,2602,4,474,https://api-scuda.uat.oci.krungsri.tech/ords/api/v1/customer/individual/searchprofile,38,0,27
1779799836868,27,SearchIndividual,200,OK,SearchIndividual 2-1100,text,true,,1183,2602,3,473,https://api-scuda.uat.oci.krungsri.tech/ords/api/v1/customer/individual/searchprofile,27,0,17
1779799836880,31,SearchIndividual,200,OK,SearchIndividual 2-1101,text,true,,1127,2602,3,473,https://api-scuda.uat.oci.krungsri.tech/ords/api/v1/customer/individual/searchprofile,31,0,18
1779799836884,31,SearchIndividual,200,OK,SearchIndividual 2-1102,text,true,,1229,2602,2,473,https://api-scuda.uat.oci.krungsri.tech/ords/api/v1/customer/individual/searchprofile,31,0,20
1779799836910,34,SearchIndividual,200,OK,SearchIndividual 2-1103,text,true,,1145,2602,1,472,https://api-scuda.uat.oci.krungsri.tech/ords/api/v1/customer/individual/searchprofile,33,0,22
1779799825699,11249,CreateIndividual,429,Too Many Requests,CreateIndividual 3-24,text,false,,606,8702,15,471,https://api-scuda.uat.oci.krungsri.tech/ic/api/v1/customer/individual/createprofile,11249,0,15
1779799825249,11699,GetIndividual,429,Too Many Requests,GetIndividual 1-362,text,false,,600,3587,256,471,https://api-scuda.uat.oci.krungsri.tech/ic/api/v1/customer/individual/getprofile,11699,0,21
1779799825576,11373,GetIndividual,429,Too Many Requests,GetIndividual 1-372,text,false,,600,3588,255,469,https://api-scuda.uat.oci.krungsri.tech/ic/api/v1/customer/individual/getprofile,11373,0,19
1779799820026,16928,UpdateIndividual,429,Too Many Requests,UpdateIndividual 4-138,text,false,,606,5552,147,469,https://api-scuda.uat.oci.krungsri.tech/ic/api/v1/customer/individual/updateprofile,16928,0,17
1779799820973,15985,UpdateIndividual,429,Too Many Requests,UpdateIndividual 4-150,text,false,,606,5501,146,469,https://api-scuda.uat.oci.krungsri.tech/ic/api/v1/customer/individual/updateprofile,15985,0,21
1779799826116,10871,UpdateIndividual,429,Too Many Requests,UpdateIndividual 4-244,text,false,,606,5607,145,473,https://api-scuda.uat.oci.krungsri.tech/ic/api/v1/customer/individual/updateprofile,10871,0,30
1779799825897,11091,UpdateIndividual,429,Too Many Requests,UpdateIndividual 4-243,text,false,,606,5662,145,473,https://api-scuda.uat.oci.krungsri.tech/ic/api/v1/customer/individual/updateprofile,11091,0,18
1779799836955,34,SearchIndividual,200,OK,SearchIndividual 2-1104,text,true,,1237,2602,4,473,https://api-scuda.uat.oci.krungsri.tech/ords/api/v1/customer/individual/searchprofile,30,0,19
1779799827470,9518,UpdateIndividual,429,Too Many Requests,UpdateIndividual 4-268,text,false,,606,4228,145,473,https://api-scuda.uat.oci.krungsri.tech/ic/api/v1/customer/individual/updateprofile,9518,0,18
1779799836964,28,SearchIndividual,200,OK,SearchIndividual 2-1106,text,true,,1217,2602,3,469,https://api-scuda.uat.oci.krungsri.tech/ords/api/v1/customer/individual/searchprofile,28,0,17
1779799836964,31,SearchIndividual,200,OK,SearchIndividual 2-1105,text,true,,1219,2602,2,468,https://api-scuda.uat.oci.krungsri.tech/ords/api/v1/customer/individual/searchprofile,31,0,18
1779799826658,10342,UpdateIndividual,429,Too Many Requests,UpdateIndividual 4-260,text,false,,606,5598,142,468,https://api-scuda.uat.oci.krungsri.tech/ic/api/v1/customer/individual/updateprofile,10342,0,12
1779799825725,11280,UpdateIndividual,429,Too Many Requests,UpdateIndividual 4-240,text,false,,606,4227,141,467,https://api-scuda.uat.oci.krungsri.tech/ic/api/v1/customer/individual/updateprofile,11280,0,12
1779799816458,20547,UpdateIndividual,429,Too Many Requests,UpdateIndividual 4-86,text,false,,606,5647,141,467,https://api-scuda.uat.oci.krungsri.tech/ic/api/v1/customer/individual/updateprofile,20547,0,23
1779799836975,38,SearchIndividual,200,OK,SearchIndividual 2-1107,text,true,,1177,2602,1,465,https://api-scuda.uat.oci.krungsri.tech/ords/api/v1/customer/individual/searchprofile,38,0,26
1779799826637,10428,GetIndividual,429,Too Many Requests,GetIndividual 1-397,text,false,,600,3588,256,470,https://api-scuda.uat.oci.krungsri.tech/ic/api/v1/customer/individual/getprofile,10428,0,22
1779799825460,11615,GetIndividual,429,Too Many Requests,GetIndividual 1-369,text,false,,600,3588,255,469,https://api-scuda.uat.oci.krungsri.tech/ic/api/v1/customer/individual/getprofile,11615,0,21
1779799837063,30,SearchIndividual,200,OK,SearchIndividual 2-1110,text,true,,1183,2602,3,468,https://api-scuda.uat.oci.krungsri.tech/ords/api/v1/customer/individual/searchprofile,30,0,19
1779799837024,73,SearchIndividual,200,OK,SearchIndividual 2-1109,text,true,,1183,2602,3,469,https://api-scuda.uat.oci.krungsri.tech/ords/api/v1/customer/individual/searchprofile,73,0,51
1779799837022,85,SearchIndividual,200,OK,SearchIndividual 2-1108,text,true,,1177,2602,2,469,https://api-scuda.uat.oci.krungsri.tech/ords/api/v1/customer/individual/searchprofile,84,0,55
1779799837094,49,SearchIndividual,200,OK,SearchIndividual 2-1111,text,true,,1177,2602,3,472,https://api-scuda.uat.oci.krungsri.tech/ords/api/v1/customer/individual/searchprofile,48,0,35
1779799826996,10165,GetIndividual,429,Too Many Requests,GetIndividual 1-410,text,false,,600,3588,257,474,https://api-scuda.uat.oci.krungsri.tech/ic/api/v1/customer/individual/getprofile,10165,0,28
1779799826900,10264,GetIndividual,429,Too Many Requests,GetIndividual 1-405,text,false,,600,3588,256,473,https://api-scuda.uat.oci.krungsri.tech/ic/api/v1/customer/individual/getprofile,10264,0,20
1779799837136,30,SearchIndividual,200,OK,SearchIndividual 2-1113,text,true,,1157,2602,3,472,https://api-scuda.uat.oci.krungsri.tech/ords/api/v1/customer/individual/searchprofile,30,0,19
1779799826394,10771,UpdateIndividual,429,Too Many Requests,UpdateIndividual 4-252,text,false,,606,5551,143,472,https://api-scuda.uat.oci.krungsri.tech/ic/api/v1/customer/individual/updateprofile,10771,0,52
1779799837116,53,SearchIndividual,200,OK,SearchIndividual 2-1112,text,true,,1215,2602,2,470,https://api-scuda.uat.oci.krungsri.tech/ords/api/v1/customer/individual/searchprofile,52,0,34
1779799827079,10094,GetIndividual,429,Too Many Requests,GetIndividual 1-415,text,false,,600,3588,255,470,https://api-scuda.uat.oci.krungsri.tech/ic/api/v1/customer/individual/getprofile,10094,0,11
1779799826681,10494,CreateIndividual,429,Too Many Requests,CreateIndividual 3-27,text,false,,606,8217,15,469,https://api-scuda.uat.oci.krungsri.tech/ic/api/v1/customer/individual/createprofile,10494,0,37
1779799827116,10059,UpdateIndividual,429,Too Many Requests,UpdateIndividual 4-265,text,false,,606,5555,143,469,https://api-scuda.uat.oci.krungsri.tech/ic/api/v1/customer/individual/updateprofile,10059,0,19
1779799827674,9507,UpdateIndividual,429,Too Many Requests,UpdateIndividual 4-272,text,false,,606,5624,142,467,https://api-scuda.uat.oci.krungsri.tech/ic/api/v1/customer/individual/updateprofile,9507,0,34
1779799837162,48,SearchIndividual,200,OK,SearchIndividual 2-1114,text,true,,1129,2602,3,470,https://api-scuda.uat.oci.krungsri.tech/ords/api/v1/customer/individual/searchprofile,48,0,27
1779799837187,30,SearchIndividual,200,OK,SearchIndividual 2-1115,text,true,,1119,2602,2,469,https://api-scuda.uat.oci.krungsri.tech/ords/api/v1/customer/individual/searchprofile,30,0,18
1779799837200,33,SearchIndividual,200,OK,SearchIndividual 2-1116,text,true,,1175,2602,1,468,https://api-scuda.uat.oci.krungsri.tech/ords/api/v1/customer/individual/searchprofile,33,0,21
1779799837237,26,SearchIndividual,200,OK,SearchIndividual 2-1117,text,true,,1161,2602,2,469,https://api-scuda.uat.oci.krungsri.tech/ords/api/v1/customer/individual/searchprofile,25,0,15
1779799837251,21,SearchIndividual,200,OK,SearchIndividual 2-1118,text,true,,1171,2602,1,468,https://api-scuda.uat.oci.krungsri.tech/ords/api/v1/customer/individual/searchprofile,21,0,10
1779799821818,15523,GetIndividual,429,Too Many Requests,GetIndividual 1-255,text,false,,600,3588,256,471,https://api-scuda.uat.oci.krungsri.tech/ic/api/v1/customer/individual/getprofile,15523,0,11
1779799820896,16446,GetIndividual,429,Too Many Requests,GetIndividual 1-232,text,false,,600,3588,256,471,https://api-scuda.uat.oci.krungsri.tech/ic/api/v1/customer/individual/getprofile,16446,0,16
1779799821932,15415,GetIndividual,429,Too Many Requests,GetIndividual 1-258,text,false,,600,3588,255,470,https://api-scuda.uat.oci.krungsri.tech/ic/api/v1/customer/individual/getprofile,15415,0,16
1779799826239,11109,UpdateIndividual,429,Too Many Requests,UpdateIndividual 4-249,text,false,,606,5616,143,469,https://api-scuda.uat.oci.krungsri.tech/ic/api/v1/customer/individual/updateprofile,11109,0,53
1779799822166,15189,GetIndividual,429,Too Many Requests,GetIndividual 1-267,text,false,,600,3588,254,468,https://api-scuda.uat.oci.krungsri.tech/ic/api/v1/customer/individual/getprofile,15189,0,27
1779799837334,35,SearchIndividual,200,OK,SearchIndividual 2-1119,text,true,,1167,2602,2,469,https://api-scuda.uat.oci.krungsri.tech/ords/api/v1/customer/individual/searchprofile,35,0,19
1779799823040,14338,UpdateIndividual,429,Too Many Requests,UpdateIndividual 4-191,text,false,,606,5501,142,469,https://api-scuda.uat.oci.krungsri.tech/ic/api/v1/customer/individual/updateprofile,14338,0,20
1779799822744,14635,UpdateIndividual,429,Too Many Requests,UpdateIndividual 4-184,text,false,,606,4228,141,468,https://api-scuda.uat.oci.krungsri.tech/ic/api/v1/customer/individual/updateprofile,14635,0,21
1779799823517,13866,CreateJuristic,429,Too Many Requests,CreateJuristic 7-20,text,false,,602,8037,5,467,https://api-scuda.uat.oci.krungsri.tech/ic/api/v1/customer/juristic/createprofile,13866,0,11
1779799826443,10940,GetJoint,429,Too Many Requests,GetJoint 9-22,text,false,,590,3530,11,467,https://api-scuda.uat.oci.krungsri.tech/ic/api/v1/customer/joint/getprofile,10940,0,21
1779799822840,14544,GetIndividual,429,Too Many Requests,GetIndividual 1-281,text,false,,600,3588,254,467,https://api-scuda.uat.oci.krungsri.tech/ic/api/v1/customer/individual/getprofile,14544,0,20
1779799823610,13775,UpdateIndividual,429,Too Many Requests,UpdateIndividual 4-201,text,false,,606,4227,140,466,https://api-scuda.uat.oci.krungsri.tech/ic/api/v1/customer/individual/updateprofile,13774,0,21
1779799821402,15983,GetIndividual,429,Too Many Requests,GetIndividual 1-246,text,false,,600,3588,254,466,https://api-scuda.uat.oci.krungsri.tech/ic/api/v1/customer/individual/getprofile,15983,0,12
1779799823151,14234,UpdateIndividual,429,Too Many Requests,UpdateIndividual 4-192,text,false,,606,5549,140,466,https://api-scuda.uat.oci.krungsri.tech/ic/api/v1/customer/individual/updateprofile,14234,0,21
1779799837360,39,SearchIndividual,200,OK,SearchIndividual 2-1120,text,true,,1195,2602,3,463,https://api-scuda.uat.oci.krungsri.tech/ords/api/v1/customer/individual/searchprofile,38,0,22
1779799837377,28,SearchIndividual,200,OK,SearchIndividual 2-1121,text,true,,1177,2602,3,464,https://api-scuda.uat.oci.krungsri.tech/ords/api/v1/customer/individual/searchprofile,28,0,17
1779799827262,10147,GetIndividual,429,Too Many Requests,GetIndividual 1-420,text,false,,600,3587,254,463,https://api-scuda.uat.oci.krungsri.tech/ic/api/v1/customer/individual/getprofile,10147,0,17
1779799824014,13418,UpdateIndividual,429,Too Many Requests,UpdateIndividual 4-207,text,false,,606,5585,140,465,https://api-scuda.uat.oci.krungsri.tech/ic/api/v1/customer/individual/updateprofile,13418,0,22
1779799824219,13216,GetIndividual,429,Too Many Requests,GetIndividual 1-320,text,false,,600,3588,254,464,https://api-scuda.uat.oci.krungsri.tech/ic/api/v1/customer/individual/getprofile,13216,0,22
1779799825111,12324,GetIndividual,429,Too Many Requests,GetIndividual 1-356,text,false,,600,3588,254,464,https://api-scuda.uat.oci.krungsri.tech/ic/api/v1/customer/individual/getprofile,12324,0,17
1779799823988,13451,GetIndividual,429,Too Many Requests,GetIndividual 1-310,text,false,,600,3588,252,463,https://api-scuda.uat.oci.krungsri.tech/ic/api/v1/customer/individual/getprofile,13451,0,10
1779799826750,10689,GetIndividual,429,Too Many Requests,GetIndividual 1-403,text,false,,600,3588,252,463,https://api-scuda.uat.oci.krungsri.tech/ic/api/v1/customer/individual/getprofile,10689,0,22
1779799825530,11911,UpdateIndividual,429,Too Many Requests,UpdateIndividual 4-236,text,false,,606,4227,139,463,https://api-scuda.uat.oci.krungsri.tech/ic/api/v1/customer/individual/updateprofile,11911,0,14
1779799825899,11542,GetIndividual,429,Too Many Requests,GetIndividual 1-382,text,false,,600,3588,251,462,https://api-scuda.uat.oci.krungsri.tech/ic/api/v1/customer/individual/getprofile,11542,0,21
1779799825561,11881,UpdateIndividual,429,Too Many Requests,UpdateIndividual 4-237,text,false,,606,4226,139,461,https://api-scuda.uat.oci.krungsri.tech/ic/api/v1/customer/individual/updateprofile,11881,0,14
1779799827065,10377,GetIndividual,429,Too Many Requests,GetIndividual 1-412,text,false,,600,3588,249,459,https://api-scuda.uat.oci.krungsri.tech/ic/api/v1/customer/individual/getprofile,10377,0,13
1779799827355,10088,UpdateIndividual,429,Too Many Requests,UpdateIndividual 4-266,text,false,,606,4227,138,459,https://api-scuda.uat.oci.krungsri.tech/ic/api/v1/customer/individual/updateprofile,10088,0,27
1779799827913,9530,GetIndividual,429,Too Many Requests,GetIndividual 1-440,text,false,,600,3588,249,458,https://api-scuda.uat.oci.krungsri.tech/ic/api/v1/customer/individual/getprofile,9530,0,17
1779799824410,13034,GetIndividual,429,Too Many Requests,GetIndividual 1-325,text,false,,600,3588,248,457,https://api-scuda.uat.oci.krungsri.tech/ic/api/v1/customer/individual/getprofile,13034,0,20
1779799837404,46,SearchIndividual,200,OK,SearchIndividual 2-1123,text,true,,1171,2602,3,454,https://api-scuda.uat.oci.krungsri.tech/ords/api/v1/customer/individual/searchprofile,44,0,23
1779799837386,64,SearchIndividual,200,OK,SearchIndividual 2-1122,text,true,,1177,2602,3,454,https://api-scuda.uat.oci.krungsri.tech/ords/api/v1/customer/individual/searchprofile,61,0,36
1779799824987,12463,GetIndividual,429,Too Many Requests,GetIndividual 1-348,text,false,,600,3587,246,452,https://api-scuda.uat.oci.krungsri.tech/ic/api/v1/customer/individual/getprofile,12463,0,19
1779799837438,46,SearchIndividual,200,OK,SearchIndividual 2-1124,text,true,,1203,2602,3,456,https://api-scuda.uat.oci.krungsri.tech/ords/api/v1/customer/individual/searchprofile,46,0,24
1779799837453,39,SearchIndividual,200,OK,SearchIndividual 2-1125,text,true,,1107,2602,2,455,https://api-scuda.uat.oci.krungsri.tech/ords/api/v1/customer/individual/searchprofile,38,0,21
1779799837453,46,SearchIndividual,200,OK,SearchIndividual 2-1126,text,true,,1155,2602,2,456,https://api-scuda.uat.oci.krungsri.tech/ords/api/v1/customer/individual/searchprofile,46,0,29
1779799837495,42,SearchIndividual,200,OK,SearchIndividual 2-1127,text,true,,1171,2602,6,462,https://api-scuda.uat.oci.krungsri.tech/ords/api/v1/customer/individual/searchprofile,41,0,25
1779799818393,19147,UpdateIndividual,429,Too Many Requests,UpdateIndividual 4-112,text,false,,606,4225,138,462,https://api-scuda.uat.oci.krungsri.tech/ic/api/v1/customer/individual/updateprofile,19147,0,19
1779799820568,16972,UpdateIndividual,429,Too Many Requests,UpdateIndividual 4-145,text,false,,606,5656,138,462,https://api-scuda.uat.oci.krungsri.tech/ic/api/v1/customer/individual/updateprofile,16972,0,20
1779799817638,19904,UpdateJuristic,429,Too Many Requests,UpdateJuristic 8-15,text,false,,602,5802,9,461,https://api-scuda.uat.oci.krungsri.tech/ic/api/v1/customer/juristic/updateprofile,19904,0,20
1779799819945,17600,GetIndividual,429,Too Many Requests,GetIndividual 1-206,text,false,,600,3588,250,460,https://api-scuda.uat.oci.krungsri.tech/ic/api/v1/customer/individual/getprofile,17600,0,19
1779799820813,16735,GetIndividual,429,Too Many Requests,GetIndividual 1-230,text,false,,600,3588,249,460,https://api-scuda.uat.oci.krungsri.tech/ic/api/v1/customer/individual/getprofile,16735,0,15
1779799819978,17571,UpdateIndividual,429,Too Many Requests,UpdateIndividual 4-137,text,false,,606,5605,136,459,https://api-scuda.uat.oci.krungsri.tech/ic/api/v1/customer/individual/updateprofile,17571,0,13
1779799821369,16181,GetIndividual,429,Too Many Requests,GetIndividual 1-244,text,false,,600,3588,248,458,https://api-scuda.uat.oci.krungsri.tech/ic/api/v1/customer/individual/getprofile,16181,0,12
1779799821024,16527,GetIndividual,429,Too Many Requests,GetIndividual 1-234,text,false,,600,3588,248,458,https://api-scuda.uat.oci.krungsri.tech/ic/api/v1/customer/individual/getprofile,16527,0,21
1779799821751,15801,GetIndividual,429,Too Many Requests,GetIndividual 1-253,text,false,,600,3588,246,456,https://api-scuda.uat.oci.krungsri.tech/ic/api/v1/customer/individual/getprofile,15801,0,23
1779799822114,15439,UpdateIndividual,429,Too Many Requests,UpdateIndividual 4-173,text,false,,606,5521,135,455,https://api-scuda.uat.oci.krungsri.tech/ic/api/v1/customer/individual/updateprofile,15439,0,18
1779799837526,37,SearchIndividual,200,OK,SearchIndividual 2-1129,text,true,,1213,2602,6,454,https://api-scuda.uat.oci.krungsri.tech/ords/api/v1/customer/individual/searchprofile,37,0,26
1779799821477,16085,UpdateIndividual,429,Too Many Requests,UpdateIndividual 4-161,text,false,,606,4227,134,454,https://api-scuda.uat.oci.krungsri.tech/ic/api/v1/customer/individual/updateprofile,16085,0,28
1779799837510,59,SearchIndividual,200,OK,SearchIndividual 2-1128,text,true,,1197,2602,5,453,https://api-scuda.uat.oci.krungsri.tech/ords/api/v1/customer/individual/searchprofile,54,0,21
1779799837533,37,SearchIndividual,200,OK,SearchIndividual 2-1131,text,true,,1153,2602,4,452,https://api-scuda.uat.oci.krungsri.tech/ords/api/v1/customer/individual/searchprofile,37,0,22
1779799837536,35,SearchIndividual,200,OK,SearchIndividual 2-1132,text,true,,1239,2602,3,451,https://api-scuda.uat.oci.krungsri.tech/ords/api/v1/customer/individual/searchprofile,35,0,22
1779799822436,15134,GetIndividual,429,Too Many Requests,GetIndividual 1-271,text,false,,600,3588,246,451,https://api-scuda.uat.oci.krungsri.tech/ic/api/v1/customer/individual/getprofile,15134,0,20
1779799837542,33,SearchIndividual,200,OK,SearchIndividual 2-1133,text,true,,1187,2602,2,449,https://api-scuda.uat.oci.krungsri.tech/ords/api/v1/customer/individual/searchprofile,33,0,21
1779799837533,44,SearchIndividual,200,OK,SearchIndividual 2-1130,text,true,,1201,2602,1,448,https://api-scuda.uat.oci.krungsri.tech/ords/api/v1/customer/individual/searchprofile,44,0,29
1779799822842,14742,UpdateIndividual,429,Too Many Requests,UpdateIndividual 4-187,text,false,,606,5621,133,447,https://api-scuda.uat.oci.krungsri.tech/ic/api/v1/customer/individual/updateprofile,14742,0,20
1779799821949,15635,GetIndividual,429,Too Many Requests,GetIndividual 1-259,text,false,,600,3588,245,447,https://api-scuda.uat.oci.krungsri.tech/ic/api/v1/customer/individual/getprofile,15635,0,20
1779799823189,14395,UpdateIndividual,429,Too Many Requests,UpdateIndividual 4-193,text,false,,606,4228,133,447,https://api-scuda.uat.oci.krungsri.tech/ic/api/v1/customer/individual/updateprofile,14395,0,13
1779799823181,14403,GetIndividual,429,Too Many Requests,GetIndividual 1-293,text,false,,600,3588,245,447,https://api-scuda.uat.oci.krungsri.tech/ic/api/v1/customer/individual/getprofile,14403,0,42
1779799822709,14878,GetIndividual,429,Too Many Requests,GetIndividual 1-277,text,false,,600,3588,243,443,https://api-scuda.uat.oci.krungsri.tech/ic/api/v1/customer/individual/getprofile,14878,0,21
1779799822846,14742,UpdateIndividual,429,Too Many Requests,UpdateIndividual 4-188,text,false,,606,4227,131,442,https://api-scuda.uat.oci.krungsri.tech/ic/api/v1/customer/individual/updateprofile,14742,0,18
1779799824628,12965,GetIndividual,429,Too Many Requests,GetIndividual 1-334,text,false,,600,3588,242,442,https://api-scuda.uat.oci.krungsri.tech/ic/api/v1/customer/individual/getprofile,12965,0,19
1779799824640,12954,UpdateIndividual,429,Too Many Requests,UpdateIndividual 4-220,text,false,,606,4229,130,441,https://api-scuda.uat.oci.krungsri.tech/ic/api/v1/customer/individual/updateprofile,12954,0,17
1779799825036,12559,UpdateIndividual,429,Too Many Requests,UpdateIndividual 4-231,text,false,,606,4227,129,440,https://api-scuda.uat.oci.krungsri.tech/ic/api/v1/customer/individual/updateprofile,12559,0,19
1779799824139,13456,GetIndividual,429,Too Many Requests,GetIndividual 1-315,text,false,,600,3588,241,440,https://api-scuda.uat.oci.krungsri.tech/ic/api/v1/customer/individual/getprofile,13456,0,36
1779799824907,12688,GetIndividual,429,Too Many Requests,GetIndividual 1-345,text,false,,600,3588,241,439,https://api-scuda.uat.oci.krungsri.tech/ic/api/v1/customer/individual/getprofile,12688,0,21
1779799837593,28,SearchIndividual,200,OK,SearchIndividual 2-1134,text,true,,1185,2602,2,439,https://api-scuda.uat.oci.krungsri.tech/ords/api/v1/customer/individual/searchprofile,28,0,17
1779799837602,28,SearchIndividual,200,OK,SearchIndividual 2-1135,text,true,,1155,2602,1,438,https://api-scuda.uat.oci.krungsri.tech/ords/api/v1/customer/individual/searchprofile,28,0,17
1779799825328,12321,GetIndividual,429,Too Many Requests,GetIndividual 1-365,text,false,,600,3588,240,437,https://api-scuda.uat.oci.krungsri.tech/ic/api/v1/customer/individual/getprofile,12321,0,24
1779799823762,13895,GetIndividual,429,Too Many Requests,GetIndividual 1-303,text,false,,600,3588,239,436,https://api-scuda.uat.oci.krungsri.tech/ic/api/v1/customer/individual/getprofile,13895,0,20
1779799827339,10339,GetIndividual,429,Too Many Requests,GetIndividual 1-423,text,false,,600,3588,239,437,https://api-scuda.uat.oci.krungsri.tech/ic/api/v1/customer/individual/getprofile,10339,0,15
1779799837719,30,SearchIndividual,200,OK,SearchIndividual 2-1136,text,true,,1227,2602,1,440,https://api-scuda.uat.oci.krungsri.tech/ords/api/v1/customer/individual/searchprofile,30,0,18
1779799824248,13550,UpdateIndividual,429,Too Many Requests,UpdateIndividual 4-211,text,false,,606,5660,129,445,https://api-scuda.uat.oci.krungsri.tech/ic/api/v1/customer/individual/updateprofile,13550,0,11
1779799825150,12649,GetIndividual,429,Too Many Requests,GetIndividual 1-357,text,false,,600,3587,242,445,https://api-scuda.uat.oci.krungsri.tech/ic/api/v1/customer/individual/getprofile,12649,0,18
1779799825216,12584,CreateJoint,429,Too Many Requests,CreateJoint 11-21,text,false,,596,5890,10,444,https://api-scuda.uat.oci.krungsri.tech/ic/api/v1/customer/joint/createprofile,12584,0,16
1779799825110,12694,GetIndividual,429,Too Many Requests,GetIndividual 1-354,text,false,,600,3588,241,442,https://api-scuda.uat.oci.krungsri.tech/ic/api/v1/customer/individual/getprofile,12694,0,12
1779799837785,28,SearchJuristic,200,OK,SearchJuristic 6-32,text,true,,1001,2600,1,441,https://api-scuda.uat.oci.krungsri.tech/ords/api/v1/customer/juristic/searchprofile,28,0,18
1779799837788,27,SearchIndividual,200,OK,SearchIndividual 2-1137,text,true,,1157,2602,1,440,https://api-scuda.uat.oci.krungsri.tech/ords/api/v1/customer/individual/searchprofile,27,0,15
1779799837830,30,SearchIndividual,200,OK,SearchIndividual 2-1138,text,true,,1188,2601,1,440,https://api-scuda.uat.oci.krungsri.tech/ords/api/v1/customer/individual/searchprofile,30,0,18
1779799837864,30,SearchIndividual,200,OK,SearchIndividual 2-1139,text,true,,1171,2602,3,446,https://api-scuda.uat.oci.krungsri.tech/ords/api/v1/customer/individual/searchprofile,30,0,17
1779799837869,26,SearchJoint,200,OK,SearchJoint 10-44,text,true,,621,2627,1,445,https://api-scuda.uat.oci.krungsri.tech/ords/api/v1/customer/joint/searchprofile,26,0,16
1779799837873,31,SearchIndividual,200,OK,SearchIndividual 2-1140,text,true,,1133,2602,2,445,https://api-scuda.uat.oci.krungsri.tech/ords/api/v1/customer/individual/searchprofile,31,0,18
1779799837893,32,SearchIndividual,200,OK,SearchIndividual 2-1141,text,true,,1184,2601,1,444,https://api-scuda.uat.oci.krungsri.tech/ords/api/v1/customer/individual/searchprofile,32,0,17
1779799837927,26,SearchIndividual,200,OK,SearchIndividual 2-1142,text,true,,1143,2602,2,446,https://api-scuda.uat.oci.krungsri.tech/ords/api/v1/customer/individual/searchprofile,26,0,14
1779799837947,30,SearchIndividual,200,OK,SearchIndividual 2-1143,text,true,,1145,2602,2,446,https://api-scuda.uat.oci.krungsri.tech/ords/api/v1/customer/individual/searchprofile,30,0,18
1779799837967,30,SearchIndividual,200,OK,SearchIndividual 2-1144,text,true,,1171,2602,1,446,https://api-scuda.uat.oci.krungsri.tech/ords/api/v1/customer/individual/searchprofile,30,0,19
1779799826477,11563,UpdateIndividual,429,Too Many Requests,UpdateIndividual 4-254,text,false,,606,5579,130,447,https://api-scuda.uat.oci.krungsri.tech/ic/api/v1/customer/individual/updateprofile,11563,0,23
1779799838051,31,SearchJoint,200,OK,SearchJoint 10-45,text,true,,621,2627,1,450,https://api-scuda.uat.oci.krungsri.tech/ords/api/v1/customer/joint/searchprofile,31,0,19
1779799838064,29,SearchIndividual,200,OK,SearchIndividual 2-1145,text,true,,1197,2602,1,449,https://api-scuda.uat.oci.krungsri.tech/ords/api/v1/customer/individual/searchprofile,29,0,18
1779799838097,25,SearchIndividual,200,OK,SearchIndividual 2-1146,text,true,,1181,2602,2,450,https://api-scuda.uat.oci.krungsri.tech/ords/api/v1/customer/individual/searchprofile,24,0,13
1779799838097,27,SearchIndividual,200,OK,SearchIndividual 2-1147,text,true,,1237,2602,1,449,https://api-scuda.uat.oci.krungsri.tech/ords/api/v1/customer/individual/searchprofile,26,0,16
1779799817408,20778,UpdateIndividual,200,OK,UpdateIndividual 4-100,text,true,,800,5589,130,449,https://api-scuda.uat.oci.krungsri.tech/ic/api/v1/customer/individual/updateprofile,20778,0,17
1779799826637,11549,GetIndividual,429,Too Many Requests,GetIndividual 1-398,text,false,,600,3588,245,449,https://api-scuda.uat.oci.krungsri.tech/ic/api/v1/customer/individual/getprofile,11549,0,17
1779799826955,11231,GetIndividual,429,Too Many Requests,GetIndividual 1-409,text,false,,600,3588,245,449,https://api-scuda.uat.oci.krungsri.tech/ic/api/v1/customer/individual/getprofile,11231,0,17
1779799825844,12342,GetIndividual,429,Too Many Requests,GetIndividual 1-380,text,false,,600,3588,245,449,https://api-scuda.uat.oci.krungsri.tech/ic/api/v1/customer/individual/getprofile,12342,0,20
1779799827408,10778,GetIndividual,429,Too Many Requests,GetIndividual 1-426,text,false,,600,3588,245,449,https://api-scuda.uat.oci.krungsri.tech/ic/api/v1/customer/individual/getprofile,10778,0,16
1779799828093,10094,UpdateIndividual,429,Too Many Requests,UpdateIndividual 4-278,text,false,,606,4226,130,449,https://api-scuda.uat.oci.krungsri.tech/ic/api/v1/customer/individual/updateprofile,10094,0,17
1779799827599,10587,GetIndividual,429,Too Many Requests,GetIndividual 1-430,text,false,,600,3588,245,449,https://api-scuda.uat.oci.krungsri.tech/ic/api/v1/customer/individual/getprofile,10587,0,19
1779799838190,27,SearchIndividual,200,OK,SearchIndividual 2-1148,text,true,,1212,2601,4,448,https://api-scuda.uat.oci.krungsri.tech/ords/api/v1/customer/individual/searchprofile,27,0,16
1779799838193,31,SearchIndividual,200,OK,SearchIndividual 2-1149,text,true,,1139,2602,4,448,https://api-scuda.uat.oci.krungsri.tech/ords/api/v1/customer/individual/searchprofile,30,0,20
1779799838221,42,SearchIndividual,200,OK,SearchIndividual 2-1152,text,true,,1161,2602,4,448,https://api-scuda.uat.oci.krungsri.tech/ords/api/v1/customer/individual/searchprofile,42,0,23
1779799838233,31,SearchIndividual,200,OK,SearchIndividual 2-1153,text,true,,1127,2602,4,448,https://api-scuda.uat.oci.krungsri.tech/ords/api/v1/customer/individual/searchprofile,30,0,19
1779799838206,110,SearchIndividual,200,OK,SearchIndividual 2-1151,text,true,,1217,2602,3,450,https://api-scuda.uat.oci.krungsri.tech/ords/api/v1/customer/individual/searchprofile,110,0,77
1779799838204,127,SearchIndividual,200,OK,SearchIndividual 2-1150,text,true,,1221,2602,2,451,https://api-scuda.uat.oci.krungsri.tech/ords/api/v1/customer/individual/searchprofile,127,0,82
1779799827600,10741,GetJuristic,429,Too Many Requests,GetJuristic 5-21,text,false,,596,3533,14,451,https://api-scuda.uat.oci.krungsri.tech/ic/api/v1/customer/juristic/getprofile,10741,0,21
1779799838334,24,SearchIndividual,200,OK,SearchIndividual 2-1155,text,true,,1129,2602,2,453,https://api-scuda.uat.oci.krungsri.tech/ords/api/v1/customer/individual/searchprofile,24,0,13
1779799838304,57,SearchIndividual,200,OK,SearchIndividual 2-1154,text,true,,1175,2602,1,452,https://api-scuda.uat.oci.krungsri.tech/ords/api/v1/customer/individual/searchprofile,57,0,27
1779799838363,32,SearchIndividual,200,OK,SearchIndividual 2-1156,text,true,,1153,2602,3,459,https://api-scuda.uat.oci.krungsri.tech/ords/api/v1/customer/individual/searchprofile,31,0,15
1779799838369,27,SearchIndividual,200,OK,SearchIndividual 2-1157,text,true,,1175,2602,2,458,https://api-scuda.uat.oci.krungsri.tech/ords/api/v1/customer/individual/searchprofile,27,0,16
1779799838380,30,SearchIndividual,200,OK,SearchIndividual 2-1158,text,true,,1167,2602,4,460,https://api-scuda.uat.oci.krungsri.tech/ords/api/v1/customer/individual/searchprofile,30,0,19
1779799838408,20,SearchIndividual,200,OK,SearchIndividual 2-1161,text,true,,1249,2602,7,465,https://api-scuda.uat.oci.krungsri.tech/ords/api/v1/customer/individual/searchprofile,20,0,10
1779799838404,24,SearchIndividual,200,OK,SearchIndividual 2-1160,text,true,,1113,2600,7,465,https://api-scuda.uat.oci.krungsri.tech/ords/api/v1/customer/individual/searchprofile,24,0,13
1779799838403,47,SearchIndividual,200,OK,SearchIndividual 2-1159,text,true,,1151,2600,8,467,https://api-scuda.uat.oci.krungsri.tech/ords/api/v1/customer/individual/searchprofile,47,0,30
1779799838412,41,SearchIndividual,200,OK,SearchIndividual 2-1162,text,true,,1181,2602,7,467,https://api-scuda.uat.oci.krungsri.tech/ords/api/v1/customer/individual/searchprofile,41,0,25
1779799838424,31,SearchIndividual,200,OK,SearchIndividual 2-1164,text,true,,1191,2602,6,466,https://api-scuda.uat.oci.krungsri.tech/ords/api/v1/customer/individual/searchprofile,31,0,19
1779799838429,31,SearchIndividual,200,OK,SearchIndividual 2-1165,text,true,,1155,2602,5,465,https://api-scuda.uat.oci.krungsri.tech/ords/api/v1/customer/individual/searchprofile,30,0,19
1779799838429,31,SearchIndividual,200,OK,SearchIndividual 2-1166,text,true,,1189,2602,4,464,https://api-scuda.uat.oci.krungsri.tech/ords/api/v1/customer/individual/searchprofile,31,0,21
1779799838434,27,SearchIndividual,200,OK,SearchIndividual 2-1167,text,true,,1145,2602,3,463,https://api-scuda.uat.oci.krungsri.tech/ords/api/v1/customer/individual/searchprofile,27,0,16
1779799838435,27,SearchIndividual,200,OK,SearchIndividual 2-1168,text,true,,1165,2602,2,462,https://api-scuda.uat.oci.krungsri.tech/ords/api/v1/customer/individual/searchprofile,27,0,17
1779799838416,57,SearchIndividual,200,OK,SearchIndividual 2-1163,text,true,,1117,2602,1,461,https://api-scuda.uat.oci.krungsri.tech/ords/api/v1/customer/individual/searchprofile,57,0,46
1779799838476,46,SearchIndividual,200,OK,SearchIndividual 2-1169,text,true,,1172,2601,3,465,https://api-scuda.uat.oci.krungsri.tech/ords/api/v1/customer/individual/searchprofile,46,0,29
1779799838503,32,SearchIndividual,200,OK,SearchIndividual 2-1171,text,true,,1157,2602,5,467,https://api-scuda.uat.oci.krungsri.tech/ords/api/v1/customer/individual/searchprofile,32,0,19
1779799838500,45,SearchIndividual,200,OK,SearchIndividual 2-1170,text,true,,1153,2602,4,467,https://api-scuda.uat.oci.krungsri.tech/ords/api/v1/customer/individual/searchprofile,44,0,27
1779799825772,12774,GetIndividual,429,Too Many Requests,GetIndividual 1-377,text,false,,600,3588,248,466,https://api-scuda.uat.oci.krungsri.tech/ic/api/v1/customer/individual/getprofile,12774,0,10
1779799825941,12607,GetIndividual,429,Too Many Requests,GetIndividual 1-383,text,false,,600,3587,247,465,https://api-scuda.uat.oci.krungsri.tech/ic/api/v1/customer/individual/getprofile,12607,0,15
1779799838525,41,SearchIndividual,200,OK,SearchIndividual 2-1172,text,true,,1171,2602,3,464,https://api-scuda.uat.oci.krungsri.tech/ords/api/v1/customer/individual/searchprofile,41,0,15
1779799838535,33,SearchIndividual,200,OK,SearchIndividual 2-1173,text,true,,1193,2602,2,463,https://api-scuda.uat.oci.krungsri.tech/ords/api/v1/customer/individual/searchprofile,33,0,17
1779799838535,38,SearchIndividual,200,OK,SearchIndividual 2-1174,text,true,,1121,2602,2,463,https://api-scuda.uat.oci.krungsri.tech/ords/api/v1/customer/individual/searchprofile,38,0,17
1779799838570,26,SearchIndividual,200,OK,SearchIndividual 2-1175,text,true,,1153,2602,2,464,https://api-scuda.uat.oci.krungsri.tech/ords/api/v1/customer/individual/searchprofile,26,0,16
1779799838581,20,SearchIndividual,200,OK,SearchIndividual 2-1176,text,true,,1143,2602,2,464,https://api-scuda.uat.oci.krungsri.tech/ords/api/v1/customer/individual/searchprofile,20,0,9
1779799838605,78,SearchIndividual,200,OK,SearchIndividual 2-1178,text,true,,1161,2602,5,474,https://api-scuda.uat.oci.krungsri.tech/ords/api/v1/customer/individual/searchprofile,78,0,57
1779799827380,11314,GetIndividual,429,Too Many Requests,GetIndividual 1-424,text,false,,600,3588,251,475,https://api-scuda.uat.oci.krungsri.tech/ic/api/v1/customer/individual/getprofile,11314,0,30
1779799828099,10596,GetIndividual,429,Too Many Requests,GetIndividual 1-447,text,false,,600,3587,251,475,https://api-scuda.uat.oci.krungsri.tech/ic/api/v1/customer/individual/getprofile,10596,0,21
1779799827651,11053,GetIndividual,429,Too Many Requests,GetIndividual 1-433,text,false,,600,3588,249,474,https://api-scuda.uat.oci.krungsri.tech/ic/api/v1/customer/individual/getprofile,11053,0,15
1779799838698,26,SearchIndividual,200,OK,SearchIndividual 2-1183,text,true,,1153,2602,6,474,https://api-scuda.uat.oci.krungsri.tech/ords/api/v1/customer/individual/searchprofile,26,0,15
1779799838598,130,SearchIndividual,200,OK,SearchIndividual 2-1177,text,true,,1155,2602,5,473,https://api-scuda.uat.oci.krungsri.tech/ords/api/v1/customer/individual/searchprofile,130,0,78
1779799838626,110,SearchIndividual,200,OK,SearchIndividual 2-1179,text,true,,1221,2602,4,474,https://api-scuda.uat.oci.krungsri.tech/ords/api/v1/customer/individual/searchprofile,110,0,66
1779799838635,119,SearchIndividual,200,OK,SearchIndividual 2-1180,text,true,,1191,2602,3,474,https://api-scuda.uat.oci.krungsri.tech/ords/api/v1/customer/individual/searchprofile,119,0,70
1779799838685,82,SearchIndividual,200,OK,SearchIndividual 2-1182,text,true,,1199,2602,3,475,https://api-scuda.uat.oci.krungsri.tech/ords/api/v1/customer/individual/searchprofile,81,0,53
1779799838676,96,SearchIndividual,200,OK,SearchIndividual 2-1181,text,true,,1191,2602,2,474,https://api-scuda.uat.oci.krungsri.tech/ords/api/v1/customer/individual/searchprofile,96,0,57
1779799838757,26,SearchIndividual,200,OK,SearchIndividual 2-1184,text,true,,1180,2601,2,474,https://api-scuda.uat.oci.krungsri.tech/ords/api/v1/customer/individual/searchprofile,26,0,15
1779799838774,24,SearchIndividual,200,OK,SearchIndividual 2-1185,text,true,,1204,2601,1,476,https://api-scuda.uat.oci.krungsri.tech/ords/api/v1/customer/individual/searchprofile,24,0,14
1779799838807,28,SearchIndividual,200,OK,SearchIndividual 2-1186,text,true,,1193,2602,3,480,https://api-scuda.uat.oci.krungsri.tech/ords/api/v1/customer/individual/searchprofile,28,0,18
1779799838829,26,SearchIndividual,200,OK,SearchIndividual 2-1188,text,true,,1183,2602,2,480,https://api-scuda.uat.oci.krungsri.tech/ords/api/v1/customer/individual/searchprofile,26,0,16
1779799838825,36,SearchIndividual,200,OK,SearchIndividual 2-1187,text,true,,1153,2602,1,480,https://api-scuda.uat.oci.krungsri.tech/ords/api/v1/customer/individual/searchprofile,36,0,25
1779799838847,30,SearchJoint,200,OK,SearchJoint 10-46,text,true,,621,2627,1,482,https://api-scuda.uat.oci.krungsri.tech/ords/api/v1/customer/joint/searchprofile,30,0,20
1779799838865,31,SearchIndividual,200,OK,SearchIndividual 2-1189,text,true,,1173,2602,3,482,https://api-scuda.uat.oci.krungsri.tech/ords/api/v1/customer/individual/searchprofile,31,0,21
1779799838870,27,SearchIndividual,200,OK,SearchIndividual 2-1191,text,true,,1159,2602,3,482,https://api-scuda.uat.oci.krungsri.tech/ords/api/v1/customer/individual/searchprofile,26,0,15
1779799838868,32,SearchIndividual,200,OK,SearchIndividual 2-1190,text,true,,1143,2602,1,481,https://api-scuda.uat.oci.krungsri.tech/ords/api/v1/customer/individual/searchprofile,32,0,22
1779799838913,75,SearchIndividual,200,OK,SearchIndividual 2-1192,text,true,,1117,2602,2,486,https://api-scuda.uat.oci.krungsri.tech/ords/api/v1/customer/individual/searchprofile,75,0,56
1779799838970,38,SearchIndividual,200,OK,SearchIndividual 2-1193,text,true,,1183,2602,1,485,https://api-scuda.uat.oci.krungsri.tech/ords/api/v1/customer/individual/searchprofile,38,0,23
1779799839023,30,SearchIndividual,200,OK,SearchIndividual 2-1195,text,true,,1159,2602,3,490,https://api-scuda.uat.oci.krungsri.tech/ords/api/v1/customer/individual/searchprofile,30,0,18
1779799839014,40,SearchIndividual,200,OK,SearchIndividual 2-1194,text,true,,1163,2602,3,490,https://api-scuda.uat.oci.krungsri.tech/ords/api/v1/customer/individual/searchprofile,40,0,17
1779799839030,26,SearchIndividual,200,OK,SearchIndividual 2-1196,text,true,,1167,2602,1,488,https://api-scuda.uat.oci.krungsri.tech/ords/api/v1/customer/individual/searchprofile,26,0,14
1779799839086,28,SearchIndividual,200,OK,SearchIndividual 2-1197,text,true,,1213,2602,2,494,https://api-scuda.uat.oci.krungsri.tech/ords/api/v1/customer/individual/searchprofile,28,0,17
1779799839111,29,SearchIndividual,200,OK,SearchIndividual 2-1198,text,true,,1193,2602,3,496,https://api-scuda.uat.oci.krungsri.tech/ords/api/v1/customer/individual/searchprofile,28,0,18
1779799839119,29,SearchIndividual,200,OK,SearchIndividual 2-1200,text,true,,1217,2602,3,496,https://api-scuda.uat.oci.krungsri.tech/ords/api/v1/customer/individual/searchprofile,29,0,19
1779799839116,32,SearchIndividual,200,OK,SearchIndividual 2-1199,text,true,,1215,2602,2,496,https://api-scuda.uat.oci.krungsri.tech/ords/api/v1/customer/individual/searchprofile,32,0,22
1779799839143,30,SearchIndividual,200,OK,SearchIndividual 2-1201,text,true,,1143,2602,2,498,https://api-scuda.uat.oci.krungsri.tech/ords/api/v1/customer/individual/searchprofile,30,0,21
1779799839158,32,SearchIndividual,200,OK,SearchIndividual 2-1202,text,true,,1137,2602,2,500,https://api-scuda.uat.oci.krungsri.tech/ords/api/v1/customer/individual/searchprofile,32,0,20
1779799839174,27,SearchIndividual,200,OK,SearchIndividual 2-1203,text,true,,1167,2602,2,501,https://api-scuda.uat.oci.krungsri.tech/ords/api/v1/customer/individual/searchprofile,27,0,12
1779799839199,33,SearchIndividual,200,OK,SearchIndividual 2-1204,text,true,,1193,2602,2,501,https://api-scuda.uat.oci.krungsri.tech/ords/api/v1/customer/individual/searchprofile,33,0,20
1779799826361,12877,UpdateIndividual,429,Too Many Requests,UpdateIndividual 4-251,text,false,,606,4227,156,500,https://api-scuda.uat.oci.krungsri.tech/ic/api/v1/customer/individual/updateprofile,12877,0,25
1779799839212,35,SearchIndividual,200,OK,SearchIndividual 2-1205,text,true,,1137,2602,1,499,https://api-scuda.uat.oci.krungsri.tech/ords/api/v1/customer/individual/searchprofile,34,0,19
1779799826730,12521,GetIndividual,429,Too Many Requests,GetIndividual 1-402,text,false,,600,3588,259,498,https://api-scuda.uat.oci.krungsri.tech/ic/api/v1/customer/individual/getprofile,12521,0,22
1779799839255,34,SearchIndividual,200,OK,SearchIndividual 2-1206,text,true,,1149,2602,5,504,https://api-scuda.uat.oci.krungsri.tech/ords/api/v1/customer/individual/searchprofile,34,0,23
1779799839257,33,SearchIndividual,200,OK,SearchIndividual 2-1207,text,true,,1163,2602,4,503,https://api-scuda.uat.oci.krungsri.tech/ords/api/v1/customer/individual/searchprofile,33,0,22
1779799839263,30,SearchIndividual,200,OK,SearchIndividual 2-1208,text,true,,1143,2602,3,502,https://api-scuda.uat.oci.krungsri.tech/ords/api/v1/customer/individual/searchprofile,30,0,18
1779799839285,26,SearchIndividual,200,OK,SearchIndividual 2-1209,text,true,,1176,2601,3,502,https://api-scuda.uat.oci.krungsri.tech/ords/api/v1/customer/individual/searchprofile,26,0,14
1779799839289,26,SearchIndividual,200,OK,SearchIndividual 2-1210,text,true,,1151,2602,2,502,https://api-scuda.uat.oci.krungsri.tech/ords/api/v1/customer/individual/searchprofile,26,0,16
1779799839294,41,SearchIndividual,200,OK,SearchIndividual 2-1211,text,true,,1193,2602,2,504,https://api-scuda.uat.oci.krungsri.tech/ords/api/v1/customer/individual/searchprofile,41,0,30
1779799839335,31,SearchIndividual,200,OK,SearchIndividual 2-1212,text,true,,1197,2602,2,505,https://api-scuda.uat.oci.krungsri.tech/ords/api/v1/customer/individual/searchprofile,30,0,18
1779799839364,28,SearchIndividual,200,OK,SearchIndividual 2-1213,text,true,,1175,2602,1,505,https://api-scuda.uat.oci.krungsri.tech/ords/api/v1/customer/individual/searchprofile,28,0,16
1779799827075,12376,UpdateIndividual,429,Too Many Requests,UpdateIndividual 4-264,text,false,,606,5646,160,512,https://api-scuda.uat.oci.krungsri.tech/ic/api/v1/customer/individual/updateprofile,12376,0,77
1779799839436,28,SearchIndividual,200,OK,SearchIndividual 2-1214,text,true,,1227,2602,1,513,https://api-scuda.uat.oci.krungsri.tech/ords/api/v1/customer/individual/searchprofile,28,0,18
1779799839431,35,SearchJuristic,200,OK,SearchJuristic 6-33,text,true,,999,2600,1,512,https://api-scuda.uat.oci.krungsri.tech/ords/api/v1/customer/juristic/searchprofile,35,0,25
1779799826465,13079,UpdateIndividual,429,Too Many Requests,UpdateIndividual 4-253,text,false,,606,5597,162,512,https://api-scuda.uat.oci.krungsri.tech/ic/api/v1/customer/individual/updateprofile,13079,0,21
1779799826647,12911,GetIndividual,429,Too Many Requests,GetIndividual 1-399,text,false,,600,3588,266,511,https://api-scuda.uat.oci.krungsri.tech/ic/api/v1/customer/individual/getprofile,12911,0,19
1779799839581,26,SearchIndividual,200,OK,SearchIndividual 2-1220,text,true,,1207,2602,8,524,https://api-scuda.uat.oci.krungsri.tech/ords/api/v1/customer/individual/searchprofile,26,0,12
1779799839579,29,SearchIndividual,200,OK,SearchIndividual 2-1219,text,true,,1239,2602,7,523,https://api-scuda.uat.oci.krungsri.tech/ords/api/v1/customer/individual/searchprofile,29,0,17
1779799839577,33,SearchIndividual,200,OK,SearchIndividual 2-1217,text,true,,1119,2602,6,522,https://api-scuda.uat.oci.krungsri.tech/ords/api/v1/customer/individual/searchprofile,33,0,18
1779799839577,35,SearchIndividual,200,OK,SearchIndividual 2-1216,text,true,,1185,2602,5,521,https://api-scuda.uat.oci.krungsri.tech/ords/api/v1/customer/individual/searchprofile,35,0,16
1779799839576,41,SearchIndividual,200,OK,SearchIndividual 2-1215,text,true,,1179,2602,4,520,https://api-scuda.uat.oci.krungsri.tech/ords/api/v1/customer/individual/searchprofile,40,0,24
1779799839579,38,SearchIndividual,200,OK,SearchIndividual 2-1218,text,true,,1139,2602,4,520,https://api-scuda.uat.oci.krungsri.tech/ords/api/v1/customer/individual/searchprofile,38,0,22
1779799826909,12735,GetIndividual,429,Too Many Requests,GetIndividual 1-407,text,false,,600,3588,269,521,https://api-scuda.uat.oci.krungsri.tech/ic/api/v1/customer/individual/getprofile,12735,0,21
1779799828250,11391,GetIndividual,429,Too Many Requests,GetIndividual 1-453,text,false,,600,3588,269,521,https://api-scuda.uat.oci.krungsri.tech/ic/api/v1/customer/individual/getprofile,11391,0,33
1779799827075,12565,GetIndividual,429,Too Many Requests,GetIndividual 1-414,text,false,,600,3588,269,521,https://api-scuda.uat.oci.krungsri.tech/ic/api/v1/customer/individual/getprofile,12565,0,14
1779799839600,41,SearchIndividual,200,OK,SearchIndividual 2-1222,text,true,,1161,2602,2,519,https://api-scuda.uat.oci.krungsri.tech/ords/api/v1/customer/individual/searchprofile,41,0,29
1779799839599,66,SearchIndividual,200,OK,SearchIndividual 2-1221,text,true,,1229,2602,3,517,https://api-scuda.uat.oci.krungsri.tech/ords/api/v1/customer/individual/searchprofile,66,0,48
1779799839642,31,SearchIndividual,200,OK,SearchIndividual 2-1223,text,true,,1223,2602,2,516,https://api-scuda.uat.oci.krungsri.tech/ords/api/v1/customer/individual/searchprofile,31,0,19
1779799839642,34,SearchIndividual,200,OK,SearchIndividual 2-1224,text,true,,1213,2602,1,515,https://api-scuda.uat.oci.krungsri.tech/ords/api/v1/customer/individual/searchprofile,34,0,23
1779799839681,34,SearchIndividual,200,OK,SearchIndividual 2-1225,text,true,,1191,2602,2,516,https://api-scuda.uat.oci.krungsri.tech/ords/api/v1/customer/individual/searchprofile,34,0,23
1779799839710,30,SearchIndividual,200,OK,SearchIndividual 2-1226,text,true,,1209,2602,3,521,https://api-scuda.uat.oci.krungsri.tech/ords/api/v1/customer/individual/searchprofile,30,0,19
1779799810928,28813,GetIndividual,200,OK,GetIndividual 1-44,text,true,,3864,3588,268,520,https://api-scuda.uat.oci.krungsri.tech/ic/api/v1/customer/individual/getprofile,28813,0,16
1779799828381,11362,GetIndividual,429,Too Many Requests,GetIndividual 1-457,text,false,,600,3588,267,519,https://api-scuda.uat.oci.krungsri.tech/ic/api/v1/customer/individual/getprofile,11362,0,35
1779799830012,9733,GetJuristic,429,Too Many Requests,GetJuristic 5-27,text,false,,596,3533,16,519,https://api-scuda.uat.oci.krungsri.tech/ic/api/v1/customer/juristic/getprofile,9733,0,16
1779799829117,10628,GetIndividual,429,Too Many Requests,GetIndividual 1-482,text,false,,600,3588,267,519,https://api-scuda.uat.oci.krungsri.tech/ic/api/v1/customer/individual/getprofile,10628,0,18
1779799807320,32426,GetIndividual,200,OK,GetIndividual 1-12,text,true,,3777,3588,266,517,https://api-scuda.uat.oci.krungsri.tech/ic/api/v1/customer/individual/getprofile,32426,0,13
1779799826753,12994,GetIndividual,429,Too Many Requests,GetIndividual 1-404,text,false,,600,3588,264,515,https://api-scuda.uat.oci.krungsri.tech/ic/api/v1/customer/individual/getprofile,12994,0,19
1779799829549,10211,GetIndividual,429,Too Many Requests,GetIndividual 1-499,text,false,,600,3588,263,514,https://api-scuda.uat.oci.krungsri.tech/ic/api/v1/customer/individual/getprofile,10211,0,26
1779799829279,10482,GetJuristic,429,Too Many Requests,GetJuristic 5-23,text,false,,596,3533,15,513,https://api-scuda.uat.oci.krungsri.tech/ic/api/v1/customer/juristic/getprofile,10482,0,23
1779799806941,32821,GetIndividual,200,OK,GetIndividual 1-11,text,true,,3845,3588,262,512,https://api-scuda.uat.oci.krungsri.tech/ic/api/v1/customer/individual/getprofile,32821,0,17
1779799839727,37,SearchIndividual,200,OK,SearchIndividual 2-1227,text,true,,1223,2602,2,512,https://api-scuda.uat.oci.krungsri.tech/ords/api/v1/customer/individual/searchprofile,37,0,23
1779799827281,12482,GetIndividual,429,Too Many Requests,GetIndividual 1-421,text,false,,600,3588,262,512,https://api-scuda.uat.oci.krungsri.tech/ic/api/v1/customer/individual/getprofile,12482,0,20
1779799839741,46,SearchIndividual,200,OK,SearchIndividual 2-1228,text,true,,1185,2602,3,513,https://api-scuda.uat.oci.krungsri.tech/ords/api/v1/customer/individual/searchprofile,46,0,33
1779799839768,31,SearchIndividual,200,OK,SearchIndividual 2-1229,text,true,,1180,2601,2,513,https://api-scuda.uat.oci.krungsri.tech/ords/api/v1/customer/individual/searchprofile,31,0,18
1779799839780,32,SearchIndividual,200,OK,SearchIndividual 2-1230,text,true,,1157,2602,1,512,https://api-scuda.uat.oci.krungsri.tech/ords/api/v1/customer/individual/searchprofile,32,0,22
1779799808794,31050,GetIndividual,200,OK,GetIndividual 1-24,text,true,,3849,3588,263,512,https://api-scuda.uat.oci.krungsri.tech/ic/api/v1/customer/individual/getprofile,31050,0,14
1779799826220,13628,UpdateIndividual,429,Too Many Requests,UpdateIndividual 4-248,text,false,,606,5502,166,511,https://api-scuda.uat.oci.krungsri.tech/ic/api/v1/customer/individual/updateprofile,13628,0,18
1779799827421,12427,GetIndividual,429,Too Many Requests,GetIndividual 1-427,text,false,,600,3588,262,511,https://api-scuda.uat.oci.krungsri.tech/ic/api/v1/customer/individual/getprofile,12427,0,34
1779799826386,13465,GetIndividual,429,Too Many Requests,GetIndividual 1-391,text,false,,600,3588,261,509,https://api-scuda.uat.oci.krungsri.tech/ic/api/v1/customer/individual/getprofile,13465,0,31
1779799826960,12893,UpdateIndividual,429,Too Many Requests,UpdateIndividual 4-262,text,false,,606,5589,166,509,https://api-scuda.uat.oci.krungsri.tech/ic/api/v1/customer/individual/updateprofile,12893,0,18
1779799827602,12251,GetJuristic,429,Too Many Requests,GetJuristic 5-22,text,false,,596,3533,14,509,https://api-scuda.uat.oci.krungsri.tech/ic/api/v1/customer/juristic/getprofile,12251,0,13
1779799839827,35,SearchIndividual,200,OK,SearchIndividual 2-1231,text,true,,1229,2602,1,507,https://api-scuda.uat.oci.krungsri.tech/ords/api/v1/customer/individual/searchprofile,35,0,24
1779799827127,12734,GetIndividual,429,Too Many Requests,GetIndividual 1-416,text,false,,600,3588,260,506,https://api-scuda.uat.oci.krungsri.tech/ic/api/v1/customer/individual/getprofile,12734,0,26
1779799827467,12398,UpdateIndividual,429,Too Many Requests,UpdateIndividual 4-267,text,false,,606,5560,165,507,https://api-scuda.uat.oci.krungsri.tech/ic/api/v1/customer/individual/updateprofile,12398,0,12
1779799828284,11586,UpdateIndividual,429,Too Many Requests,UpdateIndividual 4-284,text,false,,606,4227,165,508,https://api-scuda.uat.oci.krungsri.tech/ic/api/v1/customer/individual/updateprofile,11586,0,60
1779799827752,12118,GetIndividual,429,Too Many Requests,GetIndividual 1-435,text,false,,600,3588,262,508,https://api-scuda.uat.oci.krungsri.tech/ic/api/v1/customer/individual/getprofile,12118,0,18
1779799828204,11667,GetIndividual,429,Too Many Requests,GetIndividual 1-451,text,false,,600,3588,262,507,https://api-scuda.uat.oci.krungsri.tech/ic/api/v1/customer/individual/getprofile,11667,0,20
1779799828678,11194,UpdateIndividual,429,Too Many Requests,UpdateIndividual 4-293,text,false,,606,4227,164,506,https://api-scuda.uat.oci.krungsri.tech/ic/api/v1/customer/individual/updateprofile,11194,0,21
1779799828056,11824,UpdateIndividual,429,Too Many Requests,UpdateIndividual 4-277,text,false,,606,5527,163,504,https://api-scuda.uat.oci.krungsri.tech/ic/api/v1/customer/individual/updateprofile,11824,0,17
1779799828517,11375,GetIndividual,429,Too Many Requests,GetIndividual 1-460,text,false,,600,3588,260,505,https://api-scuda.uat.oci.krungsri.tech/ic/api/v1/customer/individual/getprofile,11375,0,27
1779799828496,11396,UpdateIndividual,429,Too Many Requests,UpdateIndividual 4-289,text,false,,606,4227,162,505,https://api-scuda.uat.oci.krungsri.tech/ic/api/v1/customer/individual/updateprofile,11396,0,16
1779799818948,20949,GetIndividual,200,OK,GetIndividual 1-181,text,true,,3877,3588,259,503,https://api-scuda.uat.oci.krungsri.tech/ic/api/v1/customer/individual/getprofile,20949,0,13
1779799839887,25,SearchIndividual,200,OK,SearchIndividual 2-1233,text,true,,1219,2602,2,502,https://api-scuda.uat.oci.krungsri.tech/ords/api/v1/customer/individual/searchprofile,25,0,13
1779799839885,42,SearchIndividual,200,OK,SearchIndividual 2-1232,text,true,,1145,2602,2,503,https://api-scuda.uat.oci.krungsri.tech/ords/api/v1/customer/individual/searchprofile,42,0,22
1779799835230,4707,UpdateIndividual,429,Too Many Requests,UpdateIndividual 4-407,text,false,,606,4229,161,504,https://api-scuda.uat.oci.krungsri.tech/ic/api/v1/customer/individual/updateprofile,4707,0,19
1779799834871,5073,GetIndividual,429,Too Many Requests,GetIndividual 1-669,text,false,,600,3588,259,504,https://api-scuda.uat.oci.krungsri.tech/ic/api/v1/customer/individual/getprofile,5073,0,13
1779799839922,28,SearchIndividual,200,OK,SearchIndividual 2-1234,text,true,,1199,2602,4,505,https://api-scuda.uat.oci.krungsri.tech/ords/api/v1/customer/individual/searchprofile,28,0,17
1779799836007,3943,UpdateIndividual,429,Too Many Requests,UpdateIndividual 4-417,text,false,,606,5613,161,505,https://api-scuda.uat.oci.krungsri.tech/ic/api/v1/customer/individual/updateprofile,3943,0,23
1779799827602,12350,UpdateIndividual,429,Too Many Requests,UpdateIndividual 4-269,text,false,,606,5526,161,504,https://api-scuda.uat.oci.krungsri.tech/ic/api/v1/customer/individual/updateprofile,12350,0,9
1779799839930,28,SearchIndividual,200,OK,SearchIndividual 2-1235,text,true,,1183,2602,3,503,https://api-scuda.uat.oci.krungsri.tech/ords/api/v1/customer/individual/searchprofile,28,0,17
1779799839943,32,SearchIndividual,200,OK,SearchIndividual 2-1236,text,true,,1151,2602,3,503,https://api-scuda.uat.oci.krungsri.tech/ords/api/v1/customer/individual/searchprofile,31,0,21
1779799839947,56,SearchIndividual,200,OK,SearchIndividual 2-1237,text,true,,1103,2602,2,505,https://api-scuda.uat.oci.krungsri.tech/ords/api/v1/customer/individual/searchprofile,55,0,20
1779799839959,46,SearchIndividual,200,OK,SearchIndividual 2-1238,text,true,,1191,2602,1,504,https://api-scuda.uat.oci.krungsri.tech/ords/api/v1/customer/individual/searchprofile,46,0,35
1779799840040,32,SearchIndividual,200,OK,SearchIndividual 2-1240,text,true,,1160,2601,2,508,https://api-scuda.uat.oci.krungsri.tech/ords/api/v1/customer/individual/searchprofile,32,0,20
1779799840041,32,SearchIndividual,200,OK,SearchIndividual 2-1239,text,true,,1202,2601,1,508,https://api-scuda.uat.oci.krungsri.tech/ords/api/v1/customer/individual/searchprofile,32,0,21
1779799840127,21,SearchIndividual,200,OK,SearchIndividual 2-1241,text,true,,1231,2602,3,515,https://api-scuda.uat.oci.krungsri.tech/ords/api/v1/customer/individual/searchprofile,21,0,10
1779799840131,34,SearchIndividual,200,OK,SearchIndividual 2-1242,text,true,,1163,2602,2,515,https://api-scuda.uat.oci.krungsri.tech/ords/api/v1/customer/individual/searchprofile,33,0,21
1779799840148,29,SearchIndividual,200,OK,SearchIndividual 2-1243,text,true,,1225,2602,1,516,https://api-scuda.uat.oci.krungsri.tech/ords/api/v1/customer/individual/searchprofile,29,0,18
1779799827156,13061,GetIndividual,429,Too Many Requests,GetIndividual 1-418,text,false,,600,3588,268,521,https://api-scuda.uat.oci.krungsri.tech/ic/api/v1/customer/individual/getprofile,13061,0,14
1779799827872,12345,GetIndividual,429,Too Many Requests,GetIndividual 1-438,text,false,,600,3587,268,521,https://api-scuda.uat.oci.krungsri.tech/ic/api/v1/customer/individual/getprofile,12345,0,11
1779799840198,26,SearchIndividual,200,OK,SearchIndividual 2-1244,text,true,,1185,2602,4,520,https://api-scuda.uat.oci.krungsri.tech/ords/api/v1/customer/individual/searchprofile,26,0,15
1779799840203,31,SearchIndividual,200,OK,SearchIndividual 2-1245,text,true,,1159,2602,3,520,https://api-scuda.uat.oci.krungsri.tech/ords/api/v1/customer/individual/searchprofile,31,0,21
1779799840204,40,SearchIndividual,200,OK,SearchIndividual 2-1246,text,true,,1147,2602,2,520,https://api-scuda.uat.oci.krungsri.tech/ords/api/v1/customer/individual/searchprofile,40,0,27
1779799828202,12043,GetIndividual,429,Too Many Requests,GetIndividual 1-448,text,false,,600,3588,267,519,https://api-scuda.uat.oci.krungsri.tech/ic/api/v1/customer/individual/getprofile,12043,0,29
1779799834629,5619,UpdateIndividual,429,Too Many Requests,UpdateIndividual 4-400,text,false,,606,4227,164,518,https://api-scuda.uat.oci.krungsri.tech/ic/api/v1/customer/individual/updateprofile,5619,0,29
1779799840221,32,SearchIndividual,200,OK,SearchIndividual 2-1247,text,true,,1195,2602,1,517,https://api-scuda.uat.oci.krungsri.tech/ords/api/v1/customer/individual/searchprofile,32,0,20
1779799840211,43,SearchJuristic,200,OK,SearchJuristic 6-34,text,true,,1003,2600,1,516,https://api-scuda.uat.oci.krungsri.tech/ords/api/v1/customer/juristic/searchprofile,43,0,29
1779799828615,11738,CreateJuristic,429,Too Many Requests,CreateJuristic 7-24,text,false,,602,8185,8,350,https://api-scuda.uat.oci.krungsri.tech/ic/api/v1/customer/juristic/createprofile,11738,0,18
1779799840362,44,UpdateJuristic,Non HTTP response code: java.net.SocketException,Non HTTP response message: Socket is closed,UpdateJuristic 8-36,text,false,,3194,0,13,151,https://api-scuda.uat.oci.krungsri.tech/ic/api/v1/customer/juristic/updateprofile,0,0,44
