timeStamp,elapsed,label,responseCode,responseMessage,threadName,dataType,success,failureMessage,bytes,sentBytes,grpThreads,allThreads,URL,Latency,IdleTime,Connect
1779799959144,60,Get Token,200,OK,CreateIndividual 3-1,text,true,,3684,522,1,3,https://api-scuda.uat.oci.krungsri.tech/oauth2/v1/token,60,0,15
1779799959144,53,Get Token,200,OK,SearchIndividual 2-1,text,true,,2894,426,1,3,https://api-scuda.uat.oci.krungsri.tech/oauth2/v1/token,53,0,19
1779799959144,59,Get Token,200,OK,GetIndividual 1-1,text,true,,3684,522,1,3,https://api-scuda.uat.oci.krungsri.tech/oauth2/v1/token,59,0,15
1779799959243,47,SearchIndividual,200,OK,SearchIndividual 2-1,text,true,,1155,2602,1,4,https://api-scuda.uat.oci.krungsri.tech/ords/api/v1/customer/individual/searchprofile,47,0,0
1779799959247,54,Get Token,200,OK,UpdateJoint 12-1,text,true,,3684,522,1,3,https://api-scuda.uat.oci.krungsri.tech/oauth2/v1/token,54,0,19
1779799959243,107,GetIndividual,200,OK,GetIndividual 1-1,text,true,,3857,3588,1,4,https://api-scuda.uat.oci.krungsri.tech/ic/api/v1/customer/individual/getprofile,107,0,0
1779799959338,66,SearchIndividual,200,OK,SearchIndividual 2-2,text,true,,1195,2602,1,4,https://api-scuda.uat.oci.krungsri.tech/ords/api/v1/customer/individual/searchprofile,66,0,15
1779799959398,39,Get Token,200,OK,SearchJuristic 6-1,text,true,,2894,426,1,3,https://api-scuda.uat.oci.krungsri.tech/oauth2/v1/token,39,0,14
1779799959312,144,UpdateJoint,200,OK,UpdateJoint 12-1,text,true,,800,3614,1,4,https://api-scuda.uat.oci.krungsri.tech/ic/api/v1/customer/joint/updateprofile,144,0,0
1779799959444,37,SearchJuristic,200,OK,SearchJuristic 6-1,text,true,,1001,2600,1,4,https://api-scuda.uat.oci.krungsri.tech/ords/api/v1/customer/juristic/searchprofile,37,0,0
1779799959455,50,Get Token,200,OK,UpdateJuristic 8-1,text,true,,3684,522,1,3,https://api-scuda.uat.oci.krungsri.tech/oauth2/v1/token,50,0,14
1779799959506,62,SearchIndividual,200,OK,SearchIndividual 2-3,text,true,,1149,2602,1,4,https://api-scuda.uat.oci.krungsri.tech/ords/api/v1/customer/individual/searchprofile,61,0,18
1779799959494,100,Get Token,200,OK,GetJuristic 5-1,text,true,,3684,522,1,3,https://api-scuda.uat.oci.krungsri.tech/oauth2/v1/token,100,0,22
1779799959515,174,UpdateJuristic,200,OK,UpdateJuristic 8-1,text,true,,800,4425,1,4,https://api-scuda.uat.oci.krungsri.tech/ic/api/v1/customer/juristic/updateprofile,174,0,0
1779799959601,119,GetJuristic,200,OK,GetJuristic 5-1,text,true,,3502,3533,1,4,https://api-scuda.uat.oci.krungsri.tech/ic/api/v1/customer/juristic/getprofile,119,0,0
1779799959680,60,Get Token,200,OK,CreateJuristic 7-1,text,true,,3684,522,1,3,https://api-scuda.uat.oci.krungsri.tech/oauth2/v1/token,60,0,16
1779799959243,629,CreateIndividual,201,Created,CreateIndividual 3-1,text,true,,1172,8457,1,5,https://api-scuda.uat.oci.krungsri.tech/ic/api/v1/customer/individual/createprofile,629,0,0
1779799959857,50,Get Token,200,OK,CreateJoint 11-1,text,true,,3684,522,1,6,https://api-scuda.uat.oci.krungsri.tech/oauth2/v1/token,50,0,19
1779799959833,101,Get Token,200,OK,SearchJoint 10-1,text,true,,2894,426,1,6,https://api-scuda.uat.oci.krungsri.tech/oauth2/v1/token,101,0,19
1779799959940,15,SearchJoint,200,OK,SearchJoint 10-1,text,true,,621,2627,1,6,https://api-scuda.uat.oci.krungsri.tech/ords/api/v1/customer/joint/searchprofile,14,0,0
1779799959908,58,Get Token,200,OK,GetJoint 9-1,text,true,,3684,522,1,5,https://api-scuda.uat.oci.krungsri.tech/oauth2/v1/token,58,0,18
1779799959915,56,Get Token,200,OK,UpdateIndividual 4-1,text,true,,3684,522,1,5,https://api-scuda.uat.oci.krungsri.tech/oauth2/v1/token,56,0,16
1779799959704,323,GetIndividual,200,OK,GetIndividual 1-2,text,true,,3876,3587,1,5,https://api-scuda.uat.oci.krungsri.tech/ic/api/v1/customer/individual/getprofile,323,0,15
1779799960038,25,SearchIndividual,200,OK,SearchIndividual 2-4,text,true,,1095,2602,1,5,https://api-scuda.uat.oci.krungsri.tech/ords/api/v1/customer/individual/searchprofile,25,0,12
1779799959972,100,GetJoint,200,OK,GetJoint 9-1,text,true,,1429,3530,1,4,https://api-scuda.uat.oci.krungsri.tech/ic/api/v1/customer/joint/getprofile,100,0,0
1779799960155,31,SearchJuristic,200,OK,SearchJuristic 6-2,text,true,,998,2600,1,5,https://api-scuda.uat.oci.krungsri.tech/ords/api/v1/customer/juristic/searchprofile,30,0,18
1779799959979,247,UpdateIndividual,200,OK,UpdateIndividual 4-1,text,true,,800,4227,1,5,https://api-scuda.uat.oci.krungsri.tech/ic/api/v1/customer/individual/updateprofile,247,0,0
1779799960182,109,GetIndividual,200,OK,GetIndividual 1-3,text,true,,3789,3588,1,7,https://api-scuda.uat.oci.krungsri.tech/ic/api/v1/customer/individual/getprofile,109,0,20
1779799959916,387,CreateJoint,200,OK,CreateJoint 11-1,text,true,,1763,6105,1,6,https://api-scuda.uat.oci.krungsri.tech/ic/api/v1/customer/joint/createprofile,387,0,0
1779799960250,132,GetJoint,200,OK,GetJoint 9-2,text,true,,1431,3530,1,5,https://api-scuda.uat.oci.krungsri.tech/ic/api/v1/customer/joint/getprofile,132,0,18
1779799960205,242,GetJuristic,200,OK,GetJuristic 5-2,text,true,,3499,3533,1,5,https://api-scuda.uat.oci.krungsri.tech/ic/api/v1/customer/juristic/getprofile,242,0,12
1779799960451,31,SearchIndividual,200,OK,SearchIndividual 2-5,text,true,,1205,2602,2,7,https://api-scuda.uat.oci.krungsri.tech/ords/api/v1/customer/individual/searchprofile,31,0,20
1779799960462,29,SearchIndividual,200,OK,SearchIndividual 2-6,text,true,,1141,2602,1,6,https://api-scuda.uat.oci.krungsri.tech/ords/api/v1/customer/individual/searchprofile,29,0,18
1779799960520,31,SearchIndividual,200,OK,SearchIndividual 2-7,text,true,,1207,2602,1,7,https://api-scuda.uat.oci.krungsri.tech/ords/api/v1/customer/individual/searchprofile,31,0,13
1779799960575,34,SearchJoint,200,OK,SearchJoint 10-2,text,true,,621,2627,1,7,https://api-scuda.uat.oci.krungsri.tech/ords/api/v1/customer/joint/searchprofile,34,0,18
1779799959749,870,CreateJuristic,201,Created,CreateJuristic 7-1,text,true,,1163,7525,2,6,https://api-scuda.uat.oci.krungsri.tech/ic/api/v1/customer/juristic/createprofile,870,0,0
1779799960293,355,UpdateIndividual,200,OK,UpdateIndividual 4-2,text,true,,799,4228,2,6,https://api-scuda.uat.oci.krungsri.tech/ic/api/v1/customer/individual/updateprofile,355,0,18
1779799960514,144,UpdateIndividual,200,OK,UpdateIndividual 4-3,text,true,,800,4228,1,5,https://api-scuda.uat.oci.krungsri.tech/ic/api/v1/customer/individual/updateprofile,144,0,18
1779799960466,217,UpdateJuristic,200,OK,UpdateJuristic 8-2,text,true,,800,4418,1,4,https://api-scuda.uat.oci.krungsri.tech/ic/api/v1/customer/juristic/updateprofile,217,0,16
1779799960235,501,CreateJuristic,201,Created,CreateJuristic 7-2,text,true,,1172,7747,1,4,https://api-scuda.uat.oci.krungsri.tech/ic/api/v1/customer/juristic/createprofile,501,0,21
1779799960697,140,UpdateJoint,200,OK,UpdateJoint 12-2,text,true,,800,3614,1,3,https://api-scuda.uat.oci.krungsri.tech/ic/api/v1/customer/joint/updateprofile,140,0,16
1779799960400,443,CreateIndividual,201,Created,CreateIndividual 3-2,text,true,,1163,8044,1,3,https://api-scuda.uat.oci.krungsri.tech/ic/api/v1/customer/individual/createprofile,443,0,20
1779799960838,32,SearchIndividual,200,OK,SearchIndividual 2-8,text,true,,1152,2601,1,2,https://api-scuda.uat.oci.krungsri.tech/ords/api/v1/customer/individual/searchprofile,31,0,19
1779799960639,316,CreateJoint,200,OK,CreateJoint 11-2,text,true,,1772,6096,1,3,https://api-scuda.uat.oci.krungsri.tech/ic/api/v1/customer/joint/createprofile,316,0,9
1779799960890,112,GetIndividual,200,OK,GetIndividual 1-4,text,true,,3827,3588,2,2,https://api-scuda.uat.oci.krungsri.tech/ic/api/v1/customer/individual/getprofile,112,0,13
1779799961034,33,SearchIndividual,200,OK,SearchIndividual 2-9,text,true,,1181,2602,1,2,https://api-scuda.uat.oci.krungsri.tech/ords/api/v1/customer/individual/searchprofile,33,0,21
1779799960936,139,GetIndividual,200,OK,GetIndividual 1-5,text,true,,3923,3588,1,1,https://api-scuda.uat.oci.krungsri.tech/ic/api/v1/customer/individual/getprofile,139,0,20
1779799961170,31,SearchIndividual,200,OK,SearchIndividual 2-10,text,true,,1151,2602,1,2,https://api-scuda.uat.oci.krungsri.tech/ords/api/v1/customer/individual/searchprofile,31,0,19
1779799961086,260,GetIndividual,200,OK,GetIndividual 1-6,text,true,,3803,3588,1,4,https://api-scuda.uat.oci.krungsri.tech/ic/api/v1/customer/individual/getprofile,260,0,19
1779799961370,131,UpdateIndividual,200,OK,UpdateIndividual 4-4,text,true,,800,4231,1,5,https://api-scuda.uat.oci.krungsri.tech/ic/api/v1/customer/individual/updateprofile,131,0,19
1779799961345,206,UpdateJuristic,200,OK,UpdateJuristic 8-3,text,true,,800,5815,1,6,https://api-scuda.uat.oci.krungsri.tech/ic/api/v1/customer/juristic/updateprofile,206,0,21
1779799961528,28,SearchIndividual,200,OK,SearchIndividual 2-11,text,true,,1152,2601,1,5,https://api-scuda.uat.oci.krungsri.tech/ords/api/v1/customer/individual/searchprofile,28,0,16
1779799961583,28,SearchIndividual,200,OK,SearchIndividual 2-12,text,true,,1185,2602,2,7,https://api-scuda.uat.oci.krungsri.tech/ords/api/v1/customer/individual/searchprofile,28,0,16
1779799961587,30,SearchIndividual,200,OK,SearchIndividual 2-13,text,true,,1209,2602,1,6,https://api-scuda.uat.oci.krungsri.tech/ords/api/v1/customer/individual/searchprofile,30,0,19
1779799961418,240,UpdateJoint,200,OK,UpdateJoint 12-3,text,true,,800,4493,1,6,https://api-scuda.uat.oci.krungsri.tech/ic/api/v1/customer/joint/updateprofile,240,0,20
1779799961239,432,CreateJoint,200,OK,CreateJoint 11-3,text,true,,1772,5864,1,5,https://api-scuda.uat.oci.krungsri.tech/ic/api/v1/customer/joint/createprofile,432,0,20
1779799961683,27,SearchJoint,200,OK,SearchJoint 10-3,text,true,,621,2627,1,5,https://api-scuda.uat.oci.krungsri.tech/ords/api/v1/customer/joint/searchprofile,27,0,15
1779799961623,100,GetJuristic,200,OK,GetJuristic 5-3,text,true,,3503,3533,1,4,https://api-scuda.uat.oci.krungsri.tech/ic/api/v1/customer/juristic/getprofile,100,0,21
1779799961246,484,CreateJuristic,201,Created,CreateJuristic 7-3,text,true,,1172,8352,1,3,https://api-scuda.uat.oci.krungsri.tech/ic/api/v1/customer/juristic/createprofile,484,0,19
1779799961600,141,GetIndividual,200,OK,GetIndividual 1-8,text,true,,3811,3588,2,2,https://api-scuda.uat.oci.krungsri.tech/ic/api/v1/customer/individual/getprofile,141,0,27
1779799961512,351,GetIndividual,200,OK,GetIndividual 1-7,text,true,,3871,3588,1,1,https://api-scuda.uat.oci.krungsri.tech/ic/api/v1/customer/individual/getprofile,351,0,14
1779799961885,32,SearchIndividual,200,OK,SearchIndividual 2-14,text,true,,1161,2602,1,3,https://api-scuda.uat.oci.krungsri.tech/ords/api/v1/customer/individual/searchprofile,32,0,19
1779799961925,23,SearchIndividual,200,OK,SearchIndividual 2-15,text,true,,1182,2601,2,5,https://api-scuda.uat.oci.krungsri.tech/ords/api/v1/customer/individual/searchprofile,23,0,10
1779799961924,29,SearchJuristic,200,OK,SearchJuristic 6-3,text,true,,1008,2600,1,4,https://api-scuda.uat.oci.krungsri.tech/ords/api/v1/customer/juristic/searchprofile,29,0,15
1779799961931,42,SearchIndividual,200,OK,SearchIndividual 2-16,text,true,,1215,2602,1,6,https://api-scuda.uat.oci.krungsri.tech/ords/api/v1/customer/individual/searchprofile,42,0,18
1779799961893,130,GetIndividual,200,OK,GetIndividual 1-9,text,true,,3837,3588,1,7,https://api-scuda.uat.oci.krungsri.tech/ic/api/v1/customer/individual/getprofile,130,0,23
1779799962029,31,SearchIndividual,200,OK,SearchIndividual 2-17,text,true,,1131,2602,3,11,https://api-scuda.uat.oci.krungsri.tech/ords/api/v1/customer/individual/searchprofile,30,0,18
1779799961896,171,GetJoint,200,OK,GetJoint 9-3,text,true,,1429,3530,1,10,https://api-scuda.uat.oci.krungsri.tech/ic/api/v1/customer/joint/getprofile,171,0,22
1779799962059,24,SearchIndividual,200,OK,SearchIndividual 2-19,text,true,,1145,2602,2,9,https://api-scuda.uat.oci.krungsri.tech/ords/api/v1/customer/individual/searchprofile,24,0,12
1779799962040,44,SearchIndividual,200,OK,SearchIndividual 2-18,text,true,,1233,2602,1,8,https://api-scuda.uat.oci.krungsri.tech/ords/api/v1/customer/individual/searchprofile,44,0,18
1779799961974,161,UpdateIndividual,200,OK,UpdateIndividual 4-6,text,true,,800,4227,3,9,https://api-scuda.uat.oci.krungsri.tech/ic/api/v1/customer/individual/updateprofile,161,0,20
1779799961961,181,UpdateIndividual,200,OK,UpdateIndividual 4-5,text,true,,800,5614,2,8,https://api-scuda.uat.oci.krungsri.tech/ic/api/v1/customer/individual/updateprofile,181,0,16
1779799962047,147,GetIndividual,200,OK,GetIndividual 1-10,text,true,,3850,3588,1,9,https://api-scuda.uat.oci.krungsri.tech/ic/api/v1/customer/individual/getprofile,147,0,11
1779799962175,31,SearchJoint,200,OK,SearchJoint 10-4,text,true,,621,2627,1,8,https://api-scuda.uat.oci.krungsri.tech/ords/api/v1/customer/joint/searchprofile,31,0,16
1779799962090,117,GetJuristic,200,OK,GetJuristic 5-4,text,true,,3540,3533,1,7,https://api-scuda.uat.oci.krungsri.tech/ic/api/v1/customer/juristic/getprofile,117,0,16
1779799962018,227,UpdateIndividual,200,OK,UpdateIndividual 4-7,text,true,,800,5592,1,6,https://api-scuda.uat.oci.krungsri.tech/ic/api/v1/customer/individual/updateprofile,227,0,18
1779799962182,120,UpdateJoint,200,OK,UpdateJoint 12-4,text,true,,800,3614,1,6,https://api-scuda.uat.oci.krungsri.tech/ic/api/v1/customer/joint/updateprofile,120,0,20
1779799962101,203,GetJoint,200,OK,GetJoint 9-4,text,true,,1429,3530,1,5,https://api-scuda.uat.oci.krungsri.tech/ic/api/v1/customer/joint/getprofile,203,0,17
1779799962248,109,GetIndividual,200,OK,GetIndividual 1-11,text,true,,3911,3588,1,5,https://api-scuda.uat.oci.krungsri.tech/ic/api/v1/customer/individual/getprofile,109,0,16
1779799962328,35,SearchIndividual,200,OK,SearchIndividual 2-20,text,true,,1117,2602,1,4,https://api-scuda.uat.oci.krungsri.tech/ords/api/v1/customer/individual/searchprofile,35,0,21
1779799962033,394,CreateIndividual,201,Created,CreateIndividual 3-4,text,true,,1172,7866,2,3,https://api-scuda.uat.oci.krungsri.tech/ic/api/v1/customer/individual/createprofile,394,0,12
1779799962547,34,SearchIndividual,200,OK,SearchIndividual 2-21,text,true,,1154,2601,3,5,https://api-scuda.uat.oci.krungsri.tech/ords/api/v1/customer/individual/searchprofile,34,0,22
1779799961959,634,CreateIndividual,201,Created,CreateIndividual 3-3,text,true,,1172,8507,1,5,https://api-scuda.uat.oci.krungsri.tech/ic/api/v1/customer/individual/createprofile,634,0,14
1779799962568,30,SearchIndividual,200,OK,SearchIndividual 2-23,text,true,,1109,2602,2,4,https://api-scuda.uat.oci.krungsri.tech/ords/api/v1/customer/individual/searchprofile,30,0,20
1779799962568,30,SearchIndividual,200,OK,SearchIndividual 2-22,text,true,,1189,2602,2,4,https://api-scuda.uat.oci.krungsri.tech/ords/api/v1/customer/individual/searchprofile,30,0,18
1779799962017,589,CreateJuristic,201,Created,CreateJuristic 7-4,text,true,,1172,8272,1,2,https://api-scuda.uat.oci.krungsri.tech/ic/api/v1/customer/juristic/createprofile,589,0,10
1779799962639,33,SearchIndividual,200,OK,SearchIndividual 2-24,text,true,,1171,2600,1,3,https://api-scuda.uat.oci.krungsri.tech/ords/api/v1/customer/individual/searchprofile,32,0,20
1779799962655,107,GetIndividual,200,OK,GetIndividual 1-12,text,true,,3829,3588,2,6,https://api-scuda.uat.oci.krungsri.tech/ic/api/v1/customer/individual/getprofile,107,0,21
1779799962742,26,SearchJuristic,200,OK,SearchJuristic 6-4,text,true,,1012,2600,1,5,https://api-scuda.uat.oci.krungsri.tech/ords/api/v1/customer/juristic/searchprofile,26,0,13
1779799962745,27,SearchIndividual,200,OK,SearchIndividual 2-25,text,true,,1147,2602,1,5,https://api-scuda.uat.oci.krungsri.tech/ords/api/v1/customer/individual/searchprofile,27,0,15
1779799962682,108,GetIndividual,200,OK,GetIndividual 1-13,text,true,,3801,3588,2,5,https://api-scuda.uat.oci.krungsri.tech/ic/api/v1/customer/individual/getprofile,108,0,19
1779799962720,140,UpdateIndividual,200,OK,UpdateIndividual 4-8,text,true,,800,4231,2,6,https://api-scuda.uat.oci.krungsri.tech/ic/api/v1/customer/individual/updateprofile,140,0,21
1779799962780,115,GetIndividual,200,OK,GetIndividual 1-14,text,true,,3839,3588,2,6,https://api-scuda.uat.oci.krungsri.tech/ic/api/v1/customer/individual/getprofile,115,0,21
1779799962820,115,GetIndividual,200,OK,GetIndividual 1-15,text,true,,3840,3588,1,6,https://api-scuda.uat.oci.krungsri.tech/ic/api/v1/customer/individual/getprofile,115,0,20
1779799962773,162,UpdateJuristic,200,OK,UpdateJuristic 8-4,text,true,,800,4427,1,5,https://api-scuda.uat.oci.krungsri.tech/ic/api/v1/customer/juristic/updateprofile,162,0,22
1779799962908,35,SearchIndividual,200,OK,SearchIndividual 2-26,text,true,,1201,2602,1,4,https://api-scuda.uat.oci.krungsri.tech/ords/api/v1/customer/individual/searchprofile,35,0,23
1779799962590,366,CreateJoint,200,OK,CreateJoint 11-4,text,true,,1772,5943,1,3,https://api-scuda.uat.oci.krungsri.tech/ic/api/v1/customer/joint/createprofile,366,0,22
1779799962845,169,UpdateIndividual,200,OK,UpdateIndividual 4-9,text,true,,800,5544,2,2,https://api-scuda.uat.oci.krungsri.tech/ic/api/v1/customer/individual/updateprofile,169,0,18
1779799962894,143,UpdateIndividual,200,OK,UpdateIndividual 4-10,text,true,,800,4229,1,2,https://api-scuda.uat.oci.krungsri.tech/ic/api/v1/customer/individual/updateprofile,143,0,21
1779799963024,32,SearchIndividual,200,OK,SearchIndividual 2-27,text,true,,1173,2602,1,1,https://api-scuda.uat.oci.krungsri.tech/ords/api/v1/customer/individual/searchprofile,32,0,20
1779799963101,25,SearchIndividual,200,OK,SearchIndividual 2-28,text,true,,1201,2602,1,3,https://api-scuda.uat.oci.krungsri.tech/ords/api/v1/customer/individual/searchprofile,25,0,13
1779799963128,39,SearchIndividual,200,OK,SearchIndividual 2-29,text,true,,1259,2602,1,4,https://api-scuda.uat.oci.krungsri.tech/ords/api/v1/customer/individual/searchprofile,30,0,18
1779799963075,105,GetIndividual,200,OK,GetIndividual 1-16,text,true,,3837,3588,2,3,https://api-scuda.uat.oci.krungsri.tech/ic/api/v1/customer/individual/getprofile,105,0,14
1779799963093,99,GetIndividual,200,OK,GetIndividual 1-17,text,true,,3830,3588,1,4,https://api-scuda.uat.oci.krungsri.tech/ic/api/v1/customer/individual/getprofile,99,0,12
1779799963260,29,SearchIndividual,200,OK,SearchIndividual 2-30,text,true,,1171,2602,1,4,https://api-scuda.uat.oci.krungsri.tech/ords/api/v1/customer/individual/searchprofile,29,0,17
1779799963369,26,SearchIndividual,200,OK,SearchIndividual 2-31,text,true,,1185,2602,1,5,https://api-scuda.uat.oci.krungsri.tech/ords/api/v1/customer/individual/searchprofile,26,0,14
1779799963190,213,UpdateJoint,200,OK,UpdateJoint 12-5,text,true,,800,3614,1,4,https://api-scuda.uat.oci.krungsri.tech/ic/api/v1/customer/joint/updateprofile,213,0,19
1779799963336,90,GetIndividual,200,OK,GetIndividual 1-18,text,true,,3867,3588,1,3,https://api-scuda.uat.oci.krungsri.tech/ic/api/v1/customer/individual/getprofile,90,0,9
1779799963521,35,SearchJoint,200,OK,SearchJoint 10-5,text,true,,620,2626,1,5,https://api-scuda.uat.oci.krungsri.tech/ords/api/v1/customer/joint/searchprofile,35,0,23
1779799963545,32,SearchIndividual,200,OK,SearchIndividual 2-32,text,true,,1257,2602,2,7,https://api-scuda.uat.oci.krungsri.tech/ords/api/v1/customer/individual/searchprofile,31,0,20
1779799963561,32,SearchIndividual,200,OK,SearchIndividual 2-33,text,true,,1275,2602,1,7,https://api-scuda.uat.oci.krungsri.tech/ords/api/v1/customer/individual/searchprofile,32,0,21
1779799963580,32,SearchJuristic,200,OK,SearchJuristic 6-5,text,true,,982,2600,1,6,https://api-scuda.uat.oci.krungsri.tech/ords/api/v1/customer/juristic/searchprofile,32,0,22
1779799963508,112,GetIndividual,200,OK,GetIndividual 1-19,text,true,,3828,3588,1,5,https://api-scuda.uat.oci.krungsri.tech/ic/api/v1/customer/individual/getprofile,112,0,13
1779799963193,447,CreateJuristic,201,Created,CreateJuristic 7-5,text,true,,1171,7980,1,5,https://api-scuda.uat.oci.krungsri.tech/ic/api/v1/customer/juristic/createprofile,447,0,18
1779799963142,519,CreateIndividual,201,Created,CreateIndividual 3-5,text,true,,1172,8577,1,4,https://api-scuda.uat.oci.krungsri.tech/ic/api/v1/customer/individual/createprofile,519,0,13
1779799963637,31,SearchIndividual,200,OK,SearchIndividual 2-34,text,true,,1191,2600,1,3,https://api-scuda.uat.oci.krungsri.tech/ords/api/v1/customer/individual/searchprofile,31,0,20
1779799963578,177,UpdateIndividual,200,OK,UpdateIndividual 4-11,text,true,,799,5523,2,3,https://api-scuda.uat.oci.krungsri.tech/ic/api/v1/customer/individual/updateprofile,177,0,24
1779799963576,234,CreateJoint,200,OK,CreateJoint 11-5,text,true,,1772,5923,1,3,https://api-scuda.uat.oci.krungsri.tech/ic/api/v1/customer/joint/createprofile,234,0,15
1779799963699,158,UpdateIndividual,200,OK,UpdateIndividual 4-12,text,true,,800,5520,2,7,https://api-scuda.uat.oci.krungsri.tech/ic/api/v1/customer/individual/updateprofile,158,0,17
1779799963828,33,SearchIndividual,200,OK,SearchIndividual 2-35,text,true,,1187,2602,2,6,https://api-scuda.uat.oci.krungsri.tech/ords/api/v1/customer/individual/searchprofile,33,0,21
1779799963831,37,SearchIndividual,200,OK,SearchIndividual 2-36,text,true,,1239,2602,1,5,https://api-scuda.uat.oci.krungsri.tech/ords/api/v1/customer/individual/searchprofile,36,0,25
1779799963877,18,SearchIndividual,200,OK,SearchIndividual 2-37,text,true,,1197,2602,1,6,https://api-scuda.uat.oci.krungsri.tech/ords/api/v1/customer/individual/searchprofile,18,0,7
1779799963831,105,GetJoint,200,OK,GetJoint 9-5,text,true,,1429,3530,1,6,https://api-scuda.uat.oci.krungsri.tech/ic/api/v1/customer/joint/getprofile,105,0,24
1779799963908,34,SearchIndividual,200,OK,SearchIndividual 2-38,text,true,,1147,2602,1,5,https://api-scuda.uat.oci.krungsri.tech/ords/api/v1/customer/individual/searchprofile,33,0,21
1779799963841,102,GetIndividual,200,OK,GetIndividual 1-20,text,true,,3915,3588,2,4,https://api-scuda.uat.oci.krungsri.tech/ic/api/v1/customer/individual/getprofile,102,0,21
1779799963855,92,GetJuristic,200,OK,GetJuristic 5-5,text,true,,3510,3532,1,4,https://api-scuda.uat.oci.krungsri.tech/ic/api/v1/customer/juristic/getprofile,92,0,15
1779799963805,159,UpdateIndividual,200,OK,UpdateIndividual 4-13,text,true,,800,5630,2,4,https://api-scuda.uat.oci.krungsri.tech/ic/api/v1/customer/individual/updateprofile,159,0,11
1779799963880,100,GetIndividual,200,OK,GetIndividual 1-21,text,true,,3830,3588,2,5,https://api-scuda.uat.oci.krungsri.tech/ic/api/v1/customer/individual/getprofile,100,0,22
1779799963994,31,SearchIndividual,200,OK,SearchIndividual 2-39,text,true,,1201,2602,1,7,https://api-scuda.uat.oci.krungsri.tech/ords/api/v1/customer/individual/searchprofile,31,0,19
1779799964011,108,GetIndividual,200,OK,GetIndividual 1-23,text,true,,3882,3587,4,12,https://api-scuda.uat.oci.krungsri.tech/ic/api/v1/customer/individual/getprofile,108,0,7
1779799963953,177,UpdateIndividual,200,OK,UpdateIndividual 4-14,text,true,,800,5515,4,11,https://api-scuda.uat.oci.krungsri.tech/ic/api/v1/customer/individual/updateprofile,177,0,17
1779799964021,111,GetIndividual,200,OK,GetIndividual 1-24,text,true,,3881,3588,3,10,https://api-scuda.uat.oci.krungsri.tech/ic/api/v1/customer/individual/getprofile,111,0,24
1779799963972,181,UpdateIndividual,200,OK,UpdateIndividual 4-15,text,true,,799,5672,3,11,https://api-scuda.uat.oci.krungsri.tech/ic/api/v1/customer/individual/updateprofile,181,0,20
1779799963950,226,UpdateJuristic,200,OK,UpdateJuristic 8-5,text,true,,800,4428,1,10,https://api-scuda.uat.oci.krungsri.tech/ic/api/v1/customer/juristic/updateprofile,226,0,14
1779799964152,32,SearchIndividual,200,OK,SearchIndividual 2-40,text,true,,1170,2601,2,9,https://api-scuda.uat.oci.krungsri.tech/ords/api/v1/customer/individual/searchprofile,31,0,19
1779799964069,116,GetIndividual,200,OK,GetIndividual 1-25,text,true,,3831,3588,2,8,https://api-scuda.uat.oci.krungsri.tech/ic/api/v1/customer/individual/getprofile,116,0,14
1779799964089,96,GetJoint,200,OK,GetJoint 9-6,text,true,,1429,3530,1,8,https://api-scuda.uat.oci.krungsri.tech/ic/api/v1/customer/joint/getprofile,96,0,19
1779799964152,49,SearchIndividual,200,OK,SearchIndividual 2-41,text,true,,1184,2601,2,7,https://api-scuda.uat.oci.krungsri.tech/ords/api/v1/customer/individual/searchprofile,49,0,19
1779799963971,228,GetIndividual,200,OK,GetIndividual 1-22,text,true,,3845,3588,1,7,https://api-scuda.uat.oci.krungsri.tech/ic/api/v1/customer/individual/getprofile,228,0,21
1779799964052,161,UpdateIndividual,200,OK,UpdateIndividual 4-16,text,true,,800,5648,2,5,https://api-scuda.uat.oci.krungsri.tech/ic/api/v1/customer/individual/updateprofile,161,0,18
1779799964191,31,SearchIndividual,200,OK,SearchIndividual 2-42,text,true,,1168,2601,1,4,https://api-scuda.uat.oci.krungsri.tech/ords/api/v1/customer/individual/searchprofile,31,0,19
1779799964252,32,SearchJuristic,200,OK,SearchJuristic 6-6,text,true,,1012,2599,1,4,https://api-scuda.uat.oci.krungsri.tech/ords/api/v1/customer/juristic/searchprofile,32,0,20
1779799964303,32,SearchIndividual,200,OK,SearchIndividual 2-43,text,true,,1229,2602,2,5,https://api-scuda.uat.oci.krungsri.tech/ords/api/v1/customer/individual/searchprofile,32,0,20
1779799964088,248,UpdateJoint,200,OK,UpdateJoint 12-6,text,true,,800,4488,1,4,https://api-scuda.uat.oci.krungsri.tech/ic/api/v1/customer/joint/updateprofile,248,0,16
1779799964084,254,UpdateIndividual,200,OK,UpdateIndividual 4-17,text,true,,800,5519,1,3,https://api-scuda.uat.oci.krungsri.tech/ic/api/v1/customer/individual/updateprofile,254,0,17
1779799964335,29,SearchIndividual,200,OK,SearchIndividual 2-44,text,true,,1183,2602,2,3,https://api-scuda.uat.oci.krungsri.tech/ords/api/v1/customer/individual/searchprofile,29,0,17
1779799964351,32,SearchIndividual,200,OK,SearchIndividual 2-45,text,true,,1209,2602,1,2,https://api-scuda.uat.oci.krungsri.tech/ords/api/v1/customer/individual/searchprofile,32,0,20
1779799964405,31,SearchIndividual,200,OK,SearchIndividual 2-46,text,true,,1191,2602,1,5,https://api-scuda.uat.oci.krungsri.tech/ords/api/v1/customer/individual/searchprofile,31,0,19
1779799964399,122,UpdateIndividual,200,OK,UpdateIndividual 4-18,text,true,,800,4229,1,7,https://api-scuda.uat.oci.krungsri.tech/ic/api/v1/customer/individual/updateprofile,122,0,18
1779799964415,107,GetIndividual,200,OK,GetIndividual 1-26,text,true,,3851,3588,2,6,https://api-scuda.uat.oci.krungsri.tech/ic/api/v1/customer/individual/getprofile,107,0,19
1779799964504,30,SearchIndividual,200,OK,SearchIndividual 2-47,text,true,,1197,2602,1,6,https://api-scuda.uat.oci.krungsri.tech/ords/api/v1/customer/individual/searchprofile,30,0,16
1779799964442,111,GetIndividual,200,OK,GetIndividual 1-27,text,true,,3898,3588,1,5,https://api-scuda.uat.oci.krungsri.tech/ic/api/v1/customer/individual/getprofile,111,0,20
1779799964568,47,SearchIndividual,200,OK,SearchIndividual 2-48,text,true,,1175,2602,1,5,https://api-scuda.uat.oci.krungsri.tech/ords/api/v1/customer/individual/searchprofile,47,0,35
1779799964045,574,CreateIndividual,201,Created,CreateIndividual 3-6,text,true,,1172,8609,1,6,https://api-scuda.uat.oci.krungsri.tech/ic/api/v1/customer/individual/createprofile,574,0,14
1779799964686,35,SearchIndividual,200,OK,SearchIndividual 2-49,text,true,,1165,2602,1,9,https://api-scuda.uat.oci.krungsri.tech/ords/api/v1/customer/individual/searchprofile,34,0,22
1779799964621,117,GetIndividual,200,OK,GetIndividual 1-28,text,true,,3906,3587,3,8,https://api-scuda.uat.oci.krungsri.tech/ic/api/v1/customer/individual/getprofile,117,0,20
1779799964630,129,GetIndividual,200,OK,GetIndividual 1-29,text,true,,3878,3588,3,8,https://api-scuda.uat.oci.krungsri.tech/ic/api/v1/customer/individual/getprofile,129,0,19
1779799964536,236,UpdateIndividual,200,OK,UpdateIndividual 4-19,text,true,,800,5559,2,7,https://api-scuda.uat.oci.krungsri.tech/ic/api/v1/customer/individual/updateprofile,236,0,19
1779799964675,112,GetIndividual,200,OK,GetIndividual 1-30,text,true,,3831,3588,2,6,https://api-scuda.uat.oci.krungsri.tech/ic/api/v1/customer/individual/getprofile,112,0,16
1779799964618,175,UpdateIndividual,200,OK,UpdateIndividual 4-20,text,true,,800,5576,1,5,https://api-scuda.uat.oci.krungsri.tech/ic/api/v1/customer/individual/updateprofile,175,0,17
1779799964479,319,UpdateJuristic,200,OK,UpdateJuristic 8-6,text,true,,800,5794,1,4,https://api-scuda.uat.oci.krungsri.tech/ic/api/v1/customer/juristic/updateprofile,319,0,20
1779799964803,31,SearchJoint,200,OK,SearchJoint 10-6,text,true,,621,2627,1,4,https://api-scuda.uat.oci.krungsri.tech/ords/api/v1/customer/joint/searchprofile,31,0,21
1779799964839,33,SearchIndividual,200,OK,SearchIndividual 2-50,text,true,,1181,2602,2,5,https://api-scuda.uat.oci.krungsri.tech/ords/api/v1/customer/individual/searchprofile,33,0,21
1779799964851,29,SearchIndividual,200,OK,SearchIndividual 2-51,text,true,,1167,2602,1,4,https://api-scuda.uat.oci.krungsri.tech/ords/api/v1/customer/individual/searchprofile,29,0,19
1779799964740,148,GetIndividual,200,OK,GetIndividual 1-31,text,true,,3857,3588,1,4,https://api-scuda.uat.oci.krungsri.tech/ic/api/v1/customer/individual/getprofile,148,0,18
1779799964887,30,SearchIndividual,200,OK,SearchIndividual 2-52,text,true,,1195,2602,1,3,https://api-scuda.uat.oci.krungsri.tech/ords/api/v1/customer/individual/searchprofile,29,0,18
1779799964937,30,SearchIndividual,200,OK,SearchIndividual 2-53,text,true,,1161,2602,1,4,https://api-scuda.uat.oci.krungsri.tech/ords/api/v1/customer/individual/searchprofile,30,0,19
1779799964433,535,CreateJuristic,201,Created,CreateJuristic 7-6,text,true,,1172,7948,1,3,https://api-scuda.uat.oci.krungsri.tech/ic/api/v1/customer/juristic/createprofile,535,0,19
1779799964711,309,CreateJoint,200,OK,CreateJoint 11-6,text,true,,1763,5888,1,4,https://api-scuda.uat.oci.krungsri.tech/ic/api/v1/customer/joint/createprofile,309,0,20
1779799964929,121,GetJuristic,200,OK,GetJuristic 5-6,text,true,,3469,3533,1,4,https://api-scuda.uat.oci.krungsri.tech/ic/api/v1/customer/juristic/getprofile,121,0,18
1779799965063,31,SearchIndividual,200,OK,SearchIndividual 2-54,text,true,,1154,2601,2,7,https://api-scuda.uat.oci.krungsri.tech/ords/api/v1/customer/individual/searchprofile,31,0,19
1779799964976,124,UpdateIndividual,200,OK,UpdateIndividual 4-21,text,true,,800,4229,2,6,https://api-scuda.uat.oci.krungsri.tech/ic/api/v1/customer/individual/updateprofile,124,0,13
1779799965072,32,SearchIndividual,200,OK,SearchIndividual 2-55,text,true,,1199,2602,1,5,https://api-scuda.uat.oci.krungsri.tech/ords/api/v1/customer/individual/searchprofile,32,0,21
1779799965002,109,GetIndividual,200,OK,GetIndividual 1-32,text,true,,3794,3588,4,6,https://api-scuda.uat.oci.krungsri.tech/ic/api/v1/customer/individual/getprofile,109,0,21
1779799965034,119,GetIndividual,200,OK,GetIndividual 1-33,text,true,,3856,3588,3,6,https://api-scuda.uat.oci.krungsri.tech/ic/api/v1/customer/individual/getprofile,119,0,17
1779799965130,31,SearchIndividual,200,OK,SearchIndividual 2-56,text,true,,1165,2602,1,5,https://api-scuda.uat.oci.krungsri.tech/ords/api/v1/customer/individual/searchprofile,31,0,19
1779799965079,106,GetIndividual,200,OK,GetIndividual 1-34,text,true,,3844,3588,2,5,https://api-scuda.uat.oci.krungsri.tech/ic/api/v1/customer/individual/getprofile,106,0,16
1779799965110,99,GetIndividual,200,OK,GetIndividual 1-35,text,true,,3846,3588,2,5,https://api-scuda.uat.oci.krungsri.tech/ic/api/v1/customer/individual/getprofile,99,0,16
1779799965185,36,SearchIndividual,200,OK,SearchIndividual 2-57,text,true,,1191,2602,1,7,https://api-scuda.uat.oci.krungsri.tech/ords/api/v1/customer/individual/searchprofile,36,0,23
1779799965112,117,GetJuristic,200,OK,GetJuristic 5-7,text,true,,3498,3533,1,7,https://api-scuda.uat.oci.krungsri.tech/ic/api/v1/customer/juristic/getprofile,117,0,17
1779799965087,148,UpdateIndividual,200,OK,UpdateIndividual 4-22,text,true,,800,4229,2,6,https://api-scuda.uat.oci.krungsri.tech/ic/api/v1/customer/individual/updateprofile,148,0,18
1779799965228,30,SearchJoint,200,OK,SearchJoint 10-7,text,true,,621,2627,1,6,https://api-scuda.uat.oci.krungsri.tech/ords/api/v1/customer/joint/searchprofile,30,0,19
1779799965256,28,SearchIndividual,200,OK,SearchIndividual 2-58,text,true,,1205,2602,1,5,https://api-scuda.uat.oci.krungsri.tech/ords/api/v1/customer/individual/searchprofile,28,0,17
1779799965215,116,GetIndividual,200,OK,GetIndividual 1-38,text,true,,3839,3588,3,4,https://api-scuda.uat.oci.krungsri.tech/ic/api/v1/customer/individual/getprofile,116,0,12
1779799965335,32,SearchJuristic,200,OK,SearchJuristic 6-7,text,true,,982,2600,1,6,https://api-scuda.uat.oci.krungsri.tech/ords/api/v1/customer/juristic/searchprofile,32,0,21
1779799965351,27,SearchIndividual,200,OK,SearchIndividual 2-59,text,true,,1223,2602,1,5,https://api-scuda.uat.oci.krungsri.tech/ords/api/v1/customer/individual/searchprofile,26,0,14
1779799965219,178,UpdateIndividual,200,OK,UpdateIndividual 4-23,text,true,,800,5556,1,5,https://api-scuda.uat.oci.krungsri.tech/ic/api/v1/customer/individual/updateprofile,178,0,19
1779799965405,29,SearchIndividual,200,OK,SearchIndividual 2-60,text,true,,1183,2602,1,6,https://api-scuda.uat.oci.krungsri.tech/ords/api/v1/customer/individual/searchprofile,29,0,17
1779799965203,237,GetIndividual,200,OK,GetIndividual 1-36,text,true,,3879,3587,2,5,https://api-scuda.uat.oci.krungsri.tech/ic/api/v1/customer/individual/getprofile,237,0,16
1779799965495,32,SearchIndividual,200,OK,SearchIndividual 2-61,text,true,,1193,2602,1,5,https://api-scuda.uat.oci.krungsri.tech/ords/api/v1/customer/individual/searchprofile,32,0,19
1779799965405,162,UpdateJuristic,200,OK,UpdateJuristic 8-7,text,true,,800,4427,1,5,https://api-scuda.uat.oci.krungsri.tech/ic/api/v1/customer/juristic/updateprofile,162,0,20
1779799965210,364,GetIndividual,200,OK,GetIndividual 1-37,text,true,,3829,3588,1,4,https://api-scuda.uat.oci.krungsri.tech/ic/api/v1/customer/individual/getprofile,364,0,16
1779799965582,28,SearchIndividual,200,OK,SearchIndividual 2-62,text,true,,1183,2602,2,7,https://api-scuda.uat.oci.krungsri.tech/ords/api/v1/customer/individual/searchprofile,28,0,15
1779799965595,29,SearchIndividual,200,OK,SearchIndividual 2-63,text,true,,1247,2602,1,7,https://api-scuda.uat.oci.krungsri.tech/ords/api/v1/customer/individual/searchprofile,29,0,17
1779799965630,32,SearchIndividual,200,OK,SearchIndividual 2-64,text,true,,1173,2602,1,8,https://api-scuda.uat.oci.krungsri.tech/ords/api/v1/customer/individual/searchprofile,32,0,20
1779799965619,89,GetIndividual,200,OK,GetIndividual 1-40,text,true,,3876,3588,2,7,https://api-scuda.uat.oci.krungsri.tech/ic/api/v1/customer/individual/getprofile,89,0,12
1779799965610,101,GetIndividual,200,OK,GetIndividual 1-39,text,true,,3891,3588,1,6,https://api-scuda.uat.oci.krungsri.tech/ic/api/v1/customer/individual/getprofile,101,0,22
1779799965721,29,SearchIndividual,200,OK,SearchIndividual 2-65,text,true,,1171,2602,3,9,https://api-scuda.uat.oci.krungsri.tech/ords/api/v1/customer/individual/searchprofile,29,0,18
1779799965724,27,SearchIndividual,200,OK,SearchIndividual 2-66,text,true,,1177,2602,2,8,https://api-scuda.uat.oci.krungsri.tech/ords/api/v1/customer/individual/searchprofile,27,0,15
1779799965610,149,UpdateIndividual,200,OK,UpdateIndividual 4-24,text,true,,800,5538,1,7,https://api-scuda.uat.oci.krungsri.tech/ic/api/v1/customer/individual/updateprofile,149,0,18
1779799965736,29,SearchIndividual,200,OK,SearchIndividual 2-67,text,true,,1167,2602,1,6,https://api-scuda.uat.oci.krungsri.tech/ords/api/v1/customer/individual/searchprofile,29,0,18
1779799965362,412,CreateIndividual,201,Created,CreateIndividual 3-7,text,true,,1172,8591,1,5,https://api-scuda.uat.oci.krungsri.tech/ic/api/v1/customer/individual/createprofile,412,0,17
1779799965730,104,GetIndividual,200,OK,GetIndividual 1-41,text,true,,3852,3587,1,7,https://api-scuda.uat.oci.krungsri.tech/ic/api/v1/customer/individual/getprofile,104,0,18
1779799965562,278,CreateJoint,200,OK,CreateJoint 11-7,text,true,,1772,6113,1,6,https://api-scuda.uat.oci.krungsri.tech/ic/api/v1/customer/joint/createprofile,278,0,20
1779799965635,220,GetJoint,200,OK,GetJoint 9-7,text,true,,1431,3530,1,5,https://api-scuda.uat.oci.krungsri.tech/ic/api/v1/customer/joint/getprofile,220,0,18
1779799965394,461,CreateJuristic,201,Created,CreateJuristic 7-7,text,true,,1172,8322,1,5,https://api-scuda.uat.oci.krungsri.tech/ic/api/v1/customer/juristic/createprofile,461,0,19
1779799965903,26,SearchIndividual,200,OK,SearchIndividual 2-68,text,true,,1205,2602,2,6,https://api-scuda.uat.oci.krungsri.tech/ords/api/v1/customer/individual/searchprofile,25,0,12
1779799965909,23,SearchIndividual,200,OK,SearchIndividual 2-69,text,true,,1121,2602,1,5,https://api-scuda.uat.oci.krungsri.tech/ords/api/v1/customer/individual/searchprofile,23,0,12
1779799965786,159,UpdateIndividual,200,OK,UpdateIndividual 4-25,text,true,,800,5617,3,5,https://api-scuda.uat.oci.krungsri.tech/ic/api/v1/customer/individual/updateprofile,159,0,14
1779799965790,157,UpdateJoint,200,OK,UpdateJoint 12-7,text,true,,800,4572,1,4,https://api-scuda.uat.oci.krungsri.tech/ic/api/v1/customer/joint/updateprofile,157,0,18
1779799965938,34,SearchIndividual,200,OK,SearchIndividual 2-70,text,true,,1191,2602,1,4,https://api-scuda.uat.oci.krungsri.tech/ords/api/v1/customer/individual/searchprofile,34,0,22
1779799965818,163,UpdateIndividual,200,OK,UpdateIndividual 4-26,text,true,,800,5501,3,4,https://api-scuda.uat.oci.krungsri.tech/ic/api/v1/customer/individual/updateprofile,163,0,19
1779799966005,31,SearchIndividual,200,OK,SearchIndividual 2-71,text,true,,1113,2602,2,7,https://api-scuda.uat.oci.krungsri.tech/ords/api/v1/customer/individual/searchprofile,30,0,19
1779799966026,30,SearchIndividual,200,OK,SearchIndividual 2-72,text,true,,1169,2602,2,8,https://api-scuda.uat.oci.krungsri.tech/ords/api/v1/customer/individual/searchprofile,30,0,18
1779799966042,32,SearchIndividual,200,OK,SearchIndividual 2-73,text,true,,1143,2602,1,7,https://api-scuda.uat.oci.krungsri.tech/ords/api/v1/customer/individual/searchprofile,32,0,20
1779799965914,166,UpdateIndividual,200,OK,UpdateIndividual 4-27,text,true,,798,5563,2,6,https://api-scuda.uat.oci.krungsri.tech/ic/api/v1/customer/individual/updateprofile,166,0,17
1779799965989,96,GetIndividual,200,OK,GetIndividual 1-43,text,true,,3837,3588,2,5,https://api-scuda.uat.oci.krungsri.tech/ic/api/v1/customer/individual/getprofile,96,0,18
1779799965954,164,UpdateIndividual,200,OK,UpdateIndividual 4-28,text,true,,800,5579,1,4,https://api-scuda.uat.oci.krungsri.tech/ic/api/v1/customer/individual/updateprofile,164,0,23
1779799966121,35,SearchIndividual,200,OK,SearchIndividual 2-74,text,true,,1199,2602,1,4,https://api-scuda.uat.oci.krungsri.tech/ords/api/v1/customer/individual/searchprofile,34,0,22
1779799966169,40,SearchIndividual,200,OK,SearchIndividual 2-75,text,true,,1193,2602,3,6,https://api-scuda.uat.oci.krungsri.tech/ords/api/v1/customer/individual/searchprofile,40,0,28
1779799966189,29,SearchIndividual,200,OK,SearchIndividual 2-76,text,true,,1176,2601,3,7,https://api-scuda.uat.oci.krungsri.tech/ords/api/v1/customer/individual/searchprofile,28,0,16
1779799965979,241,GetIndividual,200,OK,GetIndividual 1-42,text,true,,3861,3588,1,6,https://api-scuda.uat.oci.krungsri.tech/ic/api/v1/customer/individual/getprofile,241,0,22
1779799966195,27,SearchIndividual,200,OK,SearchIndividual 2-77,text,true,,1125,2602,2,5,https://api-scuda.uat.oci.krungsri.tech/ords/api/v1/customer/individual/searchprofile,27,0,15
1779799966218,36,SearchIndividual,200,OK,SearchIndividual 2-78,text,true,,1157,2602,1,4,https://api-scuda.uat.oci.krungsri.tech/ords/api/v1/customer/individual/searchprofile,36,0,22
1779799966041,223,UpdateJuristic,200,OK,UpdateJuristic 8-8,text,true,,800,5792,1,3,https://api-scuda.uat.oci.krungsri.tech/ic/api/v1/customer/juristic/updateprofile,223,0,20
1779799966310,34,SearchIndividual,200,OK,SearchIndividual 2-79,text,true,,1165,2602,3,9,https://api-scuda.uat.oci.krungsri.tech/ords/api/v1/customer/individual/searchprofile,34,0,22
1779799966320,28,SearchIndividual,200,OK,SearchIndividual 2-81,text,true,,1147,2602,2,8,https://api-scuda.uat.oci.krungsri.tech/ords/api/v1/customer/individual/searchprofile,28,0,17
1779799966314,34,SearchIndividual,200,OK,SearchIndividual 2-80,text,true,,1123,2600,2,8,https://api-scuda.uat.oci.krungsri.tech/ords/api/v1/customer/individual/searchprofile,34,0,21
1779799966283,101,GetIndividual,200,OK,GetIndividual 1-44,text,true,,3807,3588,2,9,https://api-scuda.uat.oci.krungsri.tech/ic/api/v1/customer/individual/getprofile,101,0,17
1779799966221,168,UpdateIndividual,200,OK,UpdateIndividual 4-29,text,true,,800,5583,3,8,https://api-scuda.uat.oci.krungsri.tech/ic/api/v1/customer/individual/updateprofile,168,0,21
1779799966383,41,SearchIndividual,200,OK,SearchIndividual 2-82,text,true,,1126,2601,2,10,https://api-scuda.uat.oci.krungsri.tech/ords/api/v1/customer/individual/searchprofile,41,0,30
1779799966407,30,SearchIndividual,200,OK,SearchIndividual 2-83,text,true,,1124,2601,2,10,https://api-scuda.uat.oci.krungsri.tech/ords/api/v1/customer/individual/searchprofile,30,0,19
1779799966328,109,GetJoint,200,OK,GetJoint 9-8,text,true,,1429,3530,1,10,https://api-scuda.uat.oci.krungsri.tech/ic/api/v1/customer/joint/getprofile,109,0,19
1779799966015,423,CreateIndividual,201,Created,CreateIndividual 3-8,text,true,,1172,8539,1,8,https://api-scuda.uat.oci.krungsri.tech/ic/api/v1/customer/individual/createprofile,423,0,19
1779799966431,28,SearchIndividual,200,OK,SearchIndividual 2-84,text,true,,1191,2602,1,7,https://api-scuda.uat.oci.krungsri.tech/ords/api/v1/customer/individual/searchprofile,28,0,15
1779799966375,102,GetIndividual,200,OK,GetIndividual 1-45,text,true,,3887,3588,3,6,https://api-scuda.uat.oci.krungsri.tech/ic/api/v1/customer/individual/getprofile,102,0,24
1779799966407,100,GetIndividual,200,OK,GetIndividual 1-47,text,true,,3869,3588,4,8,https://api-scuda.uat.oci.krungsri.tech/ic/api/v1/customer/individual/getprofile,100,0,20
1779799966489,29,SearchJuristic,200,OK,SearchJuristic 6-8,text,true,,1014,2600,1,8,https://api-scuda.uat.oci.krungsri.tech/ords/api/v1/customer/juristic/searchprofile,29,0,17
1779799966337,181,UpdateIndividual,200,OK,UpdateIndividual 4-31,text,true,,800,5547,2,7,https://api-scuda.uat.oci.krungsri.tech/ic/api/v1/customer/individual/updateprofile,181,0,20
1779799966376,164,UpdateJoint,200,OK,UpdateJoint 12-8,text,true,,800,4527,1,7,https://api-scuda.uat.oci.krungsri.tech/ic/api/v1/customer/joint/updateprofile,164,0,19
1779799966515,32,SearchJoint,200,OK,SearchJoint 10-8,text,true,,621,2627,1,6,https://api-scuda.uat.oci.krungsri.tech/ords/api/v1/customer/joint/searchprofile,32,0,21
1779799966483,99,GetIndividual,200,OK,GetIndividual 1-48,text,true,,3826,3588,4,7,https://api-scuda.uat.oci.krungsri.tech/ic/api/v1/customer/individual/getprofile,99,0,11
1779799966307,288,UpdateIndividual,200,OK,UpdateIndividual 4-30,text,true,,799,4228,2,7,https://api-scuda.uat.oci.krungsri.tech/ic/api/v1/customer/individual/updateprofile,288,0,16
1779799966576,34,SearchIndividual,200,OK,SearchIndividual 2-85,text,true,,1161,2602,1,6,https://api-scuda.uat.oci.krungsri.tech/ords/api/v1/customer/individual/searchprofile,33,0,21
1779799966507,106,GetIndividual,200,OK,GetIndividual 1-49,text,true,,3831,3588,3,5,https://api-scuda.uat.oci.krungsri.tech/ic/api/v1/customer/individual/getprofile,106,0,17
1779799966399,223,GetIndividual,200,OK,GetIndividual 1-46,text,true,,3851,3588,3,5,https://api-scuda.uat.oci.krungsri.tech/ic/api/v1/customer/individual/getprofile,223,0,20
1779799966568,109,GetIndividual,200,OK,GetIndividual 1-50,text,true,,3855,3587,2,5,https://api-scuda.uat.oci.krungsri.tech/ic/api/v1/customer/individual/getprofile,109,0,27
1779799966667,28,SearchIndividual,200,OK,SearchIndividual 2-86,text,true,,1253,2602,1,5,https://api-scuda.uat.oci.krungsri.tech/ords/api/v1/customer/individual/searchprofile,28,0,16
1779799966591,131,UpdateIndividual,200,OK,UpdateIndividual 4-32,text,true,,800,4227,2,4,https://api-scuda.uat.oci.krungsri.tech/ic/api/v1/customer/individual/updateprofile,131,0,23
1779799966737,32,SearchIndividual,200,OK,SearchIndividual 2-87,text,true,,1159,2602,1,6,https://api-scuda.uat.oci.krungsri.tech/ords/api/v1/customer/individual/searchprofile,32,0,21
1779799966779,33,SearchIndividual,200,OK,SearchIndividual 2-88,text,true,,1229,2602,1,8,https://api-scuda.uat.oci.krungsri.tech/ords/api/v1/customer/individual/searchprofile,33,0,20
1779799966528,290,CreateJoint,200,OK,CreateJoint 11-8,text,true,,1772,6133,1,7,https://api-scuda.uat.oci.krungsri.tech/ic/api/v1/customer/joint/createprofile,290,0,22
1779799966742,111,GetIndividual,200,OK,GetIndividual 1-52,text,true,,3873,3588,3,8,https://api-scuda.uat.oci.krungsri.tech/ic/api/v1/customer/individual/getprofile,111,0,19
1779799966696,189,UpdateIndividual,200,OK,UpdateIndividual 4-33,text,true,,799,5609,4,8,https://api-scuda.uat.oci.krungsri.tech/ic/api/v1/customer/individual/updateprofile,189,0,21
1779799966807,95,GetJuristic,200,OK,GetJuristic 5-8,text,true,,3489,3533,1,7,https://api-scuda.uat.oci.krungsri.tech/ic/api/v1/customer/juristic/getprofile,95,0,19
1779799966745,173,UpdateIndividual,200,OK,UpdateIndividual 4-34,text,true,,800,5563,3,7,https://api-scuda.uat.oci.krungsri.tech/ic/api/v1/customer/individual/updateprofile,173,0,19
1779799966823,105,GetIndividual,200,OK,GetIndividual 1-53,text,true,,3857,3588,2,6,https://api-scuda.uat.oci.krungsri.tech/ic/api/v1/customer/individual/getprofile,105,0,21
1779799966826,135,UpdateIndividual,200,OK,UpdateIndividual 4-35,text,true,,800,4229,2,5,https://api-scuda.uat.oci.krungsri.tech/ic/api/v1/customer/individual/updateprofile,135,0,15
1779799966913,54,SearchIndividual,200,OK,SearchIndividual 2-89,text,true,,1135,2602,1,4,https://api-scuda.uat.oci.krungsri.tech/ords/api/v1/customer/individual/searchprofile,53,0,35
1779799966616,397,GetIndividual,200,OK,GetIndividual 1-51,text,true,,3868,3588,2,6,https://api-scuda.uat.oci.krungsri.tech/ic/api/v1/customer/individual/getprofile,397,0,23
1779799966860,157,UpdateIndividual,200,OK,UpdateIndividual 4-36,text,true,,800,4229,1,5,https://api-scuda.uat.oci.krungsri.tech/ic/api/v1/customer/individual/updateprofile,157,0,31
1779799967007,27,SearchIndividual,200,OK,SearchIndividual 2-90,text,true,,1109,2602,1,5,https://api-scuda.uat.oci.krungsri.tech/ords/api/v1/customer/individual/searchprofile,26,0,14
1779799967048,35,SearchIndividual,200,OK,SearchIndividual 2-91,text,true,,1193,2602,1,7,https://api-scuda.uat.oci.krungsri.tech/ords/api/v1/customer/individual/searchprofile,35,0,23
1779799967012,99,GetIndividual,200,OK,GetIndividual 1-54,text,true,,3925,3588,2,7,https://api-scuda.uat.oci.krungsri.tech/ic/api/v1/customer/individual/getprofile,99,0,21
1779799967104,29,SearchIndividual,200,OK,SearchIndividual 2-92,text,true,,1135,2602,2,9,https://api-scuda.uat.oci.krungsri.tech/ords/api/v1/customer/individual/searchprofile,29,0,18
1779799967119,28,SearchIndividual,200,OK,SearchIndividual 2-93,text,true,,1175,2602,1,8,https://api-scuda.uat.oci.krungsri.tech/ords/api/v1/customer/individual/searchprofile,28,0,16
1779799967047,108,GetIndividual,200,OK,GetIndividual 1-55,text,true,,3865,3588,1,8,https://api-scuda.uat.oci.krungsri.tech/ic/api/v1/customer/individual/getprofile,108,0,19
1779799967028,145,UpdateIndividual,200,OK,UpdateIndividual 4-37,text,true,,800,4227,1,7,https://api-scuda.uat.oci.krungsri.tech/ic/api/v1/customer/individual/updateprofile,145,0,35
1779799967148,32,SearchIndividual,200,OK,SearchIndividual 2-94,text,true,,1179,2602,1,7,https://api-scuda.uat.oci.krungsri.tech/ords/api/v1/customer/individual/searchprofile,32,0,20
1779799967191,28,SearchIndividual,200,OK,SearchIndividual 2-95,text,true,,1223,2602,2,8,https://api-scuda.uat.oci.krungsri.tech/ords/api/v1/customer/individual/searchprofile,28,0,14
1779799967118,103,GetJuristic,200,OK,GetJuristic 5-9,text,true,,3453,3533,1,7,https://api-scuda.uat.oci.krungsri.tech/ic/api/v1/customer/juristic/getprofile,103,0,15
1779799967123,101,GetJoint,200,OK,GetJoint 9-9,text,true,,1431,3530,1,6,https://api-scuda.uat.oci.krungsri.tech/ic/api/v1/customer/joint/getprofile,101,0,21
1779799967211,30,SearchIndividual,200,OK,SearchIndividual 2-96,text,true,,1121,2602,3,8,https://api-scuda.uat.oci.krungsri.tech/ords/api/v1/customer/individual/searchprofile,30,0,18
1779799967229,37,SearchIndividual,200,OK,SearchIndividual 2-97,text,true,,1155,2602,2,7,https://api-scuda.uat.oci.krungsri.tech/ords/api/v1/customer/individual/searchprofile,36,0,24
1779799967229,39,SearchIndividual,200,OK,SearchIndividual 2-98,text,true,,1097,2602,2,7,https://api-scuda.uat.oci.krungsri.tech/ords/api/v1/customer/individual/searchprofile,39,0,26
1779799967180,123,GetIndividual,200,OK,GetIndividual 1-56,text,true,,3837,3588,2,5,https://api-scuda.uat.oci.krungsri.tech/ic/api/v1/customer/individual/getprofile,123,0,20
1779799967235,99,GetIndividual,200,OK,GetIndividual 1-57,text,true,,3838,3588,1,4,https://api-scuda.uat.oci.krungsri.tech/ic/api/v1/customer/individual/getprofile,99,0,12
1779799966778,564,CreateJuristic,201,Created,CreateJuristic 7-8,text,true,,1172,8014,1,4,https://api-scuda.uat.oci.krungsri.tech/ic/api/v1/customer/juristic/createprofile,564,0,17
1779799967339,32,SearchJuristic,200,OK,SearchJuristic 6-9,text,true,,1004,2600,1,3,https://api-scuda.uat.oci.krungsri.tech/ords/api/v1/customer/juristic/searchprofile,32,0,20
1779799967414,26,SearchIndividual,200,OK,SearchIndividual 2-99,text,true,,1129,2602,1,7,https://api-scuda.uat.oci.krungsri.tech/ords/api/v1/customer/individual/searchprofile,25,0,13
1779799967040,406,CreateIndividual,201,Created,CreateIndividual 3-9,text,true,,1172,7926,1,8,https://api-scuda.uat.oci.krungsri.tech/ic/api/v1/customer/individual/createprofile,406,0,20
1779799967011,477,CreateJoint,200,OK,CreateJoint 11-9,text,true,,1771,5941,1,7,https://api-scuda.uat.oci.krungsri.tech/ic/api/v1/customer/joint/createprofile,477,0,21
1779799967504,30,SearchIndividual,200,OK,SearchIndividual 2-100,text,true,,1215,2602,3,10,https://api-scuda.uat.oci.krungsri.tech/ords/api/v1/customer/individual/searchprofile,29,0,12
1779799967507,28,SearchIndividual,200,OK,SearchIndividual 2-101,text,true,,1211,2602,2,9,https://api-scuda.uat.oci.krungsri.tech/ords/api/v1/customer/individual/searchprofile,28,0,18
1779799967511,24,SearchIndividual,200,OK,SearchIndividual 2-102,text,true,,1183,2602,2,9,https://api-scuda.uat.oci.krungsri.tech/ords/api/v1/customer/individual/searchprofile,24,0,13
1779799967440,101,GetIndividual,200,OK,GetIndividual 1-60,text,true,,3851,3588,4,7,https://api-scuda.uat.oci.krungsri.tech/ic/api/v1/customer/individual/getprofile,101,0,19
1779799967412,130,UpdateIndividual,200,OK,UpdateIndividual 4-40,text,true,,800,4227,3,6,https://api-scuda.uat.oci.krungsri.tech/ic/api/v1/customer/individual/updateprofile,130,0,29
1779799967382,167,UpdateIndividual,200,OK,UpdateIndividual 4-38,text,true,,800,5528,2,5,https://api-scuda.uat.oci.krungsri.tech/ic/api/v1/customer/individual/updateprofile,167,0,19
1779799967401,160,GetIndividual,200,OK,GetIndividual 1-58,text,true,,3863,3588,3,4,https://api-scuda.uat.oci.krungsri.tech/ic/api/v1/customer/individual/getprofile,160,0,15
1779799967412,157,UpdateIndividual,200,OK,UpdateIndividual 4-39,text,true,,800,5593,1,3,https://api-scuda.uat.oci.krungsri.tech/ic/api/v1/customer/individual/updateprofile,157,0,15
1779799967512,93,GetIndividual,200,OK,GetIndividual 1-61,text,true,,3802,3588,3,4,https://api-scuda.uat.oci.krungsri.tech/ic/api/v1/customer/individual/getprofile,93,0,12
1779799967592,42,SearchIndividual,200,OK,SearchIndividual 2-103,text,true,,1129,2602,2,4,https://api-scuda.uat.oci.krungsri.tech/ords/api/v1/customer/individual/searchprofile,42,0,29
1779799967618,23,SearchIndividual,200,OK,SearchIndividual 2-104,text,true,,1115,2602,1,4,https://api-scuda.uat.oci.krungsri.tech/ords/api/v1/customer/individual/searchprofile,23,0,12
1779799967440,209,GetIndividual,200,OK,GetIndividual 1-59,text,true,,3836,3588,2,6,https://api-scuda.uat.oci.krungsri.tech/ic/api/v1/customer/individual/getprofile,209,0,19
1779799967664,32,SearchIndividual,200,OK,SearchIndividual 2-105,text,true,,1159,2602,2,7,https://api-scuda.uat.oci.krungsri.tech/ords/api/v1/customer/individual/searchprofile,32,0,19
1779799967604,111,GetIndividual,200,OK,GetIndividual 1-62,text,true,,3849,3588,1,6,https://api-scuda.uat.oci.krungsri.tech/ic/api/v1/customer/individual/getprofile,111,0,20
1779799967689,28,SearchIndividual,200,OK,SearchIndividual 2-106,text,true,,1161,2602,1,5,https://api-scuda.uat.oci.krungsri.tech/ords/api/v1/customer/individual/searchprofile,27,0,15
1779799967740,33,SearchIndividual,200,OK,SearchIndividual 2-107,text,true,,1181,2602,1,7,https://api-scuda.uat.oci.krungsri.tech/ords/api/v1/customer/individual/searchprofile,33,0,19
1779799967645,162,UpdateJuristic,200,OK,UpdateJuristic 8-9,text,true,,800,4425,1,8,https://api-scuda.uat.oci.krungsri.tech/ic/api/v1/customer/juristic/updateprofile,162,0,23
1779799967644,166,UpdateIndividual,200,OK,UpdateIndividual 4-41,text,true,,800,5646,5,7,https://api-scuda.uat.oci.krungsri.tech/ic/api/v1/customer/individual/updateprofile,166,0,19
1779799967648,227,UpdateJoint,200,OK,UpdateJoint 12-9,text,true,,800,4579,1,11,https://api-scuda.uat.oci.krungsri.tech/ic/api/v1/customer/joint/updateprofile,226,0,17
1779799967855,30,SearchIndividual,200,OK,SearchIndividual 2-108,text,true,,1133,2602,3,10,https://api-scuda.uat.oci.krungsri.tech/ords/api/v1/customer/individual/searchprofile,30,0,18
1779799967860,30,SearchIndividual,200,OK,SearchIndividual 2-109,text,true,,1135,2602,2,9,https://api-scuda.uat.oci.krungsri.tech/ords/api/v1/customer/individual/searchprofile,30,0,19
1779799967864,28,SearchIndividual,200,OK,SearchIndividual 2-110,text,true,,1199,2602,1,8,https://api-scuda.uat.oci.krungsri.tech/ords/api/v1/customer/individual/searchprofile,28,0,17
1779799967738,156,UpdateIndividual,200,OK,UpdateIndividual 4-42,text,true,,800,5547,4,7,https://api-scuda.uat.oci.krungsri.tech/ic/api/v1/customer/individual/updateprofile,156,0,19
1779799967795,133,UpdateIndividual,200,OK,UpdateIndividual 4-44,text,true,,800,4227,3,7,https://api-scuda.uat.oci.krungsri.tech/ic/api/v1/customer/individual/updateprofile,133,0,21
1779799967901,29,SearchJoint,200,OK,SearchJoint 10-9,text,true,,621,2627,1,7,https://api-scuda.uat.oci.krungsri.tech/ords/api/v1/customer/joint/searchprofile,29,0,18
1779799967823,110,GetIndividual,200,OK,GetIndividual 1-63,text,true,,3867,3588,4,7,https://api-scuda.uat.oci.krungsri.tech/ic/api/v1/customer/individual/getprofile,109,0,22
1779799967809,141,UpdateIndividual,200,OK,UpdateIndividual 4-45,text,true,,800,4226,2,6,https://api-scuda.uat.oci.krungsri.tech/ic/api/v1/customer/individual/updateprofile,141,0,15
1779799967843,107,GetIndividual,200,OK,GetIndividual 1-64,text,true,,3903,3588,3,6,https://api-scuda.uat.oci.krungsri.tech/ic/api/v1/customer/individual/getprofile,107,0,20
1779799967759,199,UpdateIndividual,200,OK,UpdateIndividual 4-43,text,true,,799,4226,1,4,https://api-scuda.uat.oci.krungsri.tech/ic/api/v1/customer/individual/updateprofile,199,0,21
1779799967962,34,SearchIndividual,200,OK,SearchIndividual 2-111,text,true,,1139,2602,1,6,https://api-scuda.uat.oci.krungsri.tech/ords/api/v1/customer/individual/searchprofile,34,0,19
1779799967929,96,GetIndividual,200,OK,GetIndividual 1-65,text,true,,3829,3588,3,6,https://api-scuda.uat.oci.krungsri.tech/ic/api/v1/customer/individual/getprofile,96,0,13
1779799968004,30,SearchIndividual,200,OK,SearchIndividual 2-112,text,true,,1187,2602,1,6,https://api-scuda.uat.oci.krungsri.tech/ords/api/v1/customer/individual/searchprofile,30,0,16
1779799967931,108,GetIndividual,200,OK,GetIndividual 1-66,text,true,,3857,3588,2,5,https://api-scuda.uat.oci.krungsri.tech/ic/api/v1/customer/individual/getprofile,108,0,20
1779799967990,105,GetIndividual,200,OK,GetIndividual 1-67,text,true,,3866,3588,1,5,https://api-scuda.uat.oci.krungsri.tech/ic/api/v1/customer/individual/getprofile,105,0,10
1779799968099,30,SearchIndividual,200,OK,SearchIndividual 2-113,text,true,,1213,2602,4,9,https://api-scuda.uat.oci.krungsri.tech/ords/api/v1/customer/individual/searchprofile,30,0,18
1779799967642,488,CreateJuristic,201,Created,CreateJuristic 7-9,text,true,,1172,7905,1,8,https://api-scuda.uat.oci.krungsri.tech/ic/api/v1/customer/juristic/createprofile,488,0,12
1779799968105,30,SearchIndividual,200,OK,SearchIndividual 2-115,text,true,,1117,2602,3,7,https://api-scuda.uat.oci.krungsri.tech/ords/api/v1/customer/individual/searchprofile,30,0,17
1779799968105,31,SearchIndividual,200,OK,SearchIndividual 2-114,text,true,,1189,2602,2,6,https://api-scuda.uat.oci.krungsri.tech/ords/api/v1/customer/individual/searchprofile,31,0,20
1779799968032,117,UpdateIndividual,200,OK,UpdateIndividual 4-46,text,true,,800,4229,3,5,https://api-scuda.uat.oci.krungsri.tech/ic/api/v1/customer/individual/updateprofile,117,0,17
1779799968125,27,SearchIndividual,200,OK,SearchIndividual 2-116,text,true,,1141,2602,1,4,https://api-scuda.uat.oci.krungsri.tech/ords/api/v1/customer/individual/searchprofile,27,0,16
1779799967989,230,CreateJoint,200,OK,CreateJoint 11-10,text,true,,1772,5979,1,5,https://api-scuda.uat.oci.krungsri.tech/ic/api/v1/customer/joint/createprofile,230,0,17
1779799968116,117,UpdateIndividual,200,OK,UpdateIndividual 4-48,text,true,,800,4229,2,5,https://api-scuda.uat.oci.krungsri.tech/ic/api/v1/customer/individual/updateprofile,117,0,7
1779799968094,146,UpdateIndividual,200,OK,UpdateIndividual 4-47,text,true,,800,4227,1,4,https://api-scuda.uat.oci.krungsri.tech/ic/api/v1/customer/individual/updateprofile,146,0,16
1779799968221,38,SearchIndividual,200,OK,SearchIndividual 2-117,text,true,,1139,2602,1,3,https://api-scuda.uat.oci.krungsri.tech/ords/api/v1/customer/individual/searchprofile,37,0,23
1779799968156,111,GetJuristic,200,OK,GetJuristic 5-10,text,true,,3480,3531,1,2,https://api-scuda.uat.oci.krungsri.tech/ic/api/v1/customer/juristic/getprofile,111,0,24
1779799968275,47,SearchIndividual,200,OK,SearchIndividual 2-118,text,true,,1185,2602,4,8,https://api-scuda.uat.oci.krungsri.tech/ords/api/v1/customer/individual/searchprofile,38,0,23
1779799968291,33,SearchIndividual,200,OK,SearchIndividual 2-119,text,true,,1195,2602,3,7,https://api-scuda.uat.oci.krungsri.tech/ords/api/v1/customer/individual/searchprofile,33,0,21
1779799968305,31,SearchIndividual,200,OK,SearchIndividual 2-120,text,true,,1201,2602,2,6,https://api-scuda.uat.oci.krungsri.tech/ords/api/v1/customer/individual/searchprofile,31,0,20
1779799968311,32,SearchIndividual,200,OK,SearchIndividual 2-121,text,true,,1161,2602,1,6,https://api-scuda.uat.oci.krungsri.tech/ords/api/v1/customer/individual/searchprofile,32,0,21
1779799968350,28,SearchIndividual,200,OK,SearchIndividual 2-122,text,true,,1197,2602,1,6,https://api-scuda.uat.oci.krungsri.tech/ords/api/v1/customer/individual/searchprofile,28,0,16
1779799968311,105,GetIndividual,200,OK,GetIndividual 1-68,text,true,,3851,3588,3,8,https://api-scuda.uat.oci.krungsri.tech/ic/api/v1/customer/individual/getprofile,105,0,17
1779799968379,38,SearchIndividual,200,OK,SearchIndividual 2-123,text,true,,1175,2602,2,7,https://api-scuda.uat.oci.krungsri.tech/ords/api/v1/customer/individual/searchprofile,37,0,24
1779799968315,102,GetIndividual,200,OK,GetIndividual 1-69,text,true,,3823,3588,2,7,https://api-scuda.uat.oci.krungsri.tech/ic/api/v1/customer/individual/getprofile,102,0,16
1779799968383,35,SearchIndividual,200,OK,SearchIndividual 2-124,text,true,,1159,2602,1,5,https://api-scuda.uat.oci.krungsri.tech/ords/api/v1/customer/individual/searchprofile,35,0,21
1779799968342,95,GetIndividual,200,OK,GetIndividual 1-70,text,true,,3847,3588,1,5,https://api-scuda.uat.oci.krungsri.tech/ic/api/v1/customer/individual/getprofile,95,0,19
1779799968428,31,SearchIndividual,200,OK,SearchIndividual 2-125,text,true,,1187,2602,1,5,https://api-scuda.uat.oci.krungsri.tech/ords/api/v1/customer/individual/searchprofile,30,0,18
1779799968473,29,SearchIndividual,200,OK,SearchIndividual 2-126,text,true,,1171,2602,1,5,https://api-scuda.uat.oci.krungsri.tech/ords/api/v1/customer/individual/searchprofile,29,0,17
1779799968508,27,SearchJuristic,200,OK,SearchJuristic 6-10,text,true,,994,2600,1,7,https://api-scuda.uat.oci.krungsri.tech/ords/api/v1/customer/juristic/searchprofile,27,0,12
1779799968442,104,GetIndividual,200,OK,GetIndividual 1-71,text,true,,3879,3588,2,7,https://api-scuda.uat.oci.krungsri.tech/ic/api/v1/customer/individual/getprofile,104,0,18
1779799968528,34,SearchIndividual,200,OK,SearchIndividual 2-127,text,true,,1134,2601,1,7,https://api-scuda.uat.oci.krungsri.tech/ords/api/v1/customer/individual/searchprofile,34,0,21
1779799968416,179,UpdateIndividual,200,OK,UpdateIndividual 4-49,text,true,,800,5617,3,6,https://api-scuda.uat.oci.krungsri.tech/ic/api/v1/customer/individual/updateprofile,179,0,18
1779799968540,94,GetIndividual,200,OK,GetIndividual 1-72,text,true,,3822,3588,1,7,https://api-scuda.uat.oci.krungsri.tech/ic/api/v1/customer/individual/getprofile,94,0,10
1779799968510,152,UpdateIndividual,200,OK,UpdateIndividual 4-50,text,true,,800,5580,2,6,https://api-scuda.uat.oci.krungsri.tech/ic/api/v1/customer/individual/updateprofile,152,0,18
1779799968635,31,SearchIndividual,200,OK,SearchIndividual 2-128,text,true,,1161,2600,1,5,https://api-scuda.uat.oci.krungsri.tech/ords/api/v1/customer/individual/searchprofile,31,0,18
1779799968555,140,UpdateIndividual,200,OK,UpdateIndividual 4-51,text,true,,800,4228,2,6,https://api-scuda.uat.oci.krungsri.tech/ic/api/v1/customer/individual/updateprofile,140,0,19
1779799968164,534,CreateIndividual,201,Created,CreateIndividual 3-10,text,true,,1172,8377,1,6,https://api-scuda.uat.oci.krungsri.tech/ic/api/v1/customer/individual/createprofile,534,0,20
1779799968599,101,GetJoint,200,OK,GetJoint 9-10,text,true,,1429,3530,1,6,https://api-scuda.uat.oci.krungsri.tech/ic/api/v1/customer/joint/getprofile,101,0,24
1779799968297,434,CreateJuristic,201,Created,CreateJuristic 7-10,text,true,,1172,8397,1,6,https://api-scuda.uat.oci.krungsri.tech/ic/api/v1/customer/juristic/createprofile,434,0,15
1779799968700,41,SearchIndividual,200,OK,SearchIndividual 2-129,text,true,,1209,2602,2,7,https://api-scuda.uat.oci.krungsri.tech/ords/api/v1/customer/individual/searchprofile,41,0,28
1779799968742,33,SearchIndividual,200,OK,SearchIndividual 2-130,text,true,,1128,2601,2,7,https://api-scuda.uat.oci.krungsri.tech/ords/api/v1/customer/individual/searchprofile,32,0,20
1779799968669,100,GetIndividual,200,OK,GetIndividual 1-73,text,true,,3876,3587,2,7,https://api-scuda.uat.oci.krungsri.tech/ic/api/v1/customer/individual/getprofile,100,0,23
1779799968766,38,SearchIndividual,200,OK,SearchIndividual 2-131,text,true,,1159,2602,2,8,https://api-scuda.uat.oci.krungsri.tech/ords/api/v1/customer/individual/searchprofile,38,0,25
1779799968796,34,SearchIndividual,200,OK,SearchIndividual 2-132,text,true,,1203,2602,1,8,https://api-scuda.uat.oci.krungsri.tech/ords/api/v1/customer/individual/searchprofile,34,0,22
1779799968722,112,UpdateIndividual,200,OK,UpdateIndividual 4-53,text,true,,800,4227,3,7,https://api-scuda.uat.oci.krungsri.tech/ic/api/v1/customer/individual/updateprofile,112,0,12
1779799968740,102,GetIndividual,200,OK,GetIndividual 1-74,text,true,,3795,3587,3,6,https://api-scuda.uat.oci.krungsri.tech/ic/api/v1/customer/individual/getprofile,102,0,21
1779799968697,163,UpdateIndividual,200,OK,UpdateIndividual 4-52,text,true,,800,5555,2,6,https://api-scuda.uat.oci.krungsri.tech/ic/api/v1/customer/individual/updateprofile,163,0,20
1779799968865,32,SearchJoint,200,OK,SearchJoint 10-10,text,true,,620,2626,1,9,https://api-scuda.uat.oci.krungsri.tech/ords/api/v1/customer/joint/searchprofile,32,0,22
1779799968868,31,SearchIndividual,200,OK,SearchIndividual 2-133,text,true,,1145,2602,1,8,https://api-scuda.uat.oci.krungsri.tech/ords/api/v1/customer/individual/searchprofile,31,0,20
1779799968802,106,GetIndividual,200,OK,GetIndividual 1-75,text,true,,3759,3587,5,9,https://api-scuda.uat.oci.krungsri.tech/ic/api/v1/customer/individual/getprofile,106,0,20
1779799968810,107,GetIndividual,200,OK,GetIndividual 1-76,text,true,,3903,3588,4,8,https://api-scuda.uat.oci.krungsri.tech/ic/api/v1/customer/individual/getprofile,107,0,18
1779799968699,220,UpdateJuristic,200,OK,UpdateJuristic 8-10,text,true,,800,5831,1,7,https://api-scuda.uat.oci.krungsri.tech/ic/api/v1/customer/juristic/updateprofile,220,0,32
1779799968903,32,SearchIndividual,200,OK,SearchIndividual 2-134,text,true,,1169,2602,1,7,https://api-scuda.uat.oci.krungsri.tech/ords/api/v1/customer/individual/searchprofile,32,0,20
1779799968847,113,GetIndividual,200,OK,GetIndividual 1-77,text,true,,3871,3588,4,7,https://api-scuda.uat.oci.krungsri.tech/ic/api/v1/customer/individual/getprofile,113,0,24
1779799968792,178,UpdateIndividual,200,OK,UpdateIndividual 4-54,text,true,,800,5536,1,6,https://api-scuda.uat.oci.krungsri.tech/ic/api/v1/customer/individual/updateprofile,178,0,24
1779799968937,36,SearchIndividual,200,OK,SearchIndividual 2-135,text,true,,1173,2602,1,5,https://api-scuda.uat.oci.krungsri.tech/ords/api/v1/customer/individual/searchprofile,36,0,23
1779799968874,106,GetIndividual,200,OK,GetIndividual 1-78,text,true,,3792,3588,3,5,https://api-scuda.uat.oci.krungsri.tech/ic/api/v1/customer/individual/getprofile,106,0,17
1779799968875,105,GetIndividual,200,OK,GetIndividual 1-79,text,true,,3849,3588,2,4,https://api-scuda.uat.oci.krungsri.tech/ic/api/v1/customer/individual/getprofile,105,0,20
1779799968978,28,SearchIndividual,200,OK,SearchIndividual 2-136,text,true,,1171,2602,1,5,https://api-scuda.uat.oci.krungsri.tech/ords/api/v1/customer/individual/searchprofile,28,0,17
1779799968922,105,GetIndividual,200,OK,GetIndividual 1-80,text,true,,3887,3588,1,4,https://api-scuda.uat.oci.krungsri.tech/ic/api/v1/customer/individual/getprofile,105,0,17
1779799969055,35,SearchIndividual,200,OK,SearchIndividual 2-137,text,true,,1183,2602,3,9,https://api-scuda.uat.oci.krungsri.tech/ords/api/v1/customer/individual/searchprofile,35,0,22
1779799969077,28,SearchIndividual,200,OK,SearchIndividual 2-139,text,true,,1153,2602,2,8,https://api-scuda.uat.oci.krungsri.tech/ords/api/v1/customer/individual/searchprofile,27,0,15
1779799969077,28,SearchIndividual,200,OK,SearchIndividual 2-138,text,true,,1143,2602,1,7,https://api-scuda.uat.oci.krungsri.tech/ords/api/v1/customer/individual/searchprofile,28,0,17
1779799969114,27,SearchIndividual,200,OK,SearchIndividual 2-140,text,true,,1143,2602,2,8,https://api-scuda.uat.oci.krungsri.tech/ords/api/v1/customer/individual/searchprofile,27,0,16
1779799969041,104,GetIndividual,200,OK,GetIndividual 1-81,text,true,,3786,3587,1,7,https://api-scuda.uat.oci.krungsri.tech/ic/api/v1/customer/individual/getprofile,104,0,21
1779799969124,33,SearchIndividual,200,OK,SearchIndividual 2-141,text,true,,1167,2602,1,7,https://api-scuda.uat.oci.krungsri.tech/ords/api/v1/customer/individual/searchprofile,33,0,22
1779799969155,27,SearchJoint,200,OK,SearchJoint 10-11,text,true,,621,2627,1,7,https://api-scuda.uat.oci.krungsri.tech/ords/api/v1/customer/joint/searchprofile,27,0,17
1779799969052,163,GetJoint,200,OK,GetJoint 9-11,text,true,,1428,3529,1,8,https://api-scuda.uat.oci.krungsri.tech/ic/api/v1/customer/joint/getprofile,163,0,21
1779799968908,355,UpdateJoint,200,OK,UpdateJoint 12-10,text,true,,800,4471,1,8,https://api-scuda.uat.oci.krungsri.tech/ic/api/v1/customer/joint/updateprofile,355,0,21
1779799969253,39,SearchIndividual,200,OK,SearchIndividual 2-142,text,true,,1201,2602,2,10,https://api-scuda.uat.oci.krungsri.tech/ords/api/v1/customer/individual/searchprofile,39,0,20
1779799969190,113,GetIndividual,200,OK,GetIndividual 1-82,text,true,,3852,3587,3,9,https://api-scuda.uat.oci.krungsri.tech/ic/api/v1/customer/individual/getprofile,113,0,17
1779799969312,36,SearchIndividual,200,OK,SearchIndividual 2-144,text,true,,1193,2602,4,14,https://api-scuda.uat.oci.krungsri.tech/ords/api/v1/customer/individual/searchprofile,36,0,23
1779799969318,31,SearchIndividual,200,OK,SearchIndividual 2-145,text,true,,1221,2602,3,13,https://api-scuda.uat.oci.krungsri.tech/ords/api/v1/customer/individual/searchprofile,31,0,19
1779799969173,177,UpdateIndividual,200,OK,UpdateIndividual 4-55,text,true,,800,5609,3,12,https://api-scuda.uat.oci.krungsri.tech/ic/api/v1/customer/individual/updateprofile,177,0,21
1779799969211,140,UpdateIndividual,200,OK,UpdateIndividual 4-56,text,true,,800,4229,2,11,https://api-scuda.uat.oci.krungsri.tech/ic/api/v1/customer/individual/updateprofile,140,0,11
1779799969332,36,SearchIndividual,200,OK,SearchIndividual 2-146,text,true,,1185,2602,3,12,https://api-scuda.uat.oci.krungsri.tech/ords/api/v1/customer/individual/searchprofile,36,0,24
1779799969285,98,GetIndividual,200,OK,GetIndividual 1-83,text,true,,3914,3588,4,11,https://api-scuda.uat.oci.krungsri.tech/ic/api/v1/customer/individual/getprofile,98,0,17
1779799969368,30,SearchIndividual,200,OK,SearchIndividual 2-147,text,true,,1175,2602,4,12,https://api-scuda.uat.oci.krungsri.tech/ords/api/v1/customer/individual/searchprofile,29,0,19
1779799969287,112,SearchIndividual,200,OK,SearchIndividual 2-143,text,true,,1207,2602,3,11,https://api-scuda.uat.oci.krungsri.tech/ords/api/v1/customer/individual/searchprofile,112,0,14
1779799969293,115,GetIndividual,200,OK,GetIndividual 1-84,text,true,,3881,3588,3,10,https://api-scuda.uat.oci.krungsri.tech/ic/api/v1/customer/individual/getprofile,115,0,18
1779799969310,100,GetIndividual,200,OK,GetIndividual 1-85,text,true,,3819,3588,2,9,https://api-scuda.uat.oci.krungsri.tech/ic/api/v1/customer/individual/getprofile,100,0,24
1779799969395,32,SearchIndividual,200,OK,SearchIndividual 2-149,text,true,,1130,2601,2,8,https://api-scuda.uat.oci.krungsri.tech/ords/api/v1/customer/individual/searchprofile,32,0,20
1779799969333,99,GetIndividual,200,OK,GetIndividual 1-86,text,true,,3817,3588,1,7,https://api-scuda.uat.oci.krungsri.tech/ic/api/v1/customer/individual/getprofile,99,0,21
1779799969003,433,CreateJoint,200,OK,CreateJoint 11-11,text,true,,1772,5693,1,6,https://api-scuda.uat.oci.krungsri.tech/ic/api/v1/customer/joint/createprofile,433,0,13
1779799969318,130,UpdateIndividual,200,OK,UpdateIndividual 4-57,text,true,,800,4230,2,6,https://api-scuda.uat.oci.krungsri.tech/ic/api/v1/customer/individual/updateprofile,130,0,16
1779799969389,73,SearchIndividual,200,OK,SearchIndividual 2-148,text,true,,1257,2602,2,6,https://api-scuda.uat.oci.krungsri.tech/ords/api/v1/customer/individual/searchprofile,73,0,20
1779799969001,464,CreateJuristic,201,Created,CreateJuristic 7-11,text,true,,1172,8027,1,5,https://api-scuda.uat.oci.krungsri.tech/ic/api/v1/customer/juristic/createprofile,464,0,11
1779799969449,35,SearchIndividual,200,OK,SearchIndividual 2-150,text,true,,1193,2602,2,5,https://api-scuda.uat.oci.krungsri.tech/ords/api/v1/customer/individual/searchprofile,35,0,19
1779799969476,33,SearchIndividual,200,OK,SearchIndividual 2-151,text,true,,1139,2602,1,6,https://api-scuda.uat.oci.krungsri.tech/ords/api/v1/customer/individual/searchprofile,33,0,19
1779799969441,103,GetIndividual,200,OK,GetIndividual 1-87,text,true,,3819,3588,1,8,https://api-scuda.uat.oci.krungsri.tech/ic/api/v1/customer/individual/getprofile,103,0,19
1779799969068,479,CreateIndividual,201,Created,CreateIndividual 3-11,text,true,,1172,8214,1,7,https://api-scuda.uat.oci.krungsri.tech/ic/api/v1/customer/individual/createprofile,479,0,16
1779799969370,179,UpdateIndividual,200,OK,UpdateIndividual 4-58,text,true,,800,5564,4,6,https://api-scuda.uat.oci.krungsri.tech/ic/api/v1/customer/individual/updateprofile,179,0,20
1779799969528,32,SearchIndividual,200,OK,SearchIndividual 2-152,text,true,,1205,2602,1,6,https://api-scuda.uat.oci.krungsri.tech/ords/api/v1/customer/individual/searchprofile,32,0,21
1779799969504,134,UpdateIndividual,200,OK,UpdateIndividual 4-59,text,true,,800,4230,4,8,https://api-scuda.uat.oci.krungsri.tech/ic/api/v1/customer/individual/updateprofile,134,0,21
1779799969553,110,GetIndividual,200,OK,GetIndividual 1-88,text,true,,3871,3588,3,7,https://api-scuda.uat.oci.krungsri.tech/ic/api/v1/customer/individual/getprofile,110,0,30
1779799969516,156,UpdateJuristic,200,OK,UpdateJuristic 8-11,text,true,,800,4431,1,7,https://api-scuda.uat.oci.krungsri.tech/ic/api/v1/customer/juristic/updateprofile,156,0,19
1779799969505,178,UpdateIndividual,200,OK,UpdateIndividual 4-60,text,true,,800,4227,3,7,https://api-scuda.uat.oci.krungsri.tech/ic/api/v1/customer/individual/updateprofile,178,0,21
1779799969594,103,GetIndividual,200,OK,GetIndividual 1-89,text,true,,3830,3588,4,7,https://api-scuda.uat.oci.krungsri.tech/ic/api/v1/customer/individual/getprofile,103,0,20
1779799969606,104,GetIndividual,200,OK,GetIndividual 1-90,text,true,,3854,3588,3,7,https://api-scuda.uat.oci.krungsri.tech/ic/api/v1/customer/individual/getprofile,104,0,20
1779799969704,28,SearchIndividual,200,OK,SearchIndividual 2-154,text,true,,1111,2602,3,8,https://api-scuda.uat.oci.krungsri.tech/ords/api/v1/customer/individual/searchprofile,28,0,16
1779799969712,30,SearchIndividual,200,OK,SearchIndividual 2-155,text,true,,1117,2602,2,7,https://api-scuda.uat.oci.krungsri.tech/ords/api/v1/customer/individual/searchprofile,30,0,18
1779799969664,110,SearchIndividual,200,OK,SearchIndividual 2-153,text,true,,1148,2601,3,10,https://api-scuda.uat.oci.krungsri.tech/ords/api/v1/customer/individual/searchprofile,110,0,32
1779799969680,99,GetIndividual,200,OK,GetIndividual 1-91,text,true,,3871,3588,3,9,https://api-scuda.uat.oci.krungsri.tech/ic/api/v1/customer/individual/getprofile,99,0,17
1779799969773,32,SearchIndividual,200,OK,SearchIndividual 2-156,text,true,,1223,2602,2,10,https://api-scuda.uat.oci.krungsri.tech/ords/api/v1/customer/individual/searchprofile,32,0,20
1779799969694,125,GetIndividual,200,OK,GetIndividual 1-92,text,true,,3877,3588,4,9,https://api-scuda.uat.oci.krungsri.tech/ic/api/v1/customer/individual/getprofile,125,0,20
1779799969641,181,UpdateIndividual,200,OK,UpdateIndividual 4-62,text,true,,800,5624,3,8,https://api-scuda.uat.oci.krungsri.tech/ic/api/v1/customer/individual/updateprofile,181,0,18
1779799969526,343,UpdateIndividual,200,OK,UpdateIndividual 4-61,text,true,,799,4226,3,9,https://api-scuda.uat.oci.krungsri.tech/ic/api/v1/customer/individual/updateprofile,343,0,22
1779799969773,97,SearchIndividual,200,OK,SearchIndividual 2-157,text,true,,1163,2602,1,8,https://api-scuda.uat.oci.krungsri.tech/ords/api/v1/customer/individual/searchprofile,97,0,19
1779799969769,105,GetIndividual,200,OK,GetIndividual 1-93,text,true,,3849,3588,4,7,https://api-scuda.uat.oci.krungsri.tech/ic/api/v1/customer/individual/getprofile,105,0,23
1779799969794,89,GetIndividual,200,OK,GetIndividual 1-94,text,true,,3830,3588,3,6,https://api-scuda.uat.oci.krungsri.tech/ic/api/v1/customer/individual/getprofile,89,0,14
1779799969801,111,GetIndividual,200,OK,GetIndividual 1-95,text,true,,3859,3588,2,6,https://api-scuda.uat.oci.krungsri.tech/ic/api/v1/customer/individual/getprofile,111,0,19
1779799969890,45,SearchIndividual,200,OK,SearchIndividual 2-158,text,true,,1165,2602,3,7,https://api-scuda.uat.oci.krungsri.tech/ords/api/v1/customer/individual/searchprofile,44,0,15
1779799969929,32,SearchIndividual,200,OK,SearchIndividual 2-160,text,true,,1205,2602,3,9,https://api-scuda.uat.oci.krungsri.tech/ords/api/v1/customer/individual/searchprofile,32,0,20
1779799969865,115,GetIndividual,200,OK,GetIndividual 1-96,text,true,,3870,3588,1,8,https://api-scuda.uat.oci.krungsri.tech/ic/api/v1/customer/individual/getprofile,115,0,21
1779799969960,24,SearchIndividual,200,OK,SearchIndividual 2-161,text,true,,1131,2602,2,7,https://api-scuda.uat.oci.krungsri.tech/ords/api/v1/customer/individual/searchprofile,24,0,12
1779799969939,46,SearchJuristic,200,OK,SearchJuristic 6-11,text,true,,997,2600,1,7,https://api-scuda.uat.oci.krungsri.tech/ords/api/v1/customer/juristic/searchprofile,46,0,19
1779799969922,71,SearchIndividual,200,OK,SearchIndividual 2-159,text,true,,1103,2602,1,6,https://api-scuda.uat.oci.krungsri.tech/ords/api/v1/customer/individual/searchprofile,71,0,18
1779799969861,173,UpdateIndividual,200,OK,UpdateIndividual 4-64,text,true,,800,5572,2,7,https://api-scuda.uat.oci.krungsri.tech/ic/api/v1/customer/individual/updateprofile,173,0,18
1779799970013,29,SearchIndividual,200,OK,SearchIndividual 2-162,text,true,,1141,2602,1,6,https://api-scuda.uat.oci.krungsri.tech/ords/api/v1/customer/individual/searchprofile,29,0,12
1779799969771,297,UpdateJoint,200,OK,UpdateJoint 12-11,text,true,,800,4522,1,5,https://api-scuda.uat.oci.krungsri.tech/ic/api/v1/customer/joint/updateprofile,297,0,21
1779799969716,367,UpdateIndividual,200,OK,UpdateIndividual 4-63,text,true,,800,5569,2,6,https://api-scuda.uat.oci.krungsri.tech/ic/api/v1/customer/individual/updateprofile,367,0,16
1779799970070,32,SearchIndividual,200,OK,SearchIndividual 2-163,text,true,,1173,2602,1,5,https://api-scuda.uat.oci.krungsri.tech/ords/api/v1/customer/individual/searchprofile,32,0,19
1779799970011,114,GetIndividual,200,OK,GetIndividual 1-97,text,true,,3826,3588,2,6,https://api-scuda.uat.oci.krungsri.tech/ic/api/v1/customer/individual/getprofile,114,0,21
1779799970156,28,SearchIndividual,200,OK,SearchIndividual 2-164,text,true,,1103,2602,1,6,https://api-scuda.uat.oci.krungsri.tech/ords/api/v1/customer/individual/searchprofile,28,0,17
1779799969947,246,GetJuristic,200,OK,GetJuristic 5-11,text,true,,3506,3533,1,6,https://api-scuda.uat.oci.krungsri.tech/ic/api/v1/customer/juristic/getprofile,246,0,18
1779799970103,103,GetIndividual,200,OK,GetIndividual 1-98,text,true,,3903,3588,1,5,https://api-scuda.uat.oci.krungsri.tech/ic/api/v1/customer/individual/getprofile,103,0,22
1779799969987,229,CreateJoint,200,OK,CreateJoint 11-12,text,true,,1770,5878,1,4,https://api-scuda.uat.oci.krungsri.tech/ic/api/v1/customer/joint/createprofile,229,0,19
1779799970191,35,SearchIndividual,200,OK,SearchIndividual 2-165,text,true,,1143,2602,1,3,https://api-scuda.uat.oci.krungsri.tech/ords/api/v1/customer/individual/searchprofile,35,0,21
1779799970082,163,UpdateIndividual,200,OK,UpdateIndividual 4-65,text,true,,800,5581,2,2,https://api-scuda.uat.oci.krungsri.tech/ic/api/v1/customer/individual/updateprofile,163,0,18
1779799970109,151,UpdateIndividual,200,OK,UpdateIndividual 4-66,text,true,,800,5589,2,3,https://api-scuda.uat.oci.krungsri.tech/ic/api/v1/customer/individual/updateprofile,151,0,14
1779799970264,39,SearchIndividual,200,OK,SearchIndividual 2-166,text,true,,1187,2602,3,8,https://api-scuda.uat.oci.krungsri.tech/ords/api/v1/customer/individual/searchprofile,39,0,21
1779799970269,35,SearchIndividual,200,OK,SearchIndividual 2-167,text,true,,1135,2602,3,8,https://api-scuda.uat.oci.krungsri.tech/ords/api/v1/customer/individual/searchprofile,35,0,16
1779799970280,41,SearchJuristic,200,OK,SearchJuristic 6-12,text,true,,984,2599,1,6,https://api-scuda.uat.oci.krungsri.tech/ords/api/v1/customer/juristic/searchprofile,41,0,20
1779799970287,37,SearchIndividual,200,OK,SearchIndividual 2-168,text,true,,1171,2602,1,5,https://api-scuda.uat.oci.krungsri.tech/ords/api/v1/customer/individual/searchprofile,36,0,26
1779799970264,113,GetIndividual,200,OK,GetIndividual 1-100,text,true,,3835,3588,3,6,https://api-scuda.uat.oci.krungsri.tech/ic/api/v1/customer/individual/getprofile,113,0,21
1779799970247,152,GetIndividual,200,OK,GetIndividual 1-99,text,true,,3851,3588,2,7,https://api-scuda.uat.oci.krungsri.tech/ic/api/v1/customer/individual/getprofile,152,0,11
1779799970396,35,SearchJoint,200,OK,SearchJoint 10-12,text,true,,621,2627,1,8,https://api-scuda.uat.oci.krungsri.tech/ords/api/v1/customer/joint/searchprofile,34,0,19
1779799970291,151,UpdateIndividual,200,OK,UpdateIndividual 4-68,text,true,,800,5524,2,7,https://api-scuda.uat.oci.krungsri.tech/ic/api/v1/customer/individual/updateprofile,151,0,13
1779799970420,33,SearchIndividual,200,OK,SearchIndividual 2-169,text,true,,1167,2602,2,8,https://api-scuda.uat.oci.krungsri.tech/ords/api/v1/customer/individual/searchprofile,33,0,21
1779799970449,37,SearchIndividual,200,OK,SearchIndividual 2-170,text,true,,1135,2602,3,10,https://api-scuda.uat.oci.krungsri.tech/ords/api/v1/customer/individual/searchprofile,36,0,16
1779799970458,31,SearchIndividual,200,OK,SearchIndividual 2-171,text,true,,1217,2602,2,9,https://api-scuda.uat.oci.krungsri.tech/ords/api/v1/customer/individual/searchprofile,31,0,19
1779799970469,32,SearchIndividual,200,OK,SearchIndividual 2-172,text,true,,1183,2602,1,9,https://api-scuda.uat.oci.krungsri.tech/ords/api/v1/customer/individual/searchprofile,32,0,21
1779799970361,143,GetJoint,200,OK,GetJoint 9-12,text,true,,1431,3530,1,9,https://api-scuda.uat.oci.krungsri.tech/ic/api/v1/customer/joint/getprofile,143,0,21
1779799970369,141,GetIndividual,200,OK,GetIndividual 1-101,text,true,,3861,3588,3,9,https://api-scuda.uat.oci.krungsri.tech/ic/api/v1/customer/individual/getprofile,141,0,21
1779799970250,267,UpdateIndividual,200,OK,UpdateIndividual 4-67,text,true,,800,4229,5,9,https://api-scuda.uat.oci.krungsri.tech/ic/api/v1/customer/individual/updateprofile,267,0,15
1779799970506,32,SearchIndividual,200,OK,SearchIndividual 2-173,text,true,,1127,2602,1,11,https://api-scuda.uat.oci.krungsri.tech/ords/api/v1/customer/individual/searchprofile,32,0,19
1779799970389,160,UpdateJuristic,200,OK,UpdateJuristic 8-12,text,true,,800,4422,1,10,https://api-scuda.uat.oci.krungsri.tech/ic/api/v1/customer/juristic/updateprofile,160,0,19
1779799970556,31,SearchIndividual,200,OK,SearchIndividual 2-174,text,true,,1215,2602,1,11,https://api-scuda.uat.oci.krungsri.tech/ords/api/v1/customer/individual/searchprofile,31,0,20
1779799970450,142,UpdateIndividual,200,OK,UpdateIndividual 4-69,text,true,,800,4228,4,10,https://api-scuda.uat.oci.krungsri.tech/ic/api/v1/customer/individual/updateprofile,142,0,22
1779799970503,110,GetIndividual,200,OK,GetIndividual 1-103,text,true,,3873,3588,6,9,https://api-scuda.uat.oci.krungsri.tech/ic/api/v1/customer/individual/getprofile,110,0,24
1779799970500,137,UpdateIndividual,200,OK,UpdateIndividual 4-71,text,true,,800,4227,3,11,https://api-scuda.uat.oci.krungsri.tech/ic/api/v1/customer/individual/updateprofile,137,0,23
1779799970469,169,UpdateIndividual,200,OK,UpdateIndividual 4-70,text,true,,800,5644,2,10,https://api-scuda.uat.oci.krungsri.tech/ic/api/v1/customer/individual/updateprofile,169,0,26
1779799970537,106,GetIndividual,200,OK,GetIndividual 1-106,text,true,,3843,3588,6,9,https://api-scuda.uat.oci.krungsri.tech/ic/api/v1/customer/individual/getprofile,106,0,19
1779799970631,34,SearchIndividual,200,OK,SearchIndividual 2-176,text,true,,1135,2602,3,9,https://api-scuda.uat.oci.krungsri.tech/ords/api/v1/customer/individual/searchprofile,33,0,16
1779799970626,40,SearchIndividual,200,OK,SearchIndividual 2-175,text,true,,1161,2602,2,8,https://api-scuda.uat.oci.krungsri.tech/ords/api/v1/customer/individual/searchprofile,40,0,24
1779799970656,31,SearchIndividual,200,OK,SearchIndividual 2-177,text,true,,1137,2602,2,9,https://api-scuda.uat.oci.krungsri.tech/ords/api/v1/customer/individual/searchprofile,31,0,20
1779799970582,120,GetIndividual,200,OK,GetIndividual 1-107,text,true,,3864,3587,5,8,https://api-scuda.uat.oci.krungsri.tech/ic/api/v1/customer/individual/getprofile,120,0,23
1779799970683,23,SearchIndividual,200,OK,SearchIndividual 2-178,text,true,,1147,2602,2,8,https://api-scuda.uat.oci.krungsri.tech/ords/api/v1/customer/individual/searchprofile,23,0,10
1779799970517,205,UpdateIndividual,200,OK,UpdateIndividual 4-72,text,true,,800,5629,1,7,https://api-scuda.uat.oci.krungsri.tech/ic/api/v1/customer/individual/updateprofile,205,0,14
1779799970532,212,GetIndividual,200,OK,GetIndividual 1-105,text,true,,3844,3587,4,7,https://api-scuda.uat.oci.krungsri.tech/ic/api/v1/customer/individual/getprofile,212,0,18
1779799970704,40,SearchIndividual,200,OK,SearchIndividual 2-179,text,true,,1185,2602,2,6,https://api-scuda.uat.oci.krungsri.tech/ords/api/v1/customer/individual/searchprofile,40,0,21
1779799970630,116,GetIndividual,200,OK,GetIndividual 1-108,text,true,,3785,3588,3,5,https://api-scuda.uat.oci.krungsri.tech/ic/api/v1/customer/individual/getprofile,116,0,21
1779799970730,28,SearchIndividual,200,OK,SearchIndividual 2-180,text,true,,1119,2602,1,5,https://api-scuda.uat.oci.krungsri.tech/ords/api/v1/customer/individual/searchprofile,28,0,17
1779799970420,345,GetIndividual,200,OK,GetIndividual 1-102,text,true,,3868,3588,3,6,https://api-scuda.uat.oci.krungsri.tech/ic/api/v1/customer/individual/getprofile,345,0,10
1779799970759,32,SearchIndividual,200,OK,SearchIndividual 2-181,text,true,,1191,2602,2,6,https://api-scuda.uat.oci.krungsri.tech/ords/api/v1/customer/individual/searchprofile,32,0,20
1779799970522,276,GetIndividual,200,OK,GetIndividual 1-104,text,true,,3833,3588,2,6,https://api-scuda.uat.oci.krungsri.tech/ic/api/v1/customer/individual/getprofile,276,0,15
1779799970675,144,UpdateJoint,200,OK,UpdateJoint 12-12,text,true,,800,4636,1,8,https://api-scuda.uat.oci.krungsri.tech/ic/api/v1/customer/joint/updateprofile,144,0,12
1779799970789,31,SearchIndividual,200,OK,SearchIndividual 2-182,text,true,,1205,2602,3,7,https://api-scuda.uat.oci.krungsri.tech/ords/api/v1/customer/individual/searchprofile,31,0,20
1779799970803,30,SearchIndividual,200,OK,SearchIndividual 2-183,text,true,,1245,2602,3,8,https://api-scuda.uat.oci.krungsri.tech/ords/api/v1/customer/individual/searchprofile,30,0,18
1779799970818,39,SearchIndividual,200,OK,SearchIndividual 2-184,text,true,,1283,2602,2,7,https://api-scuda.uat.oci.krungsri.tech/ords/api/v1/customer/individual/searchprofile,39,0,28
1779799970830,29,SearchIndividual,200,OK,SearchIndividual 2-185,text,true,,1126,2601,1,6,https://api-scuda.uat.oci.krungsri.tech/ords/api/v1/customer/individual/searchprofile,29,0,19
1779799970761,139,GetIndividual,200,OK,GetIndividual 1-109,text,true,,3830,3588,3,8,https://api-scuda.uat.oci.krungsri.tech/ic/api/v1/customer/individual/getprofile,139,0,30
1779799970872,29,SearchIndividual,200,OK,SearchIndividual 2-186,text,true,,1139,2602,2,7,https://api-scuda.uat.oci.krungsri.tech/ords/api/v1/customer/individual/searchprofile,29,0,17
1779799970817,103,GetIndividual,200,OK,GetIndividual 1-110,text,true,,3795,3588,2,8,https://api-scuda.uat.oci.krungsri.tech/ic/api/v1/customer/individual/getprofile,103,0,20
1779799970877,52,SearchIndividual,200,OK,SearchIndividual 2-187,text,true,,1157,2602,3,8,https://api-scuda.uat.oci.krungsri.tech/ords/api/v1/customer/individual/searchprofile,52,0,29
1779799970798,132,UpdateIndividual,200,OK,UpdateIndividual 4-73,text,true,,799,4227,1,7,https://api-scuda.uat.oci.krungsri.tech/ic/api/v1/customer/individual/updateprofile,132,0,24
1779799970905,26,SearchIndividual,200,OK,SearchIndividual 2-188,text,true,,1146,2601,2,6,https://api-scuda.uat.oci.krungsri.tech/ords/api/v1/customer/individual/searchprofile,26,0,14
1779799970909,33,SearchIndividual,200,OK,SearchIndividual 2-189,text,true,,1209,2602,1,6,https://api-scuda.uat.oci.krungsri.tech/ords/api/v1/customer/individual/searchprofile,33,0,22
1779799970828,118,GetJuristic,200,OK,GetJuristic 5-12,text,true,,3482,3533,1,5,https://api-scuda.uat.oci.krungsri.tech/ic/api/v1/customer/juristic/getprofile,118,0,21
1779799970948,28,SearchIndividual,200,OK,SearchIndividual 2-190,text,true,,1179,2602,1,8,https://api-scuda.uat.oci.krungsri.tech/ords/api/v1/customer/individual/searchprofile,28,0,15
1779799970893,114,GetIndividual,200,OK,GetIndividual 1-111,text,true,,3846,3588,3,7,https://api-scuda.uat.oci.krungsri.tech/ic/api/v1/customer/individual/getprofile,114,0,23
1779799970925,97,GetIndividual,200,OK,GetIndividual 1-112,text,true,,3933,3588,2,6,https://api-scuda.uat.oci.krungsri.tech/ic/api/v1/customer/individual/getprofile,97,0,15
1779799971027,26,SearchIndividual,200,OK,SearchIndividual 2-192,text,true,,1191,2602,3,9,https://api-scuda.uat.oci.krungsri.tech/ords/api/v1/customer/individual/searchprofile,26,0,15
1779799971026,28,SearchIndividual,200,OK,SearchIndividual 2-191,text,true,,1165,2602,2,8,https://api-scuda.uat.oci.krungsri.tech/ords/api/v1/customer/individual/searchprofile,28,0,14
1779799971029,30,SearchIndividual,200,OK,SearchIndividual 2-193,text,true,,1207,2602,2,8,https://api-scuda.uat.oci.krungsri.tech/ords/api/v1/customer/individual/searchprofile,30,0,20
1779799970962,118,GetIndividual,200,OK,GetIndividual 1-113,text,true,,3839,3588,2,7,https://api-scuda.uat.oci.krungsri.tech/ic/api/v1/customer/individual/getprofile,118,0,19
1779799971056,38,SearchIndividual,200,OK,SearchIndividual 2-194,text,true,,1173,2602,1,6,https://api-scuda.uat.oci.krungsri.tech/ords/api/v1/customer/individual/searchprofile,38,0,15
1779799970950,147,UpdateIndividual,200,OK,UpdateIndividual 4-75,text,true,,800,4228,2,6,https://api-scuda.uat.oci.krungsri.tech/ic/api/v1/customer/individual/updateprofile,147,0,18
1779799971095,30,SearchIndividual,200,OK,SearchIndividual 2-195,text,true,,1225,2602,2,7,https://api-scuda.uat.oci.krungsri.tech/ords/api/v1/customer/individual/searchprofile,29,0,16
1779799971121,35,SearchIndividual,200,OK,SearchIndividual 2-196,text,true,,1185,2602,1,7,https://api-scuda.uat.oci.krungsri.tech/ords/api/v1/customer/individual/searchprofile,35,0,23
1779799970938,221,UpdateIndividual,200,OK,UpdateIndividual 4-74,text,true,,800,4229,2,6,https://api-scuda.uat.oci.krungsri.tech/ic/api/v1/customer/individual/updateprofile,221,0,13
1779799971044,120,GetIndividual,200,OK,GetIndividual 1-114,text,true,,3897,3588,2,5,https://api-scuda.uat.oci.krungsri.tech/ic/api/v1/customer/individual/getprofile,120,0,18
1779799971189,29,SearchIndividual,200,OK,SearchIndividual 2-197,text,true,,1164,2601,1,6,https://api-scuda.uat.oci.krungsri.tech/ords/api/v1/customer/individual/searchprofile,29,0,17
1779799970758,478,CreateJuristic,201,Created,CreateJuristic 7-12,text,true,,1172,7815,1,6,https://api-scuda.uat.oci.krungsri.tech/ic/api/v1/customer/juristic/createprofile,478,0,20
1779799971102,163,UpdateIndividual,200,OK,UpdateIndividual 4-76,text,true,,800,5591,2,8,https://api-scuda.uat.oci.krungsri.tech/ic/api/v1/customer/individual/updateprofile,163,0,22
1779799971248,30,SearchIndividual,200,OK,SearchIndividual 2-199,text,true,,1161,2602,4,8,https://api-scuda.uat.oci.krungsri.tech/ords/api/v1/customer/individual/searchprofile,30,0,19
1779799971152,119,GetIndividual,200,OK,GetIndividual 1-115,text,true,,3857,3588,2,7,https://api-scuda.uat.oci.krungsri.tech/ic/api/v1/customer/individual/getprofile,119,0,20
1779799971241,31,SearchIndividual,200,OK,SearchIndividual 2-198,text,true,,1117,2602,3,7,https://api-scuda.uat.oci.krungsri.tech/ords/api/v1/customer/individual/searchprofile,31,0,19
1779799971259,31,SearchIndividual,200,OK,SearchIndividual 2-200,text,true,,1119,2602,2,8,https://api-scuda.uat.oci.krungsri.tech/ords/api/v1/customer/individual/searchprofile,31,0,20
1779799971277,36,SearchIndividual,200,OK,SearchIndividual 2-201,text,true,,1157,2602,1,8,https://api-scuda.uat.oci.krungsri.tech/ords/api/v1/customer/individual/searchprofile,35,0,18
1779799971235,101,GetIndividual,200,OK,GetIndividual 1-116,text,true,,3855,3588,3,7,https://api-scuda.uat.oci.krungsri.tech/ic/api/v1/customer/individual/getprofile,101,0,21
1779799971206,138,UpdateIndividual,200,OK,UpdateIndividual 4-77,text,true,,800,4228,3,9,https://api-scuda.uat.oci.krungsri.tech/ic/api/v1/customer/individual/updateprofile,138,0,22
1779799970964,388,CreateIndividual,201,Created,CreateIndividual 3-12,text,true,,1172,8089,1,8,https://api-scuda.uat.oci.krungsri.tech/ic/api/v1/customer/individual/createprofile,388,0,16
1779799971342,45,SearchIndividual,200,OK,SearchIndividual 2-202,text,true,,1161,2602,5,12,https://api-scuda.uat.oci.krungsri.tech/ords/api/v1/customer/individual/searchprofile,45,0,23
1779799971355,38,SearchIndividual,200,OK,SearchIndividual 2-203,text,true,,1205,2602,4,11,https://api-scuda.uat.oci.krungsri.tech/ords/api/v1/customer/individual/searchprofile,38,0,23
1779799971291,114,GetIndividual,200,OK,GetIndividual 1-117,text,true,,3913,3588,3,11,https://api-scuda.uat.oci.krungsri.tech/ic/api/v1/customer/individual/getprofile,114,0,25
1779799971302,104,GetIndividual,200,OK,GetIndividual 1-118,text,true,,3806,3588,2,10,https://api-scuda.uat.oci.krungsri.tech/ic/api/v1/customer/individual/getprofile,104,0,24
1779799971363,45,SearchIndividual,200,OK,SearchIndividual 2-204,text,true,,1183,2602,3,10,https://api-scuda.uat.oci.krungsri.tech/ords/api/v1/customer/individual/searchprofile,44,0,23
1779799971382,39,SearchIndividual,200,OK,SearchIndividual 2-205,text,true,,1183,2602,3,10,https://api-scuda.uat.oci.krungsri.tech/ords/api/v1/customer/individual/searchprofile,38,0,18
1779799971411,21,SearchIndividual,200,OK,SearchIndividual 2-207,text,true,,1145,2602,2,9,https://api-scuda.uat.oci.krungsri.tech/ords/api/v1/customer/individual/searchprofile,20,0,8
1779799971404,32,SearchJoint,200,OK,SearchJoint 10-13,text,true,,621,2627,1,9,https://api-scuda.uat.oci.krungsri.tech/ords/api/v1/customer/joint/searchprofile,32,0,22
1779799971386,53,SearchIndividual,200,OK,SearchIndividual 2-206,text,true,,1178,2601,2,9,https://api-scuda.uat.oci.krungsri.tech/ords/api/v1/customer/individual/searchprofile,53,0,23
1779799971286,155,UpdateIndividual,200,OK,UpdateIndividual 4-79,text,true,,800,4229,2,8,https://api-scuda.uat.oci.krungsri.tech/ic/api/v1/customer/individual/updateprofile,155,0,20
1779799971282,164,UpdateIndividual,200,OK,UpdateIndividual 4-78,text,true,,800,5592,1,7,https://api-scuda.uat.oci.krungsri.tech/ic/api/v1/customer/individual/updateprofile,164,0,21
1779799971343,105,GetIndividual,200,OK,GetIndividual 1-119,text,true,,3881,3588,3,6,https://api-scuda.uat.oci.krungsri.tech/ic/api/v1/customer/individual/getprofile,105,0,21
1779799971433,42,SearchIndividual,200,OK,SearchIndividual 2-208,text,true,,1255,2602,1,6,https://api-scuda.uat.oci.krungsri.tech/ords/api/v1/customer/individual/searchprofile,42,0,23
1779799971406,102,GetIndividual,200,OK,GetIndividual 1-120,text,true,,3845,3588,3,6,https://api-scuda.uat.oci.krungsri.tech/ic/api/v1/customer/individual/getprofile,102,0,14
1779799971455,102,GetIndividual,200,OK,GetIndividual 1-122,text,true,,3821,3588,2,9,https://api-scuda.uat.oci.krungsri.tech/ic/api/v1/customer/individual/getprofile,102,0,22
1779799971532,55,SearchIndividual,200,OK,SearchIndividual 2-209,text,true,,1249,2602,1,10,https://api-scuda.uat.oci.krungsri.tech/ords/api/v1/customer/individual/searchprofile,54,0,29
1779799971438,178,GetIndividual,200,OK,GetIndividual 1-121,text,true,,3835,3588,1,10,https://api-scuda.uat.oci.krungsri.tech/ic/api/v1/customer/individual/getprofile,178,0,20
1779799971607,32,SearchIndividual,200,OK,SearchIndividual 2-210,text,true,,1253,2602,3,13,https://api-scuda.uat.oci.krungsri.tech/ords/api/v1/customer/individual/searchprofile,32,0,21
1779799971616,37,SearchIndividual,200,OK,SearchIndividual 2-211,text,true,,1149,2602,2,13,https://api-scuda.uat.oci.krungsri.tech/ords/api/v1/customer/individual/searchprofile,37,0,24
1779799971637,24,SearchIndividual,200,OK,SearchIndividual 2-212,text,true,,1185,2602,1,12,https://api-scuda.uat.oci.krungsri.tech/ords/api/v1/customer/individual/searchprofile,24,0,12
1779799971543,129,UpdateIndividual,200,OK,UpdateIndividual 4-81,text,true,,800,4229,4,11,https://api-scuda.uat.oci.krungsri.tech/ic/api/v1/customer/individual/updateprofile,129,0,21
1779799971503,182,UpdateIndividual,200,OK,UpdateIndividual 4-80,text,true,,800,5495,3,10,https://api-scuda.uat.oci.krungsri.tech/ic/api/v1/customer/individual/updateprofile,182,0,19
1779799971533,166,UpdateJoint,200,OK,UpdateJoint 12-13,text,true,,800,4561,1,11,https://api-scuda.uat.oci.krungsri.tech/ic/api/v1/customer/joint/updateprofile,166,0,21
1779799971528,180,GetJuristic,200,OK,GetJuristic 5-13,text,true,,3497,3533,1,10,https://api-scuda.uat.oci.krungsri.tech/ic/api/v1/customer/juristic/getprofile,180,0,26
1779799971341,373,CreateJoint,200,OK,CreateJoint 11-13,text,true,,1772,5888,1,9,https://api-scuda.uat.oci.krungsri.tech/ic/api/v1/customer/joint/createprofile,373,0,20
1779799971581,133,UpdateIndividual,200,OK,UpdateIndividual 4-82,text,true,,800,4227,4,8,https://api-scuda.uat.oci.krungsri.tech/ic/api/v1/customer/individual/updateprofile,133,0,22
1779799971630,110,GetIndividual,200,OK,GetIndividual 1-123,text,true,,3838,3588,3,10,https://api-scuda.uat.oci.krungsri.tech/ic/api/v1/customer/individual/getprofile,110,0,21
1779799971729,32,SearchIndividual,200,OK,SearchIndividual 2-213,text,true,,1151,2602,3,12,https://api-scuda.uat.oci.krungsri.tech/ords/api/v1/customer/individual/searchprofile,32,0,19
1779799971756,27,SearchIndividual,200,OK,SearchIndividual 2-215,text,true,,1272,2601,2,12,https://api-scuda.uat.oci.krungsri.tech/ords/api/v1/customer/individual/searchprofile,27,0,15
1779799971755,27,SearchIndividual,200,OK,SearchIndividual 2-214,text,true,,621,2602,2,11,https://api-scuda.uat.oci.krungsri.tech/ords/api/v1/customer/individual/searchprofile,27,0,16
1779799971369,426,CreateIndividual,201,Created,CreateIndividual 3-13,text,true,,1172,8531,1,11,https://api-scuda.uat.oci.krungsri.tech/ic/api/v1/customer/individual/createprofile,426,0,16
1779799971698,123,UpdateIndividual,200,OK,UpdateIndividual 4-85,text,true,,800,4230,5,11,https://api-scuda.uat.oci.krungsri.tech/ic/api/v1/customer/individual/updateprofile,123,0,19
1779799971735,102,GetIndividual,200,OK,GetIndividual 1-125,text,true,,3835,3588,6,13,https://api-scuda.uat.oci.krungsri.tech/ic/api/v1/customer/individual/getprofile,102,0,14
1779799971718,121,GetIndividual,200,OK,GetIndividual 1-124,text,true,,3810,3587,5,12,https://api-scuda.uat.oci.krungsri.tech/ic/api/v1/customer/individual/getprofile,121,0,18
1779799971751,108,GetIndividual,200,OK,GetIndividual 1-126,text,true,,3887,3588,5,13,https://api-scuda.uat.oci.krungsri.tech/ic/api/v1/customer/individual/getprofile,108,0,12
1779799971831,32,SearchIndividual,200,OK,SearchIndividual 2-216,text,true,,1249,2602,2,12,https://api-scuda.uat.oci.krungsri.tech/ords/api/v1/customer/individual/searchprofile,32,0,21
1779799971843,28,SearchIndividual,200,OK,SearchIndividual 2-217,text,true,,1173,2602,1,11,https://api-scuda.uat.oci.krungsri.tech/ords/api/v1/customer/individual/searchprofile,27,0,15
1779799971629,257,UpdateIndividual,200,OK,UpdateIndividual 4-83,text,true,,800,5592,4,14,https://api-scuda.uat.oci.krungsri.tech/ic/api/v1/customer/individual/updateprofile,257,0,18
1779799971572,316,UpdateJuristic,200,OK,UpdateJuristic 8-13,text,true,,800,5768,1,13,https://api-scuda.uat.oci.krungsri.tech/ic/api/v1/customer/juristic/updateprofile,316,0,19
1779799971873,25,SearchJuristic,200,OK,SearchJuristic 6-13,text,true,,986,2600,1,12,https://api-scuda.uat.oci.krungsri.tech/ords/api/v1/customer/juristic/searchprofile,25,0,14
1779799971872,35,SearchIndividual,200,OK,SearchIndividual 2-218,text,true,,1239,2602,1,11,https://api-scuda.uat.oci.krungsri.tech/ords/api/v1/customer/individual/searchprofile,34,0,19
1779799971786,134,UpdateIndividual,200,OK,UpdateIndividual 4-86,text,true,,800,4227,3,11,https://api-scuda.uat.oci.krungsri.tech/ic/api/v1/customer/individual/updateprofile,134,0,20
1779799971832,106,GetIndividual,200,OK,GetIndividual 1-129,text,true,,3841,3588,6,12,https://api-scuda.uat.oci.krungsri.tech/ic/api/v1/customer/individual/getprofile,106,0,20
1779799971917,27,SearchIndividual,200,OK,SearchIndividual 2-219,text,true,,1191,2602,3,12,https://api-scuda.uat.oci.krungsri.tech/ords/api/v1/customer/individual/searchprofile,27,0,15
1779799971925,33,SearchIndividual,200,OK,SearchIndividual 2-220,text,true,,1129,2602,2,11,https://api-scuda.uat.oci.krungsri.tech/ords/api/v1/customer/individual/searchprofile,33,0,23
1779799971939,33,SearchIndividual,200,OK,SearchIndividual 2-221,text,true,,1249,2602,1,10,https://api-scuda.uat.oci.krungsri.tech/ords/api/v1/customer/individual/searchprofile,33,0,21
1779799971697,293,UpdateIndividual,200,OK,UpdateIndividual 4-84,text,true,,800,5553,2,9,https://api-scuda.uat.oci.krungsri.tech/ic/api/v1/customer/individual/updateprofile,293,0,17
1779799971859,142,GetIndividual,200,OK,GetIndividual 1-130,text,true,,3871,3588,6,9,https://api-scuda.uat.oci.krungsri.tech/ic/api/v1/customer/individual/getprofile,142,0,18
1779799971872,129,GetIndividual,200,OK,GetIndividual 1-131,text,true,,3816,3588,6,9,https://api-scuda.uat.oci.krungsri.tech/ic/api/v1/customer/individual/getprofile,129,0,9
1779799971872,130,GetIndividual,200,OK,GetIndividual 1-132,text,true,,3857,3588,5,8,https://api-scuda.uat.oci.krungsri.tech/ic/api/v1/customer/individual/getprofile,130,0,21
1779799971822,181,UpdateIndividual,200,OK,UpdateIndividual 4-87,text,true,,800,5622,1,6,https://api-scuda.uat.oci.krungsri.tech/ic/api/v1/customer/individual/updateprofile,181,0,20
1779799972015,26,SearchIndividual,200,OK,SearchIndividual 2-222,text,true,,1209,2602,4,9,https://api-scuda.uat.oci.krungsri.tech/ords/api/v1/customer/individual/searchprofile,26,0,14
1779799972026,31,SearchIndividual,200,OK,SearchIndividual 2-223,text,true,,1189,2602,5,11,https://api-scuda.uat.oci.krungsri.tech/ords/api/v1/customer/individual/searchprofile,31,0,19
1779799972027,34,SearchIndividual,200,OK,SearchIndividual 2-224,text,true,,1147,2602,4,10,https://api-scuda.uat.oci.krungsri.tech/ords/api/v1/customer/individual/searchprofile,34,0,22
1779799971794,273,GetIndividual,200,OK,GetIndividual 1-127,text,true,,3824,3588,3,9,https://api-scuda.uat.oci.krungsri.tech/ic/api/v1/customer/individual/getprofile,273,0,18
1779799971936,140,GetJoint,200,OK,GetJoint 9-13,text,true,,1429,3530,1,8,https://api-scuda.uat.oci.krungsri.tech/ic/api/v1/customer/joint/getprofile,140,0,22
1779799972034,42,SearchIndividual,200,OK,SearchIndividual 2-225,text,true,,1207,2602,3,8,https://api-scuda.uat.oci.krungsri.tech/ords/api/v1/customer/individual/searchprofile,42,0,24
1779799972047,30,SearchIndividual,200,OK,SearchIndividual 2-227,text,true,,1221,2602,2,6,https://api-scuda.uat.oci.krungsri.tech/ords/api/v1/customer/individual/searchprofile,30,0,18
1779799972047,30,SearchIndividual,200,OK,SearchIndividual 2-226,text,true,,1227,2602,1,5,https://api-scuda.uat.oci.krungsri.tech/ords/api/v1/customer/individual/searchprofile,30,0,19
1779799972081,27,SearchIndividual,200,OK,SearchIndividual 2-228,text,true,,1187,2602,2,6,https://api-scuda.uat.oci.krungsri.tech/ords/api/v1/customer/individual/searchprofile,27,0,15
1779799972089,35,SearchIndividual,200,OK,SearchIndividual 2-229,text,true,,1161,2602,2,6,https://api-scuda.uat.oci.krungsri.tech/ords/api/v1/customer/individual/searchprofile,35,0,22
1779799971995,129,GetIndividual,200,OK,GetIndividual 1-133,text,true,,3807,3588,2,5,https://api-scuda.uat.oci.krungsri.tech/ic/api/v1/customer/individual/getprofile,129,0,36
1779799972112,31,SearchIndividual,200,OK,SearchIndividual 2-230,text,true,,1111,2602,1,5,https://api-scuda.uat.oci.krungsri.tech/ords/api/v1/customer/individual/searchprofile,30,0,19
1779799972151,31,SearchIndividual,200,OK,SearchIndividual 2-231,text,true,,1188,2601,1,5,https://api-scuda.uat.oci.krungsri.tech/ords/api/v1/customer/individual/searchprofile,30,0,19
1779799971828,367,GetIndividual,200,OK,GetIndividual 1-128,text,true,,3918,3588,3,5,https://api-scuda.uat.oci.krungsri.tech/ic/api/v1/customer/individual/getprofile,367,0,13
1779799971645,576,CreateJuristic,201,Created,CreateJuristic 7-13,text,true,,1171,7668,1,6,https://api-scuda.uat.oci.krungsri.tech/ic/api/v1/customer/juristic/createprofile,576,0,21
1779799972129,114,GetIndividual,200,OK,GetIndividual 1-134,text,true,,3853,3588,3,7,https://api-scuda.uat.oci.krungsri.tech/ic/api/v1/customer/individual/getprofile,114,0,18
1779799972230,26,SearchIndividual,200,OK,SearchIndividual 2-232,text,true,,1235,2602,2,9,https://api-scuda.uat.oci.krungsri.tech/ords/api/v1/customer/individual/searchprofile,26,0,14
1779799972193,90,GetIndividual,200,OK,GetIndividual 1-135,text,true,,3814,3588,3,9,https://api-scuda.uat.oci.krungsri.tech/ic/api/v1/customer/individual/getprofile,90,0,13
1779799972245,34,SearchJuristic,200,OK,SearchJuristic 6-14,text,true,,969,2600,1,9,https://api-scuda.uat.oci.krungsri.tech/ords/api/v1/customer/juristic/searchprofile,34,0,22
1779799972245,33,SearchIndividual,200,OK,SearchIndividual 2-233,text,true,,1181,2602,1,9,https://api-scuda.uat.oci.krungsri.tech/ords/api/v1/customer/individual/searchprofile,32,0,20
1779799972297,21,SearchIndividual,200,OK,SearchIndividual 2-235,text,true,,1163,2602,3,11,https://api-scuda.uat.oci.krungsri.tech/ords/api/v1/customer/individual/searchprofile,21,0,9
1779799972302,22,SearchIndividual,200,OK,SearchIndividual 2-236,text,true,,1185,2602,3,12,https://api-scuda.uat.oci.krungsri.tech/ords/api/v1/customer/individual/searchprofile,22,0,11
1779799972296,29,SearchIndividual,200,OK,SearchIndividual 2-234,text,true,,1169,2602,2,11,https://api-scuda.uat.oci.krungsri.tech/ords/api/v1/customer/individual/searchprofile,29,0,17
1779799972322,25,SearchIndividual,200,OK,SearchIndividual 2-237,text,true,,1197,2602,1,11,https://api-scuda.uat.oci.krungsri.tech/ords/api/v1/customer/individual/searchprofile,25,0,13
1779799972054,295,CreateJoint,200,OK,CreateJoint 11-14,text,true,,1772,5684,1,10,https://api-scuda.uat.oci.krungsri.tech/ic/api/v1/customer/joint/createprofile,295,0,18
1779799972238,119,GetIndividual,200,OK,GetIndividual 1-136,text,true,,3873,3588,5,10,https://api-scuda.uat.oci.krungsri.tech/ic/api/v1/customer/individual/getprofile,119,0,19
1779799972266,101,GetIndividual,200,OK,GetIndividual 1-137,text,true,,3889,3588,4,9,https://api-scuda.uat.oci.krungsri.tech/ic/api/v1/customer/individual/getprofile,101,0,18
1779799972221,160,UpdateIndividual,200,OK,UpdateIndividual 4-88,text,true,,800,5572,5,9,https://api-scuda.uat.oci.krungsri.tech/ic/api/v1/customer/individual/updateprofile,160,0,19
1779799972223,161,UpdateIndividual,200,OK,UpdateIndividual 4-89,text,true,,800,5519,4,8,https://api-scuda.uat.oci.krungsri.tech/ic/api/v1/customer/individual/updateprofile,161,0,13
1779799972319,100,GetIndividual,200,OK,GetIndividual 1-139,text,true,,3881,3588,4,10,https://api-scuda.uat.oci.krungsri.tech/ic/api/v1/customer/individual/getprofile,100,0,16
1779799972258,166,UpdateIndividual,200,OK,UpdateIndividual 4-90,text,true,,800,5500,4,10,https://api-scuda.uat.oci.krungsri.tech/ic/api/v1/customer/individual/updateprofile,166,0,25
1779799972316,109,GetIndividual,200,OK,GetIndividual 1-138,text,true,,3811,3588,3,9,https://api-scuda.uat.oci.krungsri.tech/ic/api/v1/customer/individual/getprofile,109,0,14
1779799972395,33,SearchIndividual,200,OK,SearchIndividual 2-238,text,true,,1173,2602,3,8,https://api-scuda.uat.oci.krungsri.tech/ords/api/v1/customer/individual/searchprofile,32,0,20
1779799972301,133,UpdateIndividual,200,OK,UpdateIndividual 4-91,text,true,,799,4227,3,7,https://api-scuda.uat.oci.krungsri.tech/ic/api/v1/customer/individual/updateprofile,133,0,18
1779799972417,33,SearchIndividual,200,OK,SearchIndividual 2-239,text,true,,1247,2602,2,8,https://api-scuda.uat.oci.krungsri.tech/ords/api/v1/customer/individual/searchprofile,33,0,14
1779799972421,33,SearchIndividual,200,OK,SearchIndividual 2-240,text,true,,1185,2602,1,7,https://api-scuda.uat.oci.krungsri.tech/ords/api/v1/customer/individual/searchprofile,33,0,18
1779799972355,101,GetIndividual,200,OK,GetIndividual 1-140,text,true,,3836,3588,4,6,https://api-scuda.uat.oci.krungsri.tech/ic/api/v1/customer/individual/getprofile,101,0,20
1779799972343,139,UpdateIndividual,200,OK,UpdateIndividual 4-92,text,true,,800,5552,4,8,https://api-scuda.uat.oci.krungsri.tech/ic/api/v1/customer/individual/updateprofile,139,0,13
1779799972378,108,GetIndividual,200,OK,GetIndividual 1-141,text,true,,3793,3588,4,7,https://api-scuda.uat.oci.krungsri.tech/ic/api/v1/customer/individual/getprofile,108,0,23
1779799972493,36,SearchIndividual,200,OK,SearchIndividual 2-241,text,true,,1159,2602,2,13,https://api-scuda.uat.oci.krungsri.tech/ords/api/v1/customer/individual/searchprofile,36,0,24
1779799972509,30,SearchIndividual,200,OK,SearchIndividual 2-242,text,true,,1176,2601,1,12,https://api-scuda.uat.oci.krungsri.tech/ords/api/v1/customer/individual/searchprofile,30,0,19
1779799972444,96,GetIndividual,200,OK,GetIndividual 1-143,text,true,,3878,3588,5,11,https://api-scuda.uat.oci.krungsri.tech/ic/api/v1/customer/individual/getprofile,96,0,16
1779799972435,107,GetIndividual,200,OK,GetIndividual 1-142,text,true,,3828,3588,4,10,https://api-scuda.uat.oci.krungsri.tech/ic/api/v1/customer/individual/getprofile,107,0,23
1779799972464,105,GetIndividual,200,OK,GetIndividual 1-144,text,true,,3874,3588,3,10,https://api-scuda.uat.oci.krungsri.tech/ic/api/v1/customer/individual/getprofile,105,0,21
1779799972504,88,GetIndividual,200,OK,GetIndividual 1-145,text,true,,3877,3588,2,9,https://api-scuda.uat.oci.krungsri.tech/ic/api/v1/customer/individual/getprofile,88,0,11
1779799972500,104,GetJuristic,200,OK,GetJuristic 5-14,text,true,,3473,3532,1,8,https://api-scuda.uat.oci.krungsri.tech/ic/api/v1/customer/juristic/getprofile,104,0,22
1779799972476,130,UpdateIndividual,200,OK,UpdateIndividual 4-95,text,true,,800,4227,5,7,https://api-scuda.uat.oci.krungsri.tech/ic/api/v1/customer/individual/updateprofile,130,0,19
1779799972391,226,UpdateIndividual,200,OK,UpdateIndividual 4-93,text,true,,800,4229,4,7,https://api-scuda.uat.oci.krungsri.tech/ic/api/v1/customer/individual/updateprofile,226,0,21
1779799972495,138,UpdateIndividual,200,OK,UpdateIndividual 4-96,text,true,,800,4228,3,8,https://api-scuda.uat.oci.krungsri.tech/ic/api/v1/customer/individual/updateprofile,138,0,27
1779799972515,121,GetIndividual,200,OK,GetIndividual 1-146,text,true,,3869,3587,1,7,https://api-scuda.uat.oci.krungsri.tech/ic/api/v1/customer/individual/getprofile,121,0,23
1779799972461,190,UpdateIndividual,200,OK,UpdateIndividual 4-94,text,true,,800,5575,2,9,https://api-scuda.uat.oci.krungsri.tech/ic/api/v1/customer/individual/updateprofile,190,0,16
1779799972618,33,SearchIndividual,200,OK,SearchIndividual 2-243,text,true,,1181,2602,3,8,https://api-scuda.uat.oci.krungsri.tech/ords/api/v1/customer/individual/searchprofile,33,0,20
1779799972646,26,SearchIndividual,200,OK,SearchIndividual 2-245,text,true,,1169,2602,3,9,https://api-scuda.uat.oci.krungsri.tech/ords/api/v1/customer/individual/searchprofile,26,0,13
1779799972639,33,SearchIndividual,200,OK,SearchIndividual 2-244,text,true,,1177,2602,2,8,https://api-scuda.uat.oci.krungsri.tech/ords/api/v1/customer/individual/searchprofile,33,0,22
1779799972652,31,SearchIndividual,200,OK,SearchIndividual 2-246,text,true,,1197,2602,1,7,https://api-scuda.uat.oci.krungsri.tech/ords/api/v1/customer/individual/searchprofile,31,0,18
1779799972530,186,UpdateIndividual,200,OK,UpdateIndividual 4-97,text,true,,800,5574,1,7,https://api-scuda.uat.oci.krungsri.tech/ic/api/v1/customer/individual/updateprofile,186,0,15
1779799972614,133,UpdateJoint,200,OK,UpdateJoint 12-14,text,true,,800,3614,1,8,https://api-scuda.uat.oci.krungsri.tech/ic/api/v1/customer/joint/updateprofile,133,0,17
1779799972652,100,GetJoint,200,OK,GetJoint 9-14,text,true,,1429,3530,1,8,https://api-scuda.uat.oci.krungsri.tech/ic/api/v1/customer/joint/getprofile,100,0,15
1779799972645,108,GetIndividual,200,OK,GetIndividual 1-147,text,true,,3803,3588,3,8,https://api-scuda.uat.oci.krungsri.tech/ic/api/v1/customer/individual/getprofile,108,0,20
1779799972729,29,SearchIndividual,200,OK,SearchIndividual 2-247,text,true,,1213,2602,1,8,https://api-scuda.uat.oci.krungsri.tech/ords/api/v1/customer/individual/searchprofile,29,0,18
1779799972700,109,GetIndividual,200,OK,GetIndividual 1-148,text,true,,3833,3588,3,8,https://api-scuda.uat.oci.krungsri.tech/ic/api/v1/customer/individual/getprofile,109,0,24
1779799972783,33,SearchIndividual,200,OK,SearchIndividual 2-248,text,true,,1185,2602,1,7,https://api-scuda.uat.oci.krungsri.tech/ords/api/v1/customer/individual/searchprofile,32,0,18
1779799972833,24,SearchJoint,200,OK,SearchJoint 10-14,text,true,,621,2627,1,11,https://api-scuda.uat.oci.krungsri.tech/ords/api/v1/customer/joint/searchprofile,24,0,13
1779799972752,106,GetIndividual,200,OK,GetIndividual 1-149,text,true,,3848,3588,3,10,https://api-scuda.uat.oci.krungsri.tech/ic/api/v1/customer/individual/getprofile,106,0,13
1779799972754,107,GetIndividual,200,OK,GetIndividual 1-150,text,true,,3877,3588,2,9,https://api-scuda.uat.oci.krungsri.tech/ic/api/v1/customer/individual/getprofile,107,0,20
1779799972834,32,SearchIndividual,200,OK,SearchIndividual 2-249,text,true,,1169,2602,3,8,https://api-scuda.uat.oci.krungsri.tech/ords/api/v1/customer/individual/searchprofile,32,0,21
1779799972837,33,SearchIndividual,200,OK,SearchIndividual 2-250,text,true,,1196,2601,2,7,https://api-scuda.uat.oci.krungsri.tech/ords/api/v1/customer/individual/searchprofile,33,0,21
1779799972745,141,UpdateIndividual,200,OK,UpdateIndividual 4-98,text,true,,799,4225,2,6,https://api-scuda.uat.oci.krungsri.tech/ic/api/v1/customer/individual/updateprofile,141,0,20
1779799972857,30,SearchIndividual,200,OK,SearchIndividual 2-251,text,true,,1183,2602,1,5,https://api-scuda.uat.oci.krungsri.tech/ords/api/v1/customer/individual/searchprofile,30,0,19
1779799972755,143,UpdateIndividual,200,OK,UpdateIndividual 4-99,text,true,,800,4228,1,4,https://api-scuda.uat.oci.krungsri.tech/ic/api/v1/customer/individual/updateprofile,143,0,21
1779799972635,274,UpdateJuristic,200,OK,UpdateJuristic 8-14,text,true,,799,4424,1,4,https://api-scuda.uat.oci.krungsri.tech/ic/api/v1/customer/juristic/updateprofile,274,0,21
1779799972831,105,GetIndividual,200,OK,GetIndividual 1-151,text,true,,3837,3588,2,3,https://api-scuda.uat.oci.krungsri.tech/ic/api/v1/customer/individual/getprofile,105,0,21
1779799972952,31,SearchIndividual,200,OK,SearchIndividual 2-252,text,true,,1197,2602,4,8,https://api-scuda.uat.oci.krungsri.tech/ords/api/v1/customer/individual/searchprofile,31,0,19
1779799972958,25,SearchIndividual,200,OK,SearchIndividual 2-254,text,true,,1139,2602,4,8,https://api-scuda.uat.oci.krungsri.tech/ords/api/v1/customer/individual/searchprofile,25,0,13
1779799972952,32,SearchIndividual,200,OK,SearchIndividual 2-253,text,true,,1169,2602,2,6,https://api-scuda.uat.oci.krungsri.tech/ords/api/v1/customer/individual/searchprofile,32,0,19
1779799972903,101,GetIndividual,200,OK,GetIndividual 1-152,text,true,,3846,3587,1,5,https://api-scuda.uat.oci.krungsri.tech/ic/api/v1/customer/individual/getprofile,101,0,20
1779799972981,38,SearchIndividual,200,OK,SearchIndividual 2-255,text,true,,1207,2602,1,5,https://api-scuda.uat.oci.krungsri.tech/ords/api/v1/customer/individual/searchprofile,38,0,23
1779799973021,38,SearchIndividual,200,OK,SearchIndividual 2-256,text,true,,1135,2602,4,9,https://api-scuda.uat.oci.krungsri.tech/ords/api/v1/customer/individual/searchprofile,38,0,22
1779799973030,31,SearchIndividual,200,OK,SearchIndividual 2-257,text,true,,1179,2602,3,8,https://api-scuda.uat.oci.krungsri.tech/ords/api/v1/customer/individual/searchprofile,31,0,20
1779799973044,33,SearchIndividual,200,OK,SearchIndividual 2-259,text,true,,1171,2602,3,8,https://api-scuda.uat.oci.krungsri.tech/ords/api/v1/customer/individual/searchprofile,32,0,20
1779799973043,37,SearchIndividual,200,OK,SearchIndividual 2-258,text,true,,1137,2602,2,7,https://api-scuda.uat.oci.krungsri.tech/ords/api/v1/customer/individual/searchprofile,37,0,22
1779799973064,30,SearchIndividual,200,OK,SearchIndividual 2-260,text,true,,1179,2602,1,7,https://api-scuda.uat.oci.krungsri.tech/ords/api/v1/customer/individual/searchprofile,30,0,18
1779799972952,165,UpdateIndividual,200,OK,UpdateIndividual 4-100,text,true,,799,5517,3,8,https://api-scuda.uat.oci.krungsri.tech/ic/api/v1/customer/individual/updateprofile,165,0,16
1779799973097,30,SearchIndividual,200,OK,SearchIndividual 2-261,text,true,,1215,2602,1,7,https://api-scuda.uat.oci.krungsri.tech/ords/api/v1/customer/individual/searchprofile,30,0,18
1779799972566,581,CreateJuristic,201,Created,CreateJuristic 7-14,text,true,,1172,8065,2,6,https://api-scuda.uat.oci.krungsri.tech/ic/api/v1/customer/juristic/createprofile,581,0,22
1779799973050,135,UpdateIndividual,200,OK,UpdateIndividual 4-101,text,true,,800,4227,3,7,https://api-scuda.uat.oci.krungsri.tech/ic/api/v1/customer/individual/updateprofile,135,0,24
1779799973178,30,SearchIndividual,200,OK,SearchIndividual 2-262,text,true,,1181,2602,1,9,https://api-scuda.uat.oci.krungsri.tech/ords/api/v1/customer/individual/searchprofile,30,0,18
1779799973213,22,SearchIndividual,200,OK,SearchIndividual 2-263,text,true,,1173,2602,1,12,https://api-scuda.uat.oci.krungsri.tech/ords/api/v1/customer/individual/searchprofile,22,0,11
1779799973114,136,UpdateIndividual,200,OK,UpdateIndividual 4-102,text,true,,800,4226,3,14,https://api-scuda.uat.oci.krungsri.tech/ic/api/v1/customer/individual/updateprofile,136,0,19
1779799973241,30,SearchIndividual,200,OK,SearchIndividual 2-264,text,true,,1177,2602,3,13,https://api-scuda.uat.oci.krungsri.tech/ords/api/v1/customer/individual/searchprofile,29,0,17
1779799973247,28,SearchIndividual,200,OK,SearchIndividual 2-265,text,true,,1109,2602,2,13,https://api-scuda.uat.oci.krungsri.tech/ords/api/v1/customer/individual/searchprofile,28,0,16
1779799973251,31,SearchIndividual,200,OK,SearchIndividual 2-266,text,true,,1261,2602,1,12,https://api-scuda.uat.oci.krungsri.tech/ords/api/v1/customer/individual/searchprofile,31,0,20
1779799973199,92,GetIndividual,200,OK,GetIndividual 1-153,text,true,,3935,3588,6,12,https://api-scuda.uat.oci.krungsri.tech/ic/api/v1/customer/individual/getprofile,92,0,13
1779799973201,98,GetIndividual,200,OK,GetIndividual 1-154,text,true,,3843,3588,5,11,https://api-scuda.uat.oci.krungsri.tech/ic/api/v1/customer/individual/getprofile,98,0,14
1779799973173,161,UpdateIndividual,200,OK,UpdateIndividual 4-103,text,true,,800,5550,3,11,https://api-scuda.uat.oci.krungsri.tech/ic/api/v1/customer/individual/updateprofile,161,0,19
1779799973229,112,GetIndividual,200,OK,GetIndividual 1-155,text,true,,3909,3588,4,10,https://api-scuda.uat.oci.krungsri.tech/ic/api/v1/customer/individual/getprofile,112,0,23
1779799972941,408,CreateIndividual,201,Created,CreateIndividual 3-14,text,true,,1172,8250,1,9,https://api-scuda.uat.oci.krungsri.tech/ic/api/v1/customer/individual/createprofile,408,0,18
1779799973229,123,GetIndividual,200,OK,GetIndividual 1-157,text,true,,3908,3588,3,8,https://api-scuda.uat.oci.krungsri.tech/ic/api/v1/customer/individual/getprofile,123,0,18
1779799973328,37,SearchIndividual,200,OK,SearchIndividual 2-267,text,true,,1175,2602,1,7,https://api-scuda.uat.oci.krungsri.tech/ords/api/v1/customer/individual/searchprofile,37,0,24
1779799973272,93,GetIndividual,200,OK,GetIndividual 1-158,text,true,,3863,3588,2,6,https://api-scuda.uat.oci.krungsri.tech/ic/api/v1/customer/individual/getprofile,93,0,20
1779799973229,157,GetIndividual,200,OK,GetIndividual 1-156,text,true,,3842,3588,1,5,https://api-scuda.uat.oci.krungsri.tech/ic/api/v1/customer/individual/getprofile,157,0,20
1779799973086,304,CreateJoint,200,OK,CreateJoint 11-15,text,true,,1772,6062,1,4,https://api-scuda.uat.oci.krungsri.tech/ic/api/v1/customer/joint/createprofile,304,0,13
1779799973291,141,UpdateIndividual,200,OK,UpdateIndividual 4-105,text,true,,800,4226,4,6,https://api-scuda.uat.oci.krungsri.tech/ic/api/v1/customer/individual/updateprofile,141,0,21
1779799973211,227,UpdateIndividual,200,OK,UpdateIndividual 4-104,text,true,,800,4229,3,5,https://api-scuda.uat.oci.krungsri.tech/ic/api/v1/customer/individual/updateprofile,227,0,20
1779799973010,434,CreateJuristic,201,Created,CreateJuristic 7-15,text,true,,1172,7963,1,4,https://api-scuda.uat.oci.krungsri.tech/ic/api/v1/customer/juristic/createprofile,434,0,17
1779799973475,24,SearchIndividual,200,OK,SearchIndividual 2-268,text,true,,1171,2602,3,8,https://api-scuda.uat.oci.krungsri.tech/ords/api/v1/customer/individual/searchprofile,24,0,11
1779799973486,28,SearchIndividual,200,OK,SearchIndividual 2-269,text,true,,1183,2602,2,8,https://api-scuda.uat.oci.krungsri.tech/ords/api/v1/customer/individual/searchprofile,28,0,16
1779799973497,35,SearchIndividual,200,OK,SearchIndividual 2-270,text,true,,1175,2602,1,7,https://api-scuda.uat.oci.krungsri.tech/ords/api/v1/customer/individual/searchprofile,34,0,16
1779799973422,123,GetIndividual,200,OK,GetIndividual 1-159,text,true,,3811,3588,3,8,https://api-scuda.uat.oci.krungsri.tech/ic/api/v1/customer/individual/getprofile,123,0,17
1779799973421,133,UpdateIndividual,200,OK,UpdateIndividual 4-107,text,true,,799,4226,5,8,https://api-scuda.uat.oci.krungsri.tech/ic/api/v1/customer/individual/updateprofile,133,0,22
1779799973414,175,UpdateIndividual,200,OK,UpdateIndividual 4-106,text,true,,800,5594,4,9,https://api-scuda.uat.oci.krungsri.tech/ic/api/v1/customer/individual/updateprofile,175,0,33
1779799973551,41,SearchIndividual,200,OK,SearchIndividual 2-271,text,true,,1163,2602,3,8,https://api-scuda.uat.oci.krungsri.tech/ords/api/v1/customer/individual/searchprofile,41,0,25
1779799973476,118,GetIndividual,200,OK,GetIndividual 1-160,text,true,,3851,3588,2,7,https://api-scuda.uat.oci.krungsri.tech/ic/api/v1/customer/individual/getprofile,118,0,22
1779799973588,32,SearchIndividual,200,OK,SearchIndividual 2-273,text,true,,1199,2602,3,8,https://api-scuda.uat.oci.krungsri.tech/ords/api/v1/customer/individual/searchprofile,32,0,17
1779799973536,89,GetIndividual,200,OK,GetIndividual 1-161,text,true,,3883,3588,2,8,https://api-scuda.uat.oci.krungsri.tech/ic/api/v1/customer/individual/getprofile,89,0,11
1779799973584,43,SearchIndividual,200,OK,SearchIndividual 2-272,text,true,,1253,2602,2,7,https://api-scuda.uat.oci.krungsri.tech/ords/api/v1/customer/individual/searchprofile,42,0,31
1779799973621,32,SearchIndividual,200,OK,SearchIndividual 2-274,text,true,,1242,2601,3,9,https://api-scuda.uat.oci.krungsri.tech/ords/api/v1/customer/individual/searchprofile,32,0,20
1779799973638,32,SearchJoint,200,OK,SearchJoint 10-15,text,true,,621,2627,1,9,https://api-scuda.uat.oci.krungsri.tech/ords/api/v1/customer/joint/searchprofile,32,0,19
1779799973516,160,UpdateIndividual,200,OK,UpdateIndividual 4-109,text,true,,800,5631,4,8,https://api-scuda.uat.oci.krungsri.tech/ic/api/v1/customer/individual/updateprofile,160,0,19
1779799973639,38,SearchIndividual,200,OK,SearchIndividual 2-275,text,true,,1203,2602,3,7,https://api-scuda.uat.oci.krungsri.tech/ords/api/v1/customer/individual/searchprofile,38,0,21
1779799973652,30,SearchIndividual,200,OK,SearchIndividual 2-276,text,true,,1181,2602,2,6,https://api-scuda.uat.oci.krungsri.tech/ords/api/v1/customer/individual/searchprofile,30,0,17
1779799973669,29,SearchIndividual,200,OK,SearchIndividual 2-277,text,true,,1145,2602,2,6,https://api-scuda.uat.oci.krungsri.tech/ords/api/v1/customer/individual/searchprofile,29,0,18
1779799973624,98,GetIndividual,200,OK,GetIndividual 1-162,text,true,,3883,3588,3,10,https://api-scuda.uat.oci.krungsri.tech/ic/api/v1/customer/individual/getprofile,98,0,16
1779799973684,45,SearchIndividual,200,OK,SearchIndividual 2-278,text,true,,1175,2602,5,10,https://api-scuda.uat.oci.krungsri.tech/ords/api/v1/customer/individual/searchprofile,45,0,33
1779799973703,36,SearchIndividual,200,OK,SearchIndividual 2-279,text,true,,1146,2601,4,10,https://api-scuda.uat.oci.krungsri.tech/ords/api/v1/customer/individual/searchprofile,36,0,22
1779799973710,31,SearchIndividual,200,OK,SearchIndividual 2-280,text,true,,1165,2602,3,9,https://api-scuda.uat.oci.krungsri.tech/ords/api/v1/customer/individual/searchprofile,31,0,20
1779799973545,202,UpdateIndividual,200,OK,UpdateIndividual 4-110,text,true,,800,5562,3,8,https://api-scuda.uat.oci.krungsri.tech/ic/api/v1/customer/individual/updateprofile,202,0,20
1779799973719,30,SearchIndividual,200,OK,SearchIndividual 2-281,text,true,,1225,2602,2,7,https://api-scuda.uat.oci.krungsri.tech/ords/api/v1/customer/individual/searchprofile,30,0,19
1779799973488,264,UpdateIndividual,200,OK,UpdateIndividual 4-108,text,true,,800,5612,2,6,https://api-scuda.uat.oci.krungsri.tech/ic/api/v1/customer/individual/updateprofile,264,0,26
1779799973728,29,SearchIndividual,200,OK,SearchIndividual 2-282,text,true,,1104,2601,1,5,https://api-scuda.uat.oci.krungsri.tech/ords/api/v1/customer/individual/searchprofile,29,0,18
1779799973616,162,UpdateIndividual,200,OK,UpdateIndividual 4-111,text,true,,800,5621,2,6,https://api-scuda.uat.oci.krungsri.tech/ic/api/v1/customer/individual/updateprofile,162,0,18
1779799973710,102,GetIndividual,200,OK,GetIndividual 1-163,text,true,,3837,3588,5,9,https://api-scuda.uat.oci.krungsri.tech/ic/api/v1/customer/individual/getprofile,102,0,18
1779799973808,31,SearchIndividual,200,OK,SearchIndividual 2-283,text,true,,1157,2602,2,10,https://api-scuda.uat.oci.krungsri.tech/ords/api/v1/customer/individual/searchprofile,30,0,15
1779799973818,26,SearchIndividual,200,OK,SearchIndividual 2-284,text,true,,1238,2601,1,10,https://api-scuda.uat.oci.krungsri.tech/ords/api/v1/customer/individual/searchprofile,26,0,14
1779799973738,106,GetIndividual,200,OK,GetIndividual 1-165,text,true,,3856,3587,5,10,https://api-scuda.uat.oci.krungsri.tech/ic/api/v1/customer/individual/getprofile,106,0,20
1779799973854,34,SearchIndividual,200,OK,SearchIndividual 2-285,text,true,,1217,2602,2,13,https://api-scuda.uat.oci.krungsri.tech/ords/api/v1/customer/individual/searchprofile,34,0,20
1779799973785,107,GetIndividual,200,OK,GetIndividual 1-166,text,true,,3807,3588,8,14,https://api-scuda.uat.oci.krungsri.tech/ic/api/v1/customer/individual/getprofile,107,0,18
1779799973714,180,GetIndividual,200,OK,GetIndividual 1-164,text,true,,3880,3586,7,14,https://api-scuda.uat.oci.krungsri.tech/ic/api/v1/customer/individual/getprofile,180,0,20
1779799973866,29,SearchIndividual,200,OK,SearchIndividual 2-286,text,true,,1177,2602,2,13,https://api-scuda.uat.oci.krungsri.tech/ords/api/v1/customer/individual/searchprofile,29,0,18
1779799973799,96,GetIndividual,200,OK,GetIndividual 1-167,text,true,,3816,3588,6,13,https://api-scuda.uat.oci.krungsri.tech/ic/api/v1/customer/individual/getprofile,96,0,9
1779799973769,134,UpdateIndividual,200,OK,UpdateIndividual 4-112,text,true,,800,4228,2,12,https://api-scuda.uat.oci.krungsri.tech/ic/api/v1/customer/individual/updateprofile,134,0,27
1779799973809,115,UpdateJoint,200,OK,UpdateJoint 12-15,text,true,,800,3614,1,13,https://api-scuda.uat.oci.krungsri.tech/ic/api/v1/customer/joint/updateprofile,115,0,13
1779799973894,37,SearchIndividual,200,OK,SearchIndividual 2-287,text,true,,1171,2602,3,12,https://api-scuda.uat.oci.krungsri.tech/ords/api/v1/customer/individual/searchprofile,37,0,24
1779799973832,110,GetIndividual,200,OK,GetIndividual 1-168,text,true,,3784,3588,6,13,https://api-scuda.uat.oci.krungsri.tech/ic/api/v1/customer/individual/getprofile,110,0,19
1779799973852,97,GetIndividual,200,OK,GetIndividual 1-169,text,true,,3899,3588,5,14,https://api-scuda.uat.oci.krungsri.tech/ic/api/v1/customer/individual/getprofile,97,0,15
1779799973919,33,SearchIndividual,200,OK,SearchIndividual 2-288,text,true,,1129,2602,3,13,https://api-scuda.uat.oci.krungsri.tech/ords/api/v1/customer/individual/searchprofile,33,0,22
1779799973778,174,UpdateJuristic,200,OK,UpdateJuristic 8-15,text,true,,800,4428,1,12,https://api-scuda.uat.oci.krungsri.tech/ic/api/v1/customer/juristic/updateprofile,174,0,18
1779799973844,109,GetJoint,200,OK,GetJoint 9-15,text,true,,1428,3529,1,11,https://api-scuda.uat.oci.krungsri.tech/ic/api/v1/customer/joint/getprofile,109,0,19
1779799973922,31,SearchIndividual,200,OK,SearchIndividual 2-289,text,true,,1159,2602,2,11,https://api-scuda.uat.oci.krungsri.tech/ords/api/v1/customer/individual/searchprofile,31,0,19
1779799973870,103,GetIndividual,200,OK,GetIndividual 1-170,text,true,,3812,3588,5,11,https://api-scuda.uat.oci.krungsri.tech/ic/api/v1/customer/individual/getprofile,103,0,19
1779799973949,24,SearchIndividual,200,OK,SearchIndividual 2-290,text,true,,1163,2602,1,11,https://api-scuda.uat.oci.krungsri.tech/ords/api/v1/customer/individual/searchprofile,24,0,12
1779799973949,34,SearchJuristic,200,OK,SearchJuristic 6-15,text,true,,1018,2600,1,9,https://api-scuda.uat.oci.krungsri.tech/ords/api/v1/customer/juristic/searchprofile,34,0,20
1779799973889,117,GetIndividual,200,OK,GetIndividual 1-172,text,true,,3857,3588,4,9,https://api-scuda.uat.oci.krungsri.tech/ic/api/v1/customer/individual/getprofile,117,0,27
1779799973889,118,GetIndividual,200,OK,GetIndividual 1-171,text,true,,3853,3588,3,8,https://api-scuda.uat.oci.krungsri.tech/ic/api/v1/customer/individual/getprofile,118,0,25
1779799974000,32,SearchIndividual,200,OK,SearchIndividual 2-291,text,true,,1189,2602,2,8,https://api-scuda.uat.oci.krungsri.tech/ords/api/v1/customer/individual/searchprofile,32,0,20
1779799973866,167,UpdateIndividual,200,OK,UpdateIndividual 4-113,text,true,,800,5646,2,8,https://api-scuda.uat.oci.krungsri.tech/ic/api/v1/customer/individual/updateprofile,167,0,15
1779799974016,31,SearchIndividual,200,OK,SearchIndividual 2-292,text,true,,1201,2602,2,7,https://api-scuda.uat.oci.krungsri.tech/ords/api/v1/customer/individual/searchprofile,31,0,19
1779799973942,113,GetIndividual,200,OK,GetIndividual 1-173,text,true,,3891,3588,2,6,https://api-scuda.uat.oci.krungsri.tech/ic/api/v1/customer/individual/getprofile,113,0,11
1779799973963,101,GetIndividual,200,OK,GetIndividual 1-174,text,true,,3785,3588,1,6,https://api-scuda.uat.oci.krungsri.tech/ic/api/v1/customer/individual/getprofile,101,0,21
1779799973963,104,GetJuristic,200,OK,GetJuristic 5-15,text,true,,3545,3533,1,5,https://api-scuda.uat.oci.krungsri.tech/ic/api/v1/customer/juristic/getprofile,104,0,21
1779799974034,33,SearchIndividual,200,OK,SearchIndividual 2-293,text,true,,1206,2601,2,5,https://api-scuda.uat.oci.krungsri.tech/ords/api/v1/customer/individual/searchprofile,33,0,21
1779799974060,27,SearchIndividual,200,OK,SearchIndividual 2-294,text,true,,1189,2602,1,5,https://api-scuda.uat.oci.krungsri.tech/ords/api/v1/customer/individual/searchprofile,27,0,14
1779799973943,158,UpdateIndividual,200,OK,UpdateIndividual 4-114,text,true,,800,5611,2,5,https://api-scuda.uat.oci.krungsri.tech/ic/api/v1/customer/individual/updateprofile,158,0,12
1779799974106,24,SearchIndividual,200,OK,SearchIndividual 2-295,text,true,,1151,2602,2,7,https://api-scuda.uat.oci.krungsri.tech/ords/api/v1/customer/individual/searchprofile,23,0,11
1779799974127,33,SearchIndividual,200,OK,SearchIndividual 2-296,text,true,,1160,2601,3,11,https://api-scuda.uat.oci.krungsri.tech/ords/api/v1/customer/individual/searchprofile,33,0,21
1779799974138,30,SearchIndividual,200,OK,SearchIndividual 2-297,text,true,,1207,2602,2,11,https://api-scuda.uat.oci.krungsri.tech/ords/api/v1/customer/individual/searchprofile,30,0,18
1779799974071,103,GetIndividual,200,OK,GetIndividual 1-175,text,true,,3775,3588,5,10,https://api-scuda.uat.oci.krungsri.tech/ic/api/v1/customer/individual/getprofile,103,0,16
1779799974158,29,SearchIndividual,200,OK,SearchIndividual 2-298,text,true,,1165,2602,2,11,https://api-scuda.uat.oci.krungsri.tech/ords/api/v1/customer/individual/searchprofile,29,0,19
1779799974089,119,GetIndividual,200,OK,GetIndividual 1-176,text,true,,3784,3587,4,11,https://api-scuda.uat.oci.krungsri.tech/ic/api/v1/customer/individual/getprofile,119,0,15
1779799974113,97,GetIndividual,200,OK,GetIndividual 1-177,text,true,,3893,3588,3,10,https://api-scuda.uat.oci.krungsri.tech/ic/api/v1/customer/individual/getprofile,97,0,16
1779799974184,29,SearchJuristic,200,OK,SearchJuristic 6-16,text,true,,998,2600,1,9,https://api-scuda.uat.oci.krungsri.tech/ords/api/v1/customer/juristic/searchprofile,29,0,19
1779799974184,30,SearchIndividual,200,OK,SearchIndividual 2-299,text,true,,1119,2602,1,8,https://api-scuda.uat.oci.krungsri.tech/ords/api/v1/customer/individual/searchprofile,30,0,18
1779799974152,109,GetIndividual,200,OK,GetIndividual 1-178,text,true,,3845,3588,3,10,https://api-scuda.uat.oci.krungsri.tech/ic/api/v1/customer/individual/getprofile,109,0,18
1779799974164,100,GetIndividual,200,OK,GetIndividual 1-179,text,true,,3819,3588,2,9,https://api-scuda.uat.oci.krungsri.tech/ic/api/v1/customer/individual/getprofile,100,0,16
1779799974084,181,UpdateIndividual,200,OK,UpdateIndividual 4-115,text,true,,800,5544,3,8,https://api-scuda.uat.oci.krungsri.tech/ic/api/v1/customer/individual/updateprofile,181,0,28
1779799974242,33,SearchIndividual,200,OK,SearchIndividual 2-300,text,true,,1175,2602,3,9,https://api-scuda.uat.oci.krungsri.tech/ords/api/v1/customer/individual/searchprofile,33,0,20
1779799974257,26,SearchIndividual,200,OK,SearchIndividual 2-301,text,true,,1138,2601,2,8,https://api-scuda.uat.oci.krungsri.tech/ords/api/v1/customer/individual/searchprofile,26,0,14
1779799974266,33,SearchIndividual,200,OK,SearchIndividual 2-302,text,true,,1175,2602,1,9,https://api-scuda.uat.oci.krungsri.tech/ords/api/v1/customer/individual/searchprofile,33,0,21
1779799974151,158,UpdateJuristic,200,OK,UpdateJuristic 8-16,text,true,,800,4425,1,10,https://api-scuda.uat.oci.krungsri.tech/ic/api/v1/customer/juristic/updateprofile,158,0,14
1779799973905,404,CreateIndividual,201,Created,CreateIndividual 3-15,text,true,,1172,8373,1,10,https://api-scuda.uat.oci.krungsri.tech/ic/api/v1/customer/individual/createprofile,404,0,20
1779799974198,127,UpdateIndividual,200,OK,UpdateIndividual 4-117,text,true,,799,4226,2,11,https://api-scuda.uat.oci.krungsri.tech/ic/api/v1/customer/individual/updateprofile,127,0,15
1779799974305,26,SearchIndividual,200,OK,SearchIndividual 2-303,text,true,,1169,2602,5,13,https://api-scuda.uat.oci.krungsri.tech/ords/api/v1/customer/individual/searchprofile,25,0,14
1779799974223,109,GetIndividual,200,OK,GetIndividual 1-180,text,true,,3864,3588,5,12,https://api-scuda.uat.oci.krungsri.tech/ic/api/v1/customer/individual/getprofile,109,0,9
1779799974311,23,SearchIndividual,200,OK,SearchIndividual 2-304,text,true,,1139,2602,4,11,https://api-scuda.uat.oci.krungsri.tech/ords/api/v1/customer/individual/searchprofile,23,0,12
1779799974154,180,UpdateIndividual,200,OK,UpdateIndividual 4-116,text,true,,800,5614,3,11,https://api-scuda.uat.oci.krungsri.tech/ic/api/v1/customer/individual/updateprofile,180,0,21
1779799974318,36,SearchIndividual,200,OK,SearchIndividual 2-305,text,true,,1177,2602,5,13,https://api-scuda.uat.oci.krungsri.tech/ords/api/v1/customer/individual/searchprofile,36,0,24
1779799974329,30,SearchIndividual,200,OK,SearchIndividual 2-307,text,true,,1154,2601,4,12,https://api-scuda.uat.oci.krungsri.tech/ords/api/v1/customer/individual/searchprofile,30,0,20
1779799974323,42,SearchIndividual,200,OK,SearchIndividual 2-306,text,true,,1233,2602,3,11,https://api-scuda.uat.oci.krungsri.tech/ords/api/v1/customer/individual/searchprofile,42,0,19
1779799974338,27,SearchIndividual,200,OK,SearchIndividual 2-308,text,true,,1183,2602,2,10,https://api-scuda.uat.oci.krungsri.tech/ords/api/v1/customer/individual/searchprofile,27,0,17
1779799974341,29,SearchIndividual,200,OK,SearchIndividual 2-309,text,true,,1127,2602,2,10,https://api-scuda.uat.oci.krungsri.tech/ords/api/v1/customer/individual/searchprofile,29,0,19
1779799974286,92,GetIndividual,200,OK,GetIndividual 1-182,text,true,,3875,3588,5,9,https://api-scuda.uat.oci.krungsri.tech/ic/api/v1/customer/individual/getprofile,92,0,21
1779799974273,106,GetIndividual,200,OK,GetIndividual 1-181,text,true,,3857,3588,4,8,https://api-scuda.uat.oci.krungsri.tech/ic/api/v1/customer/individual/getprofile,106,0,17
1779799974368,30,SearchIndividual,200,OK,SearchIndividual 2-310,text,true,,1167,2602,1,7,https://api-scuda.uat.oci.krungsri.tech/ords/api/v1/customer/individual/searchprofile,29,0,18
1779799974295,108,GetIndividual,200,OK,GetIndividual 1-183,text,true,,3865,3588,3,6,https://api-scuda.uat.oci.krungsri.tech/ic/api/v1/customer/individual/getprofile,108,0,21
1779799974308,103,GetIndividual,200,OK,GetIndividual 1-184,text,true,,3833,3588,2,6,https://api-scuda.uat.oci.krungsri.tech/ic/api/v1/customer/individual/getprofile,103,0,18
1779799974412,36,SearchIndividual,200,OK,SearchIndividual 2-311,text,true,,1183,2602,1,7,https://api-scuda.uat.oci.krungsri.tech/ords/api/v1/customer/individual/searchprofile,36,0,24
1779799974345,118,GetIndividual,200,OK,GetIndividual 1-185,text,true,,3792,3588,2,9,https://api-scuda.uat.oci.krungsri.tech/ic/api/v1/customer/individual/getprofile,118,0,21
1779799974333,154,UpdateIndividual,200,OK,UpdateIndividual 4-119,text,true,,800,5646,5,11,https://api-scuda.uat.oci.krungsri.tech/ic/api/v1/customer/individual/updateprofile,154,0,11
1779799974457,33,SearchIndividual,200,OK,SearchIndividual 2-312,text,true,,1187,2602,3,10,https://api-scuda.uat.oci.krungsri.tech/ords/api/v1/customer/individual/searchprofile,33,0,20
1779799974462,30,SearchIndividual,200,OK,SearchIndividual 2-313,text,true,,1189,2602,2,9,https://api-scuda.uat.oci.krungsri.tech/ords/api/v1/customer/individual/searchprofile,30,0,18
1779799974349,152,UpdateIndividual,200,OK,UpdateIndividual 4-120,text,true,,800,5504,4,9,https://api-scuda.uat.oci.krungsri.tech/ic/api/v1/customer/individual/updateprofile,152,0,15
1779799974473,29,SearchIndividual,200,OK,SearchIndividual 2-314,text,true,,1127,2602,2,8,https://api-scuda.uat.oci.krungsri.tech/ords/api/v1/customer/individual/searchprofile,29,0,18
1779799974496,39,SearchIndividual,200,OK,SearchIndividual 2-315,text,true,,1182,2601,1,9,https://api-scuda.uat.oci.krungsri.tech/ords/api/v1/customer/individual/searchprofile,39,0,22
1779799974333,214,UpdateIndividual,200,OK,UpdateIndividual 4-118,text,true,,800,4230,3,8,https://api-scuda.uat.oci.krungsri.tech/ic/api/v1/customer/individual/updateprofile,214,0,17
1779799974435,116,GetIndividual,200,OK,GetIndividual 1-186,text,true,,3883,3588,6,8,https://api-scuda.uat.oci.krungsri.tech/ic/api/v1/customer/individual/getprofile,116,0,16
1779799974478,95,GetIndividual,200,OK,GetIndividual 1-188,text,true,,3853,3588,6,9,https://api-scuda.uat.oci.krungsri.tech/ic/api/v1/customer/individual/getprofile,95,0,16
1779799974417,162,UpdateIndividual,200,OK,UpdateIndividual 4-121,text,true,,800,5574,3,9,https://api-scuda.uat.oci.krungsri.tech/ic/api/v1/customer/individual/updateprofile,162,0,22
1779799974577,27,SearchIndividual,200,OK,SearchIndividual 2-316,text,true,,1215,2602,2,10,https://api-scuda.uat.oci.krungsri.tech/ords/api/v1/customer/individual/searchprofile,27,0,15
1779799974459,158,UpdateIndividual,200,OK,UpdateIndividual 4-122,text,true,,800,5592,2,9,https://api-scuda.uat.oci.krungsri.tech/ic/api/v1/customer/individual/updateprofile,158,0,19
1779799974597,28,SearchIndividual,200,OK,SearchIndividual 2-317,text,true,,1183,2602,3,10,https://api-scuda.uat.oci.krungsri.tech/ords/api/v1/customer/individual/searchprofile,28,0,17
1779799974518,110,GetIndividual,200,OK,GetIndividual 1-189,text,true,,3879,3588,5,9,https://api-scuda.uat.oci.krungsri.tech/ic/api/v1/customer/individual/getprofile,110,0,16
1779799974534,97,GetIndividual,200,OK,GetIndividual 1-190,text,true,,3828,3588,4,8,https://api-scuda.uat.oci.krungsri.tech/ic/api/v1/customer/individual/getprofile,97,0,15
1779799974621,26,SearchIndividual,200,OK,SearchIndividual 2-319,text,true,,1195,2602,2,7,https://api-scuda.uat.oci.krungsri.tech/ords/api/v1/customer/individual/searchprofile,26,0,15
1779799974549,100,GetIndividual,200,OK,GetIndividual 1-191,text,true,,3861,3588,3,6,https://api-scuda.uat.oci.krungsri.tech/ic/api/v1/customer/individual/getprofile,100,0,17
1779799974621,30,SearchIndividual,200,OK,SearchIndividual 2-318,text,true,,1167,2602,1,5,https://api-scuda.uat.oci.krungsri.tech/ords/api/v1/customer/individual/searchprofile,30,0,19
1779799974553,112,GetIndividual,200,OK,GetIndividual 1-192,text,true,,3866,3588,3,5,https://api-scuda.uat.oci.krungsri.tech/ic/api/v1/customer/individual/getprofile,112,0,19
1779799974561,115,UpdateIndividual,200,OK,UpdateIndividual 4-123,text,true,,800,4227,1,5,https://api-scuda.uat.oci.krungsri.tech/ic/api/v1/customer/individual/updateprofile,115,0,16
1779799974681,26,SearchIndividual,200,OK,SearchIndividual 2-321,text,true,,1162,2601,3,8,https://api-scuda.uat.oci.krungsri.tech/ords/api/v1/customer/individual/searchprofile,26,0,15
1779799974674,35,SearchIndividual,200,OK,SearchIndividual 2-320,text,true,,1179,2602,2,7,https://api-scuda.uat.oci.krungsri.tech/ords/api/v1/customer/individual/searchprofile,35,0,21
1779799974705,30,SearchIndividual,200,OK,SearchIndividual 2-322,text,true,,1234,2601,1,8,https://api-scuda.uat.oci.krungsri.tech/ords/api/v1/customer/individual/searchprofile,30,0,19
1779799974653,105,GetIndividual,200,OK,GetIndividual 1-193,text,true,,3836,3587,4,8,https://api-scuda.uat.oci.krungsri.tech/ic/api/v1/customer/individual/getprofile,105,0,20
1779799974474,300,GetIndividual,200,OK,GetIndividual 1-187,text,true,,3855,3588,3,8,https://api-scuda.uat.oci.krungsri.tech/ic/api/v1/customer/individual/getprofile,300,0,25
1779799974695,96,GetIndividual,200,OK,GetIndividual 1-194,text,true,,3869,3588,2,9,https://api-scuda.uat.oci.krungsri.tech/ic/api/v1/customer/individual/getprofile,96,0,13
1779799974699,105,GetJoint,200,OK,GetJoint 9-16,text,true,,1429,3530,1,11,https://api-scuda.uat.oci.krungsri.tech/ic/api/v1/customer/joint/getprofile,105,0,25
1779799974722,107,GetIndividual,200,OK,GetIndividual 1-195,text,true,,3814,3588,3,14,https://api-scuda.uat.oci.krungsri.tech/ic/api/v1/customer/individual/getprofile,107,0,21
1779799974804,31,SearchIndividual,200,OK,SearchIndividual 2-323,text,true,,1147,2602,5,14,https://api-scuda.uat.oci.krungsri.tech/ords/api/v1/customer/individual/searchprofile,31,0,19
1779799974721,117,UpdateIndividual,200,OK,UpdateIndividual 4-124,text,true,,800,4228,4,13,https://api-scuda.uat.oci.krungsri.tech/ic/api/v1/customer/individual/updateprofile,117,0,21
1779799974816,33,SearchIndividual,200,OK,SearchIndividual 2-324,text,true,,1205,2602,4,12,https://api-scuda.uat.oci.krungsri.tech/ords/api/v1/customer/individual/searchprofile,33,0,21
1779799974820,31,SearchIndividual,200,OK,SearchIndividual 2-325,text,true,,1175,2602,3,11,https://api-scuda.uat.oci.krungsri.tech/ords/api/v1/customer/individual/searchprofile,31,0,19
1779799974820,31,SearchIndividual,200,OK,SearchIndividual 2-326,text,true,,1161,2602,3,11,https://api-scuda.uat.oci.krungsri.tech/ords/api/v1/customer/individual/searchprofile,31,0,21
1779799974834,30,SearchIndividual,200,OK,SearchIndividual 2-327,text,true,,1131,2602,1,9,https://api-scuda.uat.oci.krungsri.tech/ords/api/v1/customer/individual/searchprofile,30,0,18
1779799974760,122,UpdateIndividual,200,OK,UpdateIndividual 4-125,text,true,,800,4229,4,10,https://api-scuda.uat.oci.krungsri.tech/ic/api/v1/customer/individual/updateprofile,122,0,20
1779799974802,102,GetIndividual,200,OK,GetIndividual 1-196,text,true,,3830,3587,2,10,https://api-scuda.uat.oci.krungsri.tech/ic/api/v1/customer/individual/getprofile,102,0,21
1779799974788,119,UpdateIndividual,200,OK,UpdateIndividual 4-126,text,true,,800,4228,3,9,https://api-scuda.uat.oci.krungsri.tech/ic/api/v1/customer/individual/updateprofile,119,0,21
1779799974793,157,UpdateIndividual,200,OK,UpdateIndividual 4-127,text,true,,800,5590,3,11,https://api-scuda.uat.oci.krungsri.tech/ic/api/v1/customer/individual/updateprofile,157,0,22
1779799974802,148,UpdateJoint,200,OK,UpdateJoint 12-16,text,true,,800,4515,1,11,https://api-scuda.uat.oci.krungsri.tech/ic/api/v1/customer/joint/updateprofile,148,0,21
1779799974941,30,SearchJoint,200,OK,SearchJoint 10-16,text,true,,620,2626,1,9,https://api-scuda.uat.oci.krungsri.tech/ords/api/v1/customer/joint/searchprofile,30,0,19
1779799974947,26,SearchIndividual,200,OK,SearchIndividual 2-328,text,true,,1137,2602,1,8,https://api-scuda.uat.oci.krungsri.tech/ords/api/v1/customer/individual/searchprofile,26,0,14
1779799974600,387,CreateIndividual,201,Created,CreateIndividual 3-16,text,true,,1172,8073,1,7,https://api-scuda.uat.oci.krungsri.tech/ic/api/v1/customer/individual/createprofile,387,0,19
1779799974874,147,UpdateIndividual,200,OK,UpdateIndividual 4-128,text,true,,800,4227,2,9,https://api-scuda.uat.oci.krungsri.tech/ic/api/v1/customer/individual/updateprofile,147,0,18
1779799974995,27,SearchIndividual,200,OK,SearchIndividual 2-329,text,true,,1117,2602,2,8,https://api-scuda.uat.oci.krungsri.tech/ords/api/v1/customer/individual/searchprofile,27,0,16
1779799975008,30,SearchIndividual,200,OK,SearchIndividual 2-330,text,true,,1099,2600,2,8,https://api-scuda.uat.oci.krungsri.tech/ords/api/v1/customer/individual/searchprofile,30,0,19
1779799974915,146,UpdateIndividual,200,OK,UpdateIndividual 4-129,text,true,,800,4227,2,11,https://api-scuda.uat.oci.krungsri.tech/ic/api/v1/customer/individual/updateprofile,146,0,27
1779799975037,25,SearchIndividual,200,OK,SearchIndividual 2-331,text,true,,1166,2601,2,10,https://api-scuda.uat.oci.krungsri.tech/ords/api/v1/customer/individual/searchprofile,25,0,14
1779799975056,31,SearchIndividual,200,OK,SearchIndividual 2-332,text,true,,1203,2602,2,10,https://api-scuda.uat.oci.krungsri.tech/ords/api/v1/customer/individual/searchprofile,31,0,19
1779799975079,25,SearchIndividual,200,OK,SearchIndividual 2-333,text,true,,1173,2602,2,10,https://api-scuda.uat.oci.krungsri.tech/ords/api/v1/customer/individual/searchprofile,25,0,13
1779799974995,113,GetIndividual,200,OK,GetIndividual 1-198,text,true,,3884,3588,4,10,https://api-scuda.uat.oci.krungsri.tech/ic/api/v1/customer/individual/getprofile,113,0,17
1779799974818,306,GetIndividual,200,OK,GetIndividual 1-197,text,true,,3842,3587,3,9,https://api-scuda.uat.oci.krungsri.tech/ic/api/v1/customer/individual/getprofile,306,0,21
1779799975093,33,SearchIndividual,200,OK,SearchIndividual 2-334,text,true,,1253,2602,2,8,https://api-scuda.uat.oci.krungsri.tech/ords/api/v1/customer/individual/searchprofile,33,0,21
1779799975108,31,SearchIndividual,200,OK,SearchIndividual 2-335,text,true,,1229,2602,1,8,https://api-scuda.uat.oci.krungsri.tech/ords/api/v1/customer/individual/searchprofile,31,0,20
1779799975048,115,GetIndividual,200,OK,GetIndividual 1-200,text,true,,3802,3588,3,10,https://api-scuda.uat.oci.krungsri.tech/ic/api/v1/customer/individual/getprofile,115,0,15
1779799975143,32,SearchIndividual,200,OK,SearchIndividual 2-336,text,true,,1199,2600,2,10,https://api-scuda.uat.oci.krungsri.tech/ords/api/v1/customer/individual/searchprofile,32,0,19
1779799974885,303,CreateJoint,200,OK,CreateJoint 11-16,text,true,,1772,5867,1,12,https://api-scuda.uat.oci.krungsri.tech/ic/api/v1/customer/joint/createprofile,303,0,20
1779799975063,130,UpdateIndividual,200,OK,UpdateIndividual 4-130,text,true,,800,4227,5,11,https://api-scuda.uat.oci.krungsri.tech/ic/api/v1/customer/individual/updateprofile,130,0,19
1779799975169,31,SearchIndividual,200,OK,SearchIndividual 2-337,text,true,,1179,2602,1,11,https://api-scuda.uat.oci.krungsri.tech/ords/api/v1/customer/individual/searchprofile,31,0,15
1779799975183,28,SearchJoint,200,OK,SearchJoint 10-17,text,true,,621,2627,1,11,https://api-scuda.uat.oci.krungsri.tech/ords/api/v1/customer/joint/searchprofile,28,0,12
1779799974772,448,CreateJuristic,201,Created,CreateJuristic 7-16,text,true,,1172,8049,1,10,https://api-scuda.uat.oci.krungsri.tech/ic/api/v1/customer/juristic/createprofile,448,0,22
1779799975155,94,GetIndividual,200,OK,GetIndividual 1-201,text,true,,3815,3587,4,12,https://api-scuda.uat.oci.krungsri.tech/ic/api/v1/customer/individual/getprofile,94,0,18
1779799975230,28,SearchIndividual,200,OK,SearchIndividual 2-338,text,true,,1167,2602,2,11,https://api-scuda.uat.oci.krungsri.tech/ords/api/v1/customer/individual/searchprofile,28,0,16
1779799975237,31,SearchIndividual,200,OK,SearchIndividual 2-339,text,true,,1183,2602,2,11,https://api-scuda.uat.oci.krungsri.tech/ords/api/v1/customer/individual/searchprofile,31,0,19
1779799975045,232,GetIndividual,200,OK,GetIndividual 1-199,text,true,,3816,3588,3,12,https://api-scuda.uat.oci.krungsri.tech/ic/api/v1/customer/individual/getprofile,232,0,15
1779799974897,383,GetJuristic,200,OK,GetJuristic 5-16,text,true,,3478,3533,1,11,https://api-scuda.uat.oci.krungsri.tech/ic/api/v1/customer/juristic/getprofile,383,0,19
1779799975267,33,SearchIndividual,200,OK,SearchIndividual 2-340,text,true,,1187,2602,2,10,https://api-scuda.uat.oci.krungsri.tech/ords/api/v1/customer/individual/searchprofile,33,0,20
1779799975269,33,SearchIndividual,200,OK,SearchIndividual 2-341,text,true,,1157,2602,1,9,https://api-scuda.uat.oci.krungsri.tech/ords/api/v1/customer/individual/searchprofile,33,0,21
1779799975158,153,UpdateIndividual,200,OK,UpdateIndividual 4-132,text,true,,799,5584,6,8,https://api-scuda.uat.oci.krungsri.tech/ic/api/v1/customer/individual/updateprofile,153,0,15
1779799975200,124,UpdateIndividual,200,OK,UpdateIndividual 4-135,text,true,,800,4229,5,8,https://api-scuda.uat.oci.krungsri.tech/ic/api/v1/customer/individual/updateprofile,124,0,13
1779799975178,151,UpdateIndividual,200,OK,UpdateIndividual 4-133,text,true,,800,4229,4,7,https://api-scuda.uat.oci.krungsri.tech/ic/api/v1/customer/individual/updateprofile,151,0,21
1779799975135,194,UpdateIndividual,200,OK,UpdateIndividual 4-131,text,true,,800,5594,3,6,https://api-scuda.uat.oci.krungsri.tech/ic/api/v1/customer/individual/updateprofile,194,0,21
1779799975208,121,GetIndividual,200,OK,GetIndividual 1-202,text,true,,3823,3588,3,7,https://api-scuda.uat.oci.krungsri.tech/ic/api/v1/customer/individual/getprofile,121,0,18
1779799975245,112,GetIndividual,200,OK,GetIndividual 1-203,text,true,,3868,3588,4,7,https://api-scuda.uat.oci.krungsri.tech/ic/api/v1/customer/individual/getprofile,112,0,19
1779799975348,32,SearchIndividual,200,OK,SearchIndividual 2-342,text,true,,1133,2602,3,11,https://api-scuda.uat.oci.krungsri.tech/ords/api/v1/customer/individual/searchprofile,32,0,20
1779799975367,34,SearchIndividual,200,OK,SearchIndividual 2-343,text,true,,1163,2602,3,11,https://api-scuda.uat.oci.krungsri.tech/ords/api/v1/customer/individual/searchprofile,34,0,21
1779799975380,32,SearchIndividual,200,OK,SearchIndividual 2-344,text,true,,1186,2601,3,11,https://api-scuda.uat.oci.krungsri.tech/ords/api/v1/customer/individual/searchprofile,31,0,20
1779799975179,242,UpdateIndividual,200,OK,UpdateIndividual 4-134,text,true,,800,5649,5,11,https://api-scuda.uat.oci.krungsri.tech/ic/api/v1/customer/individual/updateprofile,242,0,18
1779799975321,114,GetIndividual,200,OK,GetIndividual 1-204,text,true,,3854,3588,4,12,https://api-scuda.uat.oci.krungsri.tech/ic/api/v1/customer/individual/getprofile,114,0,21
1779799975399,40,SearchIndividual,200,OK,SearchIndividual 2-345,text,true,,1147,2602,5,12,https://api-scuda.uat.oci.krungsri.tech/ords/api/v1/customer/individual/searchprofile,40,0,27
1779799975275,166,UpdateIndividual,200,OK,UpdateIndividual 4-136,text,true,,800,4229,4,12,https://api-scuda.uat.oci.krungsri.tech/ic/api/v1/customer/individual/updateprofile,166,0,17
1779799975413,29,SearchIndividual,200,OK,SearchIndividual 2-347,text,true,,1145,2602,4,11,https://api-scuda.uat.oci.krungsri.tech/ords/api/v1/customer/individual/searchprofile,29,0,17
1779799975345,101,GetIndividual,200,OK,GetIndividual 1-206,text,true,,3829,3588,3,10,https://api-scuda.uat.oci.krungsri.tech/ic/api/v1/customer/individual/getprofile,101,0,19
1779799975345,103,GetIndividual,200,OK,GetIndividual 1-205,text,true,,3857,3588,2,9,https://api-scuda.uat.oci.krungsri.tech/ic/api/v1/customer/individual/getprofile,103,0,16
1779799975410,41,SearchIndividual,200,OK,SearchIndividual 2-346,text,true,,1205,2602,3,8,https://api-scuda.uat.oci.krungsri.tech/ords/api/v1/customer/individual/searchprofile,41,0,29
1779799975423,37,SearchIndividual,200,OK,SearchIndividual 2-348,text,true,,1197,2602,2,8,https://api-scuda.uat.oci.krungsri.tech/ords/api/v1/customer/individual/searchprofile,37,0,21
1779799975437,35,SearchIndividual,200,OK,SearchIndividual 2-349,text,true,,1147,2602,2,9,https://api-scuda.uat.oci.krungsri.tech/ords/api/v1/customer/individual/searchprofile,35,0,19
1779799975471,38,SearchJuristic,200,OK,SearchJuristic 6-17,text,true,,997,2599,1,13,https://api-scuda.uat.oci.krungsri.tech/ords/api/v1/customer/juristic/searchprofile,37,0,20
1779799975471,44,SearchIndividual,200,OK,SearchIndividual 2-350,text,true,,1174,2601,2,12,https://api-scuda.uat.oci.krungsri.tech/ords/api/v1/customer/individual/searchprofile,44,0,20
1779799975377,155,UpdateIndividual,200,OK,UpdateIndividual 4-139,text,true,,800,4227,6,13,https://api-scuda.uat.oci.krungsri.tech/ic/api/v1/customer/individual/updateprofile,155,0,19
1779799975501,33,SearchIndividual,200,OK,SearchIndividual 2-351,text,true,,1177,2602,1,12,https://api-scuda.uat.oci.krungsri.tech/ords/api/v1/customer/individual/searchprofile,33,0,21
1779799975433,112,GetIndividual,200,OK,GetIndividual 1-207,text,true,,3818,3587,2,11,https://api-scuda.uat.oci.krungsri.tech/ic/api/v1/customer/individual/getprofile,112,0,22
1779799975370,186,UpdateIndividual,200,OK,UpdateIndividual 4-138,text,true,,800,5607,5,14,https://api-scuda.uat.oci.krungsri.tech/ic/api/v1/customer/individual/updateprofile,186,0,18
1779799975365,200,UpdateIndividual,200,OK,UpdateIndividual 4-137,text,true,,799,4226,4,13,https://api-scuda.uat.oci.krungsri.tech/ic/api/v1/customer/individual/updateprofile,200,0,18
1779799975546,29,SearchIndividual,200,OK,SearchIndividual 2-352,text,true,,1153,2602,3,12,https://api-scuda.uat.oci.krungsri.tech/ords/api/v1/customer/individual/searchprofile,28,0,16
1779799975556,30,SearchIndividual,200,OK,SearchIndividual 2-353,text,true,,1153,2602,2,12,https://api-scuda.uat.oci.krungsri.tech/ords/api/v1/customer/individual/searchprofile,30,0,18
1779799975556,31,SearchIndividual,200,OK,SearchIndividual 2-354,text,true,,1133,2602,1,11,https://api-scuda.uat.oci.krungsri.tech/ords/api/v1/customer/individual/searchprofile,31,0,19
1779799975485,110,GetIndividual,200,OK,GetIndividual 1-208,text,true,,3825,3588,2,10,https://api-scuda.uat.oci.krungsri.tech/ic/api/v1/customer/individual/getprofile,110,0,23
1779799975530,95,GetJuristic,200,OK,GetJuristic 5-17,text,true,,3524,3533,1,12,https://api-scuda.uat.oci.krungsri.tech/ic/api/v1/customer/juristic/getprofile,95,0,18
1779799975552,98,GetIndividual,200,OK,GetIndividual 1-209,text,true,,3803,3588,1,13,https://api-scuda.uat.oci.krungsri.tech/ic/api/v1/customer/individual/getprofile,98,0,18
1779799975491,162,UpdateIndividual,200,OK,UpdateIndividual 4-140,text,true,,800,5640,4,14,https://api-scuda.uat.oci.krungsri.tech/ic/api/v1/customer/individual/updateprofile,162,0,26
1779799975627,32,SearchIndividual,200,OK,SearchIndividual 2-355,text,true,,1259,2602,3,14,https://api-scuda.uat.oci.krungsri.tech/ords/api/v1/customer/individual/searchprofile,32,0,18
1779799975522,153,UpdateIndividual,200,OK,UpdateIndividual 4-142,text,true,,800,5597,4,13,https://api-scuda.uat.oci.krungsri.tech/ic/api/v1/customer/individual/updateprofile,153,0,16
1779799975647,29,SearchIndividual,200,OK,SearchIndividual 2-356,text,true,,1155,2602,2,12,https://api-scuda.uat.oci.krungsri.tech/ords/api/v1/customer/individual/searchprofile,29,0,15
1779799975652,31,SearchIndividual,200,OK,SearchIndividual 2-357,text,true,,1159,2602,1,12,https://api-scuda.uat.oci.krungsri.tech/ords/api/v1/customer/individual/searchprofile,31,0,20
1779799975499,192,UpdateJuristic,200,OK,UpdateJuristic 8-17,text,true,,800,5813,1,11,https://api-scuda.uat.oci.krungsri.tech/ic/api/v1/customer/juristic/updateprofile,192,0,20
1779799975440,255,GetJoint,200,OK,GetJoint 9-17,text,true,,1429,3530,1,10,https://api-scuda.uat.oci.krungsri.tech/ic/api/v1/customer/joint/getprofile,255,0,20
1779799975493,236,UpdateIndividual,200,OK,UpdateIndividual 4-141,text,true,,800,5616,3,13,https://api-scuda.uat.oci.krungsri.tech/ic/api/v1/customer/individual/updateprofile,236,0,26
1779799975605,136,UpdateIndividual,200,OK,UpdateIndividual 4-143,text,true,,800,4229,2,13,https://api-scuda.uat.oci.krungsri.tech/ic/api/v1/customer/individual/updateprofile,136,0,18
1779799975704,38,SearchIndividual,200,OK,SearchIndividual 2-358,text,true,,1191,2602,3,12,https://api-scuda.uat.oci.krungsri.tech/ords/api/v1/customer/individual/searchprofile,38,0,25
1779799975652,92,GetIndividual,200,OK,GetIndividual 1-210,text,true,,3893,3588,4,11,https://api-scuda.uat.oci.krungsri.tech/ic/api/v1/customer/individual/getprofile,92,0,17
1779799975709,57,SearchIndividual,200,OK,SearchIndividual 2-359,text,true,,1198,2601,3,12,https://api-scuda.uat.oci.krungsri.tech/ords/api/v1/customer/individual/searchprofile,57,0,34
1779799975738,29,SearchIndividual,200,OK,SearchIndividual 2-360,text,true,,1200,2601,2,11,https://api-scuda.uat.oci.krungsri.tech/ords/api/v1/customer/individual/searchprofile,29,0,17
1779799975746,31,SearchIndividual,200,OK,SearchIndividual 2-361,text,true,,1221,2602,1,10,https://api-scuda.uat.oci.krungsri.tech/ords/api/v1/customer/individual/searchprofile,30,0,18
1779799975658,133,UpdateIndividual,200,OK,UpdateIndividual 4-144,text,true,,800,4231,2,10,https://api-scuda.uat.oci.krungsri.tech/ic/api/v1/customer/individual/updateprofile,133,0,18
1779799975677,113,GetIndividual,200,OK,GetIndividual 1-211,text,true,,3855,3588,4,10,https://api-scuda.uat.oci.krungsri.tech/ic/api/v1/customer/individual/getprofile,113,0,16
1779799975700,96,GetIndividual,200,OK,GetIndividual 1-212,text,true,,3882,3588,4,10,https://api-scuda.uat.oci.krungsri.tech/ic/api/v1/customer/individual/getprofile,96,0,20
1779799975462,341,CreateJoint,200,OK,CreateJoint 11-17,text,true,,1772,5658,1,7,https://api-scuda.uat.oci.krungsri.tech/ic/api/v1/customer/joint/createprofile,341,0,21
1779799975702,113,GetIndividual,200,OK,GetIndividual 1-213,text,true,,3847,3588,2,6,https://api-scuda.uat.oci.krungsri.tech/ic/api/v1/customer/individual/getprofile,113,0,28
1779799975766,114,GetIndividual,200,OK,GetIndividual 1-214,text,true,,3911,3588,3,9,https://api-scuda.uat.oci.krungsri.tech/ic/api/v1/customer/individual/getprofile,114,0,20
1779799975860,42,SearchIndividual,200,OK,SearchIndividual 2-362,text,true,,1163,2602,3,12,https://api-scuda.uat.oci.krungsri.tech/ords/api/v1/customer/individual/searchprofile,42,0,20
1779799975783,126,UpdateIndividual,200,OK,UpdateIndividual 4-145,text,true,,800,4229,1,11,https://api-scuda.uat.oci.krungsri.tech/ic/api/v1/customer/individual/updateprofile,126,0,14
1779799975880,32,SearchIndividual,200,OK,SearchIndividual 2-363,text,true,,1161,2602,2,10,https://api-scuda.uat.oci.krungsri.tech/ords/api/v1/customer/individual/searchprofile,32,0,20
1779799975889,40,SearchIndividual,200,OK,SearchIndividual 2-364,text,true,,1191,2602,2,11,https://api-scuda.uat.oci.krungsri.tech/ords/api/v1/customer/individual/searchprofile,40,0,29
1779799975618,323,UpdateJoint,200,OK,UpdateJoint 12-17,text,true,,800,3614,1,10,https://api-scuda.uat.oci.krungsri.tech/ic/api/v1/customer/joint/updateprofile,323,0,17
1779799975918,27,SearchIndividual,200,OK,SearchIndividual 2-365,text,true,,1193,2602,1,9,https://api-scuda.uat.oci.krungsri.tech/ords/api/v1/customer/individual/searchprofile,27,0,15
1779799975875,104,GetIndividual,200,OK,GetIndividual 1-216,text,true,,3855,3588,7,12,https://api-scuda.uat.oci.krungsri.tech/ic/api/v1/customer/individual/getprofile,104,0,17
1779799975958,31,SearchIndividual,200,OK,SearchIndividual 2-366,text,true,,1139,2602,3,11,https://api-scuda.uat.oci.krungsri.tech/ords/api/v1/customer/individual/searchprofile,31,0,20
1779799975848,145,GetIndividual,200,OK,GetIndividual 1-215,text,true,,1080,3588,6,10,https://api-scuda.uat.oci.krungsri.tech/ic/api/v1/customer/individual/getprofile,145,0,18
1779799975896,102,GetIndividual,200,OK,GetIndividual 1-218,text,true,,3870,3587,5,9,https://api-scuda.uat.oci.krungsri.tech/ic/api/v1/customer/individual/getprofile,102,0,16
1779799975887,115,GetIndividual,200,OK,GetIndividual 1-217,text,true,,3853,3588,4,8,https://api-scuda.uat.oci.krungsri.tech/ic/api/v1/customer/individual/getprofile,115,0,30
1779799975969,46,SearchIndividual,200,OK,SearchIndividual 2-367,text,true,,1145,2602,2,7,https://api-scuda.uat.oci.krungsri.tech/ords/api/v1/customer/individual/searchprofile,46,0,28
1779799975973,43,SearchIndividual,200,OK,SearchIndividual 2-368,text,true,,1179,2602,1,6,https://api-scuda.uat.oci.krungsri.tech/ords/api/v1/customer/individual/searchprofile,43,0,15
1779799975903,116,GetIndividual,200,OK,GetIndividual 1-219,text,true,,3880,3588,3,5,https://api-scuda.uat.oci.krungsri.tech/ic/api/v1/customer/individual/getprofile,116,0,22
1779799975920,108,GetIndividual,200,OK,GetIndividual 1-220,text,true,,3804,3588,2,4,https://api-scuda.uat.oci.krungsri.tech/ic/api/v1/customer/individual/getprofile,108,0,27
1779799975960,94,GetIndividual,200,OK,GetIndividual 1-221,text,true,,3817,3588,2,6,https://api-scuda.uat.oci.krungsri.tech/ic/api/v1/customer/individual/getprofile,94,0,16
1779799976043,32,SearchIndividual,200,OK,SearchIndividual 2-369,text,true,,1177,2602,3,7,https://api-scuda.uat.oci.krungsri.tech/ords/api/v1/customer/individual/searchprofile,32,0,20
1779799976043,45,SearchIndividual,200,OK,SearchIndividual 2-370,text,true,,1165,2602,2,6,https://api-scuda.uat.oci.krungsri.tech/ords/api/v1/customer/individual/searchprofile,45,0,17
1779799975588,516,CreateIndividual,201,Created,CreateIndividual 3-17,text,true,,1172,8086,1,6,https://api-scuda.uat.oci.krungsri.tech/ic/api/v1/customer/individual/createprofile,516,0,20
1779799976069,39,SearchIndividual,200,OK,SearchIndividual 2-371,text,true,,1159,2602,1,5,https://api-scuda.uat.oci.krungsri.tech/ords/api/v1/customer/individual/searchprofile,38,0,20
1779799975611,504,CreateJuristic,201,Created,CreateJuristic 7-17,text,true,,1172,7829,1,5,https://api-scuda.uat.oci.krungsri.tech/ic/api/v1/customer/juristic/createprofile,504,0,12
1779799976066,118,GetIndividual,200,OK,GetIndividual 1-223,text,true,,3823,3588,6,10,https://api-scuda.uat.oci.krungsri.tech/ic/api/v1/customer/individual/getprofile,118,0,26
1779799976113,95,GetIndividual,200,OK,GetIndividual 1-224,text,true,,3869,3588,5,11,https://api-scuda.uat.oci.krungsri.tech/ic/api/v1/customer/individual/getprofile,95,0,11
1779799976167,46,SearchIndividual,200,OK,SearchIndividual 2-372,text,true,,1145,2602,2,10,https://api-scuda.uat.oci.krungsri.tech/ords/api/v1/customer/individual/searchprofile,46,0,15
1779799976192,48,SearchIndividual,200,OK,SearchIndividual 2-373,text,true,,1151,2602,4,12,https://api-scuda.uat.oci.krungsri.tech/ords/api/v1/customer/individual/searchprofile,47,0,19
1779799976030,215,GetIndividual,200,OK,GetIndividual 1-222,text,true,,3823,3588,4,11,https://api-scuda.uat.oci.krungsri.tech/ic/api/v1/customer/individual/getprofile,215,0,21
1779799976132,114,GetIndividual,200,OK,GetIndividual 1-225,text,true,,3814,3587,3,10,https://api-scuda.uat.oci.krungsri.tech/ic/api/v1/customer/individual/getprofile,114,0,20
1779799976223,28,SearchIndividual,200,OK,SearchIndividual 2-375,text,true,,1157,2602,3,9,https://api-scuda.uat.oci.krungsri.tech/ords/api/v1/customer/individual/searchprofile,28,0,16
1779799976163,102,GetIndividual,200,OK,GetIndividual 1-226,text,true,,3895,3588,2,10,https://api-scuda.uat.oci.krungsri.tech/ic/api/v1/customer/individual/getprofile,102,0,18
1779799976239,29,SearchIndividual,200,OK,SearchIndividual 2-376,text,true,,1168,2599,3,9,https://api-scuda.uat.oci.krungsri.tech/ords/api/v1/customer/individual/searchprofile,29,0,17
1779799976219,50,SearchIndividual,200,OK,SearchIndividual 2-374,text,true,,1179,2602,3,9,https://api-scuda.uat.oci.krungsri.tech/ords/api/v1/customer/individual/searchprofile,50,0,19
1779799976099,177,UpdateIndividual,200,OK,UpdateIndividual 4-146,text,true,,800,5522,5,7,https://api-scuda.uat.oci.krungsri.tech/ic/api/v1/customer/individual/updateprofile,177,0,17
1779799976159,134,UpdateIndividual,200,OK,UpdateIndividual 4-147,text,true,,800,4227,4,7,https://api-scuda.uat.oci.krungsri.tech/ic/api/v1/customer/individual/updateprofile,134,0,20
1779799976258,29,SearchIndividual,200,OK,SearchIndividual 2-377,text,true,,1117,2602,2,7,https://api-scuda.uat.oci.krungsri.tech/ords/api/v1/customer/individual/searchprofile,29,0,17
1779799976176,112,GetIndividual,200,OK,GetIndividual 1-227,text,true,,3856,3588,1,7,https://api-scuda.uat.oci.krungsri.tech/ic/api/v1/customer/individual/getprofile,112,0,19
1779799976278,30,SearchIndividual,200,OK,SearchIndividual 2-378,text,true,,1204,2601,2,6,https://api-scuda.uat.oci.krungsri.tech/ords/api/v1/customer/individual/searchprofile,30,0,16
1779799976195,126,UpdateIndividual,200,OK,UpdateIndividual 4-149,text,true,,800,4228,4,7,https://api-scuda.uat.oci.krungsri.tech/ic/api/v1/customer/individual/updateprofile,126,0,17
1779799976171,153,UpdateIndividual,200,OK,UpdateIndividual 4-148,text,true,,800,5534,3,6,https://api-scuda.uat.oci.krungsri.tech/ic/api/v1/customer/individual/updateprofile,153,0,19
1779799976306,33,SearchIndividual,200,OK,SearchIndividual 2-379,text,true,,1217,2602,1,7,https://api-scuda.uat.oci.krungsri.tech/ords/api/v1/customer/individual/searchprofile,33,0,20
1779799976346,33,SearchIndividual,200,OK,SearchIndividual 2-380,text,true,,1187,2602,1,8,https://api-scuda.uat.oci.krungsri.tech/ords/api/v1/customer/individual/searchprofile,32,0,20
1779799976267,142,UpdateIndividual,200,OK,UpdateIndividual 4-150,text,true,,800,4227,2,9,https://api-scuda.uat.oci.krungsri.tech/ic/api/v1/customer/individual/updateprofile,142,0,15
1779799976314,100,GetJuristic,200,OK,GetJuristic 5-18,text,true,,3495,3533,1,10,https://api-scuda.uat.oci.krungsri.tech/ic/api/v1/customer/juristic/getprofile,100,0,17
1779799976395,36,SearchIndividual,200,OK,SearchIndividual 2-381,text,true,,1133,2602,3,10,https://api-scuda.uat.oci.krungsri.tech/ords/api/v1/customer/individual/searchprofile,36,0,22
1779799976329,110,GetJoint,200,OK,GetJoint 9-18,text,true,,1431,3530,1,10,https://api-scuda.uat.oci.krungsri.tech/ic/api/v1/customer/joint/getprofile,110,0,24
1779799976410,31,SearchIndividual,200,OK,SearchIndividual 2-382,text,true,,1125,2602,3,11,https://api-scuda.uat.oci.krungsri.tech/ords/api/v1/customer/individual/searchprofile,31,0,19
1779799976410,35,SearchIndividual,200,OK,SearchIndividual 2-383,text,true,,1169,2602,2,10,https://api-scuda.uat.oci.krungsri.tech/ords/api/v1/customer/individual/searchprofile,35,0,24
1779799976327,121,GetIndividual,200,OK,GetIndividual 1-228,text,true,,3839,3588,5,9,https://api-scuda.uat.oci.krungsri.tech/ic/api/v1/customer/individual/getprofile,121,0,23
1779799976341,108,GetIndividual,200,OK,GetIndividual 1-229,text,true,,3884,3588,4,8,https://api-scuda.uat.oci.krungsri.tech/ic/api/v1/customer/individual/getprofile,108,0,12
1779799976440,33,SearchIndividual,200,OK,SearchIndividual 2-384,text,true,,1129,2602,1,9,https://api-scuda.uat.oci.krungsri.tech/ords/api/v1/customer/individual/searchprofile,33,0,21
1779799976396,99,GetIndividual,200,OK,GetIndividual 1-230,text,true,,3841,3588,5,10,https://api-scuda.uat.oci.krungsri.tech/ic/api/v1/customer/individual/getprofile,99,0,17
1779799976474,33,SearchIndividual,200,OK,SearchIndividual 2-385,text,true,,1209,2602,2,11,https://api-scuda.uat.oci.krungsri.tech/ords/api/v1/customer/individual/searchprofile,33,0,19
1779799976504,35,SearchIndividual,200,OK,SearchIndividual 2-386,text,true,,1181,2602,3,13,https://api-scuda.uat.oci.krungsri.tech/ords/api/v1/customer/individual/searchprofile,35,0,22
1779799976439,106,GetIndividual,200,OK,GetIndividual 1-231,text,true,,3831,3588,5,12,https://api-scuda.uat.oci.krungsri.tech/ic/api/v1/customer/individual/getprofile,106,0,21
1779799976422,126,UpdateIndividual,200,OK,UpdateIndividual 4-152,text,true,,800,4229,4,11,https://api-scuda.uat.oci.krungsri.tech/ic/api/v1/customer/individual/updateprofile,126,0,21
1779799976526,28,SearchIndividual,200,OK,SearchIndividual 2-387,text,true,,1199,2602,3,12,https://api-scuda.uat.oci.krungsri.tech/ords/api/v1/customer/individual/searchprofile,28,0,15
1779799976530,33,SearchIndividual,200,OK,SearchIndividual 2-388,text,true,,1249,2602,2,11,https://api-scuda.uat.oci.krungsri.tech/ords/api/v1/customer/individual/searchprofile,33,0,21
1779799976469,108,GetIndividual,200,OK,GetIndividual 1-233,text,true,,3833,3588,6,11,https://api-scuda.uat.oci.krungsri.tech/ic/api/v1/customer/individual/getprofile,108,0,16
1779799976550,29,SearchIndividual,200,OK,SearchIndividual 2-389,text,true,,1139,2602,1,10,https://api-scuda.uat.oci.krungsri.tech/ords/api/v1/customer/individual/searchprofile,29,0,18
1779799976490,91,GetIndividual,200,OK,GetIndividual 1-234,text,true,,3876,3588,5,10,https://api-scuda.uat.oci.krungsri.tech/ic/api/v1/customer/individual/getprofile,91,0,15
1779799976496,96,GetIndividual,200,OK,GetIndividual 1-235,text,true,,3828,3588,4,10,https://api-scuda.uat.oci.krungsri.tech/ic/api/v1/customer/individual/getprofile,96,0,14
1779799976324,274,UpdateIndividual,200,OK,UpdateIndividual 4-151,text,true,,800,5679,3,10,https://api-scuda.uat.oci.krungsri.tech/ic/api/v1/customer/individual/updateprofile,274,0,20
1779799976441,175,GetIndividual,200,OK,GetIndividual 1-232,text,true,,3823,3588,4,12,https://api-scuda.uat.oci.krungsri.tech/ic/api/v1/customer/individual/getprofile,175,0,26
1779799976581,36,SearchIndividual,200,OK,SearchIndividual 2-390,text,true,,1171,2602,3,11,https://api-scuda.uat.oci.krungsri.tech/ords/api/v1/customer/individual/searchprofile,36,0,24
1779799976591,30,SearchIndividual,200,OK,SearchIndividual 2-391,text,true,,1165,2602,3,11,https://api-scuda.uat.oci.krungsri.tech/ords/api/v1/customer/individual/searchprofile,30,0,18
1779799976595,31,SearchIndividual,200,OK,SearchIndividual 2-392,text,true,,1231,2602,2,10,https://api-scuda.uat.oci.krungsri.tech/ords/api/v1/customer/individual/searchprofile,31,0,19
1779799976463,177,UpdateIndividual,200,OK,UpdateIndividual 4-153,text,true,,800,5602,6,15,https://api-scuda.uat.oci.krungsri.tech/ic/api/v1/customer/individual/updateprofile,177,0,20
1779799976618,26,SearchIndividual,200,OK,SearchIndividual 2-393,text,true,,1181,2602,2,14,https://api-scuda.uat.oci.krungsri.tech/ords/api/v1/customer/individual/searchprofile,26,0,15
1779799976627,26,SearchIndividual,200,OK,SearchIndividual 2-394,text,true,,1150,2601,1,13,https://api-scuda.uat.oci.krungsri.tech/ords/api/v1/customer/individual/searchprofile,26,0,15
1779799976554,102,GetIndividual,200,OK,GetIndividual 1-236,text,true,,3828,3588,6,12,https://api-scuda.uat.oci.krungsri.tech/ic/api/v1/customer/individual/getprofile,102,0,17
1779799976566,111,GetIndividual,200,OK,GetIndividual 1-237,text,true,,3860,3587,5,15,https://api-scuda.uat.oci.krungsri.tech/ic/api/v1/customer/individual/getprofile,111,0,19
1779799976659,33,SearchJoint,200,OK,SearchJoint 10-18,text,true,,621,2627,1,17,https://api-scuda.uat.oci.krungsri.tech/ords/api/v1/customer/joint/searchprofile,33,0,21
1779799976515,180,UpdateIndividual,200,OK,UpdateIndividual 4-154,text,true,,800,5530,6,19,https://api-scuda.uat.oci.krungsri.tech/ic/api/v1/customer/individual/updateprofile,180,0,18
1779799976667,28,SearchIndividual,200,OK,SearchIndividual 2-395,text,true,,1161,2602,3,18,https://api-scuda.uat.oci.krungsri.tech/ords/api/v1/customer/individual/searchprofile,28,0,16
1779799976694,31,SearchIndividual,200,OK,SearchIndividual 2-397,text,true,,1147,2602,4,21,https://api-scuda.uat.oci.krungsri.tech/ords/api/v1/customer/individual/searchprofile,31,0,20
1779799976694,32,SearchIndividual,200,OK,SearchIndividual 2-396,text,true,,1231,2602,3,20,https://api-scuda.uat.oci.krungsri.tech/ords/api/v1/customer/individual/searchprofile,32,0,20
1779799976612,118,GetIndividual,200,OK,GetIndividual 1-238,text,true,,3864,3588,7,19,https://api-scuda.uat.oci.krungsri.tech/ic/api/v1/customer/individual/getprofile,118,0,21
1779799976636,95,GetIndividual,200,OK,GetIndividual 1-240,text,true,,3817,3588,6,18,https://api-scuda.uat.oci.krungsri.tech/ic/api/v1/customer/individual/getprofile,95,0,17
1779799976636,111,GetIndividual,200,OK,GetIndividual 1-239,text,true,,3859,3588,5,19,https://api-scuda.uat.oci.krungsri.tech/ic/api/v1/customer/individual/getprofile,111,0,18
1779799976711,37,SearchIndividual,200,OK,SearchIndividual 2-398,text,true,,1167,2602,4,18,https://api-scuda.uat.oci.krungsri.tech/ords/api/v1/customer/individual/searchprofile,37,0,25
1779799976721,30,SearchIndividual,200,OK,SearchIndividual 2-399,text,true,,1130,2601,3,17,https://api-scuda.uat.oci.krungsri.tech/ords/api/v1/customer/individual/searchprofile,29,0,18
1779799976604,156,UpdateIndividual,200,OK,UpdateIndividual 4-156,text,true,,800,5576,6,18,https://api-scuda.uat.oci.krungsri.tech/ic/api/v1/customer/individual/updateprofile,156,0,32
1779799976640,122,GetIndividual,200,OK,GetIndividual 1-241,text,true,,3793,3587,4,17,https://api-scuda.uat.oci.krungsri.tech/ic/api/v1/customer/individual/getprofile,122,0,29
1779799976732,31,SearchIndividual,200,OK,SearchIndividual 2-400,text,true,,1229,2602,4,16,https://api-scuda.uat.oci.krungsri.tech/ords/api/v1/customer/individual/searchprofile,31,0,21
1779799976603,169,UpdateIndividual,200,OK,UpdateIndividual 4-155,text,true,,800,5625,5,15,https://api-scuda.uat.oci.krungsri.tech/ic/api/v1/customer/individual/updateprofile,169,0,18
1779799976738,35,SearchIndividual,200,OK,SearchIndividual 2-401,text,true,,1181,2602,3,14,https://api-scuda.uat.oci.krungsri.tech/ords/api/v1/customer/individual/searchprofile,35,0,24
1779799976758,27,SearchIndividual,200,OK,SearchIndividual 2-402,text,true,,1211,2602,3,14,https://api-scuda.uat.oci.krungsri.tech/ords/api/v1/customer/individual/searchprofile,27,0,16
1779799976637,156,UpdateIndividual,200,OK,UpdateIndividual 4-158,text,true,,800,5597,4,13,https://api-scuda.uat.oci.krungsri.tech/ic/api/v1/customer/individual/updateprofile,156,0,21
1779799976760,31,SearchIndividual,200,OK,SearchIndividual 2-403,text,true,,1153,2602,2,13,https://api-scuda.uat.oci.krungsri.tech/ords/api/v1/customer/individual/searchprofile,31,0,19
1779799976631,176,UpdateIndividual,200,OK,UpdateIndividual 4-157,text,true,,800,5618,3,11,https://api-scuda.uat.oci.krungsri.tech/ic/api/v1/customer/individual/updateprofile,176,0,20
1779799976783,31,SearchIndividual,200,OK,SearchIndividual 2-404,text,true,,1170,2601,1,10,https://api-scuda.uat.oci.krungsri.tech/ords/api/v1/customer/individual/searchprofile,31,0,19
1779799976683,135,GetIndividual,200,OK,GetIndividual 1-243,text,true,,3789,3588,3,9,https://api-scuda.uat.oci.krungsri.tech/ic/api/v1/customer/individual/getprofile,135,0,29
1779799976720,103,GetIndividual,200,OK,GetIndividual 1-244,text,true,,3771,3588,2,8,https://api-scuda.uat.oci.krungsri.tech/ic/api/v1/customer/individual/getprofile,103,0,22
1779799976683,151,UpdateIndividual,200,OK,UpdateIndividual 4-159,text,true,,799,4226,2,8,https://api-scuda.uat.oci.krungsri.tech/ic/api/v1/customer/individual/updateprofile,151,0,29
1779799976697,143,UpdateJoint,200,OK,UpdateJoint 12-18,text,true,,800,3614,1,8,https://api-scuda.uat.oci.krungsri.tech/ic/api/v1/customer/joint/updateprofile,143,0,21
1779799976824,33,SearchJuristic,200,OK,SearchJuristic 6-18,text,true,,1013,2600,1,9,https://api-scuda.uat.oci.krungsri.tech/ords/api/v1/customer/juristic/searchprofile,32,0,21
1779799976835,33,SearchIndividual,200,OK,SearchIndividual 2-405,text,true,,1153,2602,1,8,https://api-scuda.uat.oci.krungsri.tech/ords/api/v1/customer/individual/searchprofile,33,0,21
1779799976714,157,UpdateIndividual,200,OK,UpdateIndividual 4-160,text,true,,800,5630,1,7,https://api-scuda.uat.oci.krungsri.tech/ic/api/v1/customer/individual/updateprofile,157,0,20
1779799976306,584,CreateJuristic,201,Created,CreateJuristic 7-18,text,true,,1172,8117,1,7,https://api-scuda.uat.oci.krungsri.tech/ic/api/v1/customer/juristic/createprofile,584,0,20
1779799976877,31,SearchIndividual,200,OK,SearchIndividual 2-406,text,true,,1177,2602,2,8,https://api-scuda.uat.oci.krungsri.tech/ords/api/v1/customer/individual/searchprofile,31,0,18
1779799976909,31,SearchIndividual,200,OK,SearchIndividual 2-407,text,true,,1171,2602,4,11,https://api-scuda.uat.oci.krungsri.tech/ords/api/v1/customer/individual/searchprofile,31,0,19
1779799976918,30,SearchIndividual,200,OK,SearchIndividual 2-408,text,true,,1157,2602,3,10,https://api-scuda.uat.oci.krungsri.tech/ords/api/v1/customer/individual/searchprofile,30,0,18
1779799976918,30,SearchIndividual,200,OK,SearchIndividual 2-409,text,true,,1119,2602,2,9,https://api-scuda.uat.oci.krungsri.tech/ords/api/v1/customer/individual/searchprofile,30,0,20
1779799976846,105,GetIndividual,200,OK,GetIndividual 1-245,text,true,,3910,3588,3,8,https://api-scuda.uat.oci.krungsri.tech/ic/api/v1/customer/individual/getprofile,105,0,19
1779799976682,280,GetIndividual,200,OK,GetIndividual 1-242,text,true,,3878,3588,3,9,https://api-scuda.uat.oci.krungsri.tech/ic/api/v1/customer/individual/getprofile,280,0,17
1779799976937,30,SearchIndividual,200,OK,SearchIndividual 2-410,text,true,,1111,2602,2,8,https://api-scuda.uat.oci.krungsri.tech/ords/api/v1/customer/individual/searchprofile,30,0,19
1779799976952,30,SearchIndividual,200,OK,SearchIndividual 2-411,text,true,,1155,2602,1,10,https://api-scuda.uat.oci.krungsri.tech/ords/api/v1/customer/individual/searchprofile,30,0,17
1779799976668,329,CreateJoint,200,OK,CreateJoint 11-18,text,true,,1772,5946,1,12,https://api-scuda.uat.oci.krungsri.tech/ic/api/v1/customer/joint/createprofile,329,0,16
1779799976902,96,GetIndividual,200,OK,GetIndividual 1-246,text,true,,3827,3588,5,11,https://api-scuda.uat.oci.krungsri.tech/ic/api/v1/customer/individual/getprofile,96,0,14
1779799976983,27,SearchIndividual,200,OK,SearchIndividual 2-412,text,true,,1163,2602,2,10,https://api-scuda.uat.oci.krungsri.tech/ords/api/v1/customer/individual/searchprofile,27,0,15
1779799976988,36,SearchIndividual,200,OK,SearchIndividual 2-413,text,true,,1179,2602,1,9,https://api-scuda.uat.oci.krungsri.tech/ords/api/v1/customer/individual/searchprofile,36,0,22
1779799976662,395,CreateIndividual,201,Created,CreateIndividual 3-18,text,true,,1172,8371,1,10,https://api-scuda.uat.oci.krungsri.tech/ic/api/v1/customer/individual/createprofile,395,0,15
1779799976959,98,GetIndividual,200,OK,GetIndividual 1-247,text,true,,3828,3588,5,10,https://api-scuda.uat.oci.krungsri.tech/ic/api/v1/customer/individual/getprofile,98,0,20
1779799976976,87,GetIndividual,200,OK,GetIndividual 1-248,text,true,,3819,3588,4,9,https://api-scuda.uat.oci.krungsri.tech/ic/api/v1/customer/individual/getprofile,87,0,12
1779799977036,33,SearchIndividual,200,OK,SearchIndividual 2-414,text,true,,1179,2602,2,8,https://api-scuda.uat.oci.krungsri.tech/ords/api/v1/customer/individual/searchprofile,33,0,20
1779799976854,226,UpdateJuristic,200,OK,UpdateJuristic 8-18,text,true,,800,5845,1,8,https://api-scuda.uat.oci.krungsri.tech/ic/api/v1/customer/juristic/updateprofile,226,0,18
1779799977062,31,SearchIndividual,200,OK,SearchIndividual 2-415,text,true,,1183,2602,1,7,https://api-scuda.uat.oci.krungsri.tech/ords/api/v1/customer/individual/searchprofile,31,0,17
1779799976997,98,GetIndividual,200,OK,GetIndividual 1-250,text,true,,3841,3588,3,6,https://api-scuda.uat.oci.krungsri.tech/ic/api/v1/customer/individual/getprofile,98,0,19
1779799976977,145,UpdateIndividual,200,OK,UpdateIndividual 4-162,text,true,,799,4227,3,7,https://api-scuda.uat.oci.krungsri.tech/ic/api/v1/customer/individual/updateprofile,145,0,22
1779799977117,28,SearchIndividual,200,OK,SearchIndividual 2-416,text,true,,1179,2602,1,8,https://api-scuda.uat.oci.krungsri.tech/ords/api/v1/customer/individual/searchprofile,28,0,17
1779799976926,234,UpdateIndividual,200,OK,UpdateIndividual 4-161,text,true,,800,5541,3,8,https://api-scuda.uat.oci.krungsri.tech/ic/api/v1/customer/individual/updateprofile,234,0,17
1779799977157,28,SearchIndividual,200,OK,SearchIndividual 2-417,text,true,,1177,2602,1,7,https://api-scuda.uat.oci.krungsri.tech/ords/api/v1/customer/individual/searchprofile,28,0,16
1779799977080,122,UpdateIndividual,200,OK,UpdateIndividual 4-163,text,true,,799,4226,2,7,https://api-scuda.uat.oci.krungsri.tech/ic/api/v1/customer/individual/updateprofile,122,0,10
1779799977115,98,GetIndividual,200,OK,GetIndividual 1-252,text,true,,3800,3588,5,6,https://api-scuda.uat.oci.krungsri.tech/ic/api/v1/customer/individual/getprofile,98,0,19
1779799977135,112,GetIndividual,200,OK,GetIndividual 1-253,text,true,,3772,3587,5,11,https://api-scuda.uat.oci.krungsri.tech/ic/api/v1/customer/individual/getprofile,112,0,20
1779799977223,27,SearchIndividual,200,OK,SearchIndividual 2-418,text,true,,1205,2602,4,10,https://api-scuda.uat.oci.krungsri.tech/ords/api/v1/customer/individual/searchprofile,27,0,15
1779799977025,228,GetIndividual,200,OK,GetIndividual 1-251,text,true,,3815,3588,4,9,https://api-scuda.uat.oci.krungsri.tech/ic/api/v1/customer/individual/getprofile,228,0,14
1779799977228,30,SearchIndividual,200,OK,SearchIndividual 2-419,text,true,,1187,2602,3,8,https://api-scuda.uat.oci.krungsri.tech/ords/api/v1/customer/individual/searchprofile,30,0,18
1779799977235,25,SearchIndividual,200,OK,SearchIndividual 2-420,text,true,,1112,2601,2,7,https://api-scuda.uat.oci.krungsri.tech/ords/api/v1/customer/individual/searchprofile,24,0,10
1779799977241,27,SearchIndividual,200,OK,SearchIndividual 2-421,text,true,,1217,2602,1,7,https://api-scuda.uat.oci.krungsri.tech/ords/api/v1/customer/individual/searchprofile,27,0,15
1779799977148,120,UpdateIndividual,200,OK,UpdateIndividual 4-164,text,true,,800,4228,2,7,https://api-scuda.uat.oci.krungsri.tech/ic/api/v1/customer/individual/updateprofile,120,0,12
1779799977270,36,SearchIndividual,200,OK,SearchIndividual 2-422,text,true,,1161,2602,2,8,https://api-scuda.uat.oci.krungsri.tech/ords/api/v1/customer/individual/searchprofile,35,0,21
1779799976982,321,GetIndividual,200,OK,GetIndividual 1-249,text,true,,3811,3588,3,8,https://api-scuda.uat.oci.krungsri.tech/ic/api/v1/customer/individual/getprofile,321,0,24
1779799977194,104,GetIndividual,200,OK,GetIndividual 1-254,text,true,,3838,3588,3,7,https://api-scuda.uat.oci.krungsri.tech/ic/api/v1/customer/individual/getprofile,104,0,17
1779799977268,21,SearchJuristic,200,OK,SearchJuristic 6-19,text,true,,992,2600,1,7,https://api-scuda.uat.oci.krungsri.tech/ords/api/v1/customer/juristic/searchprofile,20,0,9
1779799977299,35,SearchIndividual,200,OK,SearchIndividual 2-423,text,true,,1167,2602,2,9,https://api-scuda.uat.oci.krungsri.tech/ords/api/v1/customer/individual/searchprofile,35,0,23
1779799977309,29,SearchIndividual,200,OK,SearchIndividual 2-424,text,true,,1103,2602,3,10,https://api-scuda.uat.oci.krungsri.tech/ords/api/v1/customer/individual/searchprofile,29,0,18
1779799977235,108,GetIndividual,200,OK,GetIndividual 1-255,text,true,,3878,3588,3,9,https://api-scuda.uat.oci.krungsri.tech/ic/api/v1/customer/individual/getprofile,108,0,18
1779799977338,28,SearchIndividual,200,OK,SearchIndividual 2-425,text,true,,1209,2602,2,10,https://api-scuda.uat.oci.krungsri.tech/ords/api/v1/customer/individual/searchprofile,28,0,17
1779799977338,31,SearchIndividual,200,OK,SearchIndividual 2-426,text,true,,1235,2602,1,9,https://api-scuda.uat.oci.krungsri.tech/ords/api/v1/customer/individual/searchprofile,31,0,20
1779799977280,103,GetJoint,200,OK,GetJoint 9-19,text,true,,1429,3530,1,11,https://api-scuda.uat.oci.krungsri.tech/ic/api/v1/customer/joint/getprofile,103,0,22
1779799977229,169,UpdateIndividual,200,OK,UpdateIndividual 4-165,text,true,,800,5594,2,11,https://api-scuda.uat.oci.krungsri.tech/ic/api/v1/customer/individual/updateprofile,169,0,18
1779799977371,31,SearchIndividual,200,OK,SearchIndividual 2-427,text,true,,1163,2602,4,11,https://api-scuda.uat.oci.krungsri.tech/ords/api/v1/customer/individual/searchprofile,30,0,19
1779799977380,36,SearchIndividual,200,OK,SearchIndividual 2-428,text,true,,1157,2602,3,11,https://api-scuda.uat.oci.krungsri.tech/ords/api/v1/customer/individual/searchprofile,35,0,23
1779799977388,30,SearchIndividual,200,OK,SearchIndividual 2-429,text,true,,1169,2602,2,10,https://api-scuda.uat.oci.krungsri.tech/ords/api/v1/customer/individual/searchprofile,30,0,20
1779799977325,95,GetIndividual,200,OK,GetIndividual 1-256,text,true,,3888,3587,4,10,https://api-scuda.uat.oci.krungsri.tech/ic/api/v1/customer/individual/getprofile,95,0,16
1779799977333,98,GetIndividual,200,OK,GetIndividual 1-257,text,true,,3802,3588,3,10,https://api-scuda.uat.oci.krungsri.tech/ic/api/v1/customer/individual/getprofile,98,0,16
1779799977400,36,SearchIndividual,200,OK,SearchIndividual 2-430,text,true,,1215,2602,3,10,https://api-scuda.uat.oci.krungsri.tech/ords/api/v1/customer/individual/searchprofile,35,0,23
1779799977350,97,GetIndividual,200,OK,GetIndividual 1-258,text,true,,3833,3588,2,10,https://api-scuda.uat.oci.krungsri.tech/ic/api/v1/customer/individual/getprofile,97,0,18
1779799977431,35,SearchIndividual,200,OK,SearchIndividual 2-431,text,true,,1219,2602,3,10,https://api-scuda.uat.oci.krungsri.tech/ords/api/v1/customer/individual/searchprofile,35,0,21
1779799977436,34,SearchIndividual,200,OK,SearchIndividual 2-432,text,true,,1177,2602,2,9,https://api-scuda.uat.oci.krungsri.tech/ords/api/v1/customer/individual/searchprofile,34,0,16
1779799977452,41,SearchIndividual,200,OK,SearchIndividual 2-433,text,true,,1215,2602,3,10,https://api-scuda.uat.oci.krungsri.tech/ords/api/v1/customer/individual/searchprofile,40,0,27
1779799977483,28,SearchIndividual,200,OK,SearchIndividual 2-434,text,true,,1155,2602,2,10,https://api-scuda.uat.oci.krungsri.tech/ords/api/v1/customer/individual/searchprofile,28,0,17
1779799977488,27,SearchIndividual,200,OK,SearchIndividual 2-435,text,true,,1205,2602,1,9,https://api-scuda.uat.oci.krungsri.tech/ords/api/v1/customer/individual/searchprofile,27,0,14
1779799977405,110,GetIndividual,200,OK,GetIndividual 1-259,text,true,,3912,3588,1,9,https://api-scuda.uat.oci.krungsri.tech/ic/api/v1/customer/individual/getprofile,110,0,16
1779799977350,187,UpdateIndividual,200,OK,UpdateIndividual 4-166,text,true,,800,5578,6,11,https://api-scuda.uat.oci.krungsri.tech/ic/api/v1/customer/individual/updateprofile,187,0,18
1779799977381,158,UpdateJuristic,200,OK,UpdateJuristic 8-19,text,true,,800,4431,1,10,https://api-scuda.uat.oci.krungsri.tech/ic/api/v1/customer/juristic/updateprofile,158,0,18
1779799977423,117,UpdateIndividual,200,OK,UpdateIndividual 4-167,text,true,,800,4229,5,9,https://api-scuda.uat.oci.krungsri.tech/ic/api/v1/customer/individual/updateprofile,117,0,19
1779799977530,34,SearchIndividual,200,OK,SearchIndividual 2-436,text,true,,1119,2602,1,8,https://api-scuda.uat.oci.krungsri.tech/ords/api/v1/customer/individual/searchprofile,34,0,21
1779799977533,32,SearchJoint,200,OK,SearchJoint 10-19,text,true,,621,2627,1,7,https://api-scuda.uat.oci.krungsri.tech/ords/api/v1/customer/joint/searchprofile,32,0,22
1779799977330,242,CreateJoint,200,OK,CreateJoint 11-19,text,true,,1772,5704,1,7,https://api-scuda.uat.oci.krungsri.tech/ic/api/v1/customer/joint/createprofile,242,0,20
1779799977449,136,UpdateIndividual,200,OK,UpdateIndividual 4-168,text,true,,800,4229,4,7,https://api-scuda.uat.oci.krungsri.tech/ic/api/v1/customer/individual/updateprofile,136,0,23
1779799977623,31,SearchIndividual,200,OK,SearchIndividual 2-437,text,true,,1191,2602,4,12,https://api-scuda.uat.oci.krungsri.tech/ords/api/v1/customer/individual/searchprofile,31,0,18
1779799977630,28,SearchIndividual,200,OK,SearchIndividual 2-438,text,true,,1150,2601,3,11,https://api-scuda.uat.oci.krungsri.tech/ords/api/v1/customer/individual/searchprofile,28,0,17
1779799977539,121,UpdateIndividual,200,OK,UpdateIndividual 4-171,text,true,,800,4228,4,10,https://api-scuda.uat.oci.krungsri.tech/ic/api/v1/customer/individual/updateprofile,121,0,21
1779799977502,163,UpdateIndividual,200,OK,UpdateIndividual 4-169,text,true,,800,5587,3,9,https://api-scuda.uat.oci.krungsri.tech/ic/api/v1/customer/individual/updateprofile,163,0,16
1779799977567,99,GetIndividual,200,OK,GetIndividual 1-260,text,true,,3801,3588,3,8,https://api-scuda.uat.oci.krungsri.tech/ic/api/v1/customer/individual/getprofile,99,0,16
1779799977642,33,SearchIndividual,200,OK,SearchIndividual 2-440,text,true,,1191,2602,2,7,https://api-scuda.uat.oci.krungsri.tech/ords/api/v1/customer/individual/searchprofile,32,0,20
1779799977638,37,SearchIndividual,200,OK,SearchIndividual 2-439,text,true,,1195,2602,1,6,https://api-scuda.uat.oci.krungsri.tech/ords/api/v1/customer/individual/searchprofile,37,0,26
1779799977526,155,UpdateIndividual,200,OK,UpdateIndividual 4-170,text,true,,800,5589,2,7,https://api-scuda.uat.oci.krungsri.tech/ic/api/v1/customer/individual/updateprofile,155,0,18
1779799977580,112,GetIndividual,200,OK,GetIndividual 1-261,text,true,,3829,3588,3,8,https://api-scuda.uat.oci.krungsri.tech/ic/api/v1/customer/individual/getprofile,112,0,27
1779799977678,42,SearchIndividual,200,OK,SearchIndividual 2-441,text,true,,1135,2602,2,9,https://api-scuda.uat.oci.krungsri.tech/ords/api/v1/customer/individual/searchprofile,42,0,17
1779799977719,32,SearchIndividual,200,OK,SearchIndividual 2-442,text,true,,1237,2602,4,14,https://api-scuda.uat.oci.krungsri.tech/ords/api/v1/customer/individual/searchprofile,31,0,20
1779799977652,107,GetIndividual,200,OK,GetIndividual 1-262,text,true,,3809,3588,5,14,https://api-scuda.uat.oci.krungsri.tech/ic/api/v1/customer/individual/getprofile,107,0,19
1779799977330,433,CreateIndividual,201,Created,CreateIndividual 3-19,text,true,,1172,8321,1,14,https://api-scuda.uat.oci.krungsri.tech/ic/api/v1/customer/individual/createprofile,433,0,11
1779799977732,32,SearchIndividual,200,OK,SearchIndividual 2-443,text,true,,1203,2602,3,13,https://api-scuda.uat.oci.krungsri.tech/ords/api/v1/customer/individual/searchprofile,31,0,20
1779799977750,23,SearchIndividual,200,OK,SearchIndividual 2-445,text,true,,1255,2602,2,12,https://api-scuda.uat.oci.krungsri.tech/ords/api/v1/customer/individual/searchprofile,23,0,13
1779799977747,27,SearchIndividual,200,OK,SearchIndividual 2-444,text,true,,1255,2602,1,11,https://api-scuda.uat.oci.krungsri.tech/ords/api/v1/customer/individual/searchprofile,27,0,16
1779799977681,96,GetIndividual,200,OK,GetIndividual 1-263,text,true,,3850,3588,5,10,https://api-scuda.uat.oci.krungsri.tech/ic/api/v1/customer/individual/getprofile,96,0,18
1779799977639,166,UpdateIndividual,200,OK,UpdateIndividual 4-172,text,true,,800,5526,5,11,https://api-scuda.uat.oci.krungsri.tech/ic/api/v1/customer/individual/updateprofile,166,0,23
1779799977713,102,GetIndividual,200,OK,GetIndividual 1-264,text,true,,3919,3588,5,13,https://api-scuda.uat.oci.krungsri.tech/ic/api/v1/customer/individual/getprofile,102,0,17
1779799977693,130,UpdateIndividual,200,OK,UpdateIndividual 4-174,text,true,,800,4228,4,12,https://api-scuda.uat.oci.krungsri.tech/ic/api/v1/customer/individual/updateprofile,130,0,22
1779799977796,28,SearchIndividual,200,OK,SearchIndividual 2-446,text,true,,1249,2602,3,11,https://api-scuda.uat.oci.krungsri.tech/ords/api/v1/customer/individual/searchprofile,28,0,17
1779799977807,29,SearchIndividual,200,OK,SearchIndividual 2-447,text,true,,1187,2602,4,13,https://api-scuda.uat.oci.krungsri.tech/ords/api/v1/customer/individual/searchprofile,28,0,18
1779799977810,28,SearchIndividual,200,OK,SearchIndividual 2-448,text,true,,1131,2602,4,13,https://api-scuda.uat.oci.krungsri.tech/ords/api/v1/customer/individual/searchprofile,28,0,17
1779799977751,88,GetJuristic,200,OK,GetJuristic 5-19,text,true,,3506,3533,1,13,https://api-scuda.uat.oci.krungsri.tech/ic/api/v1/customer/juristic/getprofile,88,0,21
1779799977688,153,UpdateIndividual,200,OK,UpdateIndividual 4-173,text,true,,800,5612,3,12,https://api-scuda.uat.oci.krungsri.tech/ic/api/v1/customer/individual/updateprofile,153,0,18
1779799977732,113,GetIndividual,200,OK,GetIndividual 1-265,text,true,,3880,3588,5,11,https://api-scuda.uat.oci.krungsri.tech/ic/api/v1/customer/individual/getprofile,113,0,21
1779799977742,110,GetIndividual,200,OK,GetIndividual 1-266,text,true,,3904,3588,4,11,https://api-scuda.uat.oci.krungsri.tech/ic/api/v1/customer/individual/getprofile,110,0,25
1779799977744,115,UpdateIndividual,200,OK,UpdateIndividual 4-175,text,true,,800,4228,4,12,https://api-scuda.uat.oci.krungsri.tech/ic/api/v1/customer/individual/updateprofile,115,0,21
1779799977762,98,GetIndividual,200,OK,GetIndividual 1-267,text,true,,3831,3588,3,11,https://api-scuda.uat.oci.krungsri.tech/ic/api/v1/customer/individual/getprofile,98,0,18
1779799977832,30,SearchIndividual,200,OK,SearchIndividual 2-449,text,true,,1199,2602,5,11,https://api-scuda.uat.oci.krungsri.tech/ords/api/v1/customer/individual/searchprofile,30,0,18
1779799977832,33,SearchIndividual,200,OK,SearchIndividual 2-450,text,true,,1179,2602,5,11,https://api-scuda.uat.oci.krungsri.tech/ords/api/v1/customer/individual/searchprofile,33,0,21
1779799977838,30,SearchIndividual,200,OK,SearchIndividual 2-451,text,true,,1175,2602,4,10,https://api-scuda.uat.oci.krungsri.tech/ords/api/v1/customer/individual/searchprofile,30,0,20
1779799977840,31,SearchIndividual,200,OK,SearchIndividual 2-452,text,true,,1221,2602,3,9,https://api-scuda.uat.oci.krungsri.tech/ords/api/v1/customer/individual/searchprofile,31,0,21
1779799977856,21,SearchIndividual,200,OK,SearchIndividual 2-453,text,true,,1197,2602,2,8,https://api-scuda.uat.oci.krungsri.tech/ords/api/v1/customer/individual/searchprofile,21,0,11
1779799977865,29,SearchIndividual,200,OK,SearchIndividual 2-454,text,true,,1198,2601,1,8,https://api-scuda.uat.oci.krungsri.tech/ords/api/v1/customer/individual/searchprofile,28,0,17
1779799977828,103,GetIndividual,200,OK,GetIndividual 1-269,text,true,,3769,3587,5,11,https://api-scuda.uat.oci.krungsri.tech/ic/api/v1/customer/individual/getprofile,103,0,20
1779799977799,160,UpdateIndividual,200,OK,UpdateIndividual 4-176,text,true,,800,5581,5,13,https://api-scuda.uat.oci.krungsri.tech/ic/api/v1/customer/individual/updateprofile,160,0,16
1779799977850,120,UpdateIndividual,200,OK,UpdateIndividual 4-177,text,true,,800,4227,4,14,https://api-scuda.uat.oci.krungsri.tech/ic/api/v1/customer/individual/updateprofile,120,0,19
1779799977957,31,SearchIndividual,200,OK,SearchIndividual 2-455,text,true,,1181,2602,3,14,https://api-scuda.uat.oci.krungsri.tech/ords/api/v1/customer/individual/searchprofile,31,0,19
1779799977965,28,SearchIndividual,200,OK,SearchIndividual 2-456,text,true,,1179,2602,3,14,https://api-scuda.uat.oci.krungsri.tech/ords/api/v1/customer/individual/searchprofile,28,0,16
1779799977889,106,GetIndividual,200,OK,GetIndividual 1-270,text,true,,3869,3587,6,13,https://api-scuda.uat.oci.krungsri.tech/ic/api/v1/customer/individual/getprofile,106,0,20
1779799977904,100,GetIndividual,200,OK,GetIndividual 1-271,text,true,,3797,3588,5,12,https://api-scuda.uat.oci.krungsri.tech/ic/api/v1/customer/individual/getprofile,100,0,21
1779799977975,34,SearchIndividual,200,OK,SearchIndividual 2-457,text,true,,1135,2602,3,12,https://api-scuda.uat.oci.krungsri.tech/ords/api/v1/customer/individual/searchprofile,33,0,17
1779799977991,27,SearchIndividual,200,OK,SearchIndividual 2-458,text,true,,1185,2602,2,11,https://api-scuda.uat.oci.krungsri.tech/ords/api/v1/customer/individual/searchprofile,27,0,15
1779799977809,211,GetIndividual,200,OK,GetIndividual 1-268,text,true,,3847,3587,4,10,https://api-scuda.uat.oci.krungsri.tech/ic/api/v1/customer/individual/getprofile,211,0,20
1779799977857,167,UpdateIndividual,200,OK,UpdateIndividual 4-178,text,true,,800,5622,3,9,https://api-scuda.uat.oci.krungsri.tech/ic/api/v1/customer/individual/updateprofile,167,0,17
1779799977864,165,UpdateIndividual,200,OK,UpdateIndividual 4-179,text,true,,799,5660,2,9,https://api-scuda.uat.oci.krungsri.tech/ic/api/v1/customer/individual/updateprofile,165,0,21
1779799977926,105,GetIndividual,200,OK,GetIndividual 1-272,text,true,,3768,3588,3,8,https://api-scuda.uat.oci.krungsri.tech/ic/api/v1/customer/individual/getprofile,105,0,19
1779799978008,30,SearchIndividual,200,OK,SearchIndividual 2-459,text,true,,1155,2602,2,8,https://api-scuda.uat.oci.krungsri.tech/ords/api/v1/customer/individual/searchprofile,30,0,17
1779799977958,82,GetIndividual,200,OK,GetIndividual 1-273,text,true,,3881,3588,2,7,https://api-scuda.uat.oci.krungsri.tech/ic/api/v1/customer/individual/getprofile,82,0,13
1779799977904,142,UpdateJoint,200,OK,UpdateJoint 12-19,text,true,,800,3614,1,6,https://api-scuda.uat.oci.krungsri.tech/ic/api/v1/customer/joint/updateprofile,142,0,17
1779799978026,32,SearchJoint,200,OK,SearchJoint 10-20,text,true,,621,2627,1,8,https://api-scuda.uat.oci.krungsri.tech/ords/api/v1/customer/joint/searchprofile,32,0,17
1779799977960,99,GetIndividual,200,OK,GetIndividual 1-274,text,true,,3896,3588,2,7,https://api-scuda.uat.oci.krungsri.tech/ic/api/v1/customer/individual/getprofile,99,0,15
1779799978037,27,SearchIndividual,200,OK,SearchIndividual 2-460,text,true,,1237,2602,2,6,https://api-scuda.uat.oci.krungsri.tech/ords/api/v1/customer/individual/searchprofile,27,0,17
1779799978047,36,SearchIndividual,200,OK,SearchIndividual 2-461,text,true,,1199,2602,3,9,https://api-scuda.uat.oci.krungsri.tech/ords/api/v1/customer/individual/searchprofile,36,0,25
1779799978066,27,SearchIndividual,200,OK,SearchIndividual 2-462,text,true,,1181,2602,2,8,https://api-scuda.uat.oci.krungsri.tech/ords/api/v1/customer/individual/searchprofile,26,0,15
1779799977928,167,UpdateIndividual,200,OK,UpdateIndividual 4-180,text,true,,800,5530,3,7,https://api-scuda.uat.oci.krungsri.tech/ic/api/v1/customer/individual/updateprofile,167,0,11
1779799978083,33,SearchIndividual,200,OK,SearchIndividual 2-463,text,true,,1173,2602,1,9,https://api-scuda.uat.oci.krungsri.tech/ords/api/v1/customer/individual/searchprofile,33,0,20
1779799978054,98,GetIndividual,200,OK,GetIndividual 1-275,text,true,,3822,3588,3,10,https://api-scuda.uat.oci.krungsri.tech/ic/api/v1/customer/individual/getprofile,98,0,20
1779799978133,31,SearchIndividual,200,OK,SearchIndividual 2-464,text,true,,1207,2602,2,10,https://api-scuda.uat.oci.krungsri.tech/ords/api/v1/customer/individual/searchprofile,31,0,20
1779799978154,31,SearchIndividual,200,OK,SearchIndividual 2-465,text,true,,1244,2601,1,11,https://api-scuda.uat.oci.krungsri.tech/ords/api/v1/customer/individual/searchprofile,31,0,19
1779799978123,91,GetIndividual,200,OK,GetIndividual 1-277,text,true,,3863,3588,5,13,https://api-scuda.uat.oci.krungsri.tech/ic/api/v1/customer/individual/getprofile,91,0,17
1779799978113,105,GetIndividual,200,OK,GetIndividual 1-276,text,true,,3907,3588,4,12,https://api-scuda.uat.oci.krungsri.tech/ic/api/v1/customer/individual/getprofile,105,0,18
1779799978050,169,UpdateIndividual,200,OK,UpdateIndividual 4-181,text,true,,800,5589,4,11,https://api-scuda.uat.oci.krungsri.tech/ic/api/v1/customer/individual/updateprofile,169,0,14
1779799978193,33,SearchIndividual,200,OK,SearchIndividual 2-466,text,true,,1119,2600,2,11,https://api-scuda.uat.oci.krungsri.tech/ords/api/v1/customer/individual/searchprofile,33,0,15
1779799978070,163,UpdateIndividual,200,OK,UpdateIndividual 4-182,text,true,,800,5617,3,10,https://api-scuda.uat.oci.krungsri.tech/ic/api/v1/customer/individual/updateprofile,163,0,19
1779799978220,40,SearchIndividual,200,OK,SearchIndividual 2-467,text,true,,1205,2602,1,13,https://api-scuda.uat.oci.krungsri.tech/ords/api/v1/customer/individual/searchprofile,38,0,18
1779799978238,32,SearchJuristic,200,OK,SearchJuristic 6-20,text,true,,1019,2599,1,12,https://api-scuda.uat.oci.krungsri.tech/ords/api/v1/customer/juristic/searchprofile,32,0,21
1779799978170,102,GetIndividual,200,OK,GetIndividual 1-278,text,true,,3879,3588,4,11,https://api-scuda.uat.oci.krungsri.tech/ic/api/v1/customer/individual/getprofile,102,0,20
1779799978100,177,UpdateJoint,200,OK,UpdateJoint 12-20,text,true,,800,4522,1,10,https://api-scuda.uat.oci.krungsri.tech/ic/api/v1/customer/joint/updateprofile,177,0,20
1779799978101,176,UpdateIndividual,200,OK,UpdateIndividual 4-183,text,true,,800,5588,4,9,https://api-scuda.uat.oci.krungsri.tech/ic/api/v1/customer/individual/updateprofile,176,0,20
1779799978185,103,GetIndividual,200,OK,GetIndividual 1-279,text,true,,3867,3588,3,8,https://api-scuda.uat.oci.krungsri.tech/ic/api/v1/customer/individual/getprofile,103,0,21
1779799978198,109,GetIndividual,200,OK,GetIndividual 1-280,text,true,,3891,3588,2,8,https://api-scuda.uat.oci.krungsri.tech/ic/api/v1/customer/individual/getprofile,109,0,19
1779799978206,112,UpdateIndividual,200,OK,UpdateIndividual 4-184,text,true,,800,4227,3,9,https://api-scuda.uat.oci.krungsri.tech/ic/api/v1/customer/individual/updateprofile,112,0,18
1779799978292,36,SearchIndividual,200,OK,SearchIndividual 2-468,text,true,,1181,2602,1,8,https://api-scuda.uat.oci.krungsri.tech/ords/api/v1/customer/individual/searchprofile,36,0,25
1779799978330,30,SearchIndividual,200,OK,SearchIndividual 2-469,text,true,,1213,2602,2,11,https://api-scuda.uat.oci.krungsri.tech/ords/api/v1/customer/individual/searchprofile,30,0,19
1779799978249,112,UpdateIndividual,200,OK,UpdateIndividual 4-185,text,true,,800,4227,2,10,https://api-scuda.uat.oci.krungsri.tech/ic/api/v1/customer/individual/updateprofile,112,0,18
1779799978355,29,SearchIndividual,200,OK,SearchIndividual 2-470,text,true,,1167,2602,2,12,https://api-scuda.uat.oci.krungsri.tech/ords/api/v1/customer/individual/searchprofile,29,0,18
1779799978377,29,SearchIndividual,200,OK,SearchIndividual 2-471,text,true,,1137,2602,1,11,https://api-scuda.uat.oci.krungsri.tech/ords/api/v1/customer/individual/searchprofile,29,0,17
1779799978250,164,GetIndividual,200,OK,GetIndividual 1-281,text,true,,3912,3588,7,13,https://api-scuda.uat.oci.krungsri.tech/ic/api/v1/customer/individual/getprofile,164,0,16
1779799978317,99,GetIndividual,200,OK,GetIndividual 1-283,text,true,,3877,3588,6,13,https://api-scuda.uat.oci.krungsri.tech/ic/api/v1/customer/individual/getprofile,99,0,17
1779799978316,105,GetIndividual,200,OK,GetIndividual 1-282,text,true,,3797,3588,5,12,https://api-scuda.uat.oci.krungsri.tech/ic/api/v1/customer/individual/getprofile,105,0,18
1779799978254,173,UpdateIndividual,200,OK,UpdateIndividual 4-186,text,true,,800,5641,2,11,https://api-scuda.uat.oci.krungsri.tech/ic/api/v1/customer/individual/updateprofile,173,0,14
1779799978408,27,SearchIndividual,200,OK,SearchIndividual 2-472,text,true,,1237,2602,3,10,https://api-scuda.uat.oci.krungsri.tech/ords/api/v1/customer/individual/searchprofile,27,0,16
1779799978410,27,SearchIndividual,200,OK,SearchIndividual 2-473,text,true,,1109,2602,2,10,https://api-scuda.uat.oci.krungsri.tech/ords/api/v1/customer/individual/searchprofile,27,0,15
1779799978340,99,GetIndividual,200,OK,GetIndividual 1-284,text,true,,3893,3588,4,9,https://api-scuda.uat.oci.krungsri.tech/ic/api/v1/customer/individual/getprofile,99,0,18
1779799978345,99,GetIndividual,200,OK,GetIndividual 1-285,text,true,,3861,3588,3,8,https://api-scuda.uat.oci.krungsri.tech/ic/api/v1/customer/individual/getprofile,99,0,20
1779799978416,29,SearchIndividual,200,OK,SearchIndividual 2-474,text,true,,1213,2602,1,8,https://api-scuda.uat.oci.krungsri.tech/ords/api/v1/customer/individual/searchprofile,29,0,15
1779799977960,485,CreateJuristic,201,Created,CreateJuristic 7-19,text,true,,1172,8170,2,8,https://api-scuda.uat.oci.krungsri.tech/ic/api/v1/customer/juristic/createprofile,485,0,19
1779799978370,91,GetIndividual,200,OK,GetIndividual 1-287,text,true,,3925,3588,2,8,https://api-scuda.uat.oci.krungsri.tech/ic/api/v1/customer/individual/getprofile,91,0,18
1779799978370,93,GetIndividual,200,OK,GetIndividual 1-286,text,true,,3800,3587,1,7,https://api-scuda.uat.oci.krungsri.tech/ic/api/v1/customer/individual/getprofile,93,0,19
1779799978072,431,CreateJuristic,201,Created,CreateJuristic 7-20,text,true,,1172,7539,1,12,https://api-scuda.uat.oci.krungsri.tech/ic/api/v1/customer/juristic/createprofile,431,0,18
1779799978473,34,SearchIndividual,200,OK,SearchIndividual 2-475,text,true,,1213,2602,5,12,https://api-scuda.uat.oci.krungsri.tech/ords/api/v1/customer/individual/searchprofile,34,0,21
1779799978493,28,SearchIndividual,200,OK,SearchIndividual 2-477,text,true,,1217,2602,4,11,https://api-scuda.uat.oci.krungsri.tech/ords/api/v1/customer/individual/searchprofile,28,0,17
1779799978490,32,SearchIndividual,200,OK,SearchIndividual 2-476,text,true,,1173,2602,3,10,https://api-scuda.uat.oci.krungsri.tech/ords/api/v1/customer/individual/searchprofile,32,0,19
1779799978503,28,SearchIndividual,200,OK,SearchIndividual 2-478,text,true,,1189,2602,2,10,https://api-scuda.uat.oci.krungsri.tech/ords/api/v1/customer/individual/searchprofile,28,0,18
1779799978507,28,SearchIndividual,200,OK,SearchIndividual 2-479,text,true,,1201,2602,1,9,https://api-scuda.uat.oci.krungsri.tech/ords/api/v1/customer/individual/searchprofile,28,0,17
1779799978411,127,UpdateIndividual,200,OK,UpdateIndividual 4-187,text,true,,800,4227,6,8,https://api-scuda.uat.oci.krungsri.tech/ic/api/v1/customer/individual/updateprofile,127,0,17
1779799978545,28,SearchIndividual,200,OK,SearchIndividual 2-480,text,true,,1181,2602,2,10,https://api-scuda.uat.oci.krungsri.tech/ords/api/v1/customer/individual/searchprofile,28,0,16
1779799978549,24,SearchIndividual,200,OK,SearchIndividual 2-481,text,true,,1186,2601,2,10,https://api-scuda.uat.oci.krungsri.tech/ords/api/v1/customer/individual/searchprofile,24,0,12
1779799978463,142,UpdateIndividual,200,OK,UpdateIndividual 4-190,text,true,,800,4227,6,12,https://api-scuda.uat.oci.krungsri.tech/ic/api/v1/customer/individual/updateprofile,142,0,20
1779799978440,176,UpdateIndividual,200,OK,UpdateIndividual 4-188,text,true,,800,5664,5,14,https://api-scuda.uat.oci.krungsri.tech/ic/api/v1/customer/individual/updateprofile,176,0,17
1779799978447,169,UpdateIndividual,200,OK,UpdateIndividual 4-189,text,true,,800,5510,5,14,https://api-scuda.uat.oci.krungsri.tech/ic/api/v1/customer/individual/updateprofile,169,0,9
1779799978592,28,SearchIndividual,200,OK,SearchIndividual 2-482,text,true,,1175,2602,3,12,https://api-scuda.uat.oci.krungsri.tech/ords/api/v1/customer/individual/searchprofile,28,0,17
1779799978504,121,UpdateIndividual,200,OK,UpdateIndividual 4-192,text,true,,800,4227,3,11,https://api-scuda.uat.oci.krungsri.tech/ic/api/v1/customer/individual/updateprofile,121,0,16
1779799978608,29,SearchIndividual,200,OK,SearchIndividual 2-484,text,true,,1169,2602,2,10,https://api-scuda.uat.oci.krungsri.tech/ords/api/v1/customer/individual/searchprofile,29,0,17
1779799978525,119,GetIndividual,200,OK,GetIndividual 1-288,text,true,,3851,3585,4,9,https://api-scuda.uat.oci.krungsri.tech/ic/api/v1/customer/individual/getprofile,119,0,18
1779799978604,41,SearchIndividual,200,OK,SearchIndividual 2-483,text,true,,1175,2602,1,8,https://api-scuda.uat.oci.krungsri.tech/ords/api/v1/customer/individual/searchprofile,41,0,17
1779799978561,95,GetJuristic,200,OK,GetJuristic 5-20,text,true,,3536,3533,1,8,https://api-scuda.uat.oci.krungsri.tech/ic/api/v1/customer/juristic/getprofile,95,0,17
1779799978650,24,SearchIndividual,200,OK,SearchIndividual 2-485,text,true,,1165,2602,3,10,https://api-scuda.uat.oci.krungsri.tech/ords/api/v1/customer/individual/searchprofile,24,0,13
1779799978478,201,UpdateIndividual,200,OK,UpdateIndividual 4-191,text,true,,800,4227,2,9,https://api-scuda.uat.oci.krungsri.tech/ic/api/v1/customer/individual/updateprofile,201,0,20
1779799978575,104,GetIndividual,200,OK,GetIndividual 1-289,text,true,,3844,3588,4,9,https://api-scuda.uat.oci.krungsri.tech/ic/api/v1/customer/individual/getprofile,104,0,14
1779799978663,20,SearchIndividual,200,OK,SearchIndividual 2-487,text,true,,1151,2602,2,7,https://api-scuda.uat.oci.krungsri.tech/ords/api/v1/customer/individual/searchprofile,20,0,9
1779799978660,28,SearchIndividual,200,OK,SearchIndividual 2-486,text,true,,1171,2602,1,6,https://api-scuda.uat.oci.krungsri.tech/ords/api/v1/customer/individual/searchprofile,28,0,17
1779799978612,96,GetIndividual,200,OK,GetIndividual 1-291,text,true,,3788,3588,3,7,https://api-scuda.uat.oci.krungsri.tech/ic/api/v1/customer/individual/getprofile,96,0,16
1779799978594,119,UpdateIndividual,200,OK,UpdateIndividual 4-193,text,true,,800,4226,2,6,https://api-scuda.uat.oci.krungsri.tech/ic/api/v1/customer/individual/updateprofile,119,0,14
1779799978612,107,GetIndividual,200,OK,GetIndividual 1-290,text,true,,3806,3588,2,5,https://api-scuda.uat.oci.krungsri.tech/ic/api/v1/customer/individual/getprofile,107,0,17
1779799978701,28,SearchIndividual,200,OK,SearchIndividual 2-488,text,true,,1161,2602,2,5,https://api-scuda.uat.oci.krungsri.tech/ords/api/v1/customer/individual/searchprofile,28,0,17
1779799978455,275,CreateJoint,200,OK,CreateJoint 11-20,text,true,,1772,5629,1,4,https://api-scuda.uat.oci.krungsri.tech/ic/api/v1/customer/joint/createprofile,275,0,20
1779799978724,21,SearchIndividual,200,OK,SearchIndividual 2-489,text,true,,1169,2602,1,5,https://api-scuda.uat.oci.krungsri.tech/ords/api/v1/customer/individual/searchprofile,21,0,10
1779799978664,91,GetIndividual,200,OK,GetIndividual 1-292,text,true,,3851,3588,3,5,https://api-scuda.uat.oci.krungsri.tech/ic/api/v1/customer/individual/getprofile,91,0,10
1779799978780,32,SearchIndividual,200,OK,SearchIndividual 2-490,text,true,,1183,2602,5,13,https://api-scuda.uat.oci.krungsri.tech/ords/api/v1/customer/individual/searchprofile,32,0,20
1779799978786,28,SearchIndividual,200,OK,SearchIndividual 2-491,text,true,,1167,2602,4,12,https://api-scuda.uat.oci.krungsri.tech/ords/api/v1/customer/individual/searchprofile,28,0,18
1779799978789,28,SearchIndividual,200,OK,SearchIndividual 2-492,text,true,,1169,2602,3,11,https://api-scuda.uat.oci.krungsri.tech/ords/api/v1/customer/individual/searchprofile,28,0,17
1779799978700,122,UpdateIndividual,200,OK,UpdateIndividual 4-194,text,true,,800,4227,3,10,https://api-scuda.uat.oci.krungsri.tech/ic/api/v1/customer/individual/updateprofile,122,0,16
1779799978796,35,SearchIndividual,200,OK,SearchIndividual 2-493,text,true,,1135,2602,2,10,https://api-scuda.uat.oci.krungsri.tech/ords/api/v1/customer/individual/searchprofile,35,0,19
1779799978800,31,SearchIndividual,200,OK,SearchIndividual 2-494,text,true,,1135,2602,2,10,https://api-scuda.uat.oci.krungsri.tech/ords/api/v1/customer/individual/searchprofile,31,0,18
1779799978738,101,GetIndividual,200,OK,GetIndividual 1-294,text,true,,3843,3588,6,11,https://api-scuda.uat.oci.krungsri.tech/ic/api/v1/customer/individual/getprofile,101,0,16
1779799978738,114,GetIndividual,200,OK,GetIndividual 1-293,text,true,,3912,3588,6,12,https://api-scuda.uat.oci.krungsri.tech/ic/api/v1/customer/individual/getprofile,114,0,29
1779799978771,105,GetJoint,200,OK,GetJoint 9-20,text,true,,1430,3529,1,15,https://api-scuda.uat.oci.krungsri.tech/ic/api/v1/customer/joint/getprofile,105,0,24
1779799978778,101,GetIndividual,200,OK,GetIndividual 1-295,text,true,,3819,3588,5,14,https://api-scuda.uat.oci.krungsri.tech/ic/api/v1/customer/individual/getprofile,101,0,18
1779799978753,134,UpdateIndividual,200,OK,UpdateIndividual 4-195,text,true,,800,4227,4,13,https://api-scuda.uat.oci.krungsri.tech/ic/api/v1/customer/individual/updateprofile,134,0,23
1779799978866,23,SearchIndividual,200,OK,SearchIndividual 2-497,text,true,,1224,2601,3,12,https://api-scuda.uat.oci.krungsri.tech/ords/api/v1/customer/individual/searchprofile,22,0,10
1779799978862,27,SearchIndividual,200,OK,SearchIndividual 2-496,text,true,,1173,2602,3,12,https://api-scuda.uat.oci.krungsri.tech/ords/api/v1/customer/individual/searchprofile,27,0,15
1779799978862,27,SearchIndividual,200,OK,SearchIndividual 2-495,text,true,,1141,2602,1,10,https://api-scuda.uat.oci.krungsri.tech/ords/api/v1/customer/individual/searchprofile,27,0,16
1779799978781,153,UpdateIndividual,200,OK,UpdateIndividual 4-196,text,true,,800,5586,3,13,https://api-scuda.uat.oci.krungsri.tech/ic/api/v1/customer/individual/updateprofile,153,0,11
1779799978826,108,GetIndividual,200,OK,GetIndividual 1-296,text,true,,3865,3588,5,13,https://api-scuda.uat.oci.krungsri.tech/ic/api/v1/customer/individual/getprofile,108,0,18
1779799978843,92,GetIndividual,200,OK,GetIndividual 1-299,text,true,,3851,3588,4,11,https://api-scuda.uat.oci.krungsri.tech/ic/api/v1/customer/individual/getprofile,92,0,17
1779799978835,105,GetIndividual,200,OK,GetIndividual 1-297,text,true,,3865,3588,3,10,https://api-scuda.uat.oci.krungsri.tech/ic/api/v1/customer/individual/getprofile,105,0,12
1779799978912,31,SearchIndividual,200,OK,SearchIndividual 2-498,text,true,,1159,2602,3,9,https://api-scuda.uat.oci.krungsri.tech/ords/api/v1/customer/individual/searchprofile,31,0,19
1779799978921,23,SearchIndividual,200,OK,SearchIndividual 2-499,text,true,,1151,2602,2,8,https://api-scuda.uat.oci.krungsri.tech/ords/api/v1/customer/individual/searchprofile,23,0,11
1779799978842,120,UpdateIndividual,200,OK,UpdateIndividual 4-197,text,true,,800,4230,3,10,https://api-scuda.uat.oci.krungsri.tech/ic/api/v1/customer/individual/updateprofile,120,0,15
1779799978931,32,SearchIndividual,200,OK,SearchIndividual 2-500,text,true,,1143,2602,2,9,https://api-scuda.uat.oci.krungsri.tech/ords/api/v1/customer/individual/searchprofile,32,0,20
1779799978772,208,UpdateJuristic,200,OK,UpdateJuristic 8-20,text,true,,800,5753,1,10,https://api-scuda.uat.oci.krungsri.tech/ic/api/v1/customer/juristic/updateprofile,208,0,14
1779799978950,33,SearchIndividual,200,OK,SearchIndividual 2-501,text,true,,1187,2602,2,11,https://api-scuda.uat.oci.krungsri.tech/ords/api/v1/customer/individual/searchprofile,33,0,21
1779799978965,31,SearchIndividual,200,OK,SearchIndividual 2-502,text,true,,1165,2602,1,10,https://api-scuda.uat.oci.krungsri.tech/ords/api/v1/customer/individual/searchprofile,31,0,19
1779799978869,151,UpdateIndividual,200,OK,UpdateIndividual 4-198,text,true,,799,5677,2,12,https://api-scuda.uat.oci.krungsri.tech/ic/api/v1/customer/individual/updateprofile,151,0,19
1779799978997,29,SearchIndividual,200,OK,SearchIndividual 2-503,text,true,,1191,2602,1,11,https://api-scuda.uat.oci.krungsri.tech/ords/api/v1/customer/individual/searchprofile,29,0,17
1779799978927,99,GetIndividual,200,OK,GetIndividual 1-300,text,true,,3863,3587,7,11,https://api-scuda.uat.oci.krungsri.tech/ic/api/v1/customer/individual/getprofile,99,0,16
1779799978948,102,GetIndividual,200,OK,GetIndividual 1-301,text,true,,3844,3587,6,9,https://api-scuda.uat.oci.krungsri.tech/ic/api/v1/customer/individual/getprofile,102,0,23
1779799978840,220,GetIndividual,200,OK,GetIndividual 1-298,text,true,,3839,3588,5,11,https://api-scuda.uat.oci.krungsri.tech/ic/api/v1/customer/individual/getprofile,220,0,18
1779799979052,31,SearchIndividual,200,OK,SearchIndividual 2-504,text,true,,1259,2602,5,14,https://api-scuda.uat.oci.krungsri.tech/ords/api/v1/customer/individual/searchprofile,31,0,19
1779799979056,30,SearchIndividual,200,OK,SearchIndividual 2-505,text,true,,1203,2602,4,13,https://api-scuda.uat.oci.krungsri.tech/ords/api/v1/customer/individual/searchprofile,30,0,19
1779799979058,31,SearchIndividual,200,OK,SearchIndividual 2-506,text,true,,1209,2602,3,12,https://api-scuda.uat.oci.krungsri.tech/ords/api/v1/customer/individual/searchprofile,31,0,17
1779799979006,97,GetIndividual,200,OK,GetIndividual 1-304,text,true,,3861,3588,5,11,https://api-scuda.uat.oci.krungsri.tech/ic/api/v1/customer/individual/getprofile,97,0,15
1779799979079,26,SearchIndividual,200,OK,SearchIndividual 2-507,text,true,,621,2602,2,10,https://api-scuda.uat.oci.krungsri.tech/ords/api/v1/customer/individual/searchprofile,26,0,17
1779799979080,30,SearchIndividual,200,OK,SearchIndividual 2-508,text,true,,1167,2602,1,9,https://api-scuda.uat.oci.krungsri.tech/ords/api/v1/customer/individual/searchprofile,30,0,19
1779799979008,113,GetIndividual,200,OK,GetIndividual 1-305,text,true,,3899,3588,4,9,https://api-scuda.uat.oci.krungsri.tech/ic/api/v1/customer/individual/getprofile,113,0,10
1779799978965,161,UpdateIndividual,200,OK,UpdateIndividual 4-199,text,true,,800,5579,1,9,https://api-scuda.uat.oci.krungsri.tech/ic/api/v1/customer/individual/updateprofile,161,0,12
1779799978965,173,GetIndividual,200,OK,GetIndividual 1-302,text,true,,3875,3588,4,9,https://api-scuda.uat.oci.krungsri.tech/ic/api/v1/customer/individual/getprofile,173,0,16
1779799979120,27,SearchIndividual,200,OK,SearchIndividual 2-509,text,true,,1129,2602,1,8,https://api-scuda.uat.oci.krungsri.tech/ords/api/v1/customer/individual/searchprofile,27,0,15
1779799979084,94,GetIndividual,200,OK,GetIndividual 1-306,text,true,,3865,3588,4,9,https://api-scuda.uat.oci.krungsri.tech/ic/api/v1/customer/individual/getprofile,94,0,19
1779799979158,28,SearchIndividual,200,OK,SearchIndividual 2-510,text,true,,1159,2602,1,9,https://api-scuda.uat.oci.krungsri.tech/ords/api/v1/customer/individual/searchprofile,28,0,16
1779799978846,386,CreateIndividual,201,Created,CreateIndividual 3-20,text,true,,1171,8537,1,11,https://api-scuda.uat.oci.krungsri.tech/ic/api/v1/customer/individual/createprofile,386,0,16
1779799979201,32,SearchIndividual,200,OK,SearchIndividual 2-511,text,true,,1161,2602,2,10,https://api-scuda.uat.oci.krungsri.tech/ords/api/v1/customer/individual/searchprofile,32,0,20
1779799979124,112,GetIndividual,200,OK,GetIndividual 1-307,text,true,,3799,3588,5,10,https://api-scuda.uat.oci.krungsri.tech/ic/api/v1/customer/individual/getprofile,112,0,22
1779799979226,26,SearchIndividual,200,OK,SearchIndividual 2-512,text,true,,1179,2602,1,9,https://api-scuda.uat.oci.krungsri.tech/ords/api/v1/customer/individual/searchprofile,26,0,14
1779799979132,121,GetJuristic,200,OK,GetJuristic 5-21,text,true,,3492,3533,1,8,https://api-scuda.uat.oci.krungsri.tech/ic/api/v1/customer/juristic/getprofile,121,0,21
1779799978985,283,CreateJoint,200,OK,CreateJoint 11-21,text,true,,1772,5946,1,7,https://api-scuda.uat.oci.krungsri.tech/ic/api/v1/customer/joint/createprofile,283,0,17
1779799978983,305,GetIndividual,200,OK,GetIndividual 1-303,text,true,,3831,3588,7,9,https://api-scuda.uat.oci.krungsri.tech/ic/api/v1/customer/individual/getprofile,305,0,21
1779799979177,111,GetIndividual,200,OK,GetIndividual 1-308,text,true,,3825,3588,6,8,https://api-scuda.uat.oci.krungsri.tech/ic/api/v1/customer/individual/getprofile,111,0,19
1779799979235,87,GetIndividual,200,OK,GetIndividual 1-310,text,true,,3827,3588,6,8,https://api-scuda.uat.oci.krungsri.tech/ic/api/v1/customer/individual/getprofile,87,0,19
1779799979224,98,GetIndividual,200,OK,GetIndividual 1-309,text,true,,3911,3588,6,8,https://api-scuda.uat.oci.krungsri.tech/ic/api/v1/customer/individual/getprofile,98,0,15
1779799979181,154,UpdateJoint,200,OK,UpdateJoint 12-21,text,true,,800,4604,1,7,https://api-scuda.uat.oci.krungsri.tech/ic/api/v1/customer/joint/updateprofile,154,0,15
1779799979329,32,SearchIndividual,200,OK,SearchIndividual 2-513,text,true,,1119,2602,3,10,https://api-scuda.uat.oci.krungsri.tech/ords/api/v1/customer/individual/searchprofile,31,0,19
1779799979281,100,GetIndividual,200,OK,GetIndividual 1-312,text,true,,3846,3587,5,10,https://api-scuda.uat.oci.krungsri.tech/ic/api/v1/customer/individual/getprofile,100,0,19
1779799979269,112,GetIndividual,200,OK,GetIndividual 1-311,text,true,,3804,3587,5,10,https://api-scuda.uat.oci.krungsri.tech/ic/api/v1/customer/individual/getprofile,112,0,20
1779799979353,30,SearchIndividual,200,OK,SearchIndividual 2-515,text,true,,1186,2601,2,8,https://api-scuda.uat.oci.krungsri.tech/ords/api/v1/customer/individual/searchprofile,30,0,19
1779799979353,30,SearchIndividual,200,OK,SearchIndividual 2-514,text,true,,1236,2601,2,8,https://api-scuda.uat.oci.krungsri.tech/ords/api/v1/customer/individual/searchprofile,30,0,17
1779799979282,110,GetIndividual,200,OK,GetIndividual 1-313,text,true,,3881,3588,3,6,https://api-scuda.uat.oci.krungsri.tech/ic/api/v1/customer/individual/getprofile,110,0,17
1779799979308,122,GetIndividual,200,OK,GetIndividual 1-314,text,true,,3802,3588,5,8,https://api-scuda.uat.oci.krungsri.tech/ic/api/v1/customer/individual/getprofile,122,0,19
1779799979375,101,GetIndividual,200,OK,GetIndividual 1-315,text,true,,3845,3588,4,14,https://api-scuda.uat.oci.krungsri.tech/ic/api/v1/customer/individual/getprofile,101,0,19
1779799979450,34,SearchIndividual,200,OK,SearchIndividual 2-516,text,true,,1145,2602,4,14,https://api-scuda.uat.oci.krungsri.tech/ords/api/v1/customer/individual/searchprofile,34,0,17
1779799979454,35,SearchIndividual,200,OK,SearchIndividual 2-517,text,true,,1207,2602,3,13,https://api-scuda.uat.oci.krungsri.tech/ords/api/v1/customer/individual/searchprofile,35,0,22
1779799979471,28,SearchIndividual,200,OK,SearchIndividual 2-518,text,true,,1201,2602,2,14,https://api-scuda.uat.oci.krungsri.tech/ords/api/v1/customer/individual/searchprofile,28,0,17
1779799979405,96,GetIndividual,200,OK,GetIndividual 1-316,text,true,,3881,3588,5,14,https://api-scuda.uat.oci.krungsri.tech/ic/api/v1/customer/individual/getprofile,96,0,20
1779799979341,172,UpdateIndividual,200,OK,UpdateIndividual 4-200,text,true,,800,5602,7,14,https://api-scuda.uat.oci.krungsri.tech/ic/api/v1/customer/individual/updateprofile,172,0,20
1779799979409,108,GetIndividual,200,OK,GetIndividual 1-317,text,true,,3837,3588,4,13,https://api-scuda.uat.oci.krungsri.tech/ic/api/v1/customer/individual/getprofile,108,0,17
1779799979476,42,SearchIndividual,200,OK,SearchIndividual 2-519,text,true,,1217,2602,2,14,https://api-scuda.uat.oci.krungsri.tech/ords/api/v1/customer/individual/searchprofile,42,0,24
1779799979349,170,UpdateIndividual,200,OK,UpdateIndividual 4-201,text,true,,800,5580,7,13,https://api-scuda.uat.oci.krungsri.tech/ic/api/v1/customer/individual/updateprofile,170,0,16
1779799979426,100,GetIndividual,200,OK,GetIndividual 1-318,text,true,,3870,3588,4,13,https://api-scuda.uat.oci.krungsri.tech/ic/api/v1/customer/individual/getprofile,100,0,18
1779799979084,461,CreateJuristic,201,Created,CreateJuristic 7-21,text,true,,1172,7797,1,15,https://api-scuda.uat.oci.krungsri.tech/ic/api/v1/customer/juristic/createprofile,461,0,16
1779799979518,30,SearchIndividual,200,OK,SearchIndividual 2-520,text,true,,1159,2602,3,14,https://api-scuda.uat.oci.krungsri.tech/ords/api/v1/customer/individual/searchprofile,30,0,16
1779799979540,23,SearchIndividual,200,OK,SearchIndividual 2-521,text,true,,1179,2602,2,13,https://api-scuda.uat.oci.krungsri.tech/ords/api/v1/customer/individual/searchprofile,22,0,10
1779799979544,29,SearchIndividual,200,OK,SearchIndividual 2-522,text,true,,1163,2602,1,13,https://api-scuda.uat.oci.krungsri.tech/ords/api/v1/customer/individual/searchprofile,29,0,17
1779799979472,118,UpdateIndividual,200,OK,UpdateIndividual 4-203,text,true,,800,4227,7,14,https://api-scuda.uat.oci.krungsri.tech/ic/api/v1/customer/individual/updateprofile,118,0,20
1779799979483,114,GetIndividual,200,OK,GetIndividual 1-319,text,true,,3861,3588,4,13,https://api-scuda.uat.oci.krungsri.tech/ic/api/v1/customer/individual/getprofile,114,0,16
1779799979574,30,SearchIndividual,200,OK,SearchIndividual 2-523,text,true,,1199,2602,2,15,https://api-scuda.uat.oci.krungsri.tech/ords/api/v1/customer/individual/searchprofile,30,0,17
1779799979458,152,UpdateIndividual,200,OK,UpdateIndividual 4-202,text,true,,800,5575,7,14,https://api-scuda.uat.oci.krungsri.tech/ic/api/v1/customer/individual/updateprofile,152,0,17
1779799979521,94,GetIndividual,200,OK,GetIndividual 1-321,text,true,,3793,3588,5,15,https://api-scuda.uat.oci.krungsri.tech/ic/api/v1/customer/individual/getprofile,94,0,12
1779799979495,131,GetIndividual,200,OK,GetIndividual 1-320,text,true,,3867,3588,4,14,https://api-scuda.uat.oci.krungsri.tech/ic/api/v1/customer/individual/getprofile,131,0,15
1779799979528,98,GetJuristic,200,OK,GetJuristic 5-22,text,true,,3485,3532,1,13,https://api-scuda.uat.oci.krungsri.tech/ic/api/v1/customer/juristic/getprofile,98,0,18
1779799979502,126,UpdateIndividual,200,OK,UpdateIndividual 4-205,text,true,,800,4227,7,13,https://api-scuda.uat.oci.krungsri.tech/ic/api/v1/customer/individual/updateprofile,126,0,20
1779799979499,131,UpdateIndividual,200,OK,UpdateIndividual 4-204,text,true,,800,4231,6,12,https://api-scuda.uat.oci.krungsri.tech/ic/api/v1/customer/individual/updateprofile,131,0,20
1779799979599,34,SearchIndividual,200,OK,SearchIndividual 2-524,text,true,,1211,2602,1,12,https://api-scuda.uat.oci.krungsri.tech/ords/api/v1/customer/individual/searchprofile,34,0,20
1779799979520,114,UpdateIndividual,200,OK,UpdateIndividual 4-207,text,true,,800,4227,5,11,https://api-scuda.uat.oci.krungsri.tech/ic/api/v1/customer/individual/updateprofile,114,0,20
1779799979566,90,GetIndividual,200,OK,GetIndividual 1-322,text,true,,3901,3588,5,11,https://api-scuda.uat.oci.krungsri.tech/ic/api/v1/customer/individual/getprofile,90,0,18
1779799979671,27,SearchJoint,200,OK,SearchJoint 10-21,text,true,,620,2626,1,13,https://api-scuda.uat.oci.krungsri.tech/ords/api/v1/customer/joint/searchprofile,27,0,18
1779799979599,103,GetIndividual,200,OK,GetIndividual 1-323,text,true,,3851,3588,5,13,https://api-scuda.uat.oci.krungsri.tech/ic/api/v1/customer/individual/getprofile,103,0,20
1779799979514,199,UpdateIndividual,200,OK,UpdateIndividual 4-206,text,true,,800,4229,4,12,https://api-scuda.uat.oci.krungsri.tech/ic/api/v1/customer/individual/updateprofile,199,0,24
1779799979581,135,UpdateIndividual,200,OK,UpdateIndividual 4-208,text,true,,800,4228,3,11,https://api-scuda.uat.oci.krungsri.tech/ic/api/v1/customer/individual/updateprofile,135,0,16
1779799979615,106,GetIndividual,200,OK,GetIndividual 1-324,text,true,,3869,3588,4,10,https://api-scuda.uat.oci.krungsri.tech/ic/api/v1/customer/individual/getprofile,106,0,20
1779799979627,95,GetIndividual,200,OK,GetIndividual 1-325,text,true,,3857,3588,4,10,https://api-scuda.uat.oci.krungsri.tech/ic/api/v1/customer/individual/getprofile,95,0,17
1779799979691,35,SearchIndividual,200,OK,SearchIndividual 2-525,text,true,,1255,2602,2,8,https://api-scuda.uat.oci.krungsri.tech/ords/api/v1/customer/individual/searchprofile,35,0,22
1779799979702,35,SearchIndividual,200,OK,SearchIndividual 2-526,text,true,,1155,2602,1,8,https://api-scuda.uat.oci.krungsri.tech/ords/api/v1/customer/individual/searchprofile,35,0,23
1779799979632,109,GetIndividual,200,OK,GetIndividual 1-326,text,true,,3928,3588,3,7,https://api-scuda.uat.oci.krungsri.tech/ic/api/v1/customer/individual/getprofile,109,0,17
1779799979615,130,UpdateIndividual,200,OK,UpdateIndividual 4-210,text,true,,800,4229,2,6,https://api-scuda.uat.oci.krungsri.tech/ic/api/v1/customer/individual/updateprofile,130,0,20
1779799979603,144,UpdateIndividual,200,OK,UpdateIndividual 4-209,text,true,,800,4227,1,5,https://api-scuda.uat.oci.krungsri.tech/ic/api/v1/customer/individual/updateprofile,144,0,20
1779799979772,33,SearchIndividual,200,OK,SearchIndividual 2-527,text,true,,1105,2602,1,9,https://api-scuda.uat.oci.krungsri.tech/ords/api/v1/customer/individual/searchprofile,33,0,19
1779799979640,184,UpdateJuristic,200,OK,UpdateJuristic 8-21,text,true,,800,4426,1,10,https://api-scuda.uat.oci.krungsri.tech/ic/api/v1/customer/juristic/updateprofile,184,0,19
1779799979735,101,GetIndividual,200,OK,GetIndividual 1-328,text,true,,3772,3588,5,9,https://api-scuda.uat.oci.krungsri.tech/ic/api/v1/customer/individual/getprofile,101,0,21
1779799979812,30,SearchIndividual,200,OK,SearchIndividual 2-528,text,true,,1193,2602,1,8,https://api-scuda.uat.oci.krungsri.tech/ords/api/v1/customer/individual/searchprofile,30,0,18
1779799979762,95,GetIndividual,200,OK,GetIndividual 1-330,text,true,,3857,3588,4,9,https://api-scuda.uat.oci.krungsri.tech/ic/api/v1/customer/individual/getprofile,95,0,11
1779799979757,112,GetIndividual,200,OK,GetIndividual 1-329,text,true,,3910,3587,3,9,https://api-scuda.uat.oci.krungsri.tech/ic/api/v1/customer/individual/getprofile,112,0,19
1779799979850,33,SearchIndividual,200,OK,SearchIndividual 2-529,text,true,,1265,2602,3,9,https://api-scuda.uat.oci.krungsri.tech/ords/api/v1/customer/individual/searchprofile,33,0,22
1779799979855,32,SearchIndividual,200,OK,SearchIndividual 2-530,text,true,,1189,2602,2,9,https://api-scuda.uat.oci.krungsri.tech/ords/api/v1/customer/individual/searchprofile,31,0,19
1779799979863,30,SearchIndividual,200,OK,SearchIndividual 2-531,text,true,,1181,2602,1,8,https://api-scuda.uat.oci.krungsri.tech/ords/api/v1/customer/individual/searchprofile,30,0,18
1779799979785,117,GetIndividual,200,OK,GetIndividual 1-331,text,true,,3869,3588,4,8,https://api-scuda.uat.oci.krungsri.tech/ic/api/v1/customer/individual/getprofile,117,0,22
1779799979909,35,SearchIndividual,200,OK,SearchIndividual 2-532,text,true,,1125,2602,1,11,https://api-scuda.uat.oci.krungsri.tech/ords/api/v1/customer/individual/searchprofile,35,0,23
1779799979903,89,GetIndividual,200,OK,GetIndividual 1-334,text,true,,3887,3588,7,18,https://api-scuda.uat.oci.krungsri.tech/ic/api/v1/customer/individual/getprofile,89,0,18
1779799979954,40,SearchIndividual,200,OK,SearchIndividual 2-534,text,true,,1127,2602,3,18,https://api-scuda.uat.oci.krungsri.tech/ords/api/v1/customer/individual/searchprofile,40,0,19
1779799979441,553,CreateJoint,200,OK,CreateJoint 11-22,text,true,,1772,6106,2,18,https://api-scuda.uat.oci.krungsri.tech/ic/api/v1/customer/joint/createprofile,553,0,22
1779799979950,44,SearchIndividual,200,OK,SearchIndividual 2-533,text,true,,1187,2602,3,18,https://api-scuda.uat.oci.krungsri.tech/ords/api/v1/customer/individual/searchprofile,44,0,21
1779799979900,94,GetIndividual,200,OK,GetIndividual 1-333,text,true,,3792,3588,6,15,https://api-scuda.uat.oci.krungsri.tech/ic/api/v1/customer/individual/getprofile,94,0,16
1779799979884,118,GetIndividual,200,OK,GetIndividual 1-332,text,true,,3879,3588,5,15,https://api-scuda.uat.oci.krungsri.tech/ic/api/v1/customer/individual/getprofile,118,0,22
1779799979822,188,UpdateIndividual,200,OK,UpdateIndividual 4-211,text,true,,800,4230,6,14,https://api-scuda.uat.oci.krungsri.tech/ic/api/v1/customer/individual/updateprofile,188,0,17
1779799979681,349,GetIndividual,200,OK,GetIndividual 1-327,text,true,,3819,3588,7,17,https://api-scuda.uat.oci.krungsri.tech/ic/api/v1/customer/individual/getprofile,349,0,17
1779799979953,95,GetIndividual,200,OK,GetIndividual 1-336,text,true,,3856,3588,6,19,https://api-scuda.uat.oci.krungsri.tech/ic/api/v1/customer/individual/getprofile,95,0,18
1779799979886,176,UpdateIndividual,200,OK,UpdateIndividual 4-212,text,true,,800,5589,7,20,https://api-scuda.uat.oci.krungsri.tech/ic/api/v1/customer/individual/updateprofile,176,0,21
1779799980037,32,SearchIndividual,200,OK,SearchIndividual 2-536,text,true,,1202,2601,5,21,https://api-scuda.uat.oci.krungsri.tech/ords/api/v1/customer/individual/searchprofile,32,0,21
1779799979950,122,GetIndividual,200,OK,GetIndividual 1-335,text,true,,3857,3588,6,20,https://api-scuda.uat.oci.krungsri.tech/ic/api/v1/customer/individual/getprofile,122,0,22
1779799979968,105,GetIndividual,200,OK,GetIndividual 1-337,text,true,,3901,3588,5,19,https://api-scuda.uat.oci.krungsri.tech/ic/api/v1/customer/individual/getprofile,105,0,16
1779799980051,22,SearchIndividual,200,OK,SearchIndividual 2-537,text,true,,1239,2602,4,18,https://api-scuda.uat.oci.krungsri.tech/ords/api/v1/customer/individual/searchprofile,22,0,10
1779799979994,84,SearchIndividual,200,OK,SearchIndividual 2-535,text,true,,1167,2602,3,17,https://api-scuda.uat.oci.krungsri.tech/ords/api/v1/customer/individual/searchprofile,84,0,64
1779799979933,146,UpdateIndividual,200,OK,UpdateIndividual 4-214,text,true,,800,4227,6,16,https://api-scuda.uat.oci.krungsri.tech/ic/api/v1/customer/individual/updateprofile,146,0,22
1779799979999,82,SearchJuristic,200,OK,SearchJuristic 6-21,text,true,,987,2600,1,16,https://api-scuda.uat.oci.krungsri.tech/ords/api/v1/customer/juristic/searchprofile,81,0,60
1779799979915,171,UpdateIndividual,200,OK,UpdateIndividual 4-213,text,true,,800,5613,5,16,https://api-scuda.uat.oci.krungsri.tech/ic/api/v1/customer/individual/updateprofile,171,0,16
1779799980067,24,SearchIndividual,200,OK,SearchIndividual 2-539,text,true,,1215,2602,4,15,https://api-scuda.uat.oci.krungsri.tech/ords/api/v1/customer/individual/searchprofile,24,0,14
1779799980055,38,SearchIndividual,200,OK,SearchIndividual 2-538,text,true,,1161,2602,3,14,https://api-scuda.uat.oci.krungsri.tech/ords/api/v1/customer/individual/searchprofile,38,0,27
1779799979988,115,UpdateIndividual,200,OK,UpdateIndividual 4-215,text,true,,800,4227,4,13,https://api-scuda.uat.oci.krungsri.tech/ic/api/v1/customer/individual/updateprofile,115,0,13
1779799980037,69,SearchJoint,200,OK,SearchJoint 10-22,text,true,,620,2626,1,13,https://api-scuda.uat.oci.krungsri.tech/ords/api/v1/customer/joint/searchprofile,69,0,55
1779799980080,29,SearchIndividual,200,OK,SearchIndividual 2-540,text,true,,1185,2602,2,12,https://api-scuda.uat.oci.krungsri.tech/ords/api/v1/customer/individual/searchprofile,29,0,18
1779799980085,41,SearchIndividual,200,OK,SearchIndividual 2-541,text,true,,1207,2602,1,13,https://api-scuda.uat.oci.krungsri.tech/ords/api/v1/customer/individual/searchprofile,40,0,21
1779799980023,106,GetIndividual,200,OK,GetIndividual 1-338,text,true,,3837,3588,6,12,https://api-scuda.uat.oci.krungsri.tech/ic/api/v1/customer/individual/getprofile,106,0,27
1779799979988,162,UpdateIndividual,200,OK,UpdateIndividual 4-216,text,true,,800,5601,3,14,https://api-scuda.uat.oci.krungsri.tech/ic/api/v1/customer/individual/updateprofile,162,0,19
1779799980131,20,SearchIndividual,200,OK,SearchIndividual 2-542,text,true,,1181,2602,1,13,https://api-scuda.uat.oci.krungsri.tech/ords/api/v1/customer/individual/searchprofile,20,0,9
1779799980064,115,GetIndividual,200,OK,GetIndividual 1-341,text,true,,3885,3588,9,17,https://api-scuda.uat.oci.krungsri.tech/ic/api/v1/customer/individual/getprofile,115,0,19
1779799980152,32,SearchIndividual,200,OK,SearchIndividual 2-543,text,true,,1229,2602,3,17,https://api-scuda.uat.oci.krungsri.tech/ords/api/v1/customer/individual/searchprofile,31,0,20
1779799979803,399,CreateIndividual,201,Created,CreateIndividual 3-21,text,true,,1172,8211,1,17,https://api-scuda.uat.oci.krungsri.tech/ic/api/v1/customer/individual/createprofile,399,0,14
1779799980167,37,SearchIndividual,200,OK,SearchIndividual 2-544,text,true,,1154,2601,3,16,https://api-scuda.uat.oci.krungsri.tech/ords/api/v1/customer/individual/searchprofile,37,0,24
1779799980023,182,GetIndividual,200,OK,GetIndividual 1-340,text,true,,3872,3588,8,15,https://api-scuda.uat.oci.krungsri.tech/ic/api/v1/customer/individual/getprofile,182,0,71
1779799980024,191,UpdateIndividual,200,OK,UpdateIndividual 4-217,text,true,,800,5623,3,15,https://api-scuda.uat.oci.krungsri.tech/ic/api/v1/customer/individual/updateprofile,191,0,55
1779799980114,101,GetIndividual,200,OK,GetIndividual 1-343,text,true,,3841,3588,7,15,https://api-scuda.uat.oci.krungsri.tech/ic/api/v1/customer/individual/getprofile,101,0,23
1779799980182,36,SearchIndividual,200,OK,SearchIndividual 2-545,text,true,,1225,2602,3,13,https://api-scuda.uat.oci.krungsri.tech/ords/api/v1/customer/individual/searchprofile,35,0,16
1779799980114,106,GetIndividual,200,OK,GetIndividual 1-342,text,true,,3845,3588,6,12,https://api-scuda.uat.oci.krungsri.tech/ic/api/v1/customer/individual/getprofile,106,0,17
1779799980198,26,SearchIndividual,200,OK,SearchIndividual 2-546,text,true,,1134,2601,2,12,https://api-scuda.uat.oci.krungsri.tech/ords/api/v1/customer/individual/searchprofile,26,0,14
1779799980106,120,GetJuristic,200,OK,GetJuristic 5-23,text,true,,3513,3533,1,11,https://api-scuda.uat.oci.krungsri.tech/ic/api/v1/customer/juristic/getprofile,120,0,17
1779799980130,108,GetIndividual,200,OK,GetIndividual 1-344,text,true,,3863,3587,5,13,https://api-scuda.uat.oci.krungsri.tech/ic/api/v1/customer/individual/getprofile,108,0,17
1779799980207,34,SearchIndividual,200,OK,SearchIndividual 2-547,text,true,,1227,2602,4,12,https://api-scuda.uat.oci.krungsri.tech/ords/api/v1/customer/individual/searchprofile,34,0,21
1779799979957,294,CreateJoint,200,OK,CreateJoint 11-23,text,true,,1772,6017,1,11,https://api-scuda.uat.oci.krungsri.tech/ic/api/v1/customer/joint/createprofile,294,0,15
1779799980139,113,GetIndividual,200,OK,GetIndividual 1-345,text,true,,3922,3588,4,10,https://api-scuda.uat.oci.krungsri.tech/ic/api/v1/customer/individual/getprofile,113,0,21
1779799980228,34,SearchIndividual,200,OK,SearchIndividual 2-548,text,true,,1185,2602,3,9,https://api-scuda.uat.oci.krungsri.tech/ords/api/v1/customer/individual/searchprofile,34,0,21
1779799980158,105,GetIndividual,200,OK,GetIndividual 1-347,text,true,,3839,3588,3,8,https://api-scuda.uat.oci.krungsri.tech/ic/api/v1/customer/individual/getprofile,105,0,19
1779799980043,221,UpdateIndividual,200,OK,UpdateIndividual 4-218,text,true,,800,4227,3,7,https://api-scuda.uat.oci.krungsri.tech/ic/api/v1/customer/individual/updateprofile,221,0,21
1779799980152,112,GetIndividual,200,OK,GetIndividual 1-346,text,true,,3885,3588,2,7,https://api-scuda.uat.oci.krungsri.tech/ic/api/v1/customer/individual/getprofile,112,0,24
1779799980235,31,SearchIndividual,200,OK,SearchIndividual 2-549,text,true,,1165,2602,2,5,https://api-scuda.uat.oci.krungsri.tech/ords/api/v1/customer/individual/searchprofile,31,0,21
1779799980235,32,SearchIndividual,200,OK,SearchIndividual 2-550,text,true,,1209,2602,1,4,https://api-scuda.uat.oci.krungsri.tech/ords/api/v1/customer/individual/searchprofile,32,0,22
1779799980158,183,UpdateIndividual,200,OK,UpdateIndividual 4-219,text,true,,800,5603,2,6,https://api-scuda.uat.oci.krungsri.tech/ic/api/v1/customer/individual/updateprofile,183,0,19
1779799980228,128,UpdateIndividual,200,OK,UpdateIndividual 4-220,text,true,,800,4226,2,8,https://api-scuda.uat.oci.krungsri.tech/ic/api/v1/customer/individual/updateprofile,128,0,20
1779799980351,34,SearchIndividual,200,OK,SearchIndividual 2-551,text,true,,1219,2602,1,7,https://api-scuda.uat.oci.krungsri.tech/ords/api/v1/customer/individual/searchprofile,34,0,19
1779799980268,117,GetIndividual,200,OK,GetIndividual 1-348,text,true,,3911,3588,5,7,https://api-scuda.uat.oci.krungsri.tech/ic/api/v1/customer/individual/getprofile,117,0,19
1779799980023,367,GetIndividual,200,OK,GetIndividual 1-339,text,true,,3859,3588,4,6,https://api-scuda.uat.oci.krungsri.tech/ic/api/v1/customer/individual/getprofile,367,0,23
1779799980391,21,SearchIndividual,200,OK,SearchIndividual 2-553,text,true,,1198,2599,4,9,https://api-scuda.uat.oci.krungsri.tech/ords/api/v1/customer/individual/searchprofile,21,0,9
1779799980386,30,SearchIndividual,200,OK,SearchIndividual 2-552,text,true,,1215,2602,3,8,https://api-scuda.uat.oci.krungsri.tech/ords/api/v1/customer/individual/searchprofile,29,0,18
1779799980310,121,GetIndividual,200,OK,GetIndividual 1-349,text,true,,3880,3588,3,8,https://api-scuda.uat.oci.krungsri.tech/ic/api/v1/customer/individual/getprofile,121,0,21
1779799980409,26,SearchIndividual,200,OK,SearchIndividual 2-554,text,true,,1165,2602,3,7,https://api-scuda.uat.oci.krungsri.tech/ords/api/v1/customer/individual/searchprofile,26,0,15
1779799980322,121,GetIndividual,200,OK,GetIndividual 1-350,text,true,,3809,3588,2,6,https://api-scuda.uat.oci.krungsri.tech/ic/api/v1/customer/individual/getprofile,121,0,23
1779799980412,32,SearchIndividual,200,OK,SearchIndividual 2-555,text,true,,1213,2602,2,5,https://api-scuda.uat.oci.krungsri.tech/ords/api/v1/customer/individual/searchprofile,32,0,21
1779799980356,93,GetIndividual,200,OK,GetIndividual 1-351,text,true,,3841,3587,1,4,https://api-scuda.uat.oci.krungsri.tech/ic/api/v1/customer/individual/getprofile,93,0,25
1779799980430,34,SearchIndividual,200,OK,SearchIndividual 2-556,text,true,,1145,2602,2,4,https://api-scuda.uat.oci.krungsri.tech/ords/api/v1/customer/individual/searchprofile,34,0,23
1779799980464,29,SearchIndividual,200,OK,SearchIndividual 2-557,text,true,,1179,2602,2,8,https://api-scuda.uat.oci.krungsri.tech/ords/api/v1/customer/individual/searchprofile,29,0,17
1779799980484,33,SearchIndividual,200,OK,SearchIndividual 2-558,text,true,,1214,2601,1,8,https://api-scuda.uat.oci.krungsri.tech/ords/api/v1/customer/individual/searchprofile,33,0,21
1779799980521,28,SearchIndividual,200,OK,SearchIndividual 2-559,text,true,,1169,2602,3,12,https://api-scuda.uat.oci.krungsri.tech/ords/api/v1/customer/individual/searchprofile,28,0,16
1779799980543,34,SearchIndividual,200,OK,SearchIndividual 2-560,text,true,,1144,2601,2,11,https://api-scuda.uat.oci.krungsri.tech/ords/api/v1/customer/individual/searchprofile,34,0,18
1779799980546,32,SearchIndividual,200,OK,SearchIndividual 2-561,text,true,,1241,2602,1,10,https://api-scuda.uat.oci.krungsri.tech/ords/api/v1/customer/individual/searchprofile,32,0,21
1779799980353,229,UpdateIndividual,200,OK,UpdateIndividual 4-221,text,true,,800,5587,5,9,https://api-scuda.uat.oci.krungsri.tech/ic/api/v1/customer/individual/updateprofile,229,0,20
1779799980484,101,GetIndividual,200,OK,GetIndividual 1-352,text,true,,3864,3587,3,8,https://api-scuda.uat.oci.krungsri.tech/ic/api/v1/customer/individual/getprofile,101,0,18
1779799980487,126,UpdateIndividual,200,OK,UpdateIndividual 4-222,text,true,,799,4228,4,8,https://api-scuda.uat.oci.krungsri.tech/ic/api/v1/customer/individual/updateprofile,126,0,16
1779799980527,100,GetIndividual,200,OK,GetIndividual 1-353,text,true,,3820,3588,2,7,https://api-scuda.uat.oci.krungsri.tech/ic/api/v1/customer/individual/getprofile,100,0,22
1779799980608,32,SearchIndividual,200,OK,SearchIndividual 2-562,text,true,,1153,2602,1,6,https://api-scuda.uat.oci.krungsri.tech/ords/api/v1/customer/individual/searchprofile,32,0,20
1779799980545,109,GetIndividual,200,OK,GetIndividual 1-354,text,true,,3879,3588,2,7,https://api-scuda.uat.oci.krungsri.tech/ic/api/v1/customer/individual/getprofile,109,0,18
1779799980493,171,UpdateIndividual,200,OK,UpdateIndividual 4-223,text,true,,800,5610,4,8,https://api-scuda.uat.oci.krungsri.tech/ic/api/v1/customer/individual/updateprofile,171,0,24
1779799980501,164,UpdateIndividual,200,OK,UpdateIndividual 4-224,text,true,,800,5581,3,7,https://api-scuda.uat.oci.krungsri.tech/ic/api/v1/customer/individual/updateprofile,164,0,24
1779799980394,295,CreateJoint,200,OK,CreateJoint 11-24,text,true,,1772,5714,1,8,https://api-scuda.uat.oci.krungsri.tech/ic/api/v1/customer/joint/createprofile,295,0,15
1779799980506,190,UpdateIndividual,200,OK,UpdateIndividual 4-225,text,true,,800,5534,2,7,https://api-scuda.uat.oci.krungsri.tech/ic/api/v1/customer/individual/updateprofile,190,0,19
1779799980662,34,SearchIndividual,200,OK,SearchIndividual 2-563,text,true,,1196,2601,3,6,https://api-scuda.uat.oci.krungsri.tech/ords/api/v1/customer/individual/searchprofile,34,0,19
1779799980682,35,SearchIndividual,200,OK,SearchIndividual 2-564,text,true,,1211,2602,4,10,https://api-scuda.uat.oci.krungsri.tech/ords/api/v1/customer/individual/searchprofile,35,0,24
1779799980687,41,SearchIndividual,200,OK,SearchIndividual 2-565,text,true,,1141,2602,3,9,https://api-scuda.uat.oci.krungsri.tech/ords/api/v1/customer/individual/searchprofile,41,0,22
1779799980642,90,GetIndividual,200,OK,GetIndividual 1-355,text,true,,3845,3587,4,9,https://api-scuda.uat.oci.krungsri.tech/ic/api/v1/customer/individual/getprofile,90,0,14
1779799980709,27,SearchIndividual,200,OK,SearchIndividual 2-566,text,true,,1171,2602,2,8,https://api-scuda.uat.oci.krungsri.tech/ords/api/v1/customer/individual/searchprofile,27,0,14
1779799980709,44,SearchIndividual,200,OK,SearchIndividual 2-567,text,true,,1181,2602,2,10,https://api-scuda.uat.oci.krungsri.tech/ords/api/v1/customer/individual/searchprofile,44,0,15
1779799980745,28,SearchIndividual,200,OK,SearchIndividual 2-568,text,true,,1213,2602,2,10,https://api-scuda.uat.oci.krungsri.tech/ords/api/v1/customer/individual/searchprofile,28,0,17
1779799980655,122,GetIndividual,200,OK,GetIndividual 1-356,text,true,,3815,3588,4,9,https://api-scuda.uat.oci.krungsri.tech/ic/api/v1/customer/individual/getprofile,122,0,22
1779799980763,26,SearchIndividual,200,OK,SearchIndividual 2-569,text,true,,1245,2602,1,9,https://api-scuda.uat.oci.krungsri.tech/ords/api/v1/customer/individual/searchprofile,26,0,15
1779799980651,154,UpdateIndividual,200,OK,UpdateIndividual 4-226,text,true,,800,4227,4,10,https://api-scuda.uat.oci.krungsri.tech/ic/api/v1/customer/individual/updateprofile,154,0,22
1779799980705,111,GetIndividual,200,OK,GetIndividual 1-357,text,true,,3840,3588,4,10,https://api-scuda.uat.oci.krungsri.tech/ic/api/v1/customer/individual/getprofile,111,0,13
1779799980710,111,UpdateIndividual,200,OK,UpdateIndividual 4-227,text,true,,800,4228,3,9,https://api-scuda.uat.oci.krungsri.tech/ic/api/v1/customer/individual/updateprofile,111,0,17
1779799980792,35,SearchIndividual,200,OK,SearchIndividual 2-570,text,true,,1177,2602,1,8,https://api-scuda.uat.oci.krungsri.tech/ords/api/v1/customer/individual/searchprofile,35,0,21
1779799980730,99,GetIndividual,200,OK,GetIndividual 1-358,text,true,,3849,3588,4,9,https://api-scuda.uat.oci.krungsri.tech/ic/api/v1/customer/individual/getprofile,99,0,18
1779799980751,101,GetIndividual,200,OK,GetIndividual 1-359,text,true,,3880,3588,3,14,https://api-scuda.uat.oci.krungsri.tech/ic/api/v1/customer/individual/getprofile,101,0,18
1779799980710,155,UpdateIndividual,200,OK,UpdateIndividual 4-228,text,true,,800,5544,4,14,https://api-scuda.uat.oci.krungsri.tech/ic/api/v1/customer/individual/updateprofile,155,0,17
1779799980831,36,SearchIndividual,200,OK,SearchIndividual 2-571,text,true,,1165,2602,6,14,https://api-scuda.uat.oci.krungsri.tech/ords/api/v1/customer/individual/searchprofile,36,0,23
1779799980847,25,SearchIndividual,200,OK,SearchIndividual 2-575,text,true,,1131,2602,5,14,https://api-scuda.uat.oci.krungsri.tech/ords/api/v1/customer/individual/searchprofile,25,0,13
1779799980843,31,SearchIndividual,200,OK,SearchIndividual 2-572,text,true,,1109,2602,4,14,https://api-scuda.uat.oci.krungsri.tech/ords/api/v1/customer/individual/searchprofile,31,0,18
1779799980845,30,SearchIndividual,200,OK,SearchIndividual 2-573,text,true,,1155,2602,3,13,https://api-scuda.uat.oci.krungsri.tech/ords/api/v1/customer/individual/searchprofile,29,0,18
1779799980845,41,SearchIndividual,200,OK,SearchIndividual 2-574,text,true,,1183,2602,2,13,https://api-scuda.uat.oci.krungsri.tech/ords/api/v1/customer/individual/searchprofile,41,0,17
1779799980867,32,SearchIndividual,200,OK,SearchIndividual 2-576,text,true,,1157,2602,2,14,https://api-scuda.uat.oci.krungsri.tech/ords/api/v1/customer/individual/searchprofile,32,0,21
1779799980744,156,UpdateIndividual,200,OK,UpdateIndividual 4-229,text,true,,800,5539,5,13,https://api-scuda.uat.oci.krungsri.tech/ic/api/v1/customer/individual/updateprofile,156,0,14
1779799980808,105,GetIndividual,200,OK,GetIndividual 1-360,text,true,,3828,3588,4,14,https://api-scuda.uat.oci.krungsri.tech/ic/api/v1/customer/individual/getprofile,105,0,20
1779799980887,34,SearchIndividual,200,OK,SearchIndividual 2-577,text,true,,1158,2601,2,13,https://api-scuda.uat.oci.krungsri.tech/ords/api/v1/customer/individual/searchprofile,33,0,21
1779799980828,102,GetIndividual,200,OK,GetIndividual 1-361,text,true,,3842,3588,3,12,https://api-scuda.uat.oci.krungsri.tech/ic/api/v1/customer/individual/getprofile,102,0,25
1779799980844,96,GetJoint,200,OK,GetJoint 9-21,text,true,,1431,3530,1,11,https://api-scuda.uat.oci.krungsri.tech/ic/api/v1/customer/joint/getprofile,96,0,18
1779799980910,31,SearchIndividual,200,OK,SearchIndividual 2-578,text,true,,1138,2601,1,10,https://api-scuda.uat.oci.krungsri.tech/ords/api/v1/customer/individual/searchprofile,31,0,19
1779799980806,141,UpdateJoint,200,OK,UpdateJoint 12-22,text,true,,800,3614,1,10,https://api-scuda.uat.oci.krungsri.tech/ic/api/v1/customer/joint/updateprofile,141,0,20
1779799980947,32,SearchIndividual,200,OK,SearchIndividual 2-579,text,true,,1191,2602,5,13,https://api-scuda.uat.oci.krungsri.tech/ords/api/v1/customer/individual/searchprofile,32,0,19
1779799980878,104,GetIndividual,200,OK,GetIndividual 1-362,text,true,,3826,3587,2,12,https://api-scuda.uat.oci.krungsri.tech/ic/api/v1/customer/individual/getprofile,104,0,23
1779799980957,27,SearchIndividual,200,OK,SearchIndividual 2-581,text,true,,1125,2602,4,11,https://api-scuda.uat.oci.krungsri.tech/ords/api/v1/customer/individual/searchprofile,26,0,15
1779799980964,21,SearchIndividual,200,OK,SearchIndividual 2-583,text,true,,1181,2602,3,10,https://api-scuda.uat.oci.krungsri.tech/ords/api/v1/customer/individual/searchprofile,21,0,11
1779799980957,31,SearchIndividual,200,OK,SearchIndividual 2-582,text,true,,1135,2602,2,9,https://api-scuda.uat.oci.krungsri.tech/ords/api/v1/customer/individual/searchprofile,31,0,19
1779799980889,102,GetIndividual,200,OK,GetIndividual 1-363,text,true,,3888,3588,1,9,https://api-scuda.uat.oci.krungsri.tech/ic/api/v1/customer/individual/getprofile,102,0,16
1779799980870,124,UpdateIndividual,200,OK,UpdateIndividual 4-232,text,true,,800,4228,5,9,https://api-scuda.uat.oci.krungsri.tech/ic/api/v1/customer/individual/updateprofile,124,0,20
1779799980952,47,SearchIndividual,200,OK,SearchIndividual 2-580,text,true,,1183,2602,2,8,https://api-scuda.uat.oci.krungsri.tech/ords/api/v1/customer/individual/searchprofile,47,0,23
1779799980830,195,UpdateIndividual,200,OK,UpdateIndividual 4-230,text,true,,800,5487,4,8,https://api-scuda.uat.oci.krungsri.tech/ic/api/v1/customer/individual/updateprofile,195,0,18
1779799980989,37,SearchIndividual,200,OK,SearchIndividual 2-584,text,true,,1205,2602,2,7,https://api-scuda.uat.oci.krungsri.tech/ords/api/v1/customer/individual/searchprofile,37,0,25
1779799981015,26,SearchIndividual,200,OK,SearchIndividual 2-585,text,true,,1139,2602,1,7,https://api-scuda.uat.oci.krungsri.tech/ords/api/v1/customer/individual/searchprofile,25,0,14
1779799980878,163,UpdateIndividual,200,OK,UpdateIndividual 4-233,text,true,,800,5561,3,6,https://api-scuda.uat.oci.krungsri.tech/ic/api/v1/customer/individual/updateprofile,163,0,23
1779799980914,127,UpdateIndividual,200,OK,UpdateIndividual 4-234,text,true,,800,4227,3,6,https://api-scuda.uat.oci.krungsri.tech/ic/api/v1/customer/individual/updateprofile,127,0,20
1779799980868,198,UpdateIndividual,200,OK,UpdateIndividual 4-231,text,true,,800,5551,2,5,https://api-scuda.uat.oci.krungsri.tech/ic/api/v1/customer/individual/updateprofile,198,0,19
1779799981038,29,SearchJoint,200,OK,SearchJoint 10-23,text,true,,621,2627,1,5,https://api-scuda.uat.oci.krungsri.tech/ords/api/v1/customer/joint/searchprofile,29,0,18
1779799980992,127,GetIndividual,200,OK,GetIndividual 1-364,text,true,,3846,3588,2,8,https://api-scuda.uat.oci.krungsri.tech/ic/api/v1/customer/individual/getprofile,127,0,17
1779799981093,33,SearchIndividual,200,OK,SearchIndividual 2-586,text,true,,1177,2602,3,9,https://api-scuda.uat.oci.krungsri.tech/ords/api/v1/customer/individual/searchprofile,33,0,22
1779799981106,34,SearchIndividual,200,OK,SearchIndividual 2-588,text,true,,1185,2602,2,9,https://api-scuda.uat.oci.krungsri.tech/ords/api/v1/customer/individual/searchprofile,34,0,24
1779799981102,39,SearchIndividual,200,OK,SearchIndividual 2-587,text,true,,1131,2602,1,8,https://api-scuda.uat.oci.krungsri.tech/ords/api/v1/customer/individual/searchprofile,39,0,26
1779799981146,20,SearchIndividual,200,OK,SearchIndividual 2-589,text,true,,1153,2602,3,12,https://api-scuda.uat.oci.krungsri.tech/ords/api/v1/customer/individual/searchprofile,20,0,9
1779799981067,106,GetIndividual,200,OK,GetIndividual 1-365,text,true,,3905,3588,4,12,https://api-scuda.uat.oci.krungsri.tech/ic/api/v1/customer/individual/getprofile,106,0,22
1779799981146,28,SearchIndividual,200,OK,SearchIndividual 2-590,text,true,,1167,2602,2,11,https://api-scuda.uat.oci.krungsri.tech/ords/api/v1/customer/individual/searchprofile,28,0,17
1779799981068,129,UpdateIndividual,200,OK,UpdateIndividual 4-235,text,true,,800,4229,4,12,https://api-scuda.uat.oci.krungsri.tech/ic/api/v1/customer/individual/updateprofile,129,0,21
1779799981163,34,SearchIndividual,200,OK,SearchIndividual 2-591,text,true,,1157,2602,2,11,https://api-scuda.uat.oci.krungsri.tech/ords/api/v1/customer/individual/searchprofile,34,0,22
1779799981179,31,SearchIndividual,200,OK,SearchIndividual 2-592,text,true,,1155,2602,1,10,https://api-scuda.uat.oci.krungsri.tech/ords/api/v1/customer/individual/searchprofile,31,0,18
1779799980786,445,CreateJuristic,201,Created,CreateJuristic 7-22,text,true,,1172,7861,1,12,https://api-scuda.uat.oci.krungsri.tech/ic/api/v1/customer/juristic/createprofile,445,0,18
1779799981125,116,UpdateIndividual,200,OK,UpdateIndividual 4-237,text,true,,800,4229,4,12,https://api-scuda.uat.oci.krungsri.tech/ic/api/v1/customer/individual/updateprofile,116,0,19
1779799981091,155,UpdateIndividual,200,OK,UpdateIndividual 4-236,text,true,,800,5583,3,11,https://api-scuda.uat.oci.krungsri.tech/ic/api/v1/customer/individual/updateprofile,155,0,20
1779799981214,33,SearchIndividual,200,OK,SearchIndividual 2-593,text,true,,1201,2602,3,10,https://api-scuda.uat.oci.krungsri.tech/ords/api/v1/customer/individual/searchprofile,33,0,21
1779799981229,25,SearchIndividual,200,OK,SearchIndividual 2-595,text,true,,1207,2602,2,9,https://api-scuda.uat.oci.krungsri.tech/ords/api/v1/customer/individual/searchprofile,24,0,13
1779799981226,31,SearchIndividual,200,OK,SearchIndividual 2-594,text,true,,1141,2602,3,11,https://api-scuda.uat.oci.krungsri.tech/ords/api/v1/customer/individual/searchprofile,31,0,21
1779799981146,114,GetIndividual,200,OK,GetIndividual 1-366,text,true,,3799,3588,5,10,https://api-scuda.uat.oci.krungsri.tech/ic/api/v1/customer/individual/getprofile,114,0,16
1779799981152,108,GetIndividual,200,OK,GetIndividual 1-367,text,true,,3861,3588,5,10,https://api-scuda.uat.oci.krungsri.tech/ic/api/v1/customer/individual/getprofile,108,0,21
1779799981256,20,SearchIndividual,200,OK,SearchIndividual 2-597,text,true,,1117,2602,2,8,https://api-scuda.uat.oci.krungsri.tech/ords/api/v1/customer/individual/searchprofile,20,0,9
1779799981169,108,GetIndividual,200,OK,GetIndividual 1-368,text,true,,3823,3588,3,7,https://api-scuda.uat.oci.krungsri.tech/ic/api/v1/customer/individual/getprofile,108,0,21
1779799981125,154,UpdateIndividual,200,OK,UpdateIndividual 4-238,text,true,,800,5641,2,6,https://api-scuda.uat.oci.krungsri.tech/ic/api/v1/customer/individual/updateprofile,154,0,21
1779799981189,91,GetIndividual,200,OK,GetIndividual 1-369,text,true,,3848,3588,2,5,https://api-scuda.uat.oci.krungsri.tech/ic/api/v1/customer/individual/getprofile,91,0,18
1779799981255,29,SearchIndividual,200,OK,SearchIndividual 2-596,text,true,,1151,2602,1,4,https://api-scuda.uat.oci.krungsri.tech/ords/api/v1/customer/individual/searchprofile,29,0,17
1779799981256,92,GetIndividual,200,OK,GetIndividual 1-370,text,true,,3857,3588,5,9,https://api-scuda.uat.oci.krungsri.tech/ic/api/v1/customer/individual/getprofile,92,0,17
1779799981329,29,SearchIndividual,200,OK,SearchIndividual 2-598,text,true,,1125,2602,3,10,https://api-scuda.uat.oci.krungsri.tech/ords/api/v1/customer/individual/searchprofile,29,0,18
1779799981236,122,UpdateIndividual,200,OK,UpdateIndividual 4-239,text,true,,800,4229,1,10,https://api-scuda.uat.oci.krungsri.tech/ic/api/v1/customer/individual/updateprofile,122,0,16
1779799981338,23,SearchIndividual,200,OK,SearchIndividual 2-599,text,true,,1124,2601,2,8,https://api-scuda.uat.oci.krungsri.tech/ords/api/v1/customer/individual/searchprofile,23,0,11
1779799981359,27,SearchIndividual,200,OK,SearchIndividual 2-600,text,true,,1259,2602,2,9,https://api-scuda.uat.oci.krungsri.tech/ords/api/v1/customer/individual/searchprofile,27,0,16
1779799981308,106,GetIndividual,200,OK,GetIndividual 1-372,text,true,,3856,3588,7,9,https://api-scuda.uat.oci.krungsri.tech/ic/api/v1/customer/individual/getprofile,106,0,20
1779799981380,36,SearchIndividual,200,OK,SearchIndividual 2-601,text,true,,1221,2602,1,8,https://api-scuda.uat.oci.krungsri.tech/ords/api/v1/customer/individual/searchprofile,36,0,23
1779799981326,95,GetIndividual,200,OK,GetIndividual 1-374,text,true,,3815,3588,6,8,https://api-scuda.uat.oci.krungsri.tech/ic/api/v1/customer/individual/getprofile,95,0,20
1779799981130,292,CreateJoint,200,OK,CreateJoint 11-25,text,true,,1772,5755,1,7,https://api-scuda.uat.oci.krungsri.tech/ic/api/v1/customer/joint/createprofile,292,0,16
1779799981324,105,GetIndividual,200,OK,GetIndividual 1-373,text,true,,3795,3588,5,7,https://api-scuda.uat.oci.krungsri.tech/ic/api/v1/customer/individual/getprofile,105,0,22
1779799981421,30,SearchIndividual,200,OK,SearchIndividual 2-602,text,true,,1181,2602,3,8,https://api-scuda.uat.oci.krungsri.tech/ords/api/v1/customer/individual/searchprofile,30,0,18
1779799981441,31,SearchIndividual,200,OK,SearchIndividual 2-603,text,true,,1239,2602,3,11,https://api-scuda.uat.oci.krungsri.tech/ords/api/v1/customer/individual/searchprofile,31,0,19
1779799981445,30,SearchIndividual,200,OK,SearchIndividual 2-604,text,true,,1173,2602,2,10,https://api-scuda.uat.oci.krungsri.tech/ords/api/v1/customer/individual/searchprofile,30,0,18
1779799981373,109,GetIndividual,200,OK,GetIndividual 1-376,text,true,,3891,3588,7,9,https://api-scuda.uat.oci.krungsri.tech/ic/api/v1/customer/individual/getprofile,109,0,21
1779799981392,98,GetIndividual,200,OK,GetIndividual 1-377,text,true,,3891,3588,6,8,https://api-scuda.uat.oci.krungsri.tech/ic/api/v1/customer/individual/getprofile,98,0,18
1779799981468,30,SearchIndividual,200,OK,SearchIndividual 2-605,text,true,,1189,2602,1,8,https://api-scuda.uat.oci.krungsri.tech/ords/api/v1/customer/individual/searchprofile,30,0,19
1779799981348,181,GetIndividual,200,OK,GetIndividual 1-375,text,true,,3852,3588,7,10,https://api-scuda.uat.oci.krungsri.tech/ic/api/v1/customer/individual/getprofile,181,0,18
1779799981503,29,SearchIndividual,200,OK,SearchIndividual 2-606,text,true,,1175,2602,1,9,https://api-scuda.uat.oci.krungsri.tech/ords/api/v1/customer/individual/searchprofile,29,0,17
1779799981429,131,UpdateIndividual,200,OK,UpdateIndividual 4-240,text,true,,800,4227,2,10,https://api-scuda.uat.oci.krungsri.tech/ic/api/v1/customer/individual/updateprofile,131,0,22
1779799981461,103,GetIndividual,200,OK,GetIndividual 1-379,text,true,,3875,3588,7,10,https://api-scuda.uat.oci.krungsri.tech/ic/api/v1/customer/individual/getprofile,103,0,18
1779799981544,34,SearchIndividual,200,OK,SearchIndividual 2-607,text,true,,1148,2601,2,10,https://api-scuda.uat.oci.krungsri.tech/ords/api/v1/customer/individual/searchprofile,33,0,23
1779799981451,126,GetIndividual,200,OK,GetIndividual 1-378,text,true,,3889,3588,6,10,https://api-scuda.uat.oci.krungsri.tech/ic/api/v1/customer/individual/getprofile,126,0,21
1779799981558,31,SearchIndividual,200,OK,SearchIndividual 2-608,text,true,,1176,2601,1,9,https://api-scuda.uat.oci.krungsri.tech/ords/api/v1/customer/individual/searchprofile,31,0,20
1779799981497,106,GetIndividual,200,OK,GetIndividual 1-381,text,true,,3870,3588,6,11,https://api-scuda.uat.oci.krungsri.tech/ic/api/v1/customer/individual/getprofile,106,0,21
1779799981303,312,GetIndividual,200,OK,GetIndividual 1-371,text,true,,3843,3587,5,11,https://api-scuda.uat.oci.krungsri.tech/ic/api/v1/customer/individual/getprofile,312,0,12
1779799981515,102,GetIndividual,200,OK,GetIndividual 1-382,text,true,,3843,3588,4,10,https://api-scuda.uat.oci.krungsri.tech/ic/api/v1/customer/individual/getprofile,102,0,16
1779799981594,32,SearchIndividual,200,OK,SearchIndividual 2-610,text,true,,1163,2602,3,10,https://api-scuda.uat.oci.krungsri.tech/ords/api/v1/customer/individual/searchprofile,32,0,20
1779799981590,38,SearchIndividual,200,OK,SearchIndividual 2-609,text,true,,1189,2602,2,9,https://api-scuda.uat.oci.krungsri.tech/ords/api/v1/customer/individual/searchprofile,38,0,12
1779799981465,173,GetIndividual,200,OK,GetIndividual 1-380,text,true,,3853,3588,4,9,https://api-scuda.uat.oci.krungsri.tech/ic/api/v1/customer/individual/getprofile,173,0,18
1779799981624,34,SearchIndividual,200,OK,SearchIndividual 2-611,text,true,,1159,2602,1,9,https://api-scuda.uat.oci.krungsri.tech/ords/api/v1/customer/individual/searchprofile,34,0,22
1779799981562,111,GetIndividual,200,OK,GetIndividual 1-383,text,true,,3861,3588,4,14,https://api-scuda.uat.oci.krungsri.tech/ic/api/v1/customer/individual/getprofile,111,0,15
1779799981526,155,UpdateIndividual,200,OK,UpdateIndividual 4-241,text,true,,800,5564,6,14,https://api-scuda.uat.oci.krungsri.tech/ic/api/v1/customer/individual/updateprofile,155,0,13
1779799981660,32,SearchIndividual,200,OK,SearchIndividual 2-612,text,true,,1177,2602,3,14,https://api-scuda.uat.oci.krungsri.tech/ords/api/v1/customer/individual/searchprofile,32,0,21
1779799981665,33,SearchIndividual,200,OK,SearchIndividual 2-613,text,true,,1129,2602,2,13,https://api-scuda.uat.oci.krungsri.tech/ords/api/v1/customer/individual/searchprofile,33,0,21
1779799981665,33,SearchIndividual,200,OK,SearchIndividual 2-614,text,true,,1179,2602,1,12,https://api-scuda.uat.oci.krungsri.tech/ords/api/v1/customer/individual/searchprofile,33,0,22
1779799981599,109,GetIndividual,200,OK,GetIndividual 1-384,text,true,,3823,3587,5,12,https://api-scuda.uat.oci.krungsri.tech/ic/api/v1/customer/individual/getprofile,109,0,17
1779799981568,142,UpdateIndividual,200,OK,UpdateIndividual 4-242,text,true,,800,4228,6,11,https://api-scuda.uat.oci.krungsri.tech/ic/api/v1/customer/individual/updateprofile,142,0,19
1779799981584,148,UpdateIndividual,200,OK,UpdateIndividual 4-243,text,true,,800,5544,5,12,https://api-scuda.uat.oci.krungsri.tech/ic/api/v1/customer/individual/updateprofile,148,0,15
1779799981635,107,GetIndividual,200,OK,GetIndividual 1-385,text,true,,3799,3588,5,12,https://api-scuda.uat.oci.krungsri.tech/ic/api/v1/customer/individual/getprofile,107,0,16
1779799981728,31,SearchIndividual,200,OK,SearchIndividual 2-615,text,true,,1141,2602,3,12,https://api-scuda.uat.oci.krungsri.tech/ords/api/v1/customer/individual/searchprofile,31,0,19
1779799981742,32,SearchIndividual,200,OK,SearchIndividual 2-616,text,true,,1201,2602,3,12,https://api-scuda.uat.oci.krungsri.tech/ords/api/v1/customer/individual/searchprofile,32,0,19
1779799981672,106,GetIndividual,200,OK,GetIndividual 1-386,text,true,,3876,3588,4,11,https://api-scuda.uat.oci.krungsri.tech/ic/api/v1/customer/individual/getprofile,106,0,23
1779799981679,99,GetIndividual,200,OK,GetIndividual 1-387,text,true,,3870,3588,4,11,https://api-scuda.uat.oci.krungsri.tech/ic/api/v1/customer/individual/getprofile,99,0,12
1779799981759,25,SearchIndividual,200,OK,SearchIndividual 2-617,text,true,,1145,2602,2,9,https://api-scuda.uat.oci.krungsri.tech/ords/api/v1/customer/individual/searchprofile,25,0,13
1779799981763,33,SearchIndividual,200,OK,SearchIndividual 2-618,text,true,,1212,2601,2,9,https://api-scuda.uat.oci.krungsri.tech/ords/api/v1/customer/individual/searchprofile,33,0,22
1779799981713,96,GetIndividual,200,OK,GetIndividual 1-389,text,true,,3867,3588,2,8,https://api-scuda.uat.oci.krungsri.tech/ic/api/v1/customer/individual/getprofile,96,0,18
1779799981653,156,UpdateIndividual,200,OK,UpdateIndividual 4-244,text,true,,800,5590,4,8,https://api-scuda.uat.oci.krungsri.tech/ic/api/v1/customer/individual/updateprofile,156,0,21
1779799981702,101,GetIndividual,200,OK,GetIndividual 1-388,text,true,,3862,3588,2,8,https://api-scuda.uat.oci.krungsri.tech/ic/api/v1/customer/individual/getprofile,101,0,22
1779799981784,29,SearchIndividual,200,OK,SearchIndividual 2-619,text,true,,1113,2602,1,5,https://api-scuda.uat.oci.krungsri.tech/ords/api/v1/customer/individual/searchprofile,29,0,18
1779799981662,155,UpdateIndividual,200,OK,UpdateIndividual 4-245,text,true,,800,5595,3,5,https://api-scuda.uat.oci.krungsri.tech/ic/api/v1/customer/individual/updateprofile,155,0,22
1779799981670,174,UpdateIndividual,200,OK,UpdateIndividual 4-246,text,true,,799,5615,2,5,https://api-scuda.uat.oci.krungsri.tech/ic/api/v1/customer/individual/updateprofile,174,0,23
1779799981609,269,UpdateJuristic,200,OK,UpdateJuristic 8-22,text,true,,800,5819,1,6,https://api-scuda.uat.oci.krungsri.tech/ic/api/v1/customer/juristic/updateprofile,269,0,22
1779799981689,216,UpdateIndividual,200,OK,UpdateIndividual 4-247,text,true,,800,5572,1,5,https://api-scuda.uat.oci.krungsri.tech/ic/api/v1/customer/individual/updateprofile,216,0,31
1779799981877,31,SearchIndividual,200,OK,SearchIndividual 2-620,text,true,,1185,2602,2,4,https://api-scuda.uat.oci.krungsri.tech/ords/api/v1/customer/individual/searchprofile,30,0,18
1779799981877,31,SearchIndividual,200,OK,SearchIndividual 2-621,text,true,,1189,2602,1,3,https://api-scuda.uat.oci.krungsri.tech/ords/api/v1/customer/individual/searchprofile,31,0,20
1779799981817,97,GetIndividual,200,OK,GetIndividual 1-390,text,true,,3886,3588,2,2,https://api-scuda.uat.oci.krungsri.tech/ic/api/v1/customer/individual/getprofile,97,0,10
1779799981840,97,GetIndividual,200,OK,GetIndividual 1-391,text,true,,3856,3588,2,6,https://api-scuda.uat.oci.krungsri.tech/ic/api/v1/customer/individual/getprofile,97,0,13
1779799981917,25,SearchIndividual,200,OK,SearchIndividual 2-623,text,true,,1191,2602,4,5,https://api-scuda.uat.oci.krungsri.tech/ords/api/v1/customer/individual/searchprofile,25,0,13
1779799981915,32,SearchIndividual,200,OK,SearchIndividual 2-622,text,true,,1187,2602,3,5,https://api-scuda.uat.oci.krungsri.tech/ords/api/v1/customer/individual/searchprofile,32,0,20
1779799981934,29,SearchIndividual,200,OK,SearchIndividual 2-624,text,true,,1147,2602,2,4,https://api-scuda.uat.oci.krungsri.tech/ords/api/v1/customer/individual/searchprofile,29,0,17
1779799981937,33,SearchIndividual,200,OK,SearchIndividual 2-625,text,true,,1195,2602,3,6,https://api-scuda.uat.oci.krungsri.tech/ords/api/v1/customer/individual/searchprofile,33,0,17
1779799981969,27,SearchIndividual,200,OK,SearchIndividual 2-626,text,true,,1169,2602,2,9,https://api-scuda.uat.oci.krungsri.tech/ords/api/v1/customer/individual/searchprofile,27,0,15
1779799981970,33,SearchIndividual,200,OK,SearchIndividual 2-627,text,true,,1155,2602,1,8,https://api-scuda.uat.oci.krungsri.tech/ords/api/v1/customer/individual/searchprofile,33,0,19
1779799981923,98,GetIndividual,200,OK,GetIndividual 1-392,text,true,,3849,3585,5,10,https://api-scuda.uat.oci.krungsri.tech/ic/api/v1/customer/individual/getprofile,98,0,19
1779799982007,26,SearchIndividual,200,OK,SearchIndividual 2-629,text,true,,1265,2602,3,10,https://api-scuda.uat.oci.krungsri.tech/ords/api/v1/customer/individual/searchprofile,25,0,13
1779799982007,30,SearchIndividual,200,OK,SearchIndividual 2-628,text,true,,1149,2602,2,9,https://api-scuda.uat.oci.krungsri.tech/ords/api/v1/customer/individual/searchprofile,30,0,19
1779799982017,28,SearchIndividual,200,OK,SearchIndividual 2-630,text,true,,1214,2599,2,9,https://api-scuda.uat.oci.krungsri.tech/ords/api/v1/customer/individual/searchprofile,27,0,17
1779799981945,114,GetIndividual,200,OK,GetIndividual 1-393,text,true,,3813,3588,7,11,https://api-scuda.uat.oci.krungsri.tech/ic/api/v1/customer/individual/getprofile,114,0,21
1779799982043,32,SearchIndividual,200,OK,SearchIndividual 2-631,text,true,,1183,2602,1,13,https://api-scuda.uat.oci.krungsri.tech/ords/api/v1/customer/individual/searchprofile,32,0,20
1779799981976,103,GetIndividual,200,OK,GetIndividual 1-394,text,true,,3847,3588,8,12,https://api-scuda.uat.oci.krungsri.tech/ic/api/v1/customer/individual/getprofile,103,0,18
1779799981982,109,GetIndividual,200,OK,GetIndividual 1-395,text,true,,3802,3588,8,12,https://api-scuda.uat.oci.krungsri.tech/ic/api/v1/customer/individual/getprofile,109,0,20
1779799981987,111,GetIndividual,200,OK,GetIndividual 1-396,text,true,,3793,3585,7,13,https://api-scuda.uat.oci.krungsri.tech/ic/api/v1/customer/individual/getprofile,111,0,21
1779799982098,29,SearchIndividual,200,OK,SearchIndividual 2-632,text,true,,1187,2602,4,17,https://api-scuda.uat.oci.krungsri.tech/ords/api/v1/customer/individual/searchprofile,28,0,16
1779799982101,32,SearchIndividual,200,OK,SearchIndividual 2-633,text,true,,1197,2602,5,18,https://api-scuda.uat.oci.krungsri.tech/ords/api/v1/customer/individual/searchprofile,32,0,20
1779799982103,32,SearchIndividual,200,OK,SearchIndividual 2-634,text,true,,1219,2602,4,17,https://api-scuda.uat.oci.krungsri.tech/ords/api/v1/customer/individual/searchprofile,32,0,21
1779799981997,139,UpdateIndividual,200,OK,UpdateIndividual 4-249,text,true,,800,5546,3,16,https://api-scuda.uat.oci.krungsri.tech/ic/api/v1/customer/individual/updateprofile,139,0,12
1779799981971,166,UpdateIndividual,200,OK,UpdateIndividual 4-248,text,true,,800,5618,2,15,https://api-scuda.uat.oci.krungsri.tech/ic/api/v1/customer/individual/updateprofile,166,0,16
1779799982032,107,GetIndividual,200,OK,GetIndividual 1-397,text,true,,3887,3588,9,16,https://api-scuda.uat.oci.krungsri.tech/ic/api/v1/customer/individual/getprofile,107,0,21
1779799982055,94,GetIndividual,200,OK,GetIndividual 1-399,text,true,,3931,3588,8,18,https://api-scuda.uat.oci.krungsri.tech/ic/api/v1/customer/individual/getprofile,94,0,22
1779799982116,43,SearchIndividual,200,OK,SearchIndividual 2-635,text,true,,1209,2602,5,18,https://api-scuda.uat.oci.krungsri.tech/ords/api/v1/customer/individual/searchprofile,42,0,32
1779799982050,117,GetIndividual,200,OK,GetIndividual 1-398,text,true,,3873,3588,9,18,https://api-scuda.uat.oci.krungsri.tech/ic/api/v1/customer/individual/getprofile,117,0,21
1779799982141,29,SearchIndividual,200,OK,SearchIndividual 2-638,text,true,,1139,2602,4,17,https://api-scuda.uat.oci.krungsri.tech/ords/api/v1/customer/individual/searchprofile,29,0,17
1779799982129,42,SearchIndividual,200,OK,SearchIndividual 2-636,text,true,,1231,2602,3,16,https://api-scuda.uat.oci.krungsri.tech/ords/api/v1/customer/individual/searchprofile,42,0,27
1779799982148,24,SearchIndividual,200,OK,SearchIndividual 2-639,text,true,,1143,2602,2,15,https://api-scuda.uat.oci.krungsri.tech/ords/api/v1/customer/individual/searchprofile,24,0,13
1779799982132,44,SearchIndividual,200,OK,SearchIndividual 2-637,text,true,,1127,2602,1,15,https://api-scuda.uat.oci.krungsri.tech/ords/api/v1/customer/individual/searchprofile,44,0,28
1779799982073,106,GetIndividual,200,OK,GetIndividual 1-401,text,true,,3855,3588,8,14,https://api-scuda.uat.oci.krungsri.tech/ic/api/v1/customer/individual/getprofile,106,0,22
1779799982080,106,GetIndividual,200,OK,GetIndividual 1-402,text,true,,3819,3588,7,13,https://api-scuda.uat.oci.krungsri.tech/ic/api/v1/customer/individual/getprofile,106,0,12
1779799982068,127,GetIndividual,200,OK,GetIndividual 1-400,text,true,,3881,3588,6,13,https://api-scuda.uat.oci.krungsri.tech/ic/api/v1/customer/individual/getprofile,127,0,21
1779799982199,31,SearchIndividual,200,OK,SearchIndividual 2-641,text,true,,1237,2602,2,19,https://api-scuda.uat.oci.krungsri.tech/ords/api/v1/customer/individual/searchprofile,30,0,19
1779799982199,33,SearchIndividual,200,OK,SearchIndividual 2-640,text,true,,1217,2602,1,18,https://api-scuda.uat.oci.krungsri.tech/ords/api/v1/customer/individual/searchprofile,33,0,21
1779799982143,100,GetJoint,200,OK,GetJoint 9-22,text,true,,1429,3530,1,17,https://api-scuda.uat.oci.krungsri.tech/ic/api/v1/customer/joint/getprofile,100,0,17
1779799982115,133,GetIndividual,200,OK,GetIndividual 1-403,text,true,,3859,3588,6,16,https://api-scuda.uat.oci.krungsri.tech/ic/api/v1/customer/individual/getprofile,133,0,27
1779799982164,88,GetIndividual,200,OK,GetIndividual 1-407,text,true,,3876,3588,5,15,https://api-scuda.uat.oci.krungsri.tech/ic/api/v1/customer/individual/getprofile,88,0,17
1779799982139,115,GetIndividual,200,OK,GetIndividual 1-404,text,true,,3874,3588,4,14,https://api-scuda.uat.oci.krungsri.tech/ic/api/v1/customer/individual/getprofile,115,0,24
1779799982154,102,GetIndividual,200,OK,GetIndividual 1-406,text,true,,3878,3588,3,13,https://api-scuda.uat.oci.krungsri.tech/ic/api/v1/customer/individual/getprofile,102,0,20
1779799982097,162,UpdateJoint,200,OK,UpdateJoint 12-24,text,true,,800,4604,2,12,https://api-scuda.uat.oci.krungsri.tech/ic/api/v1/customer/joint/updateprofile,162,0,20
1779799982095,169,UpdateIndividual,200,OK,UpdateIndividual 4-250,text,true,,800,5610,7,11,https://api-scuda.uat.oci.krungsri.tech/ic/api/v1/customer/individual/updateprofile,169,0,21
1779799982061,243,UpdateJoint,200,OK,UpdateJoint 12-23,text,true,,800,3614,1,12,https://api-scuda.uat.oci.krungsri.tech/ic/api/v1/customer/joint/updateprofile,243,0,22
1779799982212,100,GetIndividual,200,OK,GetIndividual 1-408,text,true,,3873,3588,4,12,https://api-scuda.uat.oci.krungsri.tech/ic/api/v1/customer/individual/getprofile,100,0,15
1779799982217,117,UpdateIndividual,200,OK,UpdateIndividual 4-254,text,true,,800,4229,9,13,https://api-scuda.uat.oci.krungsri.tech/ic/api/v1/customer/individual/updateprofile,117,0,14
1779799982218,125,UpdateIndividual,200,OK,UpdateIndividual 4-256,text,true,,800,4229,8,13,https://api-scuda.uat.oci.krungsri.tech/ic/api/v1/customer/individual/updateprofile,125,0,11
1779799982195,155,UpdateIndividual,200,OK,UpdateIndividual 4-252,text,true,,800,5559,7,13,https://api-scuda.uat.oci.krungsri.tech/ic/api/v1/customer/individual/updateprofile,155,0,15
1779799982197,161,UpdateIndividual,200,OK,UpdateIndividual 4-253,text,true,,800,5569,6,13,https://api-scuda.uat.oci.krungsri.tech/ic/api/v1/customer/individual/updateprofile,161,0,19
1779799982178,186,UpdateIndividual,200,OK,UpdateIndividual 4-251,text,true,,800,5546,5,13,https://api-scuda.uat.oci.krungsri.tech/ic/api/v1/customer/individual/updateprofile,186,0,21
1779799982342,25,SearchIndividual,200,OK,SearchIndividual 2-642,text,true,,1191,2602,2,13,https://api-scuda.uat.oci.krungsri.tech/ords/api/v1/customer/individual/searchprofile,25,0,14
1779799982217,160,UpdateIndividual,200,OK,UpdateIndividual 4-255,text,true,,800,5572,5,13,https://api-scuda.uat.oci.krungsri.tech/ic/api/v1/customer/individual/updateprofile,160,0,14
1779799982351,31,SearchIndividual,200,OK,SearchIndividual 2-643,text,true,,1191,2600,1,13,https://api-scuda.uat.oci.krungsri.tech/ords/api/v1/customer/individual/searchprofile,31,0,20
1779799982289,96,GetIndividual,200,OK,GetIndividual 1-410,text,true,,3885,3588,6,12,https://api-scuda.uat.oci.krungsri.tech/ic/api/v1/customer/individual/getprofile,96,0,15
1779799982273,116,GetIndividual,200,OK,GetIndividual 1-409,text,true,,3801,3588,5,11,https://api-scuda.uat.oci.krungsri.tech/ic/api/v1/customer/individual/getprofile,116,0,17
1779799982391,23,SearchIndividual,200,OK,SearchIndividual 2-644,text,true,,1135,2602,1,13,https://api-scuda.uat.oci.krungsri.tech/ords/api/v1/customer/individual/searchprofile,23,0,13
1779799982380,46,SearchJoint,200,OK,SearchJoint 10-24,text,true,,621,2627,1,15,https://api-scuda.uat.oci.krungsri.tech/ords/api/v1/customer/joint/searchprofile,45,0,23
1779799982331,111,UpdateIndividual,200,OK,UpdateIndividual 4-259,text,true,,800,4227,7,17,https://api-scuda.uat.oci.krungsri.tech/ic/api/v1/customer/individual/updateprofile,111,0,17
1779799982415,32,SearchIndividual,200,OK,SearchIndividual 2-645,text,true,,1179,2602,4,17,https://api-scuda.uat.oci.krungsri.tech/ords/api/v1/customer/individual/searchprofile,32,0,20
1779799982423,27,SearchIndividual,200,OK,SearchIndividual 2-646,text,true,,1177,2602,3,16,https://api-scuda.uat.oci.krungsri.tech/ords/api/v1/customer/individual/searchprofile,27,0,14
1779799982321,132,UpdateIndividual,200,OK,UpdateIndividual 4-258,text,true,,800,4229,6,15,https://api-scuda.uat.oci.krungsri.tech/ic/api/v1/customer/individual/updateprofile,132,0,13
1779799982430,25,SearchIndividual,200,OK,SearchIndividual 2-647,text,true,,1117,2602,2,14,https://api-scuda.uat.oci.krungsri.tech/ords/api/v1/customer/individual/searchprofile,24,0,13
1779799982363,104,GetIndividual,200,OK,GetIndividual 1-412,text,true,,3835,3588,6,16,https://api-scuda.uat.oci.krungsri.tech/ic/api/v1/customer/individual/getprofile,104,0,20
1779799982139,329,GetIndividual,200,OK,GetIndividual 1-405,text,true,,3901,3588,5,15,https://api-scuda.uat.oci.krungsri.tech/ic/api/v1/customer/individual/getprofile,329,0,23
1779799982437,31,SearchIndividual,200,OK,SearchIndividual 2-648,text,true,,1183,2602,3,15,https://api-scuda.uat.oci.krungsri.tech/ords/api/v1/customer/individual/searchprofile,31,0,20
1779799982366,109,GetIndividual,200,OK,GetIndividual 1-413,text,true,,3925,3588,4,13,https://api-scuda.uat.oci.krungsri.tech/ic/api/v1/customer/individual/getprofile,109,0,13
1779799982312,165,UpdateIndividual,200,OK,UpdateIndividual 4-257,text,true,,800,5585,5,13,https://api-scuda.uat.oci.krungsri.tech/ic/api/v1/customer/individual/updateprofile,165,0,21
1779799982355,122,GetIndividual,200,OK,GetIndividual 1-411,text,true,,3873,3588,3,12,https://api-scuda.uat.oci.krungsri.tech/ic/api/v1/customer/individual/getprofile,122,0,20
1779799982462,29,SearchIndividual,200,OK,SearchIndividual 2-650,text,true,,1157,2602,5,14,https://api-scuda.uat.oci.krungsri.tech/ords/api/v1/customer/individual/searchprofile,28,0,18
1779799982460,34,SearchIndividual,200,OK,SearchIndividual 2-649,text,true,,1187,2602,4,14,https://api-scuda.uat.oci.krungsri.tech/ords/api/v1/customer/individual/searchprofile,33,0,22
1779799982400,115,UpdateIndividual,200,OK,UpdateIndividual 4-261,text,true,,800,4227,5,14,https://api-scuda.uat.oci.krungsri.tech/ic/api/v1/customer/individual/updateprofile,115,0,13
1779799982477,43,SearchIndividual,200,OK,SearchIndividual 2-651,text,true,,1129,2602,4,14,https://api-scuda.uat.oci.krungsri.tech/ords/api/v1/customer/individual/searchprofile,43,0,17
1779799982486,37,SearchIndividual,200,OK,SearchIndividual 2-652,text,true,,1119,2602,3,14,https://api-scuda.uat.oci.krungsri.tech/ords/api/v1/customer/individual/searchprofile,37,0,20
1779799982490,34,SearchIndividual,200,OK,SearchIndividual 2-653,text,true,,1187,2602,2,13,https://api-scuda.uat.oci.krungsri.tech/ords/api/v1/customer/individual/searchprofile,34,0,22
1779799982509,25,SearchIndividual,200,OK,SearchIndividual 2-654,text,true,,1193,2602,2,14,https://api-scuda.uat.oci.krungsri.tech/ords/api/v1/customer/individual/searchprofile,25,0,15
1779799982423,113,UpdateIndividual,200,OK,UpdateIndividual 4-262,text,true,,800,4228,5,13,https://api-scuda.uat.oci.krungsri.tech/ic/api/v1/customer/individual/updateprofile,113,0,14
1779799982074,467,CreateJoint,200,OK,CreateJoint 11-26,text,true,,1772,6099,2,12,https://api-scuda.uat.oci.krungsri.tech/ic/api/v1/customer/joint/createprofile,467,0,18
1779799982525,27,SearchIndividual,200,OK,SearchIndividual 2-655,text,true,,1105,2602,1,11,https://api-scuda.uat.oci.krungsri.tech/ords/api/v1/customer/individual/searchprofile,27,0,17
1779799982390,165,GetIndividual,200,OK,GetIndividual 1-414,text,true,,3916,3588,4,10,https://api-scuda.uat.oci.krungsri.tech/ic/api/v1/customer/individual/getprofile,165,0,37
1779799982439,122,UpdateIndividual,200,OK,UpdateIndividual 4-263,text,true,,800,4230,4,10,https://api-scuda.uat.oci.krungsri.tech/ic/api/v1/customer/individual/updateprofile,122,0,18
1779799982445,117,GetJoint,200,OK,GetJoint 9-23,text,true,,1429,3530,1,9,https://api-scuda.uat.oci.krungsri.tech/ic/api/v1/customer/joint/getprofile,117,0,20
1779799982455,107,GetIndividual,200,OK,GetIndividual 1-415,text,true,,3830,3588,3,9,https://api-scuda.uat.oci.krungsri.tech/ic/api/v1/customer/individual/getprofile,107,0,21
1779799982492,96,GetIndividual,200,OK,GetIndividual 1-416,text,true,,3786,3588,2,10,https://api-scuda.uat.oci.krungsri.tech/ic/api/v1/customer/individual/getprofile,96,0,18
1779799982560,34,SearchIndividual,200,OK,SearchIndividual 2-656,text,true,,1208,2601,2,9,https://api-scuda.uat.oci.krungsri.tech/ords/api/v1/customer/individual/searchprofile,34,0,21
1779799982566,36,SearchIndividual,200,OK,SearchIndividual 2-657,text,true,,1137,2602,1,8,https://api-scuda.uat.oci.krungsri.tech/ords/api/v1/customer/individual/searchprofile,36,0,20
1779799982372,241,UpdateIndividual,200,OK,UpdateIndividual 4-260,text,true,,800,5524,4,7,https://api-scuda.uat.oci.krungsri.tech/ic/api/v1/customer/individual/updateprofile,241,0,20
1779799982516,109,GetIndividual,200,OK,GetIndividual 1-417,text,true,,3906,3588,1,8,https://api-scuda.uat.oci.krungsri.tech/ic/api/v1/customer/individual/getprofile,109,0,18
1779799982623,24,SearchIndividual,200,OK,SearchIndividual 2-659,text,true,,1161,2602,3,8,https://api-scuda.uat.oci.krungsri.tech/ords/api/v1/customer/individual/searchprofile,24,0,11
1779799982614,34,SearchIndividual,200,OK,SearchIndividual 2-658,text,true,,1211,2602,2,7,https://api-scuda.uat.oci.krungsri.tech/ords/api/v1/customer/individual/searchprofile,34,0,19
1779799982493,163,UpdateIndividual,200,OK,UpdateIndividual 4-264,text,true,,800,4227,3,7,https://api-scuda.uat.oci.krungsri.tech/ic/api/v1/customer/individual/updateprofile,163,0,23
1779799982534,124,UpdateIndividual,200,OK,UpdateIndividual 4-265,text,true,,800,4227,2,6,https://api-scuda.uat.oci.krungsri.tech/ic/api/v1/customer/individual/updateprofile,124,0,17
1779799982646,29,SearchIndividual,200,OK,SearchIndividual 2-660,text,true,,1176,2601,2,5,https://api-scuda.uat.oci.krungsri.tech/ords/api/v1/customer/individual/searchprofile,28,0,16
1779799982577,100,GetJuristic,200,OK,GetJuristic 5-24,text,true,,3473,3533,1,4,https://api-scuda.uat.oci.krungsri.tech/ic/api/v1/customer/juristic/getprofile,100,0,17
1779799982652,36,SearchIndividual,200,OK,SearchIndividual 2-661,text,true,,1159,2602,2,5,https://api-scuda.uat.oci.krungsri.tech/ords/api/v1/customer/individual/searchprofile,36,0,24
1779799982586,137,UpdateIndividual,200,OK,UpdateIndividual 4-266,text,true,,800,4227,1,8,https://api-scuda.uat.oci.krungsri.tech/ic/api/v1/customer/individual/updateprofile,137,0,17
1779799982683,42,SearchIndividual,200,OK,SearchIndividual 2-662,text,true,,1223,2602,3,7,https://api-scuda.uat.oci.krungsri.tech/ords/api/v1/customer/individual/searchprofile,42,0,25
1779799982702,25,SearchIndividual,200,OK,SearchIndividual 2-663,text,true,,1209,2602,3,7,https://api-scuda.uat.oci.krungsri.tech/ords/api/v1/customer/individual/searchprofile,25,0,13
1779799982707,32,SearchIndividual,200,OK,SearchIndividual 2-664,text,true,,1189,2602,3,7,https://api-scuda.uat.oci.krungsri.tech/ords/api/v1/customer/individual/searchprofile,32,0,20
1779799982727,29,SearchIndividual,200,OK,SearchIndividual 2-665,text,true,,1173,2602,2,6,https://api-scuda.uat.oci.krungsri.tech/ords/api/v1/customer/individual/searchprofile,29,0,19
1779799982732,33,SearchIndividual,200,OK,SearchIndividual 2-666,text,true,,1199,2602,4,8,https://api-scuda.uat.oci.krungsri.tech/ords/api/v1/customer/individual/searchprofile,33,0,20
1779799982683,102,GetIndividual,200,OK,GetIndividual 1-418,text,true,,3883,3588,2,9,https://api-scuda.uat.oci.krungsri.tech/ic/api/v1/customer/individual/getprofile,102,0,15
1779799982760,30,SearchIndividual,200,OK,SearchIndividual 2-667,text,true,,1159,2602,3,9,https://api-scuda.uat.oci.krungsri.tech/ords/api/v1/customer/individual/searchprofile,29,0,17
1779799982761,29,SearchIndividual,200,OK,SearchIndividual 2-669,text,true,,1147,2602,2,8,https://api-scuda.uat.oci.krungsri.tech/ords/api/v1/customer/individual/searchprofile,29,0,17
1779799982760,31,SearchIndividual,200,OK,SearchIndividual 2-668,text,true,,1177,2602,1,7,https://api-scuda.uat.oci.krungsri.tech/ords/api/v1/customer/individual/searchprofile,31,0,20
1779799982698,111,GetIndividual,200,OK,GetIndividual 1-419,text,true,,3844,3587,2,8,https://api-scuda.uat.oci.krungsri.tech/ic/api/v1/customer/individual/getprofile,111,0,20
1779799982794,32,SearchIndividual,200,OK,SearchIndividual 2-670,text,true,,1155,2602,1,9,https://api-scuda.uat.oci.krungsri.tech/ords/api/v1/customer/individual/searchprofile,31,0,19
1779799982858,31,SearchIndividual,200,OK,SearchIndividual 2-671,text,true,,1187,2602,2,12,https://api-scuda.uat.oci.krungsri.tech/ords/api/v1/customer/individual/searchprofile,31,0,18
1779799982524,368,CreateJoint,200,OK,CreateJoint 11-27,text,true,,1772,6094,1,11,https://api-scuda.uat.oci.krungsri.tech/ic/api/v1/customer/joint/createprofile,368,0,19
1779799982770,130,UpdateIndividual,200,OK,UpdateIndividual 4-267,text,true,,800,4229,1,11,https://api-scuda.uat.oci.krungsri.tech/ic/api/v1/customer/individual/updateprofile,130,0,22
1779799982888,32,SearchIndividual,200,OK,SearchIndividual 2-672,text,true,,1157,2602,1,11,https://api-scuda.uat.oci.krungsri.tech/ords/api/v1/customer/individual/searchprofile,32,0,20
1779799982819,104,GetIndividual,200,OK,GetIndividual 1-422,text,true,,3884,3588,5,10,https://api-scuda.uat.oci.krungsri.tech/ic/api/v1/customer/individual/getprofile,104,0,19
1779799982806,120,GetIndividual,200,OK,GetIndividual 1-420,text,true,,3814,3588,4,9,https://api-scuda.uat.oci.krungsri.tech/ic/api/v1/customer/individual/getprofile,120,0,26
1779799982814,113,GetIndividual,200,OK,GetIndividual 1-421,text,true,,3841,3588,3,8,https://api-scuda.uat.oci.krungsri.tech/ic/api/v1/customer/individual/getprofile,113,0,16
1779799982918,34,SearchJuristic,200,OK,SearchJuristic 6-22,text,true,,982,2600,1,10,https://api-scuda.uat.oci.krungsri.tech/ords/api/v1/customer/juristic/searchprofile,34,0,21
1779799982844,116,GetIndividual,200,OK,GetIndividual 1-423,text,true,,3861,3588,3,10,https://api-scuda.uat.oci.krungsri.tech/ic/api/v1/customer/individual/getprofile,116,0,17
1779799982945,34,SearchIndividual,200,OK,SearchIndividual 2-673,text,true,,1189,2602,1,12,https://api-scuda.uat.oci.krungsri.tech/ords/api/v1/customer/individual/searchprofile,34,0,18
1779799982876,107,GetIndividual,200,OK,GetIndividual 1-424,text,true,,3874,3588,2,13,https://api-scuda.uat.oci.krungsri.tech/ic/api/v1/customer/individual/getprofile,107,0,20
1779799982980,33,SearchIndividual,200,OK,SearchIndividual 2-674,text,true,,1193,2602,2,12,https://api-scuda.uat.oci.krungsri.tech/ords/api/v1/customer/individual/searchprofile,33,0,21
1779799982983,36,SearchIndividual,200,OK,SearchIndividual 2-675,text,true,,1177,2602,3,14,https://api-scuda.uat.oci.krungsri.tech/ords/api/v1/customer/individual/searchprofile,36,0,23
1779799982791,253,UpdateJoint,200,OK,UpdateJoint 12-25,text,true,,800,4585,1,16,https://api-scuda.uat.oci.krungsri.tech/ic/api/v1/customer/joint/updateprofile,253,0,19
1779799983019,30,SearchIndividual,200,OK,SearchIndividual 2-677,text,true,,1165,2602,3,15,https://api-scuda.uat.oci.krungsri.tech/ords/api/v1/customer/individual/searchprofile,30,0,19
1779799983018,33,SearchIndividual,200,OK,SearchIndividual 2-676,text,true,,1182,2601,2,14,https://api-scuda.uat.oci.krungsri.tech/ords/api/v1/customer/individual/searchprofile,33,0,21
1779799983027,34,SearchIndividual,200,OK,SearchIndividual 2-678,text,true,,1117,2602,1,13,https://api-scuda.uat.oci.krungsri.tech/ords/api/v1/customer/individual/searchprofile,34,0,23
1779799982904,159,UpdateJuristic,200,OK,UpdateJuristic 8-23,text,true,,800,4422,1,12,https://api-scuda.uat.oci.krungsri.tech/ic/api/v1/customer/juristic/updateprofile,159,0,17
1779799983015,48,SearchJuristic,200,OK,SearchJuristic 6-23,text,true,,1014,2600,1,11,https://api-scuda.uat.oci.krungsri.tech/ords/api/v1/customer/juristic/searchprofile,48,0,24
1779799982947,120,UpdateIndividual,200,OK,UpdateIndividual 4-269,text,true,,800,4226,4,11,https://api-scuda.uat.oci.krungsri.tech/ic/api/v1/customer/individual/updateprofile,120,0,16
1779799982971,103,GetJoint,200,OK,GetJoint 9-24,text,true,,1429,3530,1,13,https://api-scuda.uat.oci.krungsri.tech/ic/api/v1/customer/joint/getprofile,103,0,27
1779799983065,35,SearchIndividual,200,OK,SearchIndividual 2-679,text,true,,1173,2602,4,14,https://api-scuda.uat.oci.krungsri.tech/ords/api/v1/customer/individual/searchprofile,35,0,22
1779799983069,31,SearchIndividual,200,OK,SearchIndividual 2-680,text,true,,1181,2602,3,13,https://api-scuda.uat.oci.krungsri.tech/ords/api/v1/customer/individual/searchprofile,31,0,18
1779799983071,29,SearchIndividual,200,OK,SearchIndividual 2-681,text,true,,1197,2602,3,13,https://api-scuda.uat.oci.krungsri.tech/ords/api/v1/customer/individual/searchprofile,29,0,18
1779799983086,25,SearchIndividual,200,OK,SearchIndividual 2-682,text,true,,1151,2602,1,12,https://api-scuda.uat.oci.krungsri.tech/ords/api/v1/customer/individual/searchprofile,25,0,11
1779799982943,168,UpdateIndividual,200,OK,UpdateIndividual 4-268,text,true,,800,5516,4,12,https://api-scuda.uat.oci.krungsri.tech/ic/api/v1/customer/individual/updateprofile,168,0,22
1779799983023,99,GetIndividual,200,OK,GetIndividual 1-427,text,true,,3887,3588,5,11,https://api-scuda.uat.oci.krungsri.tech/ic/api/v1/customer/individual/getprofile,99,0,17
1779799982701,470,CreateJuristic,201,Created,CreateJuristic 7-23,text,true,,1172,8040,1,12,https://api-scuda.uat.oci.krungsri.tech/ic/api/v1/customer/juristic/createprofile,470,0,21
1779799982980,194,UpdateIndividual,200,OK,UpdateIndividual 4-271,text,true,,800,5468,3,12,https://api-scuda.uat.oci.krungsri.tech/ic/api/v1/customer/individual/updateprofile,194,0,18
1779799983022,155,GetIndividual,200,OK,GetIndividual 1-426,text,true,,3878,3588,5,12,https://api-scuda.uat.oci.krungsri.tech/ic/api/v1/customer/individual/getprofile,155,0,23
1779799983156,34,SearchIndividual,200,OK,SearchIndividual 2-683,text,true,,1169,2602,2,11,https://api-scuda.uat.oci.krungsri.tech/ords/api/v1/customer/individual/searchprofile,34,0,22
1779799982959,241,GetIndividual,200,OK,GetIndividual 1-425,text,true,,3872,3587,4,11,https://api-scuda.uat.oci.krungsri.tech/ic/api/v1/customer/individual/getprofile,241,0,15
1779799982970,237,UpdateIndividual,200,OK,UpdateIndividual 4-270,text,true,,800,4227,4,11,https://api-scuda.uat.oci.krungsri.tech/ic/api/v1/customer/individual/updateprofile,237,0,24
1779799983173,39,SearchIndividual,200,OK,SearchIndividual 2-684,text,true,,1111,2602,1,11,https://api-scuda.uat.oci.krungsri.tech/ords/api/v1/customer/individual/searchprofile,39,0,27
1779799983109,104,GetIndividual,200,OK,GetIndividual 1-428,text,true,,3798,3588,3,10,https://api-scuda.uat.oci.krungsri.tech/ic/api/v1/customer/individual/getprofile,104,0,18
1779799982778,438,CreateIndividual,201,Created,CreateIndividual 3-22,text,true,,1172,8315,2,10,https://api-scuda.uat.oci.krungsri.tech/ic/api/v1/customer/individual/createprofile,438,0,14
1779799983102,120,UpdateIndividual,200,OK,UpdateIndividual 4-272,text,true,,800,4227,3,11,https://api-scuda.uat.oci.krungsri.tech/ic/api/v1/customer/individual/updateprofile,120,0,18
1779799983121,109,GetIndividual,200,OK,GetIndividual 1-429,text,true,,3797,3588,2,10,https://api-scuda.uat.oci.krungsri.tech/ic/api/v1/customer/individual/getprofile,109,0,15
1779799983131,106,GetIndividual,200,OK,GetIndividual 1-430,text,true,,3807,3588,1,10,https://api-scuda.uat.oci.krungsri.tech/ic/api/v1/customer/individual/getprofile,106,0,20
1779799983215,32,SearchIndividual,200,OK,SearchIndividual 2-685,text,true,,1159,2602,2,9,https://api-scuda.uat.oci.krungsri.tech/ords/api/v1/customer/individual/searchprofile,32,0,19
1779799983211,37,SearchJuristic,200,OK,SearchJuristic 6-24,text,true,,1002,2600,1,8,https://api-scuda.uat.oci.krungsri.tech/ords/api/v1/customer/juristic/searchprofile,37,0,19
1779799983222,30,SearchIndividual,200,OK,SearchIndividual 2-686,text,true,,1131,2602,1,7,https://api-scuda.uat.oci.krungsri.tech/ords/api/v1/customer/individual/searchprofile,29,0,18
1779799983258,30,SearchIndividual,200,OK,SearchIndividual 2-687,text,true,,1163,2602,5,12,https://api-scuda.uat.oci.krungsri.tech/ords/api/v1/customer/individual/searchprofile,30,0,16
1779799983264,40,SearchIndividual,200,OK,SearchIndividual 2-688,text,true,,1183,2602,4,11,https://api-scuda.uat.oci.krungsri.tech/ords/api/v1/customer/individual/searchprofile,40,0,27
1779799983272,30,SearchIndividual,200,OK,SearchIndividual 2-689,text,true,,1153,2602,4,11,https://api-scuda.uat.oci.krungsri.tech/ords/api/v1/customer/individual/searchprofile,30,0,17
1779799983180,140,UpdateIndividual,200,OK,UpdateIndividual 4-273,text,true,,800,4229,4,11,https://api-scuda.uat.oci.krungsri.tech/ic/api/v1/customer/individual/updateprofile,140,0,19
1779799983279,47,SearchIndividual,200,OK,SearchIndividual 2-691,text,true,,1180,2601,3,10,https://api-scuda.uat.oci.krungsri.tech/ords/api/v1/customer/individual/searchprofile,46,0,35
1779799983278,48,SearchIndividual,200,OK,SearchIndividual 2-690,text,true,,1189,2602,2,9,https://api-scuda.uat.oci.krungsri.tech/ords/api/v1/customer/individual/searchprofile,48,0,35
1779799983208,121,UpdateIndividual,200,OK,UpdateIndividual 4-274,text,true,,800,4228,3,8,https://api-scuda.uat.oci.krungsri.tech/ic/api/v1/customer/individual/updateprofile,121,0,20
1779799983320,32,SearchIndividual,200,OK,SearchIndividual 2-692,text,true,,1133,2602,3,11,https://api-scuda.uat.oci.krungsri.tech/ords/api/v1/customer/individual/searchprofile,32,0,20
1779799983238,119,UpdateIndividual,200,OK,UpdateIndividual 4-275,text,true,,800,4229,2,10,https://api-scuda.uat.oci.krungsri.tech/ic/api/v1/customer/individual/updateprofile,119,0,23
1779799983345,32,SearchIndividual,200,OK,SearchIndividual 2-694,text,true,,1171,2602,3,11,https://api-scuda.uat.oci.krungsri.tech/ords/api/v1/customer/individual/searchprofile,32,0,20
1779799983344,33,SearchIndividual,200,OK,SearchIndividual 2-693,text,true,,1183,2602,3,11,https://api-scuda.uat.oci.krungsri.tech/ords/api/v1/customer/individual/searchprofile,33,0,22
1779799983359,30,SearchIndividual,200,OK,SearchIndividual 2-695,text,true,,1224,2601,2,10,https://api-scuda.uat.oci.krungsri.tech/ords/api/v1/customer/individual/searchprofile,30,0,18
1779799983312,101,GetIndividual,200,OK,GetIndividual 1-431,text,true,,3868,3587,3,10,https://api-scuda.uat.oci.krungsri.tech/ic/api/v1/customer/individual/getprofile,101,0,16
1779799983255,159,UpdateIndividual,200,OK,UpdateIndividual 4-276,text,true,,800,5594,2,9,https://api-scuda.uat.oci.krungsri.tech/ic/api/v1/customer/individual/updateprofile,159,0,22
1779799983385,32,SearchIndividual,200,OK,SearchIndividual 2-696,text,true,,1269,2602,2,8,https://api-scuda.uat.oci.krungsri.tech/ords/api/v1/customer/individual/searchprofile,32,0,21
1779799983400,32,SearchIndividual,200,OK,SearchIndividual 2-697,text,true,,1125,2602,3,10,https://api-scuda.uat.oci.krungsri.tech/ords/api/v1/customer/individual/searchprofile,32,0,20
1779799983339,95,GetIndividual,200,OK,GetIndividual 1-433,text,true,,3822,3588,2,9,https://api-scuda.uat.oci.krungsri.tech/ic/api/v1/customer/individual/getprofile,95,0,19
1779799983333,113,GetIndividual,200,OK,GetIndividual 1-432,text,true,,3796,3588,1,8,https://api-scuda.uat.oci.krungsri.tech/ic/api/v1/customer/individual/getprofile,113,0,22
1779799983424,30,SearchIndividual,200,OK,SearchIndividual 2-698,text,true,,1181,2602,2,8,https://api-scuda.uat.oci.krungsri.tech/ords/api/v1/customer/individual/searchprofile,29,0,17
1779799983429,32,SearchIndividual,200,OK,SearchIndividual 2-699,text,true,,1158,2601,1,9,https://api-scuda.uat.oci.krungsri.tech/ords/api/v1/customer/individual/searchprofile,31,0,20
1779799983074,393,CreateIndividual,201,Created,CreateIndividual 3-23,text,true,,1172,7854,1,8,https://api-scuda.uat.oci.krungsri.tech/ic/api/v1/customer/individual/createprofile,393,0,19
1779799983473,26,SearchIndividual,200,OK,SearchIndividual 2-700,text,true,,1171,2602,3,12,https://api-scuda.uat.oci.krungsri.tech/ords/api/v1/customer/individual/searchprofile,25,0,14
1779799983490,29,SearchIndividual,200,OK,SearchIndividual 2-701,text,true,,1197,2602,2,12,https://api-scuda.uat.oci.krungsri.tech/ords/api/v1/customer/individual/searchprofile,29,0,18
1779799983220,306,CreateJoint,200,OK,CreateJoint 11-28,text,true,,1771,5766,1,11,https://api-scuda.uat.oci.krungsri.tech/ic/api/v1/customer/joint/createprofile,306,0,19
1779799983497,30,SearchIndividual,200,OK,SearchIndividual 2-702,text,true,,1237,2602,1,10,https://api-scuda.uat.oci.krungsri.tech/ords/api/v1/customer/individual/searchprofile,30,0,20
1779799983457,106,GetIndividual,200,OK,GetIndividual 1-435,text,true,,3914,3588,5,13,https://api-scuda.uat.oci.krungsri.tech/ic/api/v1/customer/individual/getprofile,106,0,20
1779799983420,151,UpdateIndividual,200,OK,UpdateIndividual 4-278,text,true,,800,4228,6,12,https://api-scuda.uat.oci.krungsri.tech/ic/api/v1/customer/individual/updateprofile,151,0,25
1779799983454,127,GetIndividual,200,OK,GetIndividual 1-434,text,true,,3901,3588,4,12,https://api-scuda.uat.oci.krungsri.tech/ic/api/v1/customer/individual/getprofile,127,0,15
1779799983379,202,UpdateIndividual,200,OK,UpdateIndividual 4-277,text,true,,800,4229,6,12,https://api-scuda.uat.oci.krungsri.tech/ic/api/v1/customer/individual/updateprofile,202,0,17
1779799983497,114,GetIndividual,200,OK,GetIndividual 1-436,text,true,,3889,3588,3,11,https://api-scuda.uat.oci.krungsri.tech/ic/api/v1/customer/individual/getprofile,114,0,20
1779799983604,33,SearchIndividual,200,OK,SearchIndividual 2-703,text,true,,1197,2602,2,12,https://api-scuda.uat.oci.krungsri.tech/ords/api/v1/customer/individual/searchprofile,33,0,19
1779799983481,164,UpdateIndividual,200,OK,UpdateIndividual 4-280,text,true,,800,5567,5,12,https://api-scuda.uat.oci.krungsri.tech/ic/api/v1/customer/individual/updateprofile,164,0,14
1779799983542,107,GetIndividual,200,OK,GetIndividual 1-438,text,true,,3777,3588,5,13,https://api-scuda.uat.oci.krungsri.tech/ic/api/v1/customer/individual/getprofile,107,0,19
1779799983629,28,SearchIndividual,200,OK,SearchIndividual 2-704,text,true,,1137,2602,2,13,https://api-scuda.uat.oci.krungsri.tech/ords/api/v1/customer/individual/searchprofile,28,0,16
1779799983647,20,SearchIndividual,200,OK,SearchIndividual 2-705,text,true,,1159,2602,2,14,https://api-scuda.uat.oci.krungsri.tech/ords/api/v1/customer/individual/searchprofile,20,0,8
1779799983534,134,GetIndividual,200,OK,GetIndividual 1-437,text,true,,3774,3588,4,13,https://api-scuda.uat.oci.krungsri.tech/ic/api/v1/customer/individual/getprofile,134,0,19
1779799983195,478,CreateJuristic,201,Created,CreateJuristic 7-24,text,true,,1172,7862,1,12,https://api-scuda.uat.oci.krungsri.tech/ic/api/v1/customer/juristic/createprofile,478,0,16
1779799983554,136,UpdateIndividual,200,OK,UpdateIndividual 4-282,text,true,,800,4229,5,13,https://api-scuda.uat.oci.krungsri.tech/ic/api/v1/customer/individual/updateprofile,136,0,15
1779799983538,160,UpdateIndividual,200,OK,UpdateIndividual 4-281,text,true,,800,5531,4,12,https://api-scuda.uat.oci.krungsri.tech/ic/api/v1/customer/individual/updateprofile,160,0,13
1779799983668,31,SearchIndividual,200,OK,SearchIndividual 2-706,text,true,,1185,2602,2,11,https://api-scuda.uat.oci.krungsri.tech/ords/api/v1/customer/individual/searchprofile,31,0,19
1779799983517,201,GetJuristic,200,OK,GetJuristic 5-25,text,true,,3492,3533,1,11,https://api-scuda.uat.oci.krungsri.tech/ic/api/v1/customer/juristic/getprofile,201,0,20
1779799983683,40,SearchIndividual,200,OK,SearchIndividual 2-707,text,true,,1178,2601,1,10,https://api-scuda.uat.oci.krungsri.tech/ords/api/v1/customer/individual/searchprofile,40,0,25
1779799983641,95,GetIndividual,200,OK,GetIndividual 1-440,text,true,,3825,3588,4,9,https://api-scuda.uat.oci.krungsri.tech/ic/api/v1/customer/individual/getprofile,95,0,10
1779799983579,164,UpdateIndividual,200,OK,UpdateIndividual 4-283,text,true,,800,5634,3,10,https://api-scuda.uat.oci.krungsri.tech/ic/api/v1/customer/individual/updateprofile,164,0,19
1779799983637,110,GetIndividual,200,OK,GetIndividual 1-439,text,true,,3849,3587,5,10,https://api-scuda.uat.oci.krungsri.tech/ic/api/v1/customer/individual/getprofile,110,0,22
1779799983682,99,GetJoint,200,OK,GetJoint 9-25,text,true,,1429,3530,1,11,https://api-scuda.uat.oci.krungsri.tech/ic/api/v1/customer/joint/getprofile,99,0,19
1779799983760,33,SearchJoint,200,OK,SearchJoint 10-25,text,true,,620,2626,1,12,https://api-scuda.uat.oci.krungsri.tech/ords/api/v1/customer/joint/searchprofile,33,0,19
1779799983646,147,GetIndividual,200,OK,GetIndividual 1-441,text,true,,3904,3588,5,12,https://api-scuda.uat.oci.krungsri.tech/ic/api/v1/customer/individual/getprofile,147,0,21
1779799983450,360,UpdateIndividual,200,OK,UpdateIndividual 4-279,text,true,,800,5583,3,11,https://api-scuda.uat.oci.krungsri.tech/ic/api/v1/customer/individual/updateprofile,360,0,11
1779799983779,25,SearchIndividual,200,OK,SearchIndividual 2-708,text,true,,1117,2602,1,10,https://api-scuda.uat.oci.krungsri.tech/ords/api/v1/customer/individual/searchprofile,25,0,13
1779799983660,170,UpdateIndividual,200,OK,UpdateIndividual 4-284,text,true,,800,5536,2,12,https://api-scuda.uat.oci.krungsri.tech/ic/api/v1/customer/individual/updateprofile,170,0,18
1779799983808,30,SearchIndividual,200,OK,SearchIndividual 2-709,text,true,,1157,2602,3,11,https://api-scuda.uat.oci.krungsri.tech/ords/api/v1/customer/individual/searchprofile,30,0,18
1779799983741,97,GetIndividual,200,OK,GetIndividual 1-444,text,true,,3857,3588,5,11,https://api-scuda.uat.oci.krungsri.tech/ic/api/v1/customer/individual/getprofile,97,0,17
1779799983819,34,SearchIndividual,200,OK,SearchIndividual 2-710,text,true,,1235,2602,2,10,https://api-scuda.uat.oci.krungsri.tech/ords/api/v1/customer/individual/searchprofile,33,0,21
1779799983740,113,GetIndividual,200,OK,GetIndividual 1-443,text,true,,3860,3588,4,10,https://api-scuda.uat.oci.krungsri.tech/ic/api/v1/customer/individual/getprofile,113,0,14
1779799983825,30,SearchIndividual,200,OK,SearchIndividual 2-711,text,true,,1173,2602,1,9,https://api-scuda.uat.oci.krungsri.tech/ords/api/v1/customer/individual/searchprofile,30,0,19
1779799983702,174,GetIndividual,200,OK,GetIndividual 1-442,text,true,,3829,3588,4,9,https://api-scuda.uat.oci.krungsri.tech/ic/api/v1/customer/individual/getprofile,174,0,20
1779799983788,107,GetIndividual,200,OK,GetIndividual 1-445,text,true,,3789,3588,3,9,https://api-scuda.uat.oci.krungsri.tech/ic/api/v1/customer/individual/getprofile,107,0,18
1779799983874,24,SearchIndividual,200,OK,SearchIndividual 2-712,text,true,,1225,2602,2,8,https://api-scuda.uat.oci.krungsri.tech/ords/api/v1/customer/individual/searchprofile,24,0,12
1779799983894,26,SearchIndividual,200,OK,SearchIndividual 2-713,text,true,,1154,2601,2,9,https://api-scuda.uat.oci.krungsri.tech/ords/api/v1/customer/individual/searchprofile,25,0,12
1779799983823,100,GetIndividual,200,OK,GetIndividual 1-446,text,true,,3849,3588,3,8,https://api-scuda.uat.oci.krungsri.tech/ic/api/v1/customer/individual/getprofile,100,0,20
1779799983919,32,SearchIndividual,200,OK,SearchIndividual 2-714,text,true,,1160,2601,4,10,https://api-scuda.uat.oci.krungsri.tech/ords/api/v1/customer/individual/searchprofile,32,0,18
1779799983924,31,SearchIndividual,200,OK,SearchIndividual 2-715,text,true,,1207,2602,3,9,https://api-scuda.uat.oci.krungsri.tech/ords/api/v1/customer/individual/searchprofile,31,0,19
1779799983930,26,SearchIndividual,200,OK,SearchIndividual 2-716,text,true,,1154,2601,2,8,https://api-scuda.uat.oci.krungsri.tech/ords/api/v1/customer/individual/searchprofile,25,0,14
1779799983788,168,UpdateIndividual,200,OK,UpdateIndividual 4-285,text,true,,800,5547,2,7,https://api-scuda.uat.oci.krungsri.tech/ic/api/v1/customer/individual/updateprofile,168,0,20
1779799983854,113,GetIndividual,200,OK,GetIndividual 1-447,text,true,,3858,3588,2,7,https://api-scuda.uat.oci.krungsri.tech/ic/api/v1/customer/individual/getprofile,113,0,20
1779799983945,23,SearchIndividual,200,OK,SearchIndividual 2-717,text,true,,1133,2602,2,6,https://api-scuda.uat.oci.krungsri.tech/ords/api/v1/customer/individual/searchprofile,23,0,11
1779799983958,26,SearchIndividual,200,OK,SearchIndividual 2-718,text,true,,1197,2602,1,6,https://api-scuda.uat.oci.krungsri.tech/ords/api/v1/customer/individual/searchprofile,26,0,15
1779799983919,95,GetIndividual,200,OK,GetIndividual 1-448,text,true,,3848,3587,2,8,https://api-scuda.uat.oci.krungsri.tech/ic/api/v1/customer/individual/getprofile,95,0,16
1779799983848,173,UpdateIndividual,200,OK,UpdateIndividual 4-286,text,true,,800,5596,3,9,https://api-scuda.uat.oci.krungsri.tech/ic/api/v1/customer/individual/updateprofile,173,0,20
1779799983999,41,SearchIndividual,200,OK,SearchIndividual 2-720,text,true,,1165,2602,3,9,https://api-scuda.uat.oci.krungsri.tech/ords/api/v1/customer/individual/searchprofile,41,0,19
1779799983995,47,SearchIndividual,200,OK,SearchIndividual 2-719,text,true,,1167,2602,2,8,https://api-scuda.uat.oci.krungsri.tech/ords/api/v1/customer/individual/searchprofile,46,0,23
1779799984015,35,SearchIndividual,200,OK,SearchIndividual 2-721,text,true,,1191,2602,1,8,https://api-scuda.uat.oci.krungsri.tech/ords/api/v1/customer/individual/searchprofile,35,0,13
1779799984059,33,SearchIndividual,200,OK,SearchIndividual 2-722,text,true,,1185,2602,2,10,https://api-scuda.uat.oci.krungsri.tech/ords/api/v1/customer/individual/searchprofile,33,0,21
1779799983983,112,GetIndividual,200,OK,GetIndividual 1-449,text,true,,3840,3588,2,9,https://api-scuda.uat.oci.krungsri.tech/ic/api/v1/customer/individual/getprofile,112,0,16
1779799983656,452,CreateIndividual,201,Created,CreateIndividual 3-24,text,true,,1172,8080,2,10,https://api-scuda.uat.oci.krungsri.tech/ic/api/v1/customer/individual/createprofile,452,0,18
1779799984081,30,SearchIndividual,200,OK,SearchIndividual 2-723,text,true,,1185,2602,3,9,https://api-scuda.uat.oci.krungsri.tech/ords/api/v1/customer/individual/searchprofile,30,0,17
1779799984097,30,SearchIndividual,200,OK,SearchIndividual 2-724,text,true,,1203,2602,2,8,https://api-scuda.uat.oci.krungsri.tech/ords/api/v1/customer/individual/searchprofile,30,0,19
1779799984101,31,SearchIndividual,200,OK,SearchIndividual 2-725,text,true,,1092,2601,2,9,https://api-scuda.uat.oci.krungsri.tech/ords/api/v1/customer/individual/searchprofile,31,0,19
1779799984020,139,UpdateIndividual,200,OK,UpdateIndividual 4-288,text,true,,800,4229,4,9,https://api-scuda.uat.oci.krungsri.tech/ic/api/v1/customer/individual/updateprofile,139,0,20
1779799983991,168,UpdateIndividual,200,OK,UpdateIndividual 4-287,text,true,,800,5639,4,9,https://api-scuda.uat.oci.krungsri.tech/ic/api/v1/customer/individual/updateprofile,168,0,18
1779799984130,29,SearchIndividual,200,OK,SearchIndividual 2-726,text,true,,1175,2602,2,8,https://api-scuda.uat.oci.krungsri.tech/ords/api/v1/customer/individual/searchprofile,29,0,16
1779799984047,121,UpdateIndividual,200,OK,UpdateIndividual 4-290,text,true,,800,4227,2,6,https://api-scuda.uat.oci.krungsri.tech/ic/api/v1/customer/individual/updateprofile,121,0,16
1779799984081,93,GetIndividual,200,OK,GetIndividual 1-450,text,true,,3861,3588,2,5,https://api-scuda.uat.oci.krungsri.tech/ic/api/v1/customer/individual/getprofile,93,0,14
1779799984146,36,SearchIndividual,200,OK,SearchIndividual 2-727,text,true,,1155,2602,2,7,https://api-scuda.uat.oci.krungsri.tech/ords/api/v1/customer/individual/searchprofile,36,0,22
1779799984037,162,UpdateIndividual,200,OK,UpdateIndividual 4-289,text,true,,800,5525,3,7,https://api-scuda.uat.oci.krungsri.tech/ic/api/v1/customer/individual/updateprofile,162,0,11
1779799984176,36,SearchIndividual,200,OK,SearchIndividual 2-728,text,true,,1118,2601,2,6,https://api-scuda.uat.oci.krungsri.tech/ords/api/v1/customer/individual/searchprofile,36,0,21
1779799984186,35,SearchIndividual,200,OK,SearchIndividual 2-729,text,true,,1199,2602,1,5,https://api-scuda.uat.oci.krungsri.tech/ords/api/v1/customer/individual/searchprofile,35,0,23
1779799984131,103,GetIndividual,200,OK,GetIndividual 1-451,text,true,,3941,3588,4,7,https://api-scuda.uat.oci.krungsri.tech/ic/api/v1/customer/individual/getprofile,103,0,14
1779799983750,525,CreateIndividual,201,Created,CreateIndividual 3-25,text,true,,1172,8442,1,8,https://api-scuda.uat.oci.krungsri.tech/ic/api/v1/customer/individual/createprofile,525,0,18
1779799984271,37,SearchIndividual,200,OK,SearchIndividual 2-730,text,true,,1179,2602,3,9,https://api-scuda.uat.oci.krungsri.tech/ords/api/v1/customer/individual/searchprofile,36,0,23
1779799984279,29,SearchIndividual,200,OK,SearchIndividual 2-731,text,true,,1219,2602,3,9,https://api-scuda.uat.oci.krungsri.tech/ords/api/v1/customer/individual/searchprofile,29,0,17
1779799984234,91,GetIndividual,200,OK,GetIndividual 1-454,text,true,,3829,3588,5,9,https://api-scuda.uat.oci.krungsri.tech/ic/api/v1/customer/individual/getprofile,91,0,14
1779799984297,34,SearchIndividual,200,OK,SearchIndividual 2-732,text,true,,1209,2602,2,8,https://api-scuda.uat.oci.krungsri.tech/ords/api/v1/customer/individual/searchprofile,34,0,23
1779799984182,159,UpdateIndividual,200,OK,UpdateIndividual 4-291,text,true,,800,5542,2,7,https://api-scuda.uat.oci.krungsri.tech/ic/api/v1/customer/individual/updateprofile,159,0,18
1779799984231,113,GetIndividual,200,OK,GetIndividual 1-453,text,true,,3875,3588,4,6,https://api-scuda.uat.oci.krungsri.tech/ic/api/v1/customer/individual/getprofile,113,0,16
1779799984236,109,GetIndividual,200,OK,GetIndividual 1-455,text,true,,3790,3588,3,6,https://api-scuda.uat.oci.krungsri.tech/ic/api/v1/customer/individual/getprofile,109,0,17
1779799984323,25,SearchIndividual,200,OK,SearchIndividual 2-733,text,true,,1179,2602,1,5,https://api-scuda.uat.oci.krungsri.tech/ords/api/v1/customer/individual/searchprofile,25,0,13
1779799984230,121,GetIndividual,200,OK,GetIndividual 1-452,text,true,,3845,3588,2,4,https://api-scuda.uat.oci.krungsri.tech/ic/api/v1/customer/individual/getprofile,121,0,21
1779799984182,174,UpdateIndividual,200,OK,UpdateIndividual 4-292,text,true,,800,5595,2,3,https://api-scuda.uat.oci.krungsri.tech/ic/api/v1/customer/individual/updateprofile,174,0,21
1779799984360,31,SearchJoint,200,OK,SearchJoint 10-26,text,true,,621,2627,1,5,https://api-scuda.uat.oci.krungsri.tech/ords/api/v1/customer/joint/searchprofile,31,0,20
1779799984358,34,SearchIndividual,200,OK,SearchIndividual 2-734,text,true,,1181,2602,1,5,https://api-scuda.uat.oci.krungsri.tech/ords/api/v1/customer/individual/searchprofile,33,0,20
1779799984318,109,GetIndividual,200,OK,GetIndividual 1-456,text,true,,3847,3588,4,6,https://api-scuda.uat.oci.krungsri.tech/ic/api/v1/customer/individual/getprofile,109,0,17
1779799984361,98,GetJoint,200,OK,GetJoint 9-26,text,true,,1429,3530,1,6,https://api-scuda.uat.oci.krungsri.tech/ic/api/v1/customer/joint/getprofile,97,0,21
1779799984402,97,GetIndividual,200,OK,GetIndividual 1-457,text,true,,3945,3588,4,8,https://api-scuda.uat.oci.krungsri.tech/ic/api/v1/customer/individual/getprofile,97,0,12
1779799984476,30,SearchIndividual,200,OK,SearchIndividual 2-735,text,true,,1173,2602,3,7,https://api-scuda.uat.oci.krungsri.tech/ords/api/v1/customer/individual/searchprofile,29,0,18
1779799984413,96,GetIndividual,200,OK,GetIndividual 1-458,text,true,,3871,3588,3,7,https://api-scuda.uat.oci.krungsri.tech/ic/api/v1/customer/individual/getprofile,96,0,13
1779799984348,170,UpdateIndividual,200,OK,UpdateIndividual 4-293,text,true,,800,5554,1,6,https://api-scuda.uat.oci.krungsri.tech/ic/api/v1/customer/individual/updateprofile,170,0,21
1779799984490,35,SearchIndividual,200,OK,SearchIndividual 2-736,text,true,,1169,2602,3,5,https://api-scuda.uat.oci.krungsri.tech/ords/api/v1/customer/individual/searchprofile,35,0,24
1779799984495,32,SearchIndividual,200,OK,SearchIndividual 2-737,text,true,,1201,2602,2,4,https://api-scuda.uat.oci.krungsri.tech/ords/api/v1/customer/individual/searchprofile,32,0,21
1779799984417,115,GetIndividual,200,OK,GetIndividual 1-459,text,true,,3873,3588,2,3,https://api-scuda.uat.oci.krungsri.tech/ic/api/v1/customer/individual/getprofile,115,0,25
1779799984509,27,SearchIndividual,200,OK,SearchIndividual 2-738,text,true,,1151,2602,1,2,https://api-scuda.uat.oci.krungsri.tech/ords/api/v1/customer/individual/searchprofile,27,0,15
1779799984439,106,GetIndividual,200,OK,GetIndividual 1-460,text,true,,3825,3588,1,2,https://api-scuda.uat.oci.krungsri.tech/ic/api/v1/customer/individual/getprofile,106,0,20
1779799984552,31,SearchIndividual,200,OK,SearchIndividual 2-739,text,true,,1157,2602,1,4,https://api-scuda.uat.oci.krungsri.tech/ords/api/v1/customer/individual/searchprofile,30,0,19
1779799984605,32,SearchIndividual,200,OK,SearchIndividual 2-740,text,true,,1201,2602,3,8,https://api-scuda.uat.oci.krungsri.tech/ords/api/v1/customer/individual/searchprofile,32,0,18
1779799984617,33,SearchIndividual,200,OK,SearchIndividual 2-741,text,true,,1178,2601,6,12,https://api-scuda.uat.oci.krungsri.tech/ords/api/v1/customer/individual/searchprofile,33,0,20
1779799984632,31,SearchIndividual,200,OK,SearchIndividual 2-742,text,true,,1189,2602,6,13,https://api-scuda.uat.oci.krungsri.tech/ords/api/v1/customer/individual/searchprofile,31,0,20
1779799984638,29,SearchJoint,200,OK,SearchJoint 10-27,text,true,,621,2627,1,12,https://api-scuda.uat.oci.krungsri.tech/ords/api/v1/customer/joint/searchprofile,29,0,18
1779799984645,26,SearchIndividual,200,OK,SearchIndividual 2-744,text,true,,1171,2602,5,12,https://api-scuda.uat.oci.krungsri.tech/ords/api/v1/customer/individual/searchprofile,26,0,14
1779799984640,31,SearchIndividual,200,OK,SearchIndividual 2-743,text,true,,1163,2602,5,12,https://api-scuda.uat.oci.krungsri.tech/ords/api/v1/customer/individual/searchprofile,31,0,19
1779799984573,105,GetIndividual,200,OK,GetIndividual 1-461,text,true,,3755,3588,3,10,https://api-scuda.uat.oci.krungsri.tech/ic/api/v1/customer/individual/getprofile,105,0,19
1779799984653,28,SearchIndividual,200,OK,SearchIndividual 2-747,text,true,,1151,2602,4,10,https://api-scuda.uat.oci.krungsri.tech/ords/api/v1/customer/individual/searchprofile,28,0,17
1779799984648,33,SearchIndividual,200,OK,SearchIndividual 2-746,text,true,,1149,2602,4,10,https://api-scuda.uat.oci.krungsri.tech/ords/api/v1/customer/individual/searchprofile,33,0,22
1779799984647,35,SearchIndividual,200,OK,SearchIndividual 2-745,text,true,,1233,2602,2,8,https://api-scuda.uat.oci.krungsri.tech/ords/api/v1/customer/individual/searchprofile,35,0,22
1779799984539,145,UpdateIndividual,200,OK,UpdateIndividual 4-294,text,true,,800,4227,3,7,https://api-scuda.uat.oci.krungsri.tech/ic/api/v1/customer/individual/updateprofile,145,0,24
1779799984659,32,SearchJuristic,200,OK,SearchJuristic 6-25,text,true,,1006,2600,1,6,https://api-scuda.uat.oci.krungsri.tech/ords/api/v1/customer/juristic/searchprofile,32,0,21
1779799984679,27,SearchIndividual,200,OK,SearchIndividual 2-748,text,true,,1179,2602,1,5,https://api-scuda.uat.oci.krungsri.tech/ords/api/v1/customer/individual/searchprofile,27,0,15
1779799984550,156,UpdateIndividual,200,OK,UpdateIndividual 4-295,text,true,,800,5612,2,4,https://api-scuda.uat.oci.krungsri.tech/ic/api/v1/customer/individual/updateprofile,156,0,18
1779799984609,102,GetIndividual,200,OK,GetIndividual 1-462,text,true,,3906,3588,2,3,https://api-scuda.uat.oci.krungsri.tech/ic/api/v1/customer/individual/getprofile,102,0,21
1779799984738,29,SearchJoint,200,OK,SearchJoint 10-28,text,true,,621,2627,1,5,https://api-scuda.uat.oci.krungsri.tech/ords/api/v1/customer/joint/searchprofile,29,0,14
1779799984670,110,GetIndividual,200,OK,GetIndividual 1-463,text,true,,3860,3587,2,6,https://api-scuda.uat.oci.krungsri.tech/ic/api/v1/customer/individual/getprofile,110,0,22
1779799984626,182,UpdateIndividual,200,OK,UpdateIndividual 4-296,text,true,,800,4227,3,8,https://api-scuda.uat.oci.krungsri.tech/ic/api/v1/customer/individual/updateprofile,182,0,18
1779799984791,30,SearchIndividual,200,OK,SearchIndividual 2-749,text,true,,1175,2602,1,9,https://api-scuda.uat.oci.krungsri.tech/ords/api/v1/customer/individual/searchprofile,30,0,17
1779799984715,124,UpdateIndividual,200,OK,UpdateIndividual 4-297,text,true,,800,4229,2,11,https://api-scuda.uat.oci.krungsri.tech/ic/api/v1/customer/individual/updateprofile,124,0,20
1779799984716,128,UpdateIndividual,200,OK,UpdateIndividual 4-298,text,true,,800,4228,1,10,https://api-scuda.uat.oci.krungsri.tech/ic/api/v1/customer/individual/updateprofile,128,0,20
1779799984825,26,SearchIndividual,200,OK,SearchIndividual 2-750,text,true,,1195,2602,2,9,https://api-scuda.uat.oci.krungsri.tech/ords/api/v1/customer/individual/searchprofile,26,0,14
1779799984828,30,SearchIndividual,200,OK,SearchIndividual 2-751,text,true,,1192,2601,1,8,https://api-scuda.uat.oci.krungsri.tech/ords/api/v1/customer/individual/searchprofile,30,0,19
1779799984771,101,GetJuristic,200,OK,GetJuristic 5-26,text,true,,3472,3533,1,7,https://api-scuda.uat.oci.krungsri.tech/ic/api/v1/customer/juristic/getprofile,101,0,14
1779799984773,106,GetIndividual,200,OK,GetIndividual 1-464,text,true,,3903,3588,7,7,https://api-scuda.uat.oci.krungsri.tech/ic/api/v1/customer/individual/getprofile,106,0,19
1779799984785,97,GetIndividual,200,OK,GetIndividual 1-465,text,true,,3851,3588,6,7,https://api-scuda.uat.oci.krungsri.tech/ic/api/v1/customer/individual/getprofile,97,0,17
1779799984796,105,GetIndividual,200,OK,GetIndividual 1-466,text,true,,3882,3586,5,7,https://api-scuda.uat.oci.krungsri.tech/ic/api/v1/customer/individual/getprofile,105,0,17
1779799984811,104,GetIndividual,200,OK,GetIndividual 1-467,text,true,,3883,3588,5,7,https://api-scuda.uat.oci.krungsri.tech/ic/api/v1/customer/individual/getprofile,104,0,11
1779799984879,43,SearchIndividual,200,OK,SearchIndividual 2-752,text,true,,1171,2602,1,6,https://api-scuda.uat.oci.krungsri.tech/ords/api/v1/customer/individual/searchprofile,42,0,18
1779799984834,94,GetIndividual,200,OK,GetIndividual 1-469,text,true,,3827,3588,4,5,https://api-scuda.uat.oci.krungsri.tech/ic/api/v1/customer/individual/getprofile,94,0,15
1779799984816,113,GetIndividual,200,OK,GetIndividual 1-468,text,true,,3827,3588,3,4,https://api-scuda.uat.oci.krungsri.tech/ic/api/v1/customer/individual/getprofile,113,0,21
1779799984939,29,SearchIndividual,200,OK,SearchIndividual 2-753,text,true,,1197,2602,3,9,https://api-scuda.uat.oci.krungsri.tech/ords/api/v1/customer/individual/searchprofile,28,0,16
1779799984872,114,GetIndividual,200,OK,GetIndividual 1-470,text,true,,3871,3588,3,11,https://api-scuda.uat.oci.krungsri.tech/ic/api/v1/customer/individual/getprofile,114,0,19
1779799984963,25,SearchIndividual,200,OK,SearchIndividual 2-755,text,true,,1169,2602,2,10,https://api-scuda.uat.oci.krungsri.tech/ords/api/v1/customer/individual/searchprofile,25,0,14
1779799984963,34,SearchIndividual,200,OK,SearchIndividual 2-754,text,true,,1175,2602,1,9,https://api-scuda.uat.oci.krungsri.tech/ords/api/v1/customer/individual/searchprofile,33,0,21
1779799984907,115,GetIndividual,200,OK,GetIndividual 1-471,text,true,,3908,3587,2,10,https://api-scuda.uat.oci.krungsri.tech/ic/api/v1/customer/individual/getprofile,115,0,19
1779799984998,30,SearchIndividual,200,OK,SearchIndividual 2-756,text,true,,1227,2602,1,10,https://api-scuda.uat.oci.krungsri.tech/ords/api/v1/customer/individual/searchprofile,30,0,16
1779799984934,105,GetIndividual,200,OK,GetIndividual 1-472,text,true,,3852,3587,1,9,https://api-scuda.uat.oci.krungsri.tech/ic/api/v1/customer/individual/getprofile,105,0,19
1779799984902,179,UpdateIndividual,200,OK,UpdateIndividual 4-299,text,true,,800,5583,7,14,https://api-scuda.uat.oci.krungsri.tech/ic/api/v1/customer/individual/updateprofile,179,0,19
1779799985055,27,SearchIndividual,200,OK,SearchIndividual 2-757,text,true,,1167,2602,4,13,https://api-scuda.uat.oci.krungsri.tech/ords/api/v1/customer/individual/searchprofile,27,0,10
1779799984951,140,UpdateIndividual,200,OK,UpdateIndividual 4-300,text,true,,799,4229,7,14,https://api-scuda.uat.oci.krungsri.tech/ic/api/v1/customer/individual/updateprofile,140,0,17
1779799985060,36,SearchIndividual,200,OK,SearchIndividual 2-758,text,true,,1155,2602,3,13,https://api-scuda.uat.oci.krungsri.tech/ords/api/v1/customer/individual/searchprofile,36,0,15
1779799985070,29,SearchIndividual,200,OK,SearchIndividual 2-760,text,true,,1193,2602,2,13,https://api-scuda.uat.oci.krungsri.tech/ords/api/v1/customer/individual/searchprofile,29,0,14
1779799985070,56,SearchIndividual,200,OK,SearchIndividual 2-759,text,true,,1141,2602,4,18,https://api-scuda.uat.oci.krungsri.tech/ords/api/v1/customer/individual/searchprofile,56,0,27
1779799985106,38,SearchIndividual,200,OK,SearchIndividual 2-761,text,true,,1207,2602,5,21,https://api-scuda.uat.oci.krungsri.tech/ords/api/v1/customer/individual/searchprofile,38,0,23
1779799985106,40,SearchIndividual,200,OK,SearchIndividual 2-762,text,true,,1121,2602,4,20,https://api-scuda.uat.oci.krungsri.tech/ords/api/v1/customer/individual/searchprofile,40,0,19
1779799985124,33,SearchIndividual,200,OK,SearchIndividual 2-763,text,true,,1179,2602,3,19,https://api-scuda.uat.oci.krungsri.tech/ords/api/v1/customer/individual/searchprofile,33,0,19
1779799985135,27,SearchIndividual,200,OK,SearchIndividual 2-765,text,true,,1173,2602,2,18,https://api-scuda.uat.oci.krungsri.tech/ords/api/v1/customer/individual/searchprofile,27,0,13
1779799985127,43,SearchIndividual,200,OK,SearchIndividual 2-764,text,true,,1183,2602,1,17,https://api-scuda.uat.oci.krungsri.tech/ords/api/v1/customer/individual/searchprofile,43,0,21
1779799985006,169,UpdateIndividual,200,OK,UpdateIndividual 4-305,text,true,,800,4229,9,16,https://api-scuda.uat.oci.krungsri.tech/ic/api/v1/customer/individual/updateprofile,169,0,18
1779799985097,92,GetIndividual,200,OK,GetIndividual 1-474,text,true,,3860,3588,4,17,https://api-scuda.uat.oci.krungsri.tech/ic/api/v1/customer/individual/getprofile,92,0,16
1779799985075,120,GetIndividual,200,OK,GetIndividual 1-473,text,true,,3855,3588,3,18,https://api-scuda.uat.oci.krungsri.tech/ic/api/v1/customer/individual/getprofile,120,0,15
1779799984986,217,UpdateIndividual,200,OK,UpdateIndividual 4-304,text,true,,800,5647,8,18,https://api-scuda.uat.oci.krungsri.tech/ic/api/v1/customer/individual/updateprofile,217,0,14
1779799985182,28,SearchIndividual,200,OK,SearchIndividual 2-766,text,true,,1191,2602,5,19,https://api-scuda.uat.oci.krungsri.tech/ords/api/v1/customer/individual/searchprofile,28,0,13
1779799984960,251,UpdateIndividual,200,OK,UpdateIndividual 4-301,text,true,,800,5571,7,18,https://api-scuda.uat.oci.krungsri.tech/ic/api/v1/customer/individual/updateprofile,251,0,21
1779799985191,31,SearchIndividual,200,OK,SearchIndividual 2-768,text,true,,1179,2602,4,21,https://api-scuda.uat.oci.krungsri.tech/ords/api/v1/customer/individual/searchprofile,31,0,18
1779799985189,34,SearchIndividual,200,OK,SearchIndividual 2-767,text,true,,1141,2602,4,21,https://api-scuda.uat.oci.krungsri.tech/ords/api/v1/customer/individual/searchprofile,34,0,21
1779799985194,32,SearchIndividual,200,OK,SearchIndividual 2-769,text,true,,1189,2602,4,21,https://api-scuda.uat.oci.krungsri.tech/ords/api/v1/customer/individual/searchprofile,32,0,20
1779799985201,35,SearchIndividual,200,OK,SearchIndividual 2-770,text,true,,1095,2602,3,21,https://api-scuda.uat.oci.krungsri.tech/ords/api/v1/customer/individual/searchprofile,35,0,18
1779799985139,106,GetIndividual,200,OK,GetIndividual 1-476,text,true,,3848,3588,5,20,https://api-scuda.uat.oci.krungsri.tech/ic/api/v1/customer/individual/getprofile,106,0,18
1779799985223,31,SearchIndividual,200,OK,SearchIndividual 2-771,text,true,,1169,2602,2,19,https://api-scuda.uat.oci.krungsri.tech/ords/api/v1/customer/individual/searchprofile,31,0,20
1779799984984,277,UpdateIndividual,200,OK,UpdateIndividual 4-303,text,true,,800,5594,10,19,https://api-scuda.uat.oci.krungsri.tech/ic/api/v1/customer/individual/updateprofile,277,0,15
1779799985223,40,SearchIndividual,200,OK,SearchIndividual 2-772,text,true,,1235,2602,1,18,https://api-scuda.uat.oci.krungsri.tech/ords/api/v1/customer/individual/searchprofile,40,0,29
1779799985107,180,UpdateIndividual,200,OK,UpdateIndividual 4-307,text,true,,800,5537,9,18,https://api-scuda.uat.oci.krungsri.tech/ic/api/v1/customer/individual/updateprofile,180,0,22
1779799985120,171,UpdateIndividual,200,OK,UpdateIndividual 4-308,text,true,,800,5605,8,17,https://api-scuda.uat.oci.krungsri.tech/ic/api/v1/customer/individual/updateprofile,171,0,21
1779799985120,171,UpdateIndividual,200,OK,UpdateIndividual 4-309,text,true,,800,5594,8,17,https://api-scuda.uat.oci.krungsri.tech/ic/api/v1/customer/individual/updateprofile,171,0,20
1779799985086,206,UpdateIndividual,200,OK,UpdateIndividual 4-306,text,true,,800,5528,6,15,https://api-scuda.uat.oci.krungsri.tech/ic/api/v1/customer/individual/updateprofile,206,0,15
1779799985210,104,GetIndividual,200,OK,GetIndividual 1-478,text,true,,3860,3588,6,18,https://api-scuda.uat.oci.krungsri.tech/ic/api/v1/customer/individual/getprofile,104,0,15
1779799985208,115,GetIndividual,200,OK,GetIndividual 1-477,text,true,,3880,3587,5,17,https://api-scuda.uat.oci.krungsri.tech/ic/api/v1/customer/individual/getprofile,115,0,24
1779799985294,40,SearchJoint,200,OK,SearchJoint 10-29,text,true,,621,2627,1,16,https://api-scuda.uat.oci.krungsri.tech/ords/api/v1/customer/joint/searchprofile,39,0,26
1779799985219,115,UpdateIndividual,200,OK,UpdateIndividual 4-311,text,true,,800,4229,5,15,https://api-scuda.uat.oci.krungsri.tech/ic/api/v1/customer/individual/updateprofile,115,0,12
1779799985222,113,GetIndividual,200,OK,GetIndividual 1-479,text,true,,3917,3588,4,14,https://api-scuda.uat.oci.krungsri.tech/ic/api/v1/customer/individual/getprofile,113,0,18
1779799984982,355,UpdateIndividual,200,OK,UpdateIndividual 4-302,text,true,,799,4225,4,13,https://api-scuda.uat.oci.krungsri.tech/ic/api/v1/customer/individual/updateprofile,355,0,18
1779799985215,123,UpdateIndividual,200,OK,UpdateIndividual 4-310,text,true,,800,4228,3,12,https://api-scuda.uat.oci.krungsri.tech/ic/api/v1/customer/individual/updateprofile,123,0,19
1779799985218,121,UpdateIndividual,200,OK,UpdateIndividual 4-312,text,true,,800,4227,2,11,https://api-scuda.uat.oci.krungsri.tech/ic/api/v1/customer/individual/updateprofile,121,0,19
1779799985296,49,SearchIndividual,200,OK,SearchIndividual 2-773,text,true,,1185,2602,1,10,https://api-scuda.uat.oci.krungsri.tech/ords/api/v1/customer/individual/searchprofile,49,0,27
1779799985255,93,GetIndividual,200,OK,GetIndividual 1-480,text,true,,3869,3588,3,9,https://api-scuda.uat.oci.krungsri.tech/ic/api/v1/customer/individual/getprofile,93,0,16
1779799985136,219,GetIndividual,200,OK,GetIndividual 1-475,text,true,,3853,3588,3,9,https://api-scuda.uat.oci.krungsri.tech/ic/api/v1/customer/individual/getprofile,219,0,15
1779799985089,297,CreateJoint,200,OK,CreateJoint 11-29,text,true,,1772,5890,2,8,https://api-scuda.uat.oci.krungsri.tech/ic/api/v1/customer/joint/createprofile,297,0,31
1779799985297,100,GetIndividual,200,OK,GetIndividual 1-481,text,true,,3900,3588,2,7,https://api-scuda.uat.oci.krungsri.tech/ic/api/v1/customer/individual/getprofile,100,0,18
1779799985234,171,UpdateIndividual,200,OK,UpdateIndividual 4-313,text,true,,800,5650,1,7,https://api-scuda.uat.oci.krungsri.tech/ic/api/v1/customer/individual/updateprofile,171,0,13
1779799985305,133,UpdateJoint,200,OK,UpdateJoint 12-26,text,true,,800,3614,1,9,https://api-scuda.uat.oci.krungsri.tech/ic/api/v1/customer/joint/updateprofile,133,0,20
1779799985418,33,SearchIndividual,200,OK,SearchIndividual 2-774,text,true,,1109,2602,4,11,https://api-scuda.uat.oci.krungsri.tech/ords/api/v1/customer/individual/searchprofile,32,0,18
1779799985351,104,GetIndividual,200,OK,GetIndividual 1-482,text,true,,3917,3588,4,10,https://api-scuda.uat.oci.krungsri.tech/ic/api/v1/customer/individual/getprofile,104,0,18
1779799985031,428,CreateIndividual,201,Created,CreateIndividual 3-26,text,true,,1172,8528,1,9,https://api-scuda.uat.oci.krungsri.tech/ic/api/v1/customer/individual/createprofile,428,0,21
1779799985429,33,SearchIndividual,200,OK,SearchIndividual 2-775,text,true,,1189,2602,4,9,https://api-scuda.uat.oci.krungsri.tech/ords/api/v1/customer/individual/searchprofile,33,0,21
1779799985449,25,SearchIndividual,200,OK,SearchIndividual 2-776,text,true,,1201,2602,3,9,https://api-scuda.uat.oci.krungsri.tech/ords/api/v1/customer/individual/searchprofile,24,0,13
1779799985449,32,SearchIndividual,200,OK,SearchIndividual 2-777,text,true,,1175,2602,2,9,https://api-scuda.uat.oci.krungsri.tech/ords/api/v1/customer/individual/searchprofile,32,0,19
1779799985404,85,GetIndividual,200,OK,GetIndividual 1-483,text,true,,3903,3588,5,10,https://api-scuda.uat.oci.krungsri.tech/ic/api/v1/customer/individual/getprofile,85,0,16
1779799985460,34,SearchIndividual,200,OK,SearchIndividual 2-778,text,true,,1187,2602,2,9,https://api-scuda.uat.oci.krungsri.tech/ords/api/v1/customer/individual/searchprofile,34,0,22
1779799985084,426,UpdateJuristic,200,OK,UpdateJuristic 8-24,text,true,,800,5808,2,11,https://api-scuda.uat.oci.krungsri.tech/ic/api/v1/customer/juristic/updateprofile,426,0,21
1779799985482,31,SearchIndividual,200,OK,SearchIndividual 2-779,text,true,,1267,2602,4,10,https://api-scuda.uat.oci.krungsri.tech/ords/api/v1/customer/individual/searchprofile,31,0,19
1779799985496,26,SearchIndividual,200,OK,SearchIndividual 2-780,text,true,,1205,2602,4,11,https://api-scuda.uat.oci.krungsri.tech/ords/api/v1/customer/individual/searchprofile,26,0,16
1779799985433,99,GetIndividual,200,OK,GetIndividual 1-484,text,true,,3836,3588,5,11,https://api-scuda.uat.oci.krungsri.tech/ic/api/v1/customer/individual/getprofile,99,0,14
1779799985500,42,SearchIndividual,200,OK,SearchIndividual 2-781,text,true,,1155,2602,4,12,https://api-scuda.uat.oci.krungsri.tech/ords/api/v1/customer/individual/searchprofile,42,0,28
1779799985503,39,SearchIndividual,200,OK,SearchIndividual 2-782,text,true,,1177,2602,4,12,https://api-scuda.uat.oci.krungsri.tech/ords/api/v1/customer/individual/searchprofile,39,0,25
1779799985522,27,SearchIndividual,200,OK,SearchIndividual 2-783,text,true,,1161,2602,2,11,https://api-scuda.uat.oci.krungsri.tech/ords/api/v1/customer/individual/searchprofile,27,0,15
1779799985443,114,GetIndividual,200,OK,GetIndividual 1-485,text,true,,3857,3588,7,12,https://api-scuda.uat.oci.krungsri.tech/ic/api/v1/customer/individual/getprofile,114,0,19
1779799985529,31,SearchIndividual,200,OK,SearchIndividual 2-784,text,true,,1167,2602,3,12,https://api-scuda.uat.oci.krungsri.tech/ords/api/v1/customer/individual/searchprofile,31,0,19
1779799985472,105,GetIndividual,200,OK,GetIndividual 1-486,text,true,,3815,3588,7,14,https://api-scuda.uat.oci.krungsri.tech/ic/api/v1/customer/individual/getprofile,105,0,18
1779799985558,29,SearchIndividual,200,OK,SearchIndividual 2-786,text,true,,1201,2602,4,14,https://api-scuda.uat.oci.krungsri.tech/ords/api/v1/customer/individual/searchprofile,28,0,17
1779799985553,35,SearchIndividual,200,OK,SearchIndividual 2-785,text,true,,1164,2601,3,13,https://api-scuda.uat.oci.krungsri.tech/ords/api/v1/customer/individual/searchprofile,35,0,19
1779799985565,30,SearchIndividual,200,OK,SearchIndividual 2-787,text,true,,1135,2602,3,13,https://api-scuda.uat.oci.krungsri.tech/ords/api/v1/customer/individual/searchprofile,30,0,20
1779799985488,108,GetIndividual,200,OK,GetIndividual 1-487,text,true,,3836,3588,6,12,https://api-scuda.uat.oci.krungsri.tech/ic/api/v1/customer/individual/getprofile,108,0,8
1779799985267,346,CreateJoint,200,OK,CreateJoint 11-30,text,true,,1772,6096,1,14,https://api-scuda.uat.oci.krungsri.tech/ic/api/v1/customer/joint/createprofile,346,0,26
1779799985587,31,SearchIndividual,200,OK,SearchIndividual 2-788,text,true,,1201,2602,3,13,https://api-scuda.uat.oci.krungsri.tech/ords/api/v1/customer/individual/searchprofile,31,0,20
1779799985518,110,GetIndividual,200,OK,GetIndividual 1-488,text,true,,3889,3588,6,13,https://api-scuda.uat.oci.krungsri.tech/ic/api/v1/customer/individual/getprofile,110,0,14
1779799985479,154,UpdateJuristic,200,OK,UpdateJuristic 8-25,text,true,,800,4425,1,13,https://api-scuda.uat.oci.krungsri.tech/ic/api/v1/customer/juristic/updateprofile,154,0,18
1779799985535,105,GetIndividual,200,OK,GetIndividual 1-489,text,true,,3867,3588,6,13,https://api-scuda.uat.oci.krungsri.tech/ic/api/v1/customer/individual/getprofile,105,0,17
1779799985547,105,GetIndividual,200,OK,GetIndividual 1-490,text,true,,3861,3588,5,15,https://api-scuda.uat.oci.krungsri.tech/ic/api/v1/customer/individual/getprofile,105,0,25
1779799985604,50,SearchIndividual,200,OK,SearchIndividual 2-790,text,true,,1179,2602,6,14,https://api-scuda.uat.oci.krungsri.tech/ords/api/v1/customer/individual/searchprofile,50,0,38
1779799985551,104,GetIndividual,200,OK,GetIndividual 1-491,text,true,,3864,3588,4,13,https://api-scuda.uat.oci.krungsri.tech/ic/api/v1/customer/individual/getprofile,104,0,21
1779799985589,66,SearchIndividual,200,OK,SearchIndividual 2-789,text,true,,1173,2602,5,12,https://api-scuda.uat.oci.krungsri.tech/ords/api/v1/customer/individual/searchprofile,66,0,40
1779799985620,46,SearchIndividual,200,OK,SearchIndividual 2-791,text,true,,1163,2602,6,13,https://api-scuda.uat.oci.krungsri.tech/ords/api/v1/customer/individual/searchprofile,46,0,32
1779799985641,37,SearchIndividual,200,OK,SearchIndividual 2-792,text,true,,1155,2602,6,13,https://api-scuda.uat.oci.krungsri.tech/ords/api/v1/customer/individual/searchprofile,37,0,22
1779799985641,41,SearchIndividual,200,OK,SearchIndividual 2-793,text,true,,1153,2602,6,13,https://api-scuda.uat.oci.krungsri.tech/ords/api/v1/customer/individual/searchprofile,41,0,22
1779799985642,41,SearchIndividual,200,OK,SearchIndividual 2-794,text,true,,1247,2602,5,12,https://api-scuda.uat.oci.krungsri.tech/ords/api/v1/customer/individual/searchprofile,41,0,27
1779799985544,139,UpdateIndividual,200,OK,UpdateIndividual 4-314,text,true,,800,4227,3,11,https://api-scuda.uat.oci.krungsri.tech/ic/api/v1/customer/individual/updateprofile,139,0,14
1779799985657,29,SearchIndividual,200,OK,SearchIndividual 2-795,text,true,,1171,2602,4,10,https://api-scuda.uat.oci.krungsri.tech/ords/api/v1/customer/individual/searchprofile,29,0,18
1779799985660,29,SearchIndividual,200,OK,SearchIndividual 2-796,text,true,,1213,2602,3,9,https://api-scuda.uat.oci.krungsri.tech/ords/api/v1/customer/individual/searchprofile,29,0,15
1779799985574,118,GetIndividual,200,OK,GetIndividual 1-492,text,true,,3814,3587,3,8,https://api-scuda.uat.oci.krungsri.tech/ic/api/v1/customer/individual/getprofile,118,0,21
1779799985670,24,SearchIndividual,200,OK,SearchIndividual 2-797,text,true,,1153,2602,2,8,https://api-scuda.uat.oci.krungsri.tech/ords/api/v1/customer/individual/searchprofile,24,0,13
1779799985564,137,UpdateIndividual,200,OK,UpdateIndividual 4-315,text,true,,800,4227,2,7,https://api-scuda.uat.oci.krungsri.tech/ic/api/v1/customer/individual/updateprofile,137,0,20
1779799985679,24,SearchIndividual,200,OK,SearchIndividual 2-798,text,true,,1169,2602,1,6,https://api-scuda.uat.oci.krungsri.tech/ords/api/v1/customer/individual/searchprofile,24,0,11
1779799985597,115,GetIndividual,200,OK,GetIndividual 1-493,text,true,,3846,3588,3,6,https://api-scuda.uat.oci.krungsri.tech/ic/api/v1/customer/individual/getprofile,115,0,23
1779799985630,100,GetIndividual,200,OK,GetIndividual 1-494,text,true,,3842,3588,3,7,https://api-scuda.uat.oci.krungsri.tech/ic/api/v1/customer/individual/getprofile,100,0,17
1779799985706,34,SearchIndividual,200,OK,SearchIndividual 2-799,text,true,,1182,2601,3,8,https://api-scuda.uat.oci.krungsri.tech/ords/api/v1/customer/individual/searchprofile,34,0,19
1779799985738,21,SearchIndividual,200,OK,SearchIndividual 2-800,text,true,,1153,2602,2,7,https://api-scuda.uat.oci.krungsri.tech/ords/api/v1/customer/individual/searchprofile,21,0,8
1779799985641,120,UpdateIndividual,200,OK,UpdateIndividual 4-316,text,true,,799,4230,2,6,https://api-scuda.uat.oci.krungsri.tech/ic/api/v1/customer/individual/updateprofile,120,0,18
1779799985738,30,SearchIndividual,200,OK,SearchIndividual 2-801,text,true,,1199,2602,1,5,https://api-scuda.uat.oci.krungsri.tech/ords/api/v1/customer/individual/searchprofile,30,0,17
1779799985693,101,GetIndividual,200,OK,GetIndividual 1-495,text,true,,3806,3587,3,6,https://api-scuda.uat.oci.krungsri.tech/ic/api/v1/customer/individual/getprofile,101,0,18
1779799985719,105,GetIndividual,200,OK,GetIndividual 1-496,text,true,,3850,3588,2,6,https://api-scuda.uat.oci.krungsri.tech/ic/api/v1/customer/individual/getprofile,105,0,15
1779799985785,47,SearchIndividual,200,OK,SearchIndividual 2-802,text,true,,1201,2602,2,5,https://api-scuda.uat.oci.krungsri.tech/ords/api/v1/customer/individual/searchprofile,46,0,32
1779799985805,28,SearchIndividual,200,OK,SearchIndividual 2-803,text,true,,1213,2602,1,4,https://api-scuda.uat.oci.krungsri.tech/ords/api/v1/customer/individual/searchprofile,28,0,16
1779799985732,129,UpdateIndividual,200,OK,UpdateIndividual 4-317,text,true,,800,4227,3,6,https://api-scuda.uat.oci.krungsri.tech/ic/api/v1/customer/individual/updateprofile,129,0,10
1779799985781,106,GetIndividual,200,OK,GetIndividual 1-497,text,true,,3846,3587,2,5,https://api-scuda.uat.oci.krungsri.tech/ic/api/v1/customer/individual/getprofile,106,0,19
1779799985904,33,SearchIndividual,200,OK,SearchIndividual 2-805,text,true,,1179,2602,3,13,https://api-scuda.uat.oci.krungsri.tech/ords/api/v1/customer/individual/searchprofile,32,0,20
1779799985904,35,SearchIndividual,200,OK,SearchIndividual 2-804,text,true,,1183,2602,3,13,https://api-scuda.uat.oci.krungsri.tech/ords/api/v1/customer/individual/searchprofile,35,0,19
1779799985841,100,GetIndividual,200,OK,GetIndividual 1-498,text,true,,3855,3588,7,13,https://api-scuda.uat.oci.krungsri.tech/ic/api/v1/customer/individual/getprofile,100,0,21
1779799985919,25,SearchIndividual,200,OK,SearchIndividual 2-806,text,true,,1207,2602,2,12,https://api-scuda.uat.oci.krungsri.tech/ords/api/v1/customer/individual/searchprofile,25,0,13
1779799985938,48,SearchIndividual,200,OK,SearchIndividual 2-807,text,true,,1144,2601,2,14,https://api-scuda.uat.oci.krungsri.tech/ords/api/v1/customer/individual/searchprofile,48,0,31
1779799985969,34,SearchIndividual,200,OK,SearchIndividual 2-808,text,true,,1151,2602,3,16,https://api-scuda.uat.oci.krungsri.tech/ords/api/v1/customer/individual/searchprofile,33,0,18
1779799985964,39,SearchJuristic,200,OK,SearchJuristic 6-26,text,true,,1007,2600,1,16,https://api-scuda.uat.oci.krungsri.tech/ords/api/v1/customer/juristic/searchprofile,39,0,19
1779799985889,115,GetIndividual,200,OK,GetIndividual 1-499,text,true,,3845,3588,9,16,https://api-scuda.uat.oci.krungsri.tech/ic/api/v1/customer/individual/getprofile,115,0,20
1779799985901,104,GetIndividual,200,OK,GetIndividual 1-500,text,true,,3832,3587,8,16,https://api-scuda.uat.oci.krungsri.tech/ic/api/v1/customer/individual/getprofile,104,0,19
1779799985908,107,GetIndividual,200,OK,GetIndividual 1-501,text,true,,3794,3588,7,15,https://api-scuda.uat.oci.krungsri.tech/ic/api/v1/customer/individual/getprofile,107,0,19
1779799985993,31,SearchIndividual,200,OK,SearchIndividual 2-809,text,true,,1198,2601,2,15,https://api-scuda.uat.oci.krungsri.tech/ords/api/v1/customer/individual/searchprofile,31,0,19
1779799985837,189,UpdateIndividual,200,OK,UpdateIndividual 4-318,text,true,,800,5620,5,16,https://api-scuda.uat.oci.krungsri.tech/ic/api/v1/customer/individual/updateprofile,189,0,20
1779799986001,28,SearchIndividual,200,OK,SearchIndividual 2-810,text,true,,1175,2602,2,15,https://api-scuda.uat.oci.krungsri.tech/ords/api/v1/customer/individual/searchprofile,28,0,15
1779799985926,103,GetIndividual,200,OK,GetIndividual 1-502,text,true,,3907,3588,6,14,https://api-scuda.uat.oci.krungsri.tech/ic/api/v1/customer/individual/getprofile,103,0,16
1779799985916,133,UpdateIndividual,200,OK,UpdateIndividual 4-320,text,true,,800,4229,4,16,https://api-scuda.uat.oci.krungsri.tech/ic/api/v1/customer/individual/updateprofile,133,0,21
1779799986032,22,SearchIndividual,200,OK,SearchIndividual 2-812,text,true,,1197,2602,3,15,https://api-scuda.uat.oci.krungsri.tech/ords/api/v1/customer/individual/searchprofile,22,0,10
1779799985847,212,UpdateIndividual,200,OK,UpdateIndividual 4-319,text,true,,798,5538,3,14,https://api-scuda.uat.oci.krungsri.tech/ic/api/v1/customer/individual/updateprofile,212,0,29
1779799985967,100,GetIndividual,200,OK,GetIndividual 1-505,text,true,,3877,3588,5,13,https://api-scuda.uat.oci.krungsri.tech/ic/api/v1/customer/individual/getprofile,100,0,17
1779799986025,43,SearchIndividual,200,OK,SearchIndividual 2-811,text,true,,1157,2602,2,12,https://api-scuda.uat.oci.krungsri.tech/ords/api/v1/customer/individual/searchprofile,43,0,24
1779799986038,32,SearchIndividual,200,OK,SearchIndividual 2-813,text,true,,1209,2602,2,12,https://api-scuda.uat.oci.krungsri.tech/ords/api/v1/customer/individual/searchprofile,32,0,21
1779799985940,136,GetIndividual,200,OK,GetIndividual 1-504,text,true,,3833,3588,4,11,https://api-scuda.uat.oci.krungsri.tech/ic/api/v1/customer/individual/getprofile,136,0,18
1779799986070,24,SearchIndividual,200,OK,SearchIndividual 2-814,text,true,,1117,2602,2,13,https://api-scuda.uat.oci.krungsri.tech/ords/api/v1/customer/individual/searchprofile,23,0,11
1779799986005,92,GetJoint,200,OK,GetJoint 9-27,text,true,,1429,3530,1,12,https://api-scuda.uat.oci.krungsri.tech/ic/api/v1/customer/joint/getprofile,92,0,20
1779799985601,498,CreateJuristic,201,Created,CreateJuristic 7-25,text,true,,1172,7922,1,11,https://api-scuda.uat.oci.krungsri.tech/ic/api/v1/customer/juristic/createprofile,498,0,40
1779799986082,24,SearchIndividual,200,OK,SearchIndividual 2-815,text,true,,1219,2602,2,11,https://api-scuda.uat.oci.krungsri.tech/ords/api/v1/customer/individual/searchprofile,24,0,12
1779799986004,103,GetIndividual,200,OK,GetIndividual 1-507,text,true,,3797,3588,4,10,https://api-scuda.uat.oci.krungsri.tech/ic/api/v1/customer/individual/getprofile,103,0,17
1779799985932,190,GetIndividual,200,OK,GetIndividual 1-503,text,true,,3866,3588,5,13,https://api-scuda.uat.oci.krungsri.tech/ic/api/v1/customer/individual/getprofile,190,0,29
1779799986104,29,SearchIndividual,200,OK,SearchIndividual 2-816,text,true,,1220,2601,3,14,https://api-scuda.uat.oci.krungsri.tech/ords/api/v1/customer/individual/searchprofile,29,0,16
1779799986002,135,UpdateIndividual,200,OK,UpdateIndividual 4-321,text,true,,800,4228,3,14,https://api-scuda.uat.oci.krungsri.tech/ic/api/v1/customer/individual/updateprofile,135,0,16
1779799986023,116,UpdateJoint,200,OK,UpdateJoint 12-27,text,true,,800,3614,1,13,https://api-scuda.uat.oci.krungsri.tech/ic/api/v1/customer/joint/updateprofile,116,0,17
1779799986120,24,SearchIndividual,200,OK,SearchIndividual 2-817,text,true,,1229,2602,2,12,https://api-scuda.uat.oci.krungsri.tech/ords/api/v1/customer/individual/searchprofile,24,0,11
1779799986120,28,SearchIndividual,200,OK,SearchIndividual 2-818,text,true,,1179,2602,1,11,https://api-scuda.uat.oci.krungsri.tech/ords/api/v1/customer/individual/searchprofile,28,0,13
1779799986154,25,SearchIndividual,200,OK,SearchIndividual 2-819,text,true,,1161,2602,2,13,https://api-scuda.uat.oci.krungsri.tech/ords/api/v1/customer/individual/searchprofile,25,0,11
1779799986089,102,GetIndividual,200,OK,GetIndividual 1-508,text,true,,3863,3588,8,12,https://api-scuda.uat.oci.krungsri.tech/ic/api/v1/customer/individual/getprofile,102,0,23
1779799986114,90,GetIndividual,200,OK,GetIndividual 1-509,text,true,,3793,3588,7,12,https://api-scuda.uat.oci.krungsri.tech/ic/api/v1/customer/individual/getprofile,90,0,18
1779799986028,179,UpdateIndividual,200,OK,UpdateIndividual 4-322,text,true,,800,5583,2,11,https://api-scuda.uat.oci.krungsri.tech/ic/api/v1/customer/individual/updateprofile,179,0,24
1779799986177,31,SearchIndividual,200,OK,SearchIndividual 2-820,text,true,,1246,2601,2,10,https://api-scuda.uat.oci.krungsri.tech/ords/api/v1/customer/individual/searchprofile,30,0,18
1779799986114,96,GetIndividual,200,OK,GetIndividual 1-510,text,true,,3857,3588,6,9,https://api-scuda.uat.oci.krungsri.tech/ic/api/v1/customer/individual/getprofile,96,0,19
1779799986124,97,GetIndividual,200,OK,GetIndividual 1-511,text,true,,3886,3587,6,11,https://api-scuda.uat.oci.krungsri.tech/ic/api/v1/customer/individual/getprofile,97,0,11
1779799986124,98,GetIndividual,200,OK,GetIndividual 1-512,text,true,,3833,3588,6,11,https://api-scuda.uat.oci.krungsri.tech/ic/api/v1/customer/individual/getprofile,98,0,16
1779799986201,30,SearchIndividual,200,OK,SearchIndividual 2-821,text,true,,1189,2602,3,9,https://api-scuda.uat.oci.krungsri.tech/ords/api/v1/customer/individual/searchprofile,30,0,17
1779799986097,137,UpdateIndividual,200,OK,UpdateIndividual 4-323,text,true,,800,4230,1,8,https://api-scuda.uat.oci.krungsri.tech/ic/api/v1/customer/individual/updateprofile,137,0,27
1779799986134,106,GetIndividual,200,OK,GetIndividual 1-513,text,true,,3808,3588,4,8,https://api-scuda.uat.oci.krungsri.tech/ic/api/v1/customer/individual/getprofile,106,0,17
1779799986215,26,SearchIndividual,200,OK,SearchIndividual 2-823,text,true,,1231,2602,2,8,https://api-scuda.uat.oci.krungsri.tech/ords/api/v1/customer/individual/searchprofile,26,0,13
1779799986211,31,SearchIndividual,200,OK,SearchIndividual 2-822,text,true,,1178,2601,1,7,https://api-scuda.uat.oci.krungsri.tech/ords/api/v1/customer/individual/searchprofile,30,0,20
1779799986004,247,GetIndividual,200,OK,GetIndividual 1-506,text,true,,3846,3588,4,7,https://api-scuda.uat.oci.krungsri.tech/ic/api/v1/customer/individual/getprofile,247,0,19
1779799986049,223,UpdateJuristic,200,OK,UpdateJuristic 8-26,text,true,,800,5824,1,7,https://api-scuda.uat.oci.krungsri.tech/ic/api/v1/customer/juristic/updateprofile,223,0,23
1779799986169,107,GetIndividual,200,OK,GetIndividual 1-514,text,true,,3899,3588,3,7,https://api-scuda.uat.oci.krungsri.tech/ic/api/v1/customer/individual/getprofile,107,0,18
1779799986287,29,SearchIndividual,200,OK,SearchIndividual 2-825,text,true,,1163,2602,5,11,https://api-scuda.uat.oci.krungsri.tech/ords/api/v1/customer/individual/searchprofile,28,0,16
1779799986215,97,GetIndividual,200,OK,GetIndividual 1-515,text,true,,3859,3588,3,10,https://api-scuda.uat.oci.krungsri.tech/ic/api/v1/customer/individual/getprofile,97,0,11
1779799986275,37,SearchIndividual,200,OK,SearchIndividual 2-824,text,true,,1215,2602,4,10,https://api-scuda.uat.oci.krungsri.tech/ords/api/v1/customer/individual/searchprofile,37,0,25
1779799986301,21,SearchIndividual,200,OK,SearchIndividual 2-826,text,true,,1237,2602,3,8,https://api-scuda.uat.oci.krungsri.tech/ords/api/v1/customer/individual/searchprofile,21,0,9
1779799986301,31,SearchIndividual,200,OK,SearchIndividual 2-827,text,true,,1177,2602,4,9,https://api-scuda.uat.oci.krungsri.tech/ords/api/v1/customer/individual/searchprofile,31,0,20
1779799986241,102,GetIndividual,200,OK,GetIndividual 1-516,text,true,,3905,3588,2,9,https://api-scuda.uat.oci.krungsri.tech/ic/api/v1/customer/individual/getprofile,102,0,18
1779799986315,30,SearchIndividual,200,OK,SearchIndividual 2-828,text,true,,1191,2602,3,9,https://api-scuda.uat.oci.krungsri.tech/ords/api/v1/customer/individual/searchprofile,30,0,18
1779799986329,32,SearchIndividual,200,OK,SearchIndividual 2-830,text,true,,1239,2600,2,8,https://api-scuda.uat.oci.krungsri.tech/ords/api/v1/customer/individual/searchprofile,32,0,20
1779799986329,35,SearchIndividual,200,OK,SearchIndividual 2-829,text,true,,1207,2602,1,7,https://api-scuda.uat.oci.krungsri.tech/ords/api/v1/customer/individual/searchprofile,35,0,22
1779799986248,117,UpdateIndividual,200,OK,UpdateIndividual 4-325,text,true,,800,4228,5,6,https://api-scuda.uat.oci.krungsri.tech/ic/api/v1/customer/individual/updateprofile,117,0,11
1779799986281,107,GetIndividual,200,OK,GetIndividual 1-517,text,true,,3853,3588,1,6,https://api-scuda.uat.oci.krungsri.tech/ic/api/v1/customer/individual/getprofile,107,0,19
1779799986239,161,UpdateIndividual,200,OK,UpdateIndividual 4-324,text,true,,800,5549,5,7,https://api-scuda.uat.oci.krungsri.tech/ic/api/v1/customer/individual/updateprofile,161,0,18
1779799986370,33,SearchIndividual,200,OK,SearchIndividual 2-831,text,true,,1205,2602,1,6,https://api-scuda.uat.oci.krungsri.tech/ords/api/v1/customer/individual/searchprofile,32,0,20
1779799986442,28,SearchIndividual,200,OK,SearchIndividual 2-833,text,true,,1177,2602,3,12,https://api-scuda.uat.oci.krungsri.tech/ords/api/v1/customer/individual/searchprofile,28,0,15
1779799986437,35,SearchIndividual,200,OK,SearchIndividual 2-832,text,true,,1207,2602,2,11,https://api-scuda.uat.oci.krungsri.tech/ords/api/v1/customer/individual/searchprofile,35,0,23
1779799986389,101,GetIndividual,200,OK,GetIndividual 1-518,text,true,,3880,3588,3,16,https://api-scuda.uat.oci.krungsri.tech/ic/api/v1/customer/individual/getprofile,101,0,20
1779799986466,31,SearchIndividual,200,OK,SearchIndividual 2-834,text,true,,1179,2602,6,17,https://api-scuda.uat.oci.krungsri.tech/ords/api/v1/customer/individual/searchprofile,31,0,19
1779799986346,165,UpdateIndividual,200,OK,UpdateIndividual 4-328,text,true,,800,5636,8,18,https://api-scuda.uat.oci.krungsri.tech/ic/api/v1/customer/individual/updateprofile,165,0,16
1779799986486,28,SearchIndividual,200,OK,SearchIndividual 2-836,text,true,,1189,2602,7,17,https://api-scuda.uat.oci.krungsri.tech/ords/api/v1/customer/individual/searchprofile,28,0,15
1779799986337,182,UpdateIndividual,200,OK,UpdateIndividual 4-327,text,true,,800,5549,7,16,https://api-scuda.uat.oci.krungsri.tech/ic/api/v1/customer/individual/updateprofile,182,0,19
1779799986486,34,SearchIndividual,200,OK,SearchIndividual 2-837,text,true,,1131,2602,6,15,https://api-scuda.uat.oci.krungsri.tech/ords/api/v1/customer/individual/searchprofile,34,0,22
1779799986476,48,SearchIndividual,200,OK,SearchIndividual 2-835,text,true,,1189,2602,5,14,https://api-scuda.uat.oci.krungsri.tech/ords/api/v1/customer/individual/searchprofile,48,0,22
1779799986497,28,SearchIndividual,200,OK,SearchIndividual 2-839,text,true,,1189,2602,4,13,https://api-scuda.uat.oci.krungsri.tech/ords/api/v1/customer/individual/searchprofile,27,0,16
1779799986495,37,SearchIndividual,200,OK,SearchIndividual 2-838,text,true,,1125,2602,3,12,https://api-scuda.uat.oci.krungsri.tech/ords/api/v1/customer/individual/searchprofile,37,0,23
1779799986501,33,SearchIndividual,200,OK,SearchIndividual 2-840,text,true,,1191,2602,2,11,https://api-scuda.uat.oci.krungsri.tech/ords/api/v1/customer/individual/searchprofile,32,0,20
1779799986428,106,GetIndividual,200,OK,GetIndividual 1-519,text,true,,3815,3588,2,10,https://api-scuda.uat.oci.krungsri.tech/ic/api/v1/customer/individual/getprofile,106,0,15
1779799986511,26,SearchIndividual,200,OK,SearchIndividual 2-841,text,true,,1161,2602,1,9,https://api-scuda.uat.oci.krungsri.tech/ords/api/v1/customer/individual/searchprofile,26,0,16
1779799986431,134,UpdateIndividual,200,OK,UpdateIndividual 4-331,text,true,,800,4228,7,12,https://api-scuda.uat.oci.krungsri.tech/ic/api/v1/customer/individual/updateprofile,134,0,21
1779799986272,304,UpdateIndividual,200,OK,UpdateIndividual 4-326,text,true,,800,5626,6,13,https://api-scuda.uat.oci.krungsri.tech/ic/api/v1/customer/individual/updateprofile,304,0,19
1779799986549,32,SearchIndividual,200,OK,SearchIndividual 2-842,text,true,,1217,2602,3,14,https://api-scuda.uat.oci.krungsri.tech/ords/api/v1/customer/individual/searchprofile,32,0,17
1779799986481,104,GetIndividual,200,OK,GetIndividual 1-520,text,true,,3825,3588,4,13,https://api-scuda.uat.oci.krungsri.tech/ic/api/v1/customer/individual/getprofile,104,0,19
1779799986572,27,SearchJuristic,200,OK,SearchJuristic 6-27,text,true,,1000,2600,1,15,https://api-scuda.uat.oci.krungsri.tech/ords/api/v1/customer/juristic/searchprofile,27,0,18
1779799986579,24,SearchIndividual,200,OK,SearchIndividual 2-844,text,true,,1203,2602,3,14,https://api-scuda.uat.oci.krungsri.tech/ords/api/v1/customer/individual/searchprofile,24,0,8
1779799986573,32,SearchIndividual,200,OK,SearchIndividual 2-843,text,true,,1199,2602,3,14,https://api-scuda.uat.oci.krungsri.tech/ords/api/v1/customer/individual/searchprofile,32,0,14
1779799986434,179,UpdateIndividual,200,OK,UpdateIndividual 4-332,text,true,,800,5619,6,14,https://api-scuda.uat.oci.krungsri.tech/ic/api/v1/customer/individual/updateprofile,179,0,20
1779799986595,25,SearchIndividual,200,OK,SearchIndividual 2-845,text,true,,1107,2602,3,15,https://api-scuda.uat.oci.krungsri.tech/ords/api/v1/customer/individual/searchprofile,25,0,12
1779799986604,29,SearchIndividual,200,OK,SearchIndividual 2-846,text,true,,1129,2602,3,15,https://api-scuda.uat.oci.krungsri.tech/ords/api/v1/customer/individual/searchprofile,29,0,18
1779799986608,25,SearchIndividual,200,OK,SearchIndividual 2-847,text,true,,1189,2602,2,14,https://api-scuda.uat.oci.krungsri.tech/ords/api/v1/customer/individual/searchprofile,25,0,13
1779799986544,97,GetIndividual,200,OK,GetIndividual 1-522,text,true,,3800,3588,5,15,https://api-scuda.uat.oci.krungsri.tech/ic/api/v1/customer/individual/getprofile,97,0,19
1779799986393,254,UpdateIndividual,200,OK,UpdateIndividual 4-329,text,true,,800,5580,6,14,https://api-scuda.uat.oci.krungsri.tech/ic/api/v1/customer/individual/updateprofile,254,0,20
1779799986638,21,SearchIndividual,200,OK,SearchIndividual 2-850,text,true,,1187,2602,5,15,https://api-scuda.uat.oci.krungsri.tech/ords/api/v1/customer/individual/searchprofile,21,0,10
1779799986631,31,SearchIndividual,200,OK,SearchIndividual 2-848,text,true,,1115,2602,5,16,https://api-scuda.uat.oci.krungsri.tech/ords/api/v1/customer/individual/searchprofile,31,0,19
1779799986427,235,UpdateIndividual,200,OK,UpdateIndividual 4-330,text,true,,798,4225,6,16,https://api-scuda.uat.oci.krungsri.tech/ic/api/v1/customer/individual/updateprofile,235,0,19
1779799986635,28,SearchIndividual,200,OK,SearchIndividual 2-849,text,true,,1139,2602,4,14,https://api-scuda.uat.oci.krungsri.tech/ords/api/v1/customer/individual/searchprofile,28,0,17
1779799986544,124,UpdateIndividual,200,OK,UpdateIndividual 4-334,text,true,,800,4228,5,14,https://api-scuda.uat.oci.krungsri.tech/ic/api/v1/customer/individual/updateprofile,124,0,13
1779799986483,193,UpdateIndividual,200,OK,UpdateIndividual 4-333,text,true,,800,5533,4,13,https://api-scuda.uat.oci.krungsri.tech/ic/api/v1/customer/individual/updateprofile,193,0,34
1779799986648,30,SearchIndividual,200,OK,SearchIndividual 2-851,text,true,,1171,2602,5,13,https://api-scuda.uat.oci.krungsri.tech/ords/api/v1/customer/individual/searchprofile,30,0,19
1779799986579,108,GetIndividual,200,OK,GetIndividual 1-523,text,true,,3865,3588,5,14,https://api-scuda.uat.oci.krungsri.tech/ic/api/v1/customer/individual/getprofile,108,0,19
1779799986661,26,SearchIndividual,200,OK,SearchIndividual 2-853,text,true,,1213,2602,4,13,https://api-scuda.uat.oci.krungsri.tech/ords/api/v1/customer/individual/searchprofile,26,0,14
1779799986658,30,SearchIndividual,200,OK,SearchIndividual 2-852,text,true,,1155,2602,3,12,https://api-scuda.uat.oci.krungsri.tech/ords/api/v1/customer/individual/searchprofile,30,0,19
1779799986594,96,GetIndividual,200,OK,GetIndividual 1-524,text,true,,3833,3588,4,12,https://api-scuda.uat.oci.krungsri.tech/ic/api/v1/customer/individual/getprofile,96,0,19
1779799986664,31,SearchIndividual,200,OK,SearchIndividual 2-854,text,true,,1187,2602,3,11,https://api-scuda.uat.oci.krungsri.tech/ords/api/v1/customer/individual/searchprofile,31,0,18
1779799986678,30,SearchIndividual,200,OK,SearchIndividual 2-855,text,true,,1195,2602,4,12,https://api-scuda.uat.oci.krungsri.tech/ords/api/v1/customer/individual/searchprofile,30,0,18
1779799986703,19,SearchIndividual,200,OK,SearchIndividual 2-858,text,true,,1206,2601,4,15,https://api-scuda.uat.oci.krungsri.tech/ords/api/v1/customer/individual/searchprofile,19,0,8
1779799986689,39,SearchIndividual,200,OK,SearchIndividual 2-856,text,true,,1203,2602,3,15,https://api-scuda.uat.oci.krungsri.tech/ords/api/v1/customer/individual/searchprofile,38,0,24
1779799986696,32,SearchIndividual,200,OK,SearchIndividual 2-857,text,true,,1207,2602,3,15,https://api-scuda.uat.oci.krungsri.tech/ords/api/v1/customer/individual/searchprofile,32,0,21
1779799986614,118,GetIndividual,200,OK,GetIndividual 1-525,text,true,,3848,3587,5,14,https://api-scuda.uat.oci.krungsri.tech/ic/api/v1/customer/individual/getprofile,118,0,19
1779799986619,119,UpdateIndividual,200,OK,UpdateIndividual 4-336,text,true,,800,4228,7,14,https://api-scuda.uat.oci.krungsri.tech/ic/api/v1/customer/individual/updateprofile,119,0,15
1779799986594,152,UpdateIndividual,200,OK,UpdateIndividual 4-335,text,true,,800,5593,6,13,https://api-scuda.uat.oci.krungsri.tech/ic/api/v1/customer/individual/updateprofile,152,0,16
1779799986719,30,SearchIndividual,200,OK,SearchIndividual 2-859,text,true,,1198,2601,2,12,https://api-scuda.uat.oci.krungsri.tech/ords/api/v1/customer/individual/searchprofile,30,0,16
1779799986731,29,SearchIndividual,200,OK,SearchIndividual 2-860,text,true,,1215,2602,2,12,https://api-scuda.uat.oci.krungsri.tech/ords/api/v1/customer/individual/searchprofile,29,0,17
1779799986760,28,SearchIndividual,200,OK,SearchIndividual 2-861,text,true,,1151,2602,2,15,https://api-scuda.uat.oci.krungsri.tech/ords/api/v1/customer/individual/searchprofile,28,0,15
1779799986765,32,SearchIndividual,200,OK,SearchIndividual 2-862,text,true,,1175,2602,1,14,https://api-scuda.uat.oci.krungsri.tech/ords/api/v1/customer/individual/searchprofile,32,0,18
1779799986680,125,GetIndividual,200,OK,GetIndividual 1-526,text,true,,3908,3588,5,14,https://api-scuda.uat.oci.krungsri.tech/ic/api/v1/customer/individual/getprofile,125,0,22
1779799986538,281,GetIndividual,200,OK,GetIndividual 1-521,text,true,,3770,3588,4,14,https://api-scuda.uat.oci.krungsri.tech/ic/api/v1/customer/individual/getprofile,281,0,21
1779799986685,126,UpdateIndividual,200,OK,UpdateIndividual 4-338,text,true,,800,4227,6,13,https://api-scuda.uat.oci.krungsri.tech/ic/api/v1/customer/individual/updateprofile,126,0,21
1779799986714,108,GetIndividual,200,OK,GetIndividual 1-527,text,true,,3821,3588,3,13,https://api-scuda.uat.oci.krungsri.tech/ic/api/v1/customer/individual/getprofile,108,0,17
1779799986723,104,GetIndividual,200,OK,GetIndividual 1-528,text,true,,3848,3588,2,12,https://api-scuda.uat.oci.krungsri.tech/ic/api/v1/customer/individual/getprofile,104,0,17
1779799986798,35,SearchIndividual,200,OK,SearchIndividual 2-863,text,true,,1193,2602,2,11,https://api-scuda.uat.oci.krungsri.tech/ords/api/v1/customer/individual/searchprofile,35,0,21
1779799986723,116,UpdateIndividual,200,OK,UpdateIndividual 4-340,text,true,,800,4228,6,10,https://api-scuda.uat.oci.krungsri.tech/ic/api/v1/customer/individual/updateprofile,116,0,17
1779799986816,32,SearchIndividual,200,OK,SearchIndividual 2-864,text,true,,1139,2602,1,9,https://api-scuda.uat.oci.krungsri.tech/ords/api/v1/customer/individual/searchprofile,32,0,19
1779799986736,116,UpdateIndividual,200,OK,UpdateIndividual 4-341,text,true,,800,4227,5,9,https://api-scuda.uat.oci.krungsri.tech/ic/api/v1/customer/individual/updateprofile,116,0,18
1779799986663,211,UpdateIndividual,200,OK,UpdateIndividual 4-337,text,true,,800,4229,4,9,https://api-scuda.uat.oci.krungsri.tech/ic/api/v1/customer/individual/updateprofile,211,0,18
1779799986718,176,UpdateIndividual,200,OK,UpdateIndividual 4-339,text,true,,800,5572,3,8,https://api-scuda.uat.oci.krungsri.tech/ic/api/v1/customer/individual/updateprofile,176,0,21
1779799986869,31,SearchIndividual,200,OK,SearchIndividual 2-865,text,true,,1181,2602,1,9,https://api-scuda.uat.oci.krungsri.tech/ords/api/v1/customer/individual/searchprofile,31,0,19
1779799986823,117,UpdateIndividual,200,OK,UpdateIndividual 4-343,text,true,,800,4227,5,13,https://api-scuda.uat.oci.krungsri.tech/ic/api/v1/customer/individual/updateprofile,117,0,19
1779799986851,98,GetIndividual,200,OK,GetIndividual 1-530,text,true,,3864,3587,5,13,https://api-scuda.uat.oci.krungsri.tech/ic/api/v1/customer/individual/getprofile,98,0,13
1779799986784,172,UpdateIndividual,200,OK,UpdateIndividual 4-342,text,true,,800,5571,5,13,https://api-scuda.uat.oci.krungsri.tech/ic/api/v1/customer/individual/updateprofile,172,0,18
1779799986925,32,SearchIndividual,200,OK,SearchIndividual 2-866,text,true,,1209,2602,2,12,https://api-scuda.uat.oci.krungsri.tech/ords/api/v1/customer/individual/searchprofile,32,0,18
1779799986769,203,UpdateJuristic,200,OK,UpdateJuristic 8-27,text,true,,800,5821,1,12,https://api-scuda.uat.oci.krungsri.tech/ic/api/v1/customer/juristic/updateprofile,203,0,16
1779799986963,32,SearchIndividual,200,OK,SearchIndividual 2-868,text,true,,1191,2602,2,12,https://api-scuda.uat.oci.krungsri.tech/ords/api/v1/customer/individual/searchprofile,32,0,16
1779799986950,46,SearchIndividual,200,OK,SearchIndividual 2-867,text,true,,1129,2602,1,11,https://api-scuda.uat.oci.krungsri.tech/ords/api/v1/customer/individual/searchprofile,46,0,21
1779799986894,113,GetIndividual,200,OK,GetIndividual 1-531,text,true,,3875,3588,4,12,https://api-scuda.uat.oci.krungsri.tech/ic/api/v1/customer/individual/getprofile,113,0,16
1779799986924,94,GetIndividual,200,OK,GetIndividual 1-532,text,true,,3806,3588,3,12,https://api-scuda.uat.oci.krungsri.tech/ic/api/v1/customer/individual/getprofile,94,0,16
1779799987002,26,SearchIndividual,200,OK,SearchIndividual 2-869,text,true,,1227,2602,1,11,https://api-scuda.uat.oci.krungsri.tech/ords/api/v1/customer/individual/searchprofile,26,0,14
1779799986931,98,GetIndividual,200,OK,GetIndividual 1-533,text,true,,3809,3587,2,10,https://api-scuda.uat.oci.krungsri.tech/ic/api/v1/customer/individual/getprofile,98,0,18
1779799986914,124,UpdateIndividual,200,OK,UpdateIndividual 4-345,text,true,,800,4227,5,10,https://api-scuda.uat.oci.krungsri.tech/ic/api/v1/customer/individual/updateprofile,124,0,18
1779799986914,131,UpdateIndividual,200,OK,UpdateIndividual 4-346,text,true,,800,4226,4,9,https://api-scuda.uat.oci.krungsri.tech/ic/api/v1/customer/individual/updateprofile,131,0,17
1779799987030,32,SearchIndividual,200,OK,SearchIndividual 2-870,text,true,,1153,2602,1,8,https://api-scuda.uat.oci.krungsri.tech/ords/api/v1/customer/individual/searchprofile,32,0,18
1779799986481,588,CreateJuristic,201,Created,CreateJuristic 7-26,text,true,,1172,7804,2,9,https://api-scuda.uat.oci.krungsri.tech/ic/api/v1/customer/juristic/createprofile,588,0,16
1779799986949,127,UpdateIndividual,200,OK,UpdateIndividual 4-347,text,true,,800,4227,3,9,https://api-scuda.uat.oci.krungsri.tech/ic/api/v1/customer/individual/updateprofile,127,0,14
1779799986901,176,UpdateIndividual,200,OK,UpdateIndividual 4-344,text,true,,800,5664,2,8,https://api-scuda.uat.oci.krungsri.tech/ic/api/v1/customer/individual/updateprofile,176,0,19
1779799987067,37,SearchIndividual,200,OK,SearchIndividual 2-871,text,true,,1159,2602,3,9,https://api-scuda.uat.oci.krungsri.tech/ords/api/v1/customer/individual/searchprofile,37,0,22
1779799987068,43,SearchJuristic,200,OK,SearchJuristic 6-28,text,true,,972,2600,1,9,https://api-scuda.uat.oci.krungsri.tech/ords/api/v1/customer/juristic/searchprofile,42,0,29
1779799987073,38,SearchIndividual,200,OK,SearchIndividual 2-872,text,true,,1227,2602,3,8,https://api-scuda.uat.oci.krungsri.tech/ords/api/v1/customer/individual/searchprofile,38,0,25
1779799987094,30,SearchIndividual,200,OK,SearchIndividual 2-873,text,true,,1125,2602,3,8,https://api-scuda.uat.oci.krungsri.tech/ords/api/v1/customer/individual/searchprofile,30,0,13
1779799987106,32,SearchIndividual,200,OK,SearchIndividual 2-874,text,true,,1109,2602,4,10,https://api-scuda.uat.oci.krungsri.tech/ords/api/v1/customer/individual/searchprofile,32,0,20
1779799987011,127,UpdateIndividual,200,OK,UpdateIndividual 4-348,text,true,,800,4228,2,9,https://api-scuda.uat.oci.krungsri.tech/ic/api/v1/customer/individual/updateprofile,127,0,19
1779799987113,34,SearchIndividual,200,OK,SearchIndividual 2-875,text,true,,1175,2602,3,9,https://api-scuda.uat.oci.krungsri.tech/ords/api/v1/customer/individual/searchprofile,33,0,21
1779799987128,29,SearchIndividual,200,OK,SearchIndividual 2-876,text,true,,1168,2601,2,8,https://api-scuda.uat.oci.krungsri.tech/ords/api/v1/customer/individual/searchprofile,29,0,18
1779799987138,52,SearchIndividual,200,OK,SearchIndividual 2-877,text,true,,1215,2602,1,8,https://api-scuda.uat.oci.krungsri.tech/ords/api/v1/customer/individual/searchprofile,52,0,20
1779799987203,29,SearchIndividual,200,OK,SearchIndividual 2-878,text,true,,1159,2602,3,12,https://api-scuda.uat.oci.krungsri.tech/ords/api/v1/customer/individual/searchprofile,29,0,16
1779799987125,108,GetIndividual,200,OK,GetIndividual 1-534,text,true,,3887,3588,5,11,https://api-scuda.uat.oci.krungsri.tech/ic/api/v1/customer/individual/getprofile,108,0,30
1779799987146,99,GetIndividual,200,OK,GetIndividual 1-535,text,true,,3841,3588,4,11,https://api-scuda.uat.oci.krungsri.tech/ic/api/v1/customer/individual/getprofile,99,0,22
1779799987220,44,SearchIndividual,200,OK,SearchIndividual 2-879,text,true,,1114,2601,4,12,https://api-scuda.uat.oci.krungsri.tech/ords/api/v1/customer/individual/searchprofile,44,0,22
1779799987226,46,SearchIndividual,200,OK,SearchIndividual 2-880,text,true,,1173,2602,3,11,https://api-scuda.uat.oci.krungsri.tech/ords/api/v1/customer/individual/searchprofile,46,0,26
1779799987248,27,SearchIndividual,200,OK,SearchIndividual 2-882,text,true,,1123,2602,2,10,https://api-scuda.uat.oci.krungsri.tech/ords/api/v1/customer/individual/searchprofile,27,0,16
1779799987240,41,SearchIndividual,200,OK,SearchIndividual 2-881,text,true,,1133,2602,1,9,https://api-scuda.uat.oci.krungsri.tech/ords/api/v1/customer/individual/searchprofile,41,0,27
1779799987211,106,GetIndividual,200,OK,GetIndividual 1-537,text,true,,3850,3588,4,12,https://api-scuda.uat.oci.krungsri.tech/ic/api/v1/customer/individual/getprofile,106,0,19
1779799987284,30,SearchIndividual,200,OK,SearchIndividual 2-883,text,true,,1181,2602,2,12,https://api-scuda.uat.oci.krungsri.tech/ords/api/v1/customer/individual/searchprofile,30,0,17
1779799987088,226,UpdateIndividual,200,OK,UpdateIndividual 4-349,text,true,,800,4231,4,12,https://api-scuda.uat.oci.krungsri.tech/ic/api/v1/customer/individual/updateprofile,226,0,19
1779799986987,323,CreateJoint,200,OK,CreateJoint 11-31,text,true,,1772,6054,1,10,https://api-scuda.uat.oci.krungsri.tech/ic/api/v1/customer/joint/createprofile,323,0,23
1779799987306,34,SearchIndividual,200,OK,SearchIndividual 2-884,text,true,,1195,2602,1,10,https://api-scuda.uat.oci.krungsri.tech/ords/api/v1/customer/individual/searchprofile,34,0,21
1779799987189,177,UpdateIndividual,200,OK,UpdateIndividual 4-350,text,true,,800,5634,4,14,https://api-scuda.uat.oci.krungsri.tech/ic/api/v1/customer/individual/updateprofile,177,0,18
1779799987355,32,SearchIndividual,200,OK,SearchIndividual 2-885,text,true,,1119,2602,8,20,https://api-scuda.uat.oci.krungsri.tech/ords/api/v1/customer/individual/searchprofile,32,0,21
1779799987363,26,SearchIndividual,200,OK,SearchIndividual 2-888,text,true,,1167,2602,7,19,https://api-scuda.uat.oci.krungsri.tech/ords/api/v1/customer/individual/searchprofile,26,0,13
1779799987360,30,SearchIndividual,200,OK,SearchIndividual 2-886,text,true,,1197,2602,7,19,https://api-scuda.uat.oci.krungsri.tech/ords/api/v1/customer/individual/searchprofile,30,0,19
1779799987363,31,SearchIndividual,200,OK,SearchIndividual 2-887,text,true,,1213,2602,6,19,https://api-scuda.uat.oci.krungsri.tech/ords/api/v1/customer/individual/searchprofile,31,0,21
1779799986785,619,GetIndividual,200,OK,GetIndividual 1-529,text,true,,3858,3588,6,21,https://api-scuda.uat.oci.krungsri.tech/ic/api/v1/customer/individual/getprofile,619,0,13
1779799987383,29,SearchIndividual,200,OK,SearchIndividual 2-891,text,true,,1115,2602,8,21,https://api-scuda.uat.oci.krungsri.tech/ords/api/v1/customer/individual/searchprofile,28,0,17
1779799987382,30,SearchIndividual,200,OK,SearchIndividual 2-890,text,true,,1207,2602,8,21,https://api-scuda.uat.oci.krungsri.tech/ords/api/v1/customer/individual/searchprofile,29,0,18
1779799987383,33,SearchIndividual,200,OK,SearchIndividual 2-892,text,true,,1199,2602,6,19,https://api-scuda.uat.oci.krungsri.tech/ords/api/v1/customer/individual/searchprofile,33,0,22
1779799987311,106,GetIndividual,200,OK,GetIndividual 1-538,text,true,,3818,3588,5,18,https://api-scuda.uat.oci.krungsri.tech/ic/api/v1/customer/individual/getprofile,106,0,14
1779799987371,50,SearchIndividual,200,OK,SearchIndividual 2-889,text,true,,1159,2602,5,17,https://api-scuda.uat.oci.krungsri.tech/ords/api/v1/customer/individual/searchprofile,49,0,32
1779799987403,28,SearchIndividual,200,OK,SearchIndividual 2-895,text,true,,1141,2602,6,19,https://api-scuda.uat.oci.krungsri.tech/ords/api/v1/customer/individual/searchprofile,27,0,16
1779799987318,116,GetIndividual,200,OK,GetIndividual 1-539,text,true,,3849,3588,6,19,https://api-scuda.uat.oci.krungsri.tech/ic/api/v1/customer/individual/getprofile,116,0,17
1779799987390,45,SearchIndividual,200,OK,SearchIndividual 2-893,text,true,,1157,2602,5,18,https://api-scuda.uat.oci.krungsri.tech/ords/api/v1/customer/individual/searchprofile,44,0,22
1779799987395,41,SearchIndividual,200,OK,SearchIndividual 2-894,text,true,,1125,2602,4,17,https://api-scuda.uat.oci.krungsri.tech/ords/api/v1/customer/individual/searchprofile,41,0,25
1779799987410,30,SearchIndividual,200,OK,SearchIndividual 2-896,text,true,,1143,2602,3,16,https://api-scuda.uat.oci.krungsri.tech/ords/api/v1/customer/individual/searchprofile,30,0,19
1779799987196,250,GetIndividual,200,OK,GetIndividual 1-536,text,true,,3784,3588,5,15,https://api-scuda.uat.oci.krungsri.tech/ic/api/v1/customer/individual/getprofile,250,0,22
1779799987313,139,UpdateIndividual,200,OK,UpdateIndividual 4-352,text,true,,800,4228,5,14,https://api-scuda.uat.oci.krungsri.tech/ic/api/v1/customer/individual/updateprofile,139,0,23
1779799987430,31,SearchIndividual,200,OK,SearchIndividual 2-898,text,true,,1182,2601,3,16,https://api-scuda.uat.oci.krungsri.tech/ords/api/v1/customer/individual/searchprofile,31,0,19
1779799987431,33,SearchIndividual,200,OK,SearchIndividual 2-897,text,true,,1165,2602,2,15,https://api-scuda.uat.oci.krungsri.tech/ords/api/v1/customer/individual/searchprofile,33,0,21
1779799987353,112,GetIndividual,200,OK,GetIndividual 1-540,text,true,,3887,3588,5,14,https://api-scuda.uat.oci.krungsri.tech/ic/api/v1/customer/individual/getprofile,112,0,20
1779799987007,481,CreateJuristic,201,Created,CreateJuristic 7-27,text,true,,1172,8293,1,15,https://api-scuda.uat.oci.krungsri.tech/ic/api/v1/customer/juristic/createprofile,481,0,14
1779799987471,25,SearchIndividual,200,OK,SearchIndividual 2-900,text,true,,1181,2602,3,18,https://api-scuda.uat.oci.krungsri.tech/ords/api/v1/customer/individual/searchprofile,25,0,13
1779799987385,111,GetIndividual,200,OK,GetIndividual 1-541,text,true,,3871,3588,6,18,https://api-scuda.uat.oci.krungsri.tech/ic/api/v1/customer/individual/getprofile,111,0,19
1779799987455,47,SearchIndividual,200,OK,SearchIndividual 2-899,text,true,,1153,2602,2,16,https://api-scuda.uat.oci.krungsri.tech/ords/api/v1/customer/individual/searchprofile,47,0,27
1779799987324,187,UpdateIndividual,200,OK,UpdateIndividual 4-353,text,true,,799,5609,6,15,https://api-scuda.uat.oci.krungsri.tech/ic/api/v1/customer/individual/updateprofile,187,0,16
1779799987490,37,SearchIndividual,200,OK,SearchIndividual 2-901,text,true,,1189,2602,1,17,https://api-scuda.uat.oci.krungsri.tech/ords/api/v1/customer/individual/searchprofile,37,0,22
1779799987433,121,GetIndividual,200,OK,GetIndividual 1-543,text,true,,3828,3588,7,19,https://api-scuda.uat.oci.krungsri.tech/ic/api/v1/customer/individual/getprofile,121,0,19
1779799987528,33,SearchIndividual,200,OK,SearchIndividual 2-902,text,true,,1191,2602,2,18,https://api-scuda.uat.oci.krungsri.tech/ords/api/v1/customer/individual/searchprofile,33,0,20
1779799987430,134,GetIndividual,200,OK,GetIndividual 1-542,text,true,,3849,3587,6,17,https://api-scuda.uat.oci.krungsri.tech/ic/api/v1/customer/individual/getprofile,134,0,21
1779799987536,33,SearchIndividual,200,OK,SearchIndividual 2-903,text,true,,1149,2602,1,16,https://api-scuda.uat.oci.krungsri.tech/ords/api/v1/customer/individual/searchprofile,33,0,19
1779799987405,168,UpdateIndividual,200,OK,UpdateIndividual 4-355,text,true,,800,4226,7,15,https://api-scuda.uat.oci.krungsri.tech/ic/api/v1/customer/individual/updateprofile,168,0,27
1779799987378,229,GetJuristic,200,OK,GetJuristic 5-27,text,true,,3480,3533,1,17,https://api-scuda.uat.oci.krungsri.tech/ic/api/v1/customer/juristic/getprofile,229,0,12
1779799987461,148,GetIndividual,200,OK,GetIndividual 1-544,text,true,,3843,3587,6,16,https://api-scuda.uat.oci.krungsri.tech/ic/api/v1/customer/individual/getprofile,148,0,33
1779799987491,121,GetIndividual,200,OK,GetIndividual 1-546,text,true,,3894,3588,5,15,https://api-scuda.uat.oci.krungsri.tech/ic/api/v1/customer/individual/getprofile,121,0,14
1779799987464,156,UpdateIndividual,200,OK,UpdateIndividual 4-356,text,true,,799,4228,6,14,https://api-scuda.uat.oci.krungsri.tech/ic/api/v1/customer/individual/updateprofile,156,0,27
1779799987490,133,GetIndividual,200,OK,GetIndividual 1-545,text,true,,3859,3588,4,13,https://api-scuda.uat.oci.krungsri.tech/ic/api/v1/customer/individual/getprofile,133,0,27
1779799987590,34,SearchIndividual,200,OK,SearchIndividual 2-904,text,true,,1228,2601,2,13,https://api-scuda.uat.oci.krungsri.tech/ords/api/v1/customer/individual/searchprofile,33,0,20
1779799987255,376,UpdateIndividual,200,OK,UpdateIndividual 4-351,text,true,,800,4229,5,11,https://api-scuda.uat.oci.krungsri.tech/ic/api/v1/customer/individual/updateprofile,376,0,20
1779799987493,143,UpdateIndividual,200,OK,UpdateIndividual 4-357,text,true,,800,4228,4,10,https://api-scuda.uat.oci.krungsri.tech/ic/api/v1/customer/individual/updateprofile,143,0,15
1779799987606,30,SearchIndividual,200,OK,SearchIndividual 2-905,text,true,,1117,2602,1,10,https://api-scuda.uat.oci.krungsri.tech/ords/api/v1/customer/individual/searchprofile,30,0,18
1779799987518,123,UpdateIndividual,200,OK,UpdateIndividual 4-358,text,true,,800,4228,3,9,https://api-scuda.uat.oci.krungsri.tech/ic/api/v1/customer/individual/updateprofile,123,0,18
1779799987539,112,GetIndividual,200,OK,GetIndividual 1-548,text,true,,3855,3588,5,9,https://api-scuda.uat.oci.krungsri.tech/ic/api/v1/customer/individual/getprofile,112,0,15
1779799987589,104,GetIndividual,200,OK,GetIndividual 1-549,text,true,,3833,3588,6,16,https://api-scuda.uat.oci.krungsri.tech/ic/api/v1/customer/individual/getprofile,104,0,20
1779799987673,28,SearchIndividual,200,OK,SearchIndividual 2-908,text,true,,1237,2602,5,17,https://api-scuda.uat.oci.krungsri.tech/ords/api/v1/customer/individual/searchprofile,28,0,15
1779799987657,49,SearchIndividual,200,OK,SearchIndividual 2-906,text,true,,1149,2602,4,16,https://api-scuda.uat.oci.krungsri.tech/ords/api/v1/customer/individual/searchprofile,48,0,35
1779799987666,47,SearchIndividual,200,OK,SearchIndividual 2-907,text,true,,1175,2602,3,15,https://api-scuda.uat.oci.krungsri.tech/ords/api/v1/customer/individual/searchprofile,47,0,24
1779799987686,32,SearchIndividual,200,OK,SearchIndividual 2-909,text,true,,1151,2602,2,14,https://api-scuda.uat.oci.krungsri.tech/ords/api/v1/customer/individual/searchprofile,32,0,21
1779799987690,30,SearchJoint,200,OK,SearchJoint 10-30,text,true,,621,2627,1,13,https://api-scuda.uat.oci.krungsri.tech/ords/api/v1/customer/joint/searchprofile,29,0,17
1779799987698,45,SearchIndividual,200,OK,SearchIndividual 2-910,text,true,,1145,2602,3,14,https://api-scuda.uat.oci.krungsri.tech/ords/api/v1/customer/individual/searchprofile,45,0,26
1779799987731,28,SearchIndividual,200,OK,SearchIndividual 2-911,text,true,,1157,2602,2,13,https://api-scuda.uat.oci.krungsri.tech/ords/api/v1/customer/individual/searchprofile,28,0,11
1779799987639,123,GetIndividual,200,OK,GetIndividual 1-550,text,true,,3849,3587,6,12,https://api-scuda.uat.oci.krungsri.tech/ic/api/v1/customer/individual/getprofile,123,0,27
1779799987738,28,SearchIndividual,200,OK,SearchIndividual 2-912,text,true,,1143,2602,1,12,https://api-scuda.uat.oci.krungsri.tech/ords/api/v1/customer/individual/searchprofile,28,0,15
1779799987662,104,GetIndividual,200,OK,GetIndividual 1-552,text,true,,3853,3588,6,12,https://api-scuda.uat.oci.krungsri.tech/ic/api/v1/customer/individual/getprofile,104,0,16
1779799987642,125,GetIndividual,200,OK,GetIndividual 1-551,text,true,,3838,3588,5,10,https://api-scuda.uat.oci.krungsri.tech/ic/api/v1/customer/individual/getprofile,125,0,18
1779799987681,103,GetIndividual,200,OK,GetIndividual 1-553,text,true,,3865,3588,4,11,https://api-scuda.uat.oci.krungsri.tech/ic/api/v1/customer/individual/getprofile,103,0,16
1779799987371,416,CreateIndividual,201,Created,CreateIndividual 3-27,text,true,,1172,8224,1,11,https://api-scuda.uat.oci.krungsri.tech/ic/api/v1/customer/individual/createprofile,416,0,21
1779799987680,124,GetJuristic,200,OK,GetJuristic 5-28,text,true,,3481,3533,1,15,https://api-scuda.uat.oci.krungsri.tech/ic/api/v1/customer/juristic/getprofile,124,0,18
1779799987694,115,GetIndividual,200,OK,GetIndividual 1-554,text,true,,3868,3587,5,15,https://api-scuda.uat.oci.krungsri.tech/ic/api/v1/customer/individual/getprofile,115,0,18
1779799987791,29,SearchIndividual,200,OK,SearchIndividual 2-915,text,true,,1215,2602,4,15,https://api-scuda.uat.oci.krungsri.tech/ords/api/v1/customer/individual/searchprofile,29,0,18
1779799987782,28,SearchIndividual,200,OK,SearchIndividual 2-913,text,true,,1191,2602,3,14,https://api-scuda.uat.oci.krungsri.tech/ords/api/v1/customer/individual/searchprofile,28,0,15
1779799987518,294,UpdateIndividual,200,OK,UpdateIndividual 4-359,text,true,,800,4227,5,15,https://api-scuda.uat.oci.krungsri.tech/ic/api/v1/customer/individual/updateprofile,294,0,11
1779799987786,46,SearchIndividual,200,OK,SearchIndividual 2-914,text,true,,1223,2602,2,13,https://api-scuda.uat.oci.krungsri.tech/ords/api/v1/customer/individual/searchprofile,46,0,35
1779799987810,30,SearchIndividual,200,OK,SearchIndividual 2-916,text,true,,1157,2602,2,13,https://api-scuda.uat.oci.krungsri.tech/ords/api/v1/customer/individual/searchprofile,30,0,19
1779799987519,328,GetIndividual,200,OK,GetIndividual 1-547,text,true,,3847,3588,5,14,https://api-scuda.uat.oci.krungsri.tech/ic/api/v1/customer/individual/getprofile,328,0,8
1779799987836,26,SearchIndividual,200,OK,SearchIndividual 2-917,text,true,,1171,2602,3,15,https://api-scuda.uat.oci.krungsri.tech/ords/api/v1/customer/individual/searchprofile,26,0,15
1779799987845,25,SearchIndividual,200,OK,SearchIndividual 2-918,text,true,,1177,2602,2,15,https://api-scuda.uat.oci.krungsri.tech/ords/api/v1/customer/individual/searchprofile,25,0,14
1779799987764,108,GetIndividual,200,OK,GetIndividual 1-555,text,true,,3860,3588,5,14,https://api-scuda.uat.oci.krungsri.tech/ic/api/v1/customer/individual/getprofile,108,0,16
1779799987857,33,SearchIndividual,200,OK,SearchIndividual 2-919,text,true,,1111,2602,1,13,https://api-scuda.uat.oci.krungsri.tech/ords/api/v1/customer/individual/searchprofile,33,0,20
1779799987790,103,GetIndividual,200,OK,GetIndividual 1-556,text,true,,3858,3588,4,12,https://api-scuda.uat.oci.krungsri.tech/ic/api/v1/customer/individual/getprofile,103,0,15
1779799987805,106,GetIndividual,200,OK,GetIndividual 1-557,text,true,,3894,3587,3,13,https://api-scuda.uat.oci.krungsri.tech/ic/api/v1/customer/individual/getprofile,106,0,18
1779799987898,30,SearchIndividual,200,OK,SearchIndividual 2-920,text,true,,1165,2602,2,13,https://api-scuda.uat.oci.krungsri.tech/ords/api/v1/customer/individual/searchprofile,30,0,18
1779799987907,26,SearchIndividual,200,OK,SearchIndividual 2-921,text,true,,1215,2602,1,13,https://api-scuda.uat.oci.krungsri.tech/ords/api/v1/customer/individual/searchprofile,26,0,15
1779799987784,173,UpdateJoint,200,OK,UpdateJoint 12-28,text,true,,800,4508,1,15,https://api-scuda.uat.oci.krungsri.tech/ic/api/v1/customer/joint/updateprofile,173,0,19
1779799987807,152,UpdateIndividual,200,OK,UpdateIndividual 4-362,text,true,,800,5565,9,14,https://api-scuda.uat.oci.krungsri.tech/ic/api/v1/customer/individual/updateprofile,152,0,11
1779799987394,566,UpdateIndividual,200,OK,UpdateIndividual 4-354,text,true,,798,5587,8,13,https://api-scuda.uat.oci.krungsri.tech/ic/api/v1/customer/individual/updateprofile,566,0,41
1779799987847,113,GetIndividual,200,OK,GetIndividual 1-558,text,true,,3767,3588,2,13,https://api-scuda.uat.oci.krungsri.tech/ic/api/v1/customer/individual/getprofile,113,0,10
1779799987931,32,SearchJoint,200,OK,SearchJoint 10-31,text,true,,621,2627,1,12,https://api-scuda.uat.oci.krungsri.tech/ords/api/v1/customer/joint/searchprofile,32,0,20
1779799987474,492,CreateJoint,200,OK,CreateJoint 11-32,text,true,,1772,6081,1,11,https://api-scuda.uat.oci.krungsri.tech/ic/api/v1/customer/joint/createprofile,492,0,9
1779799987866,101,GetIndividual,200,OK,GetIndividual 1-559,text,true,,3824,3588,1,10,https://api-scuda.uat.oci.krungsri.tech/ic/api/v1/customer/individual/getprofile,101,0,18
1779799987805,175,UpdateIndividual,200,OK,UpdateIndividual 4-361,text,true,,800,5663,7,10,https://api-scuda.uat.oci.krungsri.tech/ic/api/v1/customer/individual/updateprofile,175,0,19
1779799987948,32,SearchIndividual,200,OK,SearchIndividual 2-922,text,true,,1167,2602,3,10,https://api-scuda.uat.oci.krungsri.tech/ords/api/v1/customer/individual/searchprofile,31,0,20
1779799987962,30,SearchIndividual,200,OK,SearchIndividual 2-923,text,true,,1173,2602,2,8,https://api-scuda.uat.oci.krungsri.tech/ords/api/v1/customer/individual/searchprofile,30,0,19
1779799987970,32,SearchIndividual,200,OK,SearchIndividual 2-924,text,true,,1143,2602,1,7,https://api-scuda.uat.oci.krungsri.tech/ords/api/v1/customer/individual/searchprofile,32,0,20
1779799987831,176,UpdateIndividual,200,OK,UpdateIndividual 4-363,text,true,,800,5493,6,7,https://api-scuda.uat.oci.krungsri.tech/ic/api/v1/customer/individual/updateprofile,176,0,15
1779799987802,221,UpdateIndividual,200,OK,UpdateIndividual 4-360,text,true,,800,5597,5,8,https://api-scuda.uat.oci.krungsri.tech/ic/api/v1/customer/individual/updateprofile,221,0,7
1779799987852,187,UpdateIndividual,200,OK,UpdateIndividual 4-364,text,true,,800,5663,5,9,https://api-scuda.uat.oci.krungsri.tech/ic/api/v1/customer/individual/updateprofile,187,0,39
1779799988016,34,SearchIndividual,200,OK,SearchIndividual 2-925,text,true,,1165,2602,3,8,https://api-scuda.uat.oci.krungsri.tech/ords/api/v1/customer/individual/searchprofile,34,0,19
1779799988025,26,SearchIndividual,200,OK,SearchIndividual 2-927,text,true,,1145,2602,2,7,https://api-scuda.uat.oci.krungsri.tech/ords/api/v1/customer/individual/searchprofile,26,0,13
1779799988021,32,SearchIndividual,200,OK,SearchIndividual 2-926,text,true,,1138,2601,1,6,https://api-scuda.uat.oci.krungsri.tech/ords/api/v1/customer/individual/searchprofile,32,0,20
1779799987921,162,UpdateIndividual,200,OK,UpdateIndividual 4-365,text,true,,799,5608,6,11,https://api-scuda.uat.oci.krungsri.tech/ic/api/v1/customer/individual/updateprofile,162,0,24
1779799988071,29,SearchIndividual,200,OK,SearchIndividual 2-929,text,true,,1163,2602,4,14,https://api-scuda.uat.oci.krungsri.tech/ords/api/v1/customer/individual/searchprofile,29,0,18
1779799988069,31,SearchIndividual,200,OK,SearchIndividual 2-928,text,true,,1135,2602,4,14,https://api-scuda.uat.oci.krungsri.tech/ords/api/v1/customer/individual/searchprofile,31,0,19
1779799988084,28,SearchIndividual,200,OK,SearchIndividual 2-930,text,true,,1219,2602,2,12,https://api-scuda.uat.oci.krungsri.tech/ords/api/v1/customer/individual/searchprofile,28,0,17
1779799988005,107,GetIndividual,200,OK,GetIndividual 1-560,text,true,,3804,3587,3,11,https://api-scuda.uat.oci.krungsri.tech/ic/api/v1/customer/individual/getprofile,107,0,19
1779799987949,175,UpdateIndividual,200,OK,UpdateIndividual 4-366,text,true,,800,5649,6,14,https://api-scuda.uat.oci.krungsri.tech/ic/api/v1/customer/individual/updateprofile,175,0,19
1779799988094,31,SearchIndividual,200,OK,SearchIndividual 2-931,text,true,,1165,2602,2,13,https://api-scuda.uat.oci.krungsri.tech/ords/api/v1/customer/individual/searchprofile,31,0,19
1779799988117,32,SearchIndividual,200,OK,SearchIndividual 2-932,text,true,,1187,2602,2,17,https://api-scuda.uat.oci.krungsri.tech/ords/api/v1/customer/individual/searchprofile,32,0,20
1779799987958,202,UpdateIndividual,200,OK,UpdateIndividual 4-367,text,true,,800,5559,6,17,https://api-scuda.uat.oci.krungsri.tech/ic/api/v1/customer/individual/updateprofile,202,0,18
1779799988128,33,SearchIndividual,200,OK,SearchIndividual 2-933,text,true,,1147,2602,1,16,https://api-scuda.uat.oci.krungsri.tech/ords/api/v1/customer/individual/searchprofile,33,0,23
1779799988072,102,GetIndividual,200,OK,GetIndividual 1-562,text,true,,3883,3588,8,16,https://api-scuda.uat.oci.krungsri.tech/ic/api/v1/customer/individual/getprofile,102,0,21
1779799988059,141,UpdateIndividual,200,OK,UpdateIndividual 4-369,text,true,,800,4228,5,16,https://api-scuda.uat.oci.krungsri.tech/ic/api/v1/customer/individual/updateprofile,140,0,19
1779799988094,107,GetJuristic,200,OK,GetJuristic 5-29,text,true,,3506,3533,1,16,https://api-scuda.uat.oci.krungsri.tech/ic/api/v1/customer/juristic/getprofile,107,0,20
1779799988070,132,GetIndividual,200,OK,GetIndividual 1-561,text,true,,3862,3587,7,16,https://api-scuda.uat.oci.krungsri.tech/ic/api/v1/customer/individual/getprofile,132,0,19
1779799988041,165,UpdateIndividual,200,OK,UpdateIndividual 4-368,text,true,,800,5552,4,15,https://api-scuda.uat.oci.krungsri.tech/ic/api/v1/customer/individual/updateprofile,165,0,21
1779799988185,33,SearchIndividual,200,OK,SearchIndividual 2-934,text,true,,1137,2602,4,16,https://api-scuda.uat.oci.krungsri.tech/ords/api/v1/customer/individual/searchprofile,33,0,22
1779799988082,136,UpdateIndividual,200,OK,UpdateIndividual 4-370,text,true,,799,4229,3,15,https://api-scuda.uat.oci.krungsri.tech/ic/api/v1/customer/individual/updateprofile,136,0,20
1779799988200,27,SearchIndividual,200,OK,SearchIndividual 2-935,text,true,,1209,2602,4,15,https://api-scuda.uat.oci.krungsri.tech/ords/api/v1/customer/individual/searchprofile,27,0,15
1779799988206,31,SearchIndividual,200,OK,SearchIndividual 2-936,text,true,,1177,2602,3,14,https://api-scuda.uat.oci.krungsri.tech/ords/api/v1/customer/individual/searchprofile,31,0,19
1779799988124,113,GetIndividual,200,OK,GetIndividual 1-565,text,true,,3823,3588,6,13,https://api-scuda.uat.oci.krungsri.tech/ic/api/v1/customer/individual/getprofile,113,0,20
1779799988121,119,GetIndividual,200,OK,GetIndividual 1-564,text,true,,3822,3588,5,12,https://api-scuda.uat.oci.krungsri.tech/ic/api/v1/customer/individual/getprofile,119,0,22
1779799988214,31,SearchIndividual,200,OK,SearchIndividual 2-937,text,true,,1159,2602,2,11,https://api-scuda.uat.oci.krungsri.tech/ords/api/v1/customer/individual/searchprofile,30,0,19
1779799988138,110,GetIndividual,200,OK,GetIndividual 1-566,text,true,,3783,3588,4,10,https://api-scuda.uat.oci.krungsri.tech/ic/api/v1/customer/individual/getprofile,110,0,20
1779799988223,30,SearchIndividual,200,OK,SearchIndividual 2-938,text,true,,1161,2602,5,13,https://api-scuda.uat.oci.krungsri.tech/ords/api/v1/customer/individual/searchprofile,29,0,18
1779799988091,170,UpdateIndividual,200,OK,UpdateIndividual 4-371,text,true,,800,5634,2,12,https://api-scuda.uat.oci.krungsri.tech/ic/api/v1/customer/individual/updateprofile,170,0,24
1779799988249,33,SearchIndividual,200,OK,SearchIndividual 2-940,text,true,,1226,2601,4,13,https://api-scuda.uat.oci.krungsri.tech/ords/api/v1/customer/individual/searchprofile,33,0,21
1779799988252,30,SearchIndividual,200,OK,SearchIndividual 2-942,text,true,,1179,2602,4,13,https://api-scuda.uat.oci.krungsri.tech/ords/api/v1/customer/individual/searchprofile,30,0,15
1779799988252,30,SearchIndividual,200,OK,SearchIndividual 2-941,text,true,,1209,2602,2,11,https://api-scuda.uat.oci.krungsri.tech/ords/api/v1/customer/individual/searchprofile,30,0,20
1779799988249,35,SearchIndividual,200,OK,SearchIndividual 2-939,text,true,,1165,2602,1,10,https://api-scuda.uat.oci.krungsri.tech/ords/api/v1/customer/individual/searchprofile,34,0,21
1779799988174,126,GetIndividual,200,OK,GetIndividual 1-568,text,true,,3800,3588,4,11,https://api-scuda.uat.oci.krungsri.tech/ic/api/v1/customer/individual/getprofile,126,0,17
1779799988141,177,GetIndividual,200,OK,GetIndividual 1-567,text,true,,3835,3588,3,12,https://api-scuda.uat.oci.krungsri.tech/ic/api/v1/customer/individual/getprofile,177,0,22
1779799988212,102,GetJoint,200,OK,GetJoint 9-28,text,true,,1429,3530,1,12,https://api-scuda.uat.oci.krungsri.tech/ic/api/v1/customer/joint/getprofile,102,0,19
1779799988133,180,UpdateIndividual,200,OK,UpdateIndividual 4-372,text,true,,800,4227,4,12,https://api-scuda.uat.oci.krungsri.tech/ic/api/v1/customer/individual/updateprofile,180,0,17
1779799988293,32,SearchIndividual,200,OK,SearchIndividual 2-943,text,true,,1225,2602,2,9,https://api-scuda.uat.oci.krungsri.tech/ords/api/v1/customer/individual/searchprofile,32,0,20
1779799988299,35,SearchIndividual,200,OK,SearchIndividual 2-944,text,true,,1157,2602,2,10,https://api-scuda.uat.oci.krungsri.tech/ords/api/v1/customer/individual/searchprofile,35,0,22
1779799988115,245,GetIndividual,200,OK,GetIndividual 1-563,text,true,,3806,3588,2,11,https://api-scuda.uat.oci.krungsri.tech/ic/api/v1/customer/individual/getprofile,245,0,20
1779799988329,32,SearchIndividual,200,OK,SearchIndividual 2-945,text,true,,1153,2602,2,10,https://api-scuda.uat.oci.krungsri.tech/ords/api/v1/customer/individual/searchprofile,32,0,19
1779799988280,102,GetIndividual,200,OK,GetIndividual 1-569,text,true,,3830,3588,2,12,https://api-scuda.uat.oci.krungsri.tech/ic/api/v1/customer/individual/getprofile,102,0,23
1779799988351,32,SearchIndividual,200,OK,SearchIndividual 2-946,text,true,,1149,2602,2,11,https://api-scuda.uat.oci.krungsri.tech/ords/api/v1/customer/individual/searchprofile,32,0,20
1779799988148,243,CreateJoint,200,OK,CreateJoint 11-33,text,true,,1771,5892,2,11,https://api-scuda.uat.oci.krungsri.tech/ic/api/v1/customer/joint/createprofile,243,0,22
1779799988365,30,SearchIndividual,200,OK,SearchIndividual 2-947,text,true,,1241,2602,2,10,https://api-scuda.uat.oci.krungsri.tech/ords/api/v1/customer/individual/searchprofile,29,0,19
1779799988268,153,UpdateIndividual,200,OK,UpdateIndividual 4-373,text,true,,800,5596,6,12,https://api-scuda.uat.oci.krungsri.tech/ic/api/v1/customer/individual/updateprofile,153,0,18
1779799988391,30,SearchIndividual,200,OK,SearchIndividual 2-948,text,true,,1177,2602,2,12,https://api-scuda.uat.oci.krungsri.tech/ords/api/v1/customer/individual/searchprofile,30,0,17
1779799988396,32,SearchJuristic,200,OK,SearchJuristic 6-29,text,true,,984,2600,1,11,https://api-scuda.uat.oci.krungsri.tech/ords/api/v1/customer/juristic/searchprofile,32,0,22
1779799988404,28,SearchIndividual,200,OK,SearchIndividual 2-949,text,true,,1159,2602,1,10,https://api-scuda.uat.oci.krungsri.tech/ords/api/v1/customer/individual/searchprofile,28,0,17
1779799988339,126,UpdateIndividual,200,OK,UpdateIndividual 4-376,text,true,,800,4228,7,16,https://api-scuda.uat.oci.krungsri.tech/ic/api/v1/customer/individual/updateprofile,126,0,22
1779799988308,160,UpdateIndividual,200,OK,UpdateIndividual 4-375,text,true,,800,5587,6,16,https://api-scuda.uat.oci.krungsri.tech/ic/api/v1/customer/individual/updateprofile,160,0,20
1779799988364,104,GetIndividual,200,OK,GetIndividual 1-570,text,true,,3821,3588,3,16,https://api-scuda.uat.oci.krungsri.tech/ic/api/v1/customer/individual/getprofile,104,0,18
1779799988304,165,UpdateIndividual,200,OK,UpdateIndividual 4-374,text,true,,800,5557,5,14,https://api-scuda.uat.oci.krungsri.tech/ic/api/v1/customer/individual/updateprofile,165,0,20
1779799988162,310,CreateJoint,200,OK,CreateJoint 11-34,text,true,,1772,6028,2,13,https://api-scuda.uat.oci.krungsri.tech/ic/api/v1/customer/joint/createprofile,310,0,17
1779799988448,26,SearchIndividual,200,OK,SearchIndividual 2-951,text,true,,1189,2602,3,12,https://api-scuda.uat.oci.krungsri.tech/ords/api/v1/customer/individual/searchprofile,25,0,13
1779799988456,24,SearchIndividual,200,OK,SearchIndividual 2-952,text,true,,1107,2602,2,12,https://api-scuda.uat.oci.krungsri.tech/ords/api/v1/customer/individual/searchprofile,24,0,14
1779799988448,33,SearchIndividual,200,OK,SearchIndividual 2-950,text,true,,1149,2602,1,11,https://api-scuda.uat.oci.krungsri.tech/ords/api/v1/customer/individual/searchprofile,33,0,21
1779799988455,44,SearchJuristic,200,OK,SearchJuristic 6-30,text,true,,998,2600,1,12,https://api-scuda.uat.oci.krungsri.tech/ords/api/v1/customer/juristic/searchprofile,43,0,27
1779799988384,137,UpdateIndividual,200,OK,UpdateIndividual 4-377,text,true,,800,4227,5,12,https://api-scuda.uat.oci.krungsri.tech/ic/api/v1/customer/individual/updateprofile,137,0,24
1779799988488,34,SearchIndividual,200,OK,SearchIndividual 2-953,text,true,,1163,2602,2,11,https://api-scuda.uat.oci.krungsri.tech/ords/api/v1/customer/individual/searchprofile,34,0,23
1779799988497,38,SearchIndividual,200,OK,SearchIndividual 2-954,text,true,,1171,2602,1,10,https://api-scuda.uat.oci.krungsri.tech/ords/api/v1/customer/individual/searchprofile,38,0,24
1779799988428,107,GetIndividual,200,OK,GetIndividual 1-571,text,true,,3873,3588,2,10,https://api-scuda.uat.oci.krungsri.tech/ic/api/v1/customer/individual/getprofile,107,0,22
1779799988399,158,UpdateIndividual,200,OK,UpdateIndividual 4-378,text,true,,800,5618,4,12,https://api-scuda.uat.oci.krungsri.tech/ic/api/v1/customer/individual/updateprofile,158,0,15
1779799988538,32,SearchIndividual,200,OK,SearchIndividual 2-955,text,true,,1261,2602,3,12,https://api-scuda.uat.oci.krungsri.tech/ords/api/v1/customer/individual/searchprofile,32,0,17
1779799988543,31,SearchIndividual,200,OK,SearchIndividual 2-956,text,true,,1257,2602,2,11,https://api-scuda.uat.oci.krungsri.tech/ords/api/v1/customer/individual/searchprofile,31,0,19
1779799988451,123,UpdateIndividual,200,OK,UpdateIndividual 4-379,text,true,,800,4228,3,10,https://api-scuda.uat.oci.krungsri.tech/ic/api/v1/customer/individual/updateprofile,123,0,21
1779799988468,107,GetIndividual,200,OK,GetIndividual 1-572,text,true,,3851,3588,3,9,https://api-scuda.uat.oci.krungsri.tech/ic/api/v1/customer/individual/getprofile,107,0,17
1779799988562,33,SearchIndividual,200,OK,SearchIndividual 2-957,text,true,,1213,2602,3,10,https://api-scuda.uat.oci.krungsri.tech/ords/api/v1/customer/individual/searchprofile,32,0,22
1779799988576,34,SearchIndividual,200,OK,SearchIndividual 2-958,text,true,,1181,2602,2,10,https://api-scuda.uat.oci.krungsri.tech/ords/api/v1/customer/individual/searchprofile,34,0,17
1779799988479,133,UpdateIndividual,200,OK,UpdateIndividual 4-381,text,true,,799,4227,3,10,https://api-scuda.uat.oci.krungsri.tech/ic/api/v1/customer/individual/updateprofile,133,0,21
1779799988465,148,UpdateIndividual,200,OK,UpdateIndividual 4-380,text,true,,800,4227,2,9,https://api-scuda.uat.oci.krungsri.tech/ic/api/v1/customer/individual/updateprofile,148,0,21
1779799988589,31,SearchIndividual,200,OK,SearchIndividual 2-959,text,true,,1195,2602,3,9,https://api-scuda.uat.oci.krungsri.tech/ords/api/v1/customer/individual/searchprofile,31,0,19
1779799988514,122,UpdateJoint,200,OK,UpdateJoint 12-29,text,true,,800,3614,1,9,https://api-scuda.uat.oci.krungsri.tech/ic/api/v1/customer/joint/updateprofile,122,0,18
1779799988611,28,SearchIndividual,200,OK,SearchIndividual 2-960,text,true,,1135,2602,2,8,https://api-scuda.uat.oci.krungsri.tech/ords/api/v1/customer/individual/searchprofile,28,0,18
1779799988540,101,GetIndividual,200,OK,GetIndividual 1-573,text,true,,3882,3588,2,7,https://api-scuda.uat.oci.krungsri.tech/ic/api/v1/customer/individual/getprofile,101,0,16
1779799988614,29,SearchIndividual,200,OK,SearchIndividual 2-961,text,true,,1163,2602,1,6,https://api-scuda.uat.oci.krungsri.tech/ords/api/v1/customer/individual/searchprofile,29,0,17
1779799988547,100,GetIndividual,200,OK,GetIndividual 1-574,text,true,,3859,3588,1,5,https://api-scuda.uat.oci.krungsri.tech/ic/api/v1/customer/individual/getprofile,100,0,10
1779799988689,22,SearchIndividual,200,OK,SearchIndividual 2-962,text,true,,1198,2601,1,8,https://api-scuda.uat.oci.krungsri.tech/ords/api/v1/customer/individual/searchprofile,22,0,11
1779799988713,31,SearchIndividual,200,OK,SearchIndividual 2-963,text,true,,1197,2602,2,11,https://api-scuda.uat.oci.krungsri.tech/ords/api/v1/customer/individual/searchprofile,31,0,19
1779799988629,116,UpdateIndividual,200,OK,UpdateIndividual 4-383,text,true,,799,4226,6,10,https://api-scuda.uat.oci.krungsri.tech/ic/api/v1/customer/individual/updateprofile,116,0,19
1779799988718,27,SearchIndividual,200,OK,SearchIndividual 2-964,text,true,,1161,2602,1,9,https://api-scuda.uat.oci.krungsri.tech/ords/api/v1/customer/individual/searchprofile,27,0,17
1779799988604,164,UpdateIndividual,200,OK,UpdateIndividual 4-382,text,true,,800,5592,5,12,https://api-scuda.uat.oci.krungsri.tech/ic/api/v1/customer/individual/updateprofile,164,0,16
1779799988747,33,SearchIndividual,200,OK,SearchIndividual 2-965,text,true,,1145,2602,3,12,https://api-scuda.uat.oci.krungsri.tech/ords/api/v1/customer/individual/searchprofile,33,0,19
1779799988757,29,SearchIndividual,200,OK,SearchIndividual 2-966,text,true,,1191,2600,2,11,https://api-scuda.uat.oci.krungsri.tech/ords/api/v1/customer/individual/searchprofile,29,0,18
1779799988692,95,GetIndividual,200,OK,GetIndividual 1-575,text,true,,3855,3588,3,10,https://api-scuda.uat.oci.krungsri.tech/ic/api/v1/customer/individual/getprofile,95,0,12
1779799988445,345,CreateJoint,200,OK,CreateJoint 11-35,text,true,,1772,6119,1,9,https://api-scuda.uat.oci.krungsri.tech/ic/api/v1/customer/joint/createprofile,345,0,30
1779799988331,465,CreateJuristic,201,Created,CreateJuristic 7-28,text,true,,1172,7513,1,10,https://api-scuda.uat.oci.krungsri.tech/ic/api/v1/customer/juristic/createprofile,465,0,14
1779799988765,41,SearchIndividual,200,OK,SearchIndividual 2-967,text,true,,1179,2602,1,10,https://api-scuda.uat.oci.krungsri.tech/ords/api/v1/customer/individual/searchprofile,41,0,21
1779799988658,175,UpdateIndividual,200,OK,UpdateIndividual 4-384,text,true,,800,5641,4,17,https://api-scuda.uat.oci.krungsri.tech/ic/api/v1/customer/individual/updateprofile,175,0,19
1779799988689,151,UpdateIndividual,200,OK,UpdateIndividual 4-385,text,true,,800,4229,3,17,https://api-scuda.uat.oci.krungsri.tech/ic/api/v1/customer/individual/updateprofile,151,0,25
1779799988823,26,SearchIndividual,200,OK,SearchIndividual 2-968,text,true,,1167,2602,3,18,https://api-scuda.uat.oci.krungsri.tech/ords/api/v1/customer/individual/searchprofile,26,0,14
1779799988833,27,SearchIndividual,200,OK,SearchIndividual 2-969,text,true,,1179,2602,3,20,https://api-scuda.uat.oci.krungsri.tech/ords/api/v1/customer/individual/searchprofile,27,0,17
1779799988833,28,SearchIndividual,200,OK,SearchIndividual 2-970,text,true,,1159,2602,2,19,https://api-scuda.uat.oci.krungsri.tech/ords/api/v1/customer/individual/searchprofile,28,0,16
1779799988774,94,GetIndividual,200,OK,GetIndividual 1-577,text,true,,3855,3588,12,20,https://api-scuda.uat.oci.krungsri.tech/ic/api/v1/customer/individual/getprofile,94,0,18
1779799988761,113,GetIndividual,200,OK,GetIndividual 1-576,text,true,,3807,3588,11,20,https://api-scuda.uat.oci.krungsri.tech/ic/api/v1/customer/individual/getprofile,113,0,20
1779799988852,30,SearchIndividual,200,OK,SearchIndividual 2-971,text,true,,1141,2602,1,19,https://api-scuda.uat.oci.krungsri.tech/ords/api/v1/customer/individual/searchprofile,30,0,19
1779799988731,151,UpdateIndividual,200,OK,UpdateIndividual 4-386,text,true,,800,4230,6,18,https://api-scuda.uat.oci.krungsri.tech/ic/api/v1/customer/individual/updateprofile,151,0,22
1779799988795,109,GetIndividual,200,OK,GetIndividual 1-578,text,true,,3815,3588,10,20,https://api-scuda.uat.oci.krungsri.tech/ic/api/v1/customer/individual/getprofile,109,0,20
1779799988800,107,GetIndividual,200,OK,GetIndividual 1-579,text,true,,3853,3588,9,19,https://api-scuda.uat.oci.krungsri.tech/ic/api/v1/customer/individual/getprofile,107,0,17
1779799988888,30,SearchIndividual,200,OK,SearchIndividual 2-972,text,true,,1159,2602,1,19,https://api-scuda.uat.oci.krungsri.tech/ords/api/v1/customer/individual/searchprofile,30,0,18
1779799988810,116,GetIndividual,200,OK,GetIndividual 1-580,text,true,,3855,3588,9,18,https://api-scuda.uat.oci.krungsri.tech/ic/api/v1/customer/individual/getprofile,116,0,19
1779799988820,109,GetIndividual,200,OK,GetIndividual 1-582,text,true,,3831,3588,8,17,https://api-scuda.uat.oci.krungsri.tech/ic/api/v1/customer/individual/getprofile,109,0,17
1779799988819,116,GetIndividual,200,OK,GetIndividual 1-581,text,true,,3843,3588,7,17,https://api-scuda.uat.oci.krungsri.tech/ic/api/v1/customer/individual/getprofile,116,0,19
1779799988739,200,UpdateIndividual,200,OK,UpdateIndividual 4-387,text,true,,800,5638,6,17,https://api-scuda.uat.oci.krungsri.tech/ic/api/v1/customer/individual/updateprofile,200,0,20
1779799988844,101,GetIndividual,200,OK,GetIndividual 1-585,text,true,,3828,3588,6,16,https://api-scuda.uat.oci.krungsri.tech/ic/api/v1/customer/individual/getprofile,101,0,19
1779799988824,121,GetIndividual,200,OK,GetIndividual 1-583,text,true,,3873,3588,6,16,https://api-scuda.uat.oci.krungsri.tech/ic/api/v1/customer/individual/getprofile,121,0,19
1779799988847,113,GetIndividual,200,OK,GetIndividual 1-586,text,true,,3809,3588,5,15,https://api-scuda.uat.oci.krungsri.tech/ic/api/v1/customer/individual/getprofile,113,0,22
1779799988933,31,SearchIndividual,200,OK,SearchIndividual 2-973,text,true,,1183,2602,2,14,https://api-scuda.uat.oci.krungsri.tech/ords/api/v1/customer/individual/searchprofile,31,0,17
1779799988937,32,SearchIndividual,200,OK,SearchIndividual 2-974,text,true,,1183,2602,1,13,https://api-scuda.uat.oci.krungsri.tech/ords/api/v1/customer/individual/searchprofile,32,0,19
1779799988868,104,GetIndividual,200,OK,GetIndividual 1-587,text,true,,3823,3588,4,12,https://api-scuda.uat.oci.krungsri.tech/ic/api/v1/customer/individual/getprofile,104,0,11
1779799988856,132,UpdateIndividual,200,OK,UpdateIndividual 4-389,text,true,,800,4227,5,14,https://api-scuda.uat.oci.krungsri.tech/ic/api/v1/customer/individual/updateprofile,132,0,17
1779799988854,137,UpdateIndividual,200,OK,UpdateIndividual 4-388,text,true,,800,4227,4,13,https://api-scuda.uat.oci.krungsri.tech/ic/api/v1/customer/individual/updateprofile,137,0,17
1779799988980,33,SearchJoint,200,OK,SearchJoint 10-32,text,true,,621,2627,1,12,https://api-scuda.uat.oci.krungsri.tech/ords/api/v1/customer/joint/searchprofile,32,0,21
1779799988902,111,GetJuristic,200,OK,GetJuristic 5-30,text,true,,3477,3533,1,12,https://api-scuda.uat.oci.krungsri.tech/ic/api/v1/customer/juristic/getprofile,111,0,24
1779799988869,161,UpdateIndividual,200,OK,UpdateIndividual 4-390,text,true,,800,5585,3,10,https://api-scuda.uat.oci.krungsri.tech/ic/api/v1/customer/individual/updateprofile,161,0,11
1779799988840,194,GetIndividual,200,OK,GetIndividual 1-584,text,true,,3827,3588,5,9,https://api-scuda.uat.oci.krungsri.tech/ic/api/v1/customer/individual/getprofile,194,0,16
1779799988914,126,GetIndividual,200,OK,GetIndividual 1-588,text,true,,3824,3588,4,8,https://api-scuda.uat.oci.krungsri.tech/ic/api/v1/customer/individual/getprofile,126,0,18
1779799988949,117,GetIndividual,200,OK,GetIndividual 1-589,text,true,,3855,3588,4,11,https://api-scuda.uat.oci.krungsri.tech/ic/api/v1/customer/individual/getprofile,117,0,20
1779799988831,242,CreateJoint,200,OK,CreateJoint 11-36,text,true,,1772,5740,1,10,https://api-scuda.uat.oci.krungsri.tech/ic/api/v1/customer/joint/createprofile,242,0,21
1779799988907,171,UpdateIndividual,200,OK,UpdateIndividual 4-392,text,true,,800,5590,2,10,https://api-scuda.uat.oci.krungsri.tech/ic/api/v1/customer/individual/updateprofile,171,0,18
1779799989061,33,SearchIndividual,200,OK,SearchIndividual 2-975,text,true,,1181,2602,5,12,https://api-scuda.uat.oci.krungsri.tech/ords/api/v1/customer/individual/searchprofile,33,0,21
1779799989062,34,SearchIndividual,200,OK,SearchIndividual 2-976,text,true,,1175,2602,4,12,https://api-scuda.uat.oci.krungsri.tech/ords/api/v1/customer/individual/searchprofile,34,0,23
1779799989075,24,SearchIndividual,200,OK,SearchIndividual 2-977,text,true,,1161,2602,3,11,https://api-scuda.uat.oci.krungsri.tech/ords/api/v1/customer/individual/searchprofile,24,0,11
1779799988988,121,GetIndividual,200,OK,GetIndividual 1-591,text,true,,3819,3588,4,10,https://api-scuda.uat.oci.krungsri.tech/ic/api/v1/customer/individual/getprofile,121,0,20
1779799988974,135,GetIndividual,200,OK,GetIndividual 1-590,text,true,,3800,3587,4,10,https://api-scuda.uat.oci.krungsri.tech/ic/api/v1/customer/individual/getprofile,135,0,18
1779799989079,30,SearchIndividual,200,OK,SearchIndividual 2-978,text,true,,1175,2602,2,9,https://api-scuda.uat.oci.krungsri.tech/ords/api/v1/customer/individual/searchprofile,30,0,18
1779799989079,34,SearchIndividual,200,OK,SearchIndividual 2-979,text,true,,1131,2602,2,8,https://api-scuda.uat.oci.krungsri.tech/ords/api/v1/customer/individual/searchprofile,34,0,19
1779799988872,252,UpdateIndividual,200,OK,UpdateIndividual 4-391,text,true,,800,5657,2,9,https://api-scuda.uat.oci.krungsri.tech/ic/api/v1/customer/individual/updateprofile,252,0,9
1779799989110,33,SearchIndividual,200,OK,SearchIndividual 2-980,text,true,,1109,2602,3,11,https://api-scuda.uat.oci.krungsri.tech/ords/api/v1/customer/individual/searchprofile,33,0,22
1779799989124,31,SearchIndividual,200,OK,SearchIndividual 2-981,text,true,,1173,2602,2,11,https://api-scuda.uat.oci.krungsri.tech/ords/api/v1/customer/individual/searchprofile,31,0,20
1779799989132,42,SearchIndividual,200,OK,SearchIndividual 2-982,text,true,,1197,2602,2,11,https://api-scuda.uat.oci.krungsri.tech/ords/api/v1/customer/individual/searchprofile,41,0,30
1779799989054,123,GetIndividual,200,OK,GetIndividual 1-592,text,true,,3849,3588,4,10,https://api-scuda.uat.oci.krungsri.tech/ic/api/v1/customer/individual/getprofile,123,0,20
1779799989163,33,SearchIndividual,200,OK,SearchIndividual 2-983,text,true,,1193,2602,1,12,https://api-scuda.uat.oci.krungsri.tech/ords/api/v1/customer/individual/searchprofile,33,0,22
1779799989095,102,GetIndividual,200,OK,GetIndividual 1-593,text,true,,3877,3588,4,11,https://api-scuda.uat.oci.krungsri.tech/ic/api/v1/customer/individual/getprofile,102,0,25
1779799988794,421,CreateIndividual,201,Created,CreateIndividual 3-28,text,true,,1172,8251,1,11,https://api-scuda.uat.oci.krungsri.tech/ic/api/v1/customer/individual/createprofile,421,0,22
1779799989114,106,GetIndividual,200,OK,GetIndividual 1-594,text,true,,3864,3588,4,10,https://api-scuda.uat.oci.krungsri.tech/ic/api/v1/customer/individual/getprofile,106,0,21
1779799989129,96,GetIndividual,200,OK,GetIndividual 1-595,text,true,,3827,3588,3,11,https://api-scuda.uat.oci.krungsri.tech/ic/api/v1/customer/individual/getprofile,96,0,20
1779799989098,148,UpdateIndividual,200,OK,UpdateIndividual 4-393,text,true,,800,5594,4,11,https://api-scuda.uat.oci.krungsri.tech/ic/api/v1/customer/individual/updateprofile,148,0,15
1779799989223,33,SearchIndividual,200,OK,SearchIndividual 2-984,text,true,,1179,2602,1,10,https://api-scuda.uat.oci.krungsri.tech/ords/api/v1/customer/individual/searchprofile,33,0,20
1779799989054,211,UpdateJuristic,200,OK,UpdateJuristic 8-28,text,true,,800,5778,1,10,https://api-scuda.uat.oci.krungsri.tech/ic/api/v1/customer/juristic/updateprofile,211,0,23
1779799989183,107,GetIndividual,200,OK,GetIndividual 1-596,text,true,,3830,3588,5,13,https://api-scuda.uat.oci.krungsri.tech/ic/api/v1/customer/individual/getprofile,107,0,23
1779799989182,116,GetJuristic,200,OK,GetJuristic 5-31,text,true,,3502,3533,1,13,https://api-scuda.uat.oci.krungsri.tech/ic/api/v1/customer/juristic/getprofile,116,0,17
1779799989208,125,GetIndividual,200,OK,GetIndividual 1-597,text,true,,3878,3588,6,19,https://api-scuda.uat.oci.krungsri.tech/ic/api/v1/customer/individual/getprofile,125,0,21
1779799989317,31,SearchIndividual,200,OK,SearchIndividual 2-987,text,true,,1245,2602,8,21,https://api-scuda.uat.oci.krungsri.tech/ords/api/v1/customer/individual/searchprofile,31,0,20
1779799989309,44,SearchIndividual,200,OK,SearchIndividual 2-985,text,true,,621,2602,7,20,https://api-scuda.uat.oci.krungsri.tech/ords/api/v1/customer/individual/searchprofile,44,0,26
1779799989330,30,SearchIndividual,200,OK,SearchIndividual 2-990,text,true,,1133,2602,7,20,https://api-scuda.uat.oci.krungsri.tech/ords/api/v1/customer/individual/searchprofile,30,0,18
1779799989224,137,UpdateIndividual,200,OK,UpdateIndividual 4-396,text,true,,800,4229,4,19,https://api-scuda.uat.oci.krungsri.tech/ic/api/v1/customer/individual/updateprofile,137,0,13
1779799989330,31,SearchIndividual,200,OK,SearchIndividual 2-989,text,true,,1223,2602,6,19,https://api-scuda.uat.oci.krungsri.tech/ords/api/v1/customer/individual/searchprofile,31,0,21
1779799989324,39,SearchIndividual,200,OK,SearchIndividual 2-988,text,true,,1167,2602,5,17,https://api-scuda.uat.oci.krungsri.tech/ords/api/v1/customer/individual/searchprofile,39,0,24
1779799989334,31,SearchIndividual,200,OK,SearchIndividual 2-991,text,true,,1167,2602,4,16,https://api-scuda.uat.oci.krungsri.tech/ords/api/v1/customer/individual/searchprofile,31,0,20
1779799989317,49,SearchIndividual,200,OK,SearchIndividual 2-986,text,true,,1201,2602,3,15,https://api-scuda.uat.oci.krungsri.tech/ords/api/v1/customer/individual/searchprofile,49,0,33
1779799989346,29,SearchIndividual,200,OK,SearchIndividual 2-992,text,true,,1187,2602,4,16,https://api-scuda.uat.oci.krungsri.tech/ords/api/v1/customer/individual/searchprofile,29,0,18
1779799989267,109,GetIndividual,200,OK,GetIndividual 1-598,text,true,,3861,3588,5,15,https://api-scuda.uat.oci.krungsri.tech/ic/api/v1/customer/individual/getprofile,109,0,22
1779799989195,183,UpdateIndividual,200,OK,UpdateIndividual 4-395,text,true,,800,5575,3,14,https://api-scuda.uat.oci.krungsri.tech/ic/api/v1/customer/individual/updateprofile,183,0,21
1779799989359,30,SearchIndividual,200,OK,SearchIndividual 2-993,text,true,,1183,2602,3,14,https://api-scuda.uat.oci.krungsri.tech/ords/api/v1/customer/individual/searchprofile,30,0,20
1779799989156,233,UpdateIndividual,200,OK,UpdateIndividual 4-394,text,true,,800,4229,2,13,https://api-scuda.uat.oci.krungsri.tech/ic/api/v1/customer/individual/updateprofile,233,0,21
1779799989276,115,GetIndividual,200,OK,GetIndividual 1-599,text,true,,3823,3588,5,12,https://api-scuda.uat.oci.krungsri.tech/ic/api/v1/customer/individual/getprofile,115,0,17
1779799989279,113,GetIndividual,200,OK,GetIndividual 1-600,text,true,,3853,3588,4,11,https://api-scuda.uat.oci.krungsri.tech/ic/api/v1/customer/individual/getprofile,113,0,20
1779799989368,33,SearchIndividual,200,OK,SearchIndividual 2-994,text,true,,1205,2602,3,12,https://api-scuda.uat.oci.krungsri.tech/ords/api/v1/customer/individual/searchprofile,33,0,22
1779799989369,33,SearchIndividual,200,OK,SearchIndividual 2-995,text,true,,1179,2602,2,11,https://api-scuda.uat.oci.krungsri.tech/ords/api/v1/customer/individual/searchprofile,33,0,21
1779799989287,131,UpdateIndividual,200,OK,UpdateIndividual 4-397,text,true,,800,4226,3,15,https://api-scuda.uat.oci.krungsri.tech/ic/api/v1/customer/individual/updateprofile,131,0,19
1779799989296,122,GetIndividual,200,OK,GetIndividual 1-601,text,true,,3786,3588,5,15,https://api-scuda.uat.oci.krungsri.tech/ic/api/v1/customer/individual/getprofile,122,0,22
1779799989396,30,SearchIndividual,200,OK,SearchIndividual 2-996,text,true,,1181,2602,3,15,https://api-scuda.uat.oci.krungsri.tech/ords/api/v1/customer/individual/searchprofile,29,0,18
1779799989336,96,GetJuristic,200,OK,GetJuristic 5-32,text,true,,3462,3533,1,15,https://api-scuda.uat.oci.krungsri.tech/ic/api/v1/customer/juristic/getprofile,96,0,15
1779799989411,29,SearchIndividual,200,OK,SearchIndividual 2-997,text,true,,1151,2602,5,16,https://api-scuda.uat.oci.krungsri.tech/ords/api/v1/customer/individual/searchprofile,29,0,18
1779799989412,28,SearchIndividual,200,OK,SearchIndividual 2-998,text,true,,1153,2602,4,15,https://api-scuda.uat.oci.krungsri.tech/ords/api/v1/customer/individual/searchprofile,28,0,16
1779799989333,113,GetIndividual,200,OK,GetIndividual 1-602,text,true,,3875,3588,6,17,https://api-scuda.uat.oci.krungsri.tech/ic/api/v1/customer/individual/getprofile,113,0,21
1779799989429,31,SearchIndividual,200,OK,SearchIndividual 2-999,text,true,,1151,2602,4,17,https://api-scuda.uat.oci.krungsri.tech/ords/api/v1/customer/individual/searchprofile,31,0,21
1779799989435,34,SearchIndividual,200,OK,SearchIndividual 2-1000,text,true,,1151,2602,3,17,https://api-scuda.uat.oci.krungsri.tech/ords/api/v1/customer/individual/searchprofile,34,0,22
1779799989446,30,SearchIndividual,200,OK,SearchIndividual 2-1002,text,true,,1183,2602,2,16,https://api-scuda.uat.oci.krungsri.tech/ords/api/v1/customer/individual/searchprofile,30,0,17
1779799989440,47,SearchIndividual,200,OK,SearchIndividual 2-1001,text,true,,1215,2602,1,15,https://api-scuda.uat.oci.krungsri.tech/ords/api/v1/customer/individual/searchprofile,47,0,32
1779799989383,112,GetIndividual,200,OK,GetIndividual 1-603,text,true,,3825,3588,7,15,https://api-scuda.uat.oci.krungsri.tech/ic/api/v1/customer/individual/getprofile,112,0,22
1779799989411,99,GetIndividual,200,OK,GetIndividual 1-605,text,true,,3881,3588,6,16,https://api-scuda.uat.oci.krungsri.tech/ic/api/v1/customer/individual/getprofile,99,0,19
1779799989490,40,SearchIndividual,200,OK,SearchIndividual 2-1003,text,true,,621,2602,1,15,https://api-scuda.uat.oci.krungsri.tech/ords/api/v1/customer/individual/searchprofile,40,0,24
1779799989425,106,GetIndividual,200,OK,GetIndividual 1-606,text,true,,3870,3588,5,14,https://api-scuda.uat.oci.krungsri.tech/ic/api/v1/customer/individual/getprofile,106,0,30
1779799989498,44,SearchJuristic,200,OK,SearchJuristic 6-31,text,true,,994,2600,1,13,https://api-scuda.uat.oci.krungsri.tech/ords/api/v1/customer/juristic/searchprofile,35,0,19
1779799989261,283,CreateJoint,200,OK,CreateJoint 11-37,text,true,,1772,5926,1,13,https://api-scuda.uat.oci.krungsri.tech/ic/api/v1/customer/joint/createprofile,283,0,15
1779799989450,104,GetIndividual,200,OK,GetIndividual 1-608,text,true,,3791,3588,4,12,https://api-scuda.uat.oci.krungsri.tech/ic/api/v1/customer/individual/getprofile,104,0,21
1779799989427,133,UpdateIndividual,200,OK,UpdateIndividual 4-400,text,true,,800,4229,4,11,https://api-scuda.uat.oci.krungsri.tech/ic/api/v1/customer/individual/updateprofile,133,0,20
1779799989445,119,GetIndividual,200,OK,GetIndividual 1-607,text,true,,3885,3588,3,10,https://api-scuda.uat.oci.krungsri.tech/ic/api/v1/customer/individual/getprofile,119,0,24
1779799989395,176,GetIndividual,200,OK,GetIndividual 1-604,text,true,,3871,3588,2,9,https://api-scuda.uat.oci.krungsri.tech/ic/api/v1/customer/individual/getprofile,176,0,10
1779799989461,114,GetIndividual,200,OK,GetIndividual 1-609,text,true,,3946,3587,1,9,https://api-scuda.uat.oci.krungsri.tech/ic/api/v1/customer/individual/getprofile,114,0,18
1779799989544,33,SearchIndividual,200,OK,SearchIndividual 2-1004,text,true,,1172,2601,1,8,https://api-scuda.uat.oci.krungsri.tech/ords/api/v1/customer/individual/searchprofile,33,0,20
1779799989447,153,UpdateIndividual,200,OK,UpdateIndividual 4-401,text,true,,800,4226,6,12,https://api-scuda.uat.oci.krungsri.tech/ic/api/v1/customer/individual/updateprofile,153,0,23
1779799989417,185,UpdateIndividual,200,OK,UpdateIndividual 4-399,text,true,,800,5612,5,11,https://api-scuda.uat.oci.krungsri.tech/ic/api/v1/customer/individual/updateprofile,185,0,30
1779799989410,192,UpdateIndividual,200,OK,UpdateIndividual 4-398,text,true,,800,5581,5,11,https://api-scuda.uat.oci.krungsri.tech/ic/api/v1/customer/individual/updateprofile,192,0,26
1779799989140,468,CreateJuristic,201,Created,CreateJuristic 7-29,text,true,,1172,8135,1,10,https://api-scuda.uat.oci.krungsri.tech/ic/api/v1/customer/juristic/createprofile,468,0,24
1779799989583,28,SearchIndividual,200,OK,SearchIndividual 2-1005,text,true,,1169,2602,4,9,https://api-scuda.uat.oci.krungsri.tech/ords/api/v1/customer/individual/searchprofile,28,0,16
1779799989591,31,SearchIndividual,200,OK,SearchIndividual 2-1006,text,true,,1159,2602,3,9,https://api-scuda.uat.oci.krungsri.tech/ords/api/v1/customer/individual/searchprofile,31,0,20
1779799989591,36,SearchIndividual,200,OK,SearchIndividual 2-1007,text,true,,1185,2602,2,9,https://api-scuda.uat.oci.krungsri.tech/ords/api/v1/customer/individual/searchprofile,36,0,21
1779799989608,32,SearchIndividual,200,OK,SearchIndividual 2-1008,text,true,,1184,2601,1,9,https://api-scuda.uat.oci.krungsri.tech/ords/api/v1/customer/individual/searchprofile,32,0,20
1779799989646,27,SearchIndividual,200,OK,SearchIndividual 2-1009,text,true,,1149,2602,2,12,https://api-scuda.uat.oci.krungsri.tech/ords/api/v1/customer/individual/searchprofile,26,0,15
1779799989650,29,SearchIndividual,200,OK,SearchIndividual 2-1010,text,true,,1147,2602,1,12,https://api-scuda.uat.oci.krungsri.tech/ords/api/v1/customer/individual/searchprofile,29,0,18
1779799989512,176,UpdateJuristic,200,OK,UpdateJuristic 8-29,text,true,,800,4426,1,11,https://api-scuda.uat.oci.krungsri.tech/ic/api/v1/customer/juristic/updateprofile,176,0,17
1779799989575,120,UpdateIndividual,200,OK,UpdateIndividual 4-402,text,true,,800,4227,6,10,https://api-scuda.uat.oci.krungsri.tech/ic/api/v1/customer/individual/updateprofile,120,0,20
1779799989591,124,UpdateIndividual,200,OK,UpdateIndividual 4-403,text,true,,800,4228,5,11,https://api-scuda.uat.oci.krungsri.tech/ic/api/v1/customer/individual/updateprofile,124,0,17
1779799989624,94,GetIndividual,200,OK,GetIndividual 1-610,text,true,,3831,3588,3,10,https://api-scuda.uat.oci.krungsri.tech/ic/api/v1/customer/individual/getprofile,94,0,13
1779799989713,24,SearchIndividual,200,OK,SearchIndividual 2-1011,text,true,,1159,2602,4,13,https://api-scuda.uat.oci.krungsri.tech/ords/api/v1/customer/individual/searchprofile,24,0,13
1779799989719,29,SearchIndividual,200,OK,SearchIndividual 2-1012,text,true,,1141,2602,4,13,https://api-scuda.uat.oci.krungsri.tech/ords/api/v1/customer/individual/searchprofile,29,0,17
1779799989722,26,SearchIndividual,200,OK,SearchIndividual 2-1013,text,true,,1157,2602,4,13,https://api-scuda.uat.oci.krungsri.tech/ords/api/v1/customer/individual/searchprofile,26,0,14
1779799989733,25,SearchIndividual,200,OK,SearchIndividual 2-1014,text,true,,1131,2602,3,14,https://api-scuda.uat.oci.krungsri.tech/ords/api/v1/customer/individual/searchprofile,25,0,14
1779799989636,123,UpdateJoint,200,OK,UpdateJoint 12-30,text,true,,800,3614,1,13,https://api-scuda.uat.oci.krungsri.tech/ic/api/v1/customer/joint/updateprofile,123,0,15
1779799989659,101,GetIndividual,200,OK,GetIndividual 1-611,text,true,,3889,3588,5,12,https://api-scuda.uat.oci.krungsri.tech/ic/api/v1/customer/individual/getprofile,101,0,16
1779799989595,168,UpdateIndividual,200,OK,UpdateIndividual 4-404,text,true,,799,5639,4,11,https://api-scuda.uat.oci.krungsri.tech/ic/api/v1/customer/individual/updateprofile,168,0,19
1779799989740,30,SearchIndividual,200,OK,SearchIndividual 2-1015,text,true,,1181,2602,2,11,https://api-scuda.uat.oci.krungsri.tech/ords/api/v1/customer/individual/searchprofile,30,0,18
1779799989616,157,UpdateIndividual,200,OK,UpdateIndividual 4-405,text,true,,800,5670,4,11,https://api-scuda.uat.oci.krungsri.tech/ic/api/v1/customer/individual/updateprofile,157,0,19
1779799989753,25,SearchIndividual,200,OK,SearchIndividual 2-1016,text,true,,1221,2602,2,11,https://api-scuda.uat.oci.krungsri.tech/ords/api/v1/customer/individual/searchprofile,25,0,14
1779799989703,83,GetIndividual,200,OK,GetIndividual 1-612,text,true,,3917,3587,5,10,https://api-scuda.uat.oci.krungsri.tech/ic/api/v1/customer/individual/getprofile,83,0,10
1779799989242,546,CreateIndividual,201,Created,CreateIndividual 3-29,text,true,,1171,8198,1,9,https://api-scuda.uat.oci.krungsri.tech/ic/api/v1/customer/individual/createprofile,546,0,17
1779799989773,32,SearchIndividual,200,OK,SearchIndividual 2-1017,text,true,,1131,2602,2,11,https://api-scuda.uat.oci.krungsri.tech/ords/api/v1/customer/individual/searchprofile,32,0,19
1779799989730,94,GetIndividual,200,OK,GetIndividual 1-613,text,true,,3921,3588,4,11,https://api-scuda.uat.oci.krungsri.tech/ic/api/v1/customer/individual/getprofile,94,0,17
1779799989663,163,UpdateIndividual,200,OK,UpdateIndividual 4-406,text,true,,800,5592,5,11,https://api-scuda.uat.oci.krungsri.tech/ic/api/v1/customer/individual/updateprofile,163,0,16
1779799989679,150,UpdateIndividual,200,OK,UpdateIndividual 4-407,text,true,,800,5589,4,9,https://api-scuda.uat.oci.krungsri.tech/ic/api/v1/customer/individual/updateprofile,150,0,18
1779799989800,30,SearchIndividual,200,OK,SearchIndividual 2-1018,text,true,,1159,2602,2,8,https://api-scuda.uat.oci.krungsri.tech/ords/api/v1/customer/individual/searchprofile,30,0,17
1779799989820,31,SearchIndividual,200,OK,SearchIndividual 2-1019,text,true,,1157,2602,4,10,https://api-scuda.uat.oci.krungsri.tech/ords/api/v1/customer/individual/searchprofile,31,0,19
1779799989753,99,GetIndividual,200,OK,GetIndividual 1-614,text,true,,3865,3588,3,9,https://api-scuda.uat.oci.krungsri.tech/ic/api/v1/customer/individual/getprofile,99,0,18
1779799989832,31,SearchIndividual,200,OK,SearchIndividual 2-1020,text,true,,1171,2602,4,10,https://api-scuda.uat.oci.krungsri.tech/ords/api/v1/customer/individual/searchprofile,31,0,20
1779799989756,107,GetIndividual,200,OK,GetIndividual 1-615,text,true,,3895,3588,3,10,https://api-scuda.uat.oci.krungsri.tech/ic/api/v1/customer/individual/getprofile,107,0,13
1779799989777,91,GetIndividual,200,OK,GetIndividual 1-616,text,true,,3819,3588,3,11,https://api-scuda.uat.oci.krungsri.tech/ic/api/v1/customer/individual/getprofile,91,0,15
1779799989845,31,SearchIndividual,200,OK,SearchIndividual 2-1021,text,true,,1151,2602,3,10,https://api-scuda.uat.oci.krungsri.tech/ords/api/v1/customer/individual/searchprofile,30,0,19
1779799989850,27,SearchIndividual,200,OK,SearchIndividual 2-1022,text,true,,1177,2602,2,9,https://api-scuda.uat.oci.krungsri.tech/ords/api/v1/customer/individual/searchprofile,27,0,16
1779799989854,25,SearchIndividual,200,OK,SearchIndividual 2-1023,text,true,,1183,2602,1,9,https://api-scuda.uat.oci.krungsri.tech/ords/api/v1/customer/individual/searchprofile,25,0,15
1779799989885,29,SearchIndividual,200,OK,SearchIndividual 2-1024,text,true,,1199,2602,2,13,https://api-scuda.uat.oci.krungsri.tech/ords/api/v1/customer/individual/searchprofile,29,0,18
1779799989898,28,SearchIndividual,200,OK,SearchIndividual 2-1025,text,true,,1175,2602,1,12,https://api-scuda.uat.oci.krungsri.tech/ords/api/v1/customer/individual/searchprofile,28,0,16
1779799989767,185,UpdateIndividual,200,OK,UpdateIndividual 4-408,text,true,,800,5623,8,13,https://api-scuda.uat.oci.krungsri.tech/ic/api/v1/customer/individual/updateprofile,185,0,16
1779799989855,102,GetIndividual,200,OK,GetIndividual 1-617,text,true,,3823,3588,3,12,https://api-scuda.uat.oci.krungsri.tech/ic/api/v1/customer/individual/getprofile,102,0,18
1779799989927,32,SearchIndividual,200,OK,SearchIndividual 2-1026,text,true,,1189,2602,1,11,https://api-scuda.uat.oci.krungsri.tech/ords/api/v1/customer/individual/searchprofile,32,0,20
1779799989806,155,UpdateIndividual,200,OK,UpdateIndividual 4-410,text,true,,800,5680,7,10,https://api-scuda.uat.oci.krungsri.tech/ic/api/v1/customer/individual/updateprofile,155,0,14
1779799989867,105,GetIndividual,200,OK,GetIndividual 1-618,text,true,,3885,3588,2,9,https://api-scuda.uat.oci.krungsri.tech/ic/api/v1/customer/individual/getprofile,105,0,16
1779799989880,98,GetIndividual,200,OK,GetIndividual 1-619,text,true,,3797,3588,1,8,https://api-scuda.uat.oci.krungsri.tech/ic/api/v1/customer/individual/getprofile,98,0,17
1779799989806,196,UpdateIndividual,200,OK,UpdateIndividual 4-409,text,true,,800,4227,6,9,https://api-scuda.uat.oci.krungsri.tech/ic/api/v1/customer/individual/updateprofile,196,0,19
1779799989871,149,UpdateIndividual,200,OK,UpdateIndividual 4-412,text,true,,800,5552,6,10,https://api-scuda.uat.oci.krungsri.tech/ic/api/v1/customer/individual/updateprofile,149,0,11
1779799990015,25,SearchIndividual,200,OK,SearchIndividual 2-1027,text,true,,1153,2602,1,12,https://api-scuda.uat.oci.krungsri.tech/ords/api/v1/customer/individual/searchprofile,25,0,13
1779799990054,30,SearchIndividual,200,OK,SearchIndividual 2-1028,text,true,,1163,2602,2,19,https://api-scuda.uat.oci.krungsri.tech/ords/api/v1/customer/individual/searchprofile,30,0,18
1779799989909,178,UpdateIndividual,200,OK,UpdateIndividual 4-414,text,true,,800,5538,7,18,https://api-scuda.uat.oci.krungsri.tech/ic/api/v1/customer/individual/updateprofile,178,0,19
1779799989982,112,GetIndividual,200,OK,GetIndividual 1-620,text,true,,3887,3588,7,17,https://api-scuda.uat.oci.krungsri.tech/ic/api/v1/customer/individual/getprofile,112,0,22
1779799990063,31,SearchIndividual,200,OK,SearchIndividual 2-1029,text,true,,1167,2602,1,17,https://api-scuda.uat.oci.krungsri.tech/ords/api/v1/customer/individual/searchprofile,30,0,20
1779799989941,173,UpdateIndividual,200,OK,UpdateIndividual 4-415,text,true,,800,5564,6,17,https://api-scuda.uat.oci.krungsri.tech/ic/api/v1/customer/individual/updateprofile,173,0,19
1779799990039,93,GetIndividual,200,OK,GetIndividual 1-621,text,true,,3763,3588,8,16,https://api-scuda.uat.oci.krungsri.tech/ic/api/v1/customer/individual/getprofile,92,0,18
1779799990055,89,GetIndividual,200,OK,GetIndividual 1-625,text,true,,3836,3587,8,16,https://api-scuda.uat.oci.krungsri.tech/ic/api/v1/customer/individual/getprofile,89,0,18
1779799990039,106,GetIndividual,200,OK,GetIndividual 1-622,text,true,,3841,3588,7,15,https://api-scuda.uat.oci.krungsri.tech/ic/api/v1/customer/individual/getprofile,106,0,15
1779799990031,125,UpdateIndividual,200,OK,UpdateIndividual 4-417,text,true,,800,4227,5,17,https://api-scuda.uat.oci.krungsri.tech/ic/api/v1/customer/individual/updateprofile,125,0,22
1779799989899,258,UpdateIndividual,200,OK,UpdateIndividual 4-413,text,true,,800,4229,4,16,https://api-scuda.uat.oci.krungsri.tech/ic/api/v1/customer/individual/updateprofile,258,0,18
1779799989871,290,UpdateIndividual,200,OK,UpdateIndividual 4-411,text,true,,800,4228,3,15,https://api-scuda.uat.oci.krungsri.tech/ic/api/v1/customer/individual/updateprofile,290,0,19
1779799990061,104,GetIndividual,200,OK,GetIndividual 1-626,text,true,,3834,3587,7,14,https://api-scuda.uat.oci.krungsri.tech/ic/api/v1/customer/individual/getprofile,104,0,17
1779799990148,31,SearchIndividual,200,OK,SearchIndividual 2-1030,text,true,,1177,2602,2,14,https://api-scuda.uat.oci.krungsri.tech/ords/api/v1/customer/individual/searchprofile,31,0,18
1779799990153,36,SearchIndividual,200,OK,SearchIndividual 2-1031,text,true,,1167,2602,1,15,https://api-scuda.uat.oci.krungsri.tech/ords/api/v1/customer/individual/searchprofile,36,0,23
1779799990022,174,UpdateIndividual,200,OK,UpdateIndividual 4-416,text,true,,800,5519,4,16,https://api-scuda.uat.oci.krungsri.tech/ic/api/v1/customer/individual/updateprofile,174,0,21
1779799990103,106,GetIndividual,200,OK,GetIndividual 1-627,text,true,,3881,3588,7,16,https://api-scuda.uat.oci.krungsri.tech/ic/api/v1/customer/individual/getprofile,106,0,18
1779799990109,112,GetIndividual,200,OK,GetIndividual 1-628,text,true,,3856,3588,6,17,https://api-scuda.uat.oci.krungsri.tech/ic/api/v1/customer/individual/getprofile,112,0,22
1779799990191,33,SearchIndividual,200,OK,SearchIndividual 2-1032,text,true,,1193,2602,2,17,https://api-scuda.uat.oci.krungsri.tech/ords/api/v1/customer/individual/searchprofile,33,0,20
1779799990198,32,SearchIndividual,200,OK,SearchIndividual 2-1033,text,true,,1197,2602,2,17,https://api-scuda.uat.oci.krungsri.tech/ords/api/v1/customer/individual/searchprofile,32,0,20
1779799989899,335,UpdateJuristic,200,OK,UpdateJuristic 8-30,text,true,,800,5740,1,16,https://api-scuda.uat.oci.krungsri.tech/ic/api/v1/customer/juristic/updateprofile,335,0,19
1779799990057,178,UpdateIndividual,200,OK,UpdateIndividual 4-418,text,true,,800,5612,5,16,https://api-scuda.uat.oci.krungsri.tech/ic/api/v1/customer/individual/updateprofile,178,0,19
1779799989987,259,CreateJoint,200,OK,CreateJoint 11-38,text,true,,1772,5750,1,15,https://api-scuda.uat.oci.krungsri.tech/ic/api/v1/customer/joint/createprofile,259,0,19
1779799990140,109,GetIndividual,200,OK,GetIndividual 1-629,text,true,,3847,3588,8,15,https://api-scuda.uat.oci.krungsri.tech/ic/api/v1/customer/individual/getprofile,109,0,18
1779799990152,100,GetIndividual,200,OK,GetIndividual 1-630,text,true,,3839,3588,7,15,https://api-scuda.uat.oci.krungsri.tech/ic/api/v1/customer/individual/getprofile,100,0,17
1779799990231,27,SearchIndividual,200,OK,SearchIndividual 2-1034,text,true,,1173,2602,2,14,https://api-scuda.uat.oci.krungsri.tech/ords/api/v1/customer/individual/searchprofile,27,0,15
1779799990173,103,GetIndividual,200,OK,GetIndividual 1-631,text,true,,3881,3588,6,13,https://api-scuda.uat.oci.krungsri.tech/ic/api/v1/customer/individual/getprofile,103,0,18
1779799990250,27,SearchIndividual,200,OK,SearchIndividual 2-1035,text,true,,1145,2602,1,12,https://api-scuda.uat.oci.krungsri.tech/ords/api/v1/customer/individual/searchprofile,27,0,16
1779799990221,96,GetIndividual,200,OK,GetIndividual 1-632,text,true,,3820,3588,6,15,https://api-scuda.uat.oci.krungsri.tech/ic/api/v1/customer/individual/getprofile,96,0,20
1779799990292,23,SearchIndividual,200,OK,SearchIndividual 2-1036,text,true,,1121,2602,1,13,https://api-scuda.uat.oci.krungsri.tech/ords/api/v1/customer/individual/searchprofile,23,0,11
1779799990247,93,GetIndividual,200,OK,GetIndividual 1-633,text,true,,3833,3588,6,18,https://api-scuda.uat.oci.krungsri.tech/ic/api/v1/customer/individual/getprofile,93,0,20
1779799990216,133,UpdateIndividual,200,OK,UpdateIndividual 4-421,text,true,,800,4228,7,18,https://api-scuda.uat.oci.krungsri.tech/ic/api/v1/customer/individual/updateprofile,133,0,26
1779799990317,34,SearchIndividual,200,OK,SearchIndividual 2-1037,text,true,,1171,2602,4,17,https://api-scuda.uat.oci.krungsri.tech/ords/api/v1/customer/individual/searchprofile,33,0,21
1779799990317,35,SearchIndividual,200,OK,SearchIndividual 2-1038,text,true,,1189,2602,3,16,https://api-scuda.uat.oci.krungsri.tech/ords/api/v1/customer/individual/searchprofile,35,0,21
1779799990322,32,SearchIndividual,200,OK,SearchIndividual 2-1039,text,true,,1165,2602,3,16,https://api-scuda.uat.oci.krungsri.tech/ords/api/v1/customer/individual/searchprofile,32,0,19
1779799990186,175,UpdateIndividual,200,OK,UpdateIndividual 4-419,text,true,,800,5608,6,15,https://api-scuda.uat.oci.krungsri.tech/ic/api/v1/customer/individual/updateprofile,175,0,14
1779799990331,36,SearchIndividual,200,OK,SearchIndividual 2-1040,text,true,,1182,2601,2,14,https://api-scuda.uat.oci.krungsri.tech/ords/api/v1/customer/individual/searchprofile,36,0,22
1779799990198,172,UpdateIndividual,200,OK,UpdateIndividual 4-420,text,true,,800,5603,5,13,https://api-scuda.uat.oci.krungsri.tech/ic/api/v1/customer/individual/updateprofile,172,0,21
1779799990354,36,SearchIndividual,200,OK,SearchIndividual 2-1041,text,true,,1127,2602,3,14,https://api-scuda.uat.oci.krungsri.tech/ords/api/v1/customer/individual/searchprofile,36,0,21
1779799990294,98,GetIndividual,200,OK,GetIndividual 1-635,text,true,,3838,3588,5,14,https://api-scuda.uat.oci.krungsri.tech/ic/api/v1/customer/individual/getprofile,98,0,20
1779799990218,179,UpdateIndividual,200,OK,UpdateIndividual 4-422,text,true,,800,5537,4,13,https://api-scuda.uat.oci.krungsri.tech/ic/api/v1/customer/individual/updateprofile,179,0,18
1779799990378,27,SearchIndividual,200,OK,SearchIndividual 2-1042,text,true,,1143,2602,2,12,https://api-scuda.uat.oci.krungsri.tech/ords/api/v1/customer/individual/searchprofile,27,0,17
1779799990247,160,GetIndividual,200,OK,GetIndividual 1-634,text,true,,3865,3588,4,11,https://api-scuda.uat.oci.krungsri.tech/ic/api/v1/customer/individual/getprofile,160,0,19
1779799990043,369,GetIndividual,200,OK,GetIndividual 1-624,text,true,,3819,3588,3,10,https://api-scuda.uat.oci.krungsri.tech/ic/api/v1/customer/individual/getprofile,369,0,18
1779799990043,372,GetIndividual,200,OK,GetIndividual 1-623,text,true,,3854,3588,2,9,https://api-scuda.uat.oci.krungsri.tech/ic/api/v1/customer/individual/getprofile,372,0,19
1779799990388,42,SearchIndividual,200,OK,SearchIndividual 2-1043,text,true,,1133,2602,2,10,https://api-scuda.uat.oci.krungsri.tech/ords/api/v1/customer/individual/searchprofile,42,0,18
1779799990338,105,GetIndividual,200,OK,GetIndividual 1-636,text,true,,3856,3588,1,10,https://api-scuda.uat.oci.krungsri.tech/ic/api/v1/customer/individual/getprofile,105,0,23
1779799990417,30,SearchIndividual,200,OK,SearchIndividual 2-1044,text,true,,1143,2602,2,9,https://api-scuda.uat.oci.krungsri.tech/ords/api/v1/customer/individual/searchprofile,30,0,17
1779799990422,28,SearchJoint,200,OK,SearchJoint 10-33,text,true,,621,2627,1,9,https://api-scuda.uat.oci.krungsri.tech/ords/api/v1/customer/joint/searchprofile,28,0,18
1779799990049,411,CreateIndividual,201,Created,CreateIndividual 3-30,text,true,,1172,8167,2,8,https://api-scuda.uat.oci.krungsri.tech/ic/api/v1/customer/individual/createprofile,411,0,15
1779799990438,27,SearchIndividual,200,OK,SearchIndividual 2-1045,text,true,,1125,2602,2,7,https://api-scuda.uat.oci.krungsri.tech/ords/api/v1/customer/individual/searchprofile,27,0,16
1779799990330,146,UpdateIndividual,200,OK,UpdateIndividual 4-423,text,true,,800,4227,3,6,https://api-scuda.uat.oci.krungsri.tech/ic/api/v1/customer/individual/updateprofile,146,0,13
1779799990448,33,SearchIndividual,200,OK,SearchIndividual 2-1046,text,true,,1143,2602,1,5,https://api-scuda.uat.oci.krungsri.tech/ords/api/v1/customer/individual/searchprofile,33,0,21
1779799990341,169,UpdateIndividual,200,OK,UpdateIndividual 4-424,text,true,,800,4227,2,5,https://api-scuda.uat.oci.krungsri.tech/ic/api/v1/customer/individual/updateprofile,169,0,21
1779799990345,168,UpdateIndividual,200,OK,UpdateIndividual 4-425,text,true,,800,5563,1,4,https://api-scuda.uat.oci.krungsri.tech/ic/api/v1/customer/individual/updateprofile,168,0,20
1779799990482,101,GetIndividual,200,OK,GetIndividual 1-637,text,true,,3832,3588,2,6,https://api-scuda.uat.oci.krungsri.tech/ic/api/v1/customer/individual/getprofile,101,0,18
1779799990566,32,SearchIndividual,200,OK,SearchIndividual 2-1047,text,true,,1271,2602,3,7,https://api-scuda.uat.oci.krungsri.tech/ords/api/v1/customer/individual/searchprofile,32,0,20
1779799990582,31,SearchIndividual,200,OK,SearchIndividual 2-1048,text,true,,1235,2602,2,9,https://api-scuda.uat.oci.krungsri.tech/ords/api/v1/customer/individual/searchprofile,31,0,19
1779799990588,30,SearchIndividual,200,OK,SearchIndividual 2-1049,text,true,,1205,2602,2,9,https://api-scuda.uat.oci.krungsri.tech/ords/api/v1/customer/individual/searchprofile,30,0,18
1779799990613,25,SearchIndividual,200,OK,SearchIndividual 2-1050,text,true,,1200,2601,2,10,https://api-scuda.uat.oci.krungsri.tech/ords/api/v1/customer/individual/searchprofile,25,0,13
1779799990633,29,SearchIndividual,200,OK,SearchIndividual 2-1051,text,true,,1105,2602,1,9,https://api-scuda.uat.oci.krungsri.tech/ords/api/v1/customer/individual/searchprofile,28,0,17
1779799990183,486,CreateJuristic,201,Created,CreateJuristic 7-30,text,true,,1171,8179,1,10,https://api-scuda.uat.oci.krungsri.tech/ic/api/v1/customer/juristic/createprofile,486,0,21
1779799990576,102,GetIndividual,200,OK,GetIndividual 1-638,text,true,,3869,3588,5,10,https://api-scuda.uat.oci.krungsri.tech/ic/api/v1/customer/individual/getprofile,102,0,21
1779799990593,100,GetIndividual,200,OK,GetIndividual 1-639,text,true,,3843,3588,5,13,https://api-scuda.uat.oci.krungsri.tech/ic/api/v1/customer/individual/getprofile,100,0,20
1779799990677,26,SearchIndividual,200,OK,SearchIndividual 2-1052,text,true,,1169,2602,4,12,https://api-scuda.uat.oci.krungsri.tech/ords/api/v1/customer/individual/searchprofile,26,0,15
1779799990609,103,GetIndividual,200,OK,GetIndividual 1-640,text,true,,3937,3588,4,11,https://api-scuda.uat.oci.krungsri.tech/ic/api/v1/customer/individual/getprofile,103,0,20
1779799990612,101,GetIndividual,200,OK,GetIndividual 1-641,text,true,,3821,3588,3,10,https://api-scuda.uat.oci.krungsri.tech/ic/api/v1/customer/individual/getprofile,101,0,21
1779799990694,26,SearchIndividual,200,OK,SearchIndividual 2-1055,text,true,,1171,2602,4,10,https://api-scuda.uat.oci.krungsri.tech/ords/api/v1/customer/individual/searchprofile,26,0,10
1779799990683,40,SearchIndividual,200,OK,SearchIndividual 2-1053,text,true,,1231,2602,3,9,https://api-scuda.uat.oci.krungsri.tech/ords/api/v1/customer/individual/searchprofile,39,0,28
1779799990690,35,SearchIndividual,200,OK,SearchIndividual 2-1054,text,true,,1173,2602,2,8,https://api-scuda.uat.oci.krungsri.tech/ords/api/v1/customer/individual/searchprofile,35,0,24
1779799990614,124,UpdateIndividual,200,OK,UpdateIndividual 4-426,text,true,,800,4226,2,8,https://api-scuda.uat.oci.krungsri.tech/ic/api/v1/customer/individual/updateprofile,124,0,18
1779799990717,30,SearchIndividual,200,OK,SearchIndividual 2-1056,text,true,,1183,2602,1,7,https://api-scuda.uat.oci.krungsri.tech/ords/api/v1/customer/individual/searchprofile,30,0,18
1779799990663,98,GetIndividual,200,OK,GetIndividual 1-642,text,true,,3887,3588,4,8,https://api-scuda.uat.oci.krungsri.tech/ic/api/v1/customer/individual/getprofile,98,0,19
1779799990639,163,UpdateIndividual,200,OK,UpdateIndividual 4-427,text,true,,800,5587,3,10,https://api-scuda.uat.oci.krungsri.tech/ic/api/v1/customer/individual/updateprofile,163,0,19
1779799990781,24,SearchIndividual,200,OK,SearchIndividual 2-1057,text,true,,1181,2602,2,11,https://api-scuda.uat.oci.krungsri.tech/ords/api/v1/customer/individual/searchprofile,23,0,12
1779799990685,126,GetIndividual,200,OK,GetIndividual 1-643,text,true,,3887,3588,4,10,https://api-scuda.uat.oci.krungsri.tech/ic/api/v1/customer/individual/getprofile,126,0,17
1779799990804,26,SearchIndividual,200,OK,SearchIndividual 2-1058,text,true,,1209,2602,3,11,https://api-scuda.uat.oci.krungsri.tech/ords/api/v1/customer/individual/searchprofile,26,0,14
1779799990732,106,GetIndividual,200,OK,GetIndividual 1-644,text,true,,3817,3588,3,10,https://api-scuda.uat.oci.krungsri.tech/ic/api/v1/customer/individual/getprofile,106,0,14
1779799990823,29,SearchIndividual,200,OK,SearchIndividual 2-1060,text,true,,1215,2602,3,10,https://api-scuda.uat.oci.krungsri.tech/ords/api/v1/customer/individual/searchprofile,28,0,16
1779799990819,33,SearchIndividual,200,OK,SearchIndividual 2-1059,text,true,,1241,2602,2,9,https://api-scuda.uat.oci.krungsri.tech/ords/api/v1/customer/individual/searchprofile,33,0,22
1779799990761,108,GetIndividual,200,OK,GetIndividual 1-645,text,true,,3857,3588,3,11,https://api-scuda.uat.oci.krungsri.tech/ic/api/v1/customer/individual/getprofile,108,0,20
1779799990841,28,SearchIndividual,200,OK,SearchIndividual 2-1061,text,true,,1187,2602,2,11,https://api-scuda.uat.oci.krungsri.tech/ords/api/v1/customer/individual/searchprofile,28,0,17
1779799990670,200,UpdateJuristic,200,OK,UpdateJuristic 8-31,text,true,,800,5793,1,9,https://api-scuda.uat.oci.krungsri.tech/ic/api/v1/customer/juristic/updateprofile,200,0,18
1779799990866,26,SearchIndividual,200,OK,SearchIndividual 2-1062,text,true,,1212,2601,1,10,https://api-scuda.uat.oci.krungsri.tech/ords/api/v1/customer/individual/searchprofile,26,0,14
1779799990788,111,GetIndividual,200,OK,GetIndividual 1-646,text,true,,3838,3588,3,9,https://api-scuda.uat.oci.krungsri.tech/ic/api/v1/customer/individual/getprofile,111,0,19
1779799990763,151,UpdateIndividual,200,OK,UpdateIndividual 4-428,text,true,,800,5573,4,9,https://api-scuda.uat.oci.krungsri.tech/ic/api/v1/customer/individual/updateprofile,151,0,13
1779799990396,518,CreateIndividual,201,Created,CreateIndividual 3-31,text,true,,1172,8176,1,9,https://api-scuda.uat.oci.krungsri.tech/ic/api/v1/customer/individual/createprofile,518,0,18
1779799990913,31,SearchIndividual,200,OK,SearchIndividual 2-1063,text,true,,1177,2602,2,10,https://api-scuda.uat.oci.krungsri.tech/ords/api/v1/customer/individual/searchprofile,31,0,17
1779799990803,160,UpdateIndividual,200,OK,UpdateIndividual 4-429,text,true,,800,5638,4,12,https://api-scuda.uat.oci.krungsri.tech/ic/api/v1/customer/individual/updateprofile,160,0,17
1779799990857,109,GetIndividual,200,OK,GetIndividual 1-647,text,true,,3843,3588,4,11,https://api-scuda.uat.oci.krungsri.tech/ic/api/v1/customer/individual/getprofile,109,0,16
1779799990939,28,SearchIndividual,200,OK,SearchIndividual 2-1064,text,true,,1213,2602,1,10,https://api-scuda.uat.oci.krungsri.tech/ords/api/v1/customer/individual/searchprofile,27,0,16
1779799990878,94,GetIndividual,200,OK,GetIndividual 1-648,text,true,,3903,3588,3,9,https://api-scuda.uat.oci.krungsri.tech/ic/api/v1/customer/individual/getprofile,94,0,18
1779799990939,35,SearchJoint,200,OK,SearchJoint 10-34,text,true,,621,2627,1,8,https://api-scuda.uat.oci.krungsri.tech/ords/api/v1/customer/joint/searchprofile,35,0,20
1779799990857,131,UpdateIndividual,200,OK,UpdateIndividual 4-430,text,true,,800,4229,3,8,https://api-scuda.uat.oci.krungsri.tech/ic/api/v1/customer/individual/updateprofile,131,0,20
1779799990981,27,SearchIndividual,200,OK,SearchIndividual 2-1065,text,true,,1187,2602,2,9,https://api-scuda.uat.oci.krungsri.tech/ords/api/v1/customer/individual/searchprofile,26,0,15
1779799990988,31,SearchIndividual,200,OK,SearchIndividual 2-1066,text,true,,1171,2602,2,11,https://api-scuda.uat.oci.krungsri.tech/ords/api/v1/customer/individual/searchprofile,31,0,18
1779799990916,114,GetIndividual,200,OK,GetIndividual 1-649,text,true,,3905,3587,4,10,https://api-scuda.uat.oci.krungsri.tech/ic/api/v1/customer/individual/getprofile,114,0,21
1779799990944,94,GetJuristic,200,OK,GetJuristic 5-33,text,true,,3528,3533,1,11,https://api-scuda.uat.oci.krungsri.tech/ic/api/v1/customer/juristic/getprofile,94,0,20
1779799991014,30,SearchIndividual,200,OK,SearchIndividual 2-1067,text,true,,1171,2602,1,13,https://api-scuda.uat.oci.krungsri.tech/ords/api/v1/customer/individual/searchprofile,30,0,19
1779799990948,107,GetIndividual,200,OK,GetIndividual 1-650,text,true,,3902,3588,5,12,https://api-scuda.uat.oci.krungsri.tech/ic/api/v1/customer/individual/getprofile,107,0,23
1779799990957,132,UpdateIndividual,200,OK,UpdateIndividual 4-432,text,true,,800,4227,6,16,https://api-scuda.uat.oci.krungsri.tech/ic/api/v1/customer/individual/updateprofile,132,0,23
1779799991012,90,GetIndividual,200,OK,GetIndividual 1-652,text,true,,3868,3588,4,15,https://api-scuda.uat.oci.krungsri.tech/ic/api/v1/customer/individual/getprofile,90,0,16
1779799991064,43,SearchIndividual,200,OK,SearchIndividual 2-1068,text,true,,1141,2602,3,14,https://api-scuda.uat.oci.krungsri.tech/ords/api/v1/customer/individual/searchprofile,43,0,25
1779799990806,302,CreateJoint,200,OK,CreateJoint 11-39,text,true,,1772,6073,1,13,https://api-scuda.uat.oci.krungsri.tech/ic/api/v1/customer/joint/createprofile,302,0,17
1779799991080,32,SearchIndividual,200,OK,SearchIndividual 2-1070,text,true,,1133,2602,2,13,https://api-scuda.uat.oci.krungsri.tech/ords/api/v1/customer/individual/searchprofile,32,0,18
1779799991078,35,SearchIndividual,200,OK,SearchIndividual 2-1069,text,true,,1131,2602,1,12,https://api-scuda.uat.oci.krungsri.tech/ords/api/v1/customer/individual/searchprofile,35,0,24
1779799991045,99,GetIndividual,200,OK,GetIndividual 1-654,text,true,,3851,3588,6,15,https://api-scuda.uat.oci.krungsri.tech/ic/api/v1/customer/individual/getprofile,99,0,22
1779799991044,105,GetIndividual,200,OK,GetIndividual 1-653,text,true,,3803,3588,5,14,https://api-scuda.uat.oci.krungsri.tech/ic/api/v1/customer/individual/getprofile,105,0,17
1779799991045,111,UpdateIndividual,200,OK,UpdateIndividual 4-435,text,true,,799,4227,5,17,https://api-scuda.uat.oci.krungsri.tech/ic/api/v1/customer/individual/updateprofile,111,0,14
1779799991012,146,UpdateIndividual,200,OK,UpdateIndividual 4-433,text,true,,800,4229,4,16,https://api-scuda.uat.oci.krungsri.tech/ic/api/v1/customer/individual/updateprofile,146,0,21
1779799991137,32,SearchIndividual,200,OK,SearchIndividual 2-1071,text,true,,1221,2602,4,16,https://api-scuda.uat.oci.krungsri.tech/ords/api/v1/customer/individual/searchprofile,32,0,21
1779799991139,33,SearchIndividual,200,OK,SearchIndividual 2-1072,text,true,,1193,2602,3,16,https://api-scuda.uat.oci.krungsri.tech/ords/api/v1/customer/individual/searchprofile,33,0,21
1779799991151,32,SearchIndividual,200,OK,SearchIndividual 2-1073,text,true,,1243,2602,2,15,https://api-scuda.uat.oci.krungsri.tech/ords/api/v1/customer/individual/searchprofile,32,0,20
1779799991167,32,SearchIndividual,200,OK,SearchIndividual 2-1074,text,true,,1129,2602,2,16,https://api-scuda.uat.oci.krungsri.tech/ords/api/v1/customer/individual/searchprofile,32,0,21
1779799991155,46,SearchJuristic,200,OK,SearchJuristic 6-32,text,true,,999,2600,1,15,https://api-scuda.uat.oci.krungsri.tech/ords/api/v1/customer/juristic/searchprofile,46,0,29
1779799991070,132,UpdateJoint,200,OK,UpdateJoint 12-31,text,true,,800,3614,1,15,https://api-scuda.uat.oci.krungsri.tech/ic/api/v1/customer/joint/updateprofile,132,0,17
1779799991036,166,UpdateIndividual,200,OK,UpdateIndividual 4-434,text,true,,800,5584,3,15,https://api-scuda.uat.oci.krungsri.tech/ic/api/v1/customer/individual/updateprofile,166,0,20
1779799991109,97,GetIndividual,200,OK,GetIndividual 1-655,text,true,,3903,3588,7,13,https://api-scuda.uat.oci.krungsri.tech/ic/api/v1/customer/individual/getprofile,97,0,16
1779799991197,32,SearchIndividual,200,OK,SearchIndividual 2-1075,text,true,,1197,2602,2,12,https://api-scuda.uat.oci.krungsri.tech/ords/api/v1/customer/individual/searchprofile,32,0,21
1779799991202,30,SearchIndividual,200,OK,SearchIndividual 2-1076,text,true,,1155,2602,1,12,https://api-scuda.uat.oci.krungsri.tech/ords/api/v1/customer/individual/searchprofile,30,0,18
1779799991122,120,GetIndividual,200,OK,GetIndividual 1-656,text,true,,3820,3587,6,12,https://api-scuda.uat.oci.krungsri.tech/ic/api/v1/customer/individual/getprofile,120,0,18
1779799991141,101,GetIndividual,200,OK,GetIndividual 1-657,text,true,,3839,3588,6,12,https://api-scuda.uat.oci.krungsri.tech/ic/api/v1/customer/individual/getprofile,101,0,22
1779799990884,364,UpdateIndividual,200,OK,UpdateIndividual 4-431,text,true,,800,5619,2,10,https://api-scuda.uat.oci.krungsri.tech/ic/api/v1/customer/individual/updateprofile,364,0,21
1779799991088,164,UpdateIndividual,200,OK,UpdateIndividual 4-436,text,true,,800,5664,2,10,https://api-scuda.uat.oci.krungsri.tech/ic/api/v1/customer/individual/updateprofile,164,0,13
1779799991240,31,SearchIndividual,200,OK,SearchIndividual 2-1077,text,true,,1205,2602,2,10,https://api-scuda.uat.oci.krungsri.tech/ords/api/v1/customer/individual/searchprofile,31,0,17
1779799991258,24,SearchIndividual,200,OK,SearchIndividual 2-1078,text,true,,1205,2602,2,11,https://api-scuda.uat.oci.krungsri.tech/ords/api/v1/customer/individual/searchprofile,24,0,12
1779799991274,30,SearchIndividual,200,OK,SearchIndividual 2-1079,text,true,,1099,2602,1,11,https://api-scuda.uat.oci.krungsri.tech/ords/api/v1/customer/individual/searchprofile,30,0,18
1779799991153,152,GetIndividual,200,OK,GetIndividual 1-658,text,true,,3852,3588,5,10,https://api-scuda.uat.oci.krungsri.tech/ic/api/v1/customer/individual/getprofile,152,0,15
1779799991155,150,GetIndividual,200,OK,GetIndividual 1-659,text,true,,3884,3588,5,10,https://api-scuda.uat.oci.krungsri.tech/ic/api/v1/customer/individual/getprofile,150,0,17
1779799991189,120,GetJuristic,200,OK,GetJuristic 5-34,text,true,,3511,3533,1,9,https://api-scuda.uat.oci.krungsri.tech/ic/api/v1/customer/juristic/getprofile,120,0,21
1779799991004,309,GetIndividual,200,OK,GetIndividual 1-651,text,true,,3819,3588,5,9,https://api-scuda.uat.oci.krungsri.tech/ic/api/v1/customer/individual/getprofile,309,0,20
1779799991171,162,GetIndividual,200,OK,GetIndividual 1-660,text,true,,3849,3588,4,9,https://api-scuda.uat.oci.krungsri.tech/ic/api/v1/customer/individual/getprofile,162,0,22
1779799991329,31,SearchIndividual,200,OK,SearchIndividual 2-1080,text,true,,1191,2602,2,12,https://api-scuda.uat.oci.krungsri.tech/ords/api/v1/customer/individual/searchprofile,31,0,20
1779799991041,330,UpdateJuristic,200,OK,UpdateJuristic 8-32,text,true,,800,5827,1,12,https://api-scuda.uat.oci.krungsri.tech/ic/api/v1/customer/juristic/updateprofile,330,0,16
1779799991361,31,SearchIndividual,200,OK,SearchIndividual 2-1081,text,true,,1169,2602,3,15,https://api-scuda.uat.oci.krungsri.tech/ords/api/v1/customer/individual/searchprofile,31,0,18
1779799991370,30,SearchJoint,200,OK,SearchJoint 10-35,text,true,,621,2627,1,14,https://api-scuda.uat.oci.krungsri.tech/ords/api/v1/customer/joint/searchprofile,30,0,21
1779799991251,153,UpdateIndividual,200,OK,UpdateIndividual 4-437,text,true,,800,5625,4,13,https://api-scuda.uat.oci.krungsri.tech/ic/api/v1/customer/individual/updateprofile,153,0,18
1779799991303,104,GetIndividual,200,OK,GetIndividual 1-661,text,true,,3883,3588,5,13,https://api-scuda.uat.oci.krungsri.tech/ic/api/v1/customer/individual/getprofile,104,0,13
1779799991378,32,SearchIndividual,200,OK,SearchIndividual 2-1082,text,true,,1229,2602,3,12,https://api-scuda.uat.oci.krungsri.tech/ords/api/v1/customer/individual/searchprofile,32,0,20
1779799991309,102,GetIndividual,200,OK,GetIndividual 1-663,text,true,,3831,3588,4,11,https://api-scuda.uat.oci.krungsri.tech/ic/api/v1/customer/individual/getprofile,102,0,19
1779799991305,107,GetIndividual,200,OK,GetIndividual 1-662,text,true,,3858,3588,3,11,https://api-scuda.uat.oci.krungsri.tech/ic/api/v1/customer/individual/getprofile,107,0,14
1779799991389,31,SearchIndividual,200,OK,SearchIndividual 2-1083,text,true,,1169,2602,2,10,https://api-scuda.uat.oci.krungsri.tech/ords/api/v1/customer/individual/searchprofile,31,0,19
1779799991407,31,SearchIndividual,200,OK,SearchIndividual 2-1084,text,true,,1133,2602,2,11,https://api-scuda.uat.oci.krungsri.tech/ords/api/v1/customer/individual/searchprofile,31,0,20
1779799991354,99,GetIndividual,200,OK,GetIndividual 1-664,text,true,,3876,3588,3,12,https://api-scuda.uat.oci.krungsri.tech/ic/api/v1/customer/individual/getprofile,99,0,22
1779799991233,237,CreateJoint,200,OK,CreateJoint 11-40,text,true,,1772,5756,1,12,https://api-scuda.uat.oci.krungsri.tech/ic/api/v1/customer/joint/createprofile,237,0,23
1779799991434,40,SearchIndividual,200,OK,SearchIndividual 2-1085,text,true,,1157,2602,1,11,https://api-scuda.uat.oci.krungsri.tech/ords/api/v1/customer/individual/searchprofile,40,0,25
1779799991345,133,UpdateIndividual,200,OK,UpdateIndividual 4-438,text,true,,799,4226,6,11,https://api-scuda.uat.oci.krungsri.tech/ic/api/v1/customer/individual/updateprofile,133,0,23
1779799991378,107,GetIndividual,200,OK,GetIndividual 1-665,text,true,,3847,3588,2,11,https://api-scuda.uat.oci.krungsri.tech/ic/api/v1/customer/individual/getprofile,107,0,17
1779799991476,24,SearchIndividual,200,OK,SearchIndividual 2-1086,text,true,,1185,2602,2,11,https://api-scuda.uat.oci.krungsri.tech/ords/api/v1/customer/individual/searchprofile,24,0,11
1779799991384,126,UpdateIndividual,200,OK,UpdateIndividual 4-440,text,true,,800,4229,6,12,https://api-scuda.uat.oci.krungsri.tech/ic/api/v1/customer/individual/updateprofile,126,0,20
1779799991351,162,UpdateIndividual,200,OK,UpdateIndividual 4-439,text,true,,799,4232,5,12,https://api-scuda.uat.oci.krungsri.tech/ic/api/v1/customer/individual/updateprofile,162,0,40
1779799991424,102,GetJoint,200,OK,GetJoint 9-29,text,true,,1429,3530,1,13,https://api-scuda.uat.oci.krungsri.tech/ic/api/v1/customer/joint/getprofile,102,0,21
1779799991495,34,SearchIndividual,200,OK,SearchIndividual 2-1087,text,true,,1134,2601,4,12,https://api-scuda.uat.oci.krungsri.tech/ords/api/v1/customer/individual/searchprofile,33,0,22
1779799991505,30,SearchIndividual,200,OK,SearchIndividual 2-1088,text,true,,1189,2602,4,12,https://api-scuda.uat.oci.krungsri.tech/ords/api/v1/customer/individual/searchprofile,30,0,17
1779799991448,100,GetIndividual,200,OK,GetIndividual 1-666,text,true,,3797,3588,3,12,https://api-scuda.uat.oci.krungsri.tech/ic/api/v1/customer/individual/getprofile,100,0,15
1779799991518,31,SearchIndividual,200,OK,SearchIndividual 2-1090,text,true,,1187,2602,4,12,https://api-scuda.uat.oci.krungsri.tech/ords/api/v1/customer/individual/searchprofile,30,0,20
1779799991508,41,SearchIndividual,200,OK,SearchIndividual 2-1089,text,true,,1187,2602,3,10,https://api-scuda.uat.oci.krungsri.tech/ords/api/v1/customer/individual/searchprofile,41,0,28
1779799991415,135,UpdateIndividual,200,OK,UpdateIndividual 4-441,text,true,,800,4227,4,9,https://api-scuda.uat.oci.krungsri.tech/ic/api/v1/customer/individual/updateprofile,135,0,19
1779799991531,31,SearchIndividual,200,OK,SearchIndividual 2-1091,text,true,,1185,2602,3,9,https://api-scuda.uat.oci.krungsri.tech/ords/api/v1/customer/individual/searchprofile,31,0,20
1779799991450,116,UpdateIndividual,200,OK,UpdateIndividual 4-442,text,true,,800,4226,3,8,https://api-scuda.uat.oci.krungsri.tech/ic/api/v1/customer/individual/updateprofile,116,0,18
1779799991545,30,SearchIndividual,200,OK,SearchIndividual 2-1092,text,true,,1155,2602,2,8,https://api-scuda.uat.oci.krungsri.tech/ords/api/v1/customer/individual/searchprofile,30,0,19
1779799991466,121,UpdateIndividual,200,OK,UpdateIndividual 4-443,text,true,,800,4227,2,9,https://api-scuda.uat.oci.krungsri.tech/ic/api/v1/customer/individual/updateprofile,121,0,21
1779799991554,33,SearchIndividual,200,OK,SearchIndividual 2-1093,text,true,,1199,2602,2,8,https://api-scuda.uat.oci.krungsri.tech/ords/api/v1/customer/individual/searchprofile,33,0,21
1779799991579,38,SearchIndividual,200,OK,SearchIndividual 2-1094,text,true,,1191,2602,3,12,https://api-scuda.uat.oci.krungsri.tech/ords/api/v1/customer/individual/searchprofile,38,0,22
1779799991525,97,GetIndividual,200,OK,GetIndividual 1-668,text,true,,3818,3588,4,12,https://api-scuda.uat.oci.krungsri.tech/ic/api/v1/customer/individual/getprofile,97,0,18
1779799991485,139,UpdateIndividual,200,OK,UpdateIndividual 4-444,text,true,,800,4233,1,11,https://api-scuda.uat.oci.krungsri.tech/ic/api/v1/customer/individual/updateprofile,139,0,24
1779799991593,33,SearchJuristic,200,OK,SearchJuristic 6-33,text,true,,982,2600,1,11,https://api-scuda.uat.oci.krungsri.tech/ords/api/v1/customer/juristic/searchprofile,33,0,19
1779799991604,32,SearchIndividual,200,OK,SearchIndividual 2-1096,text,true,,1191,2602,4,11,https://api-scuda.uat.oci.krungsri.tech/ords/api/v1/customer/individual/searchprofile,31,0,21
1779799991597,42,SearchIndividual,200,OK,SearchIndividual 2-1095,text,true,,1157,2602,4,11,https://api-scuda.uat.oci.krungsri.tech/ords/api/v1/customer/individual/searchprofile,42,0,28
1779799991619,30,SearchIndividual,200,OK,SearchIndividual 2-1097,text,true,,1229,2602,3,11,https://api-scuda.uat.oci.krungsri.tech/ords/api/v1/customer/individual/searchprofile,30,0,19
1779799991625,31,SearchIndividual,200,OK,SearchIndividual 2-1098,text,true,,1175,2602,2,10,https://api-scuda.uat.oci.krungsri.tech/ords/api/v1/customer/individual/searchprofile,31,0,20
1779799991638,28,SearchIndividual,200,OK,SearchIndividual 2-1099,text,true,,1173,2602,2,12,https://api-scuda.uat.oci.krungsri.tech/ords/api/v1/customer/individual/searchprofile,28,0,17
1779799991569,103,GetIndividual,200,OK,GetIndividual 1-669,text,true,,3835,3588,6,12,https://api-scuda.uat.oci.krungsri.tech/ic/api/v1/customer/individual/getprofile,103,0,16
1779799991657,26,SearchIndividual,200,OK,SearchIndividual 2-1100,text,true,,1215,2602,2,13,https://api-scuda.uat.oci.krungsri.tech/ords/api/v1/customer/individual/searchprofile,26,0,15
1779799991683,27,SearchIndividual,200,OK,SearchIndividual 2-1101,text,true,,1195,2602,4,16,https://api-scuda.uat.oci.krungsri.tech/ords/api/v1/customer/individual/searchprofile,27,0,15
1779799991691,32,SearchIndividual,200,OK,SearchIndividual 2-1103,text,true,,1187,2602,3,15,https://api-scuda.uat.oci.krungsri.tech/ords/api/v1/customer/individual/searchprofile,32,0,21
1779799991612,114,GetIndividual,200,OK,GetIndividual 1-670,text,true,,3900,3588,7,14,https://api-scuda.uat.oci.krungsri.tech/ic/api/v1/customer/individual/getprofile,114,0,25
1779799991701,26,SearchIndividual,200,OK,SearchIndividual 2-1104,text,true,,1165,2602,2,13,https://api-scuda.uat.oci.krungsri.tech/ords/api/v1/customer/individual/searchprofile,26,0,12
1779799991688,40,SearchIndividual,200,OK,SearchIndividual 2-1102,text,true,,1231,2602,1,12,https://api-scuda.uat.oci.krungsri.tech/ords/api/v1/customer/individual/searchprofile,40,0,27
1779799991634,100,GetIndividual,200,OK,GetIndividual 1-671,text,true,,3840,3588,6,12,https://api-scuda.uat.oci.krungsri.tech/ic/api/v1/customer/individual/getprofile,100,0,20
1779799991285,465,CreateJuristic,201,Created,CreateJuristic 7-31,text,true,,1172,7899,3,14,https://api-scuda.uat.oci.krungsri.tech/ic/api/v1/customer/juristic/createprofile,465,0,19
1779799991645,107,GetIndividual,200,OK,GetIndividual 1-672,text,true,,3843,3588,6,13,https://api-scuda.uat.oci.krungsri.tech/ic/api/v1/customer/individual/getprofile,107,0,21
1779799991664,90,GetIndividual,200,OK,GetIndividual 1-673,text,true,,3881,3588,5,12,https://api-scuda.uat.oci.krungsri.tech/ic/api/v1/customer/individual/getprofile,90,0,19
1779799991732,32,SearchIndividual,200,OK,SearchIndividual 2-1105,text,true,,1159,2602,3,12,https://api-scuda.uat.oci.krungsri.tech/ords/api/v1/customer/individual/searchprofile,32,0,19
1779799991738,34,SearchIndividual,200,OK,SearchIndividual 2-1106,text,true,,1241,2602,2,11,https://api-scuda.uat.oci.krungsri.tech/ords/api/v1/customer/individual/searchprofile,33,0,22
1779799991692,101,GetIndividual,200,OK,GetIndividual 1-675,text,true,,3851,3588,6,14,https://api-scuda.uat.oci.krungsri.tech/ic/api/v1/customer/individual/getprofile,101,0,27
1779799991765,30,SearchIndividual,200,OK,SearchIndividual 2-1107,text,true,,1123,2602,1,13,https://api-scuda.uat.oci.krungsri.tech/ords/api/v1/customer/individual/searchprofile,30,0,18
1779799991511,302,GetIndividual,200,OK,GetIndividual 1-667,text,true,,3871,3588,5,13,https://api-scuda.uat.oci.krungsri.tech/ic/api/v1/customer/individual/getprofile,302,0,18
1779799991664,149,UpdateIndividual,200,OK,UpdateIndividual 4-445,text,true,,800,5590,6,13,https://api-scuda.uat.oci.krungsri.tech/ic/api/v1/customer/individual/updateprofile,149,0,20
1779799991734,109,GetIndividual,200,OK,GetIndividual 1-676,text,true,,3861,3588,4,13,https://api-scuda.uat.oci.krungsri.tech/ic/api/v1/customer/individual/getprofile,109,0,17
1779799991669,178,UpdateIndividual,200,OK,UpdateIndividual 4-446,text,true,,800,5565,6,12,https://api-scuda.uat.oci.krungsri.tech/ic/api/v1/customer/individual/updateprofile,178,0,16
1779799991820,28,SearchIndividual,200,OK,SearchIndividual 2-1108,text,true,,1099,2602,1,11,https://api-scuda.uat.oci.krungsri.tech/ords/api/v1/customer/individual/searchprofile,28,0,15
1779799991683,193,GetIndividual,200,OK,GetIndividual 1-674,text,true,,3847,3588,5,15,https://api-scuda.uat.oci.krungsri.tech/ic/api/v1/customer/individual/getprofile,193,0,21
1779799991857,28,SearchIndividual,200,OK,SearchIndividual 2-1109,text,true,,1169,2602,3,14,https://api-scuda.uat.oci.krungsri.tech/ords/api/v1/customer/individual/searchprofile,28,0,15
1779799991784,109,GetIndividual,200,OK,GetIndividual 1-677,text,true,,3880,3587,5,15,https://api-scuda.uat.oci.krungsri.tech/ic/api/v1/customer/individual/getprofile,109,0,20
1779799991869,28,SearchIndividual,200,OK,SearchIndividual 2-1110,text,true,,1209,2602,3,15,https://api-scuda.uat.oci.krungsri.tech/ords/api/v1/customer/individual/searchprofile,28,0,17
1779799991784,115,GetIndividual,200,OK,GetIndividual 1-678,text,true,,3863,3588,4,14,https://api-scuda.uat.oci.krungsri.tech/ic/api/v1/customer/individual/getprofile,115,0,21
1779799991872,34,SearchIndividual,200,OK,SearchIndividual 2-1111,text,true,,1229,2602,2,13,https://api-scuda.uat.oci.krungsri.tech/ords/api/v1/customer/individual/searchprofile,34,0,21
1779799991894,26,SearchIndividual,200,OK,SearchIndividual 2-1112,text,true,,1231,2602,2,13,https://api-scuda.uat.oci.krungsri.tech/ords/api/v1/customer/individual/searchprofile,26,0,14
1779799991916,27,SearchIndividual,200,OK,SearchIndividual 2-1113,text,true,,1177,2602,1,14,https://api-scuda.uat.oci.krungsri.tech/ords/api/v1/customer/individual/searchprofile,27,0,15
1779799991784,167,UpdateIndividual,200,OK,UpdateIndividual 4-448,text,true,,799,5673,5,13,https://api-scuda.uat.oci.krungsri.tech/ic/api/v1/customer/individual/updateprofile,167,0,17
1779799991789,170,UpdateIndividual,200,OK,UpdateIndividual 4-449,text,true,,799,5577,4,12,https://api-scuda.uat.oci.krungsri.tech/ic/api/v1/customer/individual/updateprofile,170,0,22
1779799991811,150,UpdateIndividual,200,OK,UpdateIndividual 4-450,text,true,,800,5584,3,11,https://api-scuda.uat.oci.krungsri.tech/ic/api/v1/customer/individual/updateprofile,150,0,11
1779799991857,114,GetIndividual,200,OK,GetIndividual 1-679,text,true,,3807,3588,5,11,https://api-scuda.uat.oci.krungsri.tech/ic/api/v1/customer/individual/getprofile,114,0,17
1779799991857,118,GetIndividual,200,OK,GetIndividual 1-680,text,true,,3906,3588,4,10,https://api-scuda.uat.oci.krungsri.tech/ic/api/v1/customer/individual/getprofile,118,0,21
1779799991887,92,GetJuristic,200,OK,GetJuristic 5-35,text,true,,3474,3533,1,10,https://api-scuda.uat.oci.krungsri.tech/ic/api/v1/customer/juristic/getprofile,92,0,16
1779799991893,86,GetIndividual,200,OK,GetIndividual 1-681,text,true,,3929,3588,4,10,https://api-scuda.uat.oci.krungsri.tech/ic/api/v1/customer/individual/getprofile,86,0,7
1779799991745,238,UpdateIndividual,200,OK,UpdateIndividual 4-447,text,true,,800,5595,2,8,https://api-scuda.uat.oci.krungsri.tech/ic/api/v1/customer/individual/updateprofile,238,0,18
1779799991831,193,UpdateIndividual,200,OK,UpdateIndividual 4-451,text,true,,800,4227,3,13,https://api-scuda.uat.oci.krungsri.tech/ic/api/v1/customer/individual/updateprofile,193,0,18
1779799992000,29,SearchIndividual,200,OK,SearchIndividual 2-1114,text,true,,1170,2601,1,12,https://api-scuda.uat.oci.krungsri.tech/ords/api/v1/customer/individual/searchprofile,29,0,15
1779799991938,104,GetIndividual,200,OK,GetIndividual 1-682,text,true,,3809,3588,6,12,https://api-scuda.uat.oci.krungsri.tech/ic/api/v1/customer/individual/getprofile,104,0,19
1779799991963,95,GetIndividual,200,OK,GetIndividual 1-683,text,true,,3876,3588,5,11,https://api-scuda.uat.oci.krungsri.tech/ic/api/v1/customer/individual/getprofile,95,0,13
1779799992035,31,SearchIndividual,200,OK,SearchIndividual 2-1115,text,true,,1169,2602,2,11,https://api-scuda.uat.oci.krungsri.tech/ords/api/v1/customer/individual/searchprofile,31,0,16
1779799991587,483,CreateJuristic,201,Created,CreateJuristic 7-32,text,true,,1172,8113,3,11,https://api-scuda.uat.oci.krungsri.tech/ic/api/v1/customer/juristic/createprofile,483,0,21
1779799991976,100,GetIndividual,200,OK,GetIndividual 1-684,text,true,,3887,3588,5,10,https://api-scuda.uat.oci.krungsri.tech/ic/api/v1/customer/individual/getprofile,100,0,16
1779799992063,32,SearchIndividual,200,OK,SearchIndividual 2-1116,text,true,,1219,2602,3,14,https://api-scuda.uat.oci.krungsri.tech/ords/api/v1/customer/individual/searchprofile,32,0,20
1779799992079,26,SearchIndividual,200,OK,SearchIndividual 2-1117,text,true,,1191,2602,4,16,https://api-scuda.uat.oci.krungsri.tech/ords/api/v1/customer/individual/searchprofile,26,0,15
1779799992079,29,SearchIndividual,200,OK,SearchIndividual 2-1118,text,true,,1173,2602,3,15,https://api-scuda.uat.oci.krungsri.tech/ords/api/v1/customer/individual/searchprofile,29,0,18
1779799992018,105,GetIndividual,200,OK,GetIndividual 1-686,text,true,,3889,3588,6,16,https://api-scuda.uat.oci.krungsri.tech/ic/api/v1/customer/individual/getprofile,105,0,15
1779799992097,26,SearchIndividual,200,OK,SearchIndividual 2-1119,text,true,,1227,2602,4,16,https://api-scuda.uat.oci.krungsri.tech/ords/api/v1/customer/individual/searchprofile,26,0,14
1779799992104,29,SearchIndividual,200,OK,SearchIndividual 2-1120,text,true,,1143,2602,3,14,https://api-scuda.uat.oci.krungsri.tech/ords/api/v1/customer/individual/searchprofile,29,0,18
1779799992116,22,SearchIndividual,200,OK,SearchIndividual 2-1121,text,true,,1157,2602,3,14,https://api-scuda.uat.oci.krungsri.tech/ords/api/v1/customer/individual/searchprofile,22,0,11
1779799992116,29,SearchIndividual,200,OK,SearchIndividual 2-1122,text,true,,1163,2602,2,13,https://api-scuda.uat.oci.krungsri.tech/ords/api/v1/customer/individual/searchprofile,29,0,17
1779799991991,169,UpdateIndividual,200,OK,UpdateIndividual 4-452,text,true,,799,5567,4,14,https://api-scuda.uat.oci.krungsri.tech/ic/api/v1/customer/individual/updateprofile,169,0,15
1779799992068,96,GetIndividual,200,OK,GetIndividual 1-688,text,true,,3840,3587,5,14,https://api-scuda.uat.oci.krungsri.tech/ic/api/v1/customer/individual/getprofile,96,0,18
1779799992136,33,SearchIndividual,200,OK,SearchIndividual 2-1123,text,true,,1129,2600,2,14,https://api-scuda.uat.oci.krungsri.tech/ords/api/v1/customer/individual/searchprofile,32,0,19
1779799992020,163,UpdateIndividual,200,OK,UpdateIndividual 4-453,text,true,,800,5589,5,13,https://api-scuda.uat.oci.krungsri.tech/ic/api/v1/customer/individual/updateprofile,163,0,16
1779799992157,30,SearchIndividual,200,OK,SearchIndividual 2-1124,text,true,,1173,2602,1,12,https://api-scuda.uat.oci.krungsri.tech/ords/api/v1/customer/individual/searchprofile,30,0,18
1779799992093,104,GetJuristic,200,OK,GetJuristic 5-36,text,true,,3473,3533,1,11,https://api-scuda.uat.oci.krungsri.tech/ic/api/v1/customer/juristic/getprofile,104,0,13
1779799992093,108,GetIndividual,200,OK,GetIndividual 1-689,text,true,,3919,3588,4,10,https://api-scuda.uat.oci.krungsri.tech/ic/api/v1/customer/individual/getprofile,108,0,19
1779799992095,120,UpdateIndividual,200,OK,UpdateIndividual 4-454,text,true,,800,4227,5,11,https://api-scuda.uat.oci.krungsri.tech/ic/api/v1/customer/individual/updateprofile,120,0,16
1779799992105,113,GetIndividual,200,OK,GetIndividual 1-690,text,true,,3890,3588,3,10,https://api-scuda.uat.oci.krungsri.tech/ic/api/v1/customer/individual/getprofile,113,0,15
1779799991988,266,GetIndividual,200,OK,GetIndividual 1-685,text,true,,3825,3587,3,11,https://api-scuda.uat.oci.krungsri.tech/ic/api/v1/customer/individual/getprofile,266,0,19
1779799992210,50,SearchIndividual,200,OK,SearchIndividual 2-1125,text,true,,1149,2602,2,11,https://api-scuda.uat.oci.krungsri.tech/ords/api/v1/customer/individual/searchprofile,50,0,37
1779799992023,250,GetIndividual,200,OK,GetIndividual 1-687,text,true,,3814,3587,2,11,https://api-scuda.uat.oci.krungsri.tech/ic/api/v1/customer/individual/getprofile,250,0,18
1779799992256,31,SearchIndividual,200,OK,SearchIndividual 2-1126,text,true,,1186,2601,3,12,https://api-scuda.uat.oci.krungsri.tech/ords/api/v1/customer/individual/searchprofile,30,0,19
1779799992270,31,SearchIndividual,200,OK,SearchIndividual 2-1127,text,true,,1169,2602,2,13,https://api-scuda.uat.oci.krungsri.tech/ords/api/v1/customer/individual/searchprofile,31,0,19
1779799992275,27,SearchIndividual,200,OK,SearchIndividual 2-1128,text,true,,1157,2602,1,12,https://api-scuda.uat.oci.krungsri.tech/ords/api/v1/customer/individual/searchprofile,26,0,15
1779799992167,135,UpdateIndividual,200,OK,UpdateIndividual 4-456,text,true,,799,4229,5,11,https://api-scuda.uat.oci.krungsri.tech/ic/api/v1/customer/individual/updateprofile,135,0,20
1779799992305,29,SearchIndividual,200,OK,SearchIndividual 2-1129,text,true,,1175,2602,1,12,https://api-scuda.uat.oci.krungsri.tech/ords/api/v1/customer/individual/searchprofile,29,0,18
1779799991608,723,CreateJuristic,201,Created,CreateJuristic 7-33,text,true,,1172,7960,2,12,https://api-scuda.uat.oci.krungsri.tech/ic/api/v1/customer/juristic/createprofile,723,0,21
1779799992205,126,UpdateIndividual,200,OK,UpdateIndividual 4-458,text,true,,800,4228,5,12,https://api-scuda.uat.oci.krungsri.tech/ic/api/v1/customer/individual/updateprofile,126,0,18
1779799992159,167,UpdateIndividual,200,OK,UpdateIndividual 4-455,text,true,,800,5611,5,12,https://api-scuda.uat.oci.krungsri.tech/ic/api/v1/customer/individual/updateprofile,167,0,20
1779799992168,173,UpdateIndividual,200,OK,UpdateIndividual 4-457,text,true,,799,5594,3,9,https://api-scuda.uat.oci.krungsri.tech/ic/api/v1/customer/individual/updateprofile,173,0,20
1779799992243,113,GetIndividual,200,OK,GetIndividual 1-691,text,true,,3849,3588,5,10,https://api-scuda.uat.oci.krungsri.tech/ic/api/v1/customer/individual/getprofile,113,0,19
1779799992345,24,SearchIndividual,200,OK,SearchIndividual 2-1131,text,true,,1155,2602,3,10,https://api-scuda.uat.oci.krungsri.tech/ords/api/v1/customer/individual/searchprofile,24,0,13
1779799992345,31,SearchIndividual,200,OK,SearchIndividual 2-1130,text,true,,1187,2602,2,9,https://api-scuda.uat.oci.krungsri.tech/ords/api/v1/customer/individual/searchprofile,31,0,19
1779799992277,102,GetIndividual,200,OK,GetIndividual 1-692,text,true,,3838,3588,4,9,https://api-scuda.uat.oci.krungsri.tech/ic/api/v1/customer/individual/getprofile,102,0,13
1779799992288,98,GetIndividual,200,OK,GetIndividual 1-693,text,true,,3873,3588,5,10,https://api-scuda.uat.oci.krungsri.tech/ic/api/v1/customer/individual/getprofile,98,0,14
1779799992357,30,SearchIndividual,200,OK,SearchIndividual 2-1132,text,true,,1213,2602,2,9,https://api-scuda.uat.oci.krungsri.tech/ords/api/v1/customer/individual/searchprofile,30,0,19
1779799991925,472,CreateJuristic,201,Created,CreateJuristic 7-34,text,true,,1172,7432,1,8,https://api-scuda.uat.oci.krungsri.tech/ic/api/v1/customer/juristic/createprofile,472,0,20
1779799992237,160,UpdateIndividual,200,OK,UpdateIndividual 4-459,text,true,,800,5542,2,7,https://api-scuda.uat.oci.krungsri.tech/ic/api/v1/customer/individual/updateprofile,160,0,22
1779799992294,113,GetIndividual,200,OK,GetIndividual 1-694,text,true,,3826,3588,5,7,https://api-scuda.uat.oci.krungsri.tech/ic/api/v1/customer/individual/getprofile,113,0,18
1779799992380,36,SearchIndividual,200,OK,SearchIndividual 2-1133,text,true,,1187,2602,1,6,https://api-scuda.uat.oci.krungsri.tech/ords/api/v1/customer/individual/searchprofile,35,0,21
1779799992307,134,UpdateIndividual,200,OK,UpdateIndividual 4-460,text,true,,800,4229,1,11,https://api-scuda.uat.oci.krungsri.tech/ic/api/v1/customer/individual/updateprofile,134,0,18
1779799992335,114,GetIndividual,200,OK,GetIndividual 1-695,text,true,,3907,3588,5,10,https://api-scuda.uat.oci.krungsri.tech/ic/api/v1/customer/individual/getprofile,114,0,21
1779799992421,32,SearchIndividual,200,OK,SearchIndividual 2-1135,text,true,,1173,2602,4,9,https://api-scuda.uat.oci.krungsri.tech/ords/api/v1/customer/individual/searchprofile,32,0,18
1779799992421,33,SearchIndividual,200,OK,SearchIndividual 2-1134,text,true,,1155,2602,3,8,https://api-scuda.uat.oci.krungsri.tech/ords/api/v1/customer/individual/searchprofile,33,0,20
1779799992423,31,SearchJoint,200,OK,SearchJoint 10-36,text,true,,621,2627,1,7,https://api-scuda.uat.oci.krungsri.tech/ords/api/v1/customer/joint/searchprofile,31,0,21
1779799992428,28,SearchIndividual,200,OK,SearchIndividual 2-1136,text,true,,1171,2602,2,6,https://api-scuda.uat.oci.krungsri.tech/ords/api/v1/customer/individual/searchprofile,28,0,17
1779799992441,32,SearchIndividual,200,OK,SearchIndividual 2-1137,text,true,,1165,2602,3,8,https://api-scuda.uat.oci.krungsri.tech/ords/api/v1/customer/individual/searchprofile,32,0,22
1779799992385,108,GetIndividual,200,OK,GetIndividual 1-696,text,true,,3813,3588,5,9,https://api-scuda.uat.oci.krungsri.tech/ic/api/v1/customer/individual/getprofile,108,0,19
1779799992470,30,SearchIndividual,200,OK,SearchIndividual 2-1138,text,true,,1149,2602,4,10,https://api-scuda.uat.oci.krungsri.tech/ords/api/v1/customer/individual/searchprofile,30,0,19
1779799992473,34,SearchIndividual,200,OK,SearchIndividual 2-1139,text,true,,1167,2602,3,9,https://api-scuda.uat.oci.krungsri.tech/ords/api/v1/customer/individual/searchprofile,34,0,20
1779799992405,107,GetIndividual,200,OK,GetIndividual 1-698,text,true,,3882,3588,5,8,https://api-scuda.uat.oci.krungsri.tech/ic/api/v1/customer/individual/getprofile,107,0,18
1779799992385,129,GetIndividual,200,OK,GetIndividual 1-697,text,true,,3894,3588,4,7,https://api-scuda.uat.oci.krungsri.tech/ic/api/v1/customer/individual/getprofile,129,0,23
1779799992499,25,SearchIndividual,200,OK,SearchIndividual 2-1141,text,true,,1209,2602,2,6,https://api-scuda.uat.oci.krungsri.tech/ords/api/v1/customer/individual/searchprofile,25,0,13
1779799992491,33,SearchIndividual,200,OK,SearchIndividual 2-1140,text,true,,1211,2602,2,6,https://api-scuda.uat.oci.krungsri.tech/ords/api/v1/customer/individual/searchprofile,33,0,22
1779799992525,30,SearchIndividual,200,OK,SearchIndividual 2-1142,text,true,,1163,2602,3,8,https://api-scuda.uat.oci.krungsri.tech/ords/api/v1/customer/individual/searchprofile,30,0,19
1779799992541,21,SearchIndividual,200,OK,SearchIndividual 2-1143,text,true,,1155,2602,2,8,https://api-scuda.uat.oci.krungsri.tech/ords/api/v1/customer/individual/searchprofile,21,0,10
1779799992551,23,SearchIndividual,200,OK,SearchIndividual 2-1144,text,true,,1155,2602,1,8,https://api-scuda.uat.oci.krungsri.tech/ords/api/v1/customer/individual/searchprofile,23,0,11
1779799992489,92,GetIndividual,200,OK,GetIndividual 1-700,text,true,,3871,3588,5,9,https://api-scuda.uat.oci.krungsri.tech/ic/api/v1/customer/individual/getprofile,92,0,14
1779799992468,118,UpdateIndividual,200,OK,UpdateIndividual 4-461,text,true,,800,4229,3,9,https://api-scuda.uat.oci.krungsri.tech/ic/api/v1/customer/individual/updateprofile,118,0,18
1779799992495,97,GetIndividual,200,OK,GetIndividual 1-701,text,true,,3874,3587,4,9,https://api-scuda.uat.oci.krungsri.tech/ic/api/v1/customer/individual/getprofile,97,0,14
1779799992579,34,SearchIndividual,200,OK,SearchIndividual 2-1145,text,true,,1191,2602,5,12,https://api-scuda.uat.oci.krungsri.tech/ords/api/v1/customer/individual/searchprofile,34,0,23
1779799992441,175,GetIndividual,200,OK,GetIndividual 1-699,text,true,,3851,3588,3,11,https://api-scuda.uat.oci.krungsri.tech/ic/api/v1/customer/individual/getprofile,175,0,21
1779799992592,32,SearchIndividual,200,OK,SearchIndividual 2-1146,text,true,,1205,2602,4,10,https://api-scuda.uat.oci.krungsri.tech/ords/api/v1/customer/individual/searchprofile,32,0,21
1779799992595,32,SearchIndividual,200,OK,SearchIndividual 2-1147,text,true,,1171,2602,3,9,https://api-scuda.uat.oci.krungsri.tech/ords/api/v1/customer/individual/searchprofile,32,0,21
1779799992606,31,SearchIndividual,200,OK,SearchIndividual 2-1149,text,true,,1186,2601,2,8,https://api-scuda.uat.oci.krungsri.tech/ords/api/v1/customer/individual/searchprofile,31,0,19
1779799992606,33,SearchIndividual,200,OK,SearchIndividual 2-1148,text,true,,1156,2601,1,7,https://api-scuda.uat.oci.krungsri.tech/ords/api/v1/customer/individual/searchprofile,33,0,21
1779799992560,87,GetIndividual,200,OK,GetIndividual 1-702,text,true,,3853,3588,2,6,https://api-scuda.uat.oci.krungsri.tech/ic/api/v1/customer/individual/getprofile,87,0,15
1779799992564,103,GetIndividual,200,OK,GetIndividual 1-703,text,true,,3852,3588,2,7,https://api-scuda.uat.oci.krungsri.tech/ic/api/v1/customer/individual/getprofile,103,0,19
1779799992691,31,SearchIndividual,200,OK,SearchIndividual 2-1150,text,true,,1139,2602,2,14,https://api-scuda.uat.oci.krungsri.tech/ords/api/v1/customer/individual/searchprofile,31,0,18
1779799992590,132,UpdateIndividual,200,OK,UpdateIndividual 4-463,text,true,,800,4227,8,14,https://api-scuda.uat.oci.krungsri.tech/ic/api/v1/customer/individual/updateprofile,132,0,21
1779799992703,31,SearchIndividual,200,OK,SearchIndividual 2-1151,text,true,,1189,2602,2,14,https://api-scuda.uat.oci.krungsri.tech/ords/api/v1/customer/individual/searchprofile,30,0,19
1779799992724,36,SearchIndividual,200,OK,SearchIndividual 2-1152,text,true,,1204,2601,4,18,https://api-scuda.uat.oci.krungsri.tech/ords/api/v1/customer/individual/searchprofile,34,0,23
1779799992652,110,GetIndividual,200,OK,GetIndividual 1-704,text,true,,3846,3588,3,17,https://api-scuda.uat.oci.krungsri.tech/ic/api/v1/customer/individual/getprofile,110,0,23
1779799992741,26,SearchIndividual,200,OK,SearchIndividual 2-1153,text,true,,1217,2602,4,17,https://api-scuda.uat.oci.krungsri.tech/ords/api/v1/customer/individual/searchprofile,25,0,14
1779799992582,187,UpdateIndividual,200,OK,UpdateIndividual 4-462,text,true,,800,5532,10,16,https://api-scuda.uat.oci.krungsri.tech/ic/api/v1/customer/individual/updateprofile,187,0,30
1779799992752,26,SearchIndividual,200,OK,SearchIndividual 2-1154,text,true,,1210,2601,3,15,https://api-scuda.uat.oci.krungsri.tech/ords/api/v1/customer/individual/searchprofile,26,0,16
1779799992755,32,SearchIndividual,200,OK,SearchIndividual 2-1155,text,true,,1154,2601,2,15,https://api-scuda.uat.oci.krungsri.tech/ords/api/v1/customer/individual/searchprofile,32,0,20
1779799992764,27,SearchIndividual,200,OK,SearchIndividual 2-1156,text,true,,1157,2602,1,14,https://api-scuda.uat.oci.krungsri.tech/ords/api/v1/customer/individual/searchprofile,27,0,17
1779799992666,127,UpdateIndividual,200,OK,UpdateIndividual 4-465,text,true,,800,4228,10,14,https://api-scuda.uat.oci.krungsri.tech/ic/api/v1/customer/individual/updateprofile,127,0,18
1779799992678,118,UpdateIndividual,200,OK,UpdateIndividual 4-466,text,true,,800,4227,10,15,https://api-scuda.uat.oci.krungsri.tech/ic/api/v1/customer/individual/updateprofile,118,0,15
1779799992695,117,GetIndividual,200,OK,GetIndividual 1-705,text,true,,3825,3587,2,15,https://api-scuda.uat.oci.krungsri.tech/ic/api/v1/customer/individual/getprofile,117,0,27
1779799992681,131,UpdateIndividual,200,OK,UpdateIndividual 4-467,text,true,,800,4229,10,14,https://api-scuda.uat.oci.krungsri.tech/ic/api/v1/customer/individual/updateprofile,131,0,20
1779799992705,107,GetIndividual,200,OK,GetIndividual 1-706,text,true,,3841,3588,2,15,https://api-scuda.uat.oci.krungsri.tech/ic/api/v1/customer/individual/getprofile,107,0,27
1779799992795,32,SearchIndividual,200,OK,SearchIndividual 2-1157,text,true,,1195,2602,2,14,https://api-scuda.uat.oci.krungsri.tech/ords/api/v1/customer/individual/searchprofile,31,0,19
1779799992823,31,SearchIndividual,200,OK,SearchIndividual 2-1158,text,true,,1107,2602,1,13,https://api-scuda.uat.oci.krungsri.tech/ords/api/v1/customer/individual/searchprofile,31,0,20
1779799992698,173,UpdateIndividual,200,OK,UpdateIndividual 4-468,text,true,,800,5534,10,13,https://api-scuda.uat.oci.krungsri.tech/ic/api/v1/customer/individual/updateprofile,173,0,27
1779799992705,167,UpdateIndividual,200,OK,UpdateIndividual 4-469,text,true,,800,5567,9,12,https://api-scuda.uat.oci.krungsri.tech/ic/api/v1/customer/individual/updateprofile,167,0,27
1779799992748,124,UpdateIndividual,200,OK,UpdateIndividual 4-471,text,true,,800,4227,9,12,https://api-scuda.uat.oci.krungsri.tech/ic/api/v1/customer/individual/updateprofile,124,0,21
1779799992727,156,UpdateIndividual,200,OK,UpdateIndividual 4-470,text,true,,800,5601,7,12,https://api-scuda.uat.oci.krungsri.tech/ic/api/v1/customer/individual/updateprofile,156,0,31
1779799992778,105,GetJuristic,200,OK,GetJuristic 5-37,text,true,,3504,3533,2,12,https://api-scuda.uat.oci.krungsri.tech/ic/api/v1/customer/juristic/getprofile,105,0,20
1779799992855,31,SearchIndividual,200,OK,SearchIndividual 2-1159,text,true,,1183,2602,2,12,https://api-scuda.uat.oci.krungsri.tech/ords/api/v1/customer/individual/searchprofile,31,0,20
1779799992753,156,UpdateIndividual,200,OK,UpdateIndividual 4-472,text,true,,799,5653,6,12,https://api-scuda.uat.oci.krungsri.tech/ic/api/v1/customer/individual/updateprofile,156,0,15
1779799992885,32,SearchIndividual,200,OK,SearchIndividual 2-1160,text,true,,1195,2602,2,12,https://api-scuda.uat.oci.krungsri.tech/ords/api/v1/customer/individual/searchprofile,32,0,19
1779799992798,120,UpdateIndividual,200,OK,UpdateIndividual 4-474,text,true,,800,4227,5,12,https://api-scuda.uat.oci.krungsri.tech/ic/api/v1/customer/individual/updateprofile,120,0,15
1779799992908,24,SearchIndividual,200,OK,SearchIndividual 2-1161,text,true,,1203,2602,4,13,https://api-scuda.uat.oci.krungsri.tech/ords/api/v1/customer/individual/searchprofile,24,0,13
1779799992799,137,UpdateIndividual,200,OK,UpdateIndividual 4-475,text,true,,800,4227,4,12,https://api-scuda.uat.oci.krungsri.tech/ic/api/v1/customer/individual/updateprofile,137,0,18
1779799992795,149,UpdateIndividual,200,OK,UpdateIndividual 4-473,text,true,,800,5588,3,11,https://api-scuda.uat.oci.krungsri.tech/ic/api/v1/customer/individual/updateprofile,149,0,22
1779799992919,29,SearchIndividual,200,OK,SearchIndividual 2-1162,text,true,,1237,2602,3,10,https://api-scuda.uat.oci.krungsri.tech/ords/api/v1/customer/individual/searchprofile,29,0,17
1779799992919,29,SearchIndividual,200,OK,SearchIndividual 2-1163,text,true,,1171,2602,3,10,https://api-scuda.uat.oci.krungsri.tech/ords/api/v1/customer/individual/searchprofile,29,0,17
1779799992929,30,SearchIndividual,200,OK,SearchIndividual 2-1164,text,true,,1171,2602,2,10,https://api-scuda.uat.oci.krungsri.tech/ords/api/v1/customer/individual/searchprofile,30,0,19
1779799992597,372,UpdateIndividual,200,OK,UpdateIndividual 4-464,text,true,,800,5625,4,10,https://api-scuda.uat.oci.krungsri.tech/ic/api/v1/customer/individual/updateprofile,372,0,22
1779799992822,149,UpdateIndividual,200,OK,UpdateIndividual 4-476,text,true,,800,5581,3,9,https://api-scuda.uat.oci.krungsri.tech/ic/api/v1/customer/individual/updateprofile,149,0,23
1779799992880,99,GetJuristic,200,OK,GetJuristic 5-38,text,true,,3492,3533,1,9,https://api-scuda.uat.oci.krungsri.tech/ic/api/v1/customer/juristic/getprofile,99,0,17
1779799992872,109,GetIndividual,200,OK,GetIndividual 1-707,text,true,,3895,3588,2,8,https://api-scuda.uat.oci.krungsri.tech/ic/api/v1/customer/individual/getprofile,109,0,21
1779799992954,30,SearchIndividual,200,OK,SearchIndividual 2-1165,text,true,,1201,2602,1,7,https://api-scuda.uat.oci.krungsri.tech/ords/api/v1/customer/individual/searchprofile,30,0,20
1779799992985,27,SearchIndividual,200,OK,SearchIndividual 2-1166,text,true,,1147,2602,3,11,https://api-scuda.uat.oci.krungsri.tech/ords/api/v1/customer/individual/searchprofile,27,0,15
1779799992988,29,SearchIndividual,200,OK,SearchIndividual 2-1167,text,true,,1179,2602,2,10,https://api-scuda.uat.oci.krungsri.tech/ords/api/v1/customer/individual/searchprofile,29,0,18
1779799992885,141,GetIndividual,200,OK,GetIndividual 1-708,text,true,,3827,3588,2,9,https://api-scuda.uat.oci.krungsri.tech/ic/api/v1/customer/individual/getprofile,141,0,18
1779799993000,29,SearchIndividual,200,OK,SearchIndividual 2-1168,text,true,,1181,2602,1,8,https://api-scuda.uat.oci.krungsri.tech/ords/api/v1/customer/individual/searchprofile,29,0,18
1779799992918,159,UpdateJoint,200,OK,UpdateJoint 12-32,text,true,,799,4593,1,13,https://api-scuda.uat.oci.krungsri.tech/ic/api/v1/customer/joint/updateprofile,159,0,17
1779799992988,101,GetIndividual,200,OK,GetIndividual 1-709,text,true,,3857,3588,5,13,https://api-scuda.uat.oci.krungsri.tech/ic/api/v1/customer/individual/getprofile,101,0,15
1779799992530,572,CreateIndividual,201,Created,CreateIndividual 3-32,text,true,,1172,8277,1,13,https://api-scuda.uat.oci.krungsri.tech/ic/api/v1/customer/individual/createprofile,572,0,19
1779799993059,45,SearchIndividual,200,OK,SearchIndividual 2-1169,text,true,,1211,2602,1,12,https://api-scuda.uat.oci.krungsri.tech/ords/api/v1/customer/individual/searchprofile,45,0,32
1779799992960,154,UpdateIndividual,200,OK,UpdateIndividual 4-477,text,true,,800,5580,4,12,https://api-scuda.uat.oci.krungsri.tech/ic/api/v1/customer/individual/updateprofile,154,0,18
1779799992981,142,UpdateIndividual,200,OK,UpdateIndividual 4-479,text,true,,800,4228,3,12,https://api-scuda.uat.oci.krungsri.tech/ic/api/v1/customer/individual/updateprofile,142,0,20
1779799993107,33,SearchIndividual,200,OK,SearchIndividual 2-1170,text,true,,1161,2602,5,15,https://api-scuda.uat.oci.krungsri.tech/ords/api/v1/customer/individual/searchprofile,33,0,21
1779799993117,25,SearchIndividual,200,OK,SearchIndividual 2-1171,text,true,,1151,2602,4,14,https://api-scuda.uat.oci.krungsri.tech/ords/api/v1/customer/individual/searchprofile,25,0,12
1779799992962,180,UpdateIndividual,200,OK,UpdateIndividual 4-478,text,true,,800,5634,3,14,https://api-scuda.uat.oci.krungsri.tech/ic/api/v1/customer/individual/updateprofile,180,0,21
1779799993048,99,GetIndividual,200,OK,GetIndividual 1-711,text,true,,3801,3588,5,12,https://api-scuda.uat.oci.krungsri.tech/ic/api/v1/customer/individual/getprofile,99,0,27
1779799993129,26,SearchIndividual,200,OK,SearchIndividual 2-1173,text,true,,1181,2602,3,11,https://api-scuda.uat.oci.krungsri.tech/ords/api/v1/customer/individual/searchprofile,25,0,14
1779799993124,31,SearchIndividual,200,OK,SearchIndividual 2-1172,text,true,,1127,2602,2,10,https://api-scuda.uat.oci.krungsri.tech/ords/api/v1/customer/individual/searchprofile,31,0,21
1779799993036,126,GetIndividual,200,OK,GetIndividual 1-710,text,true,,3804,3588,4,9,https://api-scuda.uat.oci.krungsri.tech/ic/api/v1/customer/individual/getprofile,126,0,34
1779799993003,167,GetJoint,200,OK,GetJoint 9-30,text,true,,1430,3529,1,9,https://api-scuda.uat.oci.krungsri.tech/ic/api/v1/customer/joint/getprofile,167,0,19
1779799993136,43,SearchIndividual,200,OK,SearchIndividual 2-1174,text,true,,1115,2602,1,8,https://api-scuda.uat.oci.krungsri.tech/ords/api/v1/customer/individual/searchprofile,43,0,28
1779799993080,105,GetIndividual,200,OK,GetIndividual 1-713,text,true,,3842,3588,4,7,https://api-scuda.uat.oci.krungsri.tech/ic/api/v1/customer/individual/getprofile,105,0,17
1779799993074,129,GetIndividual,200,OK,GetIndividual 1-712,text,true,,3840,3588,4,8,https://api-scuda.uat.oci.krungsri.tech/ic/api/v1/customer/individual/getprofile,129,0,37
1779799993101,106,GetIndividual,200,OK,GetIndividual 1-714,text,true,,3837,3588,3,7,https://api-scuda.uat.oci.krungsri.tech/ic/api/v1/customer/individual/getprofile,106,0,20
1779799993132,122,UpdateIndividual,200,OK,UpdateIndividual 4-481,text,true,,800,4228,3,11,https://api-scuda.uat.oci.krungsri.tech/ic/api/v1/customer/individual/updateprofile,122,0,21
1779799993232,31,SearchIndividual,200,OK,SearchIndividual 2-1175,text,true,,1187,2602,3,12,https://api-scuda.uat.oci.krungsri.tech/ords/api/v1/customer/individual/searchprofile,31,0,19
1779799993241,29,SearchIndividual,200,OK,SearchIndividual 2-1176,text,true,,1201,2602,2,11,https://api-scuda.uat.oci.krungsri.tech/ords/api/v1/customer/individual/searchprofile,29,0,18
1779799993249,34,SearchIndividual,200,OK,SearchIndividual 2-1177,text,true,,1197,2602,2,11,https://api-scuda.uat.oci.krungsri.tech/ords/api/v1/customer/individual/searchprofile,34,0,21
1779799993166,129,GetIndividual,200,OK,GetIndividual 1-715,text,true,,3836,3588,4,11,https://api-scuda.uat.oci.krungsri.tech/ic/api/v1/customer/individual/getprofile,129,0,20
1779799993193,109,GetIndividual,200,OK,GetIndividual 1-716,text,true,,3824,3588,3,10,https://api-scuda.uat.oci.krungsri.tech/ic/api/v1/customer/individual/getprofile,109,0,19
1779799993280,24,SearchIndividual,200,OK,SearchIndividual 2-1178,text,true,,1187,2602,1,9,https://api-scuda.uat.oci.krungsri.tech/ords/api/v1/customer/individual/searchprofile,24,0,13
1779799993044,268,UpdateIndividual,200,OK,UpdateIndividual 4-480,text,true,,800,5639,5,10,https://api-scuda.uat.oci.krungsri.tech/ic/api/v1/customer/individual/updateprofile,268,0,22
1779799993226,99,GetIndividual,200,OK,GetIndividual 1-717,text,true,,3870,3588,2,9,https://api-scuda.uat.oci.krungsri.tech/ic/api/v1/customer/individual/getprofile,99,0,15
1779799993312,30,SearchIndividual,200,OK,SearchIndividual 2-1179,text,true,,1185,2602,1,8,https://api-scuda.uat.oci.krungsri.tech/ords/api/v1/customer/individual/searchprofile,30,0,18
1779799993206,162,UpdateIndividual,200,OK,UpdateIndividual 4-482,text,true,,800,5582,5,10,https://api-scuda.uat.oci.krungsri.tech/ic/api/v1/customer/individual/updateprofile,162,0,19
1779799993264,120,UpdateIndividual,200,OK,UpdateIndividual 4-483,text,true,,800,4227,4,12,https://api-scuda.uat.oci.krungsri.tech/ic/api/v1/customer/individual/updateprofile,120,0,16
1779799993358,31,SearchIndividual,200,OK,SearchIndividual 2-1180,text,true,,1184,2601,3,12,https://api-scuda.uat.oci.krungsri.tech/ords/api/v1/customer/individual/searchprofile,31,0,19
1779799993231,161,GetIndividual,200,OK,GetIndividual 1-718,text,true,,3941,3588,4,11,https://api-scuda.uat.oci.krungsri.tech/ic/api/v1/customer/individual/getprofile,161,0,22
1779799993370,38,SearchIndividual,200,OK,SearchIndividual 2-1181,text,true,,1173,2602,2,11,https://api-scuda.uat.oci.krungsri.tech/ords/api/v1/customer/individual/searchprofile,38,0,21
1779799993378,30,SearchIndividual,200,OK,SearchIndividual 2-1182,text,true,,1255,2602,2,11,https://api-scuda.uat.oci.krungsri.tech/ords/api/v1/customer/individual/searchprofile,30,0,19
1779799993264,145,UpdateIndividual,200,OK,UpdateIndividual 4-484,text,true,,800,4227,3,9,https://api-scuda.uat.oci.krungsri.tech/ic/api/v1/customer/individual/updateprofile,145,0,19
1779799993412,23,SearchIndividual,200,OK,SearchIndividual 2-1183,text,true,,1197,2602,2,11,https://api-scuda.uat.oci.krungsri.tech/ords/api/v1/customer/individual/searchprofile,23,0,12
1779799993412,28,SearchIndividual,200,OK,SearchIndividual 2-1184,text,true,,1233,2602,1,10,https://api-scuda.uat.oci.krungsri.tech/ords/api/v1/customer/individual/searchprofile,28,0,15
1779799993344,101,GetIndividual,200,OK,GetIndividual 1-719,text,true,,3847,3588,5,9,https://api-scuda.uat.oci.krungsri.tech/ic/api/v1/customer/individual/getprofile,101,0,19
1779799993308,158,UpdateIndividual,200,OK,UpdateIndividual 4-485,text,true,,800,5531,3,10,https://api-scuda.uat.oci.krungsri.tech/ic/api/v1/customer/individual/updateprofile,158,0,19
1779799993386,95,GetIndividual,200,OK,GetIndividual 1-721,text,true,,3854,3587,5,11,https://api-scuda.uat.oci.krungsri.tech/ic/api/v1/customer/individual/getprofile,95,0,16
1779799993298,186,UpdateJuristic,200,OK,UpdateJuristic 8-33,text,true,,800,5809,1,10,https://api-scuda.uat.oci.krungsri.tech/ic/api/v1/customer/juristic/updateprofile,186,0,15
1779799993477,26,SearchIndividual,200,OK,SearchIndividual 2-1185,text,true,,1163,2602,2,10,https://api-scuda.uat.oci.krungsri.tech/ords/api/v1/customer/individual/searchprofile,26,0,15
1779799993366,151,UpdateIndividual,200,OK,UpdateIndividual 4-486,text,true,,800,5643,2,10,https://api-scuda.uat.oci.krungsri.tech/ic/api/v1/customer/individual/updateprofile,151,0,18
1779799993415,113,GetIndividual,200,OK,GetIndividual 1-723,text,true,,3869,3588,6,12,https://api-scuda.uat.oci.krungsri.tech/ic/api/v1/customer/individual/getprofile,113,0,17
1779799993076,455,CreateJuristic,201,Created,CreateJuristic 7-35,text,true,,1171,7982,1,11,https://api-scuda.uat.oci.krungsri.tech/ic/api/v1/customer/juristic/createprofile,455,0,19
1779799993500,36,SearchIndividual,200,OK,SearchIndividual 2-1186,text,true,,1191,2602,1,10,https://api-scuda.uat.oci.krungsri.tech/ords/api/v1/customer/individual/searchprofile,35,0,20
1779799993462,92,GetIndividual,200,OK,GetIndividual 1-724,text,true,,3843,3588,7,12,https://api-scuda.uat.oci.krungsri.tech/ic/api/v1/customer/individual/getprofile,92,0,17
1779799993382,178,GetIndividual,200,OK,GetIndividual 1-720,text,true,,3843,3588,6,11,https://api-scuda.uat.oci.krungsri.tech/ic/api/v1/customer/individual/getprofile,178,0,19
1779799993544,38,SearchIndividual,200,OK,SearchIndividual 2-1187,text,true,,1191,2602,3,13,https://api-scuda.uat.oci.krungsri.tech/ords/api/v1/customer/individual/searchprofile,38,0,22
1779799993563,30,SearchIndividual,200,OK,SearchIndividual 2-1188,text,true,,1123,2602,3,13,https://api-scuda.uat.oci.krungsri.tech/ords/api/v1/customer/individual/searchprofile,30,0,19
1779799993568,32,SearchIndividual,200,OK,SearchIndividual 2-1189,text,true,,1253,2602,4,14,https://api-scuda.uat.oci.krungsri.tech/ords/api/v1/customer/individual/searchprofile,32,0,21
1779799993508,100,GetJoint,200,OK,GetJoint 9-31,text,true,,1429,3530,1,14,https://api-scuda.uat.oci.krungsri.tech/ic/api/v1/customer/joint/getprofile,100,0,18
1779799993452,161,UpdateIndividual,200,OK,UpdateIndividual 4-487,text,true,,800,5589,3,14,https://api-scuda.uat.oci.krungsri.tech/ic/api/v1/customer/individual/updateprofile,161,0,16
1779799993583,34,SearchIndividual,200,OK,SearchIndividual 2-1190,text,true,,1205,2602,3,13,https://api-scuda.uat.oci.krungsri.tech/ords/api/v1/customer/individual/searchprofile,34,0,22
1779799993527,96,GetIndividual,200,OK,GetIndividual 1-725,text,true,,3839,3588,7,12,https://api-scuda.uat.oci.krungsri.tech/ic/api/v1/customer/individual/getprofile,96,0,11
1779799993528,104,GetIndividual,200,OK,GetIndividual 1-726,text,true,,3784,3588,6,11,https://api-scuda.uat.oci.krungsri.tech/ic/api/v1/customer/individual/getprofile,104,0,17
1779799993478,154,UpdateJoint,200,OK,UpdateJoint 12-33,text,true,,800,4480,1,11,https://api-scuda.uat.oci.krungsri.tech/ic/api/v1/customer/joint/updateprofile,154,0,18
1779799993594,45,SearchIndividual,200,OK,SearchIndividual 2-1191,text,true,,1168,2601,2,10,https://api-scuda.uat.oci.krungsri.tech/ords/api/v1/customer/individual/searchprofile,45,0,25
1779799993597,53,SearchIndividual,200,OK,SearchIndividual 2-1192,text,true,,1173,2602,1,10,https://api-scuda.uat.oci.krungsri.tech/ords/api/v1/customer/individual/searchprofile,53,0,24
1779799993543,109,GetIndividual,200,OK,GetIndividual 1-727,text,true,,3867,3588,6,9,https://api-scuda.uat.oci.krungsri.tech/ic/api/v1/customer/individual/getprofile,109,0,18
1779799993560,93,GetIndividual,200,OK,GetIndividual 1-729,text,true,,3839,3588,5,8,https://api-scuda.uat.oci.krungsri.tech/ic/api/v1/customer/individual/getprofile,93,0,12
1779799993552,120,GetIndividual,200,OK,GetIndividual 1-728,text,true,,3855,3588,4,8,https://api-scuda.uat.oci.krungsri.tech/ic/api/v1/customer/individual/getprofile,120,0,27
1779799993666,28,SearchIndividual,200,OK,SearchIndividual 2-1193,text,true,,1171,2602,3,10,https://api-scuda.uat.oci.krungsri.tech/ords/api/v1/customer/individual/searchprofile,28,0,17
1779799993603,95,GetIndividual,200,OK,GetIndividual 1-730,text,true,,3866,3588,3,9,https://api-scuda.uat.oci.krungsri.tech/ic/api/v1/customer/individual/getprofile,95,0,11
1779799993524,191,UpdateIndividual,200,OK,UpdateIndividual 4-488,text,true,,800,5559,4,10,https://api-scuda.uat.oci.krungsri.tech/ic/api/v1/customer/individual/updateprofile,191,0,36
1779799993399,317,GetIndividual,200,OK,GetIndividual 1-722,text,true,,3887,3588,3,10,https://api-scuda.uat.oci.krungsri.tech/ic/api/v1/customer/individual/getprofile,317,0,16
1779799993687,35,SearchIndividual,200,OK,SearchIndividual 2-1195,text,true,,1221,2602,3,10,https://api-scuda.uat.oci.krungsri.tech/ords/api/v1/customer/individual/searchprofile,35,0,23
1779799993681,41,SearchIndividual,200,OK,SearchIndividual 2-1194,text,true,,1191,2602,2,9,https://api-scuda.uat.oci.krungsri.tech/ords/api/v1/customer/individual/searchprofile,41,0,29
1779799993703,34,SearchJuristic,200,OK,SearchJuristic 6-34,text,true,,1016,2600,1,12,https://api-scuda.uat.oci.krungsri.tech/ords/api/v1/customer/juristic/searchprofile,34,0,17
1779799993641,106,GetIndividual,200,OK,GetIndividual 1-731,text,true,,3829,3588,2,11,https://api-scuda.uat.oci.krungsri.tech/ic/api/v1/customer/individual/getprofile,106,0,18
1779799993722,29,SearchIndividual,200,OK,SearchIndividual 2-1196,text,true,,1105,2602,6,11,https://api-scuda.uat.oci.krungsri.tech/ords/api/v1/customer/individual/searchprofile,29,0,18
1779799993723,30,SearchIndividual,200,OK,SearchIndividual 2-1197,text,true,,1117,2602,5,11,https://api-scuda.uat.oci.krungsri.tech/ords/api/v1/customer/individual/searchprofile,30,0,19
1779799993724,29,SearchIndividual,200,OK,SearchIndividual 2-1198,text,true,,1131,2602,5,11,https://api-scuda.uat.oci.krungsri.tech/ords/api/v1/customer/individual/searchprofile,29,0,19
1779799993732,34,SearchIndividual,200,OK,SearchIndividual 2-1199,text,true,,1185,2602,3,9,https://api-scuda.uat.oci.krungsri.tech/ords/api/v1/customer/individual/searchprofile,34,0,23
1779799993615,152,UpdateIndividual,200,OK,UpdateIndividual 4-489,text,true,,800,4226,5,8,https://api-scuda.uat.oci.krungsri.tech/ic/api/v1/customer/individual/updateprofile,152,0,27
1779799993733,35,SearchIndividual,200,OK,SearchIndividual 2-1200,text,true,,1167,2602,2,7,https://api-scuda.uat.oci.krungsri.tech/ords/api/v1/customer/individual/searchprofile,35,0,24
1779799993750,31,SearchIndividual,200,OK,SearchIndividual 2-1201,text,true,,1175,2602,2,7,https://api-scuda.uat.oci.krungsri.tech/ords/api/v1/customer/individual/searchprofile,31,0,20
1779799993700,97,GetIndividual,200,OK,GetIndividual 1-732,text,true,,3822,3588,3,8,https://api-scuda.uat.oci.krungsri.tech/ic/api/v1/customer/individual/getprofile,97,0,11
1779799993775,32,SearchIndividual,200,OK,SearchIndividual 2-1202,text,true,,1121,2602,2,9,https://api-scuda.uat.oci.krungsri.tech/ords/api/v1/customer/individual/searchprofile,32,0,20
1779799993639,174,UpdateIndividual,200,OK,UpdateIndividual 4-490,text,true,,800,5547,5,8,https://api-scuda.uat.oci.krungsri.tech/ic/api/v1/customer/individual/updateprofile,174,0,13
1779799993806,30,SearchIndividual,200,OK,SearchIndividual 2-1203,text,true,,1175,2602,1,8,https://api-scuda.uat.oci.krungsri.tech/ords/api/v1/customer/individual/searchprofile,29,0,19
1779799993697,158,UpdateIndividual,200,OK,UpdateIndividual 4-491,text,true,,800,5678,5,7,https://api-scuda.uat.oci.krungsri.tech/ic/api/v1/customer/individual/updateprofile,158,0,17
1779799993792,105,GetIndividual,200,OK,GetIndividual 1-733,text,true,,3841,3588,4,8,https://api-scuda.uat.oci.krungsri.tech/ic/api/v1/customer/individual/getprofile,105,0,21
1779799993719,179,UpdateIndividual,200,OK,UpdateIndividual 4-492,text,true,,799,5583,4,7,https://api-scuda.uat.oci.krungsri.tech/ic/api/v1/customer/individual/updateprofile,179,0,22
1779799993756,155,UpdateIndividual,200,OK,UpdateIndividual 4-493,text,true,,800,5530,3,6,https://api-scuda.uat.oci.krungsri.tech/ic/api/v1/customer/individual/updateprofile,155,0,20
1779799993792,119,GetIndividual,200,OK,GetIndividual 1-734,text,true,,3848,3588,3,5,https://api-scuda.uat.oci.krungsri.tech/ic/api/v1/customer/individual/getprofile,119,0,21
1779799993921,27,SearchIndividual,200,OK,SearchIndividual 2-1205,text,true,,1215,2602,2,8,https://api-scuda.uat.oci.krungsri.tech/ords/api/v1/customer/individual/searchprofile,27,0,15
1779799993920,34,SearchIndividual,200,OK,SearchIndividual 2-1204,text,true,,1229,2602,1,7,https://api-scuda.uat.oci.krungsri.tech/ords/api/v1/customer/individual/searchprofile,33,0,23
1779799993830,125,UpdateIndividual,200,OK,UpdateIndividual 4-495,text,true,,800,4228,3,6,https://api-scuda.uat.oci.krungsri.tech/ic/api/v1/customer/individual/updateprofile,125,0,18
1779799993860,107,GetIndividual,200,OK,GetIndividual 1-736,text,true,,3847,3588,4,6,https://api-scuda.uat.oci.krungsri.tech/ic/api/v1/customer/individual/getprofile,107,0,9
1779799993804,174,UpdateIndividual,200,OK,UpdateIndividual 4-494,text,true,,799,5625,2,5,https://api-scuda.uat.oci.krungsri.tech/ic/api/v1/customer/individual/updateprofile,174,0,18
1779799993856,127,GetIndividual,200,OK,GetIndividual 1-735,text,true,,3894,3588,4,5,https://api-scuda.uat.oci.krungsri.tech/ic/api/v1/customer/individual/getprofile,127,0,25
1779799994003,29,SearchIndividual,200,OK,SearchIndividual 2-1207,text,true,,1197,2602,4,13,https://api-scuda.uat.oci.krungsri.tech/ords/api/v1/customer/individual/searchprofile,29,0,17
1779799993983,51,SearchIndividual,200,OK,SearchIndividual 2-1206,text,true,,1151,2602,3,12,https://api-scuda.uat.oci.krungsri.tech/ords/api/v1/customer/individual/searchprofile,51,0,35
1779799994004,30,SearchIndividual,200,OK,SearchIndividual 2-1208,text,true,,1149,2602,3,12,https://api-scuda.uat.oci.krungsri.tech/ords/api/v1/customer/individual/searchprofile,30,0,18
1779799993917,120,GetIndividual,200,OK,GetIndividual 1-737,text,true,,3839,3588,6,10,https://api-scuda.uat.oci.krungsri.tech/ic/api/v1/customer/individual/getprofile,120,0,18
1779799993989,51,SearchJoint,200,OK,SearchJoint 10-37,text,true,,621,2627,1,10,https://api-scuda.uat.oci.krungsri.tech/ords/api/v1/customer/joint/searchprofile,51,0,43
1779799994014,37,SearchIndividual,200,OK,SearchIndividual 2-1209,text,true,,1225,2602,2,11,https://api-scuda.uat.oci.krungsri.tech/ords/api/v1/customer/individual/searchprofile,37,0,23
1779799993919,149,UpdateIndividual,200,OK,UpdateIndividual 4-496,text,true,,800,4231,4,14,https://api-scuda.uat.oci.krungsri.tech/ic/api/v1/customer/individual/updateprofile,149,0,18
1779799993967,109,GetIndividual,200,OK,GetIndividual 1-738,text,true,,3876,3588,7,14,https://api-scuda.uat.oci.krungsri.tech/ic/api/v1/customer/individual/getprofile,109,0,17
1779799994042,36,SearchIndividual,200,OK,SearchIndividual 2-1210,text,true,,1157,2602,2,13,https://api-scuda.uat.oci.krungsri.tech/ords/api/v1/customer/individual/searchprofile,36,0,25
1779799994061,33,SearchIndividual,200,OK,SearchIndividual 2-1211,text,true,,1127,2602,1,13,https://api-scuda.uat.oci.krungsri.tech/ords/api/v1/customer/individual/searchprofile,33,0,23
1779799993979,118,GetIndividual,200,OK,GetIndividual 1-739,text,true,,3888,3587,6,13,https://api-scuda.uat.oci.krungsri.tech/ic/api/v1/customer/individual/getprofile,118,0,20
1779799994009,89,GetIndividual,200,OK,GetIndividual 1-742,text,true,,3873,3588,5,12,https://api-scuda.uat.oci.krungsri.tech/ic/api/v1/customer/individual/getprofile,89,0,19
1779799993992,113,GetIndividual,200,OK,GetIndividual 1-740,text,true,,3857,3588,4,12,https://api-scuda.uat.oci.krungsri.tech/ic/api/v1/customer/individual/getprofile,113,0,35
1779799993992,119,GetIndividual,200,OK,GetIndividual 1-741,text,true,,3847,3588,4,14,https://api-scuda.uat.oci.krungsri.tech/ic/api/v1/customer/individual/getprofile,119,0,17
1779799994096,35,SearchJoint,200,OK,SearchJoint 10-38,text,true,,621,2627,1,16,https://api-scuda.uat.oci.krungsri.tech/ords/api/v1/customer/joint/searchprofile,35,0,20
1779799994109,28,SearchIndividual,200,OK,SearchIndividual 2-1212,text,true,,1187,2602,4,16,https://api-scuda.uat.oci.krungsri.tech/ords/api/v1/customer/individual/searchprofile,28,0,16
1779799994110,36,SearchIndividual,200,OK,SearchIndividual 2-1213,text,true,,1189,2602,3,17,https://api-scuda.uat.oci.krungsri.tech/ords/api/v1/customer/individual/searchprofile,36,0,23
1779799994117,32,SearchIndividual,200,OK,SearchIndividual 2-1214,text,true,,1157,2602,2,16,https://api-scuda.uat.oci.krungsri.tech/ords/api/v1/customer/individual/searchprofile,31,0,20
1779799994126,29,SearchIndividual,200,OK,SearchIndividual 2-1215,text,true,,1190,2601,1,15,https://api-scuda.uat.oci.krungsri.tech/ords/api/v1/customer/individual/searchprofile,29,0,18
1779799994073,108,GetIndividual,200,OK,GetIndividual 1-744,text,true,,3833,3588,5,15,https://api-scuda.uat.oci.krungsri.tech/ic/api/v1/customer/individual/getprofile,108,0,20
1779799994058,124,GetJuristic,200,OK,GetJuristic 5-39,text,true,,3441,3533,1,15,https://api-scuda.uat.oci.krungsri.tech/ic/api/v1/customer/juristic/getprofile,124,0,22
1779799994025,163,UpdateIndividual,200,OK,UpdateIndividual 4-497,text,true,,800,5519,7,14,https://api-scuda.uat.oci.krungsri.tech/ic/api/v1/customer/individual/updateprofile,163,0,20
1779799994160,34,SearchIndividual,200,OK,SearchIndividual 2-1216,text,true,,1175,2602,1,14,https://api-scuda.uat.oci.krungsri.tech/ords/api/v1/customer/individual/searchprofile,34,0,23
1779799994050,168,UpdateIndividual,200,OK,UpdateIndividual 4-498,text,true,,800,5565,7,15,https://api-scuda.uat.oci.krungsri.tech/ic/api/v1/customer/individual/updateprofile,168,0,20
1779799994184,34,SearchJuristic,200,OK,SearchJuristic 6-35,text,true,,1007,2600,1,14,https://api-scuda.uat.oci.krungsri.tech/ords/api/v1/customer/juristic/searchprofile,34,0,18
1779799994106,114,GetIndividual,200,OK,GetIndividual 1-745,text,true,,3803,3588,6,14,https://api-scuda.uat.oci.krungsri.tech/ic/api/v1/customer/individual/getprofile,114,0,21
1779799994093,136,UpdateIndividual,200,OK,UpdateIndividual 4-500,text,true,,800,4227,6,15,https://api-scuda.uat.oci.krungsri.tech/ic/api/v1/customer/individual/updateprofile,136,0,20
1779799994137,103,GetIndividual,200,OK,GetIndividual 1-746,text,true,,3833,3588,5,14,https://api-scuda.uat.oci.krungsri.tech/ic/api/v1/customer/individual/getprofile,103,0,14
1779799994105,136,UpdateIndividual,200,OK,UpdateIndividual 4-501,text,true,,800,4228,5,13,https://api-scuda.uat.oci.krungsri.tech/ic/api/v1/customer/individual/updateprofile,136,0,23
1779799994056,186,UpdateIndividual,200,OK,UpdateIndividual 4-499,text,true,,800,5580,4,12,https://api-scuda.uat.oci.krungsri.tech/ic/api/v1/customer/individual/updateprofile,186,0,19
1779799994145,103,GetIndividual,200,OK,GetIndividual 1-747,text,true,,3825,3588,4,11,https://api-scuda.uat.oci.krungsri.tech/ic/api/v1/customer/individual/getprofile,103,0,21
1779799994221,37,SearchIndividual,200,OK,SearchIndividual 2-1217,text,true,,1193,2602,3,11,https://api-scuda.uat.oci.krungsri.tech/ords/api/v1/customer/individual/searchprofile,37,0,25
1779799994221,38,SearchIndividual,200,OK,SearchIndividual 2-1218,text,true,,1197,2602,2,10,https://api-scuda.uat.oci.krungsri.tech/ords/api/v1/customer/individual/searchprofile,38,0,27
1779799994255,25,SearchIndividual,200,OK,SearchIndividual 2-1219,text,true,,1173,2602,1,10,https://api-scuda.uat.oci.krungsri.tech/ords/api/v1/customer/individual/searchprofile,25,0,14
1779799994219,103,GetIndividual,200,OK,GetIndividual 1-749,text,true,,3840,3588,4,11,https://api-scuda.uat.oci.krungsri.tech/ic/api/v1/customer/individual/getprofile,103,0,19
1779799994215,112,GetIndividual,200,OK,GetIndividual 1-748,text,true,,3849,3588,3,11,https://api-scuda.uat.oci.krungsri.tech/ic/api/v1/customer/individual/getprofile,112,0,21
1779799994191,141,UpdateIndividual,200,OK,UpdateIndividual 4-504,text,true,,800,4229,3,10,https://api-scuda.uat.oci.krungsri.tech/ic/api/v1/customer/individual/updateprofile,141,0,27
1779799994300,31,SearchIndividual,200,OK,SearchIndividual 2-1220,text,true,,1199,2602,1,10,https://api-scuda.uat.oci.krungsri.tech/ords/api/v1/customer/individual/searchprofile,31,0,20
1779799994039,310,GetIndividual,200,OK,GetIndividual 1-743,text,true,,3885,3588,2,8,https://api-scuda.uat.oci.krungsri.tech/ic/api/v1/customer/individual/getprofile,310,0,13
1779799994122,254,UpdateIndividual,200,OK,UpdateIndividual 4-502,text,true,,800,5575,3,9,https://api-scuda.uat.oci.krungsri.tech/ic/api/v1/customer/individual/updateprofile,254,0,23
1779799994134,287,UpdateIndividual,200,OK,UpdateIndividual 4-503,text,true,,800,5623,2,11,https://api-scuda.uat.oci.krungsri.tech/ic/api/v1/customer/individual/updateprofile,287,0,19
1779799994320,103,GetIndividual,200,OK,GetIndividual 1-750,text,true,,3820,3588,4,10,https://api-scuda.uat.oci.krungsri.tech/ic/api/v1/customer/individual/getprofile,103,0,18
1779799994279,152,UpdateJoint,200,OK,UpdateJoint 12-34,text,true,,800,4564,1,10,https://api-scuda.uat.oci.krungsri.tech/ic/api/v1/customer/joint/updateprofile,152,0,23
1779799994415,39,SearchIndividual,200,OK,SearchIndividual 2-1221,text,true,,1197,2602,1,11,https://api-scuda.uat.oci.krungsri.tech/ords/api/v1/customer/individual/searchprofile,39,0,19
1779799994216,249,CreateJoint,200,OK,CreateJoint 11-41,text,true,,1772,5736,1,11,https://api-scuda.uat.oci.krungsri.tech/ic/api/v1/customer/joint/createprofile,249,0,22
1779799994387,96,GetIndividual,200,OK,GetIndividual 1-752,text,true,,3815,3588,6,13,https://api-scuda.uat.oci.krungsri.tech/ic/api/v1/customer/individual/getprofile,96,0,17
1779799994464,32,SearchIndividual,200,OK,SearchIndividual 2-1222,text,true,,1112,2601,4,13,https://api-scuda.uat.oci.krungsri.tech/ords/api/v1/customer/individual/searchprofile,32,0,20
1779799994399,103,GetIndividual,200,OK,GetIndividual 1-753,text,true,,3849,3588,5,12,https://api-scuda.uat.oci.krungsri.tech/ic/api/v1/customer/individual/getprofile,103,0,15
1779799994372,133,GetIndividual,200,OK,GetIndividual 1-751,text,true,,3841,3588,4,11,https://api-scuda.uat.oci.krungsri.tech/ic/api/v1/customer/individual/getprofile,133,0,23
1779799994363,144,UpdateIndividual,200,OK,UpdateIndividual 4-505,text,true,,800,4231,2,10,https://api-scuda.uat.oci.krungsri.tech/ic/api/v1/customer/individual/updateprofile,144,0,17
1779799994482,30,SearchIndividual,200,OK,SearchIndividual 2-1223,text,true,,1193,2602,3,9,https://api-scuda.uat.oci.krungsri.tech/ords/api/v1/customer/individual/searchprofile,30,0,19
1779799994483,31,SearchIndividual,200,OK,SearchIndividual 2-1224,text,true,,1167,2602,2,9,https://api-scuda.uat.oci.krungsri.tech/ords/api/v1/customer/individual/searchprofile,31,0,20
1779799994490,34,SearchIndividual,200,OK,SearchIndividual 2-1225,text,true,,1219,2602,1,9,https://api-scuda.uat.oci.krungsri.tech/ords/api/v1/customer/individual/searchprofile,34,0,19
1779799994428,96,GetIndividual,200,OK,GetIndividual 1-754,text,true,,3826,3587,5,9,https://api-scuda.uat.oci.krungsri.tech/ic/api/v1/customer/individual/getprofile,96,0,20
1779799994438,97,GetIndividual,200,OK,GetIndividual 1-755,text,true,,3830,3588,4,7,https://api-scuda.uat.oci.krungsri.tech/ic/api/v1/customer/individual/getprofile,97,0,17
1779799994552,29,SearchIndividual,200,OK,SearchIndividual 2-1226,text,true,,1195,2602,2,12,https://api-scuda.uat.oci.krungsri.tech/ords/api/v1/customer/individual/searchprofile,29,0,18
1779799994457,130,UpdateIndividual,200,OK,UpdateIndividual 4-506,text,true,,800,4231,2,11,https://api-scuda.uat.oci.krungsri.tech/ic/api/v1/customer/individual/updateprofile,130,0,16
1779799994478,109,GetIndividual,200,OK,GetIndividual 1-756,text,true,,3847,3588,5,11,https://api-scuda.uat.oci.krungsri.tech/ic/api/v1/customer/individual/getprofile,109,0,17
1779799994512,91,GetIndividual,200,OK,GetIndividual 1-757,text,true,,3785,3588,4,10,https://api-scuda.uat.oci.krungsri.tech/ic/api/v1/customer/individual/getprofile,91,0,15
1779799994573,31,SearchIndividual,200,OK,SearchIndividual 2-1227,text,true,,1119,2602,1,9,https://api-scuda.uat.oci.krungsri.tech/ords/api/v1/customer/individual/searchprofile,31,0,18
1779799994517,117,GetIndividual,200,OK,GetIndividual 1-758,text,true,,3889,3588,5,13,https://api-scuda.uat.oci.krungsri.tech/ic/api/v1/customer/individual/getprofile,117,0,21
1779799994605,35,SearchIndividual,200,OK,SearchIndividual 2-1228,text,true,,1102,2601,2,12,https://api-scuda.uat.oci.krungsri.tech/ords/api/v1/customer/individual/searchprofile,35,0,22
1779799994055,600,CreateJuristic,201,Created,CreateJuristic 7-36,text,true,,1172,8097,2,13,https://api-scuda.uat.oci.krungsri.tech/ic/api/v1/customer/juristic/createprofile,600,0,27
1779799994559,100,GetIndividual,200,OK,GetIndividual 1-759,text,true,,3819,3588,5,12,https://api-scuda.uat.oci.krungsri.tech/ic/api/v1/customer/individual/getprofile,100,0,16
1779799994630,30,SearchIndividual,200,OK,SearchIndividual 2-1229,text,true,,1193,2602,2,11,https://api-scuda.uat.oci.krungsri.tech/ords/api/v1/customer/individual/searchprofile,30,0,19
1779799994572,106,GetJoint,200,OK,GetJoint 9-32,text,true,,1429,3530,1,11,https://api-scuda.uat.oci.krungsri.tech/ic/api/v1/customer/joint/getprofile,106,0,21
1779799994650,33,SearchIndividual,200,OK,SearchIndividual 2-1230,text,true,,1123,2602,1,10,https://api-scuda.uat.oci.krungsri.tech/ords/api/v1/customer/individual/searchprofile,33,0,22
1779799994576,114,GetIndividual,200,OK,GetIndividual 1-760,text,true,,3891,3588,4,10,https://api-scuda.uat.oci.krungsri.tech/ic/api/v1/customer/individual/getprofile,114,0,19
1779799994613,107,GetIndividual,200,OK,GetIndividual 1-761,text,true,,3855,3588,3,10,https://api-scuda.uat.oci.krungsri.tech/ic/api/v1/customer/individual/getprofile,107,0,23
1779799994622,98,GetIndividual,200,OK,GetIndividual 1-762,text,true,,3838,3588,3,10,https://api-scuda.uat.oci.krungsri.tech/ic/api/v1/customer/individual/getprofile,98,0,15
1779799994693,29,SearchIndividual,200,OK,SearchIndividual 2-1231,text,true,,1201,2602,1,8,https://api-scuda.uat.oci.krungsri.tech/ords/api/v1/customer/individual/searchprofile,29,0,18
1779799994564,172,UpdateIndividual,200,OK,UpdateIndividual 4-507,text,true,,800,5481,4,10,https://api-scuda.uat.oci.krungsri.tech/ic/api/v1/customer/individual/updateprofile,172,0,19
1779799994602,149,UpdateIndividual,200,OK,UpdateIndividual 4-508,text,true,,800,5589,3,11,https://api-scuda.uat.oci.krungsri.tech/ic/api/v1/customer/individual/updateprofile,149,0,17
1779799994726,30,SearchIndividual,200,OK,SearchIndividual 2-1232,text,true,,1183,2602,2,10,https://api-scuda.uat.oci.krungsri.tech/ords/api/v1/customer/individual/searchprofile,30,0,17
1779799994737,31,SearchIndividual,200,OK,SearchIndividual 2-1233,text,true,,1211,2602,2,10,https://api-scuda.uat.oci.krungsri.tech/ords/api/v1/customer/individual/searchprofile,31,0,19
1779799994327,441,CreateJuristic,201,Created,CreateJuristic 7-37,text,true,,1171,8173,1,10,https://api-scuda.uat.oci.krungsri.tech/ic/api/v1/customer/juristic/createprofile,441,0,16
1779799994757,27,SearchIndividual,200,OK,SearchIndividual 2-1234,text,true,,1121,2602,2,10,https://api-scuda.uat.oci.krungsri.tech/ords/api/v1/customer/individual/searchprofile,27,0,16
1779799994774,24,SearchIndividual,200,OK,SearchIndividual 2-1235,text,true,,1183,2602,1,10,https://api-scuda.uat.oci.krungsri.tech/ords/api/v1/customer/individual/searchprofile,24,0,13
1779799994621,184,UpdateIndividual,200,OK,UpdateIndividual 4-509,text,true,,799,5535,4,9,https://api-scuda.uat.oci.krungsri.tech/ic/api/v1/customer/individual/updateprofile,184,0,22
1779799994687,153,UpdateIndividual,200,OK,UpdateIndividual 4-510,text,true,,800,5611,3,14,https://api-scuda.uat.oci.krungsri.tech/ic/api/v1/customer/individual/updateprofile,153,0,19
1779799994738,98,GetIndividual,200,OK,GetIndividual 1-766,text,true,,3858,3587,5,13,https://api-scuda.uat.oci.krungsri.tech/ic/api/v1/customer/individual/getprofile,98,0,16
1779799994729,100,GetIndividual,200,OK,GetIndividual 1-764,text,true,,3845,3588,5,11,https://api-scuda.uat.oci.krungsri.tech/ic/api/v1/customer/individual/getprofile,100,0,15
1779799994679,150,UpdateJoint,200,OK,UpdateJoint 12-35,text,true,,800,4628,1,11,https://api-scuda.uat.oci.krungsri.tech/ic/api/v1/customer/joint/updateprofile,150,0,21
1779799994734,107,GetIndividual,200,OK,GetIndividual 1-765,text,true,,3828,3588,6,14,https://api-scuda.uat.oci.krungsri.tech/ic/api/v1/customer/individual/getprofile,107,0,19
1779799994830,27,SearchIndividual,200,OK,SearchIndividual 2-1236,text,true,,1175,2602,3,9,https://api-scuda.uat.oci.krungsri.tech/ords/api/v1/customer/individual/searchprofile,27,0,16
1779799994832,32,SearchIndividual,200,OK,SearchIndividual 2-1238,text,true,,1169,2602,3,11,https://api-scuda.uat.oci.krungsri.tech/ords/api/v1/customer/individual/searchprofile,31,0,21
1779799994831,40,SearchIndividual,200,OK,SearchIndividual 2-1237,text,true,,1123,2602,2,11,https://api-scuda.uat.oci.krungsri.tech/ords/api/v1/customer/individual/searchprofile,40,0,28
1779799994858,23,SearchIndividual,200,OK,SearchIndividual 2-1239,text,true,,1174,2601,3,12,https://api-scuda.uat.oci.krungsri.tech/ords/api/v1/customer/individual/searchprofile,23,0,13
1779799994888,26,SearchIndividual,200,OK,SearchIndividual 2-1242,text,true,,1181,2602,3,14,https://api-scuda.uat.oci.krungsri.tech/ords/api/v1/customer/individual/searchprofile,26,0,13
1779799994878,36,SearchIndividual,200,OK,SearchIndividual 2-1240,text,true,,1140,2601,3,14,https://api-scuda.uat.oci.krungsri.tech/ords/api/v1/customer/individual/searchprofile,36,0,18
1779799994882,33,SearchIndividual,200,OK,SearchIndividual 2-1241,text,true,,1183,2602,1,12,https://api-scuda.uat.oci.krungsri.tech/ords/api/v1/customer/individual/searchprofile,33,0,22
1779799994810,113,GetIndividual,200,OK,GetIndividual 1-767,text,true,,3880,3588,6,14,https://api-scuda.uat.oci.krungsri.tech/ic/api/v1/customer/individual/getprofile,113,0,19
1779799994792,141,UpdateIndividual,200,OK,UpdateIndividual 4-512,text,true,,800,4227,5,15,https://api-scuda.uat.oci.krungsri.tech/ic/api/v1/customer/individual/updateprofile,141,0,20
1779799994921,27,SearchIndividual,200,OK,SearchIndividual 2-1244,text,true,,1239,2602,4,15,https://api-scuda.uat.oci.krungsri.tech/ords/api/v1/customer/individual/searchprofile,27,0,13
1779799994920,33,SearchIndividual,200,OK,SearchIndividual 2-1243,text,true,,1141,2602,3,14,https://api-scuda.uat.oci.krungsri.tech/ords/api/v1/customer/individual/searchprofile,33,0,22
1779799994925,28,SearchIndividual,200,OK,SearchIndividual 2-1245,text,true,,1155,2602,3,14,https://api-scuda.uat.oci.krungsri.tech/ords/api/v1/customer/individual/searchprofile,28,0,17
1779799994778,175,UpdateIndividual,200,OK,UpdateIndividual 4-511,text,true,,800,5578,4,13,https://api-scuda.uat.oci.krungsri.tech/ic/api/v1/customer/individual/updateprofile,175,0,19
1779799994839,115,GetIndividual,200,OK,GetIndividual 1-768,text,true,,3886,3588,6,11,https://api-scuda.uat.oci.krungsri.tech/ic/api/v1/customer/individual/getprofile,115,0,21
1779799994649,310,GetIndividual,200,OK,GetIndividual 1-763,text,true,,3813,3588,5,10,https://api-scuda.uat.oci.krungsri.tech/ic/api/v1/customer/individual/getprofile,310,0,20
1779799994938,27,SearchIndividual,200,OK,SearchIndividual 2-1246,text,true,,1143,2602,1,9,https://api-scuda.uat.oci.krungsri.tech/ords/api/v1/customer/individual/searchprofile,27,0,14
1779799994862,128,UpdateIndividual,200,OK,UpdateIndividual 4-513,text,true,,800,4228,3,9,https://api-scuda.uat.oci.krungsri.tech/ic/api/v1/customer/individual/updateprofile,128,0,15
1779799994903,94,GetIndividual,200,OK,GetIndividual 1-769,text,true,,3817,3587,4,10,https://api-scuda.uat.oci.krungsri.tech/ic/api/v1/customer/individual/getprofile,94,0,20
1779799994904,94,GetIndividual,200,OK,GetIndividual 1-770,text,true,,3898,3588,3,9,https://api-scuda.uat.oci.krungsri.tech/ic/api/v1/customer/individual/getprofile,94,0,18
1779799994865,148,UpdateIndividual,200,OK,UpdateIndividual 4-514,text,true,,800,4229,3,9,https://api-scuda.uat.oci.krungsri.tech/ic/api/v1/customer/individual/updateprofile,148,0,22
1779799994917,104,GetIndividual,200,OK,GetIndividual 1-771,text,true,,3875,3588,2,8,https://api-scuda.uat.oci.krungsri.tech/ic/api/v1/customer/individual/getprofile,104,0,20
1779799994996,33,SearchIndividual,200,OK,SearchIndividual 2-1248,text,true,,1155,2602,3,8,https://api-scuda.uat.oci.krungsri.tech/ords/api/v1/customer/individual/searchprofile,33,0,19
1779799994982,62,SearchIndividual,200,OK,SearchIndividual 2-1247,text,true,,1183,2602,4,10,https://api-scuda.uat.oci.krungsri.tech/ords/api/v1/customer/individual/searchprofile,62,0,35
1779799995005,41,SearchIndividual,200,OK,SearchIndividual 2-1249,text,true,,1178,2601,3,9,https://api-scuda.uat.oci.krungsri.tech/ords/api/v1/customer/individual/searchprofile,41,0,25
1779799994933,117,GetIndividual,200,OK,GetIndividual 1-772,text,true,,3863,3588,2,8,https://api-scuda.uat.oci.krungsri.tech/ic/api/v1/customer/individual/getprofile,117,0,29
1779799995039,35,SearchIndividual,200,OK,SearchIndividual 2-1251,text,true,,1179,2602,3,10,https://api-scuda.uat.oci.krungsri.tech/ords/api/v1/customer/individual/searchprofile,35,0,20
1779799995031,52,SearchIndividual,200,OK,SearchIndividual 2-1250,text,true,,1220,2601,3,11,https://api-scuda.uat.oci.krungsri.tech/ords/api/v1/customer/individual/searchprofile,52,0,38
1779799995064,36,SearchIndividual,200,OK,SearchIndividual 2-1252,text,true,,1171,2602,4,13,https://api-scuda.uat.oci.krungsri.tech/ords/api/v1/customer/individual/searchprofile,36,0,22
1779799995087,31,SearchIndividual,200,OK,SearchIndividual 2-1254,text,true,,1160,2601,3,14,https://api-scuda.uat.oci.krungsri.tech/ords/api/v1/customer/individual/searchprofile,31,0,18
1779799995082,37,SearchIndividual,200,OK,SearchIndividual 2-1253,text,true,,1187,2602,2,13,https://api-scuda.uat.oci.krungsri.tech/ords/api/v1/customer/individual/searchprofile,37,0,19
1779799995029,91,GetIndividual,200,OK,GetIndividual 1-773,text,true,,3831,3588,4,13,https://api-scuda.uat.oci.krungsri.tech/ic/api/v1/customer/individual/getprofile,91,0,14
1779799995094,31,SearchIndividual,200,OK,SearchIndividual 2-1255,text,true,,1219,2602,1,12,https://api-scuda.uat.oci.krungsri.tech/ords/api/v1/customer/individual/searchprofile,30,0,18
1779799995133,27,SearchIndividual,200,OK,SearchIndividual 2-1257,text,true,,1163,2602,5,17,https://api-scuda.uat.oci.krungsri.tech/ords/api/v1/customer/individual/searchprofile,26,0,14
1779799995132,30,SearchIndividual,200,OK,SearchIndividual 2-1256,text,true,,1183,2602,4,16,https://api-scuda.uat.oci.krungsri.tech/ords/api/v1/customer/individual/searchprofile,30,0,19
1779799995045,120,UpdateIndividual,200,OK,UpdateIndividual 4-517,text,true,,800,4228,6,15,https://api-scuda.uat.oci.krungsri.tech/ic/api/v1/customer/individual/updateprofile,120,0,23
1779799994999,169,UpdateIndividual,200,OK,UpdateIndividual 4-516,text,true,,800,5667,6,15,https://api-scuda.uat.oci.krungsri.tech/ic/api/v1/customer/individual/updateprofile,169,0,20
1779799995141,28,SearchIndividual,200,OK,SearchIndividual 2-1258,text,true,,1147,2602,3,15,https://api-scuda.uat.oci.krungsri.tech/ords/api/v1/customer/individual/searchprofile,28,0,17
1779799995081,101,GetJoint,200,OK,GetJoint 9-33,text,true,,1429,3530,2,15,https://api-scuda.uat.oci.krungsri.tech/ic/api/v1/customer/joint/getprofile,101,0,21
1779799995085,98,GetIndividual,200,OK,GetIndividual 1-774,text,true,,3867,3588,5,14,https://api-scuda.uat.oci.krungsri.tech/ic/api/v1/customer/individual/getprofile,98,0,22
1779799995150,36,SearchIndividual,200,OK,SearchIndividual 2-1259,text,true,,1153,2600,3,14,https://api-scuda.uat.oci.krungsri.tech/ords/api/v1/customer/individual/searchprofile,36,0,25
1779799995153,34,SearchIndividual,200,OK,SearchIndividual 2-1260,text,true,,1201,2602,2,13,https://api-scuda.uat.oci.krungsri.tech/ords/api/v1/customer/individual/searchprofile,34,0,19
1779799995059,132,UpdateIndividual,200,OK,UpdateIndividual 4-518,text,true,,800,4229,6,13,https://api-scuda.uat.oci.krungsri.tech/ic/api/v1/customer/individual/updateprofile,132,0,21
1779799995113,97,GetIndividual,200,OK,GetIndividual 1-775,text,true,,3894,3588,4,13,https://api-scuda.uat.oci.krungsri.tech/ic/api/v1/customer/individual/getprofile,97,0,10
1779799994873,351,UpdateIndividual,200,OK,UpdateIndividual 4-515,text,true,,800,5576,5,14,https://api-scuda.uat.oci.krungsri.tech/ic/api/v1/customer/individual/updateprofile,351,0,18
1779799995108,119,UpdateIndividual,200,OK,UpdateIndividual 4-520,text,true,,800,4227,4,13,https://api-scuda.uat.oci.krungsri.tech/ic/api/v1/customer/individual/updateprofile,119,0,19
1779799995061,172,UpdateIndividual,200,OK,UpdateIndividual 4-519,text,true,,800,5534,4,13,https://api-scuda.uat.oci.krungsri.tech/ic/api/v1/customer/individual/updateprofile,172,0,18
1779799995120,117,GetIndividual,200,OK,GetIndividual 1-776,text,true,,3834,3588,4,12,https://api-scuda.uat.oci.krungsri.tech/ic/api/v1/customer/individual/getprofile,117,0,22
1779799994810,429,CreateIndividual,201,Created,CreateIndividual 3-33,text,true,,1172,8565,1,11,https://api-scuda.uat.oci.krungsri.tech/ic/api/v1/customer/individual/createprofile,429,0,12
1779799995208,32,SearchIndividual,200,OK,SearchIndividual 2-1262,text,true,,1187,2602,2,11,https://api-scuda.uat.oci.krungsri.tech/ords/api/v1/customer/individual/searchprofile,32,0,20
1779799995186,57,SearchIndividual,200,OK,SearchIndividual 2-1261,text,true,,1213,2602,1,10,https://api-scuda.uat.oci.krungsri.tech/ords/api/v1/customer/individual/searchprofile,57,0,38
1779799995133,111,GetIndividual,200,OK,GetIndividual 1-777,text,true,,3805,3588,3,9,https://api-scuda.uat.oci.krungsri.tech/ic/api/v1/customer/individual/getprofile,111,0,29
1779799995182,91,GetJoint,200,OK,GetJoint 9-34,text,true,,1430,3529,1,11,https://api-scuda.uat.oci.krungsri.tech/ic/api/v1/customer/joint/getprofile,91,0,8
1779799995248,33,SearchIndividual,200,OK,SearchIndividual 2-1263,text,true,,1207,2602,1,10,https://api-scuda.uat.oci.krungsri.tech/ords/api/v1/customer/individual/searchprofile,33,0,19
1779799995262,32,SearchJuristic,200,OK,SearchJuristic 6-36,text,true,,1010,2600,1,10,https://api-scuda.uat.oci.krungsri.tech/ords/api/v1/customer/juristic/searchprofile,32,0,19
1779799995181,118,GetIndividual,200,OK,GetIndividual 1-778,text,true,,3836,3588,2,10,https://api-scuda.uat.oci.krungsri.tech/ic/api/v1/customer/individual/getprofile,118,0,25
1779799995191,125,UpdateIndividual,200,OK,UpdateIndividual 4-522,text,true,,800,4229,6,9,https://api-scuda.uat.oci.krungsri.tech/ic/api/v1/customer/individual/updateprofile,125,0,19
1779799995222,106,GetIndividual,200,OK,GetIndividual 1-779,text,true,,3862,3588,1,9,https://api-scuda.uat.oci.krungsri.tech/ic/api/v1/customer/individual/getprofile,106,0,21
1779799995170,163,UpdateIndividual,200,OK,UpdateIndividual 4-521,text,true,,800,5559,6,8,https://api-scuda.uat.oci.krungsri.tech/ic/api/v1/customer/individual/updateprofile,163,0,16
1779799995295,36,SearchIndividual,200,OK,SearchIndividual 2-1264,text,true,,1175,2602,1,8,https://api-scuda.uat.oci.krungsri.tech/ords/api/v1/customer/individual/searchprofile,36,0,23
1779799995232,125,UpdateIndividual,200,OK,UpdateIndividual 4-523,text,true,,800,4227,5,8,https://api-scuda.uat.oci.krungsri.tech/ic/api/v1/customer/individual/updateprofile,125,0,22
1779799995242,121,UpdateIndividual,200,OK,UpdateIndividual 4-524,text,true,,800,4229,4,8,https://api-scuda.uat.oci.krungsri.tech/ic/api/v1/customer/individual/updateprofile,121,0,17
1779799995353,32,SearchIndividual,200,OK,SearchIndividual 2-1265,text,true,,1189,2602,4,9,https://api-scuda.uat.oci.krungsri.tech/ords/api/v1/customer/individual/searchprofile,32,0,17
1779799995359,27,SearchIndividual,200,OK,SearchIndividual 2-1266,text,true,,1131,2602,3,8,https://api-scuda.uat.oci.krungsri.tech/ords/api/v1/customer/individual/searchprofile,27,0,15
1779799995227,164,UpdateJuristic,200,OK,UpdateJuristic 8-34,text,true,,800,4427,1,7,https://api-scuda.uat.oci.krungsri.tech/ic/api/v1/customer/juristic/updateprofile,164,0,20
1779799995251,141,UpdateIndividual,200,OK,UpdateIndividual 4-525,text,true,,800,4229,3,6,https://api-scuda.uat.oci.krungsri.tech/ic/api/v1/customer/individual/updateprofile,141,0,19
1779799995296,113,UpdateIndividual,200,OK,UpdateIndividual 4-526,text,true,,800,4229,2,6,https://api-scuda.uat.oci.krungsri.tech/ic/api/v1/customer/individual/updateprofile,113,0,16
1779799995368,43,SearchIndividual,200,OK,SearchIndividual 2-1267,text,true,,1189,2602,2,5,https://api-scuda.uat.oci.krungsri.tech/ords/api/v1/customer/individual/searchprofile,43,0,24
1779799995371,42,SearchIndividual,200,OK,SearchIndividual 2-1268,text,true,,1173,2602,1,4,https://api-scuda.uat.oci.krungsri.tech/ords/api/v1/customer/individual/searchprofile,42,0,27
1779799995420,29,SearchIndividual,200,OK,SearchIndividual 2-1270,text,true,,1133,2602,3,6,https://api-scuda.uat.oci.krungsri.tech/ords/api/v1/customer/individual/searchprofile,29,0,17
1779799995419,31,SearchIndividual,200,OK,SearchIndividual 2-1269,text,true,,1213,2602,2,6,https://api-scuda.uat.oci.krungsri.tech/ords/api/v1/customer/individual/searchprofile,31,0,20
1779799995323,132,UpdateIndividual,200,OK,UpdateIndividual 4-527,text,true,,800,4229,1,5,https://api-scuda.uat.oci.krungsri.tech/ic/api/v1/customer/individual/updateprofile,132,0,13
1779799995356,105,GetIndividual,200,OK,GetIndividual 1-780,text,true,,3855,3588,3,6,https://api-scuda.uat.oci.krungsri.tech/ic/api/v1/customer/individual/getprofile,105,0,21
1779799995441,33,SearchIndividual,200,OK,SearchIndividual 2-1271,text,true,,1203,2602,3,7,https://api-scuda.uat.oci.krungsri.tech/ords/api/v1/customer/individual/searchprofile,33,0,21
1779799995459,23,SearchIndividual,200,OK,SearchIndividual 2-1272,text,true,,1141,2602,2,6,https://api-scuda.uat.oci.krungsri.tech/ords/api/v1/customer/individual/searchprofile,23,0,12
1779799995468,27,SearchJoint,200,OK,SearchJoint 10-39,text,true,,621,2627,1,5,https://api-scuda.uat.oci.krungsri.tech/ords/api/v1/customer/joint/searchprofile,27,0,17
1779799995466,33,SearchIndividual,200,OK,SearchIndividual 2-1273,text,true,,1177,2602,1,4,https://api-scuda.uat.oci.krungsri.tech/ords/api/v1/customer/individual/searchprofile,33,0,18
1779799995500,31,SearchIndividual,200,OK,SearchIndividual 2-1274,text,true,,1189,2602,5,9,https://api-scuda.uat.oci.krungsri.tech/ords/api/v1/customer/individual/searchprofile,31,0,17
1779799995503,32,SearchIndividual,200,OK,SearchIndividual 2-1275,text,true,,1201,2602,5,9,https://api-scuda.uat.oci.krungsri.tech/ords/api/v1/customer/individual/searchprofile,32,0,21
1779799995519,23,SearchIndividual,200,OK,SearchIndividual 2-1278,text,true,,1177,2602,4,8,https://api-scuda.uat.oci.krungsri.tech/ords/api/v1/customer/individual/searchprofile,23,0,12
1779799995513,29,SearchIndividual,200,OK,SearchIndividual 2-1276,text,true,,1179,2602,3,7,https://api-scuda.uat.oci.krungsri.tech/ords/api/v1/customer/individual/searchprofile,29,0,19
1779799995518,27,SearchIndividual,200,OK,SearchIndividual 2-1277,text,true,,1231,2602,2,6,https://api-scuda.uat.oci.krungsri.tech/ords/api/v1/customer/individual/searchprofile,27,0,17
1779799995449,114,GetIndividual,200,OK,GetIndividual 1-781,text,true,,3821,3588,3,7,https://api-scuda.uat.oci.krungsri.tech/ic/api/v1/customer/individual/getprofile,114,0,18
1779799995532,36,SearchIndividual,200,OK,SearchIndividual 2-1279,text,true,,1153,2602,2,6,https://api-scuda.uat.oci.krungsri.tech/ords/api/v1/customer/individual/searchprofile,36,0,22
1779799995459,116,GetIndividual,200,OK,GetIndividual 1-782,text,true,,3821,3588,3,6,https://api-scuda.uat.oci.krungsri.tech/ic/api/v1/customer/individual/getprofile,116,0,20
1779799995550,26,SearchIndividual,200,OK,SearchIndividual 2-1280,text,true,,1149,2602,1,5,https://api-scuda.uat.oci.krungsri.tech/ords/api/v1/customer/individual/searchprofile,26,0,16
1779799995406,227,CreateJoint,200,OK,CreateJoint 11-42,text,true,,1771,5951,1,9,https://api-scuda.uat.oci.krungsri.tech/ic/api/v1/customer/joint/createprofile,227,0,16
1779799995551,86,GetIndividual,200,OK,GetIndividual 1-783,text,true,,3886,3588,4,8,https://api-scuda.uat.oci.krungsri.tech/ic/api/v1/customer/individual/getprofile,86,0,17
1779799995529,119,UpdateIndividual,200,OK,UpdateIndividual 4-528,text,true,,800,4227,4,10,https://api-scuda.uat.oci.krungsri.tech/ic/api/v1/customer/individual/updateprofile,119,0,17
1779799995628,28,SearchIndividual,200,OK,SearchIndividual 2-1281,text,true,,1155,2602,2,10,https://api-scuda.uat.oci.krungsri.tech/ords/api/v1/customer/individual/searchprofile,28,0,16
1779799995639,33,SearchIndividual,200,OK,SearchIndividual 2-1282,text,true,,1143,2602,1,10,https://api-scuda.uat.oci.krungsri.tech/ords/api/v1/customer/individual/searchprofile,33,0,22
1779799995573,105,GetIndividual,200,OK,GetIndividual 1-784,text,true,,3904,3588,4,9,https://api-scuda.uat.oci.krungsri.tech/ic/api/v1/customer/individual/getprofile,105,0,20
1779799995586,100,GetIndividual,200,OK,GetIndividual 1-785,text,true,,3870,3587,4,9,https://api-scuda.uat.oci.krungsri.tech/ic/api/v1/customer/individual/getprofile,100,0,18
1779799995593,110,GetIndividual,200,OK,GetIndividual 1-786,text,true,,3841,3588,5,12,https://api-scuda.uat.oci.krungsri.tech/ic/api/v1/customer/individual/getprofile,110,0,19
1779799995687,24,SearchIndividual,200,OK,SearchIndividual 2-1283,text,true,,1173,2602,2,12,https://api-scuda.uat.oci.krungsri.tech/ords/api/v1/customer/individual/searchprofile,24,0,12
1779799995596,128,UpdateIndividual,200,OK,UpdateIndividual 4-529,text,true,,800,4229,6,11,https://api-scuda.uat.oci.krungsri.tech/ic/api/v1/customer/individual/updateprofile,128,0,28
1779799995708,34,SearchIndividual,200,OK,SearchIndividual 2-1284,text,true,,1203,2602,2,11,https://api-scuda.uat.oci.krungsri.tech/ords/api/v1/customer/individual/searchprofile,34,0,22
1779799995647,99,GetIndividual,200,OK,GetIndividual 1-787,text,true,,3818,3588,5,12,https://api-scuda.uat.oci.krungsri.tech/ic/api/v1/customer/individual/getprofile,99,0,18
1779799995736,35,SearchIndividual,200,OK,SearchIndividual 2-1285,text,true,,1183,2602,3,13,https://api-scuda.uat.oci.krungsri.tech/ords/api/v1/customer/individual/searchprofile,35,0,23
1779799995742,31,SearchIndividual,200,OK,SearchIndividual 2-1286,text,true,,1151,2602,2,12,https://api-scuda.uat.oci.krungsri.tech/ords/api/v1/customer/individual/searchprofile,31,0,21
1779799995682,91,GetIndividual,200,OK,GetIndividual 1-788,text,true,,3852,3588,4,12,https://api-scuda.uat.oci.krungsri.tech/ic/api/v1/customer/individual/getprofile,91,0,17
1779799995658,120,UpdateIndividual,200,OK,UpdateIndividual 4-532,text,true,,800,4231,5,11,https://api-scuda.uat.oci.krungsri.tech/ic/api/v1/customer/individual/updateprofile,120,0,15
1779799995661,118,UpdateIndividual,200,OK,UpdateIndividual 4-533,text,true,,800,4229,4,10,https://api-scuda.uat.oci.krungsri.tech/ic/api/v1/customer/individual/updateprofile,118,0,18
1779799995702,93,GetIndividual,200,OK,GetIndividual 1-789,text,true,,3855,3588,3,9,https://api-scuda.uat.oci.krungsri.tech/ic/api/v1/customer/individual/getprofile,93,0,13
1779799995703,96,GetIndividual,200,OK,GetIndividual 1-790,text,true,,3857,3588,2,9,https://api-scuda.uat.oci.krungsri.tech/ic/api/v1/customer/individual/getprofile,96,0,15
1779799995627,177,UpdateIndividual,200,OK,UpdateIndividual 4-530,text,true,,799,5623,3,8,https://api-scuda.uat.oci.krungsri.tech/ic/api/v1/customer/individual/updateprofile,177,0,11
1779799995642,165,UpdateIndividual,200,OK,UpdateIndividual 4-531,text,true,,800,5542,2,7,https://api-scuda.uat.oci.krungsri.tech/ic/api/v1/customer/individual/updateprofile,165,0,20
1779799995768,40,SearchIndividual,200,OK,SearchIndividual 2-1287,text,true,,1201,2602,3,6,https://api-scuda.uat.oci.krungsri.tech/ords/api/v1/customer/individual/searchprofile,39,0,20
1779799995777,33,SearchIndividual,200,OK,SearchIndividual 2-1288,text,true,,1140,2601,2,6,https://api-scuda.uat.oci.krungsri.tech/ords/api/v1/customer/individual/searchprofile,33,0,20
1779799995693,133,UpdateIndividual,200,OK,UpdateIndividual 4-534,text,true,,800,4229,2,5,https://api-scuda.uat.oci.krungsri.tech/ic/api/v1/customer/individual/updateprofile,133,0,26
1779799995800,26,SearchIndividual,200,OK,SearchIndividual 2-1289,text,true,,1123,2602,1,4,https://api-scuda.uat.oci.krungsri.tech/ords/api/v1/customer/individual/searchprofile,26,0,15
1779799995744,93,GetIndividual,200,OK,GetIndividual 1-791,text,true,,3846,3588,1,4,https://api-scuda.uat.oci.krungsri.tech/ic/api/v1/customer/individual/getprofile,93,0,20
1779799995834,35,SearchIndividual,200,OK,SearchIndividual 2-1290,text,true,,1111,2602,1,3,https://api-scuda.uat.oci.krungsri.tech/ords/api/v1/customer/individual/searchprofile,35,0,23
1779799995811,118,UpdateIndividual,200,OK,UpdateIndividual 4-535,text,true,,800,4231,5,10,https://api-scuda.uat.oci.krungsri.tech/ic/api/v1/customer/individual/updateprofile,118,0,12
1779799995916,28,SearchIndividual,200,OK,SearchIndividual 2-1291,text,true,,1203,2602,2,9,https://api-scuda.uat.oci.krungsri.tech/ords/api/v1/customer/individual/searchprofile,28,0,17
1779799995920,32,SearchIndividual,200,OK,SearchIndividual 2-1292,text,true,,1094,2601,1,8,https://api-scuda.uat.oci.krungsri.tech/ords/api/v1/customer/individual/searchprofile,32,0,22
1779799995880,112,GetIndividual,200,OK,GetIndividual 1-792,text,true,,3829,3588,2,11,https://api-scuda.uat.oci.krungsri.tech/ic/api/v1/customer/individual/getprofile,112,0,18
1779799995971,31,SearchIndividual,200,OK,SearchIndividual 2-1293,text,true,,1189,2602,1,11,https://api-scuda.uat.oci.krungsri.tech/ords/api/v1/customer/individual/searchprofile,31,0,18
1779799995875,133,UpdateIndividual,200,OK,UpdateIndividual 4-536,text,true,,800,4229,6,10,https://api-scuda.uat.oci.krungsri.tech/ic/api/v1/customer/individual/updateprofile,133,0,21
1779799995901,128,UpdateIndividual,200,OK,UpdateIndividual 4-537,text,true,,799,4226,6,14,https://api-scuda.uat.oci.krungsri.tech/ic/api/v1/customer/individual/updateprofile,128,0,21
1779799996014,24,SearchIndividual,200,OK,SearchIndividual 2-1294,text,true,,1147,2602,3,13,https://api-scuda.uat.oci.krungsri.tech/ords/api/v1/customer/individual/searchprofile,23,0,12
1779799996022,24,SearchIndividual,200,OK,SearchIndividual 2-1295,text,true,,1169,2602,2,12,https://api-scuda.uat.oci.krungsri.tech/ords/api/v1/customer/individual/searchprofile,24,0,13
1779799996025,30,SearchIndividual,200,OK,SearchIndividual 2-1296,text,true,,1133,2602,1,11,https://api-scuda.uat.oci.krungsri.tech/ords/api/v1/customer/individual/searchprofile,30,0,19
1779799995965,107,GetIndividual,200,OK,GetIndividual 1-793,text,true,,3851,3588,2,11,https://api-scuda.uat.oci.krungsri.tech/ic/api/v1/customer/individual/getprofile,107,0,13
1779799995914,169,UpdateIndividual,200,OK,UpdateIndividual 4-538,text,true,,800,5602,5,12,https://api-scuda.uat.oci.krungsri.tech/ic/api/v1/customer/individual/updateprofile,169,0,20
1779799995926,159,UpdateIndividual,200,OK,UpdateIndividual 4-539,text,true,,800,5570,4,11,https://api-scuda.uat.oci.krungsri.tech/ic/api/v1/customer/individual/updateprofile,159,0,21
1779799996057,32,SearchJoint,200,OK,SearchJoint 10-40,text,true,,621,2627,1,10,https://api-scuda.uat.oci.krungsri.tech/ords/api/v1/customer/joint/searchprofile,32,0,20
1779799995982,119,UpdateIndividual,200,OK,UpdateIndividual 4-540,text,true,,800,4227,3,9,https://api-scuda.uat.oci.krungsri.tech/ic/api/v1/customer/individual/updateprofile,119,0,24
1779799996082,33,SearchIndividual,200,OK,SearchIndividual 2-1297,text,true,,1179,2602,4,10,https://api-scuda.uat.oci.krungsri.tech/ords/api/v1/customer/individual/searchprofile,33,0,22
1779799996083,33,SearchIndividual,200,OK,SearchIndividual 2-1298,text,true,,1177,2602,3,9,https://api-scuda.uat.oci.krungsri.tech/ords/api/v1/customer/individual/searchprofile,33,0,18
1779799996029,104,GetIndividual,200,OK,GetIndividual 1-794,text,true,,3847,3587,1,9,https://api-scuda.uat.oci.krungsri.tech/ic/api/v1/customer/individual/getprofile,104,0,19
1779799996105,33,SearchIndividual,200,OK,SearchIndividual 2-1299,text,true,,1147,2602,2,8,https://api-scuda.uat.oci.krungsri.tech/ords/api/v1/customer/individual/searchprofile,33,0,18
1779799996113,30,SearchIndividual,200,OK,SearchIndividual 2-1300,text,true,,1265,2602,1,7,https://api-scuda.uat.oci.krungsri.tech/ords/api/v1/customer/individual/searchprofile,29,0,18
1779799996000,161,UpdateIndividual,200,OK,UpdateIndividual 4-541,text,true,,800,5603,3,7,https://api-scuda.uat.oci.krungsri.tech/ic/api/v1/customer/individual/updateprofile,161,0,20
1779799995930,242,UpdateJoint,200,OK,UpdateJoint 12-36,text,true,,800,4577,1,7,https://api-scuda.uat.oci.krungsri.tech/ic/api/v1/customer/joint/updateprofile,242,0,17
1779799996148,30,SearchIndividual,200,OK,SearchIndividual 2-1301,text,true,,1179,2602,3,8,https://api-scuda.uat.oci.krungsri.tech/ords/api/v1/customer/individual/searchprofile,29,0,17
1779799996017,164,UpdateIndividual,200,OK,UpdateIndividual 4-542,text,true,,800,5520,3,7,https://api-scuda.uat.oci.krungsri.tech/ic/api/v1/customer/individual/updateprofile,164,0,16
1779799996173,20,SearchIndividual,200,OK,SearchIndividual 2-1302,text,true,,1189,2602,2,6,https://api-scuda.uat.oci.krungsri.tech/ords/api/v1/customer/individual/searchprofile,20,0,9
1779799996174,30,SearchIndividual,200,OK,SearchIndividual 2-1303,text,true,,1194,2601,2,6,https://api-scuda.uat.oci.krungsri.tech/ords/api/v1/customer/individual/searchprofile,29,0,18
1779799996199,28,SearchIndividual,200,OK,SearchIndividual 2-1304,text,true,,1105,2602,2,9,https://api-scuda.uat.oci.krungsri.tech/ords/api/v1/customer/individual/searchprofile,28,0,16
1779799996217,31,SearchIndividual,200,OK,SearchIndividual 2-1305,text,true,,1160,2601,2,9,https://api-scuda.uat.oci.krungsri.tech/ords/api/v1/customer/individual/searchprofile,31,0,19
1779799995759,512,CreateIndividual,201,Created,CreateIndividual 3-34,text,true,,1172,8294,2,10,https://api-scuda.uat.oci.krungsri.tech/ic/api/v1/customer/individual/createprofile,512,0,22
1779799996244,34,SearchIndividual,200,OK,SearchIndividual 2-1306,text,true,,1125,2602,4,10,https://api-scuda.uat.oci.krungsri.tech/ords/api/v1/customer/individual/searchprofile,34,0,23
1779799996260,30,SearchIndividual,200,OK,SearchIndividual 2-1307,text,true,,1131,2602,3,10,https://api-scuda.uat.oci.krungsri.tech/ords/api/v1/customer/individual/searchprofile,30,0,18
1779799996261,32,SearchIndividual,200,OK,SearchIndividual 2-1308,text,true,,1255,2602,2,9,https://api-scuda.uat.oci.krungsri.tech/ords/api/v1/customer/individual/searchprofile,32,0,19
1779799996273,33,SearchIndividual,200,OK,SearchIndividual 2-1309,text,true,,1171,2602,2,10,https://api-scuda.uat.oci.krungsri.tech/ords/api/v1/customer/individual/searchprofile,32,0,21
1779799996206,107,GetIndividual,200,OK,GetIndividual 1-795,text,true,,3905,3588,2,9,https://api-scuda.uat.oci.krungsri.tech/ic/api/v1/customer/individual/getprofile,107,0,15
1779799996166,149,UpdateIndividual,200,OK,UpdateIndividual 4-544,text,true,,800,5554,4,8,https://api-scuda.uat.oci.krungsri.tech/ic/api/v1/customer/individual/updateprofile,149,0,12
1779799996226,92,GetIndividual,200,OK,GetIndividual 1-796,text,true,,3936,3588,2,8,https://api-scuda.uat.oci.krungsri.tech/ic/api/v1/customer/individual/getprofile,92,0,17
1779799996209,116,UpdateIndividual,200,OK,UpdateIndividual 4-545,text,true,,800,4228,4,8,https://api-scuda.uat.oci.krungsri.tech/ic/api/v1/customer/individual/updateprofile,116,0,15
1779799996302,30,SearchIndividual,200,OK,SearchIndividual 2-1310,text,true,,1125,2602,1,8,https://api-scuda.uat.oci.krungsri.tech/ords/api/v1/customer/individual/searchprofile,30,0,18
1779799996130,232,UpdateIndividual,200,OK,UpdateIndividual 4-543,text,true,,800,5520,4,9,https://api-scuda.uat.oci.krungsri.tech/ic/api/v1/customer/individual/updateprofile,232,0,14
1779799995973,410,CreateIndividual,201,Created,CreateIndividual 3-35,text,true,,1172,8378,1,9,https://api-scuda.uat.oci.krungsri.tech/ic/api/v1/customer/individual/createprofile,410,0,19
1779799996355,37,SearchIndividual,200,OK,SearchIndividual 2-1311,text,true,,1148,2601,2,10,https://api-scuda.uat.oci.krungsri.tech/ords/api/v1/customer/individual/searchprofile,37,0,24
1779799996385,28,SearchIndividual,200,OK,SearchIndividual 2-1312,text,true,,1147,2602,1,12,https://api-scuda.uat.oci.krungsri.tech/ords/api/v1/customer/individual/searchprofile,28,0,16
1779799996304,118,UpdateIndividual,200,OK,UpdateIndividual 4-546,text,true,,800,4227,6,13,https://api-scuda.uat.oci.krungsri.tech/ic/api/v1/customer/individual/updateprofile,118,0,15
1779799996317,106,GetIndividual,200,OK,GetIndividual 1-797,text,true,,3831,3588,4,12,https://api-scuda.uat.oci.krungsri.tech/ic/api/v1/customer/individual/getprofile,106,0,21
1779799996419,24,SearchIndividual,200,OK,SearchIndividual 2-1313,text,true,,1249,2602,1,14,https://api-scuda.uat.oci.krungsri.tech/ords/api/v1/customer/individual/searchprofile,24,0,13
1779799996332,129,UpdateIndividual,200,OK,UpdateIndividual 4-548,text,true,,800,4229,5,14,https://api-scuda.uat.oci.krungsri.tech/ic/api/v1/customer/individual/updateprofile,129,0,21
1779799996324,139,UpdateIndividual,200,OK,UpdateIndividual 4-547,text,true,,800,4227,4,13,https://api-scuda.uat.oci.krungsri.tech/ic/api/v1/customer/individual/updateprofile,139,0,22
1779799996365,125,UpdateIndividual,200,OK,UpdateIndividual 4-549,text,true,,800,4227,3,14,https://api-scuda.uat.oci.krungsri.tech/ic/api/v1/customer/individual/updateprofile,125,0,17
1779799996403,91,GetIndividual,200,OK,GetIndividual 1-799,text,true,,3851,3588,7,13,https://api-scuda.uat.oci.krungsri.tech/ic/api/v1/customer/individual/getprofile,91,0,15
1779799996474,25,SearchIndividual,200,OK,SearchIndividual 2-1314,text,true,,1193,2602,1,12,https://api-scuda.uat.oci.krungsri.tech/ords/api/v1/customer/individual/searchprofile,25,0,14
1779799996412,93,GetIndividual,200,OK,GetIndividual 1-800,text,true,,3825,3588,6,11,https://api-scuda.uat.oci.krungsri.tech/ic/api/v1/customer/individual/getprofile,93,0,10
1779799996425,96,GetIndividual,200,OK,GetIndividual 1-801,text,true,,3863,3588,5,12,https://api-scuda.uat.oci.krungsri.tech/ic/api/v1/customer/individual/getprofile,96,0,19
1779799996415,110,GetJoint,200,OK,GetJoint 9-35,text,true,,1429,3530,1,12,https://api-scuda.uat.oci.krungsri.tech/ic/api/v1/customer/joint/getprofile,110,0,25
1779799996431,95,GetIndividual,200,OK,GetIndividual 1-803,text,true,,3865,3588,4,11,https://api-scuda.uat.oci.krungsri.tech/ic/api/v1/customer/individual/getprofile,95,0,19
1779799996427,101,GetIndividual,200,OK,GetIndividual 1-802,text,true,,3823,3588,3,10,https://api-scuda.uat.oci.krungsri.tech/ic/api/v1/customer/individual/getprofile,101,0,19
1779799996403,125,UpdateIndividual,200,OK,UpdateIndividual 4-551,text,true,,799,4229,2,10,https://api-scuda.uat.oci.krungsri.tech/ic/api/v1/customer/individual/updateprofile,125,0,13
1779799996394,140,UpdateIndividual,200,OK,UpdateIndividual 4-550,text,true,,800,4227,1,9,https://api-scuda.uat.oci.krungsri.tech/ic/api/v1/customer/individual/updateprofile,140,0,16
1779799996507,33,SearchIndividual,200,OK,SearchIndividual 2-1315,text,true,,1199,2602,4,8,https://api-scuda.uat.oci.krungsri.tech/ords/api/v1/customer/individual/searchprofile,32,0,19
1779799996518,29,SearchIndividual,200,OK,SearchIndividual 2-1316,text,true,,1175,2602,3,7,https://api-scuda.uat.oci.krungsri.tech/ords/api/v1/customer/individual/searchprofile,29,0,18
1779799996523,25,SearchIndividual,200,OK,SearchIndividual 2-1317,text,true,,1143,2602,2,6,https://api-scuda.uat.oci.krungsri.tech/ords/api/v1/customer/individual/searchprofile,25,0,14
1779799996534,30,SearchIndividual,200,OK,SearchIndividual 2-1318,text,true,,1179,2602,2,6,https://api-scuda.uat.oci.krungsri.tech/ords/api/v1/customer/individual/searchprofile,30,0,18
1779799996289,282,UpdateJuristic,200,OK,UpdateJuristic 8-35,text,true,,800,4421,1,5,https://api-scuda.uat.oci.krungsri.tech/ic/api/v1/customer/juristic/updateprofile,282,0,27
1779799996459,117,UpdateJoint,200,OK,UpdateJoint 12-37,text,true,,799,3613,1,4,https://api-scuda.uat.oci.krungsri.tech/ic/api/v1/customer/joint/updateprofile,117,0,18
1779799996478,106,GetIndividual,200,OK,GetIndividual 1-804,text,true,,3793,3588,2,5,https://api-scuda.uat.oci.krungsri.tech/ic/api/v1/customer/individual/getprofile,106,0,21
1779799996554,34,SearchIndividual,200,OK,SearchIndividual 2-1319,text,true,,1153,2602,3,4,https://api-scuda.uat.oci.krungsri.tech/ords/api/v1/customer/individual/searchprofile,34,0,23
1779799996583,31,SearchIndividual,200,OK,SearchIndividual 2-1320,text,true,,1225,2602,2,4,https://api-scuda.uat.oci.krungsri.tech/ords/api/v1/customer/individual/searchprofile,31,0,19
1779799996584,31,SearchIndividual,200,OK,SearchIndividual 2-1321,text,true,,1191,2602,1,3,https://api-scuda.uat.oci.krungsri.tech/ords/api/v1/customer/individual/searchprofile,31,0,18
1779799996626,22,SearchIndividual,200,OK,SearchIndividual 2-1322,text,true,,1199,2602,3,6,https://api-scuda.uat.oci.krungsri.tech/ords/api/v1/customer/individual/searchprofile,22,0,11
1779799996626,29,SearchIndividual,200,OK,SearchIndividual 2-1323,text,true,,1199,2602,2,6,https://api-scuda.uat.oci.krungsri.tech/ords/api/v1/customer/individual/searchprofile,29,0,17
1779799996641,25,SearchIndividual,200,OK,SearchIndividual 2-1324,text,true,,1177,2602,2,7,https://api-scuda.uat.oci.krungsri.tech/ords/api/v1/customer/individual/searchprofile,25,0,14
1779799996361,313,GetIndividual,200,OK,GetIndividual 1-798,text,true,,3861,3588,4,6,https://api-scuda.uat.oci.krungsri.tech/ic/api/v1/customer/individual/getprofile,313,0,20
1779799996662,29,SearchIndividual,200,OK,SearchIndividual 2-1325,text,true,,1231,2602,2,6,https://api-scuda.uat.oci.krungsri.tech/ords/api/v1/customer/individual/searchprofile,29,0,17
1779799996598,105,GetIndividual,200,OK,GetIndividual 1-805,text,true,,3823,3588,3,5,https://api-scuda.uat.oci.krungsri.tech/ic/api/v1/customer/individual/getprofile,105,0,17
1779799996685,27,SearchIndividual,200,OK,SearchIndividual 2-1326,text,true,,1201,2602,3,7,https://api-scuda.uat.oci.krungsri.tech/ords/api/v1/customer/individual/searchprofile,26,0,15
1779799996708,25,SearchIndividual,200,OK,SearchIndividual 2-1327,text,true,,1127,2602,3,8,https://api-scuda.uat.oci.krungsri.tech/ords/api/v1/customer/individual/searchprofile,24,0,13
1779799996709,31,SearchIndividual,200,OK,SearchIndividual 2-1328,text,true,,1105,2602,2,8,https://api-scuda.uat.oci.krungsri.tech/ords/api/v1/customer/individual/searchprofile,31,0,18
1779799996730,28,SearchIndividual,200,OK,SearchIndividual 2-1329,text,true,,1187,2602,1,7,https://api-scuda.uat.oci.krungsri.tech/ords/api/v1/customer/individual/searchprofile,28,0,17
1779799996650,128,GetIndividual,200,OK,GetIndividual 1-807,text,true,,3819,3588,5,7,https://api-scuda.uat.oci.krungsri.tech/ic/api/v1/customer/individual/getprofile,128,0,14
1779799996669,137,UpdateIndividual,200,OK,UpdateIndividual 4-552,text,true,,800,4227,2,12,https://api-scuda.uat.oci.krungsri.tech/ic/api/v1/customer/individual/updateprofile,137,0,19
1779799996793,28,SearchIndividual,200,OK,SearchIndividual 2-1330,text,true,,1182,2601,1,11,https://api-scuda.uat.oci.krungsri.tech/ords/api/v1/customer/individual/searchprofile,27,0,16
1779799996719,103,GetIndividual,200,OK,GetIndividual 1-808,text,true,,3803,3588,8,10,https://api-scuda.uat.oci.krungsri.tech/ic/api/v1/customer/individual/getprofile,103,0,19
1779799996822,31,SearchIndividual,200,OK,SearchIndividual 2-1331,text,true,,1199,2602,2,12,https://api-scuda.uat.oci.krungsri.tech/ords/api/v1/customer/individual/searchprofile,31,0,19
1779799996735,122,GetIndividual,200,OK,GetIndividual 1-809,text,true,,3784,3588,7,11,https://api-scuda.uat.oci.krungsri.tech/ic/api/v1/customer/individual/getprofile,122,0,25
1779799996826,32,SearchJoint,200,OK,SearchJoint 10-41,text,true,,621,2627,1,11,https://api-scuda.uat.oci.krungsri.tech/ords/api/v1/customer/joint/searchprofile,32,0,19
1779799996710,154,UpdateIndividual,200,OK,UpdateIndividual 4-553,text,true,,800,5657,1,11,https://api-scuda.uat.oci.krungsri.tech/ic/api/v1/customer/individual/updateprofile,154,0,15
1779799996760,110,GetIndividual,200,OK,GetIndividual 1-810,text,true,,3854,3587,6,10,https://api-scuda.uat.oci.krungsri.tech/ic/api/v1/customer/individual/getprofile,110,0,17
1779799996846,28,SearchIndividual,200,OK,SearchIndividual 2-1332,text,true,,1160,2601,3,9,https://api-scuda.uat.oci.krungsri.tech/ords/api/v1/customer/individual/searchprofile,28,0,17
1779799996627,253,GetIndividual,200,OK,GetIndividual 1-806,text,true,,3885,3588,5,9,https://api-scuda.uat.oci.krungsri.tech/ic/api/v1/customer/individual/getprofile,253,0,16
1779799996782,99,GetIndividual,200,OK,GetIndividual 1-812,text,true,,3859,3588,4,9,https://api-scuda.uat.oci.krungsri.tech/ic/api/v1/customer/individual/getprofile,99,0,17
1779799996779,110,GetIndividual,200,OK,GetIndividual 1-811,text,true,,3816,3588,3,8,https://api-scuda.uat.oci.krungsri.tech/ic/api/v1/customer/individual/getprofile,110,0,20
1779799996805,95,GetIndividual,200,OK,GetIndividual 1-814,text,true,,3871,3588,2,8,https://api-scuda.uat.oci.krungsri.tech/ic/api/v1/customer/individual/getprofile,95,0,11
1779799996805,99,GetIndividual,200,OK,GetIndividual 1-813,text,true,,3866,3588,1,8,https://api-scuda.uat.oci.krungsri.tech/ic/api/v1/customer/individual/getprofile,99,0,16
1779799996878,30,SearchIndividual,200,OK,SearchIndividual 2-1335,text,true,,1173,2602,6,8,https://api-scuda.uat.oci.krungsri.tech/ords/api/v1/customer/individual/searchprofile,30,0,19
1779799996857,53,SearchIndividual,200,OK,SearchIndividual 2-1333,text,true,,1194,2601,5,7,https://api-scuda.uat.oci.krungsri.tech/ords/api/v1/customer/individual/searchprofile,53,0,36
1779799996861,50,SearchIndividual,200,OK,SearchIndividual 2-1334,text,true,,1155,2602,4,6,https://api-scuda.uat.oci.krungsri.tech/ords/api/v1/customer/individual/searchprofile,49,0,32
1779799996880,34,SearchIndividual,200,OK,SearchIndividual 2-1336,text,true,,1175,2602,3,5,https://api-scuda.uat.oci.krungsri.tech/ords/api/v1/customer/individual/searchprofile,34,0,19
1779799996891,23,SearchIndividual,200,OK,SearchIndividual 2-1337,text,true,,1147,2602,2,4,https://api-scuda.uat.oci.krungsri.tech/ords/api/v1/customer/individual/searchprofile,23,0,13
1779799996905,24,SearchIndividual,200,OK,SearchIndividual 2-1338,text,true,,1201,2602,1,3,https://api-scuda.uat.oci.krungsri.tech/ords/api/v1/customer/individual/searchprofile,24,0,13
1779799996949,31,SearchIndividual,200,OK,SearchIndividual 2-1339,text,true,,1117,2602,4,7,https://api-scuda.uat.oci.krungsri.tech/ords/api/v1/customer/individual/searchprofile,31,0,16
1779799996961,31,SearchIndividual,200,OK,SearchIndividual 2-1340,text,true,,1151,2602,4,8,https://api-scuda.uat.oci.krungsri.tech/ords/api/v1/customer/individual/searchprofile,31,0,19
1779799996980,22,SearchIndividual,200,OK,SearchIndividual 2-1342,text,true,,1139,2602,3,8,https://api-scuda.uat.oci.krungsri.tech/ords/api/v1/customer/individual/searchprofile,22,0,11
1779799996971,52,SearchIndividual,200,OK,SearchIndividual 2-1341,text,true,,1165,2602,2,11,https://api-scuda.uat.oci.krungsri.tech/ords/api/v1/customer/individual/searchprofile,52,0,25
1779799996982,44,SearchJoint,200,OK,SearchJoint 10-42,text,true,,621,2627,1,10,https://api-scuda.uat.oci.krungsri.tech/ords/api/v1/customer/joint/searchprofile,44,0,32
1779799996990,42,SearchIndividual,200,OK,SearchIndividual 2-1343,text,true,,1169,2602,3,11,https://api-scuda.uat.oci.krungsri.tech/ords/api/v1/customer/individual/searchprofile,41,0,25
1779799996907,127,UpdateIndividual,200,OK,UpdateIndividual 4-554,text,true,,800,4227,3,10,https://api-scuda.uat.oci.krungsri.tech/ic/api/v1/customer/individual/updateprofile,127,0,17
1779799997028,33,SearchIndividual,200,OK,SearchIndividual 2-1345,text,true,,1193,2602,2,9,https://api-scuda.uat.oci.krungsri.tech/ords/api/v1/customer/individual/searchprofile,32,0,19
1779799997027,46,SearchIndividual,200,OK,SearchIndividual 2-1344,text,true,,1209,2602,5,12,https://api-scuda.uat.oci.krungsri.tech/ords/api/v1/customer/individual/searchprofile,46,0,29
1779799997061,30,SearchIndividual,200,OK,SearchIndividual 2-1346,text,true,,1209,2602,4,12,https://api-scuda.uat.oci.krungsri.tech/ords/api/v1/customer/individual/searchprofile,30,0,19
1779799997071,26,SearchIndividual,200,OK,SearchIndividual 2-1349,text,true,,1109,2602,3,11,https://api-scuda.uat.oci.krungsri.tech/ords/api/v1/customer/individual/searchprofile,26,0,15
1779799997068,30,SearchIndividual,200,OK,SearchIndividual 2-1348,text,true,,1169,2602,2,10,https://api-scuda.uat.oci.krungsri.tech/ords/api/v1/customer/individual/searchprofile,29,0,17
1779799997068,31,SearchIndividual,200,OK,SearchIndividual 2-1347,text,true,,1143,2602,1,9,https://api-scuda.uat.oci.krungsri.tech/ords/api/v1/customer/individual/searchprofile,31,0,16
1779799997014,100,GetIndividual,200,OK,GetIndividual 1-816,text,true,,3887,3588,3,9,https://api-scuda.uat.oci.krungsri.tech/ic/api/v1/customer/individual/getprofile,100,0,19
