timeStamp,elapsed,label,responseCode,responseMessage,threadName,dataType,success,failureMessage,bytes,sentBytes,grpThreads,allThreads,URL,Latency,IdleTime,Connect
1779799567068,760,Get Token,200,OK,GetJoint 9-1,text,true,,3684,522,2,37,https://api-scuda.uat.oci.krungsri.tech/oauth2/v1/token,760,0,669
1779799567069,757,Get Token,200,OK,GetIndividual 1-3,text,true,,3684,522,5,37,https://api-scuda.uat.oci.krungsri.tech/oauth2/v1/token,757,0,669
1779799567069,760,Get Token,200,OK,SearchIndividual 2-2,text,true,,2894,426,9,37,https://api-scuda.uat.oci.krungsri.tech/oauth2/v1/token,760,0,669
1779799567069,725,Get Token,200,OK,UpdateJoint 12-2,text,true,,3684,522,2,37,https://api-scuda.uat.oci.krungsri.tech/oauth2/v1/token,725,0,671
1779799567068,761,Get Token,200,OK,UpdateJoint 12-1,text,true,,3684,522,2,37,https://api-scuda.uat.oci.krungsri.tech/oauth2/v1/token,761,0,670
1779799567068,721,Get Token,200,OK,GetJuristic 5-1,text,true,,3684,522,2,37,https://api-scuda.uat.oci.krungsri.tech/oauth2/v1/token,720,0,670
1779799567069,766,Get Token,200,OK,CreateIndividual 3-1,text,true,,3684,522,3,39,https://api-scuda.uat.oci.krungsri.tech/oauth2/v1/token,766,0,668
1779799567069,766,Get Token,200,OK,SearchJuristic 6-1,text,true,,2894,426,2,39,https://api-scuda.uat.oci.krungsri.tech/oauth2/v1/token,766,0,670
1779799567311,488,Get Token,200,OK,CreateJuristic 7-2,text,true,,3684,522,2,37,https://api-scuda.uat.oci.krungsri.tech/oauth2/v1/token,488,0,433
1779799567365,436,Get Token,200,OK,SearchIndividual 2-6,text,true,,2894,426,9,37,https://api-scuda.uat.oci.krungsri.tech/oauth2/v1/token,436,0,377
1779799567068,734,Get Token,200,OK,GetJuristic 5-2,text,true,,3684,522,2,37,https://api-scuda.uat.oci.krungsri.tech/oauth2/v1/token,734,0,674
1779799567397,432,Get Token,200,OK,UpdateIndividual 4-3,text,true,,3684,522,3,37,https://api-scuda.uat.oci.krungsri.tech/oauth2/v1/token,432,0,340
1779799567069,752,Get Token,200,OK,GetIndividual 1-2,text,true,,3684,522,5,37,https://api-scuda.uat.oci.krungsri.tech/oauth2/v1/token,752,0,667
1779799567158,631,Get Token,200,OK,SearchIndividual 2-5,text,true,,2894,426,9,37,https://api-scuda.uat.oci.krungsri.tech/oauth2/v1/token,624,0,582
1779799567068,756,Get Token,200,OK,UpdateIndividual 4-1,text,true,,3684,522,3,37,https://api-scuda.uat.oci.krungsri.tech/oauth2/v1/token,756,0,671
1779799567378,419,Get Token,200,OK,SearchIndividual 2-7,text,true,,2894,426,9,37,https://api-scuda.uat.oci.krungsri.tech/oauth2/v1/token,419,0,362
1779799567766,58,Get Token,200,OK,GetIndividual 1-5,text,true,,3684,522,5,37,https://api-scuda.uat.oci.krungsri.tech/oauth2/v1/token,58,0,22
1779799567069,720,Get Token,200,OK,SearchJoint 10-1,text,true,,2894,426,2,37,https://api-scuda.uat.oci.krungsri.tech/oauth2/v1/token,714,0,669
1779799567102,703,Get Token,200,OK,UpdateIndividual 4-2,text,true,,3684,522,3,37,https://api-scuda.uat.oci.krungsri.tech/oauth2/v1/token,703,0,642
1779799567069,725,Get Token,200,OK,CreateJuristic 7-1,text,true,,3684,522,2,37,https://api-scuda.uat.oci.krungsri.tech/oauth2/v1/token,725,0,671
1779799567770,45,Get Token,200,OK,SearchIndividual 2-8,text,true,,2894,426,9,37,https://api-scuda.uat.oci.krungsri.tech/oauth2/v1/token,45,0,19
1779799567185,640,Get Token,200,OK,CreateJoint 11-2,text,true,,3684,522,2,37,https://api-scuda.uat.oci.krungsri.tech/oauth2/v1/token,640,0,558
1779799567149,653,Get Token,200,OK,GetIndividual 1-4,text,true,,3684,522,5,37,https://api-scuda.uat.oci.krungsri.tech/oauth2/v1/token,653,0,589
1779799567069,750,Get Token,200,OK,SearchIndividual 2-1,text,true,,2894,426,9,37,https://api-scuda.uat.oci.krungsri.tech/oauth2/v1/token,750,0,668
1779799567068,764,Get Token,200,OK,CreateJoint 11-1,text,true,,3684,522,2,38,https://api-scuda.uat.oci.krungsri.tech/oauth2/v1/token,764,0,676
1779799567769,58,Get Token,200,OK,CreateIndividual 3-3,text,true,,3684,522,3,37,https://api-scuda.uat.oci.krungsri.tech/oauth2/v1/token,58,0,17
1779799567448,342,Get Token,200,OK,UpdateJuristic 8-2,text,true,,3684,522,3,37,https://api-scuda.uat.oci.krungsri.tech/oauth2/v1/token,339,0,288
1779799567479,349,Get Token,200,OK,CreateIndividual 3-2,text,true,,3684,522,3,37,https://api-scuda.uat.oci.krungsri.tech/oauth2/v1/token,349,0,260
1779799567069,751,Get Token,200,OK,SearchIndividual 2-4,text,true,,2894,426,9,37,https://api-scuda.uat.oci.krungsri.tech/oauth2/v1/token,751,0,675
1779799567765,65,Get Token,200,OK,SearchIndividual 2-9,text,true,,2894,426,9,38,https://api-scuda.uat.oci.krungsri.tech/oauth2/v1/token,65,0,38
1779799567068,727,Get Token,200,OK,GetJoint 9-2,text,true,,3684,522,2,37,https://api-scuda.uat.oci.krungsri.tech/oauth2/v1/token,727,0,668
1779799567069,751,Get Token,200,OK,SearchJoint 10-2,text,true,,2894,426,2,37,https://api-scuda.uat.oci.krungsri.tech/oauth2/v1/token,750,0,670
1779799567069,727,Get Token,200,OK,GetIndividual 1-1,text,true,,3684,522,5,37,https://api-scuda.uat.oci.krungsri.tech/oauth2/v1/token,727,0,667
1779799567206,619,Get Token,200,OK,SearchJuristic 6-2,text,true,,2894,426,2,37,https://api-scuda.uat.oci.krungsri.tech/oauth2/v1/token,618,0,532
1779799567069,750,Get Token,200,OK,SearchIndividual 2-3,text,true,,2894,426,9,37,https://api-scuda.uat.oci.krungsri.tech/oauth2/v1/token,750,0,668
1779799567068,755,Get Token,200,OK,UpdateJuristic 8-1,text,true,,3684,522,3,37,https://api-scuda.uat.oci.krungsri.tech/oauth2/v1/token,755,0,677
1779799567765,87,Get Token,200,OK,UpdateJuristic 8-3,text,true,,3684,522,3,41,https://api-scuda.uat.oci.krungsri.tech/oauth2/v1/token,87,0,46
1779799569332,41,SearchIndividual,200,OK,SearchIndividual 2-22,text,true,,1183,2602,25,76,https://api-scuda.uat.oci.krungsri.tech/ords/api/v1/customer/individual/searchprofile,35,0,17
1779799569333,58,SearchIndividual,200,OK,SearchIndividual 2-16,text,true,,1163,2602,25,76,https://api-scuda.uat.oci.krungsri.tech/ords/api/v1/customer/individual/searchprofile,58,0,42
1779799569331,42,SearchIndividual,200,OK,SearchIndividual 2-20,text,true,,1207,2602,25,76,https://api-scuda.uat.oci.krungsri.tech/ords/api/v1/customer/individual/searchprofile,36,0,16
1779799569329,44,SearchIndividual,200,OK,SearchIndividual 2-7,text,true,,1145,2602,25,76,https://api-scuda.uat.oci.krungsri.tech/ords/api/v1/customer/individual/searchprofile,38,0,0
1779799569325,48,SearchIndividual,200,OK,SearchIndividual 2-9,text,true,,1173,2602,25,76,https://api-scuda.uat.oci.krungsri.tech/ords/api/v1/customer/individual/searchprofile,42,0,0
1779799569327,56,SearchIndividual,200,OK,SearchIndividual 2-11,text,true,,1161,2602,25,76,https://api-scuda.uat.oci.krungsri.tech/ords/api/v1/customer/individual/searchprofile,56,0,35
1779799569331,42,SearchIndividual,200,OK,SearchIndividual 2-1,text,true,,1205,2602,25,76,https://api-scuda.uat.oci.krungsri.tech/ords/api/v1/customer/individual/searchprofile,36,0,0
1779799569333,40,SearchIndividual,200,OK,SearchIndividual 2-8,text,true,,1215,2602,25,76,https://api-scuda.uat.oci.krungsri.tech/ords/api/v1/customer/individual/searchprofile,34,0,0
1779799569335,38,SearchJuristic,200,OK,SearchJuristic 6-1,text,true,,989,2600,3,76,https://api-scuda.uat.oci.krungsri.tech/ords/api/v1/customer/juristic/searchprofile,32,0,0
1779799569470,55,SearchJuristic,200,OK,SearchJuristic 6-4,text,true,,994,2600,4,79,https://api-scuda.uat.oci.krungsri.tech/ords/api/v1/customer/juristic/searchprofile,55,0,32
1779799569325,49,SearchIndividual,200,OK,SearchIndividual 2-25,text,true,,1239,2602,25,76,https://api-scuda.uat.oci.krungsri.tech/ords/api/v1/customer/individual/searchprofile,43,0,15
1779799569328,46,SearchIndividual,200,OK,SearchIndividual 2-24,text,true,,1219,2602,25,76,https://api-scuda.uat.oci.krungsri.tech/ords/api/v1/customer/individual/searchprofile,40,0,15
1779799569326,48,SearchIndividual,200,OK,SearchIndividual 2-4,text,true,,1127,2602,25,76,https://api-scuda.uat.oci.krungsri.tech/ords/api/v1/customer/individual/searchprofile,41,0,0
1779799569330,44,SearchIndividual,200,OK,SearchIndividual 2-19,text,true,,1181,2602,25,76,https://api-scuda.uat.oci.krungsri.tech/ords/api/v1/customer/individual/searchprofile,40,0,18
1779799569563,37,SearchIndividual,200,OK,SearchIndividual 2-26,text,true,,1205,2602,16,76,https://api-scuda.uat.oci.krungsri.tech/ords/api/v1/customer/individual/searchprofile,37,0,22
1779799569330,44,SearchIndividual,200,OK,SearchIndividual 2-15,text,true,,1187,2602,25,76,https://api-scuda.uat.oci.krungsri.tech/ords/api/v1/customer/individual/searchprofile,44,0,32
1779799569333,41,SearchIndividual,200,OK,SearchIndividual 2-6,text,true,,1211,2602,25,76,https://api-scuda.uat.oci.krungsri.tech/ords/api/v1/customer/individual/searchprofile,35,0,0
1779799569328,45,SearchIndividual,200,OK,SearchIndividual 2-14,text,true,,1213,2602,25,76,https://api-scuda.uat.oci.krungsri.tech/ords/api/v1/customer/individual/searchprofile,44,0,26
1779799569325,48,SearchJuristic,200,OK,SearchJuristic 6-3,text,true,,991,2600,3,76,https://api-scuda.uat.oci.krungsri.tech/ords/api/v1/customer/juristic/searchprofile,42,0,15
1779799569632,38,SearchIndividual,200,OK,SearchIndividual 2-27,text,true,,1115,2602,12,75,https://api-scuda.uat.oci.krungsri.tech/ords/api/v1/customer/individual/searchprofile,38,0,14
1779799569325,48,SearchIndividual,200,OK,SearchIndividual 2-2,text,true,,1169,2602,25,76,https://api-scuda.uat.oci.krungsri.tech/ords/api/v1/customer/individual/searchprofile,42,0,0
1779799569658,33,SearchIndividual,200,OK,SearchIndividual 2-28,text,true,,1125,2602,11,73,https://api-scuda.uat.oci.krungsri.tech/ords/api/v1/customer/individual/searchprofile,33,0,20
1779799569325,48,SearchJuristic,200,OK,SearchJuristic 6-2,text,true,,1003,2600,3,76,https://api-scuda.uat.oci.krungsri.tech/ords/api/v1/customer/juristic/searchprofile,42,0,0
1779799569331,44,SearchIndividual,200,OK,SearchIndividual 2-18,text,true,,1179,2602,25,76,https://api-scuda.uat.oci.krungsri.tech/ords/api/v1/customer/individual/searchprofile,43,0,30
1779799569331,65,SearchIndividual,200,OK,SearchIndividual 2-17,text,true,,1225,2602,25,76,https://api-scuda.uat.oci.krungsri.tech/ords/api/v1/customer/individual/searchprofile,65,0,41
1779799569332,44,SearchIndividual,200,OK,SearchIndividual 2-12,text,true,,1151,2602,25,76,https://api-scuda.uat.oci.krungsri.tech/ords/api/v1/customer/individual/searchprofile,44,0,28
1779799569333,45,SearchIndividual,200,OK,SearchIndividual 2-13,text,true,,1145,2602,25,76,https://api-scuda.uat.oci.krungsri.tech/ords/api/v1/customer/individual/searchprofile,45,0,27
1779799569338,42,SearchIndividual,200,OK,SearchIndividual 2-10,text,true,,1147,2602,25,76,https://api-scuda.uat.oci.krungsri.tech/ords/api/v1/customer/individual/searchprofile,41,0,24
1779799569328,45,SearchIndividual,200,OK,SearchIndividual 2-3,text,true,,1165,2602,25,76,https://api-scuda.uat.oci.krungsri.tech/ords/api/v1/customer/individual/searchprofile,39,0,0
1779799569774,36,SearchJuristic,200,OK,SearchJuristic 6-5,text,true,,972,2600,1,69,https://api-scuda.uat.oci.krungsri.tech/ords/api/v1/customer/juristic/searchprofile,36,0,24
1779799569328,46,SearchIndividual,200,OK,SearchIndividual 2-23,text,true,,1161,2602,25,76,https://api-scuda.uat.oci.krungsri.tech/ords/api/v1/customer/individual/searchprofile,40,0,15
1779799569784,47,SearchIndividual,200,OK,SearchIndividual 2-29,text,true,,1183,2602,4,67,https://api-scuda.uat.oci.krungsri.tech/ords/api/v1/customer/individual/searchprofile,47,0,33
1779799569824,36,SearchIndividual,200,OK,SearchIndividual 2-30,text,true,,1175,2602,3,67,https://api-scuda.uat.oci.krungsri.tech/ords/api/v1/customer/individual/searchprofile,36,0,22
1779799569327,53,SearchIndividual,200,OK,SearchIndividual 2-21,text,true,,1205,2602,25,76,https://api-scuda.uat.oci.krungsri.tech/ords/api/v1/customer/individual/searchprofile,53,0,39
1779799569329,45,SearchIndividual,200,OK,SearchIndividual 2-5,text,true,,1157,2602,25,76,https://api-scuda.uat.oci.krungsri.tech/ords/api/v1/customer/individual/searchprofile,39,0,0
1779799569332,41,SearchJoint,200,OK,SearchJoint 10-2,text,true,,621,2627,3,76,https://api-scuda.uat.oci.krungsri.tech/ords/api/v1/customer/joint/searchprofile,35,0,0
1779799569465,38,SearchJoint,200,OK,SearchJoint 10-4,text,true,,621,2627,4,86,https://api-scuda.uat.oci.krungsri.tech/ords/api/v1/customer/joint/searchprofile,38,0,19
1779799569339,36,SearchJoint,200,OK,SearchJoint 10-3,text,true,,621,2627,3,76,https://api-scuda.uat.oci.krungsri.tech/ords/api/v1/customer/joint/searchprofile,36,0,24
1779799569330,43,SearchJoint,200,OK,SearchJoint 10-1,text,true,,621,2627,3,76,https://api-scuda.uat.oci.krungsri.tech/ords/api/v1/customer/joint/searchprofile,37,0,0
1779799569963,53,SearchIndividual,200,OK,SearchIndividual 2-31,text,true,,1185,2602,2,62,https://api-scuda.uat.oci.krungsri.tech/ords/api/v1/customer/individual/searchprofile,52,0,25
1779799570058,44,SearchIndividual,200,OK,SearchIndividual 2-32,text,true,,1195,2602,1,63,https://api-scuda.uat.oci.krungsri.tech/ords/api/v1/customer/individual/searchprofile,44,0,26
1779799570292,37,SearchIndividual,200,OK,SearchIndividual 2-33,text,true,,1137,2602,2,67,https://api-scuda.uat.oci.krungsri.tech/ords/api/v1/customer/individual/searchprofile,37,0,19
1779799570301,31,SearchIndividual,200,OK,SearchIndividual 2-34,text,true,,1209,2602,2,67,https://api-scuda.uat.oci.krungsri.tech/ords/api/v1/customer/individual/searchprofile,31,0,18
1779799570501,35,SearchJoint,200,OK,SearchJoint 10-5,text,true,,621,2627,1,77,https://api-scuda.uat.oci.krungsri.tech/ords/api/v1/customer/joint/searchprofile,35,0,23
1779799570505,31,SearchIndividual,200,OK,SearchIndividual 2-35,text,true,,1163,2602,4,77,https://api-scuda.uat.oci.krungsri.tech/ords/api/v1/customer/individual/searchprofile,31,0,19
1779799570531,34,SearchIndividual,200,OK,SearchIndividual 2-36,text,true,,1139,2602,4,77,https://api-scuda.uat.oci.krungsri.tech/ords/api/v1/customer/individual/searchprofile,34,0,16
1779799570552,53,SearchIndividual,200,OK,SearchIndividual 2-37,text,true,,1125,2602,4,77,https://api-scuda.uat.oci.krungsri.tech/ords/api/v1/customer/individual/searchprofile,53,0,31
1779799570552,64,SearchIndividual,200,OK,SearchIndividual 2-38,text,true,,1165,2602,3,76,https://api-scuda.uat.oci.krungsri.tech/ords/api/v1/customer/individual/searchprofile,60,0,20
1779799570587,64,SearchIndividual,200,OK,SearchIndividual 2-39,text,true,,1173,2602,2,76,https://api-scuda.uat.oci.krungsri.tech/ords/api/v1/customer/individual/searchprofile,64,0,44
1779799570638,56,SearchIndividual,200,OK,SearchIndividual 2-40,text,true,,1247,2602,2,78,https://api-scuda.uat.oci.krungsri.tech/ords/api/v1/customer/individual/searchprofile,55,0,37
1779799570758,43,SearchIndividual,200,OK,SearchIndividual 2-41,text,true,,1159,2602,3,81,https://api-scuda.uat.oci.krungsri.tech/ords/api/v1/customer/individual/searchprofile,42,0,28
1779799570803,54,SearchJoint,200,OK,SearchJoint 10-6,text,true,,619,2625,1,85,https://api-scuda.uat.oci.krungsri.tech/ords/api/v1/customer/joint/searchprofile,54,0,26
1779799570803,67,SearchIndividual,200,OK,SearchIndividual 2-43,text,true,,1181,2600,5,85,https://api-scuda.uat.oci.krungsri.tech/ords/api/v1/customer/individual/searchprofile,67,0,47
1779799570811,70,SearchIndividual,200,OK,SearchIndividual 2-42,text,true,,1211,2602,4,84,https://api-scuda.uat.oci.krungsri.tech/ords/api/v1/customer/individual/searchprofile,70,0,53
1779799570861,33,SearchIndividual,200,OK,SearchIndividual 2-44,text,true,,1164,2601,3,83,https://api-scuda.uat.oci.krungsri.tech/ords/api/v1/customer/individual/searchprofile,33,0,20
1779799570866,34,SearchJuristic,200,OK,SearchJuristic 6-6,text,true,,1002,2600,1,83,https://api-scuda.uat.oci.krungsri.tech/ords/api/v1/customer/juristic/searchprofile,34,0,20
1779799570993,35,SearchIndividual,200,OK,SearchIndividual 2-46,text,true,,1183,2602,2,81,https://api-scuda.uat.oci.krungsri.tech/ords/api/v1/customer/individual/searchprofile,34,0,21
1779799570994,36,SearchIndividual,200,OK,SearchIndividual 2-45,text,true,,1205,2602,2,81,https://api-scuda.uat.oci.krungsri.tech/ords/api/v1/customer/individual/searchprofile,36,0,12
1779799571128,33,SearchIndividual,200,OK,SearchIndividual 2-47,text,true,,1203,2602,1,80,https://api-scuda.uat.oci.krungsri.tech/ords/api/v1/customer/individual/searchprofile,33,0,20
1779799571201,31,SearchIndividual,200,OK,SearchIndividual 2-48,text,true,,1169,2600,3,87,https://api-scuda.uat.oci.krungsri.tech/ords/api/v1/customer/individual/searchprofile,31,0,18
1779799571216,50,SearchIndividual,200,OK,SearchIndividual 2-49,text,true,,1197,2602,2,86,https://api-scuda.uat.oci.krungsri.tech/ords/api/v1/customer/individual/searchprofile,50,0,34
1779799571216,55,SearchIndividual,200,OK,SearchIndividual 2-50,text,true,,1125,2602,1,85,https://api-scuda.uat.oci.krungsri.tech/ords/api/v1/customer/individual/searchprofile,54,0,25
1779799571437,39,SearchIndividual,200,OK,SearchIndividual 2-51,text,true,,1155,2602,3,97,https://api-scuda.uat.oci.krungsri.tech/ords/api/v1/customer/individual/searchprofile,39,0,25
1779799571440,41,SearchIndividual,200,OK,SearchIndividual 2-52,text,true,,1215,2602,2,96,https://api-scuda.uat.oci.krungsri.tech/ords/api/v1/customer/individual/searchprofile,41,0,26
1779799571462,40,SearchIndividual,200,OK,SearchIndividual 2-53,text,true,,1113,2602,1,95,https://api-scuda.uat.oci.krungsri.tech/ords/api/v1/customer/individual/searchprofile,40,0,24
1779799571575,47,SearchIndividual,200,OK,SearchIndividual 2-54,text,true,,1157,2602,1,97,https://api-scuda.uat.oci.krungsri.tech/ords/api/v1/customer/individual/searchprofile,47,0,16
1779799571686,31,SearchIndividual,200,OK,SearchIndividual 2-55,text,true,,1231,2602,1,99,https://api-scuda.uat.oci.krungsri.tech/ords/api/v1/customer/individual/searchprofile,31,0,15
1779799571732,30,SearchIndividual,200,OK,SearchIndividual 2-56,text,true,,1167,2602,1,100,https://api-scuda.uat.oci.krungsri.tech/ords/api/v1/customer/individual/searchprofile,30,0,16
1779799571789,41,SearchIndividual,200,OK,SearchIndividual 2-57,text,true,,1141,2602,2,104,https://api-scuda.uat.oci.krungsri.tech/ords/api/v1/customer/individual/searchprofile,40,0,24
1779799571829,29,SearchIndividual,200,OK,SearchIndividual 2-58,text,true,,1265,2602,2,104,https://api-scuda.uat.oci.krungsri.tech/ords/api/v1/customer/individual/searchprofile,29,0,15
1779799571882,39,SearchIndividual,200,OK,SearchIndividual 2-59,text,true,,1145,2602,3,106,https://api-scuda.uat.oci.krungsri.tech/ords/api/v1/customer/individual/searchprofile,38,0,14
1779799571963,69,SearchIndividual,200,OK,SearchIndividual 2-61,text,true,,1175,2602,4,108,https://api-scuda.uat.oci.krungsri.tech/ords/api/v1/customer/individual/searchprofile,69,0,47
1779799571967,69,SearchIndividual,200,OK,SearchIndividual 2-60,text,true,,1207,2602,5,110,https://api-scuda.uat.oci.krungsri.tech/ords/api/v1/customer/individual/searchprofile,69,0,39
1779799572017,38,SearchIndividual,200,OK,SearchIndividual 2-62,text,true,,1223,2602,3,108,https://api-scuda.uat.oci.krungsri.tech/ords/api/v1/customer/individual/searchprofile,38,0,24
1779799572031,33,SearchIndividual,200,OK,SearchIndividual 2-63,text,true,,1225,2602,3,108,https://api-scuda.uat.oci.krungsri.tech/ords/api/v1/customer/individual/searchprofile,33,0,15
1779799572070,90,SearchIndividual,200,OK,SearchIndividual 2-64,text,true,,1169,2602,2,111,https://api-scuda.uat.oci.krungsri.tech/ords/api/v1/customer/individual/searchprofile,90,0,66
1779799572208,35,SearchIndividual,200,OK,SearchIndividual 2-65,text,true,,1191,2602,2,113,https://api-scuda.uat.oci.krungsri.tech/ords/api/v1/customer/individual/searchprofile,35,0,22
1779799572208,46,SearchJoint,200,OK,SearchJoint 10-7,text,true,,621,2627,1,112,https://api-scuda.uat.oci.krungsri.tech/ords/api/v1/customer/joint/searchprofile,46,0,31
1779799572227,31,SearchJuristic,200,OK,SearchJuristic 6-7,text,true,,1013,2600,1,111,https://api-scuda.uat.oci.krungsri.tech/ords/api/v1/customer/juristic/searchprofile,31,0,18
1779799572239,37,SearchIndividual,200,OK,SearchIndividual 2-66,text,true,,1173,2602,2,111,https://api-scuda.uat.oci.krungsri.tech/ords/api/v1/customer/individual/searchprofile,37,0,23
1779799572272,32,SearchIndividual,200,OK,SearchIndividual 2-67,text,true,,1239,2602,2,112,https://api-scuda.uat.oci.krungsri.tech/ords/api/v1/customer/individual/searchprofile,32,0,20
1779799572353,31,SearchIndividual,200,OK,SearchIndividual 2-68,text,true,,1165,2602,2,112,https://api-scuda.uat.oci.krungsri.tech/ords/api/v1/customer/individual/searchprofile,31,0,16
1779799572356,40,SearchIndividual,200,OK,SearchIndividual 2-69,text,true,,1186,2601,1,111,https://api-scuda.uat.oci.krungsri.tech/ords/api/v1/customer/individual/searchprofile,40,0,21
1779799572518,27,SearchIndividual,200,OK,SearchIndividual 2-70,text,true,,1173,2602,1,119,https://api-scuda.uat.oci.krungsri.tech/ords/api/v1/customer/individual/searchprofile,26,0,12
1779799572560,56,SearchIndividual,200,OK,SearchIndividual 2-71,text,true,,1161,2602,2,120,https://api-scuda.uat.oci.krungsri.tech/ords/api/v1/customer/individual/searchprofile,56,0,39
1779799572604,47,SearchIndividual,200,OK,SearchIndividual 2-72,text,true,,1203,2602,2,120,https://api-scuda.uat.oci.krungsri.tech/ords/api/v1/customer/individual/searchprofile,47,0,15
1779799572651,38,SearchIndividual,200,OK,SearchIndividual 2-73,text,true,,1161,2602,4,122,https://api-scuda.uat.oci.krungsri.tech/ords/api/v1/customer/individual/searchprofile,38,0,23
1779799569325,3324,GetJuristic,200,OK,GetJuristic 5-4,text,true,,3534,3533,7,120,https://api-scuda.uat.oci.krungsri.tech/ic/api/v1/customer/juristic/getprofile,3324,0,24
1779799569331,3318,GetIndividual,200,OK,GetIndividual 1-2,text,true,,3867,3588,41,120,https://api-scuda.uat.oci.krungsri.tech/ic/api/v1/customer/individual/getprofile,3318,0,0
1779799570710,1941,GetIndividual,200,OK,GetIndividual 1-24,text,true,,3901,3588,41,120,https://api-scuda.uat.oci.krungsri.tech/ic/api/v1/customer/individual/getprofile,1941,0,48
1779799572689,32,SearchIndividual,200,OK,SearchIndividual 2-76,text,true,,1173,2602,6,124,https://api-scuda.uat.oci.krungsri.tech/ords/api/v1/customer/individual/searchprofile,32,0,21
1779799572699,33,SearchIndividual,200,OK,SearchIndividual 2-77,text,true,,621,2602,5,122,https://api-scuda.uat.oci.krungsri.tech/ords/api/v1/customer/individual/searchprofile,33,0,20
1779799572706,37,SearchIndividual,200,OK,SearchIndividual 2-78,text,true,,1181,2602,4,121,https://api-scuda.uat.oci.krungsri.tech/ords/api/v1/customer/individual/searchprofile,37,0,23
1779799572671,305,SearchIndividual,200,OK,SearchIndividual 2-75,text,true,,1209,2602,4,129,https://api-scuda.uat.oci.krungsri.tech/ords/api/v1/customer/individual/searchprofile,305,0,221
1779799572722,320,SearchIndividual,200,OK,SearchIndividual 2-79,text,true,,1159,2602,5,134,https://api-scuda.uat.oci.krungsri.tech/ords/api/v1/customer/individual/searchprofile,319,0,232
1779799573004,48,SearchIndividual,200,OK,SearchIndividual 2-82,text,true,,1159,2602,4,133,https://api-scuda.uat.oci.krungsri.tech/ords/api/v1/customer/individual/searchprofile,47,0,30
1779799573058,53,SearchIndividual,200,OK,SearchIndividual 2-83,text,true,,1161,2602,4,134,https://api-scuda.uat.oci.krungsri.tech/ords/api/v1/customer/individual/searchprofile,53,0,39
1779799572659,453,SearchIndividual,200,OK,SearchIndividual 2-74,text,true,,1155,2602,4,134,https://api-scuda.uat.oci.krungsri.tech/ords/api/v1/customer/individual/searchprofile,453,0,241
1779799572974,147,SearchIndividual,200,OK,SearchIndividual 2-80,text,true,,1185,2602,2,132,https://api-scuda.uat.oci.krungsri.tech/ords/api/v1/customer/individual/searchprofile,147,0,117
1779799572974,150,SearchJoint,200,OK,SearchJoint 10-8,text,true,,621,2627,1,131,https://api-scuda.uat.oci.krungsri.tech/ords/api/v1/customer/joint/searchprofile,150,0,136
1779799573005,122,SearchIndividual,200,OK,SearchIndividual 2-81,text,true,,1175,2602,1,130,https://api-scuda.uat.oci.krungsri.tech/ords/api/v1/customer/individual/searchprofile,121,0,104
1779799573249,36,SearchIndividual,200,OK,SearchIndividual 2-84,text,true,,1133,2602,1,135,https://api-scuda.uat.oci.krungsri.tech/ords/api/v1/customer/individual/searchprofile,36,0,23
1779799569331,4003,GetIndividual,200,OK,GetIndividual 1-6,text,true,,3863,3588,46,135,https://api-scuda.uat.oci.krungsri.tech/ic/api/v1/customer/individual/getprofile,4003,0,26
1779799573320,29,SearchIndividual,200,OK,SearchIndividual 2-85,text,true,,1155,2602,1,134,https://api-scuda.uat.oci.krungsri.tech/ords/api/v1/customer/individual/searchprofile,28,0,16
1779799573372,26,GetIndividual,429,Too Many Requests,GetIndividual 1-49,text,false,,417,3588,48,138,https://api-scuda.uat.oci.krungsri.tech/ic/api/v1/customer/individual/getprofile,26,0,24
1779799573355,47,SearchIndividual,200,OK,SearchIndividual 2-86,text,true,,1151,2602,1,138,https://api-scuda.uat.oci.krungsri.tech/ords/api/v1/customer/individual/searchprofile,47,0,26
1779799573395,16,UpdateIndividual,429,Too Many Requests,UpdateIndividual 4-36,text,false,,417,5550,36,136,https://api-scuda.uat.oci.krungsri.tech/ic/api/v1/customer/individual/updateprofile,16,0,14
1779799573566,37,SearchIndividual,200,OK,SearchIndividual 2-88,text,true,,1241,2602,6,146,https://api-scuda.uat.oci.krungsri.tech/ords/api/v1/customer/individual/searchprofile,36,0,23
1779799573565,40,SearchIndividual,200,OK,SearchIndividual 2-87,text,true,,1155,2602,5,145,https://api-scuda.uat.oci.krungsri.tech/ords/api/v1/customer/individual/searchprofile,40,0,27
1779799573569,37,SearchIndividual,200,OK,SearchIndividual 2-89,text,true,,1173,2602,5,145,https://api-scuda.uat.oci.krungsri.tech/ords/api/v1/customer/individual/searchprofile,36,0,24
1779799573565,41,SearchJuristic,200,OK,SearchJuristic 6-8,text,true,,990,2600,1,145,https://api-scuda.uat.oci.krungsri.tech/ords/api/v1/customer/juristic/searchprofile,40,0,26
1779799573571,38,SearchIndividual,200,OK,SearchIndividual 2-91,text,true,,1115,2602,4,143,https://api-scuda.uat.oci.krungsri.tech/ords/api/v1/customer/individual/searchprofile,38,0,16
1779799573571,39,SearchIndividual,200,OK,SearchIndividual 2-90,text,true,,1179,2602,2,141,https://api-scuda.uat.oci.krungsri.tech/ords/api/v1/customer/individual/searchprofile,39,0,25
1779799573585,53,SearchIndividual,429,Too Many Requests,SearchIndividual 2-92,text,false,,417,2602,1,141,https://api-scuda.uat.oci.krungsri.tech/ords/api/v1/customer/individual/searchprofile,53,0,48
1779799573634,51,GetIndividual,429,Too Many Requests,GetIndividual 1-54,text,false,,417,3586,50,144,https://api-scuda.uat.oci.krungsri.tech/ic/api/v1/customer/individual/getprofile,51,0,31
1779799573658,54,SearchIndividual,200,OK,SearchIndividual 2-93,text,true,,1141,2602,5,146,https://api-scuda.uat.oci.krungsri.tech/ords/api/v1/customer/individual/searchprofile,54,0,35
1779799573678,41,SearchIndividual,200,OK,SearchIndividual 2-94,text,true,,1159,2602,4,145,https://api-scuda.uat.oci.krungsri.tech/ords/api/v1/customer/individual/searchprofile,40,0,28
1779799573647,89,SearchJuristic,429,Too Many Requests,SearchJuristic 6-9,text,false,,417,2600,1,145,https://api-scuda.uat.oci.krungsri.tech/ords/api/v1/customer/juristic/searchprofile,89,0,53
1779799573705,43,SearchIndividual,429,Too Many Requests,SearchIndividual 2-96,text,false,,417,2602,3,144,https://api-scuda.uat.oci.krungsri.tech/ords/api/v1/customer/individual/searchprofile,43,0,38
1779799573711,40,SearchIndividual,200,OK,SearchIndividual 2-97,text,true,,1205,2602,2,143,https://api-scuda.uat.oci.krungsri.tech/ords/api/v1/customer/individual/searchprofile,40,0,27
1779799573697,56,SearchIndividual,429,Too Many Requests,SearchIndividual 2-95,text,false,,417,2602,1,142,https://api-scuda.uat.oci.krungsri.tech/ords/api/v1/customer/individual/searchprofile,55,0,51
1779799573827,21,SearchIndividual,429,Too Many Requests,SearchIndividual 2-98,text,false,,417,2602,2,143,https://api-scuda.uat.oci.krungsri.tech/ords/api/v1/customer/individual/searchprofile,21,0,18
1779799573841,28,SearchIndividual,200,OK,SearchIndividual 2-99,text,true,,1209,2602,2,145,https://api-scuda.uat.oci.krungsri.tech/ords/api/v1/customer/individual/searchprofile,28,0,14
1779799573854,43,SearchIndividual,200,OK,SearchIndividual 2-100,text,true,,1195,2602,1,148,https://api-scuda.uat.oci.krungsri.tech/ords/api/v1/customer/individual/searchprofile,43,0,23
1779799573901,26,GetIndividual,429,Too Many Requests,GetIndividual 1-59,text,false,,417,3587,55,149,https://api-scuda.uat.oci.krungsri.tech/ic/api/v1/customer/individual/getprofile,26,0,23
1779799573902,28,GetIndividual,429,Too Many Requests,GetIndividual 1-58,text,false,,417,3588,54,149,https://api-scuda.uat.oci.krungsri.tech/ic/api/v1/customer/individual/getprofile,28,0,25
1779799573913,28,GetIndividual,429,Too Many Requests,GetIndividual 1-60,text,false,,417,3588,53,148,https://api-scuda.uat.oci.krungsri.tech/ic/api/v1/customer/individual/getprofile,28,0,26
1779799573935,22,UpdateIndividual,429,Too Many Requests,UpdateIndividual 4-41,text,false,,417,5545,40,147,https://api-scuda.uat.oci.krungsri.tech/ic/api/v1/customer/individual/updateprofile,21,0,19
1779799573965,22,CreateIndividual,429,Too Many Requests,CreateIndividual 3-9,text,false,,417,8876,9,150,https://api-scuda.uat.oci.krungsri.tech/ic/api/v1/customer/individual/createprofile,22,0,19
1779799574014,39,SearchIndividual,429,Too Many Requests,SearchIndividual 2-101,text,false,,417,2602,3,153,https://api-scuda.uat.oci.krungsri.tech/ords/api/v1/customer/individual/searchprofile,39,0,37
1779799574020,37,SearchIndividual,429,Too Many Requests,SearchIndividual 2-102,text,false,,417,2602,2,152,https://api-scuda.uat.oci.krungsri.tech/ords/api/v1/customer/individual/searchprofile,37,0,35
1779799571513,2548,CreateJoint,429,Too Many Requests,CreateJoint 11-2,text,false,,596,6140,9,151,https://api-scuda.uat.oci.krungsri.tech/ic/api/v1/customer/joint/createprofile,2548,0,0
1779799571814,2247,GetIndividual,429,Too Many Requests,GetIndividual 1-35,text,false,,600,3588,52,151,https://api-scuda.uat.oci.krungsri.tech/ic/api/v1/customer/individual/getprofile,2247,0,22
1779799574046,71,SearchIndividual,200,OK,SearchIndividual 2-103,text,true,,1153,2602,2,151,https://api-scuda.uat.oci.krungsri.tech/ords/api/v1/customer/individual/searchprofile,71,0,53
1779799574070,70,SearchIndividual,429,Too Many Requests,SearchIndividual 2-104,text,false,,417,2602,1,151,https://api-scuda.uat.oci.krungsri.tech/ords/api/v1/customer/individual/searchprofile,70,0,46
1779799574176,36,SearchIndividual,200,OK,SearchIndividual 2-105,text,true,,1173,2602,1,156,https://api-scuda.uat.oci.krungsri.tech/ords/api/v1/customer/individual/searchprofile,36,0,21
1779799574254,38,SearchIndividual,200,OK,SearchIndividual 2-106,text,true,,1195,2602,2,160,https://api-scuda.uat.oci.krungsri.tech/ords/api/v1/customer/individual/searchprofile,38,0,26
1779799574295,27,SearchJoint,200,OK,SearchJoint 10-9,text,true,,621,2627,1,161,https://api-scuda.uat.oci.krungsri.tech/ords/api/v1/customer/joint/searchprofile,26,0,14
1779799574292,39,SearchIndividual,429,Too Many Requests,SearchIndividual 2-107,text,false,,417,2602,2,160,https://api-scuda.uat.oci.krungsri.tech/ords/api/v1/customer/individual/searchprofile,39,0,37
1779799574336,13,SearchIndividual,429,Too Many Requests,SearchIndividual 2-109,text,false,,417,2602,2,160,https://api-scuda.uat.oci.krungsri.tech/ords/api/v1/customer/individual/searchprofile,13,0,11
1779799574324,52,SearchIndividual,200,OK,SearchIndividual 2-108,text,true,,1227,2602,1,159,https://api-scuda.uat.oci.krungsri.tech/ords/api/v1/customer/individual/searchprofile,51,0,34
1779799574447,34,SearchIndividual,429,Too Many Requests,SearchIndividual 2-110,text,false,,417,2601,2,161,https://api-scuda.uat.oci.krungsri.tech/ords/api/v1/customer/individual/searchprofile,34,0,25
1779799574450,42,SearchIndividual,429,Too Many Requests,SearchIndividual 2-111,text,false,,417,2602,1,160,https://api-scuda.uat.oci.krungsri.tech/ords/api/v1/customer/individual/searchprofile,42,0,38
1779799574547,48,GetIndividual,429,Too Many Requests,GetIndividual 1-67,text,false,,417,3588,59,167,https://api-scuda.uat.oci.krungsri.tech/ic/api/v1/customer/individual/getprofile,48,0,42
1779799574570,26,GetIndividual,429,Too Many Requests,GetIndividual 1-68,text,false,,417,3588,59,167,https://api-scuda.uat.oci.krungsri.tech/ic/api/v1/customer/individual/getprofile,26,0,22
1779799574555,43,UpdateIndividual,429,Too Many Requests,UpdateIndividual 4-46,text,false,,417,4226,45,165,https://api-scuda.uat.oci.krungsri.tech/ic/api/v1/customer/individual/updateprofile,43,0,35
1779799574575,32,SearchIndividual,200,OK,SearchIndividual 2-112,text,true,,1151,2602,3,165,https://api-scuda.uat.oci.krungsri.tech/ords/api/v1/customer/individual/searchprofile,32,0,20
1779799574584,33,GetJuristic,429,Too Many Requests,GetJuristic 5-10,text,false,,417,3533,9,165,https://api-scuda.uat.oci.krungsri.tech/ic/api/v1/customer/juristic/getprofile,33,0,29
1779799574589,38,SearchIndividual,429,Too Many Requests,SearchIndividual 2-113,text,false,,417,2602,2,164,https://api-scuda.uat.oci.krungsri.tech/ords/api/v1/customer/individual/searchprofile,38,0,30
1779799574603,58,SearchIndividual,200,OK,SearchIndividual 2-114,text,true,,1163,2602,1,163,https://api-scuda.uat.oci.krungsri.tech/ords/api/v1/customer/individual/searchprofile,58,0,25
1779799574668,77,GetIndividual,429,Too Many Requests,GetIndividual 1-69,text,false,,417,3588,59,167,https://api-scuda.uat.oci.krungsri.tech/ic/api/v1/customer/individual/getprofile,77,0,57
1779799574698,64,SearchIndividual,429,Too Many Requests,SearchIndividual 2-115,text,false,,417,2602,2,166,https://api-scuda.uat.oci.krungsri.tech/ords/api/v1/customer/individual/searchprofile,64,0,52
1779799574698,75,SearchIndividual,429,Too Many Requests,SearchIndividual 2-116,text,false,,417,2602,1,165,https://api-scuda.uat.oci.krungsri.tech/ords/api/v1/customer/individual/searchprofile,75,0,68
1779799574809,26,SearchIndividual,429,Too Many Requests,SearchIndividual 2-117,text,false,,417,2602,2,167,https://api-scuda.uat.oci.krungsri.tech/ords/api/v1/customer/individual/searchprofile,26,0,24
1779799574812,25,SearchIndividual,429,Too Many Requests,SearchIndividual 2-118,text,false,,417,2602,2,167,https://api-scuda.uat.oci.krungsri.tech/ords/api/v1/customer/individual/searchprofile,25,0,21
1779799569493,5350,GetIndividual,200,OK,GetIndividual 1-15,text,true,,3813,3588,58,167,https://api-scuda.uat.oci.krungsri.tech/ic/api/v1/customer/individual/getprofile,5350,0,18
1779799574870,18,SearchIndividual,429,Too Many Requests,SearchIndividual 2-119,text,false,,417,2602,1,166,https://api-scuda.uat.oci.krungsri.tech/ords/api/v1/customer/individual/searchprofile,18,0,16
1779799574872,19,GetIndividual,429,Too Many Requests,GetIndividual 1-71,text,false,,417,3588,58,165,https://api-scuda.uat.oci.krungsri.tech/ic/api/v1/customer/individual/getprofile,19,0,17
1779799574908,12,GetIndividual,429,Too Many Requests,GetIndividual 1-73,text,false,,417,3588,59,168,https://api-scuda.uat.oci.krungsri.tech/ic/api/v1/customer/individual/getprofile,12,0,9
1779799574897,26,GetIndividual,429,Too Many Requests,GetIndividual 1-72,text,false,,417,3587,58,167,https://api-scuda.uat.oci.krungsri.tech/ic/api/v1/customer/individual/getprofile,26,0,20
1779799574919,29,SearchIndividual,200,OK,SearchIndividual 2-121,text,true,,1172,2601,4,168,https://api-scuda.uat.oci.krungsri.tech/ords/api/v1/customer/individual/searchprofile,29,0,12
1779799574914,64,SearchIndividual,200,OK,SearchIndividual 2-120,text,true,,1209,2602,3,168,https://api-scuda.uat.oci.krungsri.tech/ords/api/v1/customer/individual/searchprofile,63,0,37
1779799574934,48,SearchIndividual,200,OK,SearchIndividual 2-122,text,true,,1183,2602,3,169,https://api-scuda.uat.oci.krungsri.tech/ords/api/v1/customer/individual/searchprofile,48,0,23
1779799574945,38,SearchIndividual,429,Too Many Requests,SearchIndividual 2-123,text,false,,417,2602,3,169,https://api-scuda.uat.oci.krungsri.tech/ords/api/v1/customer/individual/searchprofile,38,0,33
1779799574986,17,CreateJuristic,429,Too Many Requests,CreateJuristic 7-10,text,false,,417,8067,10,171,https://api-scuda.uat.oci.krungsri.tech/ic/api/v1/customer/juristic/createprofile,16,0,15
1779799574983,29,SearchIndividual,200,OK,SearchIndividual 2-124,text,true,,1148,2601,3,171,https://api-scuda.uat.oci.krungsri.tech/ords/api/v1/customer/individual/searchprofile,29,0,14
1779799574998,26,SearchIndividual,200,OK,SearchIndividual 2-125,text,true,,1145,2602,2,171,https://api-scuda.uat.oci.krungsri.tech/ords/api/v1/customer/individual/searchprofile,26,0,13
1779799575005,55,SearchIndividual,200,OK,SearchIndividual 2-126,text,true,,1190,2601,3,172,https://api-scuda.uat.oci.krungsri.tech/ords/api/v1/customer/individual/searchprofile,54,0,37
1779799575039,36,SearchIndividual,200,OK,SearchIndividual 2-127,text,true,,1155,2602,3,172,https://api-scuda.uat.oci.krungsri.tech/ords/api/v1/customer/individual/searchprofile,36,0,22
1779799575067,39,SearchIndividual,200,OK,SearchIndividual 2-129,text,true,,1257,2602,3,173,https://api-scuda.uat.oci.krungsri.tech/ords/api/v1/customer/individual/searchprofile,38,0,23
1779799575060,62,SearchIndividual,200,OK,SearchIndividual 2-128,text,true,,1210,2601,2,172,https://api-scuda.uat.oci.krungsri.tech/ords/api/v1/customer/individual/searchprofile,62,0,22
1779799575098,53,SearchIndividual,200,OK,SearchIndividual 2-130,text,true,,1153,2602,1,171,https://api-scuda.uat.oci.krungsri.tech/ords/api/v1/customer/individual/searchprofile,53,0,26
1779799575177,49,GetIndividual,429,Too Many Requests,GetIndividual 1-76,text,false,,417,3588,61,172,https://api-scuda.uat.oci.krungsri.tech/ic/api/v1/customer/individual/getprofile,49,0,37
1779799575232,41,GetIndividual,429,Too Many Requests,GetIndividual 1-78,text,false,,417,3588,61,173,https://api-scuda.uat.oci.krungsri.tech/ic/api/v1/customer/individual/getprofile,41,0,25
1779799575280,16,CreateJoint,429,Too Many Requests,CreateJoint 11-10,text,false,,417,5930,9,173,https://api-scuda.uat.oci.krungsri.tech/ic/api/v1/customer/joint/createprofile,16,0,14
1779799575278,56,SearchIndividual,200,OK,SearchIndividual 2-131,text,true,,1159,2602,1,173,https://api-scuda.uat.oci.krungsri.tech/ords/api/v1/customer/individual/searchprofile,56,0,32
1779799571332,4002,GetIndividual,200,OK,GetIndividual 1-30,text,true,,3839,3588,60,173,https://api-scuda.uat.oci.krungsri.tech/ic/api/v1/customer/individual/getprofile,4002,0,73
1779799575309,40,SearchJoint,200,OK,SearchJoint 10-10,text,true,,621,2627,1,171,https://api-scuda.uat.oci.krungsri.tech/ords/api/v1/customer/joint/searchprofile,40,0,24
1779799571330,4018,GetIndividual,200,OK,GetIndividual 1-29,text,true,,3866,3588,59,171,https://api-scuda.uat.oci.krungsri.tech/ic/api/v1/customer/individual/getprofile,4018,0,62
1779799569330,6063,GetIndividual,200,OK,GetIndividual 1-5,text,true,,3799,3588,59,173,https://api-scuda.uat.oci.krungsri.tech/ic/api/v1/customer/individual/getprofile,6062,0,0
1779799569332,6062,GetJoint,200,OK,GetJoint 9-2,text,true,,1431,3530,10,173,https://api-scuda.uat.oci.krungsri.tech/ic/api/v1/customer/joint/getprofile,6062,0,0
1779799575355,56,SearchIndividual,200,OK,SearchIndividual 2-132,text,true,,1181,2602,1,173,https://api-scuda.uat.oci.krungsri.tech/ords/api/v1/customer/individual/searchprofile,56,0,38
1779799569332,6091,GetJoint,200,OK,GetJoint 9-1,text,true,,1429,3530,9,172,https://api-scuda.uat.oci.krungsri.tech/ic/api/v1/customer/joint/getprofile,6091,0,0
1779799570810,4621,GetJoint,200,OK,GetJoint 9-6,text,true,,1431,3530,8,171,https://api-scuda.uat.oci.krungsri.tech/ic/api/v1/customer/joint/getprofile,4621,0,38
1779799575395,49,SearchJuristic,200,OK,SearchJuristic 6-10,text,true,,984,2600,1,171,https://api-scuda.uat.oci.krungsri.tech/ords/api/v1/customer/juristic/searchprofile,49,0,28
1779799575498,84,SearchIndividual,429,Too Many Requests,SearchIndividual 2-135,text,false,,417,2602,4,176,https://api-scuda.uat.oci.krungsri.tech/ords/api/v1/customer/individual/searchprofile,84,0,54
1779799575436,171,SearchIndividual,200,OK,SearchIndividual 2-134,text,true,,1167,2602,3,175,https://api-scuda.uat.oci.krungsri.tech/ords/api/v1/customer/individual/searchprofile,164,0,39
1779799575422,201,SearchIndividual,200,OK,SearchIndividual 2-133,text,true,,1177,2602,2,174,https://api-scuda.uat.oci.krungsri.tech/ords/api/v1/customer/individual/searchprofile,201,0,45
1779799569329,6301,GetIndividual,200,OK,GetIndividual 1-8,text,true,,3905,3588,60,173,https://api-scuda.uat.oci.krungsri.tech/ic/api/v1/customer/individual/getprofile,6301,0,48
1779799575549,88,SearchIndividual,200,OK,SearchIndividual 2-136,text,true,,1173,2602,1,173,https://api-scuda.uat.oci.krungsri.tech/ords/api/v1/customer/individual/searchprofile,88,0,66
1779799569329,6310,GetIndividual,200,OK,GetIndividual 1-3,text,true,,3860,3588,61,173,https://api-scuda.uat.oci.krungsri.tech/ic/api/v1/customer/individual/getprofile,6310,0,0
1779799572263,3420,CreateJuristic,429,Too Many Requests,CreateJuristic 7-2,text,false,,602,7899,9,174,https://api-scuda.uat.oci.krungsri.tech/ic/api/v1/customer/juristic/createprofile,3420,0,0
1779799569329,6406,GetIndividual,200,OK,GetIndividual 1-1,text,true,,3825,3588,63,182,https://api-scuda.uat.oci.krungsri.tech/ic/api/v1/customer/individual/getprofile,6406,0,0
1779799569325,6412,GetJoint,200,OK,GetJoint 9-3,text,true,,1431,3530,8,181,https://api-scuda.uat.oci.krungsri.tech/ic/api/v1/customer/joint/getprofile,6412,0,28
1779799569332,6406,GetIndividual,200,OK,GetIndividual 1-7,text,true,,3838,3588,62,181,https://api-scuda.uat.oci.krungsri.tech/ic/api/v1/customer/individual/getprofile,6406,0,38
1779799575713,32,SearchIndividual,200,OK,SearchIndividual 2-138,text,true,,1177,2602,4,181,https://api-scuda.uat.oci.krungsri.tech/ords/api/v1/customer/individual/searchprofile,32,0,19
1779799575708,45,SearchJuristic,200,OK,SearchJuristic 6-11,text,true,,1015,2600,1,180,https://api-scuda.uat.oci.krungsri.tech/ords/api/v1/customer/juristic/searchprofile,45,0,33
1779799575686,85,SearchIndividual,200,OK,SearchIndividual 2-137,text,true,,1192,2601,5,181,https://api-scuda.uat.oci.krungsri.tech/ords/api/v1/customer/individual/searchprofile,82,0,39
1779799570420,5352,GetIndividual,200,OK,GetIndividual 1-22,text,true,,3844,3588,62,180,https://api-scuda.uat.oci.krungsri.tech/ic/api/v1/customer/individual/getprofile,5352,0,22
1779799575728,47,SearchIndividual,200,OK,SearchIndividual 2-139,text,true,,1197,2602,4,179,https://api-scuda.uat.oci.krungsri.tech/ords/api/v1/customer/individual/searchprofile,47,0,32
1779799575743,33,SearchIndividual,200,OK,SearchIndividual 2-140,text,true,,1161,2602,3,178,https://api-scuda.uat.oci.krungsri.tech/ords/api/v1/customer/individual/searchprofile,33,0,20
1779799575761,35,SearchIndividual,200,OK,SearchIndividual 2-141,text,true,,1177,2602,5,181,https://api-scuda.uat.oci.krungsri.tech/ords/api/v1/customer/individual/searchprofile,35,0,21
1779799572474,3331,UpdateIndividual,429,Too Many Requests,UpdateIndividual 4-26,text,false,,606,5550,55,181,https://api-scuda.uat.oci.krungsri.tech/ic/api/v1/customer/individual/updateprofile,3331,0,83
1779799575771,65,SearchIndividual,200,OK,SearchIndividual 2-142,text,true,,1165,2602,4,182,https://api-scuda.uat.oci.krungsri.tech/ords/api/v1/customer/individual/searchprofile,65,0,29
1779799575786,61,SearchIndividual,200,OK,SearchIndividual 2-145,text,true,,1165,2602,4,182,https://api-scuda.uat.oci.krungsri.tech/ords/api/v1/customer/individual/searchprofile,61,0,44
1779799570702,5145,GetIndividual,200,OK,GetIndividual 1-23,text,true,,3817,3588,63,182,https://api-scuda.uat.oci.krungsri.tech/ic/api/v1/customer/individual/getprofile,5145,0,64
1779799575780,72,SearchIndividual,200,OK,SearchIndividual 2-144,text,true,,1183,2602,4,182,https://api-scuda.uat.oci.krungsri.tech/ords/api/v1/customer/individual/searchprofile,72,0,43
1779799575780,103,SearchIndividual,200,OK,SearchIndividual 2-143,text,true,,1189,2602,1,179,https://api-scuda.uat.oci.krungsri.tech/ords/api/v1/customer/individual/searchprofile,101,0,45
1779799572512,3514,GetIndividual,429,Too Many Requests,GetIndividual 1-41,text,false,,600,3588,63,184,https://api-scuda.uat.oci.krungsri.tech/ic/api/v1/customer/individual/getprofile,3514,0,32
1779799575904,53,SearchIndividual,200,OK,SearchIndividual 2-146,text,true,,1191,2602,3,182,https://api-scuda.uat.oci.krungsri.tech/ords/api/v1/customer/individual/searchprofile,52,0,30
1779799575921,50,SearchIndividual,200,OK,SearchIndividual 2-147,text,true,,1163,2602,3,182,https://api-scuda.uat.oci.krungsri.tech/ords/api/v1/customer/individual/searchprofile,50,0,26
1779799572477,3456,UpdateJoint,200,OK,UpdateJoint 12-7,text,true,,800,4512,11,182,https://api-scuda.uat.oci.krungsri.tech/ic/api/v1/customer/joint/updateprofile,3456,0,13
1779799569494,6442,GetIndividual,200,OK,GetIndividual 1-12,text,true,,3817,3588,62,182,https://api-scuda.uat.oci.krungsri.tech/ic/api/v1/customer/individual/getprofile,6442,0,24
1779799569327,6743,GetJuristic,200,OK,GetJuristic 5-2,text,true,,3482,3533,8,179,https://api-scuda.uat.oci.krungsri.tech/ic/api/v1/customer/juristic/getprofile,6743,0,0
1779799569912,6159,GetIndividual,200,OK,GetIndividual 1-17,text,true,,3810,3588,61,178,https://api-scuda.uat.oci.krungsri.tech/ic/api/v1/customer/individual/getprofile,6159,0,25
1779799569329,6758,GetIndividual,200,OK,GetIndividual 1-10,text,true,,3881,3588,61,179,https://api-scuda.uat.oci.krungsri.tech/ic/api/v1/customer/individual/getprofile,6758,0,33
1779799576055,65,SearchIndividual,200,OK,SearchIndividual 2-148,text,true,,1159,2602,4,182,https://api-scuda.uat.oci.krungsri.tech/ords/api/v1/customer/individual/searchprofile,65,0,40
1779799569812,6345,GetJuristic,200,OK,GetJuristic 5-5,text,true,,3425,3533,8,184,https://api-scuda.uat.oci.krungsri.tech/ic/api/v1/customer/juristic/getprofile,6345,0,14
1779799571218,4941,GetIndividual,200,OK,GetIndividual 1-27,text,true,,3835,3588,61,184,https://api-scuda.uat.oci.krungsri.tech/ic/api/v1/customer/individual/getprofile,4941,0,22
1779799576139,34,SearchIndividual,200,OK,SearchIndividual 2-153,text,true,,1204,2601,7,183,https://api-scuda.uat.oci.krungsri.tech/ords/api/v1/customer/individual/searchprofile,34,0,20
1779799576104,79,SearchIndividual,200,OK,SearchIndividual 2-150,text,true,,1203,2602,6,182,https://api-scuda.uat.oci.krungsri.tech/ords/api/v1/customer/individual/searchprofile,78,0,56
1779799576120,64,SearchIndividual,200,OK,SearchIndividual 2-151,text,true,,1173,2602,5,181,https://api-scuda.uat.oci.krungsri.tech/ords/api/v1/customer/individual/searchprofile,64,0,40
1779799576124,62,SearchIndividual,200,OK,SearchIndividual 2-152,text,true,,1125,2602,4,180,https://api-scuda.uat.oci.krungsri.tech/ords/api/v1/customer/individual/searchprofile,62,0,46
1779799576098,88,SearchIndividual,200,OK,SearchIndividual 2-149,text,true,,1175,2602,4,180,https://api-scuda.uat.oci.krungsri.tech/ords/api/v1/customer/individual/searchprofile,88,0,67
1779799576159,46,SearchIndividual,200,OK,SearchIndividual 2-154,text,true,,1167,2602,2,179,https://api-scuda.uat.oci.krungsri.tech/ords/api/v1/customer/individual/searchprofile,44,0,22
1779799576171,35,SearchIndividual,200,OK,SearchIndividual 2-155,text,true,,1175,2602,2,179,https://api-scuda.uat.oci.krungsri.tech/ords/api/v1/customer/individual/searchprofile,35,0,17
1779799572380,3858,UpdateIndividual,200,OK,UpdateIndividual 4-2,text,true,,800,5563,56,177,https://api-scuda.uat.oci.krungsri.tech/ic/api/v1/customer/individual/updateprofile,3858,0,0
1779799569343,6899,GetIndividual,200,OK,GetIndividual 1-11,text,true,,3799,3588,60,176,https://api-scuda.uat.oci.krungsri.tech/ic/api/v1/customer/individual/getprofile,6899,0,27
1779799570384,5969,GetIndividual,200,OK,GetIndividual 1-21,text,true,,3863,3588,62,181,https://api-scuda.uat.oci.krungsri.tech/ic/api/v1/customer/individual/getprofile,5969,0,32
1779799571689,4665,GetIndividual,200,OK,GetIndividual 1-33,text,true,,3836,3588,62,181,https://api-scuda.uat.oci.krungsri.tech/ic/api/v1/customer/individual/getprofile,4665,0,28
1779799569807,6553,GetIndividual,200,OK,GetIndividual 1-16,text,true,,3935,3588,60,179,https://api-scuda.uat.oci.krungsri.tech/ic/api/v1/customer/individual/getprofile,6553,0,23
1779799570236,6125,GetIndividual,200,OK,GetIndividual 1-19,text,true,,3834,3588,60,179,https://api-scuda.uat.oci.krungsri.tech/ic/api/v1/customer/individual/getprofile,6125,0,25
1779799572376,3986,UpdateJuristic,200,OK,UpdateJuristic 8-2,text,true,,800,5812,11,178,https://api-scuda.uat.oci.krungsri.tech/ic/api/v1/customer/juristic/updateprofile,3986,0,0
1779799576273,94,SearchIndividual,200,OK,SearchIndividual 2-156,text,true,,1131,2602,1,176,https://api-scuda.uat.oci.krungsri.tech/ords/api/v1/customer/individual/searchprofile,94,0,50
1779799572487,3884,UpdateIndividual,429,Too Many Requests,UpdateIndividual 4-27,text,false,,606,5527,57,175,https://api-scuda.uat.oci.krungsri.tech/ic/api/v1/customer/individual/updateprofile,3884,0,26
1779799576378,38,SearchJoint,200,OK,SearchJoint 10-11,text,true,,621,2627,1,179,https://api-scuda.uat.oci.krungsri.tech/ords/api/v1/customer/joint/searchprofile,38,0,21
1779799570453,5970,GetJoint,200,OK,GetJoint 9-5,text,true,,1431,3530,7,178,https://api-scuda.uat.oci.krungsri.tech/ic/api/v1/customer/joint/getprofile,5970,0,20
1779799570342,6087,GetIndividual,200,OK,GetIndividual 1-20,text,true,,3822,3588,58,177,https://api-scuda.uat.oci.krungsri.tech/ic/api/v1/customer/individual/getprofile,6087,0,24
1779799571618,4820,GetIndividual,200,OK,GetIndividual 1-32,text,true,,3851,3588,57,176,https://api-scuda.uat.oci.krungsri.tech/ic/api/v1/customer/individual/getprofile,4820,0,25
1779799573070,3368,GetIndividual,200,OK,GetIndividual 1-47,text,true,,3827,3588,57,176,https://api-scuda.uat.oci.krungsri.tech/ic/api/v1/customer/individual/getprofile,3368,0,27
1779799569344,7112,GetJuristic,200,OK,GetJuristic 5-3,text,true,,3527,3533,7,175,https://api-scuda.uat.oci.krungsri.tech/ic/api/v1/customer/juristic/getprofile,7112,0,21
1779799572362,4097,UpdateJuristic,200,OK,UpdateJuristic 8-7,text,true,,797,5729,10,175,https://api-scuda.uat.oci.krungsri.tech/ic/api/v1/customer/juristic/updateprofile,4097,0,23
1779799572072,4397,GetJuristic,429,Too Many Requests,GetJuristic 5-7,text,false,,596,3533,6,176,https://api-scuda.uat.oci.krungsri.tech/ic/api/v1/customer/juristic/getprofile,4397,0,38
1779799576444,34,SearchIndividual,200,OK,SearchIndividual 2-157,text,true,,1197,2602,4,175,https://api-scuda.uat.oci.krungsri.tech/ords/api/v1/customer/individual/searchprofile,34,0,20
1779799572477,4000,GetIndividual,200,OK,GetIndividual 1-39,text,true,,3789,3588,55,175,https://api-scuda.uat.oci.krungsri.tech/ic/api/v1/customer/individual/getprofile,4000,0,79
1779799576460,38,SearchIndividual,200,OK,SearchIndividual 2-158,text,true,,1225,2600,3,174,https://api-scuda.uat.oci.krungsri.tech/ords/api/v1/customer/individual/searchprofile,37,0,24
1779799576465,36,SearchIndividual,200,OK,SearchIndividual 2-159,text,true,,1226,2601,3,174,https://api-scuda.uat.oci.krungsri.tech/ords/api/v1/customer/individual/searchprofile,36,0,22
1779799576467,43,SearchIndividual,200,OK,SearchIndividual 2-160,text,true,,1189,2602,2,173,https://api-scuda.uat.oci.krungsri.tech/ords/api/v1/customer/individual/searchprofile,43,0,25
1779799576502,34,SearchIndividual,200,OK,SearchIndividual 2-161,text,true,,1203,2602,1,172,https://api-scuda.uat.oci.krungsri.tech/ords/api/v1/customer/individual/searchprofile,34,0,19
1779799571455,5083,UpdateJoint,200,OK,UpdateJoint 12-2,text,true,,800,4583,10,172,https://api-scuda.uat.oci.krungsri.tech/ic/api/v1/customer/joint/updateprofile,5083,0,0
1779799572380,4183,UpdateIndividual,200,OK,UpdateIndividual 4-23,text,true,,800,5548,58,172,https://api-scuda.uat.oci.krungsri.tech/ic/api/v1/customer/individual/updateprofile,4183,0,19
1779799569338,7225,GetJoint,200,OK,GetJoint 9-4,text,true,,1431,3530,6,172,https://api-scuda.uat.oci.krungsri.tech/ic/api/v1/customer/joint/getprofile,7225,0,38
1779799569494,7070,GetIndividual,200,OK,GetIndividual 1-14,text,true,,3849,3588,55,172,https://api-scuda.uat.oci.krungsri.tech/ic/api/v1/customer/individual/getprofile,7070,0,25
1779799570884,5686,GetIndividual,429,Too Many Requests,GetIndividual 1-25,text,false,,600,3588,54,170,https://api-scuda.uat.oci.krungsri.tech/ic/api/v1/customer/individual/getprofile,5686,0,21
1779799572368,4203,UpdateJuristic,429,Too Many Requests,UpdateJuristic 8-1,text,false,,602,5764,9,170,https://api-scuda.uat.oci.krungsri.tech/ic/api/v1/customer/juristic/updateprofile,4203,0,0
1779799576567,29,SearchIndividual,200,OK,SearchIndividual 2-162,text,true,,1197,2602,4,170,https://api-scuda.uat.oci.krungsri.tech/ords/api/v1/customer/individual/searchprofile,29,0,17
1779799576574,31,SearchIndividual,200,OK,SearchIndividual 2-164,text,true,,1123,2602,3,170,https://api-scuda.uat.oci.krungsri.tech/ords/api/v1/customer/individual/searchprofile,30,0,18
1779799576585,29,SearchIndividual,200,OK,SearchIndividual 2-165,text,true,,1155,2602,2,169,https://api-scuda.uat.oci.krungsri.tech/ords/api/v1/customer/individual/searchprofile,29,0,17
1779799576573,50,SearchIndividual,200,OK,SearchIndividual 2-163,text,true,,1171,2602,1,168,https://api-scuda.uat.oci.krungsri.tech/ords/api/v1/customer/individual/searchprofile,49,0,27
1779799572989,3638,GetIndividual,200,OK,GetIndividual 1-46,text,true,,3841,3588,53,168,https://api-scuda.uat.oci.krungsri.tech/ic/api/v1/customer/individual/getprofile,3638,0,20
1779799576627,44,SearchIndividual,200,OK,SearchIndividual 2-166,text,true,,1171,2602,3,171,https://api-scuda.uat.oci.krungsri.tech/ords/api/v1/customer/individual/searchprofile,44,0,30
1779799576648,31,SearchIndividual,200,OK,SearchIndividual 2-167,text,true,,1155,2602,2,170,https://api-scuda.uat.oci.krungsri.tech/ords/api/v1/customer/individual/searchprofile,31,0,15
1779799576663,35,SearchIndividual,200,OK,SearchIndividual 2-168,text,true,,1199,2602,2,171,https://api-scuda.uat.oci.krungsri.tech/ords/api/v1/customer/individual/searchprofile,35,0,22
1779799576684,60,SearchIndividual,200,OK,SearchIndividual 2-169,text,true,,1199,2602,2,173,https://api-scuda.uat.oci.krungsri.tech/ords/api/v1/customer/individual/searchprofile,60,0,39
1779799576720,32,SearchIndividual,200,OK,SearchIndividual 2-170,text,true,,1135,2602,1,172,https://api-scuda.uat.oci.krungsri.tech/ords/api/v1/customer/individual/searchprofile,31,0,15
1779799572369,4400,UpdateJuristic,429,Too Many Requests,UpdateJuristic 8-4,text,false,,602,5806,8,171,https://api-scuda.uat.oci.krungsri.tech/ic/api/v1/customer/juristic/updateprofile,4400,0,31
1779799576835,31,SearchIndividual,200,OK,SearchIndividual 2-171,text,true,,1115,2602,3,180,https://api-scuda.uat.oci.krungsri.tech/ords/api/v1/customer/individual/searchprofile,30,0,18
1779799576852,24,SearchIndividual,200,OK,SearchIndividual 2-172,text,true,,1179,2602,2,179,https://api-scuda.uat.oci.krungsri.tech/ords/api/v1/customer/individual/searchprofile,24,0,12
1779799576853,34,SearchIndividual,200,OK,SearchIndividual 2-173,text,true,,1215,2602,1,178,https://api-scuda.uat.oci.krungsri.tech/ords/api/v1/customer/individual/searchprofile,34,0,22
1779799576928,31,SearchIndividual,200,OK,SearchIndividual 2-174,text,true,,1123,2602,1,183,https://api-scuda.uat.oci.krungsri.tech/ords/api/v1/customer/individual/searchprofile,31,0,19
1779799573009,3967,UpdateJuristic,429,Too Many Requests,UpdateJuristic 8-8,text,false,,602,4424,8,183,https://api-scuda.uat.oci.krungsri.tech/ic/api/v1/customer/juristic/updateprofile,3967,0,74
1779799576977,60,SearchIndividual,200,OK,SearchIndividual 2-175,text,true,,1215,2602,2,185,https://api-scuda.uat.oci.krungsri.tech/ords/api/v1/customer/individual/searchprofile,60,0,33
1779799577004,39,SearchIndividual,200,OK,SearchIndividual 2-176,text,true,,1187,2602,1,184,https://api-scuda.uat.oci.krungsri.tech/ords/api/v1/customer/individual/searchprofile,39,0,25
1779799577046,39,SearchIndividual,200,OK,SearchIndividual 2-177,text,true,,1123,2602,2,186,https://api-scuda.uat.oci.krungsri.tech/ords/api/v1/customer/individual/searchprofile,39,0,23
1779799577052,47,SearchIndividual,200,OK,SearchIndividual 2-178,text,true,,1241,2602,2,186,https://api-scuda.uat.oci.krungsri.tech/ords/api/v1/customer/individual/searchprofile,47,0,26
1779799577094,53,SearchIndividual,200,OK,SearchIndividual 2-179,text,true,,1201,2602,2,187,https://api-scuda.uat.oci.krungsri.tech/ords/api/v1/customer/individual/searchprofile,52,0,27
1779799577142,28,SearchIndividual,200,OK,SearchIndividual 2-180,text,true,,1189,2602,2,187,https://api-scuda.uat.oci.krungsri.tech/ords/api/v1/customer/individual/searchprofile,28,0,16
1779799577157,45,SearchIndividual,200,OK,SearchIndividual 2-181,text,true,,1219,2602,1,187,https://api-scuda.uat.oci.krungsri.tech/ords/api/v1/customer/individual/searchprofile,42,0,21
1779799577260,40,SearchIndividual,200,OK,SearchIndividual 2-182,text,true,,1191,2602,3,195,https://api-scuda.uat.oci.krungsri.tech/ords/api/v1/customer/individual/searchprofile,40,0,26
1779799577290,26,SearchIndividual,200,OK,SearchIndividual 2-184,text,true,,1235,2602,2,194,https://api-scuda.uat.oci.krungsri.tech/ords/api/v1/customer/individual/searchprofile,26,0,14
1779799572382,4947,UpdateIndividual,200,OK,UpdateIndividual 4-24,text,true,,800,5730,67,193,https://api-scuda.uat.oci.krungsri.tech/ic/api/v1/customer/individual/updateprofile,4947,0,23
1779799572475,4859,GetIndividual,200,OK,GetIndividual 1-40,text,true,,3820,3588,64,192,https://api-scuda.uat.oci.krungsri.tech/ic/api/v1/customer/individual/getprofile,4859,0,23
1779799577274,65,SearchIndividual,200,OK,SearchIndividual 2-183,text,true,,1155,2602,1,191,https://api-scuda.uat.oci.krungsri.tech/ords/api/v1/customer/individual/searchprofile,65,0,28
1779799577293,60,SearchJuristic,200,OK,SearchJuristic 6-12,text,true,,985,2600,1,192,https://api-scuda.uat.oci.krungsri.tech/ords/api/v1/customer/juristic/searchprofile,59,0,31
1779799577345,32,SearchIndividual,200,OK,SearchIndividual 2-185,text,true,,1179,2602,2,191,https://api-scuda.uat.oci.krungsri.tech/ords/api/v1/customer/individual/searchprofile,31,0,19
1779799577355,34,SearchIndividual,200,OK,SearchIndividual 2-186,text,true,,1187,2602,2,192,https://api-scuda.uat.oci.krungsri.tech/ords/api/v1/customer/individual/searchprofile,34,0,20
1779799577382,51,SearchIndividual,200,OK,SearchIndividual 2-187,text,true,,1150,2601,2,194,https://api-scuda.uat.oci.krungsri.tech/ords/api/v1/customer/individual/searchprofile,51,0,35
1779799577397,40,SearchIndividual,200,OK,SearchIndividual 2-188,text,true,,1179,2602,1,193,https://api-scuda.uat.oci.krungsri.tech/ords/api/v1/customer/individual/searchprofile,40,0,16
1779799577463,25,SearchIndividual,200,OK,SearchIndividual 2-189,text,true,,1195,2602,2,195,https://api-scuda.uat.oci.krungsri.tech/ords/api/v1/customer/individual/searchprofile,25,0,12
1779799577481,50,SearchIndividual,200,OK,SearchIndividual 2-190,text,true,,1121,2602,2,198,https://api-scuda.uat.oci.krungsri.tech/ords/api/v1/customer/individual/searchprofile,49,0,33
1779799577519,31,SearchJoint,200,OK,SearchJoint 10-12,text,true,,621,2627,1,197,https://api-scuda.uat.oci.krungsri.tech/ords/api/v1/customer/joint/searchprofile,31,0,21
1779799577530,63,SearchIndividual,200,OK,SearchIndividual 2-191,text,true,,1171,2602,2,200,https://api-scuda.uat.oci.krungsri.tech/ords/api/v1/customer/individual/searchprofile,63,0,41
1779799577568,36,SearchJoint,200,OK,SearchJoint 10-13,text,true,,621,2627,1,202,https://api-scuda.uat.oci.krungsri.tech/ords/api/v1/customer/joint/searchprofile,36,0,20
1779799577597,33,SearchIndividual,200,OK,SearchIndividual 2-192,text,true,,1239,2602,3,203,https://api-scuda.uat.oci.krungsri.tech/ords/api/v1/customer/individual/searchprofile,33,0,17
1779799577603,37,SearchIndividual,200,OK,SearchIndividual 2-193,text,true,,1169,2602,3,203,https://api-scuda.uat.oci.krungsri.tech/ords/api/v1/customer/individual/searchprofile,37,0,22
1779799577601,53,SearchIndividual,200,OK,SearchIndividual 2-194,text,true,,1188,2601,2,203,https://api-scuda.uat.oci.krungsri.tech/ords/api/v1/customer/individual/searchprofile,53,0,35
1779799577621,45,SearchJuristic,200,OK,SearchJuristic 6-13,text,true,,990,2600,1,203,https://api-scuda.uat.oci.krungsri.tech/ords/api/v1/customer/juristic/searchprofile,45,0,24
1779799577638,42,SearchIndividual,200,OK,SearchIndividual 2-195,text,true,,1197,2602,2,202,https://api-scuda.uat.oci.krungsri.tech/ords/api/v1/customer/individual/searchprofile,42,0,22
1779799577665,30,SearchIndividual,200,OK,SearchIndividual 2-196,text,true,,1217,2602,1,202,https://api-scuda.uat.oci.krungsri.tech/ords/api/v1/customer/individual/searchprofile,30,0,13
1779799577717,42,SearchIndividual,200,OK,SearchIndividual 2-197,text,true,,1202,2601,1,206,https://api-scuda.uat.oci.krungsri.tech/ords/api/v1/customer/individual/searchprofile,42,0,23
1779799577791,52,SearchIndividual,200,OK,SearchIndividual 2-198,text,true,,1147,2602,1,209,https://api-scuda.uat.oci.krungsri.tech/ords/api/v1/customer/individual/searchprofile,52,0,23
1779799574995,2868,GetJoint,429,Too Many Requests,GetJoint 9-10,text,false,,590,3529,6,211,https://api-scuda.uat.oci.krungsri.tech/ic/api/v1/customer/joint/getprofile,2868,0,35
1779799577855,25,SearchIndividual,200,OK,SearchIndividual 2-200,text,true,,1195,2602,2,209,https://api-scuda.uat.oci.krungsri.tech/ords/api/v1/customer/individual/searchprofile,25,0,13
1779799577856,31,SearchIndividual,200,OK,SearchIndividual 2-199,text,true,,1149,2602,1,208,https://api-scuda.uat.oci.krungsri.tech/ords/api/v1/customer/individual/searchprofile,31,0,19
1779799573564,4363,GetIndividual,200,OK,GetIndividual 1-52,text,true,,3852,3588,74,211,https://api-scuda.uat.oci.krungsri.tech/ic/api/v1/customer/individual/getprofile,4363,0,22
1779799572379,5556,UpdateIndividual,200,OK,UpdateIndividual 4-13,text,true,,800,5575,74,213,https://api-scuda.uat.oci.krungsri.tech/ic/api/v1/customer/individual/updateprofile,5556,0,23
1779799577911,36,SearchIndividual,200,OK,SearchIndividual 2-201,text,true,,1195,2602,2,212,https://api-scuda.uat.oci.krungsri.tech/ords/api/v1/customer/individual/searchprofile,35,0,21
1779799577911,36,SearchIndividual,200,OK,SearchIndividual 2-202,text,true,,1203,2602,2,212,https://api-scuda.uat.oci.krungsri.tech/ords/api/v1/customer/individual/searchprofile,36,0,23
1779799577972,22,SearchIndividual,200,OK,SearchIndividual 2-203,text,true,,1161,2602,2,212,https://api-scuda.uat.oci.krungsri.tech/ords/api/v1/customer/individual/searchprofile,22,0,10
1779799577972,43,SearchIndividual,200,OK,SearchIndividual 2-204,text,true,,1207,2602,2,213,https://api-scuda.uat.oci.krungsri.tech/ords/api/v1/customer/individual/searchprofile,43,0,25
1779799572941,5090,UpdateIndividual,200,OK,UpdateIndividual 4-32,text,true,,800,4229,74,213,https://api-scuda.uat.oci.krungsri.tech/ic/api/v1/customer/individual/updateprofile,5090,0,21
1779799571513,6520,CreateJoint,200,OK,CreateJoint 11-4,text,true,,1772,6049,11,212,https://api-scuda.uat.oci.krungsri.tech/ic/api/v1/customer/joint/createprofile,6520,0,25
1779799572363,5670,UpdateJuristic,200,OK,UpdateJuristic 8-6,text,true,,800,5764,7,212,https://api-scuda.uat.oci.krungsri.tech/ic/api/v1/customer/juristic/updateprofile,5670,0,35
1779799578004,35,SearchIndividual,200,OK,SearchIndividual 2-205,text,true,,1175,2602,2,210,https://api-scuda.uat.oci.krungsri.tech/ords/api/v1/customer/individual/searchprofile,35,0,22
1779799578024,27,SearchIndividual,200,OK,SearchIndividual 2-206,text,true,,1149,2602,1,209,https://api-scuda.uat.oci.krungsri.tech/ords/api/v1/customer/individual/searchprofile,27,0,16
1779799578152,49,SearchIndividual,200,OK,SearchIndividual 2-207,text,true,,1235,2602,3,216,https://api-scuda.uat.oci.krungsri.tech/ords/api/v1/customer/individual/searchprofile,49,0,28
1779799578189,37,SearchIndividual,200,OK,SearchIndividual 2-208,text,true,,1211,2602,3,218,https://api-scuda.uat.oci.krungsri.tech/ords/api/v1/customer/individual/searchprofile,35,0,17
1779799578201,45,SearchIndividual,200,OK,SearchIndividual 2-209,text,true,,1149,2602,2,218,https://api-scuda.uat.oci.krungsri.tech/ords/api/v1/customer/individual/searchprofile,45,0,31
1779799578204,48,SearchIndividual,200,OK,SearchIndividual 2-210,text,true,,1181,2602,1,217,https://api-scuda.uat.oci.krungsri.tech/ords/api/v1/customer/individual/searchprofile,48,0,26
1779799578289,35,SearchIndividual,200,OK,SearchIndividual 2-211,text,true,,1146,2601,3,222,https://api-scuda.uat.oci.krungsri.tech/ords/api/v1/customer/individual/searchprofile,35,0,14
1779799578295,36,SearchIndividual,200,OK,SearchIndividual 2-212,text,true,,1153,2602,2,221,https://api-scuda.uat.oci.krungsri.tech/ords/api/v1/customer/individual/searchprofile,36,0,17
1779799578311,38,SearchIndividual,200,OK,SearchIndividual 2-213,text,true,,1171,2602,2,222,https://api-scuda.uat.oci.krungsri.tech/ords/api/v1/customer/individual/searchprofile,38,0,25
1779799578333,34,SearchIndividual,200,OK,SearchIndividual 2-214,text,true,,1197,2602,3,226,https://api-scuda.uat.oci.krungsri.tech/ords/api/v1/customer/individual/searchprofile,34,0,22
1779799578357,29,SearchIndividual,200,OK,SearchIndividual 2-215,text,true,,1193,2602,2,226,https://api-scuda.uat.oci.krungsri.tech/ords/api/v1/customer/individual/searchprofile,29,0,14
1779799578360,44,SearchIndividual,200,OK,SearchIndividual 2-216,text,true,,1151,2602,2,226,https://api-scuda.uat.oci.krungsri.tech/ords/api/v1/customer/individual/searchprofile,44,0,24
1779799578391,37,SearchIndividual,200,OK,SearchIndividual 2-217,text,true,,1165,2602,1,225,https://api-scuda.uat.oci.krungsri.tech/ords/api/v1/customer/individual/searchprofile,37,0,21
1779799578449,36,SearchIndividual,200,OK,SearchIndividual 2-218,text,true,,1177,2602,3,228,https://api-scuda.uat.oci.krungsri.tech/ords/api/v1/customer/individual/searchprofile,36,0,20
1779799578453,37,SearchIndividual,200,OK,SearchIndividual 2-219,text,true,,1229,2602,2,227,https://api-scuda.uat.oci.krungsri.tech/ords/api/v1/customer/individual/searchprofile,37,0,24
1779799578485,30,SearchIndividual,200,OK,SearchIndividual 2-220,text,true,,1181,2602,1,228,https://api-scuda.uat.oci.krungsri.tech/ords/api/v1/customer/individual/searchprofile,30,0,17
1779799572373,6202,UpdateJuristic,200,OK,UpdateJuristic 8-5,text,true,,800,5778,7,231,https://api-scuda.uat.oci.krungsri.tech/ic/api/v1/customer/juristic/updateprofile,6202,0,36
1779799576649,1928,UpdateIndividual,429,Too Many Requests,UpdateIndividual 4-66,text,false,,606,5611,77,230,https://api-scuda.uat.oci.krungsri.tech/ic/api/v1/customer/individual/updateprofile,1928,0,22
1779799578517,84,SearchIndividual,200,OK,SearchIndividual 2-221,text,true,,1235,2602,2,230,https://api-scuda.uat.oci.krungsri.tech/ords/api/v1/customer/individual/searchprofile,84,0,39
1779799578573,40,SearchIndividual,200,OK,SearchIndividual 2-222,text,true,,1199,2602,1,230,https://api-scuda.uat.oci.krungsri.tech/ords/api/v1/customer/individual/searchprofile,40,0,26
1779799578623,28,SearchIndividual,200,OK,SearchIndividual 2-223,text,true,,1199,2602,1,233,https://api-scuda.uat.oci.krungsri.tech/ords/api/v1/customer/individual/searchprofile,28,0,16
1779799575714,2955,UpdateIndividual,429,Too Many Requests,UpdateIndividual 4-55,text,false,,606,4229,76,234,https://api-scuda.uat.oci.krungsri.tech/ic/api/v1/customer/individual/updateprofile,2955,0,30
1779799578663,43,SearchIndividual,200,OK,SearchIndividual 2-224,text,true,,1211,2602,2,236,https://api-scuda.uat.oci.krungsri.tech/ords/api/v1/customer/individual/searchprofile,42,0,27
1779799578732,33,SearchIndividual,200,OK,SearchIndividual 2-227,text,true,,1153,2602,4,238,https://api-scuda.uat.oci.krungsri.tech/ords/api/v1/customer/individual/searchprofile,33,0,20
1779799578697,69,SearchIndividual,200,OK,SearchIndividual 2-225,text,true,,1133,2602,4,238,https://api-scuda.uat.oci.krungsri.tech/ords/api/v1/customer/individual/searchprofile,69,0,40
1779799578732,35,SearchIndividual,200,OK,SearchIndividual 2-226,text,true,,1217,2602,4,238,https://api-scuda.uat.oci.krungsri.tech/ords/api/v1/customer/individual/searchprofile,35,0,23
1779799578777,32,SearchIndividual,200,OK,SearchIndividual 2-229,text,true,,1227,2602,3,237,https://api-scuda.uat.oci.krungsri.tech/ords/api/v1/customer/individual/searchprofile,32,0,19
1779799578738,73,SearchIndividual,200,OK,SearchIndividual 2-228,text,true,,1145,2602,2,236,https://api-scuda.uat.oci.krungsri.tech/ords/api/v1/customer/individual/searchprofile,73,0,52
1779799578795,28,SearchIndividual,200,OK,SearchIndividual 2-230,text,true,,1171,2602,1,235,https://api-scuda.uat.oci.krungsri.tech/ords/api/v1/customer/individual/searchprofile,28,0,17
1779799578835,37,SearchIndividual,200,OK,SearchIndividual 2-231,text,true,,1157,2602,5,242,https://api-scuda.uat.oci.krungsri.tech/ords/api/v1/customer/individual/searchprofile,36,0,23
1779799578842,37,SearchIndividual,200,OK,SearchIndividual 2-232,text,true,,1199,2602,4,242,https://api-scuda.uat.oci.krungsri.tech/ords/api/v1/customer/individual/searchprofile,37,0,24
1779799576809,2072,GetIndividual,429,Too Many Requests,GetIndividual 1-101,text,false,,600,3588,94,241,https://api-scuda.uat.oci.krungsri.tech/ic/api/v1/customer/individual/getprofile,2072,0,24
1779799578854,34,SearchIndividual,200,OK,SearchIndividual 2-233,text,true,,1201,2602,3,240,https://api-scuda.uat.oci.krungsri.tech/ords/api/v1/customer/individual/searchprofile,34,0,22
1779799578860,62,SearchIndividual,200,OK,SearchIndividual 2-234,text,true,,1196,2601,3,241,https://api-scuda.uat.oci.krungsri.tech/ords/api/v1/customer/individual/searchprofile,62,0,41
1779799572373,6560,UpdateIndividual,200,OK,UpdateIndividual 4-7,text,true,,800,5627,78,242,https://api-scuda.uat.oci.krungsri.tech/ic/api/v1/customer/individual/updateprofile,6560,0,14
1779799578907,38,SearchIndividual,200,OK,SearchIndividual 2-236,text,true,,1227,2602,3,242,https://api-scuda.uat.oci.krungsri.tech/ords/api/v1/customer/individual/searchprofile,38,0,26
1779799578862,87,SearchIndividual,200,OK,SearchIndividual 2-235,text,true,,1213,2602,2,241,https://api-scuda.uat.oci.krungsri.tech/ords/api/v1/customer/individual/searchprofile,86,0,36
1779799578931,34,SearchIndividual,200,OK,SearchIndividual 2-237,text,true,,1133,2602,2,242,https://api-scuda.uat.oci.krungsri.tech/ords/api/v1/customer/individual/searchprofile,33,0,17
1779799578961,58,SearchIndividual,200,OK,SearchIndividual 2-238,text,true,,1171,2602,1,244,https://api-scuda.uat.oci.krungsri.tech/ords/api/v1/customer/individual/searchprofile,58,0,45
1779799571703,7321,GetIndividual,200,OK,GetIndividual 1-34,text,true,,3913,3587,98,243,https://api-scuda.uat.oci.krungsri.tech/ic/api/v1/customer/individual/getprofile,7321,0,24
1779799573380,5649,GetIndividual,200,OK,GetIndividual 1-51,text,true,,3856,3587,97,242,https://api-scuda.uat.oci.krungsri.tech/ic/api/v1/customer/individual/getprofile,5649,0,17
1779799572935,6099,GetIndividual,200,OK,GetIndividual 1-45,text,true,,3855,3588,96,241,https://api-scuda.uat.oci.krungsri.tech/ic/api/v1/customer/individual/getprofile,6099,0,22
1779799571457,7577,UpdateJoint,200,OK,UpdateJoint 12-6,text,true,,799,4595,12,241,https://api-scuda.uat.oci.krungsri.tech/ic/api/v1/customer/joint/updateprofile,7577,0,31
1779799572382,6653,UpdateIndividual,429,Too Many Requests,UpdateIndividual 4-1,text,false,,606,5598,78,241,https://api-scuda.uat.oci.krungsri.tech/ic/api/v1/customer/individual/updateprofile,6653,0,0
1779799579070,41,SearchJuristic,200,OK,SearchJuristic 6-14,text,true,,987,2600,1,242,https://api-scuda.uat.oci.krungsri.tech/ords/api/v1/customer/juristic/searchprofile,41,0,15
1779799579089,32,SearchJoint,200,OK,SearchJoint 10-14,text,true,,620,2626,1,241,https://api-scuda.uat.oci.krungsri.tech/ords/api/v1/customer/joint/searchprofile,32,0,19
1779799579126,27,SearchIndividual,200,OK,SearchIndividual 2-239,text,true,,1129,2602,1,242,https://api-scuda.uat.oci.krungsri.tech/ords/api/v1/customer/individual/searchprofile,27,0,12
1779799575177,3988,GetIndividual,429,Too Many Requests,GetIndividual 1-77,text,false,,600,3588,97,243,https://api-scuda.uat.oci.krungsri.tech/ic/api/v1/customer/individual/getprofile,3988,0,22
1779799579160,34,SearchIndividual,200,OK,SearchIndividual 2-240,text,true,,1254,2601,2,246,https://api-scuda.uat.oci.krungsri.tech/ords/api/v1/customer/individual/searchprofile,34,0,20
1779799579175,29,SearchIndividual,200,OK,SearchIndividual 2-241,text,true,,1147,2602,2,246,https://api-scuda.uat.oci.krungsri.tech/ords/api/v1/customer/individual/searchprofile,29,0,16
1779799579204,36,SearchIndividual,200,OK,SearchIndividual 2-242,text,true,,1199,2602,1,245,https://api-scuda.uat.oci.krungsri.tech/ords/api/v1/customer/individual/searchprofile,36,0,20
1779799572383,6869,UpdateIndividual,200,OK,UpdateIndividual 4-19,text,true,,800,5627,80,246,https://api-scuda.uat.oci.krungsri.tech/ic/api/v1/customer/individual/updateprofile,6869,0,44
1779799579253,31,SearchIndividual,200,OK,SearchIndividual 2-243,text,true,,1157,2602,1,247,https://api-scuda.uat.oci.krungsri.tech/ords/api/v1/customer/individual/searchprofile,31,0,18
1779799579303,30,SearchIndividual,200,OK,SearchIndividual 2-247,text,true,,1179,2602,4,253,https://api-scuda.uat.oci.krungsri.tech/ords/api/v1/customer/individual/searchprofile,30,0,16
1779799579300,34,SearchIndividual,200,OK,SearchIndividual 2-244,text,true,,1219,2602,3,252,https://api-scuda.uat.oci.krungsri.tech/ords/api/v1/customer/individual/searchprofile,34,0,19
1779799579302,36,SearchIndividual,200,OK,SearchIndividual 2-246,text,true,,1177,2602,2,251,https://api-scuda.uat.oci.krungsri.tech/ords/api/v1/customer/individual/searchprofile,35,0,24
1779799579301,41,SearchIndividual,200,OK,SearchIndividual 2-245,text,true,,1233,2602,1,250,https://api-scuda.uat.oci.krungsri.tech/ords/api/v1/customer/individual/searchprofile,41,0,30
1779799574518,4862,GetIndividual,200,OK,GetIndividual 1-66,text,true,,3868,3587,97,251,https://api-scuda.uat.oci.krungsri.tech/ic/api/v1/customer/individual/getprofile,4862,0,28
1779799579355,38,SearchIndividual,200,OK,SearchIndividual 2-248,text,true,,1181,2602,2,250,https://api-scuda.uat.oci.krungsri.tech/ords/api/v1/customer/individual/searchprofile,38,0,26
1779799579378,32,SearchIndividual,200,OK,SearchIndividual 2-249,text,true,,1163,2602,1,249,https://api-scuda.uat.oci.krungsri.tech/ords/api/v1/customer/individual/searchprofile,32,0,20
1779799574210,5217,GetJoint,200,OK,GetJoint 9-9,text,true,,1429,3530,7,249,https://api-scuda.uat.oci.krungsri.tech/ic/api/v1/customer/joint/getprofile,5217,0,17
1779799574120,5307,GetIndividual,200,OK,GetIndividual 1-61,text,true,,3842,3588,96,249,https://api-scuda.uat.oci.krungsri.tech/ic/api/v1/customer/individual/getprofile,5307,0,17
1779799571226,8204,GetIndividual,429,Too Many Requests,GetIndividual 1-28,text,false,,600,3588,95,247,https://api-scuda.uat.oci.krungsri.tech/ic/api/v1/customer/individual/getprofile,8204,0,28
1779799572996,6436,CreateIndividual,429,Too Many Requests,CreateIndividual 3-8,text,false,,606,8362,13,246,https://api-scuda.uat.oci.krungsri.tech/ic/api/v1/customer/individual/createprofile,6436,0,31
1779799573871,5561,GetIndividual,200,OK,GetIndividual 1-56,text,true,,3805,3588,95,247,https://api-scuda.uat.oci.krungsri.tech/ic/api/v1/customer/individual/getprofile,5561,0,23
1779799572145,7292,GetJoint,200,OK,GetJoint 9-7,text,true,,1430,3529,6,244,https://api-scuda.uat.oci.krungsri.tech/ic/api/v1/customer/joint/getprofile,7292,0,37
1779799572256,7181,CreateJuristic,429,Too Many Requests,CreateJuristic 7-6,text,false,,602,7969,12,244,https://api-scuda.uat.oci.krungsri.tech/ic/api/v1/customer/juristic/createprofile,7181,0,25
1779799579454,36,SearchIndividual,200,OK,SearchIndividual 2-250,text,true,,1181,2602,2,247,https://api-scuda.uat.oci.krungsri.tech/ords/api/v1/customer/individual/searchprofile,36,0,23
1779799579497,36,SearchIndividual,200,OK,SearchIndividual 2-252,text,true,,1103,2602,2,247,https://api-scuda.uat.oci.krungsri.tech/ords/api/v1/customer/individual/searchprofile,36,0,22
1779799579470,69,SearchIndividual,200,OK,SearchIndividual 2-251,text,true,,1170,2601,1,246,https://api-scuda.uat.oci.krungsri.tech/ords/api/v1/customer/individual/searchprofile,69,0,54
1779799573595,5947,GetIndividual,200,OK,GetIndividual 1-53,text,true,,3858,3588,95,245,https://api-scuda.uat.oci.krungsri.tech/ic/api/v1/customer/individual/getprofile,5947,0,26
1779799574402,5143,GetIndividual,200,OK,GetIndividual 1-65,text,true,,3830,3588,94,244,https://api-scuda.uat.oci.krungsri.tech/ic/api/v1/customer/individual/getprofile,5143,0,34
1779799575566,3987,GetIndividual,200,OK,GetIndividual 1-81,text,true,,3923,3588,93,243,https://api-scuda.uat.oci.krungsri.tech/ic/api/v1/customer/individual/getprofile,3987,0,53
1779799579566,33,SearchIndividual,200,OK,SearchIndividual 2-255,text,true,,1125,2602,3,250,https://api-scuda.uat.oci.krungsri.tech/ords/api/v1/customer/individual/searchprofile,33,0,21
1779799579569,35,SearchJuristic,200,OK,SearchJuristic 6-15,text,true,,999,2600,1,249,https://api-scuda.uat.oci.krungsri.tech/ords/api/v1/customer/juristic/searchprofile,35,0,23
1779799579565,39,SearchIndividual,200,OK,SearchIndividual 2-254,text,true,,1171,2602,2,249,https://api-scuda.uat.oci.krungsri.tech/ords/api/v1/customer/individual/searchprofile,39,0,27
1779799579564,45,SearchIndividual,200,OK,SearchIndividual 2-253,text,true,,1164,2601,1,247,https://api-scuda.uat.oci.krungsri.tech/ords/api/v1/customer/individual/searchprofile,45,0,31
1779799575411,4222,GetIndividual,200,OK,GetIndividual 1-80,text,true,,3849,3588,98,250,https://api-scuda.uat.oci.krungsri.tech/ic/api/v1/customer/individual/getprofile,4222,0,35
1779799574831,4807,UpdateIndividual,200,OK,UpdateIndividual 4-50,text,true,,800,5614,85,249,https://api-scuda.uat.oci.krungsri.tech/ic/api/v1/customer/individual/updateprofile,4807,0,20
1779799574036,5604,UpdateJuristic,200,OK,UpdateJuristic 8-9,text,true,,800,4427,7,248,https://api-scuda.uat.oci.krungsri.tech/ic/api/v1/customer/juristic/updateprofile,5604,0,27
1779799574697,4944,GetIndividual,200,OK,GetIndividual 1-70,text,true,,3931,3588,97,247,https://api-scuda.uat.oci.krungsri.tech/ic/api/v1/customer/individual/getprofile,4944,0,19
1779799574255,5388,GetJuristic,200,OK,GetJuristic 5-9,text,true,,3485,3533,8,246,https://api-scuda.uat.oci.krungsri.tech/ic/api/v1/customer/juristic/getprofile,5388,0,23
1779799575741,3905,GetIndividual,200,OK,GetIndividual 1-87,text,true,,3823,3588,96,245,https://api-scuda.uat.oci.krungsri.tech/ic/api/v1/customer/individual/getprofile,3905,0,32
1779799569494,10153,GetIndividual,200,OK,GetIndividual 1-13,text,true,,3887,3588,95,244,https://api-scuda.uat.oci.krungsri.tech/ic/api/v1/customer/individual/getprofile,10153,0,23
1779799579652,42,SearchIndividual,200,OK,SearchIndividual 2-256,text,true,,1203,2602,2,247,https://api-scuda.uat.oci.krungsri.tech/ords/api/v1/customer/individual/searchprofile,42,0,17
1779799579629,79,SearchJoint,200,OK,SearchJoint 10-15,text,true,,621,2627,1,247,https://api-scuda.uat.oci.krungsri.tech/ords/api/v1/customer/joint/searchprofile,72,0,40
1779799579664,45,SearchIndividual,200,OK,SearchIndividual 2-257,text,true,,1119,2602,1,247,https://api-scuda.uat.oci.krungsri.tech/ords/api/v1/customer/individual/searchprofile,45,0,30
1779799572378,7356,UpdateIndividual,200,OK,UpdateIndividual 4-6,text,true,,800,5616,86,246,https://api-scuda.uat.oci.krungsri.tech/ic/api/v1/customer/individual/updateprofile,7356,0,21
1779799572378,7364,UpdateIndividual,200,OK,UpdateIndividual 4-17,text,true,,800,5626,85,246,https://api-scuda.uat.oci.krungsri.tech/ic/api/v1/customer/individual/updateprofile,7364,0,36
1779799575835,3909,GetIndividual,200,OK,GetIndividual 1-89,text,true,,3875,3588,97,246,https://api-scuda.uat.oci.krungsri.tech/ic/api/v1/customer/individual/getprofile,3909,0,23
1779799572805,6940,UpdateIndividual,429,Too Many Requests,UpdateIndividual 4-30,text,false,,606,5686,84,244,https://api-scuda.uat.oci.krungsri.tech/ic/api/v1/customer/individual/updateprofile,6940,0,31
1779799575708,4039,GetJoint,200,OK,GetJoint 9-11,text,true,,1429,3530,6,244,https://api-scuda.uat.oci.krungsri.tech/ic/api/v1/customer/joint/getprofile,4039,0,33
1779799569331,10415,GetIndividual,200,OK,GetIndividual 1-4,text,true,,3848,3588,96,244,https://api-scuda.uat.oci.krungsri.tech/ic/api/v1/customer/individual/getprofile,10415,0,0
1779799576258,3498,GetIndividual,200,OK,GetIndividual 1-93,text,true,,3869,3588,97,243,https://api-scuda.uat.oci.krungsri.tech/ic/api/v1/customer/individual/getprofile,3498,0,48
1779799569337,10420,GetIndividual,200,OK,GetIndividual 1-9,text,true,,3803,3588,96,242,https://api-scuda.uat.oci.krungsri.tech/ic/api/v1/customer/individual/getprofile,10420,0,31
1779799579781,30,SearchIndividual,200,OK,SearchIndividual 2-258,text,true,,1199,2602,2,246,https://api-scuda.uat.oci.krungsri.tech/ords/api/v1/customer/individual/searchprofile,29,0,15
1779799579789,26,SearchIndividual,200,OK,SearchIndividual 2-259,text,true,,1185,2602,1,245,https://api-scuda.uat.oci.krungsri.tech/ords/api/v1/customer/individual/searchprofile,26,0,15
1779799572379,7463,UpdateIndividual,200,OK,UpdateIndividual 4-20,text,true,,800,5549,84,246,https://api-scuda.uat.oci.krungsri.tech/ic/api/v1/customer/individual/updateprofile,7463,0,39
1779799575705,4138,UpdateIndividual,200,OK,UpdateIndividual 4-57,text,true,,800,4228,84,246,https://api-scuda.uat.oci.krungsri.tech/ic/api/v1/customer/individual/updateprofile,4138,0,14
1779799572382,7463,UpdateIndividual,200,OK,UpdateIndividual 4-21,text,true,,799,5591,83,245,https://api-scuda.uat.oci.krungsri.tech/ic/api/v1/customer/individual/updateprofile,7463,0,20
1779799572383,7462,UpdateIndividual,200,OK,UpdateIndividual 4-22,text,true,,800,5556,83,245,https://api-scuda.uat.oci.krungsri.tech/ic/api/v1/customer/individual/updateprofile,7462,0,17
1779799574145,5698,GetIndividual,200,OK,GetIndividual 1-62,text,true,,3838,3587,97,246,https://api-scuda.uat.oci.krungsri.tech/ic/api/v1/customer/individual/getprofile,5698,0,16
1779799571457,8391,UpdateJoint,200,OK,UpdateJoint 12-1,text,true,,800,4528,12,244,https://api-scuda.uat.oci.krungsri.tech/ic/api/v1/customer/joint/updateprofile,8391,0,0
1779799576212,3637,UpdateIndividual,200,OK,UpdateIndividual 4-60,text,true,,800,4228,82,244,https://api-scuda.uat.oci.krungsri.tech/ic/api/v1/customer/individual/updateprofile,3637,0,15
1779799572378,7472,UpdateIndividual,200,OK,UpdateIndividual 4-14,text,true,,799,5573,82,245,https://api-scuda.uat.oci.krungsri.tech/ic/api/v1/customer/individual/updateprofile,7472,0,22
1779799571414,8437,GetIndividual,200,OK,GetIndividual 1-31,text,true,,3896,3588,97,245,https://api-scuda.uat.oci.krungsri.tech/ic/api/v1/customer/individual/getprofile,8437,0,25
1779799572314,7534,CreateIndividual,201,Created,CreateIndividual 3-3,text,true,,1172,8390,12,244,https://api-scuda.uat.oci.krungsri.tech/ic/api/v1/customer/individual/createprofile,7534,0,0
1779799579826,36,SearchIndividual,200,OK,SearchIndividual 2-260,text,true,,1159,2602,2,246,https://api-scuda.uat.oci.krungsri.tech/ords/api/v1/customer/individual/searchprofile,36,0,22
1779799576608,3258,CreateIndividual,429,Too Many Requests,CreateIndividual 3-12,text,false,,606,7977,12,246,https://api-scuda.uat.oci.krungsri.tech/ic/api/v1/customer/individual/createprofile,3258,0,39
1779799579849,36,SearchIndividual,200,OK,SearchIndividual 2-261,text,true,,1141,2602,1,237,https://api-scuda.uat.oci.krungsri.tech/ords/api/v1/customer/individual/searchprofile,36,0,23
1779799579888,36,SearchIndividual,200,OK,SearchIndividual 2-262,text,true,,1199,2602,2,240,https://api-scuda.uat.oci.krungsri.tech/ords/api/v1/customer/individual/searchprofile,36,0,23
1779799572810,7137,GetIndividual,200,OK,GetIndividual 1-43,text,true,,3845,3588,97,242,https://api-scuda.uat.oci.krungsri.tech/ic/api/v1/customer/individual/getprofile,7137,0,21
1779799579916,65,SearchIndividual,200,OK,SearchIndividual 2-263,text,true,,1193,2602,3,244,https://api-scuda.uat.oci.krungsri.tech/ords/api/v1/customer/individual/searchprofile,65,0,48
1779799579950,41,SearchIndividual,200,OK,SearchIndividual 2-265,text,true,,1159,2602,2,243,https://api-scuda.uat.oci.krungsri.tech/ords/api/v1/customer/individual/searchprofile,40,0,28
1779799579947,47,SearchIndividual,200,OK,SearchIndividual 2-264,text,true,,1150,2601,1,242,https://api-scuda.uat.oci.krungsri.tech/ords/api/v1/customer/individual/searchprofile,47,0,28
1779799572380,7660,UpdateIndividual,200,OK,UpdateIndividual 4-4,text,true,,800,5675,83,243,https://api-scuda.uat.oci.krungsri.tech/ic/api/v1/customer/individual/updateprofile,7660,0,32
1779799576087,3956,GetIndividual,200,OK,GetIndividual 1-91,text,true,,3835,3588,96,242,https://api-scuda.uat.oci.krungsri.tech/ic/api/v1/customer/individual/getprofile,3956,0,22
1779799580006,37,SearchIndividual,200,OK,SearchIndividual 2-266,text,true,,1151,2602,2,242,https://api-scuda.uat.oci.krungsri.tech/ords/api/v1/customer/individual/searchprofile,36,0,22
1779799569325,10720,GetJuristic,200,OK,GetJuristic 5-1,text,true,,3486,3533,7,240,https://api-scuda.uat.oci.krungsri.tech/ic/api/v1/customer/juristic/getprofile,10720,0,0
1779799573872,6177,UpdateIndividual,200,OK,UpdateIndividual 4-40,text,true,,800,5570,82,239,https://api-scuda.uat.oci.krungsri.tech/ic/api/v1/customer/individual/updateprofile,6177,0,25
1779799580018,31,SearchIndividual,200,OK,SearchIndividual 2-267,text,true,,1183,2602,1,238,https://api-scuda.uat.oci.krungsri.tech/ords/api/v1/customer/individual/searchprofile,31,0,19
1779799572980,7073,UpdateIndividual,200,OK,UpdateIndividual 4-33,text,true,,800,5574,81,237,https://api-scuda.uat.oci.krungsri.tech/ic/api/v1/customer/individual/updateprofile,7073,0,106
1779799572919,7134,GetIndividual,200,OK,GetIndividual 1-44,text,true,,3879,3588,95,237,https://api-scuda.uat.oci.krungsri.tech/ic/api/v1/customer/individual/getprofile,7134,0,133
1779799575878,4178,UpdateJuristic,200,OK,UpdateJuristic 8-11,text,true,,800,5755,6,235,https://api-scuda.uat.oci.krungsri.tech/ic/api/v1/customer/juristic/updateprofile,4178,0,57
1779799574571,5491,UpdateIndividual,200,OK,UpdateIndividual 4-47,text,true,,799,5525,80,234,https://api-scuda.uat.oci.krungsri.tech/ic/api/v1/customer/individual/updateprofile,5491,0,20
1779799574976,5086,GetIndividual,200,OK,GetIndividual 1-74,text,true,,3880,3587,94,234,https://api-scuda.uat.oci.krungsri.tech/ic/api/v1/customer/individual/getprofile,5086,0,15
1779799572366,7696,UpdateIndividual,200,OK,UpdateIndividual 4-9,text,true,,800,5603,80,234,https://api-scuda.uat.oci.krungsri.tech/ic/api/v1/customer/individual/updateprofile,7696,0,41
1779799571457,8606,UpdateJoint,200,OK,UpdateJoint 12-3,text,true,,800,4631,11,231,https://api-scuda.uat.oci.krungsri.tech/ic/api/v1/customer/joint/updateprofile,8606,0,19
1779799573273,6802,GetJuristic,200,OK,GetJuristic 5-8,text,true,,3542,3533,6,231,https://api-scuda.uat.oci.krungsri.tech/ic/api/v1/customer/juristic/getprofile,6802,0,14
1779799580082,35,SearchIndividual,200,OK,SearchIndividual 2-268,text,true,,1171,2602,3,235,https://api-scuda.uat.oci.krungsri.tech/ords/api/v1/customer/individual/searchprofile,34,0,18
1779799580102,24,SearchIndividual,200,OK,SearchIndividual 2-270,text,true,,1157,2602,3,235,https://api-scuda.uat.oci.krungsri.tech/ords/api/v1/customer/individual/searchprofile,24,0,12
1779799580091,37,SearchIndividual,200,OK,SearchIndividual 2-269,text,true,,1173,2602,2,234,https://api-scuda.uat.oci.krungsri.tech/ords/api/v1/customer/individual/searchprofile,37,0,21
1779799575510,4624,UpdateIndividual,200,OK,UpdateIndividual 4-53,text,true,,799,4230,80,233,https://api-scuda.uat.oci.krungsri.tech/ic/api/v1/customer/individual/updateprofile,4624,0,27
1779799574198,5939,GetIndividual,200,OK,GetIndividual 1-63,text,true,,3862,3588,94,232,https://api-scuda.uat.oci.krungsri.tech/ic/api/v1/customer/individual/getprofile,5939,0,15
1779799571227,8918,GetIndividual,200,OK,GetIndividual 1-26,text,true,,3856,3587,93,232,https://api-scuda.uat.oci.krungsri.tech/ic/api/v1/customer/individual/getprofile,8918,0,30
1779799573257,6891,GetIndividual,200,OK,GetIndividual 1-48,text,true,,3871,3588,92,231,https://api-scuda.uat.oci.krungsri.tech/ic/api/v1/customer/individual/getprofile,6891,0,20
1779799580120,35,SearchIndividual,200,OK,SearchIndividual 2-271,text,true,,1175,2602,2,230,https://api-scuda.uat.oci.krungsri.tech/ords/api/v1/customer/individual/searchprofile,35,0,15
1779799576945,3223,CreateJoint,429,Too Many Requests,CreateJoint 11-12,text,false,,596,6043,11,231,https://api-scuda.uat.oci.krungsri.tech/ic/api/v1/customer/joint/createprofile,3223,0,21
1779799580142,40,SearchIndividual,200,OK,SearchIndividual 2-272,text,true,,1173,2602,3,232,https://api-scuda.uat.oci.krungsri.tech/ords/api/v1/customer/individual/searchprofile,39,0,27
1779799580158,39,SearchIndividual,200,OK,SearchIndividual 2-273,text,true,,1164,2601,4,233,https://api-scuda.uat.oci.krungsri.tech/ords/api/v1/customer/individual/searchprofile,39,0,24
1779799580171,30,SearchIndividual,200,OK,SearchIndividual 2-274,text,true,,1175,2602,3,232,https://api-scuda.uat.oci.krungsri.tech/ords/api/v1/customer/individual/searchprofile,30,0,13
1779799571514,8715,CreateJoint,429,Too Many Requests,CreateJoint 11-6,text,false,,596,6025,10,236,https://api-scuda.uat.oci.krungsri.tech/ic/api/v1/customer/joint/createprofile,8715,0,24
1779799574237,5994,UpdateJoint,200,OK,UpdateJoint 12-9,text,true,,800,4607,10,237,https://api-scuda.uat.oci.krungsri.tech/ic/api/v1/customer/joint/updateprofile,5994,0,26
1779799580213,26,SearchIndividual,200,OK,SearchIndividual 2-279,text,true,,1147,2602,5,235,https://api-scuda.uat.oci.krungsri.tech/ords/api/v1/customer/individual/searchprofile,26,0,12
1779799572378,7866,UpdateIndividual,200,OK,UpdateIndividual 4-8,text,true,,800,5606,82,235,https://api-scuda.uat.oci.krungsri.tech/ic/api/v1/customer/individual/updateprofile,7866,0,29
1779799580193,51,SearchIndividual,200,OK,SearchIndividual 2-276,text,true,,1157,2602,5,234,https://api-scuda.uat.oci.krungsri.tech/ords/api/v1/customer/individual/searchprofile,39,0,22
1779799580204,61,SearchIndividual,200,OK,SearchIndividual 2-277,text,true,,1167,2602,6,236,https://api-scuda.uat.oci.krungsri.tech/ords/api/v1/customer/individual/searchprofile,61,0,11
1779799580193,73,SearchIndividual,200,OK,SearchIndividual 2-275,text,true,,1143,2602,5,235,https://api-scuda.uat.oci.krungsri.tech/ords/api/v1/customer/individual/searchprofile,69,0,14
1779799580242,29,SearchIndividual,200,OK,SearchIndividual 2-280,text,true,,1141,2602,4,234,https://api-scuda.uat.oci.krungsri.tech/ords/api/v1/customer/individual/searchprofile,29,0,15
1779799575640,4644,GetIndividual,429,Too Many Requests,GetIndividual 1-83,text,false,,600,3588,93,233,https://api-scuda.uat.oci.krungsri.tech/ic/api/v1/customer/individual/getprofile,4644,0,30
1779799580206,77,SearchIndividual,200,OK,SearchIndividual 2-278,text,true,,1233,2602,3,232,https://api-scuda.uat.oci.krungsri.tech/ords/api/v1/customer/individual/searchprofile,77,0,65
1779799580247,46,SearchIndividual,200,OK,SearchIndividual 2-281,text,true,,1155,2602,3,232,https://api-scuda.uat.oci.krungsri.tech/ords/api/v1/customer/individual/searchprofile,46,0,32
1779799580248,48,SearchIndividual,200,OK,SearchIndividual 2-282,text,true,,1197,2602,2,231,https://api-scuda.uat.oci.krungsri.tech/ords/api/v1/customer/individual/searchprofile,48,0,35
1779799580286,39,SearchIndividual,200,OK,SearchIndividual 2-283,text,true,,1179,2602,1,232,https://api-scuda.uat.oci.krungsri.tech/ords/api/v1/customer/individual/searchprofile,38,0,26
1779799575802,4534,UpdateIndividual,200,OK,UpdateIndividual 4-58,text,true,,800,4229,82,231,https://api-scuda.uat.oci.krungsri.tech/ic/api/v1/customer/individual/updateprofile,4534,0,24
1779799575540,4796,UpdateIndividual,200,OK,UpdateIndividual 4-54,text,true,,800,5624,82,231,https://api-scuda.uat.oci.krungsri.tech/ic/api/v1/customer/individual/updateprofile,4796,0,17
1779799576061,4274,CreateJuristic,201,Created,CreateJuristic 7-11,text,true,,1172,8030,11,231,https://api-scuda.uat.oci.krungsri.tech/ic/api/v1/customer/juristic/createprofile,4274,0,38
1779799576745,3599,GetIndividual,200,OK,GetIndividual 1-98,text,true,,3871,3588,93,229,https://api-scuda.uat.oci.krungsri.tech/ic/api/v1/customer/individual/getprofile,3599,0,13
1779799577247,3103,UpdateIndividual,200,OK,UpdateIndividual 4-74,text,true,,800,4229,80,229,https://api-scuda.uat.oci.krungsri.tech/ic/api/v1/customer/individual/updateprofile,3103,0,22
1779799573278,7072,UpdateIndividual,200,OK,UpdateIndividual 4-34,text,true,,800,5556,80,229,https://api-scuda.uat.oci.krungsri.tech/ic/api/v1/customer/individual/updateprofile,7072,0,23
1779799575705,4648,UpdateIndividual,200,OK,UpdateIndividual 4-56,text,true,,800,4228,80,229,https://api-scuda.uat.oci.krungsri.tech/ic/api/v1/customer/individual/updateprofile,4648,0,67
1779799580342,38,SearchIndividual,200,OK,SearchIndividual 2-284,text,true,,1177,2602,2,226,https://api-scuda.uat.oci.krungsri.tech/ords/api/v1/customer/individual/searchprofile,38,0,18
1779799580349,32,SearchIndividual,200,OK,SearchIndividual 2-285,text,true,,1205,2602,2,227,https://api-scuda.uat.oci.krungsri.tech/ords/api/v1/customer/individual/searchprofile,32,0,14
1779799580383,28,SearchIndividual,200,OK,SearchIndividual 2-286,text,true,,1177,2602,2,228,https://api-scuda.uat.oci.krungsri.tech/ords/api/v1/customer/individual/searchprofile,28,0,15
1779799580399,30,SearchIndividual,200,OK,SearchIndividual 2-287,text,true,,1137,2602,1,228,https://api-scuda.uat.oci.krungsri.tech/ords/api/v1/customer/individual/searchprofile,30,0,18
1779799575090,5343,UpdateIndividual,200,OK,UpdateIndividual 4-52,text,true,,800,4228,77,227,https://api-scuda.uat.oci.krungsri.tech/ic/api/v1/customer/individual/updateprofile,5343,0,20
1779799576719,3735,UpdateIndividual,429,Too Many Requests,UpdateIndividual 4-67,text,false,,606,4226,76,227,https://api-scuda.uat.oci.krungsri.tech/ic/api/v1/customer/individual/updateprofile,3735,0,16
1779799580462,39,SearchIndividual,200,OK,SearchIndividual 2-288,text,true,,1161,2602,2,230,https://api-scuda.uat.oci.krungsri.tech/ords/api/v1/customer/individual/searchprofile,39,0,22
1779799580462,43,SearchIndividual,200,OK,SearchIndividual 2-289,text,true,,1171,2602,2,230,https://api-scuda.uat.oci.krungsri.tech/ords/api/v1/customer/individual/searchprofile,43,0,18
1779799576670,3856,GetIndividual,200,OK,GetIndividual 1-97,text,true,,3838,3588,97,231,https://api-scuda.uat.oci.krungsri.tech/ic/api/v1/customer/individual/getprofile,3856,0,24
1779799577193,3377,UpdateIndividual,429,Too Many Requests,UpdateIndividual 4-73,text,false,,606,4229,76,233,https://api-scuda.uat.oci.krungsri.tech/ic/api/v1/customer/individual/updateprofile,3377,0,21
1779799580503,75,SearchIndividual,200,OK,SearchIndividual 2-290,text,true,,1147,2602,3,233,https://api-scuda.uat.oci.krungsri.tech/ords/api/v1/customer/individual/searchprofile,75,0,50
1779799580560,45,SearchIndividual,200,OK,SearchIndividual 2-292,text,true,,1133,2602,2,234,https://api-scuda.uat.oci.krungsri.tech/ords/api/v1/customer/individual/searchprofile,45,0,28
1779799574216,6411,GetIndividual,200,OK,GetIndividual 1-64,text,true,,3849,3588,97,234,https://api-scuda.uat.oci.krungsri.tech/ic/api/v1/customer/individual/getprofile,6411,0,13
1779799580592,43,SearchJoint,200,OK,SearchJoint 10-16,text,true,,621,2627,1,233,https://api-scuda.uat.oci.krungsri.tech/ords/api/v1/customer/joint/searchprofile,43,0,21
1779799572501,8157,UpdateIndividual,429,Too Many Requests,UpdateIndividual 4-28,text,false,,606,5539,76,234,https://api-scuda.uat.oci.krungsri.tech/ic/api/v1/customer/individual/updateprofile,8157,0,54
1779799580638,32,SearchIndividual,200,OK,SearchIndividual 2-293,text,true,,1183,2602,4,234,https://api-scuda.uat.oci.krungsri.tech/ords/api/v1/customer/individual/searchprofile,32,0,20
1779799580638,34,SearchIndividual,200,OK,SearchIndividual 2-294,text,true,,1211,2602,3,234,https://api-scuda.uat.oci.krungsri.tech/ords/api/v1/customer/individual/searchprofile,34,0,21
1779799580543,130,SearchIndividual,200,OK,SearchIndividual 2-291,text,true,,1255,2602,2,233,https://api-scuda.uat.oci.krungsri.tech/ords/api/v1/customer/individual/searchprofile,130,0,43
1779799580665,30,SearchIndividual,200,OK,SearchIndividual 2-295,text,true,,1167,2602,1,234,https://api-scuda.uat.oci.krungsri.tech/ords/api/v1/customer/individual/searchprofile,30,0,18
1779799573700,7026,UpdateIndividual,200,OK,UpdateIndividual 4-37,text,true,,800,5615,75,236,https://api-scuda.uat.oci.krungsri.tech/ic/api/v1/customer/individual/updateprofile,7026,0,27
1779799580721,34,SearchIndividual,200,OK,SearchIndividual 2-298,text,true,,1215,2602,3,239,https://api-scuda.uat.oci.krungsri.tech/ords/api/v1/customer/individual/searchprofile,34,0,22
1779799580702,109,SearchIndividual,200,OK,SearchIndividual 2-296,text,true,,1151,2602,4,242,https://api-scuda.uat.oci.krungsri.tech/ords/api/v1/customer/individual/searchprofile,109,0,80
1779799580712,122,SearchIndividual,200,OK,SearchIndividual 2-297,text,true,,1217,2602,4,242,https://api-scuda.uat.oci.krungsri.tech/ords/api/v1/customer/individual/searchprofile,122,0,86
1779799580804,35,SearchIndividual,200,OK,SearchIndividual 2-299,text,true,,1153,2602,3,242,https://api-scuda.uat.oci.krungsri.tech/ords/api/v1/customer/individual/searchprofile,35,0,15
1779799580812,31,SearchIndividual,200,OK,SearchIndividual 2-301,text,true,,1234,2601,2,241,https://api-scuda.uat.oci.krungsri.tech/ords/api/v1/customer/individual/searchprofile,30,0,20
1779799580809,50,SearchIndividual,200,OK,SearchIndividual 2-300,text,true,,1201,2602,3,243,https://api-scuda.uat.oci.krungsri.tech/ords/api/v1/customer/individual/searchprofile,50,0,31
1779799580860,35,SearchIndividual,200,OK,SearchIndividual 2-303,text,true,,1185,2602,6,248,https://api-scuda.uat.oci.krungsri.tech/ords/api/v1/customer/individual/searchprofile,34,0,16
1779799580849,48,SearchIndividual,200,OK,SearchIndividual 2-302,text,true,,1141,2602,5,247,https://api-scuda.uat.oci.krungsri.tech/ords/api/v1/customer/individual/searchprofile,47,0,35
1779799580867,36,SearchIndividual,200,OK,SearchIndividual 2-304,text,true,,1168,2601,4,247,https://api-scuda.uat.oci.krungsri.tech/ords/api/v1/customer/individual/searchprofile,35,0,17
1779799579886,1042,UpdateIndividual,429,Too Many Requests,UpdateIndividual 4-105,text,false,,606,4227,78,248,https://api-scuda.uat.oci.krungsri.tech/ic/api/v1/customer/individual/updateprofile,1042,0,13
1779799580895,34,SearchIndividual,200,OK,SearchIndividual 2-307,text,true,,1219,2602,4,248,https://api-scuda.uat.oci.krungsri.tech/ords/api/v1/customer/individual/searchprofile,34,0,19
1779799580874,70,SearchIndividual,200,OK,SearchIndividual 2-305,text,true,,1172,2601,6,249,https://api-scuda.uat.oci.krungsri.tech/ords/api/v1/customer/individual/searchprofile,70,0,48
1779799580890,61,SearchIndividual,200,OK,SearchIndividual 2-306,text,true,,1197,2602,5,249,https://api-scuda.uat.oci.krungsri.tech/ords/api/v1/customer/individual/searchprofile,61,0,44
1779799580907,55,SearchIndividual,200,OK,SearchIndividual 2-308,text,true,,1209,2602,4,250,https://api-scuda.uat.oci.krungsri.tech/ords/api/v1/customer/individual/searchprofile,54,0,42
1779799580932,30,SearchIndividual,200,OK,SearchIndividual 2-309,text,true,,1155,2602,4,250,https://api-scuda.uat.oci.krungsri.tech/ords/api/v1/customer/individual/searchprofile,29,0,16
1779799580942,34,SearchIndividual,200,OK,SearchIndividual 2-311,text,true,,1217,2602,3,249,https://api-scuda.uat.oci.krungsri.tech/ords/api/v1/customer/individual/searchprofile,34,0,21
1779799580939,59,SearchIndividual,200,OK,SearchIndividual 2-310,text,true,,1201,2602,2,251,https://api-scuda.uat.oci.krungsri.tech/ords/api/v1/customer/individual/searchprofile,58,0,34
1779799580964,52,SearchIndividual,200,OK,SearchIndividual 2-312,text,true,,1165,2602,1,253,https://api-scuda.uat.oci.krungsri.tech/ords/api/v1/customer/individual/searchprofile,52,0,35
1779799576389,4640,UpdateIndividual,429,Too Many Requests,UpdateIndividual 4-63,text,false,,606,5631,79,252,https://api-scuda.uat.oci.krungsri.tech/ic/api/v1/customer/individual/updateprofile,4640,0,37
1779799572382,8647,UpdateIndividual,200,OK,UpdateIndividual 4-15,text,true,,800,5658,79,252,https://api-scuda.uat.oci.krungsri.tech/ic/api/v1/customer/individual/updateprofile,8647,0,33
1779799580991,43,SearchJuristic,200,OK,SearchJuristic 6-16,text,true,,977,2600,1,251,https://api-scuda.uat.oci.krungsri.tech/ords/api/v1/customer/juristic/searchprofile,42,0,27
1779799581035,37,SearchIndividual,200,OK,SearchIndividual 2-313,text,true,,1183,2602,2,252,https://api-scuda.uat.oci.krungsri.tech/ords/api/v1/customer/individual/searchprofile,37,0,14
1779799581080,32,SearchIndividual,200,OK,SearchIndividual 2-315,text,true,,1173,2602,3,253,https://api-scuda.uat.oci.krungsri.tech/ords/api/v1/customer/individual/searchprofile,32,0,19
1779799581059,58,SearchIndividual,200,OK,SearchIndividual 2-314,text,true,,1225,2602,2,252,https://api-scuda.uat.oci.krungsri.tech/ords/api/v1/customer/individual/searchprofile,58,0,41
1779799581089,37,SearchIndividual,200,OK,SearchIndividual 2-316,text,true,,1179,2602,1,253,https://api-scuda.uat.oci.krungsri.tech/ords/api/v1/customer/individual/searchprofile,37,0,21
1779799581153,25,SearchIndividual,200,OK,SearchIndividual 2-317,text,true,,1183,2602,1,254,https://api-scuda.uat.oci.krungsri.tech/ords/api/v1/customer/individual/searchprofile,24,0,13
1779799581203,23,SearchIndividual,200,OK,SearchIndividual 2-319,text,true,,1183,2602,2,257,https://api-scuda.uat.oci.krungsri.tech/ords/api/v1/customer/individual/searchprofile,23,0,11
1779799575371,5862,CreateIndividual,429,Too Many Requests,CreateIndividual 3-10,text,false,,606,7898,11,256,https://api-scuda.uat.oci.krungsri.tech/ic/api/v1/customer/individual/createprofile,5862,0,41
1779799581199,53,SearchIndividual,200,OK,SearchIndividual 2-318,text,true,,1139,2602,1,255,https://api-scuda.uat.oci.krungsri.tech/ords/api/v1/customer/individual/searchprofile,51,0,23
1779799577216,4112,GetJoint,200,OK,GetJoint 9-12,text,true,,1431,3530,6,254,https://api-scuda.uat.oci.krungsri.tech/ic/api/v1/customer/joint/getprofile,4112,0,28
1779799575025,6306,GetIndividual,200,OK,GetIndividual 1-75,text,true,,3772,3588,114,253,https://api-scuda.uat.oci.krungsri.tech/ic/api/v1/customer/individual/getprofile,6306,0,20
1779799581342,26,SearchIndividual,200,OK,SearchIndividual 2-320,text,true,,1165,2602,1,255,https://api-scuda.uat.oci.krungsri.tech/ords/api/v1/customer/individual/searchprofile,26,0,14
1779799575645,5790,GetIndividual,200,OK,GetIndividual 1-84,text,true,,3848,3588,114,260,https://api-scuda.uat.oci.krungsri.tech/ic/api/v1/customer/individual/getprofile,5790,0,13
1779799572365,9070,UpdateJuristic,200,OK,UpdateJuristic 8-3,text,true,,800,5871,7,260,https://api-scuda.uat.oci.krungsri.tech/ic/api/v1/customer/juristic/updateprofile,9070,0,0
1779799573892,7543,UpdateIndividual,200,OK,UpdateIndividual 4-38,text,true,,800,4229,81,259,https://api-scuda.uat.oci.krungsri.tech/ic/api/v1/customer/individual/updateprofile,7543,0,27
1779799574725,6711,UpdateIndividual,200,OK,UpdateIndividual 4-49,text,true,,800,4227,81,259,https://api-scuda.uat.oci.krungsri.tech/ic/api/v1/customer/individual/updateprofile,6711,0,23
1779799578343,3101,GetIndividual,200,OK,GetIndividual 1-126,text,true,,3787,3588,114,257,https://api-scuda.uat.oci.krungsri.tech/ic/api/v1/customer/individual/getprofile,3101,0,22
1779799581421,29,SearchIndividual,200,OK,SearchIndividual 2-321,text,true,,1151,2602,2,256,https://api-scuda.uat.oci.krungsri.tech/ords/api/v1/customer/individual/searchprofile,29,0,14
1779799581424,28,SearchIndividual,200,OK,SearchIndividual 2-322,text,true,,1163,2602,1,255,https://api-scuda.uat.oci.krungsri.tech/ords/api/v1/customer/individual/searchprofile,28,0,14
1779799581465,35,SearchIndividual,200,OK,SearchIndividual 2-324,text,true,,1211,2602,4,261,https://api-scuda.uat.oci.krungsri.tech/ords/api/v1/customer/individual/searchprofile,35,0,22
1779799581475,27,SearchIndividual,200,OK,SearchIndividual 2-325,text,true,,1159,2602,3,260,https://api-scuda.uat.oci.krungsri.tech/ords/api/v1/customer/individual/searchprofile,26,0,14
1779799581461,68,SearchIndividual,200,OK,SearchIndividual 2-323,text,true,,1167,2602,4,264,https://api-scuda.uat.oci.krungsri.tech/ords/api/v1/customer/individual/searchprofile,68,0,29
1779799581478,54,SearchIndividual,200,OK,SearchIndividual 2-326,text,true,,1233,2602,3,263,https://api-scuda.uat.oci.krungsri.tech/ords/api/v1/customer/individual/searchprofile,54,0,32
1779799578650,2888,UpdateJoint,429,Too Many Requests,UpdateJoint 12-14,text,false,,596,4572,10,262,https://api-scuda.uat.oci.krungsri.tech/ic/api/v1/customer/joint/updateprofile,2888,0,37
1779799581513,44,SearchIndividual,200,OK,SearchIndividual 2-327,text,true,,1123,2602,3,263,https://api-scuda.uat.oci.krungsri.tech/ords/api/v1/customer/individual/searchprofile,44,0,32
1779799581521,36,SearchIndividual,200,OK,SearchIndividual 2-328,text,true,,1167,2602,3,263,https://api-scuda.uat.oci.krungsri.tech/ords/api/v1/customer/individual/searchprofile,35,0,21
1779799581540,31,SearchIndividual,200,OK,SearchIndividual 2-329,text,true,,1241,2602,2,263,https://api-scuda.uat.oci.krungsri.tech/ords/api/v1/customer/individual/searchprofile,30,0,18
1779799580214,1367,GetIndividual,429,Too Many Requests,GetIndividual 1-168,text,false,,600,3588,117,263,https://api-scuda.uat.oci.krungsri.tech/ic/api/v1/customer/individual/getprofile,1367,0,10
1779799580615,980,GetIndividual,429,Too Many Requests,GetIndividual 1-175,text,false,,600,3587,116,262,https://api-scuda.uat.oci.krungsri.tech/ic/api/v1/customer/individual/getprofile,980,0,81
1779799572263,9366,CreateJuristic,201,Created,CreateJuristic 7-3,text,true,,1172,7712,12,266,https://api-scuda.uat.oci.krungsri.tech/ic/api/v1/customer/juristic/createprofile,9366,0,55
1779799581570,65,SearchIndividual,200,OK,SearchIndividual 2-330,text,true,,1241,2602,4,266,https://api-scuda.uat.oci.krungsri.tech/ords/api/v1/customer/individual/searchprofile,65,0,46
1779799581611,29,SearchIndividual,200,OK,SearchIndividual 2-331,text,true,,1213,2602,3,266,https://api-scuda.uat.oci.krungsri.tech/ords/api/v1/customer/individual/searchprofile,29,0,18
1779799578854,2808,GetIndividual,429,Too Many Requests,GetIndividual 1-139,text,false,,600,3588,116,265,https://api-scuda.uat.oci.krungsri.tech/ic/api/v1/customer/individual/getprofile,2808,0,25
1779799578701,2961,GetIndividual,429,Too Many Requests,GetIndividual 1-138,text,false,,600,3588,116,265,https://api-scuda.uat.oci.krungsri.tech/ic/api/v1/customer/individual/getprofile,2961,0,16
1779799581623,42,SearchIndividual,200,OK,SearchIndividual 2-332,text,true,,1193,2602,2,263,https://api-scuda.uat.oci.krungsri.tech/ords/api/v1/customer/individual/searchprofile,42,0,29
1779799581627,40,SearchIndividual,200,OK,SearchIndividual 2-333,text,true,,1151,2602,1,262,https://api-scuda.uat.oci.krungsri.tech/ords/api/v1/customer/individual/searchprofile,40,0,22
1779799581697,28,SearchIndividual,200,OK,SearchIndividual 2-334,text,true,,1193,2602,1,262,https://api-scuda.uat.oci.krungsri.tech/ords/api/v1/customer/individual/searchprofile,28,0,16
1779799578684,3051,GetIndividual,200,OK,GetIndividual 1-137,text,true,,3851,3588,114,261,https://api-scuda.uat.oci.krungsri.tech/ic/api/v1/customer/individual/getprofile,3051,0,55
1779799571963,9776,GetIndividual,200,OK,GetIndividual 1-37,text,true,,3895,3588,113,260,https://api-scuda.uat.oci.krungsri.tech/ic/api/v1/customer/individual/getprofile,9776,0,50
1779799573013,8728,CreateJuristic,201,Created,CreateJuristic 7-8,text,true,,1172,7729,11,259,https://api-scuda.uat.oci.krungsri.tech/ic/api/v1/customer/juristic/createprofile,8728,0,107
1779799576981,4763,GetIndividual,200,OK,GetIndividual 1-104,text,true,,3867,3588,112,258,https://api-scuda.uat.oci.krungsri.tech/ic/api/v1/customer/individual/getprofile,4763,0,43
1779799579907,1858,UpdateIndividual,429,Too Many Requests,UpdateIndividual 4-106,text,false,,606,4226,85,265,https://api-scuda.uat.oci.krungsri.tech/ic/api/v1/customer/individual/updateprofile,1858,0,13
1779799581754,24,SearchIndividual,200,OK,SearchIndividual 2-335,text,true,,1121,2602,5,268,https://api-scuda.uat.oci.krungsri.tech/ords/api/v1/customer/individual/searchprofile,24,0,13
1779799581754,25,SearchIndividual,200,OK,SearchIndividual 2-336,text,true,,1165,2602,5,268,https://api-scuda.uat.oci.krungsri.tech/ords/api/v1/customer/individual/searchprofile,25,0,13
1779799581777,31,SearchIndividual,200,OK,SearchIndividual 2-339,text,true,,1169,2602,4,267,https://api-scuda.uat.oci.krungsri.tech/ords/api/v1/customer/individual/searchprofile,31,0,18
1779799581758,52,SearchIndividual,200,OK,SearchIndividual 2-338,text,true,,1143,2602,3,266,https://api-scuda.uat.oci.krungsri.tech/ords/api/v1/customer/individual/searchprofile,51,0,24
1779799581755,58,SearchIndividual,200,OK,SearchIndividual 2-337,text,true,,1161,2602,2,265,https://api-scuda.uat.oci.krungsri.tech/ords/api/v1/customer/individual/searchprofile,57,0,21
1779799581793,26,SearchIndividual,200,OK,SearchIndividual 2-340,text,true,,1159,2602,1,265,https://api-scuda.uat.oci.krungsri.tech/ords/api/v1/customer/individual/searchprofile,26,0,14
1779799576087,5746,GetJuristic,200,OK,GetJuristic 5-11,text,true,,3502,3533,7,265,https://api-scuda.uat.oci.krungsri.tech/ic/api/v1/customer/juristic/getprofile,5746,0,141
1779799579752,2114,GetIndividual,429,Too Many Requests,GetIndividual 1-160,text,false,,600,3588,119,268,https://api-scuda.uat.oci.krungsri.tech/ic/api/v1/customer/individual/getprofile,2114,0,12
1779799581839,50,SearchIndividual,200,OK,SearchIndividual 2-341,text,true,,1161,2602,2,269,https://api-scuda.uat.oci.krungsri.tech/ords/api/v1/customer/individual/searchprofile,50,0,27
1779799581867,28,SearchIndividual,200,OK,SearchIndividual 2-342,text,true,,1178,2601,3,270,https://api-scuda.uat.oci.krungsri.tech/ords/api/v1/customer/individual/searchprofile,28,0,13
1779799581891,45,SearchIndividual,200,OK,SearchIndividual 2-343,text,true,,1155,2602,3,271,https://api-scuda.uat.oci.krungsri.tech/ords/api/v1/customer/individual/searchprofile,45,0,32
1779799581928,29,SearchIndividual,200,OK,SearchIndividual 2-344,text,true,,1157,2602,2,272,https://api-scuda.uat.oci.krungsri.tech/ords/api/v1/customer/individual/searchprofile,29,0,17
1779799579696,2261,GetIndividual,429,Too Many Requests,GetIndividual 1-157,text,false,,600,3588,120,272,https://api-scuda.uat.oci.krungsri.tech/ic/api/v1/customer/individual/getprofile,2261,0,15
1779799578447,3517,GetIndividual,200,OK,GetIndividual 1-130,text,true,,3841,3588,119,272,https://api-scuda.uat.oci.krungsri.tech/ic/api/v1/customer/individual/getprofile,3517,0,18
1779799581932,32,SearchIndividual,200,OK,SearchIndividual 2-345,text,true,,1157,2602,1,271,https://api-scuda.uat.oci.krungsri.tech/ords/api/v1/customer/individual/searchprofile,32,0,20
1779799572378,9593,UpdateIndividual,200,OK,UpdateIndividual 4-16,text,true,,800,5672,87,271,https://api-scuda.uat.oci.krungsri.tech/ic/api/v1/customer/individual/updateprofile,9593,0,16
1779799581959,32,SearchJuristic,200,OK,SearchJuristic 6-17,text,true,,982,2600,1,273,https://api-scuda.uat.oci.krungsri.tech/ords/api/v1/customer/juristic/searchprofile,31,0,19
1779799581963,57,SearchJoint,200,OK,SearchJoint 10-17,text,true,,621,2627,1,274,https://api-scuda.uat.oci.krungsri.tech/ords/api/v1/customer/joint/searchprofile,57,0,32
1779799581988,37,SearchIndividual,200,OK,SearchIndividual 2-347,text,true,,1151,2602,3,273,https://api-scuda.uat.oci.krungsri.tech/ords/api/v1/customer/individual/searchprofile,34,0,16
1779799576782,5249,UpdateJuristic,200,OK,UpdateJuristic 8-12,text,true,,800,4425,7,274,https://api-scuda.uat.oci.krungsri.tech/ic/api/v1/customer/juristic/updateprofile,5249,0,23
1779799573572,8462,GetJoint,200,OK,GetJoint 9-8,text,true,,1429,3530,6,274,https://api-scuda.uat.oci.krungsri.tech/ic/api/v1/customer/joint/getprofile,8462,0,18
1779799578999,3038,GetIndividual,200,OK,GetIndividual 1-143,text,true,,3819,3588,119,273,https://api-scuda.uat.oci.krungsri.tech/ic/api/v1/customer/individual/getprofile,3038,0,12
1779799577388,4650,GetIndividual,200,OK,GetIndividual 1-109,text,true,,3839,3588,118,272,https://api-scuda.uat.oci.krungsri.tech/ic/api/v1/customer/individual/getprofile,4650,0,16
1779799576592,5449,UpdateIndividual,200,OK,UpdateIndividual 4-59,text,true,,800,4226,87,271,https://api-scuda.uat.oci.krungsri.tech/ic/api/v1/customer/individual/updateprofile,5449,0,44
1779799574626,7417,UpdateIndividual,200,OK,UpdateIndividual 4-48,text,true,,800,4227,87,272,https://api-scuda.uat.oci.krungsri.tech/ic/api/v1/customer/individual/updateprofile,7417,0,11
1779799581979,71,SearchIndividual,200,OK,SearchIndividual 2-346,text,true,,1163,2602,7,273,https://api-scuda.uat.oci.krungsri.tech/ords/api/v1/customer/individual/searchprofile,67,0,37
1779799572383,9671,UpdateIndividual,200,OK,UpdateIndividual 4-5,text,true,,800,5604,86,272,https://api-scuda.uat.oci.krungsri.tech/ic/api/v1/customer/individual/updateprofile,9671,0,54
1779799577496,4549,GetIndividual,200,OK,GetIndividual 1-113,text,true,,3816,3588,118,272,https://api-scuda.uat.oci.krungsri.tech/ic/api/v1/customer/individual/getprofile,4549,0,19
1779799579823,2231,GetIndividual,200,OK,GetIndividual 1-163,text,true,,3818,3588,118,272,https://api-scuda.uat.oci.krungsri.tech/ic/api/v1/customer/individual/getprofile,2231,0,26
1779799582011,64,SearchIndividual,200,OK,SearchIndividual 2-348,text,true,,1155,2602,6,270,https://api-scuda.uat.oci.krungsri.tech/ords/api/v1/customer/individual/searchprofile,63,0,44
1779799582043,34,SearchIndividual,200,OK,SearchIndividual 2-352,text,true,,1205,2602,5,270,https://api-scuda.uat.oci.krungsri.tech/ords/api/v1/customer/individual/searchprofile,33,0,21
1779799582028,55,SearchIndividual,200,OK,SearchIndividual 2-349,text,true,,1157,2602,4,269,https://api-scuda.uat.oci.krungsri.tech/ords/api/v1/customer/individual/searchprofile,55,0,35
1779799582030,54,SearchIndividual,200,OK,SearchIndividual 2-351,text,true,,1213,2602,3,268,https://api-scuda.uat.oci.krungsri.tech/ords/api/v1/customer/individual/searchprofile,54,0,37
1779799582029,72,SearchIndividual,200,OK,SearchIndividual 2-350,text,true,,1205,2602,2,268,https://api-scuda.uat.oci.krungsri.tech/ords/api/v1/customer/individual/searchprofile,71,0,33
1779799582051,63,SearchIndividual,200,OK,SearchIndividual 2-353,text,true,,1173,2602,2,268,https://api-scuda.uat.oci.krungsri.tech/ords/api/v1/customer/individual/searchprofile,63,0,19
1779799572376,9754,UpdateIndividual,200,OK,UpdateIndividual 4-18,text,true,,800,5629,87,268,https://api-scuda.uat.oci.krungsri.tech/ic/api/v1/customer/individual/updateprofile,9754,0,50
1779799571815,10317,GetIndividual,200,OK,GetIndividual 1-36,text,true,,3800,3588,118,268,https://api-scuda.uat.oci.krungsri.tech/ic/api/v1/customer/individual/getprofile,10317,0,15
1779799577709,4425,UpdateIndividual,200,OK,UpdateIndividual 4-80,text,true,,800,4230,86,267,https://api-scuda.uat.oci.krungsri.tech/ic/api/v1/customer/individual/updateprofile,4425,0,21
1779799582122,27,SearchIndividual,200,OK,SearchIndividual 2-355,text,true,,1229,2602,4,269,https://api-scuda.uat.oci.krungsri.tech/ords/api/v1/customer/individual/searchprofile,26,0,14
1779799582115,34,SearchIndividual,200,OK,SearchIndividual 2-354,text,true,,1179,2602,4,269,https://api-scuda.uat.oci.krungsri.tech/ords/api/v1/customer/individual/searchprofile,34,0,21
1779799580300,1860,GetIndividual,429,Too Many Requests,GetIndividual 1-169,text,false,,600,3588,117,267,https://api-scuda.uat.oci.krungsri.tech/ic/api/v1/customer/individual/getprofile,1860,0,15
1779799582142,28,SearchIndividual,200,OK,SearchIndividual 2-356,text,true,,1165,2602,2,266,https://api-scuda.uat.oci.krungsri.tech/ords/api/v1/customer/individual/searchprofile,27,0,15
1779799582148,27,SearchIndividual,200,OK,SearchIndividual 2-357,text,true,,1171,2602,1,265,https://api-scuda.uat.oci.krungsri.tech/ords/api/v1/customer/individual/searchprofile,26,0,15
1779799578529,3702,GetIndividual,429,Too Many Requests,GetIndividual 1-133,text,false,,600,3587,116,264,https://api-scuda.uat.oci.krungsri.tech/ic/api/v1/customer/individual/getprofile,3702,0,48
1779799578312,3922,UpdateIndividual,429,Too Many Requests,UpdateIndividual 4-87,text,false,,606,4231,86,264,https://api-scuda.uat.oci.krungsri.tech/ic/api/v1/customer/individual/updateprofile,3922,0,24
1779799575639,6601,GetIndividual,200,OK,GetIndividual 1-82,text,true,,3872,3588,115,265,https://api-scuda.uat.oci.krungsri.tech/ic/api/v1/customer/individual/getprofile,6601,0,47
1779799580763,1505,UpdateIndividual,429,Too Many Requests,UpdateIndividual 4-117,text,false,,606,4227,86,265,https://api-scuda.uat.oci.krungsri.tech/ic/api/v1/customer/individual/updateprofile,1505,0,56
1779799581518,750,GetIndividual,429,Too Many Requests,GetIndividual 1-197,text,false,,600,3588,115,265,https://api-scuda.uat.oci.krungsri.tech/ic/api/v1/customer/individual/getprofile,750,0,36
1779799582233,45,SearchIndividual,200,OK,SearchIndividual 2-358,text,true,,1219,2602,2,263,https://api-scuda.uat.oci.krungsri.tech/ords/api/v1/customer/individual/searchprofile,45,0,26
1779799582234,64,SearchIndividual,200,OK,SearchIndividual 2-359,text,true,,1193,2602,2,264,https://api-scuda.uat.oci.krungsri.tech/ords/api/v1/customer/individual/searchprofile,64,0,43
1779799576807,5517,GetIndividual,200,OK,GetIndividual 1-100,text,true,,3807,3587,115,265,https://api-scuda.uat.oci.krungsri.tech/ic/api/v1/customer/individual/getprofile,5517,0,20
1779799572243,10084,GetIndividual,200,OK,GetIndividual 1-38,text,true,,3881,3588,114,264,https://api-scuda.uat.oci.krungsri.tech/ic/api/v1/customer/individual/getprofile,10084,0,18
1779799576495,5834,GetIndividual,200,OK,GetIndividual 1-96,text,true,,3879,3588,113,263,https://api-scuda.uat.oci.krungsri.tech/ic/api/v1/customer/individual/getprofile,5834,0,22
1779799576790,5540,GetIndividual,200,OK,GetIndividual 1-99,text,true,,3919,3588,112,262,https://api-scuda.uat.oci.krungsri.tech/ic/api/v1/customer/individual/getprofile,5540,0,40
1779799579011,3323,GetIndividual,200,OK,GetIndividual 1-145,text,true,,3828,3588,111,261,https://api-scuda.uat.oci.krungsri.tech/ic/api/v1/customer/individual/getprofile,3323,0,21
1779799582288,47,SearchIndividual,200,OK,SearchIndividual 2-360,text,true,,1153,2602,1,261,https://api-scuda.uat.oci.krungsri.tech/ords/api/v1/customer/individual/searchprofile,47,0,30
1779799578945,3394,GetIndividual,200,OK,GetIndividual 1-142,text,true,,3834,3588,110,259,https://api-scuda.uat.oci.krungsri.tech/ic/api/v1/customer/individual/getprofile,3394,0,16
1779799576573,5769,UpdateIndividual,200,OK,UpdateIndividual 4-65,text,true,,800,5530,87,259,https://api-scuda.uat.oci.krungsri.tech/ic/api/v1/customer/individual/updateprofile,5769,0,15
1779799577803,4548,GetIndividual,200,OK,GetIndividual 1-119,text,true,,3869,3588,110,258,https://api-scuda.uat.oci.krungsri.tech/ic/api/v1/customer/individual/getprofile,4548,0,19
1779799582353,32,SearchIndividual,200,OK,SearchIndividual 2-361,text,true,,1177,2602,3,261,https://api-scuda.uat.oci.krungsri.tech/ords/api/v1/customer/individual/searchprofile,32,0,20
1779799582362,25,SearchIndividual,200,OK,SearchIndividual 2-362,text,true,,1191,2602,4,262,https://api-scuda.uat.oci.krungsri.tech/ords/api/v1/customer/individual/searchprofile,25,0,15
1779799582377,38,SearchIndividual,200,OK,SearchIndividual 2-363,text,true,,1173,2602,3,261,https://api-scuda.uat.oci.krungsri.tech/ords/api/v1/customer/individual/searchprofile,38,0,21
1779799575011,7419,UpdateJuristic,200,OK,UpdateJuristic 8-10,text,true,,800,5827,6,261,https://api-scuda.uat.oci.krungsri.tech/ic/api/v1/customer/juristic/updateprofile,7419,0,24
1779799576935,5498,UpdateIndividual,200,OK,UpdateIndividual 4-69,text,true,,800,5546,87,260,https://api-scuda.uat.oci.krungsri.tech/ic/api/v1/customer/individual/updateprofile,5498,0,33
1779799582389,56,SearchIndividual,200,OK,SearchIndividual 2-364,text,true,,1133,2602,2,259,https://api-scuda.uat.oci.krungsri.tech/ords/api/v1/customer/individual/searchprofile,56,0,35
1779799578213,4234,UpdateJuristic,200,OK,UpdateJuristic 8-13,text,true,,800,4427,5,259,https://api-scuda.uat.oci.krungsri.tech/ic/api/v1/customer/juristic/updateprofile,4234,0,20
1779799577614,4834,UpdateIndividual,200,OK,UpdateIndividual 4-78,text,true,,800,4228,86,259,https://api-scuda.uat.oci.krungsri.tech/ic/api/v1/customer/individual/updateprofile,4833,0,18
1779799580088,2359,UpdateIndividual,429,Too Many Requests,UpdateIndividual 4-110,text,false,,606,5581,85,256,https://api-scuda.uat.oci.krungsri.tech/ic/api/v1/customer/individual/updateprofile,2358,0,17
1779799579442,3005,GetIndividual,200,OK,GetIndividual 1-149,text,true,,3831,3588,110,256,https://api-scuda.uat.oci.krungsri.tech/ic/api/v1/customer/individual/getprofile,3005,0,19
1779799573891,8559,GetIndividual,200,OK,GetIndividual 1-57,text,true,,3862,3587,109,254,https://api-scuda.uat.oci.krungsri.tech/ic/api/v1/customer/individual/getprofile,8559,0,19
1779799582396,66,SearchIndividual,200,OK,SearchIndividual 2-365,text,true,,1163,2602,2,256,https://api-scuda.uat.oci.krungsri.tech/ords/api/v1/customer/individual/searchprofile,66,0,40
1779799580990,1489,UpdateIndividual,429,Too Many Requests,UpdateIndividual 4-121,text,false,,606,4228,85,258,https://api-scuda.uat.oci.krungsri.tech/ic/api/v1/customer/individual/updateprofile,1489,0,17
1779799582453,43,SearchIndividual,200,OK,SearchIndividual 2-366,text,true,,1129,2602,2,257,https://api-scuda.uat.oci.krungsri.tech/ords/api/v1/customer/individual/searchprofile,43,0,22
1779799582469,30,SearchIndividual,200,OK,SearchIndividual 2-367,text,true,,1133,2602,1,256,https://api-scuda.uat.oci.krungsri.tech/ords/api/v1/customer/individual/searchprofile,30,0,17
1779799578212,4320,GetIndividual,200,OK,GetIndividual 1-123,text,true,,3829,3588,111,257,https://api-scuda.uat.oci.krungsri.tech/ic/api/v1/customer/individual/getprofile,4320,0,13
1779799574999,7536,UpdateIndividual,200,OK,UpdateIndividual 4-51,text,true,,800,4227,84,256,https://api-scuda.uat.oci.krungsri.tech/ic/api/v1/customer/individual/updateprofile,7536,0,26
1779799580270,2268,UpdateIndividual,429,Too Many Requests,UpdateIndividual 4-114,text,false,,606,5659,83,255,https://api-scuda.uat.oci.krungsri.tech/ic/api/v1/customer/individual/updateprofile,2268,0,24
1779799575811,6729,GetIndividual,200,OK,GetIndividual 1-88,text,true,,3812,3588,110,255,https://api-scuda.uat.oci.krungsri.tech/ic/api/v1/customer/individual/getprofile,6729,0,22
1779799573364,9177,GetIndividual,200,OK,GetIndividual 1-50,text,true,,3860,3588,109,253,https://api-scuda.uat.oci.krungsri.tech/ic/api/v1/customer/individual/getprofile,9176,0,30
1779799582507,49,SearchIndividual,200,OK,SearchIndividual 2-368,text,true,,1235,2602,2,254,https://api-scuda.uat.oci.krungsri.tech/ords/api/v1/customer/individual/searchprofile,48,0,28
1779799582553,36,SearchIndividual,200,OK,SearchIndividual 2-369,text,true,,1173,2602,4,258,https://api-scuda.uat.oci.krungsri.tech/ords/api/v1/customer/individual/searchprofile,36,0,23
1779799582582,36,SearchIndividual,200,OK,SearchIndividual 2-370,text,true,,1175,2602,5,263,https://api-scuda.uat.oci.krungsri.tech/ords/api/v1/customer/individual/searchprofile,36,0,25
1779799582585,36,SearchIndividual,200,OK,SearchIndividual 2-371,text,true,,1187,2602,4,262,https://api-scuda.uat.oci.krungsri.tech/ords/api/v1/customer/individual/searchprofile,36,0,24
1779799582587,38,SearchIndividual,200,OK,SearchIndividual 2-372,text,true,,1215,2602,3,261,https://api-scuda.uat.oci.krungsri.tech/ords/api/v1/customer/individual/searchprofile,38,0,27
1779799578606,4021,GetJoint,200,OK,GetJoint 9-14,text,true,,1431,3530,6,261,https://api-scuda.uat.oci.krungsri.tech/ic/api/v1/customer/joint/getprofile,4021,0,22
1779799577934,4696,GetJoint,200,OK,GetJoint 9-13,text,true,,1429,3530,5,259,https://api-scuda.uat.oci.krungsri.tech/ic/api/v1/customer/joint/getprofile,4696,0,31
1779799572379,10250,UpdateIndividual,200,OK,UpdateIndividual 4-3,text,true,,800,5607,84,260,https://api-scuda.uat.oci.krungsri.tech/ic/api/v1/customer/individual/updateprofile,10250,0,0
1779799576259,6374,GetIndividual,200,OK,GetIndividual 1-94,text,true,,3832,3588,110,258,https://api-scuda.uat.oci.krungsri.tech/ic/api/v1/customer/individual/getprofile,6374,0,32
1779799577492,5142,GetIndividual,200,OK,GetIndividual 1-112,text,true,,3831,3588,109,257,https://api-scuda.uat.oci.krungsri.tech/ic/api/v1/customer/individual/getprofile,5142,0,23
1779799578926,3708,GetIndividual,200,OK,GetIndividual 1-141,text,true,,3911,3588,109,257,https://api-scuda.uat.oci.krungsri.tech/ic/api/v1/customer/individual/getprofile,3708,0,19
1779799579106,3528,GetIndividual,200,OK,GetIndividual 1-146,text,true,,3821,3586,107,255,https://api-scuda.uat.oci.krungsri.tech/ic/api/v1/customer/individual/getprofile,3528,0,14
1779799577933,4707,GetIndividual,429,Too Many Requests,GetIndividual 1-121,text,false,,600,3588,106,254,https://api-scuda.uat.oci.krungsri.tech/ic/api/v1/customer/individual/getprofile,4707,0,19
1779799582611,27,SearchIndividual,200,OK,SearchIndividual 2-373,text,true,,1157,2602,3,254,https://api-scuda.uat.oci.krungsri.tech/ords/api/v1/customer/individual/searchprofile,27,0,15
1779799582617,37,SearchJuristic,200,OK,SearchJuristic 6-18,text,true,,979,2600,1,255,https://api-scuda.uat.oci.krungsri.tech/ords/api/v1/customer/juristic/searchprofile,37,0,24
1779799582618,36,SearchIndividual,200,OK,SearchIndividual 2-374,text,true,,1179,2602,3,255,https://api-scuda.uat.oci.krungsri.tech/ords/api/v1/customer/individual/searchprofile,36,0,20
1779799582629,31,SearchIndividual,200,OK,SearchIndividual 2-375,text,true,,1259,2600,2,253,https://api-scuda.uat.oci.krungsri.tech/ords/api/v1/customer/individual/searchprofile,31,0,21
1779799578361,4304,GetIndividual,429,Too Many Requests,GetIndividual 1-127,text,false,,600,3588,106,252,https://api-scuda.uat.oci.krungsri.tech/ic/api/v1/customer/individual/getprofile,4304,0,15
1779799582650,33,SearchIndividual,200,OK,SearchIndividual 2-376,text,true,,1159,2602,4,255,https://api-scuda.uat.oci.krungsri.tech/ords/api/v1/customer/individual/searchprofile,33,0,20
1779799582673,37,SearchIndividual,200,OK,SearchIndividual 2-377,text,true,,1165,2602,3,256,https://api-scuda.uat.oci.krungsri.tech/ords/api/v1/customer/individual/searchprofile,37,0,21
1779799582681,37,SearchIndividual,200,OK,SearchIndividual 2-379,text,true,,1187,2602,2,255,https://api-scuda.uat.oci.krungsri.tech/ords/api/v1/customer/individual/searchprofile,37,0,19
1779799582681,38,SearchIndividual,200,OK,SearchIndividual 2-378,text,true,,1154,2601,2,255,https://api-scuda.uat.oci.krungsri.tech/ords/api/v1/customer/individual/searchprofile,37,0,25
1779799579910,2813,GetIndividual,429,Too Many Requests,GetIndividual 1-164,text,false,,600,3587,106,253,https://api-scuda.uat.oci.krungsri.tech/ic/api/v1/customer/individual/getprofile,2813,0,29
1779799579458,3273,UpdateIndividual,429,Too Many Requests,UpdateIndividual 4-100,text,false,,606,5582,84,253,https://api-scuda.uat.oci.krungsri.tech/ic/api/v1/customer/individual/updateprofile,3273,0,17
1779799579964,2769,UpdateIndividual,200,OK,UpdateIndividual 4-108,text,true,,800,4229,83,252,https://api-scuda.uat.oci.krungsri.tech/ic/api/v1/customer/individual/updateprofile,2769,0,14
1779799576939,5797,UpdateIndividual,200,OK,UpdateIndividual 4-71,text,true,,800,4229,82,251,https://api-scuda.uat.oci.krungsri.tech/ic/api/v1/customer/individual/updateprofile,5797,0,25
1779799579325,3414,UpdateIndividual,200,OK,UpdateIndividual 4-98,text,true,,800,5568,81,250,https://api-scuda.uat.oci.krungsri.tech/ic/api/v1/customer/individual/updateprofile,3414,0,16
1779799578139,4604,UpdateIndividual,200,OK,UpdateIndividual 4-85,text,true,,800,4229,80,251,https://api-scuda.uat.oci.krungsri.tech/ic/api/v1/customer/individual/updateprofile,4604,0,25
1779799580562,2197,UpdateIndividual,429,Too Many Requests,UpdateIndividual 4-115,text,false,,606,5571,79,251,https://api-scuda.uat.oci.krungsri.tech/ic/api/v1/customer/individual/updateprofile,2197,0,22
1779799582729,41,SearchIndividual,200,OK,SearchIndividual 2-380,text,true,,1221,2602,1,250,https://api-scuda.uat.oci.krungsri.tech/ords/api/v1/customer/individual/searchprofile,40,0,25
1779799582771,33,SearchIndividual,200,OK,SearchIndividual 2-381,text,true,,1126,2601,1,251,https://api-scuda.uat.oci.krungsri.tech/ords/api/v1/customer/individual/searchprofile,33,0,21
1779799577274,5553,GetIndividual,200,OK,GetIndividual 1-108,text,true,,3858,3588,109,251,https://api-scuda.uat.oci.krungsri.tech/ic/api/v1/customer/individual/getprofile,5553,0,19
1779799577399,5428,GetIndividual,200,OK,GetIndividual 1-111,text,true,,3900,3588,109,251,https://api-scuda.uat.oci.krungsri.tech/ic/api/v1/customer/individual/getprofile,5428,0,15
1779799582822,37,SearchIndividual,200,OK,SearchIndividual 2-382,text,true,,1167,2602,3,257,https://api-scuda.uat.oci.krungsri.tech/ords/api/v1/customer/individual/searchprofile,37,0,21
1779799581212,1649,GetIndividual,429,Too Many Requests,GetIndividual 1-193,text,false,,600,3587,111,258,https://api-scuda.uat.oci.krungsri.tech/ic/api/v1/customer/individual/getprofile,1649,0,22
1779799581641,1221,UpdateJoint,429,Too Many Requests,UpdateJoint 12-17,text,false,,596,3613,10,258,https://api-scuda.uat.oci.krungsri.tech/ic/api/v1/customer/joint/updateprofile,1221,0,19
1779799578195,4669,GetIndividual,429,Too Many Requests,GetIndividual 1-122,text,false,,600,3588,111,258,https://api-scuda.uat.oci.krungsri.tech/ic/api/v1/customer/individual/getprofile,4669,0,14
1779799582847,22,SearchJoint,200,OK,SearchJoint 10-18,text,true,,621,2627,1,258,https://api-scuda.uat.oci.krungsri.tech/ords/api/v1/customer/joint/searchprofile,22,0,13
1779799582839,33,SearchIndividual,200,OK,SearchIndividual 2-383,text,true,,1177,2602,4,258,https://api-scuda.uat.oci.krungsri.tech/ords/api/v1/customer/individual/searchprofile,33,0,22
1779799582839,38,SearchIndividual,200,OK,SearchIndividual 2-384,text,true,,1179,2602,4,258,https://api-scuda.uat.oci.krungsri.tech/ords/api/v1/customer/individual/searchprofile,38,0,26
1779799582862,26,SearchIndividual,200,OK,SearchIndividual 2-385,text,true,,1134,2601,4,258,https://api-scuda.uat.oci.krungsri.tech/ords/api/v1/customer/individual/searchprofile,26,0,16
1779799581120,1812,GetIndividual,200,OK,GetIndividual 1-192,text,true,,3856,3588,110,252,https://api-scuda.uat.oci.krungsri.tech/ic/api/v1/customer/individual/getprofile,1812,0,19
1779799577690,5246,GetIndividual,200,OK,GetIndividual 1-115,text,true,,3834,3588,110,252,https://api-scuda.uat.oci.krungsri.tech/ic/api/v1/customer/individual/getprofile,5246,0,15
1779799578367,4573,GetIndividual,200,OK,GetIndividual 1-128,text,true,,3841,3588,110,252,https://api-scuda.uat.oci.krungsri.tech/ic/api/v1/customer/individual/getprofile,4573,0,18
1779799578640,4315,GetJuristic,429,Too Many Requests,GetJuristic 5-14,text,false,,596,3533,8,250,https://api-scuda.uat.oci.krungsri.tech/ic/api/v1/customer/juristic/getprofile,4315,0,47
1779799582893,62,SearchIndividual,200,OK,SearchIndividual 2-386,text,true,,1193,2602,2,249,https://api-scuda.uat.oci.krungsri.tech/ords/api/v1/customer/individual/searchprofile,62,0,41
1779799582944,36,SearchIndividual,200,OK,SearchIndividual 2-387,text,true,,1184,2601,2,251,https://api-scuda.uat.oci.krungsri.tech/ords/api/v1/customer/individual/searchprofile,36,0,20
1779799582958,40,SearchIndividual,200,OK,SearchIndividual 2-388,text,true,,1197,2602,2,252,https://api-scuda.uat.oci.krungsri.tech/ords/api/v1/customer/individual/searchprofile,39,0,22
1779799582997,28,SearchIndividual,200,OK,SearchIndividual 2-389,text,true,,1207,2602,1,251,https://api-scuda.uat.oci.krungsri.tech/ords/api/v1/customer/individual/searchprofile,27,0,14
1779799578018,5009,UpdateIndividual,200,OK,UpdateIndividual 4-83,text,true,,798,4225,80,251,https://api-scuda.uat.oci.krungsri.tech/ic/api/v1/customer/individual/updateprofile,5009,0,29
1779799576091,6937,GetIndividual,200,OK,GetIndividual 1-92,text,true,,3889,3588,108,249,https://api-scuda.uat.oci.krungsri.tech/ic/api/v1/customer/individual/getprofile,6937,0,28
1779799573732,9300,GetIndividual,200,OK,GetIndividual 1-55,text,true,,3841,3588,107,249,https://api-scuda.uat.oci.krungsri.tech/ic/api/v1/customer/individual/getprofile,9300,0,15
1779799580673,2362,GetIndividual,200,OK,GetIndividual 1-176,text,true,,3917,3588,106,249,https://api-scuda.uat.oci.krungsri.tech/ic/api/v1/customer/individual/getprofile,2362,0,87
1779799580324,2742,CreateJoint,429,Too Many Requests,CreateJoint 11-15,text,false,,596,5748,13,249,https://api-scuda.uat.oci.krungsri.tech/ic/api/v1/customer/joint/createprofile,2742,0,18
1779799582362,723,GetIndividual,429,Too Many Requests,GetIndividual 1-218,text,false,,600,3588,106,251,https://api-scuda.uat.oci.krungsri.tech/ic/api/v1/customer/individual/getprofile,723,0,19
1779799583057,34,SearchIndividual,200,OK,SearchIndividual 2-391,text,true,,1204,2601,3,250,https://api-scuda.uat.oci.krungsri.tech/ords/api/v1/customer/individual/searchprofile,34,0,22
1779799583034,67,SearchIndividual,200,OK,SearchIndividual 2-390,text,true,,1131,2602,3,251,https://api-scuda.uat.oci.krungsri.tech/ords/api/v1/customer/individual/searchprofile,67,0,33
1779799583084,33,SearchIndividual,200,OK,SearchIndividual 2-392,text,true,,1159,2602,2,251,https://api-scuda.uat.oci.krungsri.tech/ords/api/v1/customer/individual/searchprofile,33,0,19
1779799578305,4830,GetIndividual,200,OK,GetIndividual 1-125,text,true,,3921,3588,106,250,https://api-scuda.uat.oci.krungsri.tech/ic/api/v1/customer/individual/getprofile,4830,0,23
1779799579564,3571,GetIndividual,200,OK,GetIndividual 1-151,text,true,,3890,3587,105,249,https://api-scuda.uat.oci.krungsri.tech/ic/api/v1/customer/individual/getprofile,3571,0,20
1779799583097,46,SearchIndividual,200,OK,SearchIndividual 2-393,text,true,,1161,2602,1,248,https://api-scuda.uat.oci.krungsri.tech/ords/api/v1/customer/individual/searchprofile,46,0,34
1779799581770,1391,GetIndividual,429,Too Many Requests,GetIndividual 1-206,text,false,,600,3588,105,250,https://api-scuda.uat.oci.krungsri.tech/ic/api/v1/customer/individual/getprofile,1391,0,16
1779799579619,3547,GetIndividual,429,Too Many Requests,GetIndividual 1-156,text,false,,600,3588,104,249,https://api-scuda.uat.oci.krungsri.tech/ic/api/v1/customer/individual/getprofile,3547,0,53
1779799583149,65,SearchIndividual,200,OK,SearchIndividual 2-394,text,true,,1197,2602,4,252,https://api-scuda.uat.oci.krungsri.tech/ords/api/v1/customer/individual/searchprofile,65,0,43
1779799583160,58,SearchIndividual,200,OK,SearchIndividual 2-395,text,true,,1153,2602,3,251,https://api-scuda.uat.oci.krungsri.tech/ords/api/v1/customer/individual/searchprofile,57,0,37
1779799583187,33,SearchIndividual,200,OK,SearchIndividual 2-396,text,true,,1115,2602,2,251,https://api-scuda.uat.oci.krungsri.tech/ords/api/v1/customer/individual/searchprofile,33,0,21
1779799575357,7879,GetIndividual,200,OK,GetIndividual 1-79,text,true,,3873,3588,105,251,https://api-scuda.uat.oci.krungsri.tech/ic/api/v1/customer/individual/getprofile,7879,0,42
1779799577595,5643,UpdateIndividual,200,OK,UpdateIndividual 4-76,text,true,,800,5538,82,250,https://api-scuda.uat.oci.krungsri.tech/ic/api/v1/customer/individual/updateprofile,5643,0,23
1779799580421,2816,GetIndividual,200,OK,GetIndividual 1-171,text,true,,3849,3588,104,250,https://api-scuda.uat.oci.krungsri.tech/ic/api/v1/customer/individual/getprofile,2816,0,20
1779799579738,3499,GetIndividual,200,OK,GetIndividual 1-159,text,true,,3867,3588,104,249,https://api-scuda.uat.oci.krungsri.tech/ic/api/v1/customer/individual/getprofile,3499,0,18
1779799583209,28,SearchIndividual,200,OK,SearchIndividual 2-397,text,true,,1193,2602,2,249,https://api-scuda.uat.oci.krungsri.tech/ords/api/v1/customer/individual/searchprofile,28,0,17
1779799579564,3675,GetIndividual,200,OK,GetIndividual 1-152,text,true,,3899,3588,102,246,https://api-scuda.uat.oci.krungsri.tech/ic/api/v1/customer/individual/getprofile,3675,0,26
1779799581008,2232,GetIndividual,200,OK,GetIndividual 1-189,text,true,,3859,3588,101,245,https://api-scuda.uat.oci.krungsri.tech/ic/api/v1/customer/individual/getprofile,2232,0,27
1779799580384,2860,GetIndividual,200,OK,GetIndividual 1-170,text,true,,3841,3588,100,244,https://api-scuda.uat.oci.krungsri.tech/ic/api/v1/customer/individual/getprofile,2860,0,21
1779799581952,1312,CreateJuristic,429,Too Many Requests,CreateJuristic 7-17,text,false,,602,7866,12,245,https://api-scuda.uat.oci.krungsri.tech/ic/api/v1/customer/juristic/createprofile,1312,0,12
1779799583229,49,SearchIndividual,200,OK,SearchIndividual 2-398,text,true,,1175,2602,2,245,https://api-scuda.uat.oci.krungsri.tech/ords/api/v1/customer/individual/searchprofile,49,0,30
1779799583250,34,SearchIndividual,200,OK,SearchIndividual 2-399,text,true,,1235,2602,1,244,https://api-scuda.uat.oci.krungsri.tech/ords/api/v1/customer/individual/searchprofile,34,0,21
1779799583293,31,SearchIndividual,200,OK,SearchIndividual 2-400,text,true,,1135,2602,3,251,https://api-scuda.uat.oci.krungsri.tech/ords/api/v1/customer/individual/searchprofile,31,0,20
1779799573968,9361,UpdateIndividual,200,OK,UpdateIndividual 4-42,text,true,,800,5622,84,250,https://api-scuda.uat.oci.krungsri.tech/ic/api/v1/customer/individual/updateprofile,9361,0,22
1779799583294,36,SearchIndividual,200,OK,SearchIndividual 2-401,text,true,,1129,2602,2,249,https://api-scuda.uat.oci.krungsri.tech/ords/api/v1/customer/individual/searchprofile,36,0,25
1779799583297,35,SearchIndividual,200,OK,SearchIndividual 2-402,text,true,,1211,2602,1,248,https://api-scuda.uat.oci.krungsri.tech/ords/api/v1/customer/individual/searchprofile,34,0,23
1779799583341,29,SearchIndividual,200,OK,SearchIndividual 2-403,text,true,,1142,2601,2,254,https://api-scuda.uat.oci.krungsri.tech/ords/api/v1/customer/individual/searchprofile,29,0,16
1779799583354,28,SearchIndividual,200,OK,SearchIndividual 2-404,text,true,,1109,2602,3,255,https://api-scuda.uat.oci.krungsri.tech/ords/api/v1/customer/individual/searchprofile,28,0,16
1779799583375,26,SearchIndividual,200,OK,SearchIndividual 2-405,text,true,,1169,2602,2,254,https://api-scuda.uat.oci.krungsri.tech/ords/api/v1/customer/individual/searchprofile,26,0,12
1779799580522,2905,GetIndividual,200,OK,GetIndividual 1-174,text,true,,3859,3587,105,256,https://api-scuda.uat.oci.krungsri.tech/ic/api/v1/customer/individual/getprofile,2905,0,22
1779799581338,2091,GetJuristic,200,OK,GetJuristic 5-16,text,true,,3509,3533,7,255,https://api-scuda.uat.oci.krungsri.tech/ic/api/v1/customer/juristic/getprofile,2091,0,22
1779799580502,2930,GetJuristic,429,Too Many Requests,GetJuristic 5-15,text,false,,596,3533,6,254,https://api-scuda.uat.oci.krungsri.tech/ic/api/v1/customer/juristic/getprofile,2930,0,18
1779799583401,32,SearchIndividual,200,OK,SearchIndividual 2-406,text,true,,1137,2602,2,254,https://api-scuda.uat.oci.krungsri.tech/ords/api/v1/customer/individual/searchprofile,32,0,19
1779799578231,5205,GetIndividual,200,OK,GetIndividual 1-124,text,true,,3868,3588,104,253,https://api-scuda.uat.oci.krungsri.tech/ic/api/v1/customer/individual/getprofile,5204,0,22
1779799583411,31,SearchIndividual,200,OK,SearchIndividual 2-407,text,true,,1175,2602,4,254,https://api-scuda.uat.oci.krungsri.tech/ords/api/v1/customer/individual/searchprofile,31,0,19
1779799583437,24,SearchIndividual,200,OK,SearchIndividual 2-409,text,true,,1133,2602,3,255,https://api-scuda.uat.oci.krungsri.tech/ords/api/v1/customer/individual/searchprofile,24,0,12
1779799583436,26,SearchIndividual,200,OK,SearchIndividual 2-408,text,true,,1079,2602,2,254,https://api-scuda.uat.oci.krungsri.tech/ords/api/v1/customer/individual/searchprofile,26,0,13
1779799583443,37,SearchIndividual,200,OK,SearchIndividual 2-410,text,true,,1211,2602,1,253,https://api-scuda.uat.oci.krungsri.tech/ords/api/v1/customer/individual/searchprofile,37,0,22
1779799578371,5163,GetIndividual,200,OK,GetIndividual 1-129,text,true,,3879,3588,104,254,https://api-scuda.uat.oci.krungsri.tech/ic/api/v1/customer/individual/getprofile,5163,0,28
1779799581911,1622,GetIndividual,429,Too Many Requests,GetIndividual 1-209,text,false,,600,3588,104,254,https://api-scuda.uat.oci.krungsri.tech/ic/api/v1/customer/individual/getprofile,1622,0,20
1779799578177,5358,UpdateIndividual,200,OK,UpdateIndividual 4-86,text,true,,800,4227,89,254,https://api-scuda.uat.oci.krungsri.tech/ic/api/v1/customer/individual/updateprofile,5358,0,39
1779799578601,4935,GetIndividual,200,OK,GetIndividual 1-135,text,true,,3867,3588,103,253,https://api-scuda.uat.oci.krungsri.tech/ic/api/v1/customer/individual/getprofile,4935,0,50
1779799579182,4354,UpdateIndividual,200,OK,UpdateIndividual 4-94,text,true,,800,5618,88,250,https://api-scuda.uat.oci.krungsri.tech/ic/api/v1/customer/individual/updateprofile,4354,0,19
1779799583532,25,SearchIndividual,200,OK,SearchIndividual 2-411,text,true,,1113,2602,1,250,https://api-scuda.uat.oci.krungsri.tech/ords/api/v1/customer/individual/searchprofile,25,0,15
1779799583590,30,SearchIndividual,200,OK,SearchIndividual 2-412,text,true,,1186,2601,3,255,https://api-scuda.uat.oci.krungsri.tech/ords/api/v1/customer/individual/searchprofile,30,0,18
1779799578495,5133,GetIndividual,429,Too Many Requests,GetIndividual 1-131,text,false,,600,3588,104,255,https://api-scuda.uat.oci.krungsri.tech/ic/api/v1/customer/individual/getprofile,5133,0,15
1779799583593,34,SearchIndividual,200,OK,SearchIndividual 2-413,text,true,,1187,2602,3,255,https://api-scuda.uat.oci.krungsri.tech/ords/api/v1/customer/individual/searchprofile,33,0,18
1779799577007,6623,UpdateIndividual,200,OK,UpdateIndividual 4-72,text,true,,800,4229,88,254,https://api-scuda.uat.oci.krungsri.tech/ic/api/v1/customer/individual/updateprofile,6623,0,22
1779799573261,10376,UpdateIndividual,200,OK,UpdateIndividual 4-35,text,true,,800,4226,87,252,https://api-scuda.uat.oci.krungsri.tech/ic/api/v1/customer/individual/updateprofile,10376,0,26
1779799580964,2675,GetIndividual,200,OK,GetIndividual 1-187,text,true,,3849,3588,103,251,https://api-scuda.uat.oci.krungsri.tech/ic/api/v1/customer/individual/getprofile,2675,0,19
1779799577731,5912,GetIndividual,200,OK,GetIndividual 1-117,text,true,,3907,3588,102,250,https://api-scuda.uat.oci.krungsri.tech/ic/api/v1/customer/individual/getprofile,5912,0,31
1779799580837,2805,GetIndividual,200,OK,GetIndividual 1-182,text,true,,3927,3588,101,249,https://api-scuda.uat.oci.krungsri.tech/ic/api/v1/customer/individual/getprofile,2805,0,24
1779799583613,30,SearchIndividual,200,OK,SearchIndividual 2-414,text,true,,1146,2601,2,248,https://api-scuda.uat.oci.krungsri.tech/ords/api/v1/customer/individual/searchprofile,30,0,16
1779799581478,2183,UpdateIndividual,429,Too Many Requests,UpdateIndividual 4-128,text,false,,606,5648,86,249,https://api-scuda.uat.oci.krungsri.tech/ic/api/v1/customer/individual/updateprofile,2183,0,22
1779799583626,36,SearchIndividual,200,OK,SearchIndividual 2-415,text,true,,1255,2602,2,249,https://api-scuda.uat.oci.krungsri.tech/ords/api/v1/customer/individual/searchprofile,35,0,17
1779799583662,35,SearchIndividual,200,OK,SearchIndividual 2-416,text,true,,1199,2602,2,250,https://api-scuda.uat.oci.krungsri.tech/ords/api/v1/customer/individual/searchprofile,34,0,22
1779799583667,30,SearchIndividual,200,OK,SearchIndividual 2-417,text,true,,1193,2602,1,249,https://api-scuda.uat.oci.krungsri.tech/ords/api/v1/customer/individual/searchprofile,30,0,18
1779799577781,5951,UpdateIndividual,200,OK,UpdateIndividual 4-81,text,true,,799,5582,86,251,https://api-scuda.uat.oci.krungsri.tech/ic/api/v1/customer/individual/updateprofile,5951,0,11
1779799582653,1077,GetIndividual,200,OK,GetIndividual 1-224,text,true,,3851,3588,104,251,https://api-scuda.uat.oci.krungsri.tech/ic/api/v1/customer/individual/getprofile,1077,0,18
1779799576327,7408,GetIndividual,200,OK,GetIndividual 1-95,text,true,,3824,3588,103,249,https://api-scuda.uat.oci.krungsri.tech/ic/api/v1/customer/individual/getprofile,7408,0,55
1779799579469,4274,GetIndividual,429,Too Many Requests,GetIndividual 1-150,text,false,,600,3588,103,250,https://api-scuda.uat.oci.krungsri.tech/ic/api/v1/customer/individual/getprofile,4274,0,56
1779799581918,1845,GetIndividual,429,Too Many Requests,GetIndividual 1-210,text,false,,600,3588,102,250,https://api-scuda.uat.oci.krungsri.tech/ic/api/v1/customer/individual/getprofile,1845,0,20
1779799583742,35,SearchIndividual,200,OK,SearchIndividual 2-418,text,true,,1249,2602,3,250,https://api-scuda.uat.oci.krungsri.tech/ords/api/v1/customer/individual/searchprofile,35,0,20
1779799583776,27,SearchIndividual,200,OK,SearchIndividual 2-420,text,true,,1213,2602,4,253,https://api-scuda.uat.oci.krungsri.tech/ords/api/v1/customer/individual/searchprofile,27,0,16
1779799583764,57,SearchIndividual,200,OK,SearchIndividual 2-419,text,true,,1175,2602,5,254,https://api-scuda.uat.oci.krungsri.tech/ords/api/v1/customer/individual/searchprofile,56,0,26
1779799583793,33,SearchIndividual,200,OK,SearchIndividual 2-421,text,true,,1159,2602,4,253,https://api-scuda.uat.oci.krungsri.tech/ords/api/v1/customer/individual/searchprofile,32,0,20
1779799571322,12504,GetJuristic,200,OK,GetJuristic 5-6,text,true,,3493,3533,5,253,https://api-scuda.uat.oci.krungsri.tech/ic/api/v1/customer/juristic/getprofile,12504,0,70
1779799579614,4212,GetIndividual,200,OK,GetIndividual 1-154,text,true,,3893,3588,102,253,https://api-scuda.uat.oci.krungsri.tech/ic/api/v1/customer/individual/getprofile,4212,0,23
1779799580514,3312,GetIndividual,200,OK,GetIndividual 1-173,text,true,,3850,3587,102,253,https://api-scuda.uat.oci.krungsri.tech/ic/api/v1/customer/individual/getprofile,3312,0,58
1779799581953,1874,UpdateIndividual,200,OK,UpdateIndividual 4-135,text,true,,800,4228,86,251,https://api-scuda.uat.oci.krungsri.tech/ic/api/v1/customer/individual/updateprofile,1874,0,15
1779799579939,3890,GetIndividual,429,Too Many Requests,GetIndividual 1-165,text,false,,600,3588,100,249,https://api-scuda.uat.oci.krungsri.tech/ic/api/v1/customer/individual/getprofile,3890,0,24
1779799580951,2909,GetIndividual,429,Too Many Requests,GetIndividual 1-185,text,false,,600,3588,100,249,https://api-scuda.uat.oci.krungsri.tech/ic/api/v1/customer/individual/getprofile,2909,0,26
1779799581999,1862,UpdateIndividual,429,Too Many Requests,UpdateIndividual 4-136,text,false,,606,5552,86,249,https://api-scuda.uat.oci.krungsri.tech/ic/api/v1/customer/individual/updateprofile,1862,0,32
1779799580732,3129,GetIndividual,200,OK,GetIndividual 1-179,text,true,,3853,3588,100,249,https://api-scuda.uat.oci.krungsri.tech/ic/api/v1/customer/individual/getprofile,3129,0,93
1779799582830,1032,GetIndividual,200,OK,GetIndividual 1-230,text,true,,3873,3588,100,249,https://api-scuda.uat.oci.krungsri.tech/ic/api/v1/customer/individual/getprofile,1032,0,20
1779799583812,76,SearchIndividual,200,OK,SearchIndividual 2-423,text,true,,1165,2602,4,247,https://api-scuda.uat.oci.krungsri.tech/ords/api/v1/customer/individual/searchprofile,75,0,26
1779799583793,102,SearchIndividual,200,OK,SearchIndividual 2-422,text,true,,1183,2602,3,246,https://api-scuda.uat.oci.krungsri.tech/ords/api/v1/customer/individual/searchprofile,102,0,48
1779799583814,83,SearchIndividual,200,OK,SearchIndividual 2-424,text,true,,1193,2602,2,245,https://api-scuda.uat.oci.krungsri.tech/ords/api/v1/customer/individual/searchprofile,83,0,30
1779799583883,33,SearchIndividual,200,OK,SearchIndividual 2-425,text,true,,1113,2602,2,246,https://api-scuda.uat.oci.krungsri.tech/ords/api/v1/customer/individual/searchprofile,33,0,19
1779799579596,4333,GetJoint,200,OK,GetJoint 9-15,text,true,,1430,3529,4,246,https://api-scuda.uat.oci.krungsri.tech/ic/api/v1/customer/joint/getprofile,4333,0,19
1779799581552,2379,GetIndividual,200,OK,GetIndividual 1-198,text,true,,3888,3588,98,245,https://api-scuda.uat.oci.krungsri.tech/ic/api/v1/customer/individual/getprofile,2379,0,33
1779799582690,1243,GetJuristic,200,OK,GetJuristic 5-18,text,true,,3508,3532,4,244,https://api-scuda.uat.oci.krungsri.tech/ic/api/v1/customer/juristic/getprofile,1243,0,14
1779799581839,2095,GetIndividual,200,OK,GetIndividual 1-208,text,true,,3861,3588,97,244,https://api-scuda.uat.oci.krungsri.tech/ic/api/v1/customer/individual/getprofile,2095,0,26
1779799583912,39,SearchIndividual,200,OK,SearchIndividual 2-426,text,true,,1183,2602,1,242,https://api-scuda.uat.oci.krungsri.tech/ords/api/v1/customer/individual/searchprofile,39,0,24
1779799583208,756,GetIndividual,429,Too Many Requests,GetIndividual 1-240,text,false,,600,3588,97,242,https://api-scuda.uat.oci.krungsri.tech/ic/api/v1/customer/individual/getprofile,756,0,15
1779799581196,2768,UpdateIndividual,429,Too Many Requests,UpdateIndividual 4-124,text,false,,606,5605,86,242,https://api-scuda.uat.oci.krungsri.tech/ic/api/v1/customer/individual/updateprofile,2768,0,27
1779799582957,1009,GetIndividual,429,Too Many Requests,GetIndividual 1-235,text,false,,600,3587,96,241,https://api-scuda.uat.oci.krungsri.tech/ic/api/v1/customer/individual/getprofile,1009,0,20
1779799584003,22,SearchIndividual,200,OK,SearchIndividual 2-428,text,true,,1222,2601,2,247,https://api-scuda.uat.oci.krungsri.tech/ords/api/v1/customer/individual/searchprofile,21,0,10
1779799573967,10066,UpdateIndividual,200,OK,UpdateIndividual 4-43,text,true,,800,5500,87,246,https://api-scuda.uat.oci.krungsri.tech/ic/api/v1/customer/individual/updateprofile,10066,0,32
1779799584003,37,SearchIndividual,200,OK,SearchIndividual 2-427,text,true,,1228,2601,1,245,https://api-scuda.uat.oci.krungsri.tech/ords/api/v1/customer/individual/searchprofile,36,0,23
1779799581754,2311,GetIndividual,429,Too Many Requests,GetIndividual 1-203,text,false,,600,3588,97,246,https://api-scuda.uat.oci.krungsri.tech/ic/api/v1/customer/individual/getprofile,2311,0,23
1779799581575,2492,UpdateIndividual,429,Too Many Requests,UpdateIndividual 4-131,text,false,,606,5538,87,245,https://api-scuda.uat.oci.krungsri.tech/ic/api/v1/customer/individual/updateprofile,2492,0,29
1779799582908,1160,GetIndividual,429,Too Many Requests,GetIndividual 1-234,text,false,,600,3588,96,244,https://api-scuda.uat.oci.krungsri.tech/ic/api/v1/customer/individual/getprofile,1160,0,18
1779799584043,36,SearchIndividual,200,OK,SearchIndividual 2-429,text,true,,1115,2602,1,243,https://api-scuda.uat.oci.krungsri.tech/ords/api/v1/customer/individual/searchprofile,36,0,17
1779799584081,40,SearchIndividual,200,OK,SearchIndividual 2-430,text,true,,1253,2602,3,248,https://api-scuda.uat.oci.krungsri.tech/ords/api/v1/customer/individual/searchprofile,40,0,22
1779799584089,34,SearchIndividual,200,OK,SearchIndividual 2-431,text,true,,1209,2602,2,247,https://api-scuda.uat.oci.krungsri.tech/ords/api/v1/customer/individual/searchprofile,34,0,22
1779799571513,12622,CreateJoint,200,OK,CreateJoint 11-3,text,true,,1772,6112,13,247,https://api-scuda.uat.oci.krungsri.tech/ic/api/v1/customer/joint/createprofile,12622,0,44
1779799582741,1397,GetIndividual,200,OK,GetIndividual 1-226,text,true,,3827,3588,99,248,https://api-scuda.uat.oci.krungsri.tech/ic/api/v1/customer/individual/getprofile,1397,0,20
1779799580234,3905,UpdateIndividual,200,OK,UpdateIndividual 4-113,text,true,,800,4227,86,247,https://api-scuda.uat.oci.krungsri.tech/ic/api/v1/customer/individual/updateprofile,3905,0,16
1779799584122,36,SearchIndividual,200,OK,SearchIndividual 2-432,text,true,,1287,2602,4,247,https://api-scuda.uat.oci.krungsri.tech/ords/api/v1/customer/individual/searchprofile,36,0,20
1779799581884,2273,UpdateIndividual,429,Too Many Requests,UpdateIndividual 4-134,text,false,,606,4232,85,247,https://api-scuda.uat.oci.krungsri.tech/ic/api/v1/customer/individual/updateprofile,2273,0,13
1779799581425,2733,UpdateIndividual,429,Too Many Requests,UpdateIndividual 4-126,text,false,,606,4227,85,246,https://api-scuda.uat.oci.krungsri.tech/ic/api/v1/customer/individual/updateprofile,2733,0,20
1779799584139,33,SearchIndividual,200,OK,SearchIndividual 2-434,text,true,,1141,2602,4,245,https://api-scuda.uat.oci.krungsri.tech/ords/api/v1/customer/individual/searchprofile,33,0,21
1779799582339,1834,GetIndividual,429,Too Many Requests,GetIndividual 1-217,text,false,,600,3588,99,246,https://api-scuda.uat.oci.krungsri.tech/ic/api/v1/customer/individual/getprofile,1834,0,12
1779799582471,1706,GetIndividual,429,Too Many Requests,GetIndividual 1-220,text,false,,600,3587,99,246,https://api-scuda.uat.oci.krungsri.tech/ic/api/v1/customer/individual/getprofile,1706,0,22
1779799584153,26,SearchIndividual,200,OK,SearchIndividual 2-435,text,true,,1171,2602,3,246,https://api-scuda.uat.oci.krungsri.tech/ords/api/v1/customer/individual/searchprofile,26,0,15
1779799584130,58,SearchIndividual,200,OK,SearchIndividual 2-433,text,true,,1177,2602,2,244,https://api-scuda.uat.oci.krungsri.tech/ords/api/v1/customer/individual/searchprofile,58,0,19
1779799584168,31,SearchIndividual,200,OK,SearchIndividual 2-436,text,true,,1179,2602,3,246,https://api-scuda.uat.oci.krungsri.tech/ords/api/v1/customer/individual/searchprofile,31,0,18
1779799584191,34,SearchIndividual,200,OK,SearchIndividual 2-437,text,true,,1163,2602,3,248,https://api-scuda.uat.oci.krungsri.tech/ords/api/v1/customer/individual/searchprofile,34,0,21
1779799572496,11736,CreateJuristic,201,Created,CreateJuristic 7-7,text,true,,1172,8014,12,248,https://api-scuda.uat.oci.krungsri.tech/ic/api/v1/customer/juristic/createprofile,11736,0,23
1779799584215,32,SearchIndividual,200,OK,SearchIndividual 2-439,text,true,,1185,2602,2,248,https://api-scuda.uat.oci.krungsri.tech/ords/api/v1/customer/individual/searchprofile,32,0,17
1779799581420,2835,UpdateIndividual,429,Too Many Requests,UpdateIndividual 4-125,text,false,,606,5654,86,248,https://api-scuda.uat.oci.krungsri.tech/ic/api/v1/customer/individual/updateprofile,2835,0,15
1779799584200,74,SearchIndividual,200,OK,SearchIndividual 2-438,text,true,,1154,2599,1,249,https://api-scuda.uat.oci.krungsri.tech/ords/api/v1/customer/individual/searchprofile,74,0,15
1779799582458,1815,CreateIndividual,429,Too Many Requests,CreateIndividual 3-17,text,false,,606,8187,14,250,https://api-scuda.uat.oci.krungsri.tech/ic/api/v1/customer/individual/createprofile,1815,0,29
1779799584258,27,SearchJoint,200,OK,SearchJoint 10-19,text,true,,621,2627,1,248,https://api-scuda.uat.oci.krungsri.tech/ords/api/v1/customer/joint/searchprofile,27,0,16
1779799584275,34,SearchIndividual,200,OK,SearchIndividual 2-440,text,true,,1173,2602,5,251,https://api-scuda.uat.oci.krungsri.tech/ords/api/v1/customer/individual/searchprofile,34,0,22
1779799584293,28,SearchIndividual,200,OK,SearchIndividual 2-441,text,true,,1209,2602,5,252,https://api-scuda.uat.oci.krungsri.tech/ords/api/v1/customer/individual/searchprofile,28,0,17
1779799582611,1715,GetJoint,200,OK,GetJoint 9-18,text,true,,1431,3530,4,253,https://api-scuda.uat.oci.krungsri.tech/ic/api/v1/customer/joint/getprofile,1715,0,12
1779799584299,30,SearchIndividual,200,OK,SearchIndividual 2-442,text,true,,1222,2601,5,252,https://api-scuda.uat.oci.krungsri.tech/ords/api/v1/customer/individual/searchprofile,30,0,18
1779799582077,2251,GetIndividual,200,OK,GetIndividual 1-213,text,true,,3902,3588,101,251,https://api-scuda.uat.oci.krungsri.tech/ic/api/v1/customer/individual/getprofile,2251,0,50
1779799584304,30,SearchIndividual,200,OK,SearchIndividual 2-443,text,true,,1182,2601,4,250,https://api-scuda.uat.oci.krungsri.tech/ords/api/v1/customer/individual/searchprofile,29,0,19
1779799584309,28,SearchIndividual,200,OK,SearchIndividual 2-444,text,true,,1199,2602,3,250,https://api-scuda.uat.oci.krungsri.tech/ords/api/v1/customer/individual/searchprofile,28,0,17
1779799584319,40,SearchIndividual,200,OK,SearchIndividual 2-445,text,true,,1160,2601,2,249,https://api-scuda.uat.oci.krungsri.tech/ords/api/v1/customer/individual/searchprofile,40,0,27
1779799583312,1049,GetIndividual,429,Too Many Requests,GetIndividual 1-242,text,false,,600,3588,100,248,https://api-scuda.uat.oci.krungsri.tech/ic/api/v1/customer/individual/getprofile,1049,0,18
1779799584326,37,SearchIndividual,200,OK,SearchIndividual 2-446,text,true,,1201,2602,1,248,https://api-scuda.uat.oci.krungsri.tech/ords/api/v1/customer/individual/searchprofile,37,0,18
1779799582600,1771,UpdateIndividual,429,Too Many Requests,UpdateIndividual 4-146,text,false,,606,4228,89,247,https://api-scuda.uat.oci.krungsri.tech/ic/api/v1/customer/individual/updateprofile,1771,0,17
1779799580963,3466,GetIndividual,200,OK,GetIndividual 1-186,text,true,,3813,3588,102,256,https://api-scuda.uat.oci.krungsri.tech/ic/api/v1/customer/individual/getprofile,3466,0,23
1779799584401,31,SearchIndividual,200,OK,SearchIndividual 2-447,text,true,,1209,2602,6,257,https://api-scuda.uat.oci.krungsri.tech/ords/api/v1/customer/individual/searchprofile,31,0,18
1779799577064,7369,GetIndividual,200,OK,GetIndividual 1-105,text,true,,3857,3588,102,257,https://api-scuda.uat.oci.krungsri.tech/ic/api/v1/customer/individual/getprofile,7369,0,24
1779799578830,5607,UpdateIndividual,200,OK,UpdateIndividual 4-88,text,true,,800,5571,90,254,https://api-scuda.uat.oci.krungsri.tech/ic/api/v1/customer/individual/updateprofile,5607,0,27
1779799579699,4736,UpdateIndividual,200,OK,UpdateIndividual 4-102,text,true,,800,5520,90,254,https://api-scuda.uat.oci.krungsri.tech/ic/api/v1/customer/individual/updateprofile,4736,0,31
1779799580742,3693,GetIndividual,200,OK,GetIndividual 1-180,text,true,,3854,3588,100,254,https://api-scuda.uat.oci.krungsri.tech/ic/api/v1/customer/individual/getprofile,3693,0,11
1779799582600,1836,UpdateIndividual,429,Too Many Requests,UpdateIndividual 4-147,text,false,,606,5547,88,251,https://api-scuda.uat.oci.krungsri.tech/ic/api/v1/customer/individual/updateprofile,1836,0,28
1779799577122,7317,GetIndividual,200,OK,GetIndividual 1-106,text,true,,3795,3588,99,251,https://api-scuda.uat.oci.krungsri.tech/ic/api/v1/customer/individual/getprofile,7317,0,21
1779799584401,41,SearchIndividual,200,OK,SearchIndividual 2-448,text,true,,1213,2602,5,249,https://api-scuda.uat.oci.krungsri.tech/ords/api/v1/customer/individual/searchprofile,41,0,28
1779799584406,36,SearchIndividual,200,OK,SearchIndividual 2-449,text,true,,1151,2602,5,249,https://api-scuda.uat.oci.krungsri.tech/ords/api/v1/customer/individual/searchprofile,36,0,22
1779799584414,39,SearchIndividual,200,OK,SearchIndividual 2-450,text,true,,1225,2602,3,247,https://api-scuda.uat.oci.krungsri.tech/ords/api/v1/customer/individual/searchprofile,39,0,26
1779799584427,51,SearchIndividual,200,OK,SearchIndividual 2-451,text,true,,1117,2602,3,247,https://api-scuda.uat.oci.krungsri.tech/ords/api/v1/customer/individual/searchprofile,51,0,28
1779799583250,1231,UpdateJoint,429,Too Many Requests,UpdateJoint 12-18,text,false,,596,3614,11,247,https://api-scuda.uat.oci.krungsri.tech/ic/api/v1/customer/joint/updateprofile,1231,0,25
1779799584433,51,SearchIndividual,200,OK,SearchIndividual 2-452,text,true,,1165,2602,2,247,https://api-scuda.uat.oci.krungsri.tech/ords/api/v1/customer/individual/searchprofile,50,0,30
1779799584497,27,SearchJuristic,200,OK,SearchJuristic 6-19,text,true,,993,2600,1,251,https://api-scuda.uat.oci.krungsri.tech/ords/api/v1/customer/juristic/searchprofile,27,0,14
1779799584497,27,SearchIndividual,200,OK,SearchIndividual 2-454,text,true,,1168,2601,4,251,https://api-scuda.uat.oci.krungsri.tech/ords/api/v1/customer/individual/searchprofile,27,0,14
1779799582153,2373,UpdateIndividual,200,OK,UpdateIndividual 4-140,text,true,,800,4229,88,249,https://api-scuda.uat.oci.krungsri.tech/ic/api/v1/customer/individual/updateprofile,2373,0,15
1779799583097,1438,GetIndividual,200,OK,GetIndividual 1-237,text,true,,3892,3588,99,251,https://api-scuda.uat.oci.krungsri.tech/ic/api/v1/customer/individual/getprofile,1438,0,12
1779799584509,28,SearchIndividual,200,OK,SearchIndividual 2-456,text,true,,1175,2602,3,251,https://api-scuda.uat.oci.krungsri.tech/ords/api/v1/customer/individual/searchprofile,28,0,14
1779799582316,2222,UpdateIndividual,200,OK,UpdateIndividual 4-142,text,true,,799,5625,89,250,https://api-scuda.uat.oci.krungsri.tech/ic/api/v1/customer/individual/updateprofile,2222,0,27
1779799584506,53,SearchIndividual,200,OK,SearchIndividual 2-455,text,true,,1131,2602,6,254,https://api-scuda.uat.oci.krungsri.tech/ords/api/v1/customer/individual/searchprofile,53,0,19
1779799584558,30,SearchIndividual,200,OK,SearchIndividual 2-460,text,true,,1123,2602,6,256,https://api-scuda.uat.oci.krungsri.tech/ords/api/v1/customer/individual/searchprofile,30,0,18
1779799584473,116,SearchIndividual,200,OK,SearchIndividual 2-453,text,true,,1163,2602,6,256,https://api-scuda.uat.oci.krungsri.tech/ords/api/v1/customer/individual/searchprofile,116,0,83
1779799584541,55,SearchIndividual,200,OK,SearchIndividual 2-457,text,true,,1177,2602,4,254,https://api-scuda.uat.oci.krungsri.tech/ords/api/v1/customer/individual/searchprofile,55,0,20
1779799584562,75,SearchIndividual,200,OK,SearchIndividual 2-461,text,true,,1147,2602,5,256,https://api-scuda.uat.oci.krungsri.tech/ords/api/v1/customer/individual/searchprofile,75,0,59
1779799584551,88,SearchIndividual,200,OK,SearchIndividual 2-458,text,true,,1177,2602,4,255,https://api-scuda.uat.oci.krungsri.tech/ords/api/v1/customer/individual/searchprofile,88,0,69
1779799584558,85,SearchIndividual,200,OK,SearchIndividual 2-459,text,true,,1241,2602,4,255,https://api-scuda.uat.oci.krungsri.tech/ords/api/v1/customer/individual/searchprofile,85,0,61
1779799584628,31,SearchIndividual,200,OK,SearchIndividual 2-463,text,true,,1181,2602,3,254,https://api-scuda.uat.oci.krungsri.tech/ords/api/v1/customer/individual/searchprofile,31,0,19
1779799584610,50,SearchIndividual,200,OK,SearchIndividual 2-462,text,true,,1209,2602,2,253,https://api-scuda.uat.oci.krungsri.tech/ords/api/v1/customer/individual/searchprofile,50,0,24
1779799584643,26,SearchIndividual,200,OK,SearchIndividual 2-464,text,true,,1131,2602,3,254,https://api-scuda.uat.oci.krungsri.tech/ords/api/v1/customer/individual/searchprofile,26,0,15
1779799576935,7739,UpdateIndividual,200,OK,UpdateIndividual 4-70,text,true,,799,4226,91,255,https://api-scuda.uat.oci.krungsri.tech/ic/api/v1/customer/individual/updateprofile,7739,0,15
1779799584672,24,SearchIndividual,200,OK,SearchIndividual 2-467,text,true,,1177,2602,4,255,https://api-scuda.uat.oci.krungsri.tech/ords/api/v1/customer/individual/searchprofile,24,0,12
1779799584663,37,SearchIndividual,200,OK,SearchIndividual 2-465,text,true,,1251,2602,3,254,https://api-scuda.uat.oci.krungsri.tech/ords/api/v1/customer/individual/searchprofile,37,0,20
1779799584670,34,SearchIndividual,200,OK,SearchIndividual 2-466,text,true,,1211,2602,2,254,https://api-scuda.uat.oci.krungsri.tech/ords/api/v1/customer/individual/searchprofile,33,0,21
1779799584697,30,SearchIndividual,200,OK,SearchIndividual 2-468,text,true,,1143,2602,2,255,https://api-scuda.uat.oci.krungsri.tech/ords/api/v1/customer/individual/searchprofile,30,0,19
1779799577583,7151,GetIndividual,200,OK,GetIndividual 1-114,text,true,,3823,3588,101,255,https://api-scuda.uat.oci.krungsri.tech/ic/api/v1/customer/individual/getprofile,7151,0,19
1779799584729,32,SearchIndividual,200,OK,SearchIndividual 2-470,text,true,,1243,2602,2,256,https://api-scuda.uat.oci.krungsri.tech/ords/api/v1/customer/individual/searchprofile,32,0,19
1779799584724,51,SearchIndividual,200,OK,SearchIndividual 2-469,text,true,,1179,2602,4,258,https://api-scuda.uat.oci.krungsri.tech/ords/api/v1/customer/individual/searchprofile,51,0,37
1779799584775,32,SearchIndividual,200,OK,SearchIndividual 2-473,text,true,,1197,2602,3,261,https://api-scuda.uat.oci.krungsri.tech/ords/api/v1/customer/individual/searchprofile,32,0,20
1779799584775,41,SearchIndividual,200,OK,SearchIndividual 2-472,text,true,,1143,2602,2,261,https://api-scuda.uat.oci.krungsri.tech/ords/api/v1/customer/individual/searchprofile,37,0,13
1779799584763,55,SearchIndividual,200,OK,SearchIndividual 2-471,text,true,,1282,2601,1,260,https://api-scuda.uat.oci.krungsri.tech/ords/api/v1/customer/individual/searchprofile,55,0,33
1779799582753,2077,GetIndividual,200,OK,GetIndividual 1-228,text,true,,3861,3588,104,261,https://api-scuda.uat.oci.krungsri.tech/ic/api/v1/customer/individual/getprofile,2077,0,30
1779799582132,2698,GetIndividual,200,OK,GetIndividual 1-214,text,true,,3883,3588,104,261,https://api-scuda.uat.oci.krungsri.tech/ic/api/v1/customer/individual/getprofile,2698,0,9
1779799583783,1048,GetIndividual,200,OK,GetIndividual 1-256,text,true,,3855,3588,104,261,https://api-scuda.uat.oci.krungsri.tech/ic/api/v1/customer/individual/getprofile,1048,0,22
1779799582066,2766,UpdateIndividual,200,OK,UpdateIndividual 4-138,text,true,,800,5561,93,258,https://api-scuda.uat.oci.krungsri.tech/ic/api/v1/customer/individual/updateprofile,2766,0,27
1779799579423,5410,UpdateIndividual,200,OK,UpdateIndividual 4-99,text,true,,800,4227,92,257,https://api-scuda.uat.oci.krungsri.tech/ic/api/v1/customer/individual/updateprofile,5410,0,16
1779799582830,2003,GetIndividual,200,OK,GetIndividual 1-231,text,true,,3903,3588,101,257,https://api-scuda.uat.oci.krungsri.tech/ic/api/v1/customer/individual/getprofile,2003,0,22
1779799582840,1995,GetIndividual,200,OK,GetIndividual 1-232,text,true,,3888,3588,100,255,https://api-scuda.uat.oci.krungsri.tech/ic/api/v1/customer/individual/getprofile,1995,0,20
1779799583546,1292,GetIndividual,200,OK,GetIndividual 1-248,text,true,,3823,3588,99,254,https://api-scuda.uat.oci.krungsri.tech/ic/api/v1/customer/individual/getprofile,1292,0,27
1779799584823,31,SearchIndividual,200,OK,SearchIndividual 2-474,text,true,,1165,2602,2,255,https://api-scuda.uat.oci.krungsri.tech/ords/api/v1/customer/individual/searchprofile,30,0,17
1779799584854,29,SearchIndividual,200,OK,SearchIndividual 2-475,text,true,,1187,2602,4,258,https://api-scuda.uat.oci.krungsri.tech/ords/api/v1/customer/individual/searchprofile,28,0,16
1779799584863,32,SearchIndividual,200,OK,SearchIndividual 2-476,text,true,,1189,2602,3,257,https://api-scuda.uat.oci.krungsri.tech/ords/api/v1/customer/individual/searchprofile,32,0,20
1779799584883,22,SearchIndividual,200,OK,SearchIndividual 2-478,text,true,,1099,2602,3,258,https://api-scuda.uat.oci.krungsri.tech/ords/api/v1/customer/individual/searchprofile,22,0,11
1779799581763,3163,GetIndividual,200,OK,GetIndividual 1-204,text,true,,3861,3588,101,260,https://api-scuda.uat.oci.krungsri.tech/ic/api/v1/customer/individual/getprofile,3163,0,22
1779799572382,12547,UpdateIndividual,200,OK,UpdateIndividual 4-12,text,true,,800,5694,91,259,https://api-scuda.uat.oci.krungsri.tech/ic/api/v1/customer/individual/updateprofile,12547,0,18
1779799584867,75,SearchIndividual,200,OK,SearchIndividual 2-477,text,true,,1163,2602,6,260,https://api-scuda.uat.oci.krungsri.tech/ords/api/v1/customer/individual/searchprofile,75,0,53
1779799584916,28,SearchIndividual,200,OK,SearchIndividual 2-480,text,true,,1167,2602,5,259,https://api-scuda.uat.oci.krungsri.tech/ords/api/v1/customer/individual/searchprofile,27,0,14
1779799584916,36,SearchIndividual,200,OK,SearchIndividual 2-481,text,true,,1157,2602,4,258,https://api-scuda.uat.oci.krungsri.tech/ords/api/v1/customer/individual/searchprofile,35,0,23
1779799584899,55,SearchIndividual,200,OK,SearchIndividual 2-479,text,true,,1201,2602,3,257,https://api-scuda.uat.oci.krungsri.tech/ords/api/v1/customer/individual/searchprofile,55,0,37
1779799584927,34,SearchIndividual,200,OK,SearchIndividual 2-482,text,true,,1179,2602,2,256,https://api-scuda.uat.oci.krungsri.tech/ords/api/v1/customer/individual/searchprofile,33,0,19
1779799584936,42,SearchIndividual,200,OK,SearchIndividual 2-483,text,true,,1178,2601,2,256,https://api-scuda.uat.oci.krungsri.tech/ords/api/v1/customer/individual/searchprofile,42,0,27
1779799584964,30,SearchIndividual,200,OK,SearchIndividual 2-484,text,true,,1131,2602,1,256,https://api-scuda.uat.oci.krungsri.tech/ords/api/v1/customer/individual/searchprofile,30,0,17
1779799583462,1566,UpdateIndividual,200,OK,UpdateIndividual 4-161,text,true,,800,4228,92,259,https://api-scuda.uat.oci.krungsri.tech/ic/api/v1/customer/individual/updateprofile,1566,0,11
1779799583086,1949,GetIndividual,200,OK,GetIndividual 1-236,text,true,,3913,3588,101,259,https://api-scuda.uat.oci.krungsri.tech/ic/api/v1/customer/individual/getprofile,1949,0,36
1779799579804,5233,UpdateIndividual,200,OK,UpdateIndividual 4-103,text,true,,800,4230,91,258,https://api-scuda.uat.oci.krungsri.tech/ic/api/v1/customer/individual/updateprofile,5233,0,23
1779799583362,1676,GetIndividual,200,OK,GetIndividual 1-245,text,true,,3824,3588,100,257,https://api-scuda.uat.oci.krungsri.tech/ic/api/v1/customer/individual/getprofile,1676,0,19
1779799583805,1253,UpdateIndividual,429,Too Many Requests,UpdateIndividual 4-165,text,false,,606,5532,90,258,https://api-scuda.uat.oci.krungsri.tech/ic/api/v1/customer/individual/updateprofile,1253,0,20
1779799585027,42,SearchIndividual,200,OK,SearchIndividual 2-485,text,true,,1209,2602,1,258,https://api-scuda.uat.oci.krungsri.tech/ords/api/v1/customer/individual/searchprofile,42,0,25
1779799581829,3242,GetIndividual,429,Too Many Requests,GetIndividual 1-207,text,false,,600,3588,102,259,https://api-scuda.uat.oci.krungsri.tech/ic/api/v1/customer/individual/getprofile,3242,0,19
1779799578575,6556,GetIndividual,200,OK,GetIndividual 1-134,text,true,,3908,3588,104,263,https://api-scuda.uat.oci.krungsri.tech/ic/api/v1/customer/individual/getprofile,6556,0,16
1779799584904,259,GetIndividual,429,Too Many Requests,GetIndividual 1-284,text,false,,600,3588,104,263,https://api-scuda.uat.oci.krungsri.tech/ic/api/v1/customer/individual/getprofile,259,0,23
1779799585170,44,SearchJoint,200,OK,SearchJoint 10-20,text,true,,621,2627,1,264,https://api-scuda.uat.oci.krungsri.tech/ords/api/v1/customer/joint/searchprofile,43,0,23
1779799581468,3758,GetIndividual,200,OK,GetIndividual 1-196,text,true,,3853,3586,105,266,https://api-scuda.uat.oci.krungsri.tech/ic/api/v1/customer/individual/getprofile,3758,0,15
1779799580687,4549,GetIndividual,200,OK,GetIndividual 1-178,text,true,,3838,3587,105,266,https://api-scuda.uat.oci.krungsri.tech/ic/api/v1/customer/individual/getprofile,4549,0,70
1779799577788,7456,GetIndividual,200,OK,GetIndividual 1-118,text,true,,3879,3588,104,266,https://api-scuda.uat.oci.krungsri.tech/ic/api/v1/customer/individual/getprofile,7456,0,15
1779799581613,3633,GetIndividual,200,OK,GetIndividual 1-200,text,true,,3863,3588,103,266,https://api-scuda.uat.oci.krungsri.tech/ic/api/v1/customer/individual/getprofile,3633,0,20
1779799581862,3385,GetJoint,429,Too Many Requests,GetJoint 9-17,text,false,,590,3530,4,266,https://api-scuda.uat.oci.krungsri.tech/ic/api/v1/customer/joint/getprofile,3385,0,17
1779799580466,4781,GetIndividual,200,OK,GetIndividual 1-172,text,true,,3870,3588,102,265,https://api-scuda.uat.oci.krungsri.tech/ic/api/v1/customer/individual/getprofile,4781,0,20
1779799583702,1551,GetIndividual,200,OK,GetIndividual 1-253,text,true,,3910,3588,101,263,https://api-scuda.uat.oci.krungsri.tech/ic/api/v1/customer/individual/getprofile,1551,0,52
1779799585208,54,SearchJuristic,200,OK,SearchJuristic 6-20,text,true,,991,2600,1,262,https://api-scuda.uat.oci.krungsri.tech/ords/api/v1/customer/juristic/searchprofile,43,0,23
1779799583362,1915,GetIndividual,429,Too Many Requests,GetIndividual 1-244,text,false,,600,3587,100,262,https://api-scuda.uat.oci.krungsri.tech/ic/api/v1/customer/individual/getprofile,1915,0,22
1779799585217,65,SearchIndividual,200,OK,SearchIndividual 2-486,text,true,,1193,2602,4,261,https://api-scuda.uat.oci.krungsri.tech/ords/api/v1/customer/individual/searchprofile,64,0,32
1779799583322,1959,GetIndividual,429,Too Many Requests,GetIndividual 1-243,text,false,,600,3588,99,261,https://api-scuda.uat.oci.krungsri.tech/ic/api/v1/customer/individual/getprofile,1959,0,48
1779799585244,46,SearchIndividual,200,OK,SearchIndividual 2-487,text,true,,1223,2602,3,259,https://api-scuda.uat.oci.krungsri.tech/ords/api/v1/customer/individual/searchprofile,46,0,28
1779799583529,1765,UpdateIndividual,429,Too Many Requests,UpdateIndividual 4-162,text,false,,606,5625,93,258,https://api-scuda.uat.oci.krungsri.tech/ic/api/v1/customer/individual/updateprofile,1765,0,25
1779799581754,3574,GetIndividual,200,OK,GetIndividual 1-201,text,true,,3848,3588,99,263,https://api-scuda.uat.oci.krungsri.tech/ic/api/v1/customer/individual/getprofile,3574,0,16
1779799584139,1193,GetIndividual,200,OK,GetIndividual 1-265,text,true,,3876,3588,98,262,https://api-scuda.uat.oci.krungsri.tech/ic/api/v1/customer/individual/getprofile,1193,0,21
1779799582771,2563,GetIndividual,429,Too Many Requests,GetIndividual 1-229,text,false,,600,3588,97,262,https://api-scuda.uat.oci.krungsri.tech/ic/api/v1/customer/individual/getprofile,2563,0,22
1779799572732,12603,GetIndividual,200,OK,GetIndividual 1-42,text,true,,3839,3588,97,262,https://api-scuda.uat.oci.krungsri.tech/ic/api/v1/customer/individual/getprofile,12603,0,16
1779799584326,1040,UpdateIndividual,200,OK,UpdateIndividual 4-175,text,true,,800,5542,93,261,https://api-scuda.uat.oci.krungsri.tech/ic/api/v1/customer/individual/updateprofile,1040,0,21
1779799585248,118,SearchIndividual,200,OK,SearchIndividual 2-488,text,true,,1187,2602,7,261,https://api-scuda.uat.oci.krungsri.tech/ords/api/v1/customer/individual/searchprofile,117,0,79
1779799579597,5767,GetIndividual,200,OK,GetIndividual 1-153,text,true,,3834,3587,96,261,https://api-scuda.uat.oci.krungsri.tech/ic/api/v1/customer/individual/getprofile,5766,0,55
1779799585319,51,SearchIndividual,200,OK,SearchIndividual 2-491,text,true,,1183,2602,10,264,https://api-scuda.uat.oci.krungsri.tech/ords/api/v1/customer/individual/searchprofile,51,0,15
1779799580901,4463,GetIndividual,200,OK,GetIndividual 1-184,text,true,,3902,3588,96,261,https://api-scuda.uat.oci.krungsri.tech/ic/api/v1/customer/individual/getprofile,4463,0,61
1779799584402,967,GetIndividual,200,OK,GetIndividual 1-273,text,true,,3805,3588,96,264,https://api-scuda.uat.oci.krungsri.tech/ic/api/v1/customer/individual/getprofile,967,0,22
1779799585270,100,SearchIndividual,200,OK,SearchIndividual 2-489,text,true,,1181,2602,10,264,https://api-scuda.uat.oci.krungsri.tech/ords/api/v1/customer/individual/searchprofile,100,0,54
1779799585334,58,SearchIndividual,200,OK,SearchIndividual 2-494,text,true,,1203,2602,8,261,https://api-scuda.uat.oci.krungsri.tech/ords/api/v1/customer/individual/searchprofile,56,0,37
1779799585330,63,SearchIndividual,200,OK,SearchIndividual 2-492,text,true,,1225,2602,7,260,https://api-scuda.uat.oci.krungsri.tech/ords/api/v1/customer/individual/searchprofile,62,0,41
1779799585330,63,SearchIndividual,200,OK,SearchIndividual 2-493,text,true,,1141,2602,7,260,https://api-scuda.uat.oci.krungsri.tech/ords/api/v1/customer/individual/searchprofile,63,0,45
1779799585308,93,SearchIndividual,200,OK,SearchIndividual 2-490,text,true,,1187,2602,5,258,https://api-scuda.uat.oci.krungsri.tech/ords/api/v1/customer/individual/searchprofile,93,0,57
1779799585376,47,SearchIndividual,200,OK,SearchIndividual 2-497,text,true,,1233,2602,6,261,https://api-scuda.uat.oci.krungsri.tech/ords/api/v1/customer/individual/searchprofile,47,0,31
1779799585376,50,SearchIndividual,200,OK,SearchIndividual 2-495,text,true,,1151,2602,6,261,https://api-scuda.uat.oci.krungsri.tech/ords/api/v1/customer/individual/searchprofile,50,0,24
1779799580934,4492,UpdateIndividual,429,Too Many Requests,UpdateIndividual 4-120,text,false,,606,4227,95,261,https://api-scuda.uat.oci.krungsri.tech/ic/api/v1/customer/individual/updateprofile,4492,0,15
1779799585382,47,SearchIndividual,200,OK,SearchIndividual 2-498,text,true,,1167,2602,6,261,https://api-scuda.uat.oci.krungsri.tech/ords/api/v1/customer/individual/searchprofile,47,0,12
1779799583618,1817,GetIndividual,429,Too Many Requests,GetIndividual 1-250,text,false,,600,3588,95,256,https://api-scuda.uat.oci.krungsri.tech/ic/api/v1/customer/individual/getprofile,1817,0,26
1779799585408,29,SearchIndividual,200,OK,SearchIndividual 2-499,text,true,,1203,2602,2,256,https://api-scuda.uat.oci.krungsri.tech/ords/api/v1/customer/individual/searchprofile,29,0,16
1779799585376,68,SearchIndividual,200,OK,SearchIndividual 2-496,text,true,,1169,2602,1,254,https://api-scuda.uat.oci.krungsri.tech/ords/api/v1/customer/individual/searchprofile,67,0,30
1779799585454,26,SearchIndividual,200,OK,SearchIndividual 2-500,text,true,,1167,2602,2,258,https://api-scuda.uat.oci.krungsri.tech/ords/api/v1/customer/individual/searchprofile,26,0,15
1779799585484,56,SearchIndividual,200,OK,SearchIndividual 2-502,text,true,,1185,2602,2,259,https://api-scuda.uat.oci.krungsri.tech/ords/api/v1/customer/individual/searchprofile,56,0,22
1779799585475,65,SearchIndividual,200,OK,SearchIndividual 2-501,text,true,,1167,2602,2,259,https://api-scuda.uat.oci.krungsri.tech/ords/api/v1/customer/individual/searchprofile,65,0,20
1779799581643,3900,CreateJoint,429,Too Many Requests,CreateJoint 11-17,text,false,,596,5937,13,258,https://api-scuda.uat.oci.krungsri.tech/ic/api/v1/customer/joint/createprofile,3900,0,22
1779799585560,33,SearchIndividual,200,OK,SearchIndividual 2-503,text,true,,1133,2602,1,259,https://api-scuda.uat.oci.krungsri.tech/ords/api/v1/customer/individual/searchprofile,32,0,16
1779799584231,1396,UpdateIndividual,200,OK,UpdateIndividual 4-172,text,true,,799,4226,97,262,https://api-scuda.uat.oci.krungsri.tech/ic/api/v1/customer/individual/updateprofile,1396,0,24
1779799584514,1117,GetIndividual,200,OK,GetIndividual 1-274,text,true,,3871,3588,101,261,https://api-scuda.uat.oci.krungsri.tech/ic/api/v1/customer/individual/getprofile,1117,0,46
1779799579720,5913,GetIndividual,200,OK,GetIndividual 1-158,text,true,,3832,3588,101,261,https://api-scuda.uat.oci.krungsri.tech/ic/api/v1/customer/individual/getprofile,5913,0,47
1779799582977,2657,UpdateIndividual,200,OK,UpdateIndividual 4-150,text,true,,800,5598,96,260,https://api-scuda.uat.oci.krungsri.tech/ic/api/v1/customer/individual/updateprofile,2657,0,57
1779799584827,837,GetIndividual,429,Too Many Requests,GetIndividual 1-281,text,false,,600,3588,100,259,https://api-scuda.uat.oci.krungsri.tech/ic/api/v1/customer/individual/getprofile,837,0,21
1779799584807,859,GetIndividual,429,Too Many Requests,GetIndividual 1-280,text,false,,600,3588,99,258,https://api-scuda.uat.oci.krungsri.tech/ic/api/v1/customer/individual/getprofile,859,0,22
1779799584845,827,GetIndividual,429,Too Many Requests,GetIndividual 1-282,text,false,,600,3588,98,258,https://api-scuda.uat.oci.krungsri.tech/ic/api/v1/customer/individual/getprofile,827,0,20
1779799585668,48,SearchIndividual,200,OK,SearchIndividual 2-504,text,true,,1209,2602,3,262,https://api-scuda.uat.oci.krungsri.tech/ords/api/v1/customer/individual/searchprofile,47,0,17
1779799585677,53,SearchIndividual,200,OK,SearchIndividual 2-505,text,true,,1187,2602,3,262,https://api-scuda.uat.oci.krungsri.tech/ords/api/v1/customer/individual/searchprofile,53,0,28
1779799584070,1660,UpdateIndividual,200,OK,UpdateIndividual 4-170,text,true,,800,5567,95,262,https://api-scuda.uat.oci.krungsri.tech/ic/api/v1/customer/individual/updateprofile,1660,0,18
1779799585707,26,SearchIndividual,200,OK,SearchIndividual 2-506,text,true,,1153,2602,2,260,https://api-scuda.uat.oci.krungsri.tech/ords/api/v1/customer/individual/searchprofile,26,0,15
1779799572380,13355,UpdateIndividual,200,OK,UpdateIndividual 4-11,text,true,,800,5639,94,259,https://api-scuda.uat.oci.krungsri.tech/ic/api/v1/customer/individual/updateprofile,13355,0,15
1779799585720,43,SearchIndividual,200,OK,SearchIndividual 2-507,text,true,,1200,2601,2,259,https://api-scuda.uat.oci.krungsri.tech/ords/api/v1/customer/individual/searchprofile,42,0,14
1779799584099,1665,GetIndividual,429,Too Many Requests,GetIndividual 1-262,text,false,,600,3588,100,258,https://api-scuda.uat.oci.krungsri.tech/ic/api/v1/customer/individual/getprofile,1665,0,20
1779799582853,2910,GetIndividual,429,Too Many Requests,GetIndividual 1-233,text,false,,600,3588,100,258,https://api-scuda.uat.oci.krungsri.tech/ic/api/v1/customer/individual/getprofile,2910,0,37
1779799585756,46,SearchIndividual,200,OK,SearchIndividual 2-508,text,true,,1215,2602,3,262,https://api-scuda.uat.oci.krungsri.tech/ords/api/v1/customer/individual/searchprofile,45,0,29
1779799584627,1196,GetIndividual,200,OK,GetIndividual 1-276,text,true,,3829,3588,102,264,https://api-scuda.uat.oci.krungsri.tech/ic/api/v1/customer/individual/getprofile,1196,0,21
1779799583153,2673,GetIndividual,200,OK,GetIndividual 1-238,text,true,,3831,3588,101,265,https://api-scuda.uat.oci.krungsri.tech/ic/api/v1/customer/individual/getprofile,2673,0,15
1779799585769,65,SearchIndividual,200,OK,SearchIndividual 2-509,text,true,,1172,2601,3,264,https://api-scuda.uat.oci.krungsri.tech/ords/api/v1/customer/individual/searchprofile,64,0,32
1779799581007,4832,GetIndividual,200,OK,GetIndividual 1-188,text,true,,3834,3588,100,263,https://api-scuda.uat.oci.krungsri.tech/ic/api/v1/customer/individual/getprofile,4832,0,31
1779799585792,53,SearchIndividual,200,OK,SearchIndividual 2-510,text,true,,1133,2602,2,262,https://api-scuda.uat.oci.krungsri.tech/ords/api/v1/customer/individual/searchprofile,53,0,28
1779799585015,847,UpdateIndividual,429,Too Many Requests,UpdateIndividual 4-190,text,false,,606,5562,96,262,https://api-scuda.uat.oci.krungsri.tech/ic/api/v1/customer/individual/updateprofile,847,0,14
1779799585825,87,SearchIndividual,200,OK,SearchIndividual 2-511,text,true,,1209,2602,2,265,https://api-scuda.uat.oci.krungsri.tech/ords/api/v1/customer/individual/searchprofile,86,0,44
1779799585377,549,GetIndividual,200,OK,GetIndividual 1-298,text,true,,3893,3588,101,267,https://api-scuda.uat.oci.krungsri.tech/ic/api/v1/customer/individual/getprofile,549,0,17
1779799585887,41,SearchIndividual,200,OK,SearchIndividual 2-512,text,true,,1203,2602,3,268,https://api-scuda.uat.oci.krungsri.tech/ords/api/v1/customer/individual/searchprofile,40,0,12
1779799585040,892,UpdateJuristic,429,Too Many Requests,UpdateJuristic 8-20,text,false,,602,5841,7,266,https://api-scuda.uat.oci.krungsri.tech/ic/api/v1/customer/juristic/updateprofile,892,0,19
1779799583868,2066,UpdateJoint,200,OK,UpdateJoint 12-19,text,true,,800,3614,11,267,https://api-scuda.uat.oci.krungsri.tech/ic/api/v1/customer/joint/updateprofile,2066,0,31
1779799585064,876,GetIndividual,200,OK,GetIndividual 1-288,text,true,,3809,3588,101,266,https://api-scuda.uat.oci.krungsri.tech/ic/api/v1/customer/individual/getprofile,876,0,11
1779799585928,35,SearchIndividual,200,OK,SearchIndividual 2-513,text,true,,1145,2602,3,267,https://api-scuda.uat.oci.krungsri.tech/ords/api/v1/customer/individual/searchprofile,35,0,22
1779799585958,30,SearchIndividual,200,OK,SearchIndividual 2-515,text,true,,1109,2602,3,269,https://api-scuda.uat.oci.krungsri.tech/ords/api/v1/customer/individual/searchprofile,30,0,17
1779799585933,55,SearchIndividual,200,OK,SearchIndividual 2-514,text,true,,1119,2602,3,269,https://api-scuda.uat.oci.krungsri.tech/ords/api/v1/customer/individual/searchprofile,55,0,21
1779799585972,35,SearchIndividual,200,OK,SearchIndividual 2-516,text,true,,1170,2601,2,268,https://api-scuda.uat.oci.krungsri.tech/ords/api/v1/customer/individual/searchprofile,34,0,22
1779799575811,10218,UpdateJoint,200,OK,UpdateJoint 12-11,text,true,,800,4488,10,268,https://api-scuda.uat.oci.krungsri.tech/ic/api/v1/customer/joint/updateprofile,10218,0,27
1779799582261,3767,GetIndividual,200,OK,GetIndividual 1-215,text,true,,3785,3586,102,268,https://api-scuda.uat.oci.krungsri.tech/ic/api/v1/customer/individual/getprofile,3766,0,23
1779799583001,3034,UpdateJuristic,200,OK,UpdateJuristic 8-18,text,true,,800,4426,6,267,https://api-scuda.uat.oci.krungsri.tech/ic/api/v1/customer/juristic/updateprofile,3034,0,16
1779799573977,12060,CreateJoint,200,OK,CreateJoint 11-9,text,true,,1772,6087,13,267,https://api-scuda.uat.oci.krungsri.tech/ic/api/v1/customer/joint/createprofile,12060,0,24
1779799576416,9624,CreateJoint,200,OK,CreateJoint 11-11,text,true,,1772,5942,12,265,https://api-scuda.uat.oci.krungsri.tech/ic/api/v1/customer/joint/createprofile,9624,0,27
1779799586012,34,SearchIndividual,200,OK,SearchIndividual 2-518,text,true,,1195,2602,3,264,https://api-scuda.uat.oci.krungsri.tech/ords/api/v1/customer/individual/searchprofile,34,0,22
1779799584565,1507,UpdateIndividual,429,Too Many Requests,UpdateIndividual 4-184,text,false,,606,4228,98,265,https://api-scuda.uat.oci.krungsri.tech/ic/api/v1/customer/individual/updateprofile,1507,0,52
1779799586035,42,SearchIndividual,200,OK,SearchIndividual 2-519,text,true,,1199,2602,2,265,https://api-scuda.uat.oci.krungsri.tech/ords/api/v1/customer/individual/searchprofile,42,0,23
1779799584553,1525,UpdateIndividual,429,Too Many Requests,UpdateIndividual 4-183,text,false,,606,4229,97,265,https://api-scuda.uat.oci.krungsri.tech/ic/api/v1/customer/individual/updateprofile,1525,0,20
1779799586007,72,SearchIndividual,200,OK,SearchIndividual 2-517,text,true,,1189,2602,2,265,https://api-scuda.uat.oci.krungsri.tech/ords/api/v1/customer/individual/searchprofile,72,0,35
1779799583986,2143,GetIndividual,200,OK,GetIndividual 1-260,text,true,,3891,3588,104,271,https://api-scuda.uat.oci.krungsri.tech/ic/api/v1/customer/individual/getprofile,2143,0,20
1779799583318,2813,UpdateIndividual,200,OK,UpdateIndividual 4-155,text,true,,800,5602,98,270,https://api-scuda.uat.oci.krungsri.tech/ic/api/v1/customer/individual/updateprofile,2813,0,34
1779799572263,13870,CreateJuristic,201,Created,CreateJuristic 7-4,text,true,,1172,7843,12,269,https://api-scuda.uat.oci.krungsri.tech/ic/api/v1/customer/juristic/createprofile,13870,0,23
1779799584943,1191,GetIndividual,200,OK,GetIndividual 1-285,text,true,,3861,3588,103,269,https://api-scuda.uat.oci.krungsri.tech/ic/api/v1/customer/individual/getprofile,1191,0,20
1779799581529,4604,UpdateIndividual,200,OK,UpdateIndividual 4-130,text,true,,800,5577,97,267,https://api-scuda.uat.oci.krungsri.tech/ic/api/v1/customer/individual/updateprofile,4604,0,29
1779799586087,50,SearchIndividual,200,OK,SearchIndividual 2-521,text,true,,1197,2602,5,266,https://api-scuda.uat.oci.krungsri.tech/ords/api/v1/customer/individual/searchprofile,50,0,17
1779799586108,31,SearchIndividual,200,OK,SearchIndividual 2-522,text,true,,1169,2602,4,265,https://api-scuda.uat.oci.krungsri.tech/ords/api/v1/customer/individual/searchprofile,30,0,17
1779799586079,74,SearchIndividual,200,OK,SearchIndividual 2-520,text,true,,1149,2602,3,264,https://api-scuda.uat.oci.krungsri.tech/ords/api/v1/customer/individual/searchprofile,74,0,49
1779799586119,34,SearchIndividual,200,OK,SearchIndividual 2-524,text,true,,1195,2602,3,264,https://api-scuda.uat.oci.krungsri.tech/ords/api/v1/customer/individual/searchprofile,34,0,22
1779799585219,947,GetIndividual,429,Too Many Requests,GetIndividual 1-293,text,false,,600,3588,102,263,https://api-scuda.uat.oci.krungsri.tech/ic/api/v1/customer/individual/getprofile,947,0,23
1779799586119,49,SearchIndividual,200,OK,SearchIndividual 2-523,text,true,,1161,2602,2,262,https://api-scuda.uat.oci.krungsri.tech/ords/api/v1/customer/individual/searchprofile,49,0,37
1779799585224,964,GetIndividual,429,Too Many Requests,GetIndividual 1-294,text,false,,600,3588,101,262,https://api-scuda.uat.oci.krungsri.tech/ic/api/v1/customer/individual/getprofile,964,0,43
1779799586202,39,SearchIndividual,200,OK,SearchIndividual 2-527,text,true,,1203,2602,7,267,https://api-scuda.uat.oci.krungsri.tech/ords/api/v1/customer/individual/searchprofile,39,0,26
1779799586156,90,SearchIndividual,200,OK,SearchIndividual 2-525,text,true,,1185,2602,7,267,https://api-scuda.uat.oci.krungsri.tech/ords/api/v1/customer/individual/searchprofile,88,0,43
1779799586217,32,SearchIndividual,200,OK,SearchIndividual 2-528,text,true,,1163,2602,6,266,https://api-scuda.uat.oci.krungsri.tech/ords/api/v1/customer/individual/searchprofile,25,0,14
1779799583960,2292,GetIndividual,200,OK,GetIndividual 1-259,text,true,,3834,3588,101,265,https://api-scuda.uat.oci.krungsri.tech/ic/api/v1/customer/individual/getprofile,2292,0,10
1779799586184,79,SearchIndividual,200,OK,SearchIndividual 2-526,text,true,,1231,2602,5,264,https://api-scuda.uat.oci.krungsri.tech/ords/api/v1/customer/individual/searchprofile,78,0,52
1779799586244,31,SearchIndividual,200,OK,SearchIndividual 2-532,text,true,,1223,2602,5,267,https://api-scuda.uat.oci.krungsri.tech/ords/api/v1/customer/individual/searchprofile,31,0,16
1779799586226,50,SearchIndividual,200,OK,SearchIndividual 2-529,text,true,,1207,2602,4,266,https://api-scuda.uat.oci.krungsri.tech/ords/api/v1/customer/individual/searchprofile,50,0,31
1779799586233,74,SearchIndividual,200,OK,SearchIndividual 2-530,text,true,,1180,2601,6,270,https://api-scuda.uat.oci.krungsri.tech/ords/api/v1/customer/individual/searchprofile,73,0,44
1779799586233,76,SearchIndividual,200,OK,SearchIndividual 2-531,text,true,,1245,2602,6,270,https://api-scuda.uat.oci.krungsri.tech/ords/api/v1/customer/individual/searchprofile,76,0,37
1779799586265,55,SearchIndividual,200,OK,SearchIndividual 2-533,text,true,,1141,2602,5,270,https://api-scuda.uat.oci.krungsri.tech/ords/api/v1/customer/individual/searchprofile,55,0,23
1779799580900,5423,UpdateIndividual,200,OK,UpdateIndividual 4-119,text,true,,800,4228,97,269,https://api-scuda.uat.oci.krungsri.tech/ic/api/v1/customer/individual/updateprofile,5423,0,12
1779799578859,7468,GetIndividual,200,OK,GetIndividual 1-140,text,true,,3845,3588,105,268,https://api-scuda.uat.oci.krungsri.tech/ic/api/v1/customer/individual/getprofile,7468,0,41
1779799586296,37,SearchIndividual,200,OK,SearchIndividual 2-536,text,true,,1131,2602,4,268,https://api-scuda.uat.oci.krungsri.tech/ords/api/v1/customer/individual/searchprofile,36,0,20
1779799586283,60,SearchIndividual,200,OK,SearchIndividual 2-535,text,true,,1221,2602,3,267,https://api-scuda.uat.oci.krungsri.tech/ords/api/v1/customer/individual/searchprofile,60,0,40
1779799586283,62,SearchIndividual,200,OK,SearchIndividual 2-534,text,true,,1181,2602,2,266,https://api-scuda.uat.oci.krungsri.tech/ords/api/v1/customer/individual/searchprofile,62,0,45
1779799586309,41,SearchIndividual,200,OK,SearchIndividual 2-537,text,true,,1099,2602,1,265,https://api-scuda.uat.oci.krungsri.tech/ords/api/v1/customer/individual/searchprofile,41,0,21
1779799586373,23,SearchIndividual,200,OK,SearchIndividual 2-539,text,true,,1167,2602,3,267,https://api-scuda.uat.oci.krungsri.tech/ords/api/v1/customer/individual/searchprofile,23,0,10
1779799586368,39,SearchIndividual,200,OK,SearchIndividual 2-538,text,true,,1201,2602,2,266,https://api-scuda.uat.oci.krungsri.tech/ords/api/v1/customer/individual/searchprofile,39,0,26
1779799586394,33,SearchIndividual,200,OK,SearchIndividual 2-540,text,true,,1129,2602,2,267,https://api-scuda.uat.oci.krungsri.tech/ords/api/v1/customer/individual/searchprofile,33,0,22
1779799581012,5414,GetIndividual,200,OK,GetIndividual 1-190,text,true,,3886,3588,105,266,https://api-scuda.uat.oci.krungsri.tech/ic/api/v1/customer/individual/getprofile,5414,0,15
1779799586414,29,SearchIndividual,200,OK,SearchIndividual 2-541,text,true,,1213,2602,1,266,https://api-scuda.uat.oci.krungsri.tech/ords/api/v1/customer/individual/searchprofile,29,0,17
1779799586488,45,SearchIndividual,200,OK,SearchIndividual 2-542,text,true,,1169,2602,3,275,https://api-scuda.uat.oci.krungsri.tech/ords/api/v1/customer/individual/searchprofile,45,0,22
1779799586506,37,SearchIndividual,200,OK,SearchIndividual 2-543,text,true,,1157,2602,5,277,https://api-scuda.uat.oci.krungsri.tech/ords/api/v1/customer/individual/searchprofile,37,0,24
1779799586506,57,SearchIndividual,200,OK,SearchIndividual 2-544,text,true,,1195,2602,5,279,https://api-scuda.uat.oci.krungsri.tech/ords/api/v1/customer/individual/searchprofile,57,0,36
1779799586539,42,SearchIndividual,200,OK,SearchIndividual 2-546,text,true,,1195,2602,4,278,https://api-scuda.uat.oci.krungsri.tech/ords/api/v1/customer/individual/searchprofile,41,0,28
1779799586546,37,SearchIndividual,200,OK,SearchIndividual 2-548,text,true,,1162,2601,4,278,https://api-scuda.uat.oci.krungsri.tech/ords/api/v1/customer/individual/searchprofile,36,0,25
1779799586542,41,SearchIndividual,200,OK,SearchIndividual 2-547,text,true,,1150,2601,4,278,https://api-scuda.uat.oci.krungsri.tech/ords/api/v1/customer/individual/searchprofile,41,0,20
1779799586536,48,SearchIndividual,200,OK,SearchIndividual 2-545,text,true,,1165,2602,2,276,https://api-scuda.uat.oci.krungsri.tech/ords/api/v1/customer/individual/searchprofile,48,0,30
1779799586593,31,SearchIndividual,200,OK,SearchIndividual 2-550,text,true,,1202,2601,3,279,https://api-scuda.uat.oci.krungsri.tech/ords/api/v1/customer/individual/searchprofile,31,0,19
1779799586582,55,SearchIndividual,200,OK,SearchIndividual 2-549,text,true,,1135,2602,2,278,https://api-scuda.uat.oci.krungsri.tech/ords/api/v1/customer/individual/searchprofile,55,0,36
1779799586606,32,SearchIndividual,200,OK,SearchIndividual 2-551,text,true,,1121,2602,2,278,https://api-scuda.uat.oci.krungsri.tech/ords/api/v1/customer/individual/searchprofile,31,0,20
1779799586666,23,SearchIndividual,200,OK,SearchIndividual 2-553,text,true,,1177,2602,4,286,https://api-scuda.uat.oci.krungsri.tech/ords/api/v1/customer/individual/searchprofile,23,0,12
1779799586648,71,SearchIndividual,200,OK,SearchIndividual 2-552,text,true,,1185,2602,7,292,https://api-scuda.uat.oci.krungsri.tech/ords/api/v1/customer/individual/searchprofile,70,0,34
1779799586680,41,SearchIndividual,200,OK,SearchIndividual 2-554,text,true,,1191,2602,6,291,https://api-scuda.uat.oci.krungsri.tech/ords/api/v1/customer/individual/searchprofile,41,0,24
1779799581788,4943,UpdateIndividual,429,Too Many Requests,UpdateIndividual 4-133,text,false,,606,5632,103,290,https://api-scuda.uat.oci.krungsri.tech/ic/api/v1/customer/individual/updateprofile,4943,0,48
1779799586684,60,SearchIndividual,200,OK,SearchIndividual 2-555,text,true,,1137,2602,6,291,https://api-scuda.uat.oci.krungsri.tech/ords/api/v1/customer/individual/searchprofile,60,0,40
1779799586717,34,SearchIndividual,200,OK,SearchIndividual 2-559,text,true,,1127,2602,5,292,https://api-scuda.uat.oci.krungsri.tech/ords/api/v1/customer/individual/searchprofile,34,0,15
1779799586709,48,SearchIndividual,200,OK,SearchIndividual 2-558,text,true,,1193,2602,4,292,https://api-scuda.uat.oci.krungsri.tech/ords/api/v1/customer/individual/searchprofile,48,0,34
1779799586708,53,SearchIndividual,200,OK,SearchIndividual 2-557,text,true,,1215,2602,3,291,https://api-scuda.uat.oci.krungsri.tech/ords/api/v1/customer/individual/searchprofile,52,0,39
1779799586704,59,SearchIndividual,200,OK,SearchIndividual 2-556,text,true,,1173,2602,2,290,https://api-scuda.uat.oci.krungsri.tech/ords/api/v1/customer/individual/searchprofile,59,0,46
1779799585054,1724,GetIndividual,429,Too Many Requests,GetIndividual 1-286,text,false,,600,3588,121,290,https://api-scuda.uat.oci.krungsri.tech/ic/api/v1/customer/individual/getprofile,1724,0,21
1779799586741,46,SearchIndividual,200,OK,SearchIndividual 2-560,text,true,,1175,2602,2,293,https://api-scuda.uat.oci.krungsri.tech/ords/api/v1/customer/individual/searchprofile,46,0,32
1779799584721,2106,GetIndividual,200,OK,GetIndividual 1-277,text,true,,3890,3588,123,296,https://api-scuda.uat.oci.krungsri.tech/ic/api/v1/customer/individual/getprofile,2106,0,18
1779799586780,49,SearchIndividual,200,OK,SearchIndividual 2-561,text,true,,1265,2602,2,295,https://api-scuda.uat.oci.krungsri.tech/ords/api/v1/customer/individual/searchprofile,48,0,22
1779799583353,3478,UpdateIndividual,429,Too Many Requests,UpdateIndividual 4-159,text,false,,606,5624,105,295,https://api-scuda.uat.oci.krungsri.tech/ic/api/v1/customer/individual/updateprofile,3478,0,12
1779799586832,27,SearchIndividual,200,OK,SearchIndividual 2-563,text,true,,1173,2602,2,296,https://api-scuda.uat.oci.krungsri.tech/ords/api/v1/customer/individual/searchprofile,26,0,12
1779799586814,56,SearchIndividual,200,OK,SearchIndividual 2-562,text,true,,1157,2602,1,297,https://api-scuda.uat.oci.krungsri.tech/ords/api/v1/customer/individual/searchprofile,56,0,38
1779799586886,37,SearchIndividual,200,OK,SearchIndividual 2-564,text,true,,1223,2602,2,302,https://api-scuda.uat.oci.krungsri.tech/ords/api/v1/customer/individual/searchprofile,36,0,22
1779799585084,1847,GetIndividual,429,Too Many Requests,GetIndividual 1-289,text,false,,600,3588,127,302,https://api-scuda.uat.oci.krungsri.tech/ic/api/v1/customer/individual/getprofile,1847,0,21
1779799586911,84,SearchIndividual,200,OK,SearchIndividual 2-565,text,true,,1167,2602,5,307,https://api-scuda.uat.oci.krungsri.tech/ords/api/v1/customer/individual/searchprofile,84,0,47
1779799586964,33,SearchIndividual,200,OK,SearchIndividual 2-566,text,true,,1187,2602,4,306,https://api-scuda.uat.oci.krungsri.tech/ords/api/v1/customer/individual/searchprofile,32,0,21
1779799586974,30,SearchIndividual,200,OK,SearchIndividual 2-568,text,true,,1153,2602,4,306,https://api-scuda.uat.oci.krungsri.tech/ords/api/v1/customer/individual/searchprofile,29,0,17
1779799586968,53,SearchIndividual,200,OK,SearchIndividual 2-567,text,true,,1155,2602,4,306,https://api-scuda.uat.oci.krungsri.tech/ords/api/v1/customer/individual/searchprofile,53,0,22
1779799583719,3309,GetIndividual,200,OK,GetIndividual 1-254,text,true,,3880,3588,128,305,https://api-scuda.uat.oci.krungsri.tech/ic/api/v1/customer/individual/getprofile,3309,0,32
1779799579281,7747,UpdateIndividual,200,OK,UpdateIndividual 4-95,text,true,,800,5523,106,305,https://api-scuda.uat.oci.krungsri.tech/ic/api/v1/customer/individual/updateprofile,7747,0,21
1779799582421,4608,UpdateIndividual,429,Too Many Requests,UpdateIndividual 4-144,text,false,,606,4226,105,303,https://api-scuda.uat.oci.krungsri.tech/ic/api/v1/customer/individual/updateprofile,4608,0,21
1779799586994,60,SearchIndividual,200,OK,SearchIndividual 2-569,text,true,,1173,2602,5,306,https://api-scuda.uat.oci.krungsri.tech/ords/api/v1/customer/individual/searchprofile,60,0,39
1779799587001,54,SearchIndividual,200,OK,SearchIndividual 2-570,text,true,,1215,2602,5,306,https://api-scuda.uat.oci.krungsri.tech/ords/api/v1/customer/individual/searchprofile,52,0,24
1779799587035,38,SearchIndividual,200,OK,SearchIndividual 2-572,text,true,,1155,2602,4,305,https://api-scuda.uat.oci.krungsri.tech/ords/api/v1/customer/individual/searchprofile,38,0,25
1779799587047,32,SearchIndividual,200,OK,SearchIndividual 2-573,text,true,,1183,2602,4,305,https://api-scuda.uat.oci.krungsri.tech/ords/api/v1/customer/individual/searchprofile,32,0,20
1779799584231,2859,GetIndividual,429,Too Many Requests,GetIndividual 1-268,text,false,,600,3588,128,305,https://api-scuda.uat.oci.krungsri.tech/ic/api/v1/customer/individual/getprofile,2859,0,35
1779799587065,25,SearchIndividual,200,OK,SearchIndividual 2-574,text,true,,1153,2602,3,305,https://api-scuda.uat.oci.krungsri.tech/ords/api/v1/customer/individual/searchprofile,25,0,13
1779799587079,28,SearchIndividual,200,OK,SearchIndividual 2-575,text,true,,1167,2602,4,306,https://api-scuda.uat.oci.krungsri.tech/ords/api/v1/customer/individual/searchprofile,28,0,16
1779799587013,109,SearchIndividual,200,OK,SearchIndividual 2-571,text,true,,1143,2602,3,307,https://api-scuda.uat.oci.krungsri.tech/ords/api/v1/customer/individual/searchprofile,109,0,65
1779799587103,35,SearchIndividual,200,OK,SearchIndividual 2-577,text,true,,1183,2602,3,307,https://api-scuda.uat.oci.krungsri.tech/ords/api/v1/customer/individual/searchprofile,35,0,22
1779799587103,45,SearchIndividual,200,OK,SearchIndividual 2-576,text,true,,1203,2602,2,306,https://api-scuda.uat.oci.krungsri.tech/ords/api/v1/customer/individual/searchprofile,45,0,16
1779799587161,31,SearchIndividual,200,OK,SearchIndividual 2-579,text,true,,1223,2602,3,310,https://api-scuda.uat.oci.krungsri.tech/ords/api/v1/customer/individual/searchprofile,31,0,19
1779799587134,84,SearchIndividual,200,OK,SearchIndividual 2-578,text,true,,1149,2602,2,309,https://api-scuda.uat.oci.krungsri.tech/ords/api/v1/customer/individual/searchprofile,84,0,47
1779799587189,32,SearchIndividual,200,OK,SearchIndividual 2-580,text,true,,1145,2602,1,308,https://api-scuda.uat.oci.krungsri.tech/ords/api/v1/customer/individual/searchprofile,32,0,21
1779799587246,28,SearchIndividual,200,OK,SearchIndividual 2-581,text,true,,1221,2602,2,314,https://api-scuda.uat.oci.krungsri.tech/ords/api/v1/customer/individual/searchprofile,28,0,14
1779799587280,34,SearchIndividual,200,OK,SearchIndividual 2-583,text,true,,1203,2602,4,317,https://api-scuda.uat.oci.krungsri.tech/ords/api/v1/customer/individual/searchprofile,34,0,17
1779799587265,51,SearchIndividual,200,OK,SearchIndividual 2-582,text,true,,1122,2601,3,317,https://api-scuda.uat.oci.krungsri.tech/ords/api/v1/customer/individual/searchprofile,51,0,23
1779799587286,38,SearchIndividual,200,OK,SearchIndividual 2-584,text,true,,1153,2602,3,317,https://api-scuda.uat.oci.krungsri.tech/ords/api/v1/customer/individual/searchprofile,38,0,25
1779799587309,55,SearchIndividual,200,OK,SearchIndividual 2-585,text,true,,1155,2602,3,320,https://api-scuda.uat.oci.krungsri.tech/ords/api/v1/customer/individual/searchprofile,54,0,42
1779799587341,39,SearchIndividual,200,OK,SearchIndividual 2-587,text,true,,1145,2602,2,320,https://api-scuda.uat.oci.krungsri.tech/ords/api/v1/customer/individual/searchprofile,39,0,26
1779799587321,76,SearchIndividual,200,OK,SearchIndividual 2-586,text,true,,1143,2600,4,323,https://api-scuda.uat.oci.krungsri.tech/ords/api/v1/customer/individual/searchprofile,75,0,33
1779799587384,23,SearchIndividual,200,OK,SearchIndividual 2-588,text,true,,1205,2602,3,323,https://api-scuda.uat.oci.krungsri.tech/ords/api/v1/customer/individual/searchprofile,22,0,10
1779799587385,30,SearchIndividual,200,OK,SearchIndividual 2-589,text,true,,1159,2602,3,323,https://api-scuda.uat.oci.krungsri.tech/ords/api/v1/customer/individual/searchprofile,30,0,19
1779799587386,31,SearchIndividual,200,OK,SearchIndividual 2-590,text,true,,1189,2602,3,323,https://api-scuda.uat.oci.krungsri.tech/ords/api/v1/customer/individual/searchprofile,31,0,20
1779799583834,3593,UpdateIndividual,200,OK,UpdateIndividual 4-166,text,true,,800,4229,108,322,https://api-scuda.uat.oci.krungsri.tech/ic/api/v1/customer/individual/updateprofile,3593,0,21
1779799584179,3251,GetIndividual,200,OK,GetIndividual 1-267,text,true,,3847,3588,141,322,https://api-scuda.uat.oci.krungsri.tech/ic/api/v1/customer/individual/getprofile,3251,0,14
1779799585779,1657,GetIndividual,200,OK,GetIndividual 1-312,text,true,,3863,3588,141,323,https://api-scuda.uat.oci.krungsri.tech/ic/api/v1/customer/individual/getprofile,1657,0,20
1779799584010,3431,GetIndividual,200,OK,GetIndividual 1-261,text,true,,3854,3587,140,322,https://api-scuda.uat.oci.krungsri.tech/ic/api/v1/customer/individual/getprofile,3431,0,20
1779799587419,29,SearchJuristic,200,OK,SearchJuristic 6-21,text,true,,1014,2600,1,322,https://api-scuda.uat.oci.krungsri.tech/ords/api/v1/customer/juristic/searchprofile,29,0,15
1779799587419,30,SearchIndividual,200,OK,SearchIndividual 2-591,text,true,,1187,2602,4,321,https://api-scuda.uat.oci.krungsri.tech/ords/api/v1/customer/individual/searchprofile,30,0,18
1779799587436,31,SearchIndividual,200,OK,SearchIndividual 2-592,text,true,,1195,2602,4,322,https://api-scuda.uat.oci.krungsri.tech/ords/api/v1/customer/individual/searchprofile,30,0,17
1779799585805,1668,UpdateIndividual,429,Too Many Requests,UpdateIndividual 4-202,text,false,,606,4225,107,321,https://api-scuda.uat.oci.krungsri.tech/ic/api/v1/customer/individual/updateprofile,1668,0,15
1779799585080,2393,UpdateIndividual,429,Too Many Requests,UpdateIndividual 4-192,text,false,,606,4228,107,321,https://api-scuda.uat.oci.krungsri.tech/ic/api/v1/customer/individual/updateprofile,2393,0,13
1779799587436,39,SearchIndividual,200,OK,SearchIndividual 2-593,text,true,,1201,2602,3,319,https://api-scuda.uat.oci.krungsri.tech/ords/api/v1/customer/individual/searchprofile,39,0,26
1779799587447,38,SearchIndividual,200,OK,SearchIndividual 2-594,text,true,,1165,2602,3,319,https://api-scuda.uat.oci.krungsri.tech/ords/api/v1/customer/individual/searchprofile,37,0,25
1779799587464,46,SearchIndividual,200,OK,SearchIndividual 2-595,text,true,,1161,2602,4,321,https://api-scuda.uat.oci.krungsri.tech/ords/api/v1/customer/individual/searchprofile,46,0,18
1779799583742,3783,GetIndividual,200,OK,GetIndividual 1-255,text,true,,3883,3588,141,323,https://api-scuda.uat.oci.krungsri.tech/ic/api/v1/customer/individual/getprofile,3783,0,16
1779799584401,3127,GetIndividual,429,Too Many Requests,GetIndividual 1-272,text,false,,600,3588,141,323,https://api-scuda.uat.oci.krungsri.tech/ic/api/v1/customer/individual/getprofile,3127,0,18
1779799584539,2993,UpdateIndividual,429,Too Many Requests,UpdateIndividual 4-181,text,false,,606,5634,106,321,https://api-scuda.uat.oci.krungsri.tech/ic/api/v1/customer/individual/updateprofile,2993,0,49
1779799585818,1716,GetIndividual,200,OK,GetIndividual 1-313,text,true,,3881,3588,139,321,https://api-scuda.uat.oci.krungsri.tech/ic/api/v1/customer/individual/getprofile,1716,0,16
1779799582513,5019,GetIndividual,200,OK,GetIndividual 1-221,text,true,,3833,3588,139,321,https://api-scuda.uat.oci.krungsri.tech/ic/api/v1/customer/individual/getprofile,5019,0,13
1779799587481,62,SearchIndividual,200,OK,SearchIndividual 2-596,text,true,,1153,2602,6,320,https://api-scuda.uat.oci.krungsri.tech/ords/api/v1/customer/individual/searchprofile,62,0,30
1779799587501,49,SearchIndividual,200,OK,SearchIndividual 2-598,text,true,,1183,2602,5,320,https://api-scuda.uat.oci.krungsri.tech/ords/api/v1/customer/individual/searchprofile,49,0,27
1779799587490,65,SearchIndividual,200,OK,SearchIndividual 2-597,text,true,,1205,2602,4,319,https://api-scuda.uat.oci.krungsri.tech/ords/api/v1/customer/individual/searchprofile,64,0,39
1779799585624,1933,GetIndividual,429,Too Many Requests,GetIndividual 1-306,text,false,,600,3588,139,318,https://api-scuda.uat.oci.krungsri.tech/ic/api/v1/customer/individual/getprofile,1933,0,35
1779799587528,33,SearchIndividual,200,OK,SearchIndividual 2-600,text,true,,1105,2602,3,317,https://api-scuda.uat.oci.krungsri.tech/ords/api/v1/customer/individual/searchprofile,33,0,20
1779799587534,30,SearchIndividual,200,OK,SearchIndividual 2-601,text,true,,1171,2602,2,316,https://api-scuda.uat.oci.krungsri.tech/ords/api/v1/customer/individual/searchprofile,30,0,16
1779799587521,46,SearchIndividual,200,OK,SearchIndividual 2-599,text,true,,1145,2602,1,315,https://api-scuda.uat.oci.krungsri.tech/ords/api/v1/customer/individual/searchprofile,46,0,30
1779799582577,5046,GetIndividual,429,Too Many Requests,GetIndividual 1-223,text,false,,600,3588,140,319,https://api-scuda.uat.oci.krungsri.tech/ic/api/v1/customer/individual/getprofile,5046,0,20
1779799587614,40,SearchIndividual,200,OK,SearchIndividual 2-602,text,true,,1149,2602,3,320,https://api-scuda.uat.oci.krungsri.tech/ords/api/v1/customer/individual/searchprofile,40,0,28
1779799587626,30,SearchJoint,200,OK,SearchJoint 10-21,text,true,,621,2627,1,319,https://api-scuda.uat.oci.krungsri.tech/ords/api/v1/customer/joint/searchprofile,30,0,20
1779799585480,2181,UpdateIndividual,429,Too Many Requests,UpdateIndividual 4-199,text,false,,606,5544,106,318,https://api-scuda.uat.oci.krungsri.tech/ic/api/v1/customer/individual/updateprofile,2181,0,21
1779799585332,2333,UpdateIndividual,429,Too Many Requests,UpdateIndividual 4-195,text,false,,606,5582,105,321,https://api-scuda.uat.oci.krungsri.tech/ic/api/v1/customer/individual/updateprofile,2333,0,39
1779799584105,3562,GetIndividual,429,Too Many Requests,GetIndividual 1-263,text,false,,600,3588,140,320,https://api-scuda.uat.oci.krungsri.tech/ic/api/v1/customer/individual/getprofile,3562,0,29
1779799585079,2592,UpdateIndividual,429,Too Many Requests,UpdateIndividual 4-193,text,false,,606,5550,104,321,https://api-scuda.uat.oci.krungsri.tech/ic/api/v1/customer/individual/updateprofile,2592,0,60
1779799587654,35,SearchIndividual,200,OK,SearchIndividual 2-604,text,true,,1205,2602,6,321,https://api-scuda.uat.oci.krungsri.tech/ords/api/v1/customer/individual/searchprofile,35,0,20
1779799587669,23,SearchIndividual,200,OK,SearchIndividual 2-607,text,true,,1275,2602,5,320,https://api-scuda.uat.oci.krungsri.tech/ords/api/v1/customer/individual/searchprofile,23,0,11
1779799587666,30,SearchIndividual,200,OK,SearchIndividual 2-606,text,true,,1171,2602,5,320,https://api-scuda.uat.oci.krungsri.tech/ords/api/v1/customer/individual/searchprofile,30,0,18
1779799587665,32,SearchJuristic,200,OK,SearchJuristic 6-22,text,true,,989,2600,1,319,https://api-scuda.uat.oci.krungsri.tech/ords/api/v1/customer/juristic/searchprofile,31,0,21
1779799587654,66,SearchIndividual,200,OK,SearchIndividual 2-603,text,true,,1151,2602,4,320,https://api-scuda.uat.oci.krungsri.tech/ords/api/v1/customer/individual/searchprofile,66,0,26
1779799579865,7859,UpdateIndividual,200,OK,UpdateIndividual 4-104,text,true,,800,5631,105,320,https://api-scuda.uat.oci.krungsri.tech/ic/api/v1/customer/individual/updateprofile,7859,0,18
1779799587672,58,SearchIndividual,200,OK,SearchIndividual 2-608,text,true,,1149,2602,3,319,https://api-scuda.uat.oci.krungsri.tech/ords/api/v1/customer/individual/searchprofile,58,0,37
1779799587665,67,SearchIndividual,200,OK,SearchIndividual 2-605,text,true,,1185,2602,2,318,https://api-scuda.uat.oci.krungsri.tech/ords/api/v1/customer/individual/searchprofile,67,0,27
1779799585769,1978,GetIndividual,200,OK,GetIndividual 1-311,text,true,,3884,3587,142,320,https://api-scuda.uat.oci.krungsri.tech/ic/api/v1/customer/individual/getprofile,1978,0,15
1779799587696,66,SearchIndividual,200,OK,SearchIndividual 2-609,text,true,,1159,2602,3,319,https://api-scuda.uat.oci.krungsri.tech/ords/api/v1/customer/individual/searchprofile,66,0,53
1779799585451,2316,GetIndividual,429,Too Many Requests,GetIndividual 1-300,text,false,,600,3588,141,319,https://api-scuda.uat.oci.krungsri.tech/ic/api/v1/customer/individual/getprofile,2316,0,31
1779799586064,1705,GetIndividual,429,Too Many Requests,GetIndividual 1-321,text,false,,600,3588,140,318,https://api-scuda.uat.oci.krungsri.tech/ic/api/v1/customer/individual/getprofile,1705,0,21
1779799586198,1571,GetIndividual,429,Too Many Requests,GetIndividual 1-323,text,false,,600,3588,140,318,https://api-scuda.uat.oci.krungsri.tech/ic/api/v1/customer/individual/getprofile,1571,0,25
1779799587742,28,SearchIndividual,200,OK,SearchIndividual 2-611,text,true,,1207,2602,3,318,https://api-scuda.uat.oci.krungsri.tech/ords/api/v1/customer/individual/searchprofile,28,0,15
1779799587739,39,SearchIndividual,200,OK,SearchIndividual 2-610,text,true,,1113,2602,2,315,https://api-scuda.uat.oci.krungsri.tech/ords/api/v1/customer/individual/searchprofile,39,0,27
1779799587768,37,SearchIndividual,200,OK,SearchIndividual 2-612,text,true,,1197,2602,1,314,https://api-scuda.uat.oci.krungsri.tech/ords/api/v1/customer/individual/searchprofile,37,0,23
1779799579249,8578,CreateJoint,200,OK,CreateJoint 11-14,text,true,,1772,6084,13,313,https://api-scuda.uat.oci.krungsri.tech/ic/api/v1/customer/joint/createprofile,8578,0,21
1779799584269,3566,GetIndividual,429,Too Many Requests,GetIndividual 1-270,text,false,,600,3588,138,312,https://api-scuda.uat.oci.krungsri.tech/ic/api/v1/customer/individual/getprofile,3566,0,15
1779799583272,4561,GetIndividual,200,OK,GetIndividual 1-241,text,true,,3879,3588,138,312,https://api-scuda.uat.oci.krungsri.tech/ic/api/v1/customer/individual/getprofile,4561,0,16
1779799583224,4611,UpdateIndividual,200,OK,UpdateIndividual 4-153,text,true,,800,5603,104,310,https://api-scuda.uat.oci.krungsri.tech/ic/api/v1/customer/individual/updateprofile,4611,0,42
1779799581442,6397,GetIndividual,200,OK,GetIndividual 1-195,text,true,,3814,3588,136,309,https://api-scuda.uat.oci.krungsri.tech/ic/api/v1/customer/individual/getprofile,6397,0,32
1779799583323,4517,UpdateIndividual,200,OK,UpdateIndividual 4-156,text,true,,800,5593,103,310,https://api-scuda.uat.oci.krungsri.tech/ic/api/v1/customer/individual/updateprofile,4517,0,18
1779799584782,3062,GetIndividual,200,OK,GetIndividual 1-278,text,true,,3870,3588,136,309,https://api-scuda.uat.oci.krungsri.tech/ic/api/v1/customer/individual/getprofile,3062,0,18
1779799585935,1909,GetIndividual,200,OK,GetIndividual 1-317,text,true,,3829,3588,136,309,https://api-scuda.uat.oci.krungsri.tech/ic/api/v1/customer/individual/getprofile,1909,0,20
1779799585904,1941,GetIndividual,200,OK,GetIndividual 1-315,text,true,,3862,3588,135,308,https://api-scuda.uat.oci.krungsri.tech/ic/api/v1/customer/individual/getprofile,1941,0,22
1779799585599,2248,GetIndividual,429,Too Many Requests,GetIndividual 1-304,text,false,,600,3588,133,306,https://api-scuda.uat.oci.krungsri.tech/ic/api/v1/customer/individual/getprofile,2248,0,20
1779799585457,2391,GetIndividual,200,OK,GetIndividual 1-301,text,true,,3839,3588,132,305,https://api-scuda.uat.oci.krungsri.tech/ic/api/v1/customer/individual/getprofile,2391,0,34
1779799585552,2313,UpdateIndividual,429,Too Many Requests,UpdateIndividual 4-200,text,false,,606,4229,102,305,https://api-scuda.uat.oci.krungsri.tech/ic/api/v1/customer/individual/updateprofile,2313,0,22
1779799587843,24,SearchJoint,200,OK,SearchJoint 10-22,text,true,,621,2627,1,304,https://api-scuda.uat.oci.krungsri.tech/ords/api/v1/customer/joint/searchprofile,24,0,15
1779799586267,1604,GetIndividual,429,Too Many Requests,GetIndividual 1-324,text,false,,600,3588,131,303,https://api-scuda.uat.oci.krungsri.tech/ic/api/v1/customer/individual/getprofile,1604,0,14
1779799585520,2353,GetIndividual,429,Too Many Requests,GetIndividual 1-302,text,false,,600,3588,131,303,https://api-scuda.uat.oci.krungsri.tech/ic/api/v1/customer/individual/getprofile,2353,0,29
1779799587854,33,SearchIndividual,200,OK,SearchIndividual 2-613,text,true,,1184,2601,1,301,https://api-scuda.uat.oci.krungsri.tech/ords/api/v1/customer/individual/searchprofile,33,0,17
1779799585858,2074,UpdateIndividual,200,OK,UpdateIndividual 4-204,text,true,,800,4228,102,302,https://api-scuda.uat.oci.krungsri.tech/ic/api/v1/customer/individual/updateprofile,2074,0,15
1779799585079,2854,UpdateIndividual,200,OK,UpdateIndividual 4-191,text,true,,800,5618,102,302,https://api-scuda.uat.oci.krungsri.tech/ic/api/v1/customer/individual/updateprofile,2854,0,19
1779799580582,7355,UpdateIndividual,200,OK,UpdateIndividual 4-116,text,true,,800,5542,100,302,https://api-scuda.uat.oci.krungsri.tech/ic/api/v1/customer/individual/updateprofile,7355,0,65
1779799584242,3698,UpdateIndividual,200,OK,UpdateIndividual 4-173,text,true,,800,5585,100,302,https://api-scuda.uat.oci.krungsri.tech/ic/api/v1/customer/individual/updateprofile,3697,0,27
1779799585056,2884,GetIndividual,200,OK,GetIndividual 1-287,text,true,,3807,3588,130,301,https://api-scuda.uat.oci.krungsri.tech/ic/api/v1/customer/individual/getprofile,2884,0,34
1779799579752,8186,GetIndividual,200,OK,GetIndividual 1-161,text,true,,3845,3588,130,301,https://api-scuda.uat.oci.krungsri.tech/ic/api/v1/customer/individual/getprofile,8186,0,23
1779799580111,7828,GetIndividual,200,OK,GetIndividual 1-166,text,true,,3807,3588,130,300,https://api-scuda.uat.oci.krungsri.tech/ic/api/v1/customer/individual/getprofile,7828,0,40
1779799585100,2842,GetIndividual,429,Too Many Requests,GetIndividual 1-291,text,false,,600,3588,128,298,https://api-scuda.uat.oci.krungsri.tech/ic/api/v1/customer/individual/getprofile,2842,0,28
1779799584678,3264,UpdateIndividual,200,OK,UpdateIndividual 4-185,text,true,,800,4227,98,298,https://api-scuda.uat.oci.krungsri.tech/ic/api/v1/customer/individual/updateprofile,3264,0,19
1779799578620,9322,GetIndividual,200,OK,GetIndividual 1-136,text,true,,3868,3588,127,297,https://api-scuda.uat.oci.krungsri.tech/ic/api/v1/customer/individual/getprofile,9322,0,41
1779799585392,2552,UpdateIndividual,200,OK,UpdateIndividual 4-197,text,true,,800,5604,97,294,https://api-scuda.uat.oci.krungsri.tech/ic/api/v1/customer/individual/updateprofile,2552,0,16
1779799578881,9063,UpdateIndividual,200,OK,UpdateIndividual 4-89,text,true,,800,4227,97,294,https://api-scuda.uat.oci.krungsri.tech/ic/api/v1/customer/individual/updateprofile,9063,0,22
1779799584377,3567,UpdateIndividual,200,OK,UpdateIndividual 4-177,text,true,,800,5547,97,294,https://api-scuda.uat.oci.krungsri.tech/ic/api/v1/customer/individual/updateprofile,3567,0,11
1779799577394,10550,GetIndividual,200,OK,GetIndividual 1-110,text,true,,1080,3588,125,294,https://api-scuda.uat.oci.krungsri.tech/ic/api/v1/customer/individual/getprofile,10550,0,21
1779799585700,2246,GetIndividual,200,OK,GetIndividual 1-308,text,true,,3867,3588,124,290,https://api-scuda.uat.oci.krungsri.tech/ic/api/v1/customer/individual/getprofile,2246,0,35
1779799585910,2037,UpdateIndividual,200,OK,UpdateIndividual 4-206,text,true,,800,4229,94,290,https://api-scuda.uat.oci.krungsri.tech/ic/api/v1/customer/individual/updateprofile,2037,0,18
1779799583309,4638,UpdateIndividual,200,OK,UpdateIndividual 4-154,text,true,,800,5519,93,288,https://api-scuda.uat.oci.krungsri.tech/ic/api/v1/customer/individual/updateprofile,4638,0,20
1779799587940,33,SearchIndividual,200,OK,SearchIndividual 2-614,text,true,,1223,2602,2,287,https://api-scuda.uat.oci.krungsri.tech/ords/api/v1/customer/individual/searchprofile,33,0,19
1779799587940,39,SearchIndividual,200,OK,SearchIndividual 2-615,text,true,,1133,2602,1,287,https://api-scuda.uat.oci.krungsri.tech/ords/api/v1/customer/individual/searchprofile,38,0,25
1779799585613,2368,UpdateIndividual,429,Too Many Requests,UpdateIndividual 4-201,text,false,,606,5591,92,286,https://api-scuda.uat.oci.krungsri.tech/ic/api/v1/customer/individual/updateprofile,2368,0,48
1779799588005,28,SearchIndividual,200,OK,SearchIndividual 2-616,text,true,,1217,2602,1,291,https://api-scuda.uat.oci.krungsri.tech/ords/api/v1/customer/individual/searchprofile,28,0,17
1779799583674,4371,CreateIndividual,201,Created,CreateIndividual 3-19,text,true,,1172,8249,17,291,https://api-scuda.uat.oci.krungsri.tech/ic/api/v1/customer/individual/createprofile,4371,0,19
1779799580741,7305,CreateJoint,200,OK,CreateJoint 11-16,text,true,,1772,5699,12,290,https://api-scuda.uat.oci.krungsri.tech/ic/api/v1/customer/joint/createprofile,7305,0,15
1779799585425,2623,UpdateIndividual,200,OK,UpdateIndividual 4-198,text,true,,800,4227,92,290,https://api-scuda.uat.oci.krungsri.tech/ic/api/v1/customer/individual/updateprofile,2623,0,15
1779799584315,3734,UpdateIndividual,200,OK,UpdateIndividual 4-174,text,true,,799,4228,91,288,https://api-scuda.uat.oci.krungsri.tech/ic/api/v1/customer/individual/updateprofile,3734,0,33
1779799584815,3235,UpdateIndividual,429,Too Many Requests,UpdateIndividual 4-188,text,false,,606,4229,90,287,https://api-scuda.uat.oci.krungsri.tech/ic/api/v1/customer/individual/updateprofile,3235,0,23
1779799581578,6470,GetIndividual,200,OK,GetIndividual 1-199,text,true,,3897,3588,128,288,https://api-scuda.uat.oci.krungsri.tech/ic/api/v1/customer/individual/getprofile,6470,0,58
1779799585830,2221,UpdateIndividual,200,OK,UpdateIndividual 4-203,text,true,,800,5587,90,287,https://api-scuda.uat.oci.krungsri.tech/ic/api/v1/customer/individual/updateprofile,2220,0,21
1779799584487,3563,UpdateIndividual,200,OK,UpdateIndividual 4-180,text,true,,800,4228,90,287,https://api-scuda.uat.oci.krungsri.tech/ic/api/v1/customer/individual/updateprofile,3563,0,72
1779799572289,15769,CreateIndividual,201,Created,CreateIndividual 3-4,text,true,,1172,8258,16,283,https://api-scuda.uat.oci.krungsri.tech/ic/api/v1/customer/individual/createprofile,15769,0,22
1779799577936,10122,GetIndividual,200,OK,GetIndividual 1-120,text,true,,3847,3588,127,283,https://api-scuda.uat.oci.krungsri.tech/ic/api/v1/customer/individual/getprofile,10122,0,28
1779799578316,9747,CreateJuristic,201,Created,CreateJuristic 7-13,text,true,,1172,8125,13,282,https://api-scuda.uat.oci.krungsri.tech/ic/api/v1/customer/juristic/createprofile,9746,0,20
1779799588071,31,SearchIndividual,200,OK,SearchIndividual 2-618,text,true,,1197,2602,5,287,https://api-scuda.uat.oci.krungsri.tech/ords/api/v1/customer/individual/searchprofile,31,0,19
1779799588062,43,SearchIndividual,200,OK,SearchIndividual 2-617,text,true,,1213,2602,4,287,https://api-scuda.uat.oci.krungsri.tech/ords/api/v1/customer/individual/searchprofile,43,0,29
1779799588080,29,SearchIndividual,200,OK,SearchIndividual 2-620,text,true,,1154,2601,4,287,https://api-scuda.uat.oci.krungsri.tech/ords/api/v1/customer/individual/searchprofile,29,0,18
1779799588074,41,SearchIndividual,200,OK,SearchIndividual 2-619,text,true,,1195,2602,3,287,https://api-scuda.uat.oci.krungsri.tech/ords/api/v1/customer/individual/searchprofile,41,0,27
1779799583971,4163,CreateJuristic,201,Created,CreateJuristic 7-19,text,true,,1172,7842,12,288,https://api-scuda.uat.oci.krungsri.tech/ic/api/v1/customer/juristic/createprofile,4163,0,21
1779799588100,37,SearchIndividual,200,OK,SearchIndividual 2-621,text,true,,1169,2602,2,288,https://api-scuda.uat.oci.krungsri.tech/ords/api/v1/customer/individual/searchprofile,36,0,19
1779799581767,6369,GetIndividual,200,OK,GetIndividual 1-205,text,true,,3856,3588,129,286,https://api-scuda.uat.oci.krungsri.tech/ic/api/v1/customer/individual/getprofile,6369,0,28
1779799588107,33,SearchIndividual,200,OK,SearchIndividual 2-622,text,true,,1201,2602,1,285,https://api-scuda.uat.oci.krungsri.tech/ords/api/v1/customer/individual/searchprofile,33,0,18
1779799584787,3357,GetJoint,200,OK,GetJoint 9-20,text,true,,1431,3530,5,284,https://api-scuda.uat.oci.krungsri.tech/ic/api/v1/customer/joint/getprofile,3357,0,22
1779799576265,11879,UpdateIndividual,200,OK,UpdateIndividual 4-62,text,true,,800,5543,90,284,https://api-scuda.uat.oci.krungsri.tech/ic/api/v1/customer/individual/updateprofile,11879,0,57
1779799586549,1597,GetIndividual,200,OK,GetIndividual 1-337,text,true,,3857,3588,128,282,https://api-scuda.uat.oci.krungsri.tech/ic/api/v1/customer/individual/getprofile,1597,0,29
1779799583077,5068,CreateIndividual,201,Created,CreateIndividual 3-18,text,true,,1172,8436,15,282,https://api-scuda.uat.oci.krungsri.tech/ic/api/v1/customer/individual/createprofile,5068,0,24
1779799576255,11893,UpdateIndividual,200,OK,UpdateIndividual 4-61,text,true,,800,4229,89,281,https://api-scuda.uat.oci.krungsri.tech/ic/api/v1/customer/individual/updateprofile,11893,0,34
1779799582041,6105,GetIndividual,200,OK,GetIndividual 1-212,text,true,,3829,3587,127,282,https://api-scuda.uat.oci.krungsri.tech/ic/api/v1/customer/individual/getprofile,6105,0,21
1779799581518,6628,UpdateIndividual,200,OK,UpdateIndividual 4-129,text,true,,800,5597,89,281,https://api-scuda.uat.oci.krungsri.tech/ic/api/v1/customer/individual/updateprofile,6628,0,23
1779799579175,8975,UpdateIndividual,200,OK,UpdateIndividual 4-93,text,true,,800,4229,87,279,https://api-scuda.uat.oci.krungsri.tech/ic/api/v1/customer/individual/updateprofile,8975,0,21
1779799585607,2553,GetIndividual,429,Too Many Requests,GetIndividual 1-305,text,false,,600,3588,127,278,https://api-scuda.uat.oci.krungsri.tech/ic/api/v1/customer/individual/getprofile,2553,0,29
1779799586297,1873,GetIndividual,429,Too Many Requests,GetIndividual 1-328,text,false,,600,3588,127,278,https://api-scuda.uat.oci.krungsri.tech/ic/api/v1/customer/individual/getprofile,1873,0,17
1779799585091,3082,UpdateIndividual,429,Too Many Requests,UpdateIndividual 4-194,text,false,,606,4229,86,278,https://api-scuda.uat.oci.krungsri.tech/ic/api/v1/customer/individual/updateprofile,3082,0,26
1779799588149,40,SearchIndividual,200,OK,SearchIndividual 2-623,text,true,,1181,2602,3,278,https://api-scuda.uat.oci.krungsri.tech/ords/api/v1/customer/individual/searchprofile,40,0,22
1779799588173,25,SearchIndividual,200,OK,SearchIndividual 2-624,text,true,,1225,2602,3,279,https://api-scuda.uat.oci.krungsri.tech/ords/api/v1/customer/individual/searchprofile,25,0,11
1779799588177,32,SearchIndividual,200,OK,SearchIndividual 2-625,text,true,,1185,2602,2,278,https://api-scuda.uat.oci.krungsri.tech/ords/api/v1/customer/individual/searchprofile,32,0,21
1779799586672,1557,GetIndividual,200,OK,GetIndividual 1-338,text,true,,3819,3588,126,279,https://api-scuda.uat.oci.krungsri.tech/ic/api/v1/customer/individual/getprofile,1557,0,27
1779799585342,2891,GetIndividual,200,OK,GetIndividual 1-297,text,true,,3796,3588,125,278,https://api-scuda.uat.oci.krungsri.tech/ic/api/v1/customer/individual/getprofile,2891,0,39
1779799586800,1435,GetIndividual,200,OK,GetIndividual 1-349,text,true,,3795,3588,124,277,https://api-scuda.uat.oci.krungsri.tech/ic/api/v1/customer/individual/getprofile,1435,0,36
1779799588198,57,SearchIndividual,200,OK,SearchIndividual 2-626,text,true,,1176,2601,2,276,https://api-scuda.uat.oci.krungsri.tech/ords/api/v1/customer/individual/searchprofile,57,0,34
1779799588212,44,SearchIndividual,200,OK,SearchIndividual 2-627,text,true,,1179,2602,1,276,https://api-scuda.uat.oci.krungsri.tech/ords/api/v1/customer/individual/searchprofile,44,0,32
1779799585818,2442,GetIndividual,429,Too Many Requests,GetIndividual 1-314,text,false,,600,3588,124,275,https://api-scuda.uat.oci.krungsri.tech/ic/api/v1/customer/individual/getprofile,2442,0,32
1779799585935,2331,UpdateIndividual,429,Too Many Requests,UpdateIndividual 4-207,text,false,,606,5558,86,275,https://api-scuda.uat.oci.krungsri.tech/ic/api/v1/customer/individual/updateprofile,2331,0,19
1779799586048,2219,GetIndividual,429,Too Many Requests,GetIndividual 1-320,text,false,,600,3588,123,274,https://api-scuda.uat.oci.krungsri.tech/ic/api/v1/customer/individual/getprofile,2219,0,20
1779799585942,2328,GetIndividual,429,Too Many Requests,GetIndividual 1-318,text,false,,600,3588,122,273,https://api-scuda.uat.oci.krungsri.tech/ic/api/v1/customer/individual/getprofile,2328,0,16
1779799585927,2345,GetIndividual,429,Too Many Requests,GetIndividual 1-316,text,false,,600,3588,122,273,https://api-scuda.uat.oci.krungsri.tech/ic/api/v1/customer/individual/getprofile,2345,0,15
1779799588264,36,SearchIndividual,200,OK,SearchIndividual 2-628,text,true,,1187,2602,1,272,https://api-scuda.uat.oci.krungsri.tech/ords/api/v1/customer/individual/searchprofile,35,0,24
1779799580809,7535,GetIndividual,200,OK,GetIndividual 1-181,text,true,,3852,3588,123,274,https://api-scuda.uat.oci.krungsri.tech/ic/api/v1/customer/individual/getprofile,7535,0,22
1779799572262,16083,CreateJuristic,201,Created,CreateJuristic 7-5,text,true,,1172,7856,11,274,https://api-scuda.uat.oci.krungsri.tech/ic/api/v1/customer/juristic/createprofile,16083,0,19
1779799586271,2077,GetIndividual,200,OK,GetIndividual 1-325,text,true,,3810,3588,122,272,https://api-scuda.uat.oci.krungsri.tech/ic/api/v1/customer/individual/getprofile,2077,0,17
1779799586091,2270,UpdateIndividual,429,Too Many Requests,UpdateIndividual 4-208,text,false,,606,4228,86,276,https://api-scuda.uat.oci.krungsri.tech/ic/api/v1/customer/individual/updateprofile,2270,0,25
1779799588358,30,SearchIndividual,200,OK,SearchIndividual 2-629,text,true,,1139,2602,2,276,https://api-scuda.uat.oci.krungsri.tech/ords/api/v1/customer/individual/searchprofile,30,0,18
1779799588370,31,SearchIndividual,200,OK,SearchIndividual 2-630,text,true,,1171,2602,1,275,https://api-scuda.uat.oci.krungsri.tech/ords/api/v1/customer/individual/searchprofile,31,0,18
1779799588418,30,SearchIndividual,200,OK,SearchIndividual 2-631,text,true,,1192,2601,1,279,https://api-scuda.uat.oci.krungsri.tech/ords/api/v1/customer/individual/searchprofile,30,0,19
1779799588471,29,SearchIndividual,200,OK,SearchIndividual 2-632,text,true,,1137,2602,2,281,https://api-scuda.uat.oci.krungsri.tech/ords/api/v1/customer/individual/searchprofile,29,0,14
1779799588483,30,SearchIndividual,200,OK,SearchIndividual 2-633,text,true,,1219,2602,1,282,https://api-scuda.uat.oci.krungsri.tech/ords/api/v1/customer/individual/searchprofile,30,0,20
1779799588538,33,SearchIndividual,200,OK,SearchIndividual 2-636,text,true,,1211,2602,6,293,https://api-scuda.uat.oci.krungsri.tech/ords/api/v1/customer/individual/searchprofile,32,0,20
1779799588552,25,SearchIndividual,200,OK,SearchIndividual 2-638,text,true,,1175,2602,5,292,https://api-scuda.uat.oci.krungsri.tech/ords/api/v1/customer/individual/searchprofile,25,0,14
1779799588552,30,SearchJuristic,200,OK,SearchJuristic 6-23,text,true,,989,2600,1,292,https://api-scuda.uat.oci.krungsri.tech/ords/api/v1/customer/juristic/searchprofile,30,0,17
1779799588525,76,SearchIndividual,200,OK,SearchIndividual 2-634,text,true,,1151,2602,5,293,https://api-scuda.uat.oci.krungsri.tech/ords/api/v1/customer/individual/searchprofile,76,0,39
1779799588504,101,SearchJoint,200,OK,SearchJoint 10-23,text,true,,621,2627,2,292,https://api-scuda.uat.oci.krungsri.tech/ords/api/v1/customer/joint/searchprofile,100,0,44
1779799588510,97,SearchJoint,200,OK,SearchJoint 10-24,text,true,,621,2627,1,291,https://api-scuda.uat.oci.krungsri.tech/ords/api/v1/customer/joint/searchprofile,96,0,37
1779799586742,1886,UpdateJoint,200,OK,UpdateJoint 12-22,text,true,,800,3614,13,292,https://api-scuda.uat.oci.krungsri.tech/ic/api/v1/customer/joint/updateprofile,1886,0,14
1779799588569,59,SearchIndividual,200,OK,SearchIndividual 2-639,text,true,,1171,2602,5,291,https://api-scuda.uat.oci.krungsri.tech/ords/api/v1/customer/individual/searchprofile,59,0,33
1779799588579,51,SearchIndividual,200,OK,SearchIndividual 2-640,text,true,,1151,2602,4,291,https://api-scuda.uat.oci.krungsri.tech/ords/api/v1/customer/individual/searchprofile,51,0,17
1779799577651,10985,UpdateIndividual,200,OK,UpdateIndividual 4-79,text,true,,800,4229,87,292,https://api-scuda.uat.oci.krungsri.tech/ic/api/v1/customer/individual/updateprofile,10985,0,29
1779799588550,88,SearchIndividual,200,OK,SearchIndividual 2-637,text,true,,1158,2601,3,291,https://api-scuda.uat.oci.krungsri.tech/ords/api/v1/customer/individual/searchprofile,88,0,50
1779799586752,1888,GetIndividual,200,OK,GetIndividual 1-345,text,true,,3890,3588,134,290,https://api-scuda.uat.oci.krungsri.tech/ic/api/v1/customer/individual/getprofile,1888,0,26
1779799588530,114,SearchIndividual,200,OK,SearchIndividual 2-635,text,true,,1195,2602,2,289,https://api-scuda.uat.oci.krungsri.tech/ords/api/v1/customer/individual/searchprofile,113,0,71
1779799588622,34,SearchJuristic,200,OK,SearchJuristic 6-24,text,true,,993,2600,1,290,https://api-scuda.uat.oci.krungsri.tech/ords/api/v1/customer/juristic/searchprofile,34,0,21
1779799588624,43,SearchIndividual,200,OK,SearchIndividual 2-641,text,true,,621,2602,3,291,https://api-scuda.uat.oci.krungsri.tech/ords/api/v1/customer/individual/searchprofile,43,0,23
1779799588648,31,SearchIndividual,200,OK,SearchIndividual 2-642,text,true,,1177,2602,2,291,https://api-scuda.uat.oci.krungsri.tech/ords/api/v1/customer/individual/searchprofile,31,0,16
1779799588652,52,SearchIndividual,200,OK,SearchIndividual 2-643,text,true,,1135,2602,1,292,https://api-scuda.uat.oci.krungsri.tech/ords/api/v1/customer/individual/searchprofile,52,0,22
1779799587351,1374,GetIndividual,200,OK,GetIndividual 1-369,text,true,,3837,3588,136,293,https://api-scuda.uat.oci.krungsri.tech/ic/api/v1/customer/individual/getprofile,1374,0,31
1779799579619,9104,GetIndividual,200,OK,GetIndividual 1-155,text,true,,3815,3588,135,292,https://api-scuda.uat.oci.krungsri.tech/ic/api/v1/customer/individual/getprofile,9104,0,26
1779799586703,2038,UpdateIndividual,200,OK,UpdateIndividual 4-217,text,true,,799,4226,89,293,https://api-scuda.uat.oci.krungsri.tech/ic/api/v1/customer/individual/updateprofile,2038,0,39
1779799588745,31,SearchIndividual,200,OK,SearchIndividual 2-645,text,true,,1199,2602,5,301,https://api-scuda.uat.oci.krungsri.tech/ords/api/v1/customer/individual/searchprofile,30,0,20
1779799588770,29,SearchIndividual,200,OK,SearchIndividual 2-647,text,true,,1155,2602,4,302,https://api-scuda.uat.oci.krungsri.tech/ords/api/v1/customer/individual/searchprofile,29,0,17
1779799588721,79,SearchIndividual,200,OK,SearchIndividual 2-644,text,true,,1151,2602,3,301,https://api-scuda.uat.oci.krungsri.tech/ords/api/v1/customer/individual/searchprofile,79,0,59
1779799588762,59,SearchIndividual,200,OK,SearchIndividual 2-646,text,true,,1173,2602,3,302,https://api-scuda.uat.oci.krungsri.tech/ords/api/v1/customer/individual/searchprofile,58,0,41
1779799588774,51,SearchIndividual,200,OK,SearchIndividual 2-648,text,true,,1145,2602,2,301,https://api-scuda.uat.oci.krungsri.tech/ords/api/v1/customer/individual/searchprofile,51,0,39
1779799586747,2080,GetIndividual,200,OK,GetIndividual 1-344,text,true,,3891,3588,141,300,https://api-scuda.uat.oci.krungsri.tech/ic/api/v1/customer/individual/getprofile,2080,0,36
1779799583565,5261,GetIndividual,200,OK,GetIndividual 1-249,text,true,,3831,3588,141,300,https://api-scuda.uat.oci.krungsri.tech/ic/api/v1/customer/individual/getprofile,5261,0,28
1779799584011,4818,CreateJoint,429,Too Many Requests,CreateJoint 11-19,text,false,,596,5787,12,298,https://api-scuda.uat.oci.krungsri.tech/ic/api/v1/customer/joint/createprofile,4818,0,21
1779799585635,3195,GetIndividual,429,Too Many Requests,GetIndividual 1-307,text,false,,600,3588,139,298,https://api-scuda.uat.oci.krungsri.tech/ic/api/v1/customer/individual/getprofile,3195,0,26
1779799571458,17374,UpdateJoint,200,OK,UpdateJoint 12-5,text,true,,800,4563,12,298,https://api-scuda.uat.oci.krungsri.tech/ic/api/v1/customer/joint/updateprofile,17374,0,24
1779799586663,2172,UpdateIndividual,200,OK,UpdateIndividual 4-215,text,true,,800,4231,92,297,https://api-scuda.uat.oci.krungsri.tech/ic/api/v1/customer/individual/updateprofile,2172,0,20
1779799581990,6844,GetJuristic,200,OK,GetJuristic 5-17,text,true,,3494,3533,6,296,https://api-scuda.uat.oci.krungsri.tech/ic/api/v1/customer/juristic/getprofile,6844,0,19
1779799588805,33,SearchIndividual,200,OK,SearchIndividual 2-649,text,true,,1197,2602,2,295,https://api-scuda.uat.oci.krungsri.tech/ords/api/v1/customer/individual/searchprofile,33,0,19
1779799588852,31,SearchIndividual,200,OK,SearchIndividual 2-651,text,true,,1133,2602,3,300,https://api-scuda.uat.oci.krungsri.tech/ords/api/v1/customer/individual/searchprofile,31,0,19
1779799588834,53,SearchIndividual,200,OK,SearchIndividual 2-650,text,true,,1221,2602,2,299,https://api-scuda.uat.oci.krungsri.tech/ords/api/v1/customer/individual/searchprofile,53,0,36
1779799588857,55,SearchIndividual,200,OK,SearchIndividual 2-652,text,true,,1203,2602,4,301,https://api-scuda.uat.oci.krungsri.tech/ords/api/v1/customer/individual/searchprofile,55,0,34
1779799588902,31,SearchIndividual,200,OK,SearchIndividual 2-653,text,true,,1199,2602,5,304,https://api-scuda.uat.oci.krungsri.tech/ords/api/v1/customer/individual/searchprofile,31,0,18
1779799581120,7821,GetIndividual,200,OK,GetIndividual 1-191,text,true,,3935,3588,141,306,https://api-scuda.uat.oci.krungsri.tech/ic/api/v1/customer/individual/getprofile,7821,0,23
1779799587046,1897,GetIndividual,200,OK,GetIndividual 1-357,text,true,,3831,3588,141,306,https://api-scuda.uat.oci.krungsri.tech/ic/api/v1/customer/individual/getprofile,1897,0,15
1779799587246,1698,GetIndividual,200,OK,GetIndividual 1-364,text,true,,3832,3588,139,304,https://api-scuda.uat.oci.krungsri.tech/ic/api/v1/customer/individual/getprofile,1698,0,35
1779799588902,49,SearchIndividual,200,OK,SearchIndividual 2-654,text,true,,1197,2602,5,304,https://api-scuda.uat.oci.krungsri.tech/ords/api/v1/customer/individual/searchprofile,48,0,25
1779799588903,54,SearchIndividual,200,OK,SearchIndividual 2-655,text,true,,1199,2602,4,303,https://api-scuda.uat.oci.krungsri.tech/ords/api/v1/customer/individual/searchprofile,54,0,18
1779799588916,59,SearchIndividual,200,OK,SearchIndividual 2-656,text,true,,1167,2602,5,305,https://api-scuda.uat.oci.krungsri.tech/ords/api/v1/customer/individual/searchprofile,59,0,22
1779799588942,52,SearchIndividual,200,OK,SearchIndividual 2-658,text,true,,1182,2601,4,304,https://api-scuda.uat.oci.krungsri.tech/ords/api/v1/customer/individual/searchprofile,52,0,31
1779799588963,31,SearchIndividual,200,OK,SearchIndividual 2-659,text,true,,1155,2602,4,304,https://api-scuda.uat.oci.krungsri.tech/ords/api/v1/customer/individual/searchprofile,31,0,19
1779799588937,57,SearchIndividual,200,OK,SearchIndividual 2-657,text,true,,1133,2602,4,304,https://api-scuda.uat.oci.krungsri.tech/ords/api/v1/customer/individual/searchprofile,57,0,22
1779799588966,32,SearchIndividual,200,OK,SearchIndividual 2-660,text,true,,1170,2601,1,301,https://api-scuda.uat.oci.krungsri.tech/ords/api/v1/customer/individual/searchprofile,32,0,20
1779799587571,1454,GetIndividual,200,OK,GetIndividual 1-377,text,true,,3874,3588,138,301,https://api-scuda.uat.oci.krungsri.tech/ic/api/v1/customer/individual/getprofile,1454,0,21
1779799589038,37,SearchIndividual,200,OK,SearchIndividual 2-661,text,true,,1153,2602,4,306,https://api-scuda.uat.oci.krungsri.tech/ords/api/v1/customer/individual/searchprofile,37,0,22
1779799589055,36,SearchIndividual,200,OK,SearchIndividual 2-662,text,true,,1171,2602,3,308,https://api-scuda.uat.oci.krungsri.tech/ords/api/v1/customer/individual/searchprofile,33,0,21
1779799589064,28,SearchIndividual,200,OK,SearchIndividual 2-663,text,true,,1235,2602,3,308,https://api-scuda.uat.oci.krungsri.tech/ords/api/v1/customer/individual/searchprofile,28,0,17
1779799589070,34,SearchIndividual,200,OK,SearchIndividual 2-664,text,true,,1203,2602,3,308,https://api-scuda.uat.oci.krungsri.tech/ords/api/v1/customer/individual/searchprofile,34,0,23
1779799589093,40,SearchIndividual,200,OK,SearchIndividual 2-665,text,true,,1221,2602,4,310,https://api-scuda.uat.oci.krungsri.tech/ords/api/v1/customer/individual/searchprofile,40,0,26
1779799589090,44,SearchJuristic,200,OK,SearchJuristic 6-25,text,true,,995,2600,1,309,https://api-scuda.uat.oci.krungsri.tech/ords/api/v1/customer/juristic/searchprofile,43,0,28
1779799589107,38,SearchIndividual,200,OK,SearchIndividual 2-667,text,true,,1151,2602,3,309,https://api-scuda.uat.oci.krungsri.tech/ords/api/v1/customer/individual/searchprofile,38,0,24
1779799589101,45,SearchIndividual,200,OK,SearchIndividual 2-666,text,true,,1175,2602,3,309,https://api-scuda.uat.oci.krungsri.tech/ords/api/v1/customer/individual/searchprofile,45,0,13
1779799589165,32,SearchIndividual,200,OK,SearchIndividual 2-669,text,true,,1211,2602,5,312,https://api-scuda.uat.oci.krungsri.tech/ords/api/v1/customer/individual/searchprofile,32,0,20
1779799589177,33,SearchIndividual,200,OK,SearchIndividual 2-670,text,true,,1195,2602,4,312,https://api-scuda.uat.oci.krungsri.tech/ords/api/v1/customer/individual/searchprofile,33,0,20
1779799589129,82,SearchIndividual,200,OK,SearchIndividual 2-668,text,true,,1209,2602,3,311,https://api-scuda.uat.oci.krungsri.tech/ords/api/v1/customer/individual/searchprofile,80,0,30
1779799586454,2772,GetIndividual,200,OK,GetIndividual 1-330,text,true,,3846,3588,142,310,https://api-scuda.uat.oci.krungsri.tech/ic/api/v1/customer/individual/getprofile,2772,0,38
1779799589178,49,SearchIndividual,200,OK,SearchIndividual 2-671,text,true,,1145,2602,3,310,https://api-scuda.uat.oci.krungsri.tech/ords/api/v1/customer/individual/searchprofile,49,0,32
1779799586954,2274,GetIndividual,429,Too Many Requests,GetIndividual 1-355,text,false,,600,3588,141,310,https://api-scuda.uat.oci.krungsri.tech/ic/api/v1/customer/individual/getprofile,2274,0,22
1779799587246,1983,GetIndividual,200,OK,GetIndividual 1-362,text,true,,3839,3588,141,309,https://api-scuda.uat.oci.krungsri.tech/ic/api/v1/customer/individual/getprofile,1983,0,15
1779799586868,2361,GetIndividual,200,OK,GetIndividual 1-352,text,true,,3883,3588,141,309,https://api-scuda.uat.oci.krungsri.tech/ic/api/v1/customer/individual/getprofile,2361,0,22
1779799589195,42,SearchIndividual,200,OK,SearchIndividual 2-672,text,true,,1229,2602,2,308,https://api-scuda.uat.oci.krungsri.tech/ords/api/v1/customer/individual/searchprofile,41,0,25
1779799589227,49,SearchIndividual,200,OK,SearchIndividual 2-673,text,true,,1155,2602,3,314,https://api-scuda.uat.oci.krungsri.tech/ords/api/v1/customer/individual/searchprofile,48,0,32
1779799589244,42,SearchIndividual,200,OK,SearchIndividual 2-674,text,true,,1201,2602,3,314,https://api-scuda.uat.oci.krungsri.tech/ords/api/v1/customer/individual/searchprofile,42,0,24
1779799589249,43,SearchIndividual,200,OK,SearchIndividual 2-675,text,true,,1179,2602,2,314,https://api-scuda.uat.oci.krungsri.tech/ords/api/v1/customer/individual/searchprofile,43,0,31
1779799589284,31,SearchIndividual,200,OK,SearchIndividual 2-676,text,true,,1199,2602,2,314,https://api-scuda.uat.oci.krungsri.tech/ords/api/v1/customer/individual/searchprofile,31,0,20
1779799589293,33,SearchJuristic,200,OK,SearchJuristic 6-26,text,true,,1012,2599,1,316,https://api-scuda.uat.oci.krungsri.tech/ords/api/v1/customer/juristic/searchprofile,32,0,21
1779799589297,43,SearchIndividual,200,OK,SearchIndividual 2-677,text,true,,1155,2602,4,319,https://api-scuda.uat.oci.krungsri.tech/ords/api/v1/customer/individual/searchprofile,43,0,27
1779799589318,43,SearchIndividual,200,OK,SearchIndividual 2-678,text,true,,1157,2602,7,323,https://api-scuda.uat.oci.krungsri.tech/ords/api/v1/customer/individual/searchprofile,43,0,22
1779799589342,24,SearchIndividual,200,OK,SearchIndividual 2-681,text,true,,1161,2602,6,322,https://api-scuda.uat.oci.krungsri.tech/ords/api/v1/customer/individual/searchprofile,24,0,12
1779799589332,34,SearchIndividual,200,OK,SearchIndividual 2-679,text,true,,1193,2602,6,322,https://api-scuda.uat.oci.krungsri.tech/ords/api/v1/customer/individual/searchprofile,33,0,17
1779799589341,37,SearchIndividual,200,OK,SearchIndividual 2-680,text,true,,1181,2602,4,320,https://api-scuda.uat.oci.krungsri.tech/ords/api/v1/customer/individual/searchprofile,36,0,23
1779799589331,47,SearchJuristic,200,OK,SearchJuristic 6-27,text,true,,980,2600,1,320,https://api-scuda.uat.oci.krungsri.tech/ords/api/v1/customer/juristic/searchprofile,47,0,36
1779799589346,35,SearchIndividual,200,OK,SearchIndividual 2-682,text,true,,1143,2602,3,318,https://api-scuda.uat.oci.krungsri.tech/ords/api/v1/customer/individual/searchprofile,35,0,23
1779799589357,27,SearchIndividual,200,OK,SearchIndividual 2-683,text,true,,1189,2602,3,318,https://api-scuda.uat.oci.krungsri.tech/ords/api/v1/customer/individual/searchprofile,26,0,14
1779799589385,32,SearchIndividual,200,OK,SearchIndividual 2-685,text,true,,1177,2602,2,317,https://api-scuda.uat.oci.krungsri.tech/ords/api/v1/customer/individual/searchprofile,32,0,21
1779799589359,64,SearchIndividual,200,OK,SearchIndividual 2-684,text,true,,1167,2602,2,318,https://api-scuda.uat.oci.krungsri.tech/ords/api/v1/customer/individual/searchprofile,64,0,39
1779799582471,6954,GetIndividual,200,OK,GetIndividual 1-219,text,true,,3864,3588,142,318,https://api-scuda.uat.oci.krungsri.tech/ic/api/v1/customer/individual/getprofile,6954,0,19
1779799579775,9654,GetIndividual,200,OK,GetIndividual 1-162,text,true,,3959,3588,142,318,https://api-scuda.uat.oci.krungsri.tech/ic/api/v1/customer/individual/getprofile,9654,0,20
1779799586718,2721,GetIndividual,200,OK,GetIndividual 1-342,text,true,,3867,3588,142,318,https://api-scuda.uat.oci.krungsri.tech/ic/api/v1/customer/individual/getprofile,2721,0,13
1779799589448,41,SearchIndividual,200,OK,SearchIndividual 2-686,text,true,,1229,2602,2,317,https://api-scuda.uat.oci.krungsri.tech/ords/api/v1/customer/individual/searchprofile,40,0,25
1779799589465,40,SearchIndividual,200,OK,SearchIndividual 2-687,text,true,,1129,2602,3,321,https://api-scuda.uat.oci.krungsri.tech/ords/api/v1/customer/individual/searchprofile,39,0,18
1779799583034,6490,UpdateIndividual,200,OK,UpdateIndividual 4-151,text,true,,800,5549,106,326,https://api-scuda.uat.oci.krungsri.tech/ic/api/v1/customer/individual/updateprofile,6490,0,33
1779799589505,44,SearchIndividual,200,OK,SearchIndividual 2-689,text,true,,1146,2601,3,325,https://api-scuda.uat.oci.krungsri.tech/ords/api/v1/customer/individual/searchprofile,44,0,20
1779799589500,82,SearchIndividual,200,OK,SearchIndividual 2-688,text,true,,1191,2602,4,327,https://api-scuda.uat.oci.krungsri.tech/ords/api/v1/customer/individual/searchprofile,82,0,48
1779799589516,71,SearchIndividual,200,OK,SearchIndividual 2-690,text,true,,1191,2602,3,326,https://api-scuda.uat.oci.krungsri.tech/ords/api/v1/customer/individual/searchprofile,71,0,57
1779799589558,39,SearchIndividual,200,OK,SearchIndividual 2-691,text,true,,1179,2602,2,325,https://api-scuda.uat.oci.krungsri.tech/ords/api/v1/customer/individual/searchprofile,39,0,26
1779799589578,32,SearchIndividual,200,OK,SearchIndividual 2-692,text,true,,1171,2602,1,326,https://api-scuda.uat.oci.krungsri.tech/ords/api/v1/customer/individual/searchprofile,30,0,14
1779799586322,3305,UpdateIndividual,429,Too Many Requests,UpdateIndividual 4-210,text,false,,606,5575,105,326,https://api-scuda.uat.oci.krungsri.tech/ic/api/v1/customer/individual/updateprofile,3305,0,17
1779799587709,1918,UpdateIndividual,200,OK,UpdateIndividual 4-230,text,true,,800,5572,105,326,https://api-scuda.uat.oci.krungsri.tech/ic/api/v1/customer/individual/updateprofile,1918,0,29
1779799582323,7303,UpdateIndividual,200,OK,UpdateIndividual 4-143,text,true,,800,4227,104,325,https://api-scuda.uat.oci.krungsri.tech/ic/api/v1/customer/individual/updateprofile,7303,0,20
1779799581754,7873,GetIndividual,200,OK,GetIndividual 1-202,text,true,,3862,3588,148,324,https://api-scuda.uat.oci.krungsri.tech/ic/api/v1/customer/individual/getprofile,7873,0,22
1779799587723,1906,GetIndividual,200,OK,GetIndividual 1-381,text,true,,3890,3588,148,323,https://api-scuda.uat.oci.krungsri.tech/ic/api/v1/customer/individual/getprofile,1906,0,21
1779799589617,29,SearchIndividual,200,OK,SearchIndividual 2-693,text,true,,1177,2602,1,326,https://api-scuda.uat.oci.krungsri.tech/ords/api/v1/customer/individual/searchprofile,29,0,15
1779799589669,25,SearchIndividual,200,OK,SearchIndividual 2-695,text,true,,1233,2602,4,331,https://api-scuda.uat.oci.krungsri.tech/ords/api/v1/customer/individual/searchprofile,24,0,13
1779799589654,42,SearchIndividual,200,OK,SearchIndividual 2-694,text,true,,1153,2602,3,330,https://api-scuda.uat.oci.krungsri.tech/ords/api/v1/customer/individual/searchprofile,42,0,21
1779799589673,31,SearchIndividual,200,OK,SearchIndividual 2-697,text,true,,1189,2602,2,329,https://api-scuda.uat.oci.krungsri.tech/ords/api/v1/customer/individual/searchprofile,31,0,19
1779799589669,36,SearchIndividual,200,OK,SearchIndividual 2-696,text,true,,1137,2602,1,328,https://api-scuda.uat.oci.krungsri.tech/ords/api/v1/customer/individual/searchprofile,35,0,20
1779799586483,3247,GetIndividual,429,Too Many Requests,GetIndividual 1-332,text,false,,600,3588,153,332,https://api-scuda.uat.oci.krungsri.tech/ic/api/v1/customer/individual/getprofile,3247,0,29
1779799586896,2838,GetIndividual,429,Too Many Requests,GetIndividual 1-353,text,false,,600,3588,152,332,https://api-scuda.uat.oci.krungsri.tech/ic/api/v1/customer/individual/getprofile,2838,0,62
1779799580073,9668,UpdateIndividual,200,OK,UpdateIndividual 4-109,text,true,,800,5622,107,332,https://api-scuda.uat.oci.krungsri.tech/ic/api/v1/customer/individual/updateprofile,9668,0,30
1779799585770,3973,GetJoint,429,Too Many Requests,GetJoint 9-21,text,false,,590,3530,5,332,https://api-scuda.uat.oci.krungsri.tech/ic/api/v1/customer/joint/getprofile,3973,0,19
1779799589707,60,SearchIndividual,200,OK,SearchIndividual 2-698,text,true,,1209,2602,3,333,https://api-scuda.uat.oci.krungsri.tech/ords/api/v1/customer/individual/searchprofile,60,0,38
1779799589728,47,SearchIndividual,200,OK,SearchIndividual 2-699,text,true,,1197,2602,3,334,https://api-scuda.uat.oci.krungsri.tech/ords/api/v1/customer/individual/searchprofile,47,0,15
1779799589752,45,SearchIndividual,200,OK,SearchIndividual 2-700,text,true,,1209,2602,4,338,https://api-scuda.uat.oci.krungsri.tech/ords/api/v1/customer/individual/searchprofile,45,0,30
1779799589775,47,SearchIndividual,200,OK,SearchIndividual 2-701,text,true,,1167,2602,5,340,https://api-scuda.uat.oci.krungsri.tech/ords/api/v1/customer/individual/searchprofile,47,0,22
1779799586788,3041,GetIndividual,200,OK,GetIndividual 1-348,text,true,,3850,3588,156,339,https://api-scuda.uat.oci.krungsri.tech/ic/api/v1/customer/individual/getprofile,3041,0,22
1779799586867,2962,GetIndividual,200,OK,GetIndividual 1-351,text,true,,3853,3588,156,339,https://api-scuda.uat.oci.krungsri.tech/ic/api/v1/customer/individual/getprofile,2962,0,22
1779799589798,33,SearchIndividual,200,OK,SearchIndividual 2-704,text,true,,1177,2602,4,337,https://api-scuda.uat.oci.krungsri.tech/ords/api/v1/customer/individual/searchprofile,32,0,20
1779799589782,50,SearchIndividual,200,OK,SearchIndividual 2-702,text,true,,1159,2602,3,336,https://api-scuda.uat.oci.krungsri.tech/ords/api/v1/customer/individual/searchprofile,50,0,33
1779799589787,49,SearchIndividual,200,OK,SearchIndividual 2-703,text,true,,1213,2602,3,338,https://api-scuda.uat.oci.krungsri.tech/ords/api/v1/customer/individual/searchprofile,49,0,24
1779799584862,4977,GetIndividual,200,OK,GetIndividual 1-283,text,true,,3843,3588,156,338,https://api-scuda.uat.oci.krungsri.tech/ic/api/v1/customer/individual/getprofile,4977,0,14
1779799586496,3344,GetIndividual,200,OK,GetIndividual 1-334,text,true,,3835,3587,156,338,https://api-scuda.uat.oci.krungsri.tech/ic/api/v1/customer/individual/getprofile,3344,0,81
1779799586286,3556,GetIndividual,200,OK,GetIndividual 1-327,text,true,,3839,3588,154,336,https://api-scuda.uat.oci.krungsri.tech/ic/api/v1/customer/individual/getprofile,3556,0,37
1779799589821,44,SearchIndividual,200,OK,SearchIndividual 2-705,text,true,,1171,2600,6,341,https://api-scuda.uat.oci.krungsri.tech/ords/api/v1/customer/individual/searchprofile,44,0,25
1779799589835,33,SearchIndividual,200,OK,SearchIndividual 2-706,text,true,,1157,2602,5,340,https://api-scuda.uat.oci.krungsri.tech/ords/api/v1/customer/individual/searchprofile,32,0,21
1779799589848,36,SearchIndividual,200,OK,SearchIndividual 2-708,text,true,,1213,2602,5,340,https://api-scuda.uat.oci.krungsri.tech/ords/api/v1/customer/individual/searchprofile,35,0,22
1779799589848,38,SearchIndividual,200,OK,SearchIndividual 2-707,text,true,,1163,2602,4,339,https://api-scuda.uat.oci.krungsri.tech/ords/api/v1/customer/individual/searchprofile,37,0,25
1779799586487,3401,GetIndividual,200,OK,GetIndividual 1-333,text,true,,3825,3588,154,338,https://api-scuda.uat.oci.krungsri.tech/ic/api/v1/customer/individual/getprofile,3401,0,39
1779799589851,47,SearchIndividual,200,OK,SearchIndividual 2-709,text,true,,1155,2602,3,338,https://api-scuda.uat.oci.krungsri.tech/ords/api/v1/customer/individual/searchprofile,47,0,30
1779799589856,48,SearchIndividual,200,OK,SearchIndividual 2-710,text,true,,1223,2602,3,339,https://api-scuda.uat.oci.krungsri.tech/ords/api/v1/customer/individual/searchprofile,47,0,30
1779799589871,46,SearchIndividual,200,OK,SearchIndividual 2-711,text,true,,1137,2602,2,339,https://api-scuda.uat.oci.krungsri.tech/ords/api/v1/customer/individual/searchprofile,45,0,28
1779799579310,10612,UpdateIndividual,200,OK,UpdateIndividual 4-97,text,true,,800,4228,111,339,https://api-scuda.uat.oci.krungsri.tech/ic/api/v1/customer/individual/updateprofile,10612,0,20
1779799587996,1940,GetIndividual,200,OK,GetIndividual 1-388,text,true,,3904,3587,154,340,https://api-scuda.uat.oci.krungsri.tech/ic/api/v1/customer/individual/getprofile,1940,0,21
1779799586688,3249,GetIndividual,200,OK,GetIndividual 1-340,text,true,,3878,3588,154,340,https://api-scuda.uat.oci.krungsri.tech/ic/api/v1/customer/individual/getprofile,3249,0,24
1779799580183,9752,GetIndividual,200,OK,GetIndividual 1-167,text,true,,3881,3588,154,340,https://api-scuda.uat.oci.krungsri.tech/ic/api/v1/customer/individual/getprofile,9752,0,23
1779799589905,32,SearchIndividual,200,OK,SearchIndividual 2-712,text,true,,1213,2602,2,340,https://api-scuda.uat.oci.krungsri.tech/ords/api/v1/customer/individual/searchprofile,32,0,21
1779799585320,4620,GetIndividual,429,Too Many Requests,GetIndividual 1-296,text,false,,600,3588,154,340,https://api-scuda.uat.oci.krungsri.tech/ic/api/v1/customer/individual/getprofile,4620,0,46
1779799589988,38,SearchIndividual,200,OK,SearchIndividual 2-713,text,true,,1139,2602,1,341,https://api-scuda.uat.oci.krungsri.tech/ords/api/v1/customer/individual/searchprofile,37,0,22
1779799587111,2917,GetIndividual,200,OK,GetIndividual 1-358,text,true,,3850,3588,155,340,https://api-scuda.uat.oci.krungsri.tech/ic/api/v1/customer/individual/getprofile,2917,0,19
1779799586902,3134,GetIndividual,200,OK,GetIndividual 1-354,text,true,,3823,3588,155,340,https://api-scuda.uat.oci.krungsri.tech/ic/api/v1/customer/individual/getprofile,3134,0,22
1779799587525,2514,GetIndividual,200,OK,GetIndividual 1-374,text,true,,3859,3588,155,340,https://api-scuda.uat.oci.krungsri.tech/ic/api/v1/customer/individual/getprofile,2514,0,21
1779799585711,4331,GetIndividual,200,OK,GetIndividual 1-310,text,true,,3841,3588,154,339,https://api-scuda.uat.oci.krungsri.tech/ic/api/v1/customer/individual/getprofile,4331,0,11
1779799574216,15827,CreateJuristic,201,Created,CreateJuristic 7-9,text,true,,1172,7802,10,338,https://api-scuda.uat.oci.krungsri.tech/ic/api/v1/customer/juristic/createprofile,15827,0,12
1779799586858,3186,UpdateJuristic,200,OK,UpdateJuristic 8-21,text,true,,800,4419,8,337,https://api-scuda.uat.oci.krungsri.tech/ic/api/v1/customer/juristic/updateprofile,3186,0,22
1779799587286,2803,GetIndividual,200,OK,GetIndividual 1-367,text,true,,3852,3588,154,341,https://api-scuda.uat.oci.krungsri.tech/ic/api/v1/customer/individual/getprofile,2803,0,21
1779799590067,33,SearchIndividual,200,OK,SearchIndividual 2-716,text,true,,1159,2602,5,341,https://api-scuda.uat.oci.krungsri.tech/ords/api/v1/customer/individual/searchprofile,32,0,19
1779799590052,53,SearchIndividual,200,OK,SearchIndividual 2-714,text,true,,1217,2602,4,343,https://api-scuda.uat.oci.krungsri.tech/ords/api/v1/customer/individual/searchprofile,53,0,35
1779799590073,39,SearchIndividual,200,OK,SearchIndividual 2-717,text,true,,1161,2602,3,343,https://api-scuda.uat.oci.krungsri.tech/ords/api/v1/customer/individual/searchprofile,39,0,22
1779799590062,55,SearchIndividual,200,OK,SearchIndividual 2-715,text,true,,1163,2602,2,343,https://api-scuda.uat.oci.krungsri.tech/ords/api/v1/customer/individual/searchprofile,54,0,25
1779799590096,37,SearchIndividual,200,OK,SearchIndividual 2-718,text,true,,1103,2602,1,342,https://api-scuda.uat.oci.krungsri.tech/ords/api/v1/customer/individual/searchprofile,37,0,21
1779799586330,3809,GetIndividual,200,OK,GetIndividual 1-329,text,true,,3846,3588,157,341,https://api-scuda.uat.oci.krungsri.tech/ic/api/v1/customer/individual/getprofile,3809,0,28
1779799587711,2430,GetIndividual,429,Too Many Requests,GetIndividual 1-380,text,false,,600,3588,156,340,https://api-scuda.uat.oci.krungsri.tech/ic/api/v1/customer/individual/getprofile,2430,0,28
1779799585983,4158,GetIndividual,429,Too Many Requests,GetIndividual 1-319,text,false,,600,3588,156,340,https://api-scuda.uat.oci.krungsri.tech/ic/api/v1/customer/individual/getprofile,4158,0,23
1779799577482,12660,UpdateIndividual,200,OK,UpdateIndividual 4-75,text,true,,800,5577,113,340,https://api-scuda.uat.oci.krungsri.tech/ic/api/v1/customer/individual/updateprofile,12660,0,31
1779799584174,5968,GetJoint,200,OK,GetJoint 9-19,text,true,,1430,3529,4,340,https://api-scuda.uat.oci.krungsri.tech/ic/api/v1/customer/joint/getprofile,5968,0,19
1779799578970,11172,UpdateIndividual,200,OK,UpdateIndividual 4-91,text,true,,800,4227,112,338,https://api-scuda.uat.oci.krungsri.tech/ic/api/v1/customer/individual/updateprofile,11172,0,35
1779799587374,2772,GetIndividual,200,OK,GetIndividual 1-370,text,true,,3907,3588,154,336,https://api-scuda.uat.oci.krungsri.tech/ic/api/v1/customer/individual/getprofile,2772,0,34
1779799585706,4446,GetIndividual,429,Too Many Requests,GetIndividual 1-309,text,false,,600,3588,153,335,https://api-scuda.uat.oci.krungsri.tech/ic/api/v1/customer/individual/getprofile,4446,0,15
1779799590183,32,SearchIndividual,200,OK,SearchIndividual 2-720,text,true,,1169,2600,3,338,https://api-scuda.uat.oci.krungsri.tech/ords/api/v1/customer/individual/searchprofile,31,0,20
1779799586791,3442,UpdateIndividual,200,OK,UpdateIndividual 4-218,text,true,,800,4227,113,338,https://api-scuda.uat.oci.krungsri.tech/ic/api/v1/customer/individual/updateprofile,3442,0,21
1779799578138,12102,UpdateIndividual,200,OK,UpdateIndividual 4-84,text,true,,800,5543,113,339,https://api-scuda.uat.oci.krungsri.tech/ic/api/v1/customer/individual/updateprofile,12102,0,17
1779799588131,2111,UpdateIndividual,200,OK,UpdateIndividual 4-235,text,true,,800,4227,112,338,https://api-scuda.uat.oci.krungsri.tech/ic/api/v1/customer/individual/updateprofile,2111,0,14
1779799586892,3353,UpdateIndividual,200,OK,UpdateIndividual 4-221,text,true,,800,5553,111,337,https://api-scuda.uat.oci.krungsri.tech/ic/api/v1/customer/individual/updateprofile,3353,0,14
1779799580682,9561,GetIndividual,200,OK,GetIndividual 1-177,text,true,,3868,3588,153,337,https://api-scuda.uat.oci.krungsri.tech/ic/api/v1/customer/individual/getprofile,9561,0,85
1779799575703,14542,GetIndividual,200,OK,GetIndividual 1-85,text,true,,3813,3588,153,337,https://api-scuda.uat.oci.krungsri.tech/ic/api/v1/customer/individual/getprofile,14542,0,17
1779799587736,2510,GetIndividual,200,OK,GetIndividual 1-382,text,true,,3775,3588,151,334,https://api-scuda.uat.oci.krungsri.tech/ic/api/v1/customer/individual/getprofile,2510,0,34
1779799586785,3463,GetIndividual,200,OK,GetIndividual 1-347,text,true,,3847,3588,150,333,https://api-scuda.uat.oci.krungsri.tech/ic/api/v1/customer/individual/getprofile,3463,0,23
1779799586496,3752,GetIndividual,200,OK,GetIndividual 1-335,text,true,,3894,3587,150,333,https://api-scuda.uat.oci.krungsri.tech/ic/api/v1/customer/individual/getprofile,3752,0,47
1779799586827,3424,UpdateIndividual,200,OK,UpdateIndividual 4-220,text,true,,799,4227,110,331,https://api-scuda.uat.oci.krungsri.tech/ic/api/v1/customer/individual/updateprofile,3424,0,22
1779799587537,2713,GetIndividual,200,OK,GetIndividual 1-375,text,true,,3838,3588,148,331,https://api-scuda.uat.oci.krungsri.tech/ic/api/v1/customer/individual/getprofile,2713,0,21
1779799586962,3289,GetIndividual,200,OK,GetIndividual 1-356,text,true,,3871,3587,148,330,https://api-scuda.uat.oci.krungsri.tech/ic/api/v1/customer/individual/getprofile,3289,0,20
1779799588734,1518,GetIndividual,200,OK,GetIndividual 1-415,text,true,,3801,3588,147,329,https://api-scuda.uat.oci.krungsri.tech/ic/api/v1/customer/individual/getprofile,1518,0,19
1779799590167,90,SearchIndividual,200,OK,SearchIndividual 2-719,text,true,,1187,2602,3,328,https://api-scuda.uat.oci.krungsri.tech/ords/api/v1/customer/individual/searchprofile,88,0,31
1779799585015,5252,UpdateIndividual,200,OK,UpdateIndividual 4-189,text,true,,800,4227,109,327,https://api-scuda.uat.oci.krungsri.tech/ic/api/v1/customer/individual/updateprofile,5252,0,17
1779799590209,66,SearchIndividual,200,OK,SearchIndividual 2-721,text,true,,1159,2602,2,326,https://api-scuda.uat.oci.krungsri.tech/ords/api/v1/customer/individual/searchprofile,66,0,44
1779799590225,80,SearchIndividual,200,OK,SearchIndividual 2-722,text,true,,1149,2602,1,325,https://api-scuda.uat.oci.krungsri.tech/ords/api/v1/customer/individual/searchprofile,79,0,31
1779799586426,3900,UpdateIndividual,200,OK,UpdateIndividual 4-211,text,true,,800,4227,110,332,https://api-scuda.uat.oci.krungsri.tech/ic/api/v1/customer/individual/updateprofile,3900,0,25
1779799587085,3241,GetJoint,200,OK,GetJoint 9-22,text,true,,1429,3530,3,332,https://api-scuda.uat.oci.krungsri.tech/ic/api/v1/customer/joint/getprofile,3241,0,20
1779799587436,2899,GetIndividual,200,OK,GetIndividual 1-372,text,true,,3899,3588,147,330,https://api-scuda.uat.oci.krungsri.tech/ic/api/v1/customer/individual/getprofile,2899,0,15
1779799585420,4924,GetIndividual,200,OK,GetIndividual 1-299,text,true,,3825,3588,146,332,https://api-scuda.uat.oci.krungsri.tech/ic/api/v1/customer/individual/getprofile,4924,0,19
1779799587994,2351,GetIndividual,429,Too Many Requests,GetIndividual 1-387,text,false,,600,3588,146,332,https://api-scuda.uat.oci.krungsri.tech/ic/api/v1/customer/individual/getprofile,2351,0,16
1779799587978,2368,GetIndividual,200,OK,GetIndividual 1-385,text,true,,3882,3588,145,331,https://api-scuda.uat.oci.krungsri.tech/ic/api/v1/customer/individual/getprofile,2368,0,18
1779799579656,10689,UpdateIndividual,200,OK,UpdateIndividual 4-101,text,true,,800,4229,109,330,https://api-scuda.uat.oci.krungsri.tech/ic/api/v1/customer/individual/updateprofile,10689,0,23
1779799580458,9887,UpdateJuristic,200,OK,UpdateJuristic 8-15,text,true,,800,5782,7,330,https://api-scuda.uat.oci.krungsri.tech/ic/api/v1/customer/juristic/updateprofile,9887,0,23
1779799587247,3101,GetIndividual,200,OK,GetIndividual 1-365,text,true,,3855,3588,143,327,https://api-scuda.uat.oci.krungsri.tech/ic/api/v1/customer/individual/getprofile,3101,0,29
1779799584562,5805,GetIndividual,200,OK,GetIndividual 1-275,text,true,,3862,3588,142,326,https://api-scuda.uat.oci.krungsri.tech/ic/api/v1/customer/individual/getprofile,5805,0,61
1779799584489,5882,UpdateJuristic,200,OK,UpdateJuristic 8-19,text,true,,799,4431,6,326,https://api-scuda.uat.oci.krungsri.tech/ic/api/v1/customer/juristic/updateprofile,5882,0,51
1779799590318,53,SearchIndividual,200,OK,SearchIndividual 2-723,text,true,,1199,2602,7,326,https://api-scuda.uat.oci.krungsri.tech/ords/api/v1/customer/individual/searchprofile,52,0,23
1779799590340,34,SearchIndividual,200,OK,SearchIndividual 2-727,text,true,,1183,2602,6,324,https://api-scuda.uat.oci.krungsri.tech/ords/api/v1/customer/individual/searchprofile,33,0,19
1779799588101,2278,UpdateIndividual,200,OK,UpdateIndividual 4-233,text,true,,800,4228,108,323,https://api-scuda.uat.oci.krungsri.tech/ic/api/v1/customer/individual/updateprofile,2278,0,21
1779799590343,37,SearchIndividual,200,OK,SearchIndividual 2-728,text,true,,1185,2602,5,322,https://api-scuda.uat.oci.krungsri.tech/ords/api/v1/customer/individual/searchprofile,36,0,18
1779799590319,73,SearchIndividual,200,OK,SearchIndividual 2-724,text,true,,1149,2602,4,322,https://api-scuda.uat.oci.krungsri.tech/ords/api/v1/customer/individual/searchprofile,73,0,29
1779799590339,60,SearchIndividual,200,OK,SearchIndividual 2-726,text,true,,1209,2602,3,321,https://api-scuda.uat.oci.krungsri.tech/ords/api/v1/customer/individual/searchprofile,59,0,37
1779799590321,93,SearchIndividual,200,OK,SearchIndividual 2-725,text,true,,1147,2602,2,320,https://api-scuda.uat.oci.krungsri.tech/ords/api/v1/customer/individual/searchprofile,93,0,40
1779799583341,7086,UpdateIndividual,200,OK,UpdateIndividual 4-157,text,true,,800,5573,108,322,https://api-scuda.uat.oci.krungsri.tech/ic/api/v1/customer/individual/updateprofile,7086,0,19
1779799587052,3378,UpdateIndividual,200,OK,UpdateIndividual 4-223,text,true,,800,5478,108,322,https://api-scuda.uat.oci.krungsri.tech/ic/api/v1/customer/individual/updateprofile,3378,0,50
1779799590368,62,SearchIndividual,200,OK,SearchIndividual 2-729,text,true,,1203,2602,3,322,https://api-scuda.uat.oci.krungsri.tech/ords/api/v1/customer/individual/searchprofile,62,0,22
1779799580873,9564,GetIndividual,200,OK,GetIndividual 1-183,text,true,,3875,3588,142,322,https://api-scuda.uat.oci.krungsri.tech/ic/api/v1/customer/individual/getprofile,9564,0,21
1779799583679,6764,GetIndividual,200,OK,GetIndividual 1-252,text,true,,3894,3588,141,317,https://api-scuda.uat.oci.krungsri.tech/ic/api/v1/customer/individual/getprofile,6764,0,20
1779799590425,83,SearchIndividual,200,OK,SearchIndividual 2-730,text,true,,1129,2602,2,318,https://api-scuda.uat.oci.krungsri.tech/ords/api/v1/customer/individual/searchprofile,83,0,23
1779799588534,1976,GetIndividual,200,OK,GetIndividual 1-404,text,true,,3844,3588,140,317,https://api-scuda.uat.oci.krungsri.tech/ic/api/v1/customer/individual/getprofile,1976,0,19
1779799588709,1822,GetIndividual,200,OK,GetIndividual 1-414,text,true,,3882,3588,143,321,https://api-scuda.uat.oci.krungsri.tech/ic/api/v1/customer/individual/getprofile,1822,0,64
1779799580859,9671,UpdateIndividual,200,OK,UpdateIndividual 4-118,text,true,,800,5520,107,322,https://api-scuda.uat.oci.krungsri.tech/ic/api/v1/customer/individual/updateprofile,9671,0,37
1779799583121,7409,UpdateIndividual,200,OK,UpdateIndividual 4-152,text,true,,800,4227,107,321,https://api-scuda.uat.oci.krungsri.tech/ic/api/v1/customer/individual/updateprofile,7409,0,30
1779799588637,1897,GetIndividual,200,OK,GetIndividual 1-411,text,true,,3839,3588,143,319,https://api-scuda.uat.oci.krungsri.tech/ic/api/v1/customer/individual/getprofile,1897,0,26
1779799590451,92,SearchIndividual,200,OK,SearchIndividual 2-731,text,true,,1205,2602,4,320,https://api-scuda.uat.oci.krungsri.tech/ords/api/v1/customer/individual/searchprofile,92,0,61
1779799576928,13622,GetIndividual,200,OK,GetIndividual 1-103,text,true,,3793,3588,142,320,https://api-scuda.uat.oci.krungsri.tech/ic/api/v1/customer/individual/getprofile,13622,0,17
1779799588536,2016,GetIndividual,200,OK,GetIndividual 1-405,text,true,,3831,3588,141,319,https://api-scuda.uat.oci.krungsri.tech/ic/api/v1/customer/individual/getprofile,2016,0,40
1779799581474,9079,UpdateIndividual,200,OK,UpdateIndividual 4-127,text,true,,800,4229,105,318,https://api-scuda.uat.oci.krungsri.tech/ic/api/v1/customer/individual/updateprofile,9079,0,25
1779799590536,30,SearchIndividual,200,OK,SearchIndividual 2-733,text,true,,1179,2602,4,320,https://api-scuda.uat.oci.krungsri.tech/ords/api/v1/customer/individual/searchprofile,29,0,14
1779799590513,57,SearchIndividual,200,OK,SearchIndividual 2-732,text,true,,1177,2602,3,319,https://api-scuda.uat.oci.krungsri.tech/ords/api/v1/customer/individual/searchprofile,57,0,22
1779799588116,2514,GetIndividual,200,OK,GetIndividual 1-391,text,true,,3897,3588,142,323,https://api-scuda.uat.oci.krungsri.tech/ic/api/v1/customer/individual/getprofile,2514,0,19
1779799578906,11749,UpdateIndividual,200,OK,UpdateIndividual 4-90,text,true,,800,4229,108,325,https://api-scuda.uat.oci.krungsri.tech/ic/api/v1/customer/individual/updateprofile,11749,0,28
1779799583424,7232,UpdateIndividual,200,OK,UpdateIndividual 4-160,text,true,,800,5617,107,325,https://api-scuda.uat.oci.krungsri.tech/ic/api/v1/customer/individual/updateprofile,7232,0,20
1779799590626,38,SearchIndividual,200,OK,SearchIndividual 2-738,text,true,,1155,2602,6,324,https://api-scuda.uat.oci.krungsri.tech/ords/api/v1/customer/individual/searchprofile,37,0,20
1779799590543,124,SearchIndividual,200,OK,SearchIndividual 2-734,text,true,,1123,2602,5,323,https://api-scuda.uat.oci.krungsri.tech/ords/api/v1/customer/individual/searchprofile,114,0,48
1779799590626,45,SearchIndividual,200,OK,SearchIndividual 2-737,text,true,,1195,2602,4,323,https://api-scuda.uat.oci.krungsri.tech/ords/api/v1/customer/individual/searchprofile,45,0,28
1779799590602,74,SearchIndividual,200,OK,SearchIndividual 2-736,text,true,,1169,2602,4,323,https://api-scuda.uat.oci.krungsri.tech/ords/api/v1/customer/individual/searchprofile,73,0,42
1779799590549,128,SearchIndividual,200,OK,SearchIndividual 2-735,text,true,,1163,2602,3,322,https://api-scuda.uat.oci.krungsri.tech/ords/api/v1/customer/individual/searchprofile,128,0,62
1779799590579,99,SearchJuristic,200,OK,SearchJuristic 6-28,text,true,,986,2600,1,321,https://api-scuda.uat.oci.krungsri.tech/ords/api/v1/customer/juristic/searchprofile,99,0,44
1779799590706,27,SearchIndividual,200,OK,SearchIndividual 2-742,text,true,,1161,2602,6,328,https://api-scuda.uat.oci.krungsri.tech/ords/api/v1/customer/individual/searchprofile,27,0,10
1779799584175,6560,GetIndividual,200,OK,GetIndividual 1-266,text,true,,3827,3587,144,327,https://api-scuda.uat.oci.krungsri.tech/ic/api/v1/customer/individual/getprofile,6560,0,20
1779799584741,5995,UpdateIndividual,200,OK,UpdateIndividual 4-186,text,true,,800,5672,108,327,https://api-scuda.uat.oci.krungsri.tech/ic/api/v1/customer/individual/updateprofile,5995,0,22
1779799589195,1543,GetIndividual,200,OK,GetIndividual 1-428,text,true,,3832,3588,143,325,https://api-scuda.uat.oci.krungsri.tech/ic/api/v1/customer/individual/getprofile,1543,0,40
1779799584390,6351,UpdateIndividual,200,OK,UpdateIndividual 4-179,text,true,,799,5611,107,324,https://api-scuda.uat.oci.krungsri.tech/ic/api/v1/customer/individual/updateprofile,6351,0,21
1779799586823,3931,UpdateIndividual,200,OK,UpdateIndividual 4-219,text,true,,800,5498,106,323,https://api-scuda.uat.oci.krungsri.tech/ic/api/v1/customer/individual/updateprofile,3931,0,29
1779799589521,1233,GetIndividual,200,OK,GetIndividual 1-439,text,true,,3889,3588,142,322,https://api-scuda.uat.oci.krungsri.tech/ic/api/v1/customer/individual/getprofile,1233,0,44
1779799590725,32,SearchIndividual,200,OK,SearchIndividual 2-744,text,true,,1165,2602,5,321,https://api-scuda.uat.oci.krungsri.tech/ords/api/v1/customer/individual/searchprofile,31,0,17
1779799590675,104,SearchIndividual,200,OK,SearchIndividual 2-740,text,true,,1189,2602,5,322,https://api-scuda.uat.oci.krungsri.tech/ords/api/v1/customer/individual/searchprofile,104,0,68
1779799586103,4684,UpdateIndividual,200,OK,UpdateIndividual 4-209,text,true,,800,5573,106,321,https://api-scuda.uat.oci.krungsri.tech/ic/api/v1/customer/individual/updateprofile,4684,0,22
1779799590655,162,SearchIndividual,200,OK,SearchIndividual 2-739,text,true,,1167,2602,4,322,https://api-scuda.uat.oci.krungsri.tech/ords/api/v1/customer/individual/searchprofile,161,0,102
1779799588257,2574,GetIndividual,200,OK,GetIndividual 1-395,text,true,,3943,3588,142,321,https://api-scuda.uat.oci.krungsri.tech/ic/api/v1/customer/individual/getprofile,2574,0,31
1779799586527,4316,GetIndividual,429,Too Many Requests,GetIndividual 1-336,text,false,,600,3588,141,320,https://api-scuda.uat.oci.krungsri.tech/ic/api/v1/customer/individual/getprofile,4316,0,31
1779799590703,151,SearchIndividual,200,OK,SearchIndividual 2-741,text,true,,1181,2602,3,319,https://api-scuda.uat.oci.krungsri.tech/ords/api/v1/customer/individual/searchprofile,150,0,92
1779799590720,136,SearchIndividual,200,OK,SearchIndividual 2-743,text,true,,1199,2602,2,318,https://api-scuda.uat.oci.krungsri.tech/ords/api/v1/customer/individual/searchprofile,135,0,79
1779799590779,98,SearchIndividual,200,OK,SearchIndividual 2-745,text,true,,1157,2602,2,319,https://api-scuda.uat.oci.krungsri.tech/ords/api/v1/customer/individual/searchprofile,98,0,44
1779799590799,116,SearchJuristic,200,OK,SearchJuristic 6-29,text,true,,980,2600,1,321,https://api-scuda.uat.oci.krungsri.tech/ords/api/v1/customer/juristic/searchprofile,116,0,79
1779799590892,25,SearchIndividual,200,OK,SearchIndividual 2-747,text,true,,1203,2602,3,321,https://api-scuda.uat.oci.krungsri.tech/ords/api/v1/customer/individual/searchprofile,25,0,15
1779799590869,61,SearchIndividual,200,OK,SearchIndividual 2-746,text,true,,1183,2602,4,322,https://api-scuda.uat.oci.krungsri.tech/ords/api/v1/customer/individual/searchprofile,60,0,42
1779799589843,1100,GetIndividual,200,OK,GetIndividual 1-457,text,true,,3866,3588,140,319,https://api-scuda.uat.oci.krungsri.tech/ic/api/v1/customer/individual/getprofile,1100,0,24
1779799589136,1809,GetIndividual,429,Too Many Requests,GetIndividual 1-427,text,false,,600,3588,140,319,https://api-scuda.uat.oci.krungsri.tech/ic/api/v1/customer/individual/getprofile,1809,0,18
1779799588659,2297,GetIndividual,200,OK,GetIndividual 1-412,text,true,,3891,3587,139,318,https://api-scuda.uat.oci.krungsri.tech/ic/api/v1/customer/individual/getprofile,2297,0,35
1779799590902,54,SearchIndividual,200,OK,SearchIndividual 2-748,text,true,,1149,2602,2,318,https://api-scuda.uat.oci.krungsri.tech/ords/api/v1/customer/individual/searchprofile,53,0,35
1779799590927,36,SearchIndividual,200,OK,SearchIndividual 2-749,text,true,,1163,2602,1,316,https://api-scuda.uat.oci.krungsri.tech/ords/api/v1/customer/individual/searchprofile,36,0,15
1779799590972,43,SearchIndividual,200,OK,SearchIndividual 2-750,text,true,,1149,2602,4,321,https://api-scuda.uat.oci.krungsri.tech/ords/api/v1/customer/individual/searchprofile,39,0,20
1779799586082,4945,CreateIndividual,429,Too Many Requests,CreateIndividual 3-22,text,false,,606,8129,19,324,https://api-scuda.uat.oci.krungsri.tech/ic/api/v1/customer/individual/createprofile,4945,0,23
1779799591003,46,SearchIndividual,200,OK,SearchIndividual 2-752,text,true,,1161,2602,8,327,https://api-scuda.uat.oci.krungsri.tech/ords/api/v1/customer/individual/searchprofile,46,0,26
1779799590997,54,SearchIndividual,200,OK,SearchIndividual 2-751,text,true,,1157,2602,7,326,https://api-scuda.uat.oci.krungsri.tech/ords/api/v1/customer/individual/searchprofile,54,0,38
1779799591016,39,SearchIndividual,200,OK,SearchIndividual 2-753,text,true,,1199,2602,7,326,https://api-scuda.uat.oci.krungsri.tech/ords/api/v1/customer/individual/searchprofile,39,0,21
1779799591016,45,SearchIndividual,200,OK,SearchIndividual 2-754,text,true,,1231,2602,6,325,https://api-scuda.uat.oci.krungsri.tech/ords/api/v1/customer/individual/searchprofile,44,0,20
1779799591023,39,SearchJoint,200,OK,SearchJoint 10-25,text,true,,621,2627,1,324,https://api-scuda.uat.oci.krungsri.tech/ords/api/v1/customer/joint/searchprofile,39,0,23
1779799591031,34,SearchIndividual,200,OK,SearchIndividual 2-755,text,true,,1137,2602,5,323,https://api-scuda.uat.oci.krungsri.tech/ords/api/v1/customer/individual/searchprofile,34,0,22
1779799591045,33,SearchIndividual,200,OK,SearchIndividual 2-756,text,true,,1217,2602,4,322,https://api-scuda.uat.oci.krungsri.tech/ords/api/v1/customer/individual/searchprofile,33,0,19
1779799591046,35,SearchIndividual,200,OK,SearchIndividual 2-757,text,true,,1187,2602,3,322,https://api-scuda.uat.oci.krungsri.tech/ords/api/v1/customer/individual/searchprofile,35,0,16
1779799591052,33,SearchIndividual,200,OK,SearchIndividual 2-759,text,true,,1183,2602,2,322,https://api-scuda.uat.oci.krungsri.tech/ords/api/v1/customer/individual/searchprofile,33,0,21
1779799591047,46,SearchIndividual,200,OK,SearchIndividual 2-758,text,true,,1187,2602,2,322,https://api-scuda.uat.oci.krungsri.tech/ords/api/v1/customer/individual/searchprofile,45,0,25
1779799588286,2844,GetIndividual,429,Too Many Requests,GetIndividual 1-396,text,false,,600,3588,142,323,https://api-scuda.uat.oci.krungsri.tech/ic/api/v1/customer/individual/getprofile,2844,0,23
1779799588168,2969,GetIndividual,200,OK,GetIndividual 1-394,text,true,,3897,3588,141,322,https://api-scuda.uat.oci.krungsri.tech/ic/api/v1/customer/individual/getprofile,2969,0,15
1779799588774,2386,UpdateIndividual,429,Too Many Requests,UpdateIndividual 4-244,text,false,,606,5621,108,323,https://api-scuda.uat.oci.krungsri.tech/ic/api/v1/customer/individual/updateprofile,2386,0,20
1779799591090,84,SearchIndividual,200,OK,SearchIndividual 2-760,text,true,,1199,2602,4,323,https://api-scuda.uat.oci.krungsri.tech/ords/api/v1/customer/individual/searchprofile,83,0,61
1779799591152,38,SearchIndividual,200,OK,SearchIndividual 2-762,text,true,,1183,2602,3,324,https://api-scuda.uat.oci.krungsri.tech/ords/api/v1/customer/individual/searchprofile,38,0,24
1779799591142,54,SearchIndividual,200,OK,SearchIndividual 2-761,text,true,,1181,2602,3,324,https://api-scuda.uat.oci.krungsri.tech/ords/api/v1/customer/individual/searchprofile,54,0,34
1779799591173,33,SearchIndividual,200,OK,SearchIndividual 2-763,text,true,,1167,2602,2,324,https://api-scuda.uat.oci.krungsri.tech/ords/api/v1/customer/individual/searchprofile,33,0,20
1779799584258,6975,GetIndividual,200,OK,GetIndividual 1-269,text,true,,3877,3587,141,328,https://api-scuda.uat.oci.krungsri.tech/ic/api/v1/customer/individual/getprofile,6975,0,31
1779799591194,39,SearchIndividual,200,OK,SearchIndividual 2-764,text,true,,1107,2602,3,327,https://api-scuda.uat.oci.krungsri.tech/ords/api/v1/customer/individual/searchprofile,39,0,24
1779799586096,5141,GetIndividual,429,Too Many Requests,GetIndividual 1-322,text,false,,600,3588,140,326,https://api-scuda.uat.oci.krungsri.tech/ic/api/v1/customer/individual/getprofile,5141,0,21
1779799588841,2396,UpdateIndividual,200,OK,UpdateIndividual 4-246,text,true,,800,5614,111,326,https://api-scuda.uat.oci.krungsri.tech/ic/api/v1/customer/individual/updateprofile,2396,0,17
1779799587680,3558,UpdateIndividual,200,OK,UpdateIndividual 4-229,text,true,,800,4226,110,324,https://api-scuda.uat.oci.krungsri.tech/ic/api/v1/customer/individual/updateprofile,3558,0,51
1779799591207,37,SearchIndividual,200,OK,SearchIndividual 2-765,text,true,,1161,2602,3,324,https://api-scuda.uat.oci.krungsri.tech/ords/api/v1/customer/individual/searchprofile,36,0,23
1779799588740,2511,GetIndividual,200,OK,GetIndividual 1-416,text,true,,3895,3588,140,326,https://api-scuda.uat.oci.krungsri.tech/ic/api/v1/customer/individual/getprofile,2511,0,17
1779799591228,35,SearchJoint,200,OK,SearchJoint 10-26,text,true,,621,2627,1,326,https://api-scuda.uat.oci.krungsri.tech/ords/api/v1/customer/joint/searchprofile,34,0,20
1779799591249,33,SearchIndividual,200,OK,SearchIndividual 2-768,text,true,,1191,2602,5,327,https://api-scuda.uat.oci.krungsri.tech/ords/api/v1/customer/individual/searchprofile,33,0,21
1779799591228,71,SearchIndividual,200,OK,SearchIndividual 2-766,text,true,,1177,2602,4,326,https://api-scuda.uat.oci.krungsri.tech/ords/api/v1/customer/individual/searchprofile,71,0,53
1779799591240,62,SearchIndividual,200,OK,SearchIndividual 2-767,text,true,,1147,2602,3,326,https://api-scuda.uat.oci.krungsri.tech/ords/api/v1/customer/individual/searchprofile,62,0,45
1779799591249,62,SearchIndividual,200,OK,SearchIndividual 2-769,text,true,,1147,2602,3,327,https://api-scuda.uat.oci.krungsri.tech/ords/api/v1/customer/individual/searchprofile,61,0,46
1779799591282,35,SearchIndividual,200,OK,SearchIndividual 2-770,text,true,,1209,2602,3,327,https://api-scuda.uat.oci.krungsri.tech/ords/api/v1/customer/individual/searchprofile,35,0,18
1779799589836,1487,GetIndividual,200,OK,GetIndividual 1-455,text,true,,3883,3588,141,326,https://api-scuda.uat.oci.krungsri.tech/ic/api/v1/customer/individual/getprofile,1487,0,16
1779799589494,1837,GetIndividual,200,OK,GetIndividual 1-436,text,true,,3801,3588,141,327,https://api-scuda.uat.oci.krungsri.tech/ic/api/v1/customer/individual/getprofile,1837,0,18
1779799590563,770,GetIndividual,200,OK,GetIndividual 1-481,text,true,,3856,3588,140,326,https://api-scuda.uat.oci.krungsri.tech/ic/api/v1/customer/individual/getprofile,770,0,69
1779799590030,1305,GetIndividual,200,OK,GetIndividual 1-464,text,true,,3793,3588,139,325,https://api-scuda.uat.oci.krungsri.tech/ic/api/v1/customer/individual/getprofile,1305,0,35
1779799591306,30,SearchIndividual,200,OK,SearchIndividual 2-771,text,true,,1205,2602,2,325,https://api-scuda.uat.oci.krungsri.tech/ords/api/v1/customer/individual/searchprofile,29,0,14
1779799582544,8791,GetIndividual,200,OK,GetIndividual 1-222,text,true,,3854,3588,138,324,https://api-scuda.uat.oci.krungsri.tech/ic/api/v1/customer/individual/getprofile,8791,0,25
1779799583849,7486,GetIndividual,200,OK,GetIndividual 1-257,text,true,,3858,3588,138,324,https://api-scuda.uat.oci.krungsri.tech/ic/api/v1/customer/individual/getprofile,7486,0,53
1779799589521,1818,UpdateIndividual,200,OK,UpdateIndividual 4-261,text,true,,799,5519,111,321,https://api-scuda.uat.oci.krungsri.tech/ic/api/v1/customer/individual/updateprofile,1818,0,49
1779799589786,1558,GetIndividual,200,OK,GetIndividual 1-453,text,true,,3943,3588,136,321,https://api-scuda.uat.oci.krungsri.tech/ic/api/v1/customer/individual/getprofile,1558,0,24
1779799591317,53,SearchIndividual,200,OK,SearchIndividual 2-772,text,true,,1163,2602,3,326,https://api-scuda.uat.oci.krungsri.tech/ords/api/v1/customer/individual/searchprofile,52,0,39
1779799591345,29,SearchIndividual,200,OK,SearchIndividual 2-773,text,true,,1275,2602,3,326,https://api-scuda.uat.oci.krungsri.tech/ords/api/v1/customer/individual/searchprofile,29,0,14
1779799588673,2715,UpdateIndividual,200,OK,UpdateIndividual 4-240,text,true,,799,4230,111,326,https://api-scuda.uat.oci.krungsri.tech/ic/api/v1/customer/individual/updateprofile,2715,0,30
1779799591371,26,SearchIndividual,200,OK,SearchIndividual 2-775,text,true,,1179,2602,4,327,https://api-scuda.uat.oci.krungsri.tech/ords/api/v1/customer/individual/searchprofile,26,0,14
1779799591360,40,SearchIndividual,200,OK,SearchIndividual 2-774,text,true,,1141,2602,3,327,https://api-scuda.uat.oci.krungsri.tech/ords/api/v1/customer/individual/searchprofile,39,0,21
1779799591385,25,SearchIndividual,200,OK,SearchIndividual 2-776,text,true,,1205,2602,2,326,https://api-scuda.uat.oci.krungsri.tech/ords/api/v1/customer/individual/searchprofile,24,0,12
1779799588778,2646,GetIndividual,200,OK,GetIndividual 1-420,text,true,,3797,3588,138,326,https://api-scuda.uat.oci.krungsri.tech/ic/api/v1/customer/individual/getprofile,2646,0,36
1779799589448,1975,GetIndividual,429,Too Many Requests,GetIndividual 1-434,text,false,,600,3588,138,326,https://api-scuda.uat.oci.krungsri.tech/ic/api/v1/customer/individual/getprofile,1975,0,22
1779799588364,3062,UpdateJoint,429,Too Many Requests,UpdateJoint 12-24,text,false,,596,4554,11,327,https://api-scuda.uat.oci.krungsri.tech/ic/api/v1/customer/joint/updateprofile,3062,0,16
1779799591393,37,SearchIndividual,200,OK,SearchIndividual 2-777,text,true,,1223,2602,1,327,https://api-scuda.uat.oci.krungsri.tech/ords/api/v1/customer/individual/searchprofile,37,0,21
1779799588303,3129,GetIndividual,200,OK,GetIndividual 1-397,text,true,,3805,3587,139,327,https://api-scuda.uat.oci.krungsri.tech/ic/api/v1/customer/individual/getprofile,3129,0,12
1779799591463,30,SearchIndividual,200,OK,SearchIndividual 2-778,text,true,,1197,2602,2,328,https://api-scuda.uat.oci.krungsri.tech/ords/api/v1/customer/individual/searchprofile,30,0,18
1779799591483,31,SearchIndividual,200,OK,SearchIndividual 2-779,text,true,,1198,2601,1,328,https://api-scuda.uat.oci.krungsri.tech/ords/api/v1/customer/individual/searchprofile,31,0,20
1779799585140,6400,GetIndividual,200,OK,GetIndividual 1-292,text,true,,3836,3588,140,331,https://api-scuda.uat.oci.krungsri.tech/ic/api/v1/customer/individual/getprofile,6400,0,9
1779799591524,39,SearchIndividual,200,OK,SearchIndividual 2-781,text,true,,1177,2602,5,333,https://api-scuda.uat.oci.krungsri.tech/ords/api/v1/customer/individual/searchprofile,39,0,13
1779799591520,54,SearchIndividual,200,OK,SearchIndividual 2-780,text,true,,1179,2602,4,333,https://api-scuda.uat.oci.krungsri.tech/ords/api/v1/customer/individual/searchprofile,54,0,18
1779799591599,30,SearchIndividual,200,OK,SearchIndividual 2-786,text,true,,1162,2601,6,336,https://api-scuda.uat.oci.krungsri.tech/ords/api/v1/customer/individual/searchprofile,30,0,17
1779799591551,79,SearchIndividual,200,OK,SearchIndividual 2-782,text,true,,1233,2602,6,336,https://api-scuda.uat.oci.krungsri.tech/ords/api/v1/customer/individual/searchprofile,79,0,36
1779799591556,75,SearchIndividual,200,OK,SearchIndividual 2-783,text,true,,1121,2602,4,334,https://api-scuda.uat.oci.krungsri.tech/ords/api/v1/customer/individual/searchprofile,73,0,33
1779799586474,5160,GetIndividual,200,OK,GetIndividual 1-331,text,true,,3851,3588,139,333,https://api-scuda.uat.oci.krungsri.tech/ic/api/v1/customer/individual/getprofile,5160,0,24
1779799589497,2136,GetJuristic,200,OK,GetJuristic 5-23,text,true,,3453,3533,8,333,https://api-scuda.uat.oci.krungsri.tech/ic/api/v1/customer/juristic/getprofile,2136,0,22
1779799591605,30,SearchIndividual,200,OK,SearchIndividual 2-787,text,true,,1123,2602,4,332,https://api-scuda.uat.oci.krungsri.tech/ords/api/v1/customer/individual/searchprofile,30,0,19
1779799580994,10647,UpdateIndividual,200,OK,UpdateIndividual 4-122,text,true,,800,5634,117,334,https://api-scuda.uat.oci.krungsri.tech/ic/api/v1/customer/individual/updateprofile,10647,0,21
1779799583610,8031,UpdateIndividual,200,OK,UpdateIndividual 4-163,text,true,,799,4228,116,333,https://api-scuda.uat.oci.krungsri.tech/ic/api/v1/customer/individual/updateprofile,8031,0,19
1779799591556,87,SearchIndividual,200,OK,SearchIndividual 2-784,text,true,,1197,2602,4,332,https://api-scuda.uat.oci.krungsri.tech/ords/api/v1/customer/individual/searchprofile,87,0,34
1779799591590,63,SearchIndividual,200,OK,SearchIndividual 2-785,text,true,,1127,2602,3,335,https://api-scuda.uat.oci.krungsri.tech/ords/api/v1/customer/individual/searchprofile,63,0,41
1779799591637,33,SearchIndividual,200,OK,SearchIndividual 2-789,text,true,,1163,2600,3,337,https://api-scuda.uat.oci.krungsri.tech/ords/api/v1/customer/individual/searchprofile,33,0,20
1779799591636,55,SearchIndividual,200,OK,SearchIndividual 2-788,text,true,,1169,2602,3,339,https://api-scuda.uat.oci.krungsri.tech/ords/api/v1/customer/individual/searchprofile,55,0,20
1779799591664,32,SearchIndividual,200,OK,SearchIndividual 2-790,text,true,,1183,2602,2,338,https://api-scuda.uat.oci.krungsri.tech/ords/api/v1/customer/individual/searchprofile,32,0,18
1779799591700,31,SearchIndividual,200,OK,SearchIndividual 2-792,text,true,,1157,2602,4,343,https://api-scuda.uat.oci.krungsri.tech/ords/api/v1/customer/individual/searchprofile,31,0,20
1779799588791,2944,GetIndividual,429,Too Many Requests,GetIndividual 1-421,text,false,,600,3588,146,342,https://api-scuda.uat.oci.krungsri.tech/ic/api/v1/customer/individual/getprofile,2944,0,10
1779799572262,19473,CreateJuristic,201,Created,CreateJuristic 7-1,text,true,,1172,8001,12,342,https://api-scuda.uat.oci.krungsri.tech/ic/api/v1/customer/juristic/createprofile,19473,0,0
1779799591686,50,SearchIndividual,200,OK,SearchIndividual 2-791,text,true,,1199,2602,3,340,https://api-scuda.uat.oci.krungsri.tech/ords/api/v1/customer/individual/searchprofile,50,0,14
1779799588040,3698,CreateJuristic,429,Too Many Requests,CreateJuristic 7-22,text,false,,602,7990,11,339,https://api-scuda.uat.oci.krungsri.tech/ic/api/v1/customer/juristic/createprofile,3698,0,32
1779799591702,35,SearchIndividual,200,OK,SearchIndividual 2-793,text,true,,621,2602,2,339,https://api-scuda.uat.oci.krungsri.tech/ords/api/v1/customer/individual/searchprofile,35,0,25
1779799583910,7828,GetIndividual,200,OK,GetIndividual 1-258,text,true,,3849,3588,145,337,https://api-scuda.uat.oci.krungsri.tech/ic/api/v1/customer/individual/getprofile,7828,0,15
1779799585922,5820,CreateIndividual,201,Created,CreateIndividual 3-21,text,true,,1172,8348,21,337,https://api-scuda.uat.oci.krungsri.tech/ic/api/v1/customer/individual/createprofile,5820,0,19
1779799590515,1227,GetIndividual,200,OK,GetIndividual 1-478,text,true,,3864,3588,145,336,https://api-scuda.uat.oci.krungsri.tech/ic/api/v1/customer/individual/getprofile,1227,0,52
1779799588445,3299,UpdateIndividual,200,OK,UpdateIndividual 4-238,text,true,,799,5650,119,336,https://api-scuda.uat.oci.krungsri.tech/ic/api/v1/customer/individual/updateprofile,3299,0,13
1779799577605,14140,UpdateIndividual,200,OK,UpdateIndividual 4-77,text,true,,799,5601,118,335,https://api-scuda.uat.oci.krungsri.tech/ic/api/v1/customer/individual/updateprofile,14140,0,26
1779799588927,2818,GetIndividual,200,OK,GetIndividual 1-424,text,true,,3822,3588,144,335,https://api-scuda.uat.oci.krungsri.tech/ic/api/v1/customer/individual/getprofile,2818,0,23
1779799590008,1736,GetIndividual,200,OK,GetIndividual 1-462,text,true,,3797,3588,144,334,https://api-scuda.uat.oci.krungsri.tech/ic/api/v1/customer/individual/getprofile,1736,0,15
1779799587454,4297,GetIndividual,200,OK,GetIndividual 1-373,text,true,,3853,3588,142,332,https://api-scuda.uat.oci.krungsri.tech/ic/api/v1/customer/individual/getprofile,4297,0,25
1779799588746,3010,GetIndividual,200,OK,GetIndividual 1-417,text,true,,3859,3588,141,331,https://api-scuda.uat.oci.krungsri.tech/ic/api/v1/customer/individual/getprofile,3010,0,56
1779799591745,31,SearchIndividual,200,OK,SearchIndividual 2-795,text,true,,1187,2602,3,332,https://api-scuda.uat.oci.krungsri.tech/ords/api/v1/customer/individual/searchprofile,31,0,18
1779799591731,57,SearchIndividual,200,OK,SearchIndividual 2-794,text,true,,1131,2602,2,331,https://api-scuda.uat.oci.krungsri.tech/ords/api/v1/customer/individual/searchprofile,57,0,22
1779799591759,40,SearchIndividual,200,OK,SearchIndividual 2-796,text,true,,1177,2602,1,331,https://api-scuda.uat.oci.krungsri.tech/ords/api/v1/customer/individual/searchprofile,39,0,27
1779799590103,1722,GetIndividual,200,OK,GetIndividual 1-467,text,true,,3867,3588,142,332,https://api-scuda.uat.oci.krungsri.tech/ic/api/v1/customer/individual/getprofile,1722,0,26
1779799591808,28,SearchJoint,200,OK,SearchJoint 10-27,text,true,,621,2627,1,332,https://api-scuda.uat.oci.krungsri.tech/ords/api/v1/customer/joint/searchprofile,28,0,18
1779799586657,5180,UpdateIndividual,200,OK,UpdateIndividual 4-214,text,true,,800,4227,117,332,https://api-scuda.uat.oci.krungsri.tech/ic/api/v1/customer/individual/updateprofile,5180,0,25
1779799576700,15138,UpdateJoint,200,OK,UpdateJoint 12-12,text,true,,800,3614,10,331,https://api-scuda.uat.oci.krungsri.tech/ic/api/v1/customer/joint/updateprofile,15138,0,22
1779799589327,2510,UpdateIndividual,200,OK,UpdateIndividual 4-257,text,true,,800,5591,116,331,https://api-scuda.uat.oci.krungsri.tech/ic/api/v1/customer/individual/updateprofile,2510,0,16
1779799589250,2588,UpdateIndividual,200,OK,UpdateIndividual 4-255,text,true,,800,4227,115,328,https://api-scuda.uat.oci.krungsri.tech/ic/api/v1/customer/individual/updateprofile,2588,0,40
1779799589353,2486,UpdateIndividual,200,OK,UpdateIndividual 4-259,text,true,,799,4228,115,328,https://api-scuda.uat.oci.krungsri.tech/ic/api/v1/customer/individual/updateprofile,2486,0,27
1779799588949,2892,GetJuristic,200,OK,GetJuristic 5-22,text,true,,3533,3532,7,326,https://api-scuda.uat.oci.krungsri.tech/ic/api/v1/customer/juristic/getprofile,2892,0,21
1779799591827,28,SearchIndividual,200,OK,SearchIndividual 2-797,text,true,,1177,2602,2,326,https://api-scuda.uat.oci.krungsri.tech/ords/api/v1/customer/individual/searchprofile,28,0,12
1779799591858,30,SearchIndividual,200,OK,SearchIndividual 2-799,text,true,,1195,2602,4,330,https://api-scuda.uat.oci.krungsri.tech/ords/api/v1/customer/individual/searchprofile,30,0,19
1779799591861,31,SearchIndividual,200,OK,SearchIndividual 2-800,text,true,,1215,2602,3,329,https://api-scuda.uat.oci.krungsri.tech/ords/api/v1/customer/individual/searchprofile,31,0,19
1779799591855,43,SearchIndividual,200,OK,SearchIndividual 2-798,text,true,,1175,2602,2,328,https://api-scuda.uat.oci.krungsri.tech/ords/api/v1/customer/individual/searchprofile,43,0,18
1779799591880,30,SearchIndividual,200,OK,SearchIndividual 2-801,text,true,,1157,2602,3,329,https://api-scuda.uat.oci.krungsri.tech/ords/api/v1/customer/individual/searchprofile,30,0,19
1779799589266,2670,GetIndividual,200,OK,GetIndividual 1-432,text,true,,3844,3587,143,330,https://api-scuda.uat.oci.krungsri.tech/ic/api/v1/customer/individual/getprofile,2670,0,42
1779799589520,2416,GetIndividual,200,OK,GetIndividual 1-438,text,true,,3839,3588,144,331,https://api-scuda.uat.oci.krungsri.tech/ic/api/v1/customer/individual/getprofile,2416,0,44
1779799587596,4342,UpdateIndividual,200,OK,UpdateIndividual 4-228,text,true,,800,5583,114,331,https://api-scuda.uat.oci.krungsri.tech/ic/api/v1/customer/individual/updateprofile,4342,0,29
1779799591909,35,SearchIndividual,200,OK,SearchIndividual 2-803,text,true,,1210,2601,5,333,https://api-scuda.uat.oci.krungsri.tech/ords/api/v1/customer/individual/searchprofile,35,0,21
1779799591903,45,SearchIndividual,200,OK,SearchIndividual 2-802,text,true,,1162,2601,4,330,https://api-scuda.uat.oci.krungsri.tech/ords/api/v1/customer/individual/searchprofile,45,0,20
1779799591912,41,SearchIndividual,200,OK,SearchIndividual 2-804,text,true,,1197,2602,5,332,https://api-scuda.uat.oci.krungsri.tech/ords/api/v1/customer/individual/searchprofile,41,0,21
1779799591950,34,SearchIndividual,200,OK,SearchIndividual 2-807,text,true,,1205,2602,5,335,https://api-scuda.uat.oci.krungsri.tech/ords/api/v1/customer/individual/searchprofile,34,0,15
1779799591938,47,SearchIndividual,200,OK,SearchIndividual 2-805,text,true,,1165,2600,4,334,https://api-scuda.uat.oci.krungsri.tech/ords/api/v1/customer/individual/searchprofile,46,0,30
1779799591950,38,SearchIndividual,200,OK,SearchIndividual 2-808,text,true,,1145,2602,3,333,https://api-scuda.uat.oci.krungsri.tech/ords/api/v1/customer/individual/searchprofile,38,0,16
1779799591972,22,SearchIndividual,200,OK,SearchIndividual 2-809,text,true,,1205,2602,3,333,https://api-scuda.uat.oci.krungsri.tech/ords/api/v1/customer/individual/searchprofile,22,0,10
1779799591942,57,SearchIndividual,200,OK,SearchIndividual 2-806,text,true,,1193,2602,2,332,https://api-scuda.uat.oci.krungsri.tech/ords/api/v1/customer/individual/searchprofile,57,0,21
1779799591993,27,SearchIndividual,200,OK,SearchIndividual 2-810,text,true,,1135,2602,1,332,https://api-scuda.uat.oci.krungsri.tech/ords/api/v1/customer/individual/searchprofile,27,0,16
1779799589644,2393,UpdateIndividual,200,OK,UpdateIndividual 4-263,text,true,,800,5571,116,333,https://api-scuda.uat.oci.krungsri.tech/ic/api/v1/customer/individual/updateprofile,2393,0,22
1779799582241,9795,UpdateIndividual,200,OK,UpdateIndividual 4-141,text,true,,799,5581,116,333,https://api-scuda.uat.oci.krungsri.tech/ic/api/v1/customer/individual/updateprofile,9795,0,14
1779799589249,2789,GetIndividual,200,OK,GetIndividual 1-431,text,true,,3826,3588,145,331,https://api-scuda.uat.oci.krungsri.tech/ic/api/v1/customer/individual/getprofile,2789,0,34
1779799586860,5179,GetIndividual,200,OK,GetIndividual 1-350,text,true,,3778,3588,145,331,https://api-scuda.uat.oci.krungsri.tech/ic/api/v1/customer/individual/getprofile,5179,0,16
1779799591505,535,GetIndividual,200,OK,GetIndividual 1-502,text,true,,3873,3588,143,330,https://api-scuda.uat.oci.krungsri.tech/ic/api/v1/customer/individual/getprofile,535,0,23
1779799588560,3482,GetIndividual,200,OK,GetIndividual 1-406,text,true,,3859,3588,142,329,https://api-scuda.uat.oci.krungsri.tech/ic/api/v1/customer/individual/getprofile,3482,0,17
1779799589092,2949,UpdateIndividual,429,Too Many Requests,UpdateIndividual 4-254,text,false,,606,4229,114,329,https://api-scuda.uat.oci.krungsri.tech/ic/api/v1/customer/individual/updateprofile,2949,0,13
1779799589939,2103,UpdateJuristic,200,OK,UpdateJuristic 8-23,text,true,,800,4430,6,328,https://api-scuda.uat.oci.krungsri.tech/ic/api/v1/customer/juristic/updateprofile,2103,0,23
1779799582741,9300,GetIndividual,200,OK,GetIndividual 1-227,text,true,,3797,3588,141,328,https://api-scuda.uat.oci.krungsri.tech/ic/api/v1/customer/individual/getprofile,9300,0,25
1779799592034,60,SearchIndividual,200,OK,SearchIndividual 2-811,text,true,,1219,2602,4,331,https://api-scuda.uat.oci.krungsri.tech/ords/api/v1/customer/individual/searchprofile,60,0,26
1779799592040,58,SearchIndividual,200,OK,SearchIndividual 2-812,text,true,,1181,2602,3,330,https://api-scuda.uat.oci.krungsri.tech/ords/api/v1/customer/individual/searchprofile,58,0,30
1779799592079,40,SearchIndividual,200,OK,SearchIndividual 2-814,text,true,,1221,2602,3,330,https://api-scuda.uat.oci.krungsri.tech/ords/api/v1/customer/individual/searchprofile,40,0,16
1779799587989,4139,GetIndividual,200,OK,GetIndividual 1-386,text,true,,3808,3587,143,329,https://api-scuda.uat.oci.krungsri.tech/ic/api/v1/customer/individual/getprofile,4139,0,12
1779799588119,4010,GetIndividual,200,OK,GetIndividual 1-392,text,true,,3868,3588,143,329,https://api-scuda.uat.oci.krungsri.tech/ic/api/v1/customer/individual/getprofile,4010,0,12
1779799583341,8788,UpdateIndividual,200,OK,UpdateIndividual 4-158,text,true,,799,5580,114,327,https://api-scuda.uat.oci.krungsri.tech/ic/api/v1/customer/individual/updateprofile,8788,0,22
1779799590651,1481,GetIndividual,200,OK,GetIndividual 1-482,text,true,,3824,3588,141,326,https://api-scuda.uat.oci.krungsri.tech/ic/api/v1/customer/individual/getprofile,1481,0,108
1779799589897,2235,GetIndividual,200,OK,GetIndividual 1-458,text,true,,3846,3587,141,326,https://api-scuda.uat.oci.krungsri.tech/ic/api/v1/customer/individual/getprofile,2235,0,18
1779799584759,7378,UpdateIndividual,200,OK,UpdateIndividual 4-187,text,true,,800,4228,115,327,https://api-scuda.uat.oci.krungsri.tech/ic/api/v1/customer/individual/updateprofile,7378,0,13
1779799591646,492,GetIndividual,200,OK,GetIndividual 1-506,text,true,,3874,3588,139,327,https://api-scuda.uat.oci.krungsri.tech/ic/api/v1/customer/individual/getprofile,492,0,26
1779799588875,3265,GetIndividual,200,OK,GetIndividual 1-423,text,true,,3889,3588,138,326,https://api-scuda.uat.oci.krungsri.tech/ic/api/v1/customer/individual/getprofile,3265,0,51
1779799592108,44,SearchIndividual,200,OK,SearchIndividual 2-815,text,true,,1183,2602,4,326,https://api-scuda.uat.oci.krungsri.tech/ords/api/v1/customer/individual/searchprofile,44,0,29
1779799592065,97,SearchIndividual,200,OK,SearchIndividual 2-813,text,true,,1185,2602,4,328,https://api-scuda.uat.oci.krungsri.tech/ords/api/v1/customer/individual/searchprofile,97,0,61
1779799592138,50,SearchIndividual,200,OK,SearchIndividual 2-817,text,true,,1235,2602,4,329,https://api-scuda.uat.oci.krungsri.tech/ords/api/v1/customer/individual/searchprofile,50,0,33
1779799592163,28,SearchIndividual,200,OK,SearchIndividual 2-818,text,true,,1165,2602,3,329,https://api-scuda.uat.oci.krungsri.tech/ords/api/v1/customer/individual/searchprofile,28,0,15
1779799592175,33,SearchIndividual,200,OK,SearchIndividual 2-819,text,true,,1149,2602,4,332,https://api-scuda.uat.oci.krungsri.tech/ords/api/v1/customer/individual/searchprofile,33,0,21
1779799592136,77,SearchIndividual,200,OK,SearchIndividual 2-816,text,true,,1229,2602,3,331,https://api-scuda.uat.oci.krungsri.tech/ords/api/v1/customer/individual/searchprofile,76,0,33
1779799589078,3146,GetIndividual,429,Too Many Requests,GetIndividual 1-425,text,false,,600,3588,141,332,https://api-scuda.uat.oci.krungsri.tech/ic/api/v1/customer/individual/getprofile,3146,0,12
1779799592192,33,SearchIndividual,200,OK,SearchIndividual 2-820,text,true,,1201,2602,4,332,https://api-scuda.uat.oci.krungsri.tech/ords/api/v1/customer/individual/searchprofile,33,0,15
1779799592193,34,SearchIndividual,200,OK,SearchIndividual 2-821,text,true,,1235,2602,3,330,https://api-scuda.uat.oci.krungsri.tech/ords/api/v1/customer/individual/searchprofile,34,0,20
1779799587178,5051,GetIndividual,429,Too Many Requests,GetIndividual 1-361,text,false,,600,3588,140,329,https://api-scuda.uat.oci.krungsri.tech/ic/api/v1/customer/individual/getprofile,5051,0,16
1779799590555,1679,GetIndividual,200,OK,GetIndividual 1-480,text,true,,3807,3588,140,329,https://api-scuda.uat.oci.krungsri.tech/ic/api/v1/customer/individual/getprofile,1679,0,82
1779799592223,35,SearchIndividual,200,OK,SearchIndividual 2-823,text,true,,1203,2602,5,331,https://api-scuda.uat.oci.krungsri.tech/ords/api/v1/customer/individual/searchprofile,35,0,24
1779799592215,44,SearchIndividual,200,OK,SearchIndividual 2-822,text,true,,1159,2602,4,330,https://api-scuda.uat.oci.krungsri.tech/ords/api/v1/customer/individual/searchprofile,44,0,21
1779799592248,27,SearchIndividual,200,OK,SearchIndividual 2-825,text,true,,1175,2602,5,333,https://api-scuda.uat.oci.krungsri.tech/ords/api/v1/customer/individual/searchprofile,26,0,14
1779799592255,25,SearchIndividual,200,OK,SearchIndividual 2-826,text,true,,1177,2602,4,332,https://api-scuda.uat.oci.krungsri.tech/ords/api/v1/customer/individual/searchprofile,25,0,14
1779799592269,34,SearchIndividual,200,OK,SearchIndividual 2-828,text,true,,1095,2602,4,337,https://api-scuda.uat.oci.krungsri.tech/ords/api/v1/customer/individual/searchprofile,34,0,20
1779799592236,67,SearchIndividual,200,OK,SearchIndividual 2-824,text,true,,1179,2602,4,337,https://api-scuda.uat.oci.krungsri.tech/ords/api/v1/customer/individual/searchprofile,67,0,54
1779799592281,31,SearchIndividual,200,OK,SearchIndividual 2-829,text,true,,1185,2602,2,335,https://api-scuda.uat.oci.krungsri.tech/ords/api/v1/customer/individual/searchprofile,31,0,19
1779799592264,51,SearchIndividual,200,OK,SearchIndividual 2-827,text,true,,1158,2601,1,334,https://api-scuda.uat.oci.krungsri.tech/ords/api/v1/customer/individual/searchprofile,51,0,9
1779799588978,3346,UpdateIndividual,200,OK,UpdateIndividual 4-251,text,true,,800,4229,122,334,https://api-scuda.uat.oci.krungsri.tech/ic/api/v1/customer/individual/updateprofile,3346,0,21
1779799586668,5672,UpdateIndividual,200,OK,UpdateIndividual 4-216,text,true,,800,4229,122,335,https://api-scuda.uat.oci.krungsri.tech/ic/api/v1/customer/individual/updateprofile,5672,0,18
1779799591884,459,GetIndividual,200,OK,GetIndividual 1-516,text,true,,3789,3588,143,334,https://api-scuda.uat.oci.krungsri.tech/ic/api/v1/customer/individual/getprofile,459,0,19
1779799572323,20021,CreateIndividual,201,Created,CreateIndividual 3-1,text,true,,1172,8621,20,334,https://api-scuda.uat.oci.krungsri.tech/ic/api/v1/customer/individual/createprofile,20021,0,0
1779799588438,3909,GetIndividual,429,Too Many Requests,GetIndividual 1-400,text,false,,600,3587,143,333,https://api-scuda.uat.oci.krungsri.tech/ic/api/v1/customer/individual/getprofile,3909,0,13
1779799588229,4119,UpdateIndividual,200,OK,UpdateIndividual 4-236,text,true,,800,5684,121,333,https://api-scuda.uat.oci.krungsri.tech/ic/api/v1/customer/individual/updateprofile,4119,0,15
1779799592378,42,SearchIndividual,200,OK,SearchIndividual 2-830,text,true,,1193,2602,5,337,https://api-scuda.uat.oci.krungsri.tech/ords/api/v1/customer/individual/searchprofile,41,0,28
1779799592388,37,SearchIndividual,200,OK,SearchIndividual 2-831,text,true,,1173,2602,6,338,https://api-scuda.uat.oci.krungsri.tech/ords/api/v1/customer/individual/searchprofile,37,0,24
1779799588031,4396,GetIndividual,200,OK,GetIndividual 1-389,text,true,,3825,3588,143,338,https://api-scuda.uat.oci.krungsri.tech/ic/api/v1/customer/individual/getprofile,4396,0,22
1779799588603,3824,GetIndividual,200,OK,GetIndividual 1-409,text,true,,3817,3588,143,338,https://api-scuda.uat.oci.krungsri.tech/ic/api/v1/customer/individual/getprofile,3824,0,28
1779799589472,2958,GetIndividual,200,OK,GetIndividual 1-435,text,true,,3809,3588,143,338,https://api-scuda.uat.oci.krungsri.tech/ic/api/v1/customer/individual/getprofile,2958,0,22
1779799589979,2453,UpdateIndividual,200,OK,UpdateIndividual 4-272,text,true,,800,4227,120,339,https://api-scuda.uat.oci.krungsri.tech/ic/api/v1/customer/individual/updateprofile,2453,0,19
1779799592397,35,SearchIndividual,200,OK,SearchIndividual 2-832,text,true,,1117,2602,7,340,https://api-scuda.uat.oci.krungsri.tech/ords/api/v1/customer/individual/searchprofile,34,0,23
1779799592405,34,SearchIndividual,200,OK,SearchIndividual 2-833,text,true,,1147,2602,7,340,https://api-scuda.uat.oci.krungsri.tech/ords/api/v1/customer/individual/searchprofile,34,0,19
1779799592421,29,SearchIndividual,200,OK,SearchIndividual 2-835,text,true,,1181,2602,4,334,https://api-scuda.uat.oci.krungsri.tech/ords/api/v1/customer/individual/searchprofile,29,0,15
1779799592440,24,SearchIndividual,200,OK,SearchIndividual 2-837,text,true,,1155,2602,4,334,https://api-scuda.uat.oci.krungsri.tech/ords/api/v1/customer/individual/searchprofile,23,0,12
1779799592432,32,SearchIndividual,200,OK,SearchIndividual 2-836,text,true,,1160,2601,4,334,https://api-scuda.uat.oci.krungsri.tech/ords/api/v1/customer/individual/searchprofile,32,0,21
1779799592415,53,SearchIndividual,200,OK,SearchIndividual 2-834,text,true,,1195,2602,3,333,https://api-scuda.uat.oci.krungsri.tech/ords/api/v1/customer/individual/searchprofile,53,0,21
1779799592458,48,SearchIndividual,200,OK,SearchIndividual 2-838,text,true,,1165,2602,2,333,https://api-scuda.uat.oci.krungsri.tech/ords/api/v1/customer/individual/searchprofile,44,0,29
1779799574195,18333,UpdateIndividual,200,OK,UpdateIndividual 4-45,text,true,,800,4228,121,335,https://api-scuda.uat.oci.krungsri.tech/ic/api/v1/customer/individual/updateprofile,18333,0,16
1779799592466,67,SearchIndividual,200,OK,SearchIndividual 2-839,text,true,,1189,2602,4,335,https://api-scuda.uat.oci.krungsri.tech/ords/api/v1/customer/individual/searchprofile,56,0,30
1779799583415,9120,GetIndividual,200,OK,GetIndividual 1-246,text,true,,3852,3587,140,334,https://api-scuda.uat.oci.krungsri.tech/ic/api/v1/customer/individual/getprofile,9120,0,20
1779799582845,9692,UpdateIndividual,200,OK,UpdateIndividual 4-149,text,true,,800,4227,121,333,https://api-scuda.uat.oci.krungsri.tech/ic/api/v1/customer/individual/updateprofile,9692,0,22
1779799591867,671,GetIndividual,200,OK,GetIndividual 1-515,text,true,,3855,3588,139,333,https://api-scuda.uat.oci.krungsri.tech/ic/api/v1/customer/individual/getprofile,671,0,16
1779799588110,4430,UpdateIndividual,200,OK,UpdateIndividual 4-234,text,true,,800,4227,120,331,https://api-scuda.uat.oci.krungsri.tech/ic/api/v1/customer/individual/updateprofile,4430,0,15
1779799592510,43,SearchIndividual,200,OK,SearchIndividual 2-840,text,true,,1193,2602,3,330,https://api-scuda.uat.oci.krungsri.tech/ords/api/v1/customer/individual/searchprofile,43,0,20
1779799592523,39,SearchIndividual,200,OK,SearchIndividual 2-842,text,true,,1213,2602,2,329,https://api-scuda.uat.oci.krungsri.tech/ords/api/v1/customer/individual/searchprofile,39,0,25
1779799592515,72,SearchIndividual,200,OK,SearchIndividual 2-841,text,true,,1183,2602,1,328,https://api-scuda.uat.oci.krungsri.tech/ords/api/v1/customer/individual/searchprofile,72,0,44
1779799591702,927,UpdateIndividual,200,OK,UpdateIndividual 4-309,text,true,,800,4227,119,330,https://api-scuda.uat.oci.krungsri.tech/ic/api/v1/customer/individual/updateprofile,927,0,29
1779799586552,6079,CreateIndividual,201,Created,CreateIndividual 3-23,text,true,,1172,8081,19,329,https://api-scuda.uat.oci.krungsri.tech/ic/api/v1/customer/individual/createprofile,6079,0,22
1779799591375,1256,UpdateIndividual,200,OK,UpdateIndividual 4-298,text,true,,800,5534,118,329,https://api-scuda.uat.oci.krungsri.tech/ic/api/v1/customer/individual/updateprofile,1256,0,13
1779799591085,1546,GetIndividual,200,OK,GetIndividual 1-489,text,true,,3864,3588,138,328,https://api-scuda.uat.oci.krungsri.tech/ic/api/v1/customer/individual/getprofile,1546,0,22
1779799590790,1845,GetIndividual,200,OK,GetIndividual 1-485,text,true,,3853,3588,137,327,https://api-scuda.uat.oci.krungsri.tech/ic/api/v1/customer/individual/getprofile,1845,0,19
1779799589837,2799,GetIndividual,200,OK,GetIndividual 1-456,text,true,,3853,3588,137,327,https://api-scuda.uat.oci.krungsri.tech/ic/api/v1/customer/individual/getprofile,2799,0,15
1779799579955,12680,CreateIndividual,201,Created,CreateIndividual 3-15,text,true,,1172,8529,18,325,https://api-scuda.uat.oci.krungsri.tech/ic/api/v1/customer/individual/createprofile,12680,0,23
1779799591347,1290,GetIndividual,200,OK,GetIndividual 1-496,text,true,,3863,3588,135,325,https://api-scuda.uat.oci.krungsri.tech/ic/api/v1/customer/individual/getprofile,1290,0,21
1779799591805,833,GetIndividual,200,OK,GetIndividual 1-514,text,true,,3908,3588,134,323,https://api-scuda.uat.oci.krungsri.tech/ic/api/v1/customer/individual/getprofile,833,0,22
1779799582281,10356,GetIndividual,200,OK,GetIndividual 1-216,text,true,,3838,3587,134,323,https://api-scuda.uat.oci.krungsri.tech/ic/api/v1/customer/individual/getprofile,10356,0,18
1779799592630,32,SearchIndividual,200,OK,SearchIndividual 2-844,text,true,,1119,2602,4,323,https://api-scuda.uat.oci.krungsri.tech/ords/api/v1/customer/individual/searchprofile,32,0,20
1779799592610,56,SearchIndividual,200,OK,SearchIndividual 2-843,text,true,,1179,2602,3,322,https://api-scuda.uat.oci.krungsri.tech/ords/api/v1/customer/individual/searchprofile,55,0,34
1779799592635,39,SearchIndividual,200,OK,SearchIndividual 2-845,text,true,,1173,2602,3,322,https://api-scuda.uat.oci.krungsri.tech/ords/api/v1/customer/individual/searchprofile,39,0,25
1779799592647,34,SearchIndividual,200,OK,SearchIndividual 2-846,text,true,,1176,2601,3,324,https://api-scuda.uat.oci.krungsri.tech/ords/api/v1/customer/individual/searchprofile,34,0,23
1779799592669,30,SearchIndividual,200,OK,SearchIndividual 2-847,text,true,,1213,2602,3,327,https://api-scuda.uat.oci.krungsri.tech/ords/api/v1/customer/individual/searchprofile,30,0,19
1779799592678,32,SearchIndividual,200,OK,SearchIndividual 2-848,text,true,,1221,2602,2,326,https://api-scuda.uat.oci.krungsri.tech/ords/api/v1/customer/individual/searchprofile,32,0,21
1779799592680,38,SearchJoint,200,OK,SearchJoint 10-28,text,true,,621,2627,1,328,https://api-scuda.uat.oci.krungsri.tech/ords/api/v1/customer/joint/searchprofile,37,0,20
1779799587268,5461,GetIndividual,200,OK,GetIndividual 1-366,text,true,,3855,3588,134,328,https://api-scuda.uat.oci.krungsri.tech/ic/api/v1/customer/individual/getprofile,5461,0,52
1779799592153,578,GetIndividual,200,OK,GetIndividual 1-525,text,true,,3782,3588,133,327,https://api-scuda.uat.oci.krungsri.tech/ic/api/v1/customer/individual/getprofile,578,0,14
1779799590513,2222,GetIndividual,200,OK,GetIndividual 1-477,text,true,,3817,3588,132,326,https://api-scuda.uat.oci.krungsri.tech/ic/api/v1/customer/individual/getprofile,2222,0,52
1779799584530,8206,GetJuristic,200,OK,GetJuristic 5-20,text,true,,3529,3533,7,327,https://api-scuda.uat.oci.krungsri.tech/ic/api/v1/customer/juristic/getprofile,8206,0,44
1779799588749,3990,GetIndividual,429,Too Many Requests,GetIndividual 1-418,text,false,,600,3588,131,326,https://api-scuda.uat.oci.krungsri.tech/ic/api/v1/customer/individual/getprofile,3990,0,42
1779799591258,1481,UpdateIndividual,200,OK,UpdateIndividual 4-296,text,true,,800,4227,121,325,https://api-scuda.uat.oci.krungsri.tech/ic/api/v1/customer/individual/updateprofile,1481,0,14
1779799590512,2227,GetIndividual,200,OK,GetIndividual 1-475,text,true,,3891,3588,130,324,https://api-scuda.uat.oci.krungsri.tech/ic/api/v1/customer/individual/getprofile,2227,0,38
1779799592693,50,SearchIndividual,200,OK,SearchIndividual 2-849,text,true,,1132,2601,1,324,https://api-scuda.uat.oci.krungsri.tech/ords/api/v1/customer/individual/searchprofile,49,0,27
1779799592754,32,SearchIndividual,200,OK,SearchIndividual 2-850,text,true,,1213,2602,3,329,https://api-scuda.uat.oci.krungsri.tech/ords/api/v1/customer/individual/searchprofile,32,0,17
1779799592759,30,SearchIndividual,200,OK,SearchIndividual 2-851,text,true,,1123,2602,2,329,https://api-scuda.uat.oci.krungsri.tech/ords/api/v1/customer/individual/searchprofile,30,0,18
1779799592773,34,SearchIndividual,200,OK,SearchIndividual 2-852,text,true,,1249,2602,2,329,https://api-scuda.uat.oci.krungsri.tech/ords/api/v1/customer/individual/searchprofile,34,0,22
1779799592741,72,SearchJuristic,200,OK,SearchJuristic 6-30,text,true,,993,2600,1,328,https://api-scuda.uat.oci.krungsri.tech/ords/api/v1/customer/juristic/searchprofile,71,0,58
1779799591648,1179,UpdateIndividual,200,OK,UpdateIndividual 4-305,text,true,,800,5624,122,327,https://api-scuda.uat.oci.krungsri.tech/ic/api/v1/customer/individual/updateprofile,1179,0,21
1779799592797,70,SearchIndividual,200,OK,SearchIndividual 2-853,text,true,,1177,2602,3,332,https://api-scuda.uat.oci.krungsri.tech/ords/api/v1/customer/individual/searchprofile,70,0,41
1779799592863,32,SearchIndividual,200,OK,SearchIndividual 2-854,text,true,,1177,2602,4,334,https://api-scuda.uat.oci.krungsri.tech/ords/api/v1/customer/individual/searchprofile,31,0,19
1779799592863,33,SearchIndividual,200,OK,SearchIndividual 2-855,text,true,,1215,2602,3,333,https://api-scuda.uat.oci.krungsri.tech/ords/api/v1/customer/individual/searchprofile,33,0,19
1779799592872,42,SearchIndividual,200,OK,SearchIndividual 2-856,text,true,,1178,2601,2,332,https://api-scuda.uat.oci.krungsri.tech/ords/api/v1/customer/individual/searchprofile,42,0,20
1779799591357,1579,GetIndividual,200,OK,GetIndividual 1-497,text,true,,3853,3588,133,332,https://api-scuda.uat.oci.krungsri.tech/ic/api/v1/customer/individual/getprofile,1579,0,21
1779799592894,43,SearchIndividual,200,OK,SearchIndividual 2-857,text,true,,1121,2602,2,332,https://api-scuda.uat.oci.krungsri.tech/ords/api/v1/customer/individual/searchprofile,43,0,28
1779799592143,794,GetIndividual,200,OK,GetIndividual 1-524,text,true,,3849,3588,133,332,https://api-scuda.uat.oci.krungsri.tech/ic/api/v1/customer/individual/getprofile,794,0,25
1779799591951,987,UpdateIndividual,200,OK,UpdateIndividual 4-311,text,true,,800,5585,124,332,https://api-scuda.uat.oci.krungsri.tech/ic/api/v1/customer/individual/updateprofile,987,0,41
1779799590233,2705,GetIndividual,200,OK,GetIndividual 1-471,text,true,,3825,3588,133,332,https://api-scuda.uat.oci.krungsri.tech/ic/api/v1/customer/individual/getprofile,2705,0,38
1779799591204,1737,UpdateIndividual,200,OK,UpdateIndividual 4-294,text,true,,800,4231,124,333,https://api-scuda.uat.oci.krungsri.tech/ic/api/v1/customer/individual/updateprofile,1737,0,29
1779799572323,20621,CreateIndividual,201,Created,CreateIndividual 3-5,text,true,,1172,8582,17,328,https://api-scuda.uat.oci.krungsri.tech/ic/api/v1/customer/individual/createprofile,20621,0,15
1779799592932,40,SearchIndividual,200,OK,SearchIndividual 2-858,text,true,,1195,2602,2,328,https://api-scuda.uat.oci.krungsri.tech/ords/api/v1/customer/individual/searchprofile,40,0,21
1779799592956,33,SearchIndividual,200,OK,SearchIndividual 2-859,text,true,,1185,2602,2,328,https://api-scuda.uat.oci.krungsri.tech/ords/api/v1/customer/individual/searchprofile,32,0,20
1779799592986,32,SearchIndividual,200,OK,SearchIndividual 2-860,text,true,,1155,2602,2,330,https://api-scuda.uat.oci.krungsri.tech/ords/api/v1/customer/individual/searchprofile,32,0,19
1779799592138,893,UpdateIndividual,200,OK,UpdateIndividual 4-315,text,true,,800,5598,122,329,https://api-scuda.uat.oci.krungsri.tech/ic/api/v1/customer/individual/updateprofile,893,0,17
1779799590460,2571,UpdateIndividual,200,OK,UpdateIndividual 4-281,text,true,,800,4226,122,329,https://api-scuda.uat.oci.krungsri.tech/ic/api/v1/customer/individual/updateprofile,2571,0,65
1779799592990,42,SearchIndividual,200,OK,SearchIndividual 2-861,text,true,,1189,2602,1,327,https://api-scuda.uat.oci.krungsri.tech/ords/api/v1/customer/individual/searchprofile,42,0,24
1779799586601,6433,UpdateIndividual,200,OK,UpdateIndividual 4-213,text,true,,800,4229,120,327,https://api-scuda.uat.oci.krungsri.tech/ic/api/v1/customer/individual/updateprofile,6433,0,23
1779799590735,2301,UpdateIndividual,200,OK,UpdateIndividual 4-287,text,true,,800,4228,119,325,https://api-scuda.uat.oci.krungsri.tech/ic/api/v1/customer/individual/updateprofile,2301,0,105
1779799589048,3990,UpdateIndividual,200,OK,UpdateIndividual 4-253,text,true,,800,4227,118,324,https://api-scuda.uat.oci.krungsri.tech/ic/api/v1/customer/individual/updateprofile,3990,0,21
1779799593065,29,SearchIndividual,200,OK,SearchIndividual 2-862,text,true,,1145,2602,2,329,https://api-scuda.uat.oci.krungsri.tech/ords/api/v1/customer/individual/searchprofile,29,0,14
1779799584342,8786,UpdateIndividual,200,OK,UpdateIndividual 4-176,text,true,,800,5657,117,334,https://api-scuda.uat.oci.krungsri.tech/ic/api/v1/customer/individual/updateprofile,8786,0,19
1779799593092,35,SearchIndividual,200,OK,SearchIndividual 2-863,text,true,,1213,2602,3,334,https://api-scuda.uat.oci.krungsri.tech/ords/api/v1/customer/individual/searchprofile,35,0,19
1779799592231,898,GetIndividual,200,OK,GetIndividual 1-528,text,true,,3868,3588,138,332,https://api-scuda.uat.oci.krungsri.tech/ic/api/v1/customer/individual/getprofile,898,0,47
1779799591086,2046,CreateIndividual,201,Created,CreateIndividual 3-29,text,true,,1172,8195,16,331,https://api-scuda.uat.oci.krungsri.tech/ic/api/v1/customer/individual/createprofile,2046,0,21
1779799584222,8917,GetJuristic,200,OK,GetJuristic 5-19,text,true,,3479,3533,7,330,https://api-scuda.uat.oci.krungsri.tech/ic/api/v1/customer/juristic/getprofile,8917,0,20
1779799581426,11716,UpdateJoint,200,OK,UpdateJoint 12-16,text,true,,800,4544,10,329,https://api-scuda.uat.oci.krungsri.tech/ic/api/v1/customer/joint/updateprofile,11716,0,24
1779799584385,8760,UpdateIndividual,200,OK,UpdateIndividual 4-178,text,true,,800,5490,116,328,https://api-scuda.uat.oci.krungsri.tech/ic/api/v1/customer/individual/updateprofile,8760,0,23
1779799593117,35,SearchIndividual,200,OK,SearchIndividual 2-865,text,true,,1149,2602,3,328,https://api-scuda.uat.oci.krungsri.tech/ords/api/v1/customer/individual/searchprofile,35,0,22
1779799593113,46,SearchIndividual,200,OK,SearchIndividual 2-864,text,true,,1181,2602,3,328,https://api-scuda.uat.oci.krungsri.tech/ords/api/v1/customer/individual/searchprofile,46,0,22
1779799593147,34,SearchIndividual,200,OK,SearchIndividual 2-866,text,true,,1199,2602,3,329,https://api-scuda.uat.oci.krungsri.tech/ords/api/v1/customer/individual/searchprofile,34,0,15
1779799593154,31,SearchIndividual,200,OK,SearchIndividual 2-867,text,true,,1171,2602,2,329,https://api-scuda.uat.oci.krungsri.tech/ords/api/v1/customer/individual/searchprofile,31,0,19
1779799593169,21,SearchIndividual,200,OK,SearchIndividual 2-868,text,true,,1153,2602,1,328,https://api-scuda.uat.oci.krungsri.tech/ords/api/v1/customer/individual/searchprofile,21,0,10
1779799593195,32,SearchIndividual,200,OK,SearchIndividual 2-869,text,true,,1160,2601,2,333,https://api-scuda.uat.oci.krungsri.tech/ords/api/v1/customer/individual/searchprofile,32,0,20
1779799589710,3519,GetIndividual,200,OK,GetIndividual 1-448,text,true,,3823,3588,140,332,https://api-scuda.uat.oci.krungsri.tech/ic/api/v1/customer/individual/getprofile,3519,0,18
1779799588857,4389,GetIndividual,429,Too Many Requests,GetIndividual 1-422,text,false,,600,3588,142,335,https://api-scuda.uat.oci.krungsri.tech/ic/api/v1/customer/individual/getprofile,4389,0,21
1779799593216,31,SearchJuristic,200,OK,SearchJuristic 6-31,text,true,,987,2600,1,334,https://api-scuda.uat.oci.krungsri.tech/ords/api/v1/customer/juristic/searchprofile,31,0,20
1779799593206,69,SearchIndividual,200,OK,SearchIndividual 2-870,text,true,,1139,2602,2,334,https://api-scuda.uat.oci.krungsri.tech/ords/api/v1/customer/individual/searchprofile,69,0,30
1779799593270,43,SearchIndividual,200,OK,SearchIndividual 2-871,text,true,,1157,2602,2,336,https://api-scuda.uat.oci.krungsri.tech/ords/api/v1/customer/individual/searchprofile,43,0,20
1779799593303,34,SearchIndividual,200,OK,SearchIndividual 2-872,text,true,,1165,2602,5,339,https://api-scuda.uat.oci.krungsri.tech/ords/api/v1/customer/individual/searchprofile,34,0,18
1779799592273,1065,UpdateIndividual,200,OK,UpdateIndividual 4-320,text,true,,800,5526,119,338,https://api-scuda.uat.oci.krungsri.tech/ic/api/v1/customer/individual/updateprofile,1065,0,21
1779799593328,32,SearchIndividual,200,OK,SearchIndividual 2-873,text,true,,1161,2602,5,339,https://api-scuda.uat.oci.krungsri.tech/ords/api/v1/customer/individual/searchprofile,32,0,21
1779799593331,32,SearchIndividual,200,OK,SearchIndividual 2-876,text,true,,1189,2602,4,338,https://api-scuda.uat.oci.krungsri.tech/ords/api/v1/customer/individual/searchprofile,32,0,21
1779799593331,37,SearchIndividual,200,OK,SearchIndividual 2-874,text,true,,1161,2602,3,337,https://api-scuda.uat.oci.krungsri.tech/ords/api/v1/customer/individual/searchprofile,37,0,26
1779799593331,42,SearchIndividual,200,OK,SearchIndividual 2-875,text,true,,1203,2602,2,336,https://api-scuda.uat.oci.krungsri.tech/ords/api/v1/customer/individual/searchprofile,42,0,19
1779799593357,29,SearchIndividual,200,OK,SearchIndividual 2-877,text,true,,1186,2601,1,335,https://api-scuda.uat.oci.krungsri.tech/ords/api/v1/customer/individual/searchprofile,29,0,17
1779799591975,1450,GetIndividual,200,OK,GetIndividual 1-519,text,true,,3845,3588,142,334,https://api-scuda.uat.oci.krungsri.tech/ic/api/v1/customer/individual/getprofile,1450,0,18
1779799592719,734,GetIndividual,200,OK,GetIndividual 1-536,text,true,,3813,3588,142,337,https://api-scuda.uat.oci.krungsri.tech/ic/api/v1/customer/individual/getprofile,734,0,21
1779799593434,27,SearchIndividual,200,OK,SearchIndividual 2-878,text,true,,1177,2602,2,336,https://api-scuda.uat.oci.krungsri.tech/ords/api/v1/customer/individual/searchprofile,27,0,15
1779799593445,31,SearchIndividual,200,OK,SearchIndividual 2-879,text,true,,1211,2602,1,335,https://api-scuda.uat.oci.krungsri.tech/ords/api/v1/customer/individual/searchprofile,31,0,11
1779799593483,78,SearchIndividual,200,OK,SearchIndividual 2-880,text,true,,1193,2602,3,342,https://api-scuda.uat.oci.krungsri.tech/ords/api/v1/customer/individual/searchprofile,77,0,53
1779799593531,43,SearchIndividual,200,OK,SearchIndividual 2-881,text,true,,1185,2602,2,342,https://api-scuda.uat.oci.krungsri.tech/ords/api/v1/customer/individual/searchprofile,43,0,18
1779799593535,39,SearchIndividual,200,OK,SearchIndividual 2-882,text,true,,1208,2601,2,342,https://api-scuda.uat.oci.krungsri.tech/ords/api/v1/customer/individual/searchprofile,39,0,26
1779799592686,944,GetIndividual,200,OK,GetIndividual 1-535,text,true,,3869,3588,149,345,https://api-scuda.uat.oci.krungsri.tech/ic/api/v1/customer/individual/getprofile,944,0,20
1779799589553,4084,GetIndividual,429,Too Many Requests,GetIndividual 1-440,text,false,,600,3588,148,348,https://api-scuda.uat.oci.krungsri.tech/ic/api/v1/customer/individual/getprofile,4084,0,11
1779799593595,64,SearchIndividual,200,OK,SearchIndividual 2-883,text,true,,1205,2602,8,352,https://api-scuda.uat.oci.krungsri.tech/ords/api/v1/customer/individual/searchprofile,64,0,48
1779799593632,38,SearchIndividual,200,OK,SearchIndividual 2-885,text,true,,1189,2602,8,352,https://api-scuda.uat.oci.krungsri.tech/ords/api/v1/customer/individual/searchprofile,37,0,20
1779799593644,33,SearchIndividual,200,OK,SearchIndividual 2-887,text,true,,1175,2602,7,351,https://api-scuda.uat.oci.krungsri.tech/ords/api/v1/customer/individual/searchprofile,33,0,21
1779799593654,30,SearchIndividual,200,OK,SearchIndividual 2-890,text,true,,1161,2602,6,351,https://api-scuda.uat.oci.krungsri.tech/ords/api/v1/customer/individual/searchprofile,30,0,18
1779799593632,56,SearchIndividual,200,OK,SearchIndividual 2-884,text,true,,1173,2602,5,351,https://api-scuda.uat.oci.krungsri.tech/ords/api/v1/customer/individual/searchprofile,55,0,26
1779799593654,43,SearchIndividual,200,OK,SearchIndividual 2-889,text,true,,1185,2602,6,352,https://api-scuda.uat.oci.krungsri.tech/ords/api/v1/customer/individual/searchprofile,43,0,29
1779799593653,69,SearchIndividual,200,OK,SearchIndividual 2-888,text,true,,1137,2602,7,355,https://api-scuda.uat.oci.krungsri.tech/ords/api/v1/customer/individual/searchprofile,62,0,31
1779799593698,31,SearchIndividual,200,OK,SearchIndividual 2-893,text,true,,1161,2602,6,354,https://api-scuda.uat.oci.krungsri.tech/ords/api/v1/customer/individual/searchprofile,31,0,17
1779799592399,1333,GetIndividual,200,OK,GetIndividual 1-534,text,true,,3884,3588,149,353,https://api-scuda.uat.oci.krungsri.tech/ic/api/v1/customer/individual/getprofile,1333,0,22
1779799591673,2060,GetIndividual,200,OK,GetIndividual 1-508,text,true,,3853,3588,148,352,https://api-scuda.uat.oci.krungsri.tech/ic/api/v1/customer/individual/getprofile,2060,0,18
1779799593633,101,SearchIndividual,200,OK,SearchIndividual 2-886,text,true,,1161,2602,5,353,https://api-scuda.uat.oci.krungsri.tech/ords/api/v1/customer/individual/searchprofile,101,0,44
1779799593667,73,SearchIndividual,200,OK,SearchIndividual 2-891,text,true,,1163,2602,4,351,https://api-scuda.uat.oci.krungsri.tech/ords/api/v1/customer/individual/searchprofile,73,0,37
1779799593710,42,SearchIndividual,200,OK,SearchIndividual 2-895,text,true,,1187,2602,3,350,https://api-scuda.uat.oci.krungsri.tech/ords/api/v1/customer/individual/searchprofile,42,0,16
1779799593709,46,SearchIndividual,200,OK,SearchIndividual 2-894,text,true,,1139,2602,2,349,https://api-scuda.uat.oci.krungsri.tech/ords/api/v1/customer/individual/searchprofile,45,0,14
1779799593697,79,SearchIndividual,200,OK,SearchIndividual 2-892,text,true,,1195,2602,1,348,https://api-scuda.uat.oci.krungsri.tech/ords/api/v1/customer/individual/searchprofile,79,0,45
1779799593801,29,SearchIndividual,200,OK,SearchIndividual 2-897,text,true,,1166,2601,4,352,https://api-scuda.uat.oci.krungsri.tech/ords/api/v1/customer/individual/searchprofile,28,0,17
1779799588515,5321,GetIndividual,200,OK,GetIndividual 1-403,text,true,,3825,3588,147,351,https://api-scuda.uat.oci.krungsri.tech/ic/api/v1/customer/individual/getprofile,5321,0,16
1779799591422,2418,GetIndividual,200,OK,GetIndividual 1-498,text,true,,3864,3588,147,351,https://api-scuda.uat.oci.krungsri.tech/ic/api/v1/customer/individual/getprofile,2418,0,20
1779799591180,2662,UpdateIndividual,200,OK,UpdateIndividual 4-293,text,true,,800,4230,122,350,https://api-scuda.uat.oci.krungsri.tech/ic/api/v1/customer/individual/updateprofile,2662,0,13
1779799591952,1892,GetIndividual,200,OK,GetIndividual 1-518,text,true,,3872,3588,146,350,https://api-scuda.uat.oci.krungsri.tech/ic/api/v1/customer/individual/getprofile,1892,0,13
1779799592867,979,GetIndividual,200,OK,GetIndividual 1-540,text,true,,3799,3588,145,349,https://api-scuda.uat.oci.krungsri.tech/ic/api/v1/customer/individual/getprofile,979,0,14
1779799593779,68,SearchIndividual,200,OK,SearchIndividual 2-896,text,true,,1168,2601,4,348,https://api-scuda.uat.oci.krungsri.tech/ords/api/v1/customer/individual/searchprofile,68,0,22
1779799593849,26,SearchIndividual,200,OK,SearchIndividual 2-901,text,true,,1135,2602,7,353,https://api-scuda.uat.oci.krungsri.tech/ords/api/v1/customer/individual/searchprofile,26,0,15
1779799593867,30,SearchIndividual,200,OK,SearchIndividual 2-903,text,true,,1189,2602,7,353,https://api-scuda.uat.oci.krungsri.tech/ords/api/v1/customer/individual/searchprofile,30,0,18
1779799593853,45,SearchJoint,200,OK,SearchJoint 10-29,text,true,,621,2627,1,352,https://api-scuda.uat.oci.krungsri.tech/ords/api/v1/customer/joint/searchprofile,45,0,23
1779799593817,82,SearchIndividual,200,OK,SearchIndividual 2-899,text,true,,1131,2602,6,351,https://api-scuda.uat.oci.krungsri.tech/ords/api/v1/customer/individual/searchprofile,80,0,61
1779799593801,99,SearchIndividual,200,OK,SearchIndividual 2-898,text,true,,1184,2601,5,350,https://api-scuda.uat.oci.krungsri.tech/ords/api/v1/customer/individual/searchprofile,98,0,79
1779799593849,56,SearchIndividual,200,OK,SearchIndividual 2-902,text,true,,1107,2602,5,350,https://api-scuda.uat.oci.krungsri.tech/ords/api/v1/customer/individual/searchprofile,56,0,38
1779799593879,28,SearchIndividual,200,OK,SearchIndividual 2-905,text,true,,1159,2602,4,349,https://api-scuda.uat.oci.krungsri.tech/ords/api/v1/customer/individual/searchprofile,28,0,16
1779799593845,68,SearchIndividual,200,OK,SearchIndividual 2-900,text,true,,1207,2602,3,348,https://api-scuda.uat.oci.krungsri.tech/ords/api/v1/customer/individual/searchprofile,68,0,49
1779799591790,2137,GetJoint,200,OK,GetJoint 9-25,text,true,,1429,3530,6,347,https://api-scuda.uat.oci.krungsri.tech/ic/api/v1/customer/joint/getprofile,2137,0,24
1779799591439,2488,GetIndividual,200,OK,GetIndividual 1-500,text,true,,3891,3585,145,347,https://api-scuda.uat.oci.krungsri.tech/ic/api/v1/customer/individual/getprofile,2488,0,17
1779799591399,2531,UpdateIndividual,200,OK,UpdateIndividual 4-299,text,true,,800,4231,121,345,https://api-scuda.uat.oci.krungsri.tech/ic/api/v1/customer/individual/updateprofile,2531,0,32
1779799593867,79,SearchIndividual,200,OK,SearchIndividual 2-904,text,true,,1179,2602,2,344,https://api-scuda.uat.oci.krungsri.tech/ords/api/v1/customer/individual/searchprofile,79,0,29
1779799591726,2221,GetIndividual,200,OK,GetIndividual 1-511,text,true,,3872,3587,144,343,https://api-scuda.uat.oci.krungsri.tech/ic/api/v1/customer/individual/getprofile,2221,0,55
1779799593905,57,SearchIndividual,200,OK,SearchIndividual 2-906,text,true,,1203,2602,1,342,https://api-scuda.uat.oci.krungsri.tech/ords/api/v1/customer/individual/searchprofile,57,0,38
1779799593968,31,SearchIndividual,200,OK,SearchIndividual 2-908,text,true,,1216,2601,2,352,https://api-scuda.uat.oci.krungsri.tech/ords/api/v1/customer/individual/searchprofile,31,0,19
1779799593970,35,SearchIndividual,200,OK,SearchIndividual 2-907,text,true,,1171,2602,2,352,https://api-scuda.uat.oci.krungsri.tech/ords/api/v1/customer/individual/searchprofile,35,0,24
1779799592195,1838,GetIndividual,200,OK,GetIndividual 1-526,text,true,,3810,3588,149,356,https://api-scuda.uat.oci.krungsri.tech/ic/api/v1/customer/individual/getprofile,1838,0,18
1779799592666,1368,UpdateIndividual,200,OK,UpdateIndividual 4-329,text,true,,800,4227,124,356,https://api-scuda.uat.oci.krungsri.tech/ic/api/v1/customer/individual/updateprofile,1368,0,21
1779799593092,943,GetIndividual,200,OK,GetIndividual 1-544,text,true,,3823,3588,148,355,https://api-scuda.uat.oci.krungsri.tech/ic/api/v1/customer/individual/getprofile,943,0,15
1779799581633,12402,UpdateIndividual,200,OK,UpdateIndividual 4-132,text,true,,800,5678,123,353,https://api-scuda.uat.oci.krungsri.tech/ic/api/v1/customer/individual/updateprofile,12402,0,30
1779799594005,32,SearchIndividual,200,OK,SearchIndividual 2-909,text,true,,1197,2602,3,352,https://api-scuda.uat.oci.krungsri.tech/ords/api/v1/customer/individual/searchprofile,32,0,21
1779799590637,3401,UpdateIndividual,200,OK,UpdateIndividual 4-284,text,true,,800,4226,122,352,https://api-scuda.uat.oci.krungsri.tech/ic/api/v1/customer/individual/updateprofile,3401,0,29
1779799593124,914,GetIndividual,200,OK,GetIndividual 1-548,text,true,,3844,3587,147,350,https://api-scuda.uat.oci.krungsri.tech/ic/api/v1/customer/individual/getprofile,914,0,19
1779799592347,1693,GetIndividual,200,OK,GetIndividual 1-533,text,true,,3871,3588,146,350,https://api-scuda.uat.oci.krungsri.tech/ic/api/v1/customer/individual/getprofile,1693,0,19
1779799586960,7082,UpdateJoint,200,OK,UpdateJoint 12-23,text,true,,800,3614,11,349,https://api-scuda.uat.oci.krungsri.tech/ic/api/v1/customer/joint/updateprofile,7082,0,23
1779799591938,2103,GetIndividual,200,OK,GetIndividual 1-517,text,true,,3851,3586,145,349,https://api-scuda.uat.oci.krungsri.tech/ic/api/v1/customer/individual/getprofile,2103,0,17
1779799587404,6638,GetIndividual,200,OK,GetIndividual 1-371,text,true,,3889,3588,145,349,https://api-scuda.uat.oci.krungsri.tech/ic/api/v1/customer/individual/getprofile,6638,0,20
1779799592060,1985,GetIndividual,200,OK,GetIndividual 1-521,text,true,,3867,3588,143,346,https://api-scuda.uat.oci.krungsri.tech/ic/api/v1/customer/individual/getprofile,1985,0,18
1779799594022,27,SearchIndividual,200,OK,SearchIndividual 2-910,text,true,,1179,2602,3,345,https://api-scuda.uat.oci.krungsri.tech/ords/api/v1/customer/individual/searchprofile,27,0,14
1779799594027,46,SearchIndividual,200,OK,SearchIndividual 2-911,text,true,,1215,2602,4,348,https://api-scuda.uat.oci.krungsri.tech/ords/api/v1/customer/individual/searchprofile,46,0,31
1779799594040,47,SearchIndividual,200,OK,SearchIndividual 2-912,text,true,,1169,2602,3,348,https://api-scuda.uat.oci.krungsri.tech/ords/api/v1/customer/individual/searchprofile,47,0,29
1779799594065,31,SearchIndividual,200,OK,SearchIndividual 2-913,text,true,,1177,2602,2,347,https://api-scuda.uat.oci.krungsri.tech/ords/api/v1/customer/individual/searchprofile,31,0,18
1779799594069,29,SearchIndividual,200,OK,SearchIndividual 2-914,text,true,,1163,2602,1,346,https://api-scuda.uat.oci.krungsri.tech/ords/api/v1/customer/individual/searchprofile,28,0,15
1779799594060,39,SearchJuristic,200,OK,SearchJuristic 6-32,text,true,,1017,2600,1,345,https://api-scuda.uat.oci.krungsri.tech/ords/api/v1/customer/juristic/searchprofile,39,0,23
1779799585576,8559,GetIndividual,200,OK,GetIndividual 1-303,text,true,,3883,3588,142,347,https://api-scuda.uat.oci.krungsri.tech/ic/api/v1/customer/individual/getprofile,8559,0,21
1779799593196,940,GetIndividual,200,OK,GetIndividual 1-550,text,true,,3911,3588,141,346,https://api-scuda.uat.oci.krungsri.tech/ic/api/v1/customer/individual/getprofile,940,0,20
1779799592794,1343,UpdateIndividual,200,OK,UpdateIndividual 4-334,text,true,,799,4227,122,345,https://api-scuda.uat.oci.krungsri.tech/ic/api/v1/customer/individual/updateprofile,1343,0,17
1779799593184,958,GetIndividual,200,OK,GetIndividual 1-549,text,true,,3794,3588,141,345,https://api-scuda.uat.oci.krungsri.tech/ic/api/v1/customer/individual/getprofile,958,0,20
1779799590902,3241,UpdateIndividual,200,OK,UpdateIndividual 4-289,text,true,,800,5572,121,344,https://api-scuda.uat.oci.krungsri.tech/ic/api/v1/customer/individual/updateprofile,3241,0,27
1779799590387,3758,GetIndividual,200,OK,GetIndividual 1-474,text,true,,3875,3588,140,343,https://api-scuda.uat.oci.krungsri.tech/ic/api/v1/customer/individual/getprofile,3758,0,15
1779799591488,2658,UpdateIndividual,200,OK,UpdateIndividual 4-302,text,true,,799,4225,120,342,https://api-scuda.uat.oci.krungsri.tech/ic/api/v1/customer/individual/updateprofile,2658,0,18
1779799592733,1496,UpdateJuristic,200,OK,UpdateJuristic 8-26,text,true,,800,5783,9,347,https://api-scuda.uat.oci.krungsri.tech/ic/api/v1/customer/juristic/updateprofile,1496,0,30
1779799587898,6333,GetIndividual,200,OK,GetIndividual 1-384,text,true,,3866,3587,142,347,https://api-scuda.uat.oci.krungsri.tech/ic/api/v1/customer/individual/getprofile,6333,0,27
1779799592863,1369,UpdateIndividual,200,OK,UpdateIndividual 4-336,text,true,,800,4228,120,346,https://api-scuda.uat.oci.krungsri.tech/ic/api/v1/customer/individual/updateprofile,1369,0,19
1779799594166,67,SearchIndividual,200,OK,SearchIndividual 2-915,text,true,,1179,2602,2,345,https://api-scuda.uat.oci.krungsri.tech/ords/api/v1/customer/individual/searchprofile,67,0,34
1779799581970,12262,GetIndividual,200,OK,GetIndividual 1-211,text,true,,3893,3588,141,344,https://api-scuda.uat.oci.krungsri.tech/ic/api/v1/customer/individual/getprofile,12262,0,36
1779799584204,10031,UpdateIndividual,200,OK,UpdateIndividual 4-171,text,true,,797,5603,119,344,https://api-scuda.uat.oci.krungsri.tech/ic/api/v1/customer/individual/updateprofile,10031,0,18
1779799589640,4594,UpdateIndividual,200,OK,UpdateIndividual 4-262,text,true,,800,5608,119,344,https://api-scuda.uat.oci.krungsri.tech/ic/api/v1/customer/individual/updateprofile,4594,0,28
1779799594216,30,SearchIndividual,200,OK,SearchIndividual 2-916,text,true,,1205,2602,2,344,https://api-scuda.uat.oci.krungsri.tech/ords/api/v1/customer/individual/searchprofile,30,0,18
1779799594237,34,SearchJuristic,200,OK,SearchJuristic 6-33,text,true,,999,2600,1,347,https://api-scuda.uat.oci.krungsri.tech/ords/api/v1/customer/juristic/searchprofile,34,0,21
1779799594236,37,SearchIndividual,200,OK,SearchIndividual 2-917,text,true,,1211,2602,4,346,https://api-scuda.uat.oci.krungsri.tech/ords/api/v1/customer/individual/searchprofile,37,0,22
1779799594258,24,SearchIndividual,200,OK,SearchIndividual 2-918,text,true,,1161,2602,3,345,https://api-scuda.uat.oci.krungsri.tech/ords/api/v1/customer/individual/searchprofile,23,0,12
1779799594262,24,SearchIndividual,200,OK,SearchIndividual 2-920,text,true,,1185,2602,2,344,https://api-scuda.uat.oci.krungsri.tech/ords/api/v1/customer/individual/searchprofile,24,0,14
1779799594262,30,SearchIndividual,200,OK,SearchIndividual 2-919,text,true,,1179,2602,1,343,https://api-scuda.uat.oci.krungsri.tech/ords/api/v1/customer/individual/searchprofile,30,0,19
1779799594307,20,SearchIndividual,200,OK,SearchIndividual 2-921,text,true,,1183,2602,1,345,https://api-scuda.uat.oci.krungsri.tech/ords/api/v1/customer/individual/searchprofile,19,0,8
1779799592438,1889,UpdateIndividual,200,OK,UpdateIndividual 4-326,text,true,,800,4227,119,345,https://api-scuda.uat.oci.krungsri.tech/ic/api/v1/customer/individual/updateprofile,1889,0,31
1779799593522,806,GetIndividual,200,OK,GetIndividual 1-558,text,true,,3863,3588,142,343,https://api-scuda.uat.oci.krungsri.tech/ic/api/v1/customer/individual/getprofile,806,0,31
1779799586593,7737,UpdateJoint,200,OK,UpdateJoint 12-21,text,true,,800,3614,11,342,https://api-scuda.uat.oci.krungsri.tech/ic/api/v1/customer/joint/updateprofile,7737,0,14
1779799593536,794,GetIndividual,200,OK,GetIndividual 1-559,text,true,,3833,3588,141,341,https://api-scuda.uat.oci.krungsri.tech/ic/api/v1/customer/individual/getprofile,794,0,18
1779799593180,1151,UpdateIndividual,200,OK,UpdateIndividual 4-338,text,true,,800,4229,118,342,https://api-scuda.uat.oci.krungsri.tech/ic/api/v1/customer/individual/updateprofile,1151,0,18
1779799577243,17090,CreateJuristic,201,Created,CreateJuristic 7-12,text,true,,1172,7568,14,341,https://api-scuda.uat.oci.krungsri.tech/ic/api/v1/customer/juristic/createprofile,17090,0,22
1779799594331,30,SearchIndividual,200,OK,SearchIndividual 2-922,text,true,,1189,2602,4,343,https://api-scuda.uat.oci.krungsri.tech/ords/api/v1/customer/individual/searchprofile,30,0,15
1779799594332,37,SearchIndividual,200,OK,SearchIndividual 2-923,text,true,,1183,2602,3,343,https://api-scuda.uat.oci.krungsri.tech/ords/api/v1/customer/individual/searchprofile,37,0,24
1779799594358,25,SearchIndividual,200,OK,SearchIndividual 2-925,text,true,,1183,2602,2,345,https://api-scuda.uat.oci.krungsri.tech/ords/api/v1/customer/individual/searchprofile,25,0,12
1779799594358,29,SearchIndividual,200,OK,SearchIndividual 2-924,text,true,,1159,2602,1,344,https://api-scuda.uat.oci.krungsri.tech/ords/api/v1/customer/individual/searchprofile,29,0,15
1779799587122,7319,GetIndividual,200,OK,GetIndividual 1-359,text,true,,3864,3588,145,348,https://api-scuda.uat.oci.krungsri.tech/ic/api/v1/customer/individual/getprofile,7319,0,36
1779799594431,39,SearchIndividual,200,OK,SearchIndividual 2-926,text,true,,1207,2602,1,349,https://api-scuda.uat.oci.krungsri.tech/ords/api/v1/customer/individual/searchprofile,39,0,22
1779799594451,44,SearchJuristic,200,OK,SearchJuristic 6-34,text,true,,985,2600,1,353,https://api-scuda.uat.oci.krungsri.tech/ords/api/v1/customer/juristic/searchprofile,44,0,30
1779799594472,54,SearchIndividual,200,OK,SearchIndividual 2-927,text,true,,1173,2602,4,355,https://api-scuda.uat.oci.krungsri.tech/ords/api/v1/customer/individual/searchprofile,54,0,33
1779799593208,1321,GetIndividual,200,OK,GetIndividual 1-551,text,true,,3849,3588,147,354,https://api-scuda.uat.oci.krungsri.tech/ic/api/v1/customer/individual/getprofile,1321,0,52
1779799594491,41,SearchIndividual,200,OK,SearchIndividual 2-929,text,true,,1193,2602,3,353,https://api-scuda.uat.oci.krungsri.tech/ords/api/v1/customer/individual/searchprofile,41,0,20
1779799594491,60,SearchIndividual,200,OK,SearchIndividual 2-928,text,true,,1175,2602,4,355,https://api-scuda.uat.oci.krungsri.tech/ords/api/v1/customer/individual/searchprofile,60,0,43
1779799594522,33,SearchIndividual,200,OK,SearchIndividual 2-930,text,true,,1177,2602,3,354,https://api-scuda.uat.oci.krungsri.tech/ords/api/v1/customer/individual/searchprofile,33,0,21
1779799594547,40,SearchIndividual,200,OK,SearchIndividual 2-932,text,true,,1183,2602,4,359,https://api-scuda.uat.oci.krungsri.tech/ords/api/v1/customer/individual/searchprofile,38,0,20
1779799594585,30,SearchIndividual,200,OK,SearchIndividual 2-934,text,true,,1139,2602,3,364,https://api-scuda.uat.oci.krungsri.tech/ords/api/v1/customer/individual/searchprofile,30,0,17
1779799594583,39,SearchIndividual,200,OK,SearchIndividual 2-933,text,true,,1203,2602,2,363,https://api-scuda.uat.oci.krungsri.tech/ords/api/v1/customer/individual/searchprofile,38,0,19
1779799594535,92,SearchIndividual,200,OK,SearchIndividual 2-931,text,true,,1175,2602,1,362,https://api-scuda.uat.oci.krungsri.tech/ords/api/v1/customer/individual/searchprofile,91,0,54
1779799590323,4312,CreateJuristic,429,Too Many Requests,CreateJuristic 7-23,text,false,,602,8082,13,361,https://api-scuda.uat.oci.krungsri.tech/ic/api/v1/customer/juristic/createprofile,4312,0,43
1779799593970,665,GetIndividual,200,OK,GetIndividual 1-569,text,true,,3785,3588,151,361,https://api-scuda.uat.oci.krungsri.tech/ic/api/v1/customer/individual/getprofile,665,0,27
1779799594590,64,SearchJuristic,200,OK,SearchJuristic 6-35,text,true,,976,2600,1,363,https://api-scuda.uat.oci.krungsri.tech/ords/api/v1/customer/juristic/searchprofile,64,0,38
1779799594650,27,SearchIndividual,200,OK,SearchIndividual 2-935,text,true,,1153,2602,1,365,https://api-scuda.uat.oci.krungsri.tech/ords/api/v1/customer/individual/searchprofile,27,0,15
1779799594695,24,SearchIndividual,200,OK,SearchIndividual 2-938,text,true,,1217,2602,4,371,https://api-scuda.uat.oci.krungsri.tech/ords/api/v1/customer/individual/searchprofile,23,0,10
1779799594688,37,SearchIndividual,200,OK,SearchIndividual 2-937,text,true,,1216,2601,3,370,https://api-scuda.uat.oci.krungsri.tech/ords/api/v1/customer/individual/searchprofile,37,0,23
1779799593587,1140,GetIndividual,200,OK,GetIndividual 1-562,text,true,,3859,3588,154,369,https://api-scuda.uat.oci.krungsri.tech/ic/api/v1/customer/individual/getprofile,1140,0,21
1779799594011,720,GetIndividual,200,OK,GetIndividual 1-572,text,true,,3897,3588,153,368,https://api-scuda.uat.oci.krungsri.tech/ic/api/v1/customer/individual/getprofile,720,0,12
1779799594712,39,SearchIndividual,200,OK,SearchIndividual 2-939,text,true,,1120,2601,3,370,https://api-scuda.uat.oci.krungsri.tech/ords/api/v1/customer/individual/searchprofile,39,0,20
1779799593640,1122,UpdateIndividual,200,OK,UpdateIndividual 4-342,text,true,,800,4229,131,369,https://api-scuda.uat.oci.krungsri.tech/ic/api/v1/customer/individual/updateprofile,1121,0,21
1779799591402,3360,UpdateIndividual,200,OK,UpdateIndividual 4-300,text,true,,800,5577,130,368,https://api-scuda.uat.oci.krungsri.tech/ic/api/v1/customer/individual/updateprofile,3360,0,22
1779799593514,1250,GetIndividual,200,OK,GetIndividual 1-557,text,true,,3862,3588,154,368,https://api-scuda.uat.oci.krungsri.tech/ic/api/v1/customer/individual/getprofile,1250,0,57
1779799593612,1153,GetIndividual,200,OK,GetIndividual 1-563,text,true,,3885,3588,153,367,https://api-scuda.uat.oci.krungsri.tech/ic/api/v1/customer/individual/getprofile,1153,0,40
1779799593972,796,GetIndividual,200,OK,GetIndividual 1-571,text,true,,3827,3588,152,366,https://api-scuda.uat.oci.krungsri.tech/ic/api/v1/customer/individual/getprofile,796,0,17
1779799594752,57,SearchIndividual,200,OK,SearchIndividual 2-940,text,true,,1143,2602,2,365,https://api-scuda.uat.oci.krungsri.tech/ords/api/v1/customer/individual/searchprofile,57,0,16
1779799594684,125,SearchIndividual,200,OK,SearchIndividual 2-936,text,true,,1195,2602,2,365,https://api-scuda.uat.oci.krungsri.tech/ords/api/v1/customer/individual/searchprofile,125,0,31
1779799594812,32,SearchIndividual,200,OK,SearchIndividual 2-941,text,true,,1189,2602,4,371,https://api-scuda.uat.oci.krungsri.tech/ords/api/v1/customer/individual/searchprofile,32,0,20
1779799594818,29,SearchIndividual,200,OK,SearchIndividual 2-944,text,true,,1251,2602,4,371,https://api-scuda.uat.oci.krungsri.tech/ords/api/v1/customer/individual/searchprofile,29,0,17
1779799594814,38,SearchIndividual,200,OK,SearchIndividual 2-942,text,true,,1219,2602,3,370,https://api-scuda.uat.oci.krungsri.tech/ords/api/v1/customer/individual/searchprofile,38,0,16
1779799594814,40,SearchIndividual,200,OK,SearchIndividual 2-943,text,true,,1200,2601,3,370,https://api-scuda.uat.oci.krungsri.tech/ords/api/v1/customer/individual/searchprofile,40,0,15
1779799594853,27,SearchIndividual,200,OK,SearchIndividual 2-946,text,true,,1202,2601,3,372,https://api-scuda.uat.oci.krungsri.tech/ords/api/v1/customer/individual/searchprofile,27,0,16
1779799594846,49,SearchIndividual,200,OK,SearchIndividual 2-945,text,true,,1255,2602,4,373,https://api-scuda.uat.oci.krungsri.tech/ords/api/v1/customer/individual/searchprofile,47,0,27
1779799594866,29,SearchIndividual,200,OK,SearchIndividual 2-947,text,true,,1125,2602,3,372,https://api-scuda.uat.oci.krungsri.tech/ords/api/v1/customer/individual/searchprofile,29,0,18
1779799593840,1086,GetIndividual,200,OK,GetIndividual 1-567,text,true,,3923,3588,156,375,https://api-scuda.uat.oci.krungsri.tech/ic/api/v1/customer/individual/getprofile,1086,0,12
1779799584794,10134,GetIndividual,200,OK,GetIndividual 1-279,text,true,,3825,3588,156,375,https://api-scuda.uat.oci.krungsri.tech/ic/api/v1/customer/individual/getprofile,10134,0,19
1779799594897,32,SearchIndividual,200,OK,SearchIndividual 2-950,text,true,,1166,2601,4,373,https://api-scuda.uat.oci.krungsri.tech/ords/api/v1/customer/individual/searchprofile,32,0,20
1779799587510,7423,UpdateIndividual,200,OK,UpdateIndividual 4-227,text,true,,799,4227,132,372,https://api-scuda.uat.oci.krungsri.tech/ic/api/v1/customer/individual/updateprofile,7423,0,24
1779799594904,29,SearchIndividual,200,OK,SearchIndividual 2-951,text,true,,1153,2602,3,371,https://api-scuda.uat.oci.krungsri.tech/ords/api/v1/customer/individual/searchprofile,29,0,18
1779799584401,10533,GetIndividual,200,OK,GetIndividual 1-271,text,true,,3900,3588,154,370,https://api-scuda.uat.oci.krungsri.tech/ic/api/v1/customer/individual/getprofile,10533,0,35
1779799594888,48,SearchIndividual,200,OK,SearchIndividual 2-949,text,true,,1118,2601,2,369,https://api-scuda.uat.oci.krungsri.tech/ords/api/v1/customer/individual/searchprofile,48,0,35
1779799592939,1997,GetIndividual,200,OK,GetIndividual 1-541,text,true,,3810,3588,153,369,https://api-scuda.uat.oci.krungsri.tech/ic/api/v1/customer/individual/getprofile,1997,0,18
1779799594940,33,SearchIndividual,200,OK,SearchIndividual 2-952,text,true,,1187,2602,3,370,https://api-scuda.uat.oci.krungsri.tech/ords/api/v1/customer/individual/searchprofile,32,0,21
1779799594940,33,SearchIndividual,200,OK,SearchIndividual 2-953,text,true,,1199,2602,3,370,https://api-scuda.uat.oci.krungsri.tech/ords/api/v1/customer/individual/searchprofile,33,0,18
1779799594885,92,SearchIndividual,200,OK,SearchIndividual 2-948,text,true,,1175,2602,4,371,https://api-scuda.uat.oci.krungsri.tech/ords/api/v1/customer/individual/searchprofile,92,0,61
1779799594978,33,SearchIndividual,200,OK,SearchIndividual 2-955,text,true,,1175,2602,2,372,https://api-scuda.uat.oci.krungsri.tech/ords/api/v1/customer/individual/searchprofile,33,0,22
1779799594994,32,GetIndividual,429,Too Many Requests,GetIndividual 1-606,text,false,,417,3588,155,372,https://api-scuda.uat.oci.krungsri.tech/ic/api/v1/customer/individual/getprofile,32,0,29
1779799594978,57,SearchIndividual,200,OK,SearchIndividual 2-954,text,true,,1199,2602,1,371,https://api-scuda.uat.oci.krungsri.tech/ords/api/v1/customer/individual/searchprofile,54,0,20
1779799593434,1603,UpdateJoint,200,OK,UpdateJoint 12-26,text,true,,800,4556,10,371,https://api-scuda.uat.oci.krungsri.tech/ic/api/v1/customer/joint/updateprofile,1602,0,13
1779799580166,14872,UpdateIndividual,200,OK,UpdateIndividual 4-111,text,true,,800,4227,132,370,https://api-scuda.uat.oci.krungsri.tech/ic/api/v1/customer/individual/updateprofile,14872,0,34
1779799582694,12347,UpdateIndividual,200,OK,UpdateIndividual 4-148,text,true,,799,5620,131,369,https://api-scuda.uat.oci.krungsri.tech/ic/api/v1/customer/individual/updateprofile,12347,0,21
1779799592752,2290,UpdateIndividual,200,OK,UpdateIndividual 4-333,text,true,,800,4226,131,369,https://api-scuda.uat.oci.krungsri.tech/ic/api/v1/customer/individual/updateprofile,2290,0,17
1779799594982,79,SearchJoint,200,OK,SearchJoint 10-30,text,true,,620,2626,1,370,https://api-scuda.uat.oci.krungsri.tech/ords/api/v1/customer/joint/searchprofile,79,0,58
1779799595037,34,SearchIndividual,200,OK,SearchIndividual 2-956,text,true,,1187,2602,1,370,https://api-scuda.uat.oci.krungsri.tech/ords/api/v1/customer/individual/searchprofile,34,0,20
1779799595061,18,GetIndividual,429,Too Many Requests,GetIndividual 1-609,text,false,,417,3588,156,370,https://api-scuda.uat.oci.krungsri.tech/ic/api/v1/customer/individual/getprofile,18,0,16
1779799595072,24,CreateIndividual,429,Too Many Requests,CreateIndividual 3-34,text,false,,417,7973,18,370,https://api-scuda.uat.oci.krungsri.tech/ic/api/v1/customer/individual/createprofile,24,0,22
1779799595096,32,SearchIndividual,200,OK,SearchIndividual 2-957,text,true,,1153,2602,1,372,https://api-scuda.uat.oci.krungsri.tech/ords/api/v1/customer/individual/searchprofile,31,0,19
1779799592451,2681,UpdateJoint,200,OK,UpdateJoint 12-25,text,true,,800,3614,9,372,https://api-scuda.uat.oci.krungsri.tech/ic/api/v1/customer/joint/updateprofile,2681,0,33
1779799595131,35,GetIndividual,429,Too Many Requests,GetIndividual 1-611,text,false,,417,3588,159,380,https://api-scuda.uat.oci.krungsri.tech/ic/api/v1/customer/individual/getprofile,35,0,31
1779799595142,25,SearchIndividual,429,Too Many Requests,SearchIndividual 2-958,text,false,,417,2602,5,380,https://api-scuda.uat.oci.krungsri.tech/ords/api/v1/customer/individual/searchprofile,25,0,23
1779799595142,26,UpdateIndividual,429,Too Many Requests,UpdateIndividual 4-375,text,false,,417,4226,134,379,https://api-scuda.uat.oci.krungsri.tech/ic/api/v1/customer/individual/updateprofile,26,0,24
1779799595152,25,GetIndividual,429,Too Many Requests,GetIndividual 1-612,text,false,,417,3588,158,378,https://api-scuda.uat.oci.krungsri.tech/ic/api/v1/customer/individual/getprofile,25,0,24
1779799595149,35,SearchIndividual,200,OK,SearchIndividual 2-959,text,true,,1213,2602,4,377,https://api-scuda.uat.oci.krungsri.tech/ords/api/v1/customer/individual/searchprofile,34,0,23
1779799595163,44,SearchIndividual,200,OK,SearchIndividual 2-961,text,true,,1163,2602,5,380,https://api-scuda.uat.oci.krungsri.tech/ords/api/v1/customer/individual/searchprofile,44,0,19
1779799595154,64,SearchIndividual,200,OK,SearchIndividual 2-960,text,true,,1209,2602,4,380,https://api-scuda.uat.oci.krungsri.tech/ords/api/v1/customer/individual/searchprofile,64,0,40
1779799593619,1617,GetIndividual,200,OK,GetIndividual 1-564,text,true,,3869,3588,159,381,https://api-scuda.uat.oci.krungsri.tech/ic/api/v1/customer/individual/getprofile,1617,0,19
1779799595201,42,SearchIndividual,200,OK,SearchIndividual 2-963,text,true,,1169,2602,4,380,https://api-scuda.uat.oci.krungsri.tech/ords/api/v1/customer/individual/searchprofile,42,0,29
1779799594032,1213,GetIndividual,200,OK,GetIndividual 1-574,text,true,,3833,3588,158,379,https://api-scuda.uat.oci.krungsri.tech/ic/api/v1/customer/individual/getprofile,1213,0,18
1779799593310,1936,UpdateIndividual,200,OK,UpdateIndividual 4-341,text,true,,800,4227,136,378,https://api-scuda.uat.oci.krungsri.tech/ic/api/v1/customer/individual/updateprofile,1936,0,17
1779799595166,86,SearchIndividual,200,OK,SearchIndividual 2-962,text,true,,1151,2602,3,377,https://api-scuda.uat.oci.krungsri.tech/ords/api/v1/customer/individual/searchprofile,86,0,43
1779799595203,57,SearchIndividual,200,OK,SearchIndividual 2-964,text,true,,1193,2602,3,378,https://api-scuda.uat.oci.krungsri.tech/ords/api/v1/customer/individual/searchprofile,57,0,19
1779799595232,31,SearchIndividual,200,OK,SearchIndividual 2-965,text,true,,1201,2602,2,377,https://api-scuda.uat.oci.krungsri.tech/ords/api/v1/customer/individual/searchprofile,31,0,20
1779799595274,21,GetJuristic,429,Too Many Requests,GetJuristic 5-28,text,false,,417,3533,8,379,https://api-scuda.uat.oci.krungsri.tech/ic/api/v1/customer/juristic/getprofile,21,0,20
1779799595256,54,SearchIndividual,200,OK,SearchIndividual 2-966,text,true,,1157,2602,3,379,https://api-scuda.uat.oci.krungsri.tech/ords/api/v1/customer/individual/searchprofile,54,0,28
1779799595289,31,SearchIndividual,200,OK,SearchIndividual 2-967,text,true,,1146,2601,2,378,https://api-scuda.uat.oci.krungsri.tech/ords/api/v1/customer/individual/searchprofile,30,0,19
1779799585231,10096,GetIndividual,200,OK,GetIndividual 1-295,text,true,,3834,3588,159,377,https://api-scuda.uat.oci.krungsri.tech/ic/api/v1/customer/individual/getprofile,10096,0,50
1779799588151,7177,GetIndividual,200,OK,GetIndividual 1-393,text,true,,3857,3588,158,377,https://api-scuda.uat.oci.krungsri.tech/ic/api/v1/customer/individual/getprofile,7177,0,16
1779799589198,6132,GetIndividual,200,OK,GetIndividual 1-429,text,true,,3860,3588,157,376,https://api-scuda.uat.oci.krungsri.tech/ic/api/v1/customer/individual/getprofile,6132,0,21
1779799585977,9355,GetJuristic,200,OK,GetJuristic 5-21,text,true,,3522,3533,7,375,https://api-scuda.uat.oci.krungsri.tech/ic/api/v1/customer/juristic/getprofile,9355,0,20
1779799595300,34,SearchIndividual,200,OK,SearchIndividual 2-968,text,true,,1189,2602,2,374,https://api-scuda.uat.oci.krungsri.tech/ords/api/v1/customer/individual/searchprofile,34,0,20
1779799595328,29,SearchIndividual,200,OK,SearchIndividual 2-969,text,true,,1181,2602,5,377,https://api-scuda.uat.oci.krungsri.tech/ords/api/v1/customer/individual/searchprofile,29,0,16
1779799595338,25,SearchIndividual,200,OK,SearchIndividual 2-970,text,true,,1195,2602,4,377,https://api-scuda.uat.oci.krungsri.tech/ords/api/v1/customer/individual/searchprofile,25,0,14
1779799595341,32,SearchIndividual,200,OK,SearchIndividual 2-971,text,true,,1179,2602,4,377,https://api-scuda.uat.oci.krungsri.tech/ords/api/v1/customer/individual/searchprofile,31,0,20
1779799595351,34,SearchIndividual,200,OK,SearchIndividual 2-972,text,true,,1089,2602,3,377,https://api-scuda.uat.oci.krungsri.tech/ords/api/v1/customer/individual/searchprofile,33,0,22
1779799595354,35,SearchIndividual,200,OK,SearchIndividual 2-973,text,true,,1139,2602,2,376,https://api-scuda.uat.oci.krungsri.tech/ords/api/v1/customer/individual/searchprofile,35,0,21
1779799595366,45,SearchIndividual,200,OK,SearchIndividual 2-974,text,true,,1105,2602,2,376,https://api-scuda.uat.oci.krungsri.tech/ords/api/v1/customer/individual/searchprofile,45,0,17
1779799595391,26,SearchIndividual,200,OK,SearchIndividual 2-975,text,true,,1171,2602,1,375,https://api-scuda.uat.oci.krungsri.tech/ords/api/v1/customer/individual/searchprofile,26,0,15
1779799591659,3772,UpdateIndividual,200,OK,UpdateIndividual 4-306,text,true,,800,5552,135,376,https://api-scuda.uat.oci.krungsri.tech/ic/api/v1/customer/individual/updateprofile,3772,0,25
1779799590701,4738,GetIndividual,200,OK,GetIndividual 1-484,text,true,,3805,3588,158,376,https://api-scuda.uat.oci.krungsri.tech/ic/api/v1/customer/individual/getprofile,4738,0,78
1779799592138,3302,UpdateIndividual,200,OK,UpdateIndividual 4-316,text,true,,800,5542,134,375,https://api-scuda.uat.oci.krungsri.tech/ic/api/v1/customer/individual/updateprofile,3302,0,19
1779799588584,6860,GetIndividual,200,OK,GetIndividual 1-408,text,true,,3809,3588,157,374,https://api-scuda.uat.oci.krungsri.tech/ic/api/v1/customer/individual/getprofile,6860,0,12
1779799586901,8543,UpdateIndividual,200,OK,UpdateIndividual 4-222,text,true,,799,5495,133,374,https://api-scuda.uat.oci.krungsri.tech/ic/api/v1/customer/individual/updateprofile,8543,0,24
1779799590325,5118,GetIndividual,200,OK,GetIndividual 1-473,text,true,,3871,3588,157,374,https://api-scuda.uat.oci.krungsri.tech/ic/api/v1/customer/individual/getprofile,5118,0,43
1779799595419,47,SearchIndividual,200,OK,SearchIndividual 2-976,text,true,,1117,2602,3,372,https://api-scuda.uat.oci.krungsri.tech/ords/api/v1/customer/individual/searchprofile,46,0,32
1779799595433,33,SearchIndividual,200,OK,SearchIndividual 2-977,text,true,,1261,2602,3,372,https://api-scuda.uat.oci.krungsri.tech/ords/api/v1/customer/individual/searchprofile,33,0,19
1779799595445,33,SearchIndividual,200,OK,SearchIndividual 2-978,text,true,,1173,2600,2,372,https://api-scuda.uat.oci.krungsri.tech/ords/api/v1/customer/individual/searchprofile,33,0,20
1779799595468,50,SearchIndividual,200,OK,SearchIndividual 2-979,text,true,,1171,2602,3,375,https://api-scuda.uat.oci.krungsri.tech/ords/api/v1/customer/individual/searchprofile,50,0,30
1779799595468,53,SearchJoint,200,OK,SearchJoint 10-31,text,true,,621,2627,1,375,https://api-scuda.uat.oci.krungsri.tech/ords/api/v1/customer/joint/searchprofile,53,0,36
1779799587996,7536,UpdateIndividual,200,OK,UpdateIndividual 4-232,text,true,,800,4230,133,374,https://api-scuda.uat.oci.krungsri.tech/ic/api/v1/customer/individual/updateprofile,7536,0,23
1779799588950,6582,UpdateIndividual,200,OK,UpdateIndividual 4-250,text,true,,800,5546,132,373,https://api-scuda.uat.oci.krungsri.tech/ic/api/v1/customer/individual/updateprofile,6582,0,17
1779799593092,2440,GetIndividual,200,OK,GetIndividual 1-543,text,true,,3851,3588,157,373,https://api-scuda.uat.oci.krungsri.tech/ic/api/v1/customer/individual/getprofile,2440,0,16
1779799576407,19127,CreateIndividual,201,Created,CreateIndividual 3-11,text,true,,1171,8166,17,371,https://api-scuda.uat.oci.krungsri.tech/ic/api/v1/customer/individual/createprofile,19127,0,24
1779799595510,40,SearchIndividual,200,OK,SearchIndividual 2-980,text,true,,1149,2602,2,373,https://api-scuda.uat.oci.krungsri.tech/ords/api/v1/customer/individual/searchprofile,40,0,21
1779799595516,41,SearchIndividual,200,OK,SearchIndividual 2-981,text,true,,1180,2601,2,373,https://api-scuda.uat.oci.krungsri.tech/ords/api/v1/customer/individual/searchprofile,41,0,23
1779799595561,36,SearchIndividual,200,OK,SearchIndividual 2-983,text,true,,1203,2602,4,378,https://api-scuda.uat.oci.krungsri.tech/ords/api/v1/customer/individual/searchprofile,36,0,24
1779799595594,36,SearchIndividual,200,OK,SearchIndividual 2-984,text,true,,1197,2602,5,380,https://api-scuda.uat.oci.krungsri.tech/ords/api/v1/customer/individual/searchprofile,35,0,21
1779799595556,79,SearchIndividual,200,OK,SearchIndividual 2-982,text,true,,1185,2602,4,379,https://api-scuda.uat.oci.krungsri.tech/ords/api/v1/customer/individual/searchprofile,46,0,33
1779799594142,1495,GetIndividual,200,OK,GetIndividual 1-575,text,true,,3827,3588,161,379,https://api-scuda.uat.oci.krungsri.tech/ic/api/v1/customer/individual/getprofile,1495,0,32
1779799595609,35,SearchIndividual,200,OK,SearchIndividual 2-987,text,true,,1219,2602,4,379,https://api-scuda.uat.oci.krungsri.tech/ords/api/v1/customer/individual/searchprofile,35,0,21
1779799594439,1211,GetIndividual,200,OK,GetIndividual 1-585,text,true,,3911,3588,160,378,https://api-scuda.uat.oci.krungsri.tech/ic/api/v1/customer/individual/getprofile,1211,0,22
1779799593969,1682,UpdateIndividual,200,OK,UpdateIndividual 4-346,text,true,,800,4229,134,378,https://api-scuda.uat.oci.krungsri.tech/ic/api/v1/customer/individual/updateprofile,1682,0,20
1779799573582,22070,UpdateJoint,200,OK,UpdateJoint 12-8,text,true,,800,4627,9,376,https://api-scuda.uat.oci.krungsri.tech/ic/api/v1/customer/joint/updateprofile,22070,0,26
1779799582667,12985,GetIndividual,200,OK,GetIndividual 1-225,text,true,,3791,3588,160,376,https://api-scuda.uat.oci.krungsri.tech/ic/api/v1/customer/individual/getprofile,12985,0,27
1779799589495,6165,GetIndividual,200,OK,GetIndividual 1-437,text,true,,3833,3588,159,377,https://api-scuda.uat.oci.krungsri.tech/ic/api/v1/customer/individual/getprofile,6165,0,19
1779799595609,72,SearchIndividual,200,OK,SearchIndividual 2-986,text,true,,1161,2602,6,379,https://api-scuda.uat.oci.krungsri.tech/ords/api/v1/customer/individual/searchprofile,72,0,56
1779799595594,89,SearchIndividual,200,OK,SearchIndividual 2-985,text,true,,1143,2602,6,379,https://api-scuda.uat.oci.krungsri.tech/ords/api/v1/customer/individual/searchprofile,89,0,72
1779799595655,33,SearchIndividual,200,OK,SearchIndividual 2-989,text,true,,1185,2602,5,378,https://api-scuda.uat.oci.krungsri.tech/ords/api/v1/customer/individual/searchprofile,32,0,20
1779799595666,35,SearchIndividual,200,OK,SearchIndividual 2-990,text,true,,1191,2602,4,378,https://api-scuda.uat.oci.krungsri.tech/ords/api/v1/customer/individual/searchprofile,35,0,22
1779799595684,29,SearchIndividual,200,OK,SearchIndividual 2-992,text,true,,1209,2602,3,377,https://api-scuda.uat.oci.krungsri.tech/ords/api/v1/customer/individual/searchprofile,29,0,15
1779799595641,77,SearchIndividual,200,OK,SearchIndividual 2-988,text,true,,1221,2602,2,377,https://api-scuda.uat.oci.krungsri.tech/ords/api/v1/customer/individual/searchprofile,75,0,45
1779799594348,1379,GetIndividual,200,OK,GetIndividual 1-581,text,true,,3817,3588,159,376,https://api-scuda.uat.oci.krungsri.tech/ic/api/v1/customer/individual/getprofile,1379,0,20
1779799589423,6303,GetIndividual,200,OK,GetIndividual 1-433,text,true,,3792,3587,159,376,https://api-scuda.uat.oci.krungsri.tech/ic/api/v1/customer/individual/getprofile,6303,0,20
1779799594241,1491,GetIndividual,200,OK,GetIndividual 1-579,text,true,,3845,3588,157,374,https://api-scuda.uat.oci.krungsri.tech/ic/api/v1/customer/individual/getprofile,1491,0,20
1779799588443,7296,GetIndividual,200,OK,GetIndividual 1-401,text,true,,3845,3588,156,374,https://api-scuda.uat.oci.krungsri.tech/ic/api/v1/customer/individual/getprofile,7296,0,15
1779799585093,10647,GetIndividual,200,OK,GetIndividual 1-290,text,true,,3858,3588,155,373,https://api-scuda.uat.oci.krungsri.tech/ic/api/v1/customer/individual/getprofile,10647,0,25
1779799583722,12022,UpdateIndividual,200,OK,UpdateIndividual 4-164,text,true,,799,5590,134,373,https://api-scuda.uat.oci.krungsri.tech/ic/api/v1/customer/individual/updateprofile,12022,0,23
1779799590323,5423,UpdateIndividual,200,OK,UpdateIndividual 4-279,text,true,,799,4225,133,372,https://api-scuda.uat.oci.krungsri.tech/ic/api/v1/customer/individual/updateprofile,5423,0,28
1779799593658,2093,UpdateIndividual,200,OK,UpdateIndividual 4-343,text,true,,800,5558,132,371,https://api-scuda.uat.oci.krungsri.tech/ic/api/v1/customer/individual/updateprofile,2093,0,50
1779799584984,10780,CreateIndividual,201,Created,CreateIndividual 3-20,text,true,,1172,8018,16,371,https://api-scuda.uat.oci.krungsri.tech/ic/api/v1/customer/individual/createprofile,10780,0,13
1779799595733,31,SearchIndividual,200,OK,SearchIndividual 2-993,text,true,,1157,2602,2,370,https://api-scuda.uat.oci.krungsri.tech/ords/api/v1/customer/individual/searchprofile,31,0,18
1779799595674,95,SearchIndividual,200,OK,SearchIndividual 2-991,text,true,,1175,2600,1,369,https://api-scuda.uat.oci.krungsri.tech/ords/api/v1/customer/individual/searchprofile,95,0,50
1779799595770,28,SearchIndividual,200,OK,SearchIndividual 2-994,text,true,,1161,2602,3,373,https://api-scuda.uat.oci.krungsri.tech/ords/api/v1/customer/individual/searchprofile,28,0,17
1779799595777,31,SearchIndividual,200,OK,SearchIndividual 2-995,text,true,,1175,2602,3,373,https://api-scuda.uat.oci.krungsri.tech/ords/api/v1/customer/individual/searchprofile,31,0,19
1779799595795,22,SearchIndividual,200,OK,SearchIndividual 2-996,text,true,,1165,2602,2,372,https://api-scuda.uat.oci.krungsri.tech/ords/api/v1/customer/individual/searchprofile,22,0,11
1779799586700,9129,GetIndividual,200,OK,GetIndividual 1-341,text,true,,3903,3588,157,373,https://api-scuda.uat.oci.krungsri.tech/ic/api/v1/customer/individual/getprofile,9129,0,15
1779799595805,23,SearchIndividual,200,OK,SearchIndividual 2-997,text,true,,1163,2602,3,374,https://api-scuda.uat.oci.krungsri.tech/ords/api/v1/customer/individual/searchprofile,23,0,12
1779799590323,5506,UpdateIndividual,429,Too Many Requests,UpdateIndividual 4-278,text,false,,606,5590,133,373,https://api-scuda.uat.oci.krungsri.tech/ic/api/v1/customer/individual/updateprofile,5506,0,56
1779799595819,35,SearchIndividual,200,OK,SearchIndividual 2-998,text,true,,1161,2602,3,374,https://api-scuda.uat.oci.krungsri.tech/ords/api/v1/customer/individual/searchprofile,35,0,22
1779799595829,35,SearchIndividual,200,OK,SearchIndividual 2-999,text,true,,1233,2602,3,374,https://api-scuda.uat.oci.krungsri.tech/ords/api/v1/customer/individual/searchprofile,35,0,23
1779799595849,39,SearchIndividual,200,OK,SearchIndividual 2-1000,text,true,,1191,2602,3,374,https://api-scuda.uat.oci.krungsri.tech/ords/api/v1/customer/individual/searchprofile,38,0,22
1779799595862,30,SearchIndividual,200,OK,SearchIndividual 2-1001,text,true,,1146,2601,2,373,https://api-scuda.uat.oci.krungsri.tech/ords/api/v1/customer/individual/searchprofile,29,0,20
1779799595880,45,SearchIndividual,200,OK,SearchIndividual 2-1002,text,true,,1150,2601,4,378,https://api-scuda.uat.oci.krungsri.tech/ords/api/v1/customer/individual/searchprofile,45,0,16
1779799595900,33,SearchIndividual,200,OK,SearchIndividual 2-1004,text,true,,1175,2602,4,378,https://api-scuda.uat.oci.krungsri.tech/ords/api/v1/customer/individual/searchprofile,32,0,20
1779799594301,1634,UpdateIndividual,200,OK,UpdateIndividual 4-352,text,true,,800,5539,135,378,https://api-scuda.uat.oci.krungsri.tech/ic/api/v1/customer/individual/updateprofile,1634,0,12
1779799595902,34,SearchIndividual,200,OK,SearchIndividual 2-1005,text,true,,1143,2602,4,379,https://api-scuda.uat.oci.krungsri.tech/ords/api/v1/customer/individual/searchprofile,32,0,21
1779799593559,2378,CreateJoint,200,OK,CreateJoint 11-32,text,true,,1772,5905,22,377,https://api-scuda.uat.oci.krungsri.tech/ic/api/v1/customer/joint/createprofile,2378,0,33
1779799594583,1358,UpdateIndividual,200,OK,UpdateIndividual 4-361,text,true,,800,5638,134,376,https://api-scuda.uat.oci.krungsri.tech/ic/api/v1/customer/individual/updateprofile,1358,0,18
1779799590615,5327,UpdateIndividual,200,OK,UpdateIndividual 4-283,text,true,,800,5503,133,376,https://api-scuda.uat.oci.krungsri.tech/ic/api/v1/customer/individual/updateprofile,5327,0,74
1779799594165,1778,GetIndividual,200,OK,GetIndividual 1-576,text,true,,3881,3588,158,375,https://api-scuda.uat.oci.krungsri.tech/ic/api/v1/customer/individual/getprofile,1778,0,12
1779799588686,7258,GetIndividual,200,OK,GetIndividual 1-413,text,true,,3841,3588,158,375,https://api-scuda.uat.oci.krungsri.tech/ic/api/v1/customer/individual/getprofile,7258,0,37
1779799594669,1274,GetIndividual,200,OK,GetIndividual 1-596,text,true,,3899,3588,158,375,https://api-scuda.uat.oci.krungsri.tech/ic/api/v1/customer/individual/getprofile,1274,0,18
1779799587844,8101,GetIndividual,200,OK,GetIndividual 1-383,text,true,,3839,3588,155,372,https://api-scuda.uat.oci.krungsri.tech/ic/api/v1/customer/individual/getprofile,8101,0,16
1779799594130,1815,UpdateIndividual,200,OK,UpdateIndividual 4-350,text,true,,800,4227,132,371,https://api-scuda.uat.oci.krungsri.tech/ic/api/v1/customer/individual/updateprofile,1815,0,38
1779799594639,1308,GetIndividual,200,OK,GetIndividual 1-594,text,true,,3859,3588,154,370,https://api-scuda.uat.oci.krungsri.tech/ic/api/v1/customer/individual/getprofile,1308,0,24
1779799587612,8337,GetIndividual,200,OK,GetIndividual 1-378,text,true,,3810,3588,153,369,https://api-scuda.uat.oci.krungsri.tech/ic/api/v1/customer/individual/getprofile,8337,0,27
1779799594599,1351,GetIndividual,200,OK,GetIndividual 1-591,text,true,,3842,3588,152,368,https://api-scuda.uat.oci.krungsri.tech/ic/api/v1/customer/individual/getprofile,1351,0,41
1779799592741,3209,UpdateIndividual,200,OK,UpdateIndividual 4-332,text,true,,800,4227,131,368,https://api-scuda.uat.oci.krungsri.tech/ic/api/v1/customer/individual/updateprofile,3209,0,39
1779799595893,59,SearchIndividual,200,OK,SearchIndividual 2-1003,text,true,,1169,2602,4,366,https://api-scuda.uat.oci.krungsri.tech/ords/api/v1/customer/individual/searchprofile,58,0,40
1779799595928,26,SearchIndividual,200,OK,SearchIndividual 2-1006,text,true,,1217,2602,3,365,https://api-scuda.uat.oci.krungsri.tech/ords/api/v1/customer/individual/searchprofile,26,0,15
1779799595937,32,SearchIndividual,200,OK,SearchIndividual 2-1007,text,true,,1193,2602,2,364,https://api-scuda.uat.oci.krungsri.tech/ords/api/v1/customer/individual/searchprofile,31,0,20
1779799595942,36,SearchIndividual,200,OK,SearchIndividual 2-1008,text,true,,1125,2602,2,364,https://api-scuda.uat.oci.krungsri.tech/ords/api/v1/customer/individual/searchprofile,36,0,21
1779799592334,3691,GetIndividual,200,OK,GetIndividual 1-532,text,true,,3867,3588,153,370,https://api-scuda.uat.oci.krungsri.tech/ic/api/v1/customer/individual/getprofile,3691,0,28
1779799595990,37,SearchIndividual,200,OK,SearchIndividual 2-1009,text,true,,1127,2602,4,369,https://api-scuda.uat.oci.krungsri.tech/ords/api/v1/customer/individual/searchprofile,37,0,15
1779799595993,37,SearchIndividual,200,OK,SearchIndividual 2-1010,text,true,,1155,2602,3,368,https://api-scuda.uat.oci.krungsri.tech/ords/api/v1/customer/individual/searchprofile,37,0,25
1779799595995,40,SearchIndividual,200,OK,SearchIndividual 2-1011,text,true,,1099,2602,2,368,https://api-scuda.uat.oci.krungsri.tech/ords/api/v1/customer/individual/searchprofile,40,0,15
1779799596004,38,SearchIndividual,200,OK,SearchIndividual 2-1012,text,true,,1217,2602,2,368,https://api-scuda.uat.oci.krungsri.tech/ords/api/v1/customer/individual/searchprofile,38,0,25
1779799596059,36,SearchIndividual,200,OK,SearchIndividual 2-1015,text,true,,1137,2602,5,376,https://api-scuda.uat.oci.krungsri.tech/ords/api/v1/customer/individual/searchprofile,36,0,22
1779799596041,61,SearchIndividual,200,OK,SearchIndividual 2-1013,text,true,,1205,2602,4,375,https://api-scuda.uat.oci.krungsri.tech/ords/api/v1/customer/individual/searchprofile,61,0,32
1779799596057,50,SearchIndividual,200,OK,SearchIndividual 2-1014,text,true,,1175,2602,3,374,https://api-scuda.uat.oci.krungsri.tech/ords/api/v1/customer/individual/searchprofile,49,0,30
1779799596072,35,SearchIndividual,200,OK,SearchIndividual 2-1016,text,true,,1233,2602,2,373,https://api-scuda.uat.oci.krungsri.tech/ords/api/v1/customer/individual/searchprofile,35,0,23
1779799596046,62,SearchJoint,200,OK,SearchJoint 10-32,text,true,,621,2627,1,372,https://api-scuda.uat.oci.krungsri.tech/ords/api/v1/customer/joint/searchprofile,62,0,41
1779799596075,53,SearchIndividual,200,OK,SearchIndividual 2-1017,text,true,,1236,2601,2,372,https://api-scuda.uat.oci.krungsri.tech/ords/api/v1/customer/individual/searchprofile,53,0,37
1779799582101,14038,UpdateIndividual,200,OK,UpdateIndividual 4-139,text,true,,800,4227,134,373,https://api-scuda.uat.oci.krungsri.tech/ic/api/v1/customer/individual/updateprofile,14037,0,20
1779799591660,4481,GetIndividual,200,OK,GetIndividual 1-507,text,true,,3868,3588,156,372,https://api-scuda.uat.oci.krungsri.tech/ic/api/v1/customer/individual/getprofile,4481,0,19
1779799594262,1887,GetIndividual,200,OK,GetIndividual 1-580,text,true,,3871,3588,155,371,https://api-scuda.uat.oci.krungsri.tech/ic/api/v1/customer/individual/getprofile,1887,0,11
1779799593791,2361,CreateJoint,200,OK,CreateJoint 11-34,text,true,,1771,5718,21,370,https://api-scuda.uat.oci.krungsri.tech/ic/api/v1/customer/joint/createprofile,2361,0,17
1779799596121,35,SearchIndividual,200,OK,SearchIndividual 2-1018,text,true,,1127,2602,2,369,https://api-scuda.uat.oci.krungsri.tech/ords/api/v1/customer/individual/searchprofile,35,0,15
1779799596131,42,SearchIndividual,200,OK,SearchIndividual 2-1019,text,true,,1149,2602,1,369,https://api-scuda.uat.oci.krungsri.tech/ords/api/v1/customer/individual/searchprofile,42,0,25
1779799592682,3546,UpdateJuristic,200,OK,UpdateJuristic 8-25,text,true,,800,4425,11,370,https://api-scuda.uat.oci.krungsri.tech/ic/api/v1/customer/juristic/updateprofile,3546,0,27
1779799596197,31,SearchIndividual,200,OK,SearchIndividual 2-1020,text,true,,1127,2602,1,370,https://api-scuda.uat.oci.krungsri.tech/ords/api/v1/customer/individual/searchprofile,30,0,19
1779799594670,1559,UpdateJuristic,200,OK,UpdateJuristic 8-30,text,true,,800,5795,10,368,https://api-scuda.uat.oci.krungsri.tech/ic/api/v1/customer/juristic/updateprofile,1559,0,19
1779799587096,9142,UpdateIndividual,200,OK,UpdateIndividual 4-224,text,true,,800,5584,134,367,https://api-scuda.uat.oci.krungsri.tech/ic/api/v1/customer/individual/updateprofile,9142,0,21
1779799580732,15509,UpdateJuristic,200,OK,UpdateJuristic 8-16,text,true,,800,5748,9,366,https://api-scuda.uat.oci.krungsri.tech/ic/api/v1/customer/juristic/updateprofile,15509,0,84
1779799594925,1316,GetIndividual,200,OK,GetIndividual 1-604,text,true,,3851,3588,155,366,https://api-scuda.uat.oci.krungsri.tech/ic/api/v1/customer/individual/getprofile,1316,0,35
1779799596282,43,SearchIndividual,200,OK,SearchIndividual 2-1021,text,true,,1187,2602,2,373,https://api-scuda.uat.oci.krungsri.tech/ords/api/v1/customer/individual/searchprofile,42,0,15
1779799594491,1834,GetIndividual,200,OK,GetIndividual 1-587,text,true,,3845,3588,159,373,https://api-scuda.uat.oci.krungsri.tech/ic/api/v1/customer/individual/getprofile,1834,0,44
1779799594566,1760,GetIndividual,200,OK,GetIndividual 1-589,text,true,,3819,3588,158,371,https://api-scuda.uat.oci.krungsri.tech/ic/api/v1/customer/individual/getprofile,1760,0,17
1779799596318,34,SearchJoint,200,OK,SearchJoint 10-33,text,true,,620,2626,1,375,https://api-scuda.uat.oci.krungsri.tech/ords/api/v1/customer/joint/searchprofile,33,0,21
1779799596317,48,SearchIndividual,200,OK,SearchIndividual 2-1022,text,true,,1177,2602,2,375,https://api-scuda.uat.oci.krungsri.tech/ords/api/v1/customer/individual/searchprofile,48,0,32
1779799596340,33,SearchIndividual,200,OK,SearchIndividual 2-1023,text,true,,1163,2602,1,375,https://api-scuda.uat.oci.krungsri.tech/ords/api/v1/customer/individual/searchprofile,33,0,20
1779799596387,33,SearchIndividual,200,OK,SearchIndividual 2-1024,text,true,,1188,2601,3,385,https://api-scuda.uat.oci.krungsri.tech/ords/api/v1/customer/individual/searchprofile,33,0,21
1779799594833,1604,UpdateIndividual,200,OK,UpdateIndividual 4-369,text,true,,800,5611,137,384,https://api-scuda.uat.oci.krungsri.tech/ic/api/v1/customer/individual/updateprofile,1604,0,11
1779799591305,5138,GetIndividual,429,Too Many Requests,GetIndividual 1-494,text,false,,600,3588,161,383,https://api-scuda.uat.oci.krungsri.tech/ic/api/v1/customer/individual/getprofile,5138,0,23
1779799596411,38,SearchIndividual,200,OK,SearchIndividual 2-1026,text,true,,1215,2602,2,382,https://api-scuda.uat.oci.krungsri.tech/ords/api/v1/customer/individual/searchprofile,38,0,21
1779799596411,55,SearchIndividual,200,OK,SearchIndividual 2-1025,text,true,,1207,2602,2,382,https://api-scuda.uat.oci.krungsri.tech/ords/api/v1/customer/individual/searchprofile,54,0,29
1779799596461,45,SearchIndividual,200,OK,SearchIndividual 2-1027,text,true,,1187,2602,6,388,https://api-scuda.uat.oci.krungsri.tech/ords/api/v1/customer/individual/searchprofile,45,0,23
1779799596482,39,SearchIndividual,200,OK,SearchIndividual 2-1030,text,true,,1177,2602,5,388,https://api-scuda.uat.oci.krungsri.tech/ords/api/v1/customer/individual/searchprofile,39,0,17
1779799596476,49,SearchIndividual,200,OK,SearchIndividual 2-1029,text,true,,1173,2602,4,387,https://api-scuda.uat.oci.krungsri.tech/ords/api/v1/customer/individual/searchprofile,49,0,20
1779799596470,60,SearchIndividual,200,OK,SearchIndividual 2-1028,text,true,,1205,2602,3,387,https://api-scuda.uat.oci.krungsri.tech/ords/api/v1/customer/individual/searchprofile,60,0,23
1779799589127,7404,GetIndividual,200,OK,GetIndividual 1-426,text,true,,3840,3588,162,387,https://api-scuda.uat.oci.krungsri.tech/ic/api/v1/customer/individual/getprofile,7404,0,18
1779799596504,30,SearchIndividual,200,OK,SearchIndividual 2-1032,text,true,,1133,2602,2,385,https://api-scuda.uat.oci.krungsri.tech/ords/api/v1/customer/individual/searchprofile,30,0,18
1779799594974,1567,UpdateIndividual,200,OK,UpdateIndividual 4-371,text,true,,800,4227,138,386,https://api-scuda.uat.oci.krungsri.tech/ic/api/v1/customer/individual/updateprofile,1567,0,19
1779799593119,3429,GetIndividual,429,Too Many Requests,GetIndividual 1-546,text,false,,600,3588,163,385,https://api-scuda.uat.oci.krungsri.tech/ic/api/v1/customer/individual/getprofile,3429,0,49
1779799595116,1433,GetIndividual,200,OK,GetIndividual 1-610,text,true,,3898,3588,162,384,https://api-scuda.uat.oci.krungsri.tech/ic/api/v1/customer/individual/getprofile,1433,0,16
1779799595061,1488,UpdateIndividual,200,OK,UpdateIndividual 4-372,text,true,,800,4227,137,384,https://api-scuda.uat.oci.krungsri.tech/ic/api/v1/customer/individual/updateprofile,1488,0,19
1779799592885,3668,UpdateIndividual,200,OK,UpdateIndividual 4-337,text,true,,800,4228,136,382,https://api-scuda.uat.oci.krungsri.tech/ic/api/v1/customer/individual/updateprofile,3668,0,28
1779799596503,95,SearchIndividual,200,OK,SearchIndividual 2-1031,text,true,,1157,2602,5,387,https://api-scuda.uat.oci.krungsri.tech/ords/api/v1/customer/individual/searchprofile,95,0,52
1779799596555,47,SearchIndividual,200,OK,SearchIndividual 2-1034,text,true,,1151,2602,4,386,https://api-scuda.uat.oci.krungsri.tech/ords/api/v1/customer/individual/searchprofile,46,0,27
1779799596555,57,SearchIndividual,200,OK,SearchIndividual 2-1033,text,true,,1175,2602,3,385,https://api-scuda.uat.oci.krungsri.tech/ords/api/v1/customer/individual/searchprofile,57,0,44
1779799596569,47,SearchIndividual,200,OK,SearchIndividual 2-1035,text,true,,1119,2602,2,385,https://api-scuda.uat.oci.krungsri.tech/ords/api/v1/customer/individual/searchprofile,47,0,35
1779799594322,2306,UpdateIndividual,200,OK,UpdateIndividual 4-353,text,true,,800,4229,135,387,https://api-scuda.uat.oci.krungsri.tech/ic/api/v1/customer/individual/updateprofile,2306,0,16
1779799596653,26,SearchIndividual,200,OK,SearchIndividual 2-1039,text,true,,1189,2602,6,392,https://api-scuda.uat.oci.krungsri.tech/ords/api/v1/customer/individual/searchprofile,26,0,14
1779799596636,53,SearchIndividual,200,OK,SearchIndividual 2-1038,text,true,,1229,2602,5,392,https://api-scuda.uat.oci.krungsri.tech/ords/api/v1/customer/individual/searchprofile,53,0,18
1779799596673,38,SearchIndividual,200,OK,SearchIndividual 2-1040,text,true,,1175,2602,4,391,https://api-scuda.uat.oci.krungsri.tech/ords/api/v1/customer/individual/searchprofile,38,0,25
1779799595294,1438,GetIndividual,200,OK,GetIndividual 1-617,text,true,,3891,3588,170,394,https://api-scuda.uat.oci.krungsri.tech/ic/api/v1/customer/individual/getprofile,1438,0,19
1779799590105,6629,GetIndividual,200,OK,GetIndividual 1-468,text,true,,3909,3588,169,393,https://api-scuda.uat.oci.krungsri.tech/ic/api/v1/customer/individual/getprofile,6629,0,55
1779799594812,1924,GetIndividual,200,OK,GetIndividual 1-600,text,true,,3845,3588,168,393,https://api-scuda.uat.oci.krungsri.tech/ic/api/v1/customer/individual/getprofile,1924,0,20
1779799593568,3171,GetIndividual,200,OK,GetIndividual 1-561,text,true,,3901,3588,167,392,https://api-scuda.uat.oci.krungsri.tech/ic/api/v1/customer/individual/getprofile,3171,0,13
1779799595260,1479,GetIndividual,200,OK,GetIndividual 1-616,text,true,,3875,3588,166,391,https://api-scuda.uat.oci.krungsri.tech/ic/api/v1/customer/individual/getprofile,1479,0,19
1779799595164,1575,GetIndividual,200,OK,GetIndividual 1-613,text,true,,3887,3588,166,391,https://api-scuda.uat.oci.krungsri.tech/ic/api/v1/customer/individual/getprofile,1575,0,11
1779799594750,2009,GetIndividual,200,OK,GetIndividual 1-598,text,true,,3851,3588,164,391,https://api-scuda.uat.oci.krungsri.tech/ic/api/v1/customer/individual/getprofile,2009,0,65
1779799593239,3521,GetIndividual,200,OK,GetIndividual 1-553,text,true,,3877,3588,164,391,https://api-scuda.uat.oci.krungsri.tech/ic/api/v1/customer/individual/getprofile,3521,0,17
1779799596735,27,SearchIndividual,200,OK,SearchIndividual 2-1044,text,true,,1203,2602,6,389,https://api-scuda.uat.oci.krungsri.tech/ords/api/v1/customer/individual/searchprofile,27,0,12
1779799592208,4555,GetIndividual,200,OK,GetIndividual 1-527,text,true,,3851,3588,162,389,https://api-scuda.uat.oci.krungsri.tech/ic/api/v1/customer/individual/getprofile,4555,0,35
1779799596596,174,SearchIndividual,200,OK,SearchIndividual 2-1036,text,true,,1181,2602,8,391,https://api-scuda.uat.oci.krungsri.tech/ords/api/v1/customer/individual/searchprofile,174,0,98
1779799596625,158,SearchIndividual,200,OK,SearchIndividual 2-1037,text,true,,1137,2602,9,394,https://api-scuda.uat.oci.krungsri.tech/ords/api/v1/customer/individual/searchprofile,151,0,73
1779799596721,74,SearchIndividual,200,OK,SearchIndividual 2-1042,text,true,,1273,2602,10,398,https://api-scuda.uat.oci.krungsri.tech/ords/api/v1/customer/individual/searchprofile,74,0,41
1779799596676,122,SearchIndividual,200,OK,SearchIndividual 2-1041,text,true,,1190,2601,9,397,https://api-scuda.uat.oci.krungsri.tech/ords/api/v1/customer/individual/searchprofile,122,0,84
1779799596767,32,SearchIndividual,200,OK,SearchIndividual 2-1046,text,true,,1145,2602,9,397,https://api-scuda.uat.oci.krungsri.tech/ords/api/v1/customer/individual/searchprofile,32,0,18
1779799596770,41,SearchJoint,200,OK,SearchJoint 10-34,text,true,,621,2627,1,395,https://api-scuda.uat.oci.krungsri.tech/ords/api/v1/customer/joint/searchprofile,41,0,24
1779799596767,47,SearchIndividual,200,OK,SearchIndividual 2-1045,text,true,,1197,2602,7,394,https://api-scuda.uat.oci.krungsri.tech/ords/api/v1/customer/individual/searchprofile,47,0,25
1779799596777,38,SearchIndividual,200,OK,SearchIndividual 2-1048,text,true,,1145,2602,6,393,https://api-scuda.uat.oci.krungsri.tech/ords/api/v1/customer/individual/searchprofile,38,0,26
1779799596789,35,SearchIndividual,200,OK,SearchIndividual 2-1050,text,true,,1175,2602,5,394,https://api-scuda.uat.oci.krungsri.tech/ords/api/v1/customer/individual/searchprofile,35,0,24
1779799589010,7815,UpdateIndividual,200,OK,UpdateIndividual 4-252,text,true,,800,4227,139,393,https://api-scuda.uat.oci.krungsri.tech/ic/api/v1/customer/individual/updateprofile,7815,0,25
1779799596730,97,SearchIndividual,200,OK,SearchIndividual 2-1043,text,true,,1149,2602,4,392,https://api-scuda.uat.oci.krungsri.tech/ords/api/v1/customer/individual/searchprofile,97,0,56
1779799596791,38,SearchIndividual,200,OK,SearchIndividual 2-1051,text,true,,1215,2602,3,391,https://api-scuda.uat.oci.krungsri.tech/ords/api/v1/customer/individual/searchprofile,38,0,17
1779799596777,53,SearchIndividual,200,OK,SearchIndividual 2-1049,text,true,,1237,2602,3,391,https://api-scuda.uat.oci.krungsri.tech/ords/api/v1/customer/individual/searchprofile,52,0,30
1779799596771,62,SearchIndividual,200,OK,SearchIndividual 2-1047,text,true,,1167,2602,1,389,https://api-scuda.uat.oci.krungsri.tech/ords/api/v1/customer/individual/searchprofile,62,0,31
1779799591629,5205,GetJoint,200,OK,GetJoint 9-24,text,true,,1431,3530,8,388,https://api-scuda.uat.oci.krungsri.tech/ic/api/v1/customer/joint/getprofile,5205,0,23
1779799592692,4146,UpdateIndividual,200,OK,UpdateIndividual 4-330,text,true,,799,4226,138,387,https://api-scuda.uat.oci.krungsri.tech/ic/api/v1/customer/individual/updateprofile,4146,0,18
1779799595175,1664,UpdateIndividual,200,OK,UpdateIndividual 4-377,text,true,,800,4230,137,387,https://api-scuda.uat.oci.krungsri.tech/ic/api/v1/customer/individual/updateprofile,1664,0,22
1779799594556,2290,UpdateIndividual,200,OK,UpdateIndividual 4-358,text,true,,800,4229,136,386,https://api-scuda.uat.oci.krungsri.tech/ic/api/v1/customer/individual/updateprofile,2290,0,34
1779799595061,1786,GetIndividual,200,OK,GetIndividual 1-608,text,true,,3906,3588,166,386,https://api-scuda.uat.oci.krungsri.tech/ic/api/v1/customer/individual/getprofile,1786,0,14
1779799588934,7999,UpdateIndividual,200,OK,UpdateIndividual 4-248,text,true,,800,5585,137,394,https://api-scuda.uat.oci.krungsri.tech/ic/api/v1/customer/individual/updateprofile,7999,0,23
1779799589781,7154,GetIndividual,200,OK,GetIndividual 1-452,text,true,,3833,3588,167,393,https://api-scuda.uat.oci.krungsri.tech/ic/api/v1/customer/individual/getprofile,7154,0,12
1779799591741,5200,GetIndividual,200,OK,GetIndividual 1-512,text,true,,3846,3588,166,392,https://api-scuda.uat.oci.krungsri.tech/ic/api/v1/customer/individual/getprofile,5200,0,32
1779799589234,7709,GetIndividual,200,OK,GetIndividual 1-430,text,true,,3847,3588,165,391,https://api-scuda.uat.oci.krungsri.tech/ic/api/v1/customer/individual/getprofile,7709,0,22
1779799596932,31,SearchJuristic,200,OK,SearchJuristic 6-36,text,true,,1000,2600,1,393,https://api-scuda.uat.oci.krungsri.tech/ords/api/v1/customer/juristic/searchprofile,31,0,20
1779799596900,93,SearchIndividual,200,OK,SearchIndividual 2-1053,text,true,,1141,2602,5,396,https://api-scuda.uat.oci.krungsri.tech/ords/api/v1/customer/individual/searchprofile,93,0,50
1779799596889,106,SearchIndividual,200,OK,SearchIndividual 2-1052,text,true,,1133,2602,4,395,https://api-scuda.uat.oci.krungsri.tech/ords/api/v1/customer/individual/searchprofile,106,0,55
1779799596909,89,SearchIndividual,200,OK,SearchIndividual 2-1054,text,true,,1201,2602,3,394,https://api-scuda.uat.oci.krungsri.tech/ords/api/v1/customer/individual/searchprofile,87,0,58
1779799590985,6044,UpdateIndividual,200,OK,UpdateIndividual 4-290,text,true,,799,4227,140,396,https://api-scuda.uat.oci.krungsri.tech/ic/api/v1/customer/individual/updateprofile,6044,0,25
1779799596985,44,SearchIndividual,200,OK,SearchIndividual 2-1056,text,true,,1219,2602,2,396,https://api-scuda.uat.oci.krungsri.tech/ords/api/v1/customer/individual/searchprofile,44,0,23
1779799591576,5463,UpdateIndividual,200,OK,UpdateIndividual 4-304,text,true,,800,5628,139,395,https://api-scuda.uat.oci.krungsri.tech/ic/api/v1/customer/individual/updateprofile,5463,0,56
1779799592285,4755,GetIndividual,200,OK,GetIndividual 1-530,text,true,,3849,3588,168,394,https://api-scuda.uat.oci.krungsri.tech/ic/api/v1/customer/individual/getprofile,4755,0,19
1779799596981,60,SearchIndividual,200,OK,SearchIndividual 2-1055,text,true,,1147,2602,2,394,https://api-scuda.uat.oci.krungsri.tech/ords/api/v1/customer/individual/searchprofile,59,0,29
1779799593692,3351,UpdateIndividual,200,OK,UpdateIndividual 4-344,text,true,,800,5655,138,392,https://api-scuda.uat.oci.krungsri.tech/ic/api/v1/customer/individual/updateprofile,3351,0,20
1779799595578,1465,UpdateIndividual,200,OK,UpdateIndividual 4-382,text,true,,800,5559,138,392,https://api-scuda.uat.oci.krungsri.tech/ic/api/v1/customer/individual/updateprofile,1465,0,23
1779799591019,6029,GetIndividual,429,Too Many Requests,GetIndividual 1-488,text,false,,600,3587,167,390,https://api-scuda.uat.oci.krungsri.tech/ic/api/v1/customer/individual/getprofile,6029,0,19
1779799597030,44,SearchIndividual,200,OK,SearchIndividual 2-1057,text,true,,1165,2602,1,390,https://api-scuda.uat.oci.krungsri.tech/ords/api/v1/customer/individual/searchprofile,43,0,29
1779799594765,2362,GetIndividual,200,OK,GetIndividual 1-599,text,true,,3859,3588,169,393,https://api-scuda.uat.oci.krungsri.tech/ic/api/v1/customer/individual/getprofile,2362,0,44
1779799595923,1212,GetIndividual,200,OK,GetIndividual 1-633,text,true,,3847,3588,168,392,https://api-scuda.uat.oci.krungsri.tech/ic/api/v1/customer/individual/getprofile,1212,0,17
1779799588566,8572,GetIndividual,200,OK,GetIndividual 1-407,text,true,,3901,3588,167,392,https://api-scuda.uat.oci.krungsri.tech/ic/api/v1/customer/individual/getprofile,8572,0,34
1779799595847,1291,GetIndividual,200,OK,GetIndividual 1-632,text,true,,3833,3588,167,392,https://api-scuda.uat.oci.krungsri.tech/ic/api/v1/customer/individual/getprofile,1291,0,20
1779799590945,6193,GetIndividual,200,OK,GetIndividual 1-486,text,true,,3838,3588,167,392,https://api-scuda.uat.oci.krungsri.tech/ic/api/v1/customer/individual/getprofile,6193,0,13
1779799583656,13487,GetIndividual,200,OK,GetIndividual 1-251,text,true,,3859,3587,165,390,https://api-scuda.uat.oci.krungsri.tech/ic/api/v1/customer/individual/getprofile,13487,0,18
1779799595121,2024,UpdateIndividual,200,OK,UpdateIndividual 4-374,text,true,,800,5552,136,390,https://api-scuda.uat.oci.krungsri.tech/ic/api/v1/customer/individual/updateprofile,2024,0,27
1779799597128,33,SearchIndividual,200,OK,SearchIndividual 2-1059,text,true,,1193,2602,4,391,https://api-scuda.uat.oci.krungsri.tech/ords/api/v1/customer/individual/searchprofile,33,0,18
1779799597127,34,SearchIndividual,200,OK,SearchIndividual 2-1058,text,true,,1181,2602,4,391,https://api-scuda.uat.oci.krungsri.tech/ords/api/v1/customer/individual/searchprofile,34,0,21
1779799597137,34,SearchIndividual,200,OK,SearchIndividual 2-1060,text,true,,1183,2602,3,391,https://api-scuda.uat.oci.krungsri.tech/ords/api/v1/customer/individual/searchprofile,33,0,22
1779799597147,25,SearchIndividual,200,OK,SearchIndividual 2-1061,text,true,,1187,2602,2,391,https://api-scuda.uat.oci.krungsri.tech/ords/api/v1/customer/individual/searchprofile,25,0,12
1779799597167,33,SearchIndividual,200,OK,SearchIndividual 2-1062,text,true,,1183,2602,5,394,https://api-scuda.uat.oci.krungsri.tech/ords/api/v1/customer/individual/searchprofile,33,0,20
1779799597176,31,SearchIndividual,200,OK,SearchIndividual 2-1063,text,true,,1185,2602,4,394,https://api-scuda.uat.oci.krungsri.tech/ords/api/v1/customer/individual/searchprofile,31,0,17
1779799597181,30,SearchIndividual,200,OK,SearchIndividual 2-1066,text,true,,1153,2602,3,393,https://api-scuda.uat.oci.krungsri.tech/ords/api/v1/customer/individual/searchprofile,30,0,16
1779799597180,34,SearchIndividual,200,OK,SearchIndividual 2-1065,text,true,,1231,2602,2,392,https://api-scuda.uat.oci.krungsri.tech/ords/api/v1/customer/individual/searchprofile,33,0,18
1779799597178,43,SearchIndividual,200,OK,SearchIndividual 2-1064,text,true,,1153,2602,2,392,https://api-scuda.uat.oci.krungsri.tech/ords/api/v1/customer/individual/searchprofile,43,0,26
1779799581427,15797,CreateIndividual,201,Created,CreateIndividual 3-16,text,true,,1172,8218,17,393,https://api-scuda.uat.oci.krungsri.tech/ic/api/v1/customer/individual/createprofile,15797,0,18
1779799595388,1838,UpdateJoint,200,OK,UpdateJoint 12-29,text,true,,800,3614,9,392,https://api-scuda.uat.oci.krungsri.tech/ic/api/v1/customer/joint/updateprofile,1838,0,29
1779799595666,1569,UpdateJuristic,200,OK,UpdateJuristic 8-31,text,true,,800,4421,8,392,https://api-scuda.uat.oci.krungsri.tech/ic/api/v1/customer/juristic/updateprofile,1569,0,25
1779799594078,3158,CreateJuristic,429,Too Many Requests,CreateJuristic 7-29,text,false,,602,8076,14,391,https://api-scuda.uat.oci.krungsri.tech/ic/api/v1/customer/juristic/createprofile,3158,0,23
1779799595636,1604,GetIndividual,200,OK,GetIndividual 1-626,text,true,,3844,3587,169,391,https://api-scuda.uat.oci.krungsri.tech/ic/api/v1/customer/individual/getprofile,1604,0,58
1779799595654,1591,GetIndividual,200,OK,GetIndividual 1-627,text,true,,3832,3588,168,390,https://api-scuda.uat.oci.krungsri.tech/ic/api/v1/customer/individual/getprofile,1591,0,39
1779799582047,15198,UpdateIndividual,200,OK,UpdateIndividual 4-137,text,true,,800,5569,137,389,https://api-scuda.uat.oci.krungsri.tech/ic/api/v1/customer/individual/updateprofile,15198,0,34
1779799586764,10484,GetIndividual,200,OK,GetIndividual 1-346,text,true,,3815,3588,167,388,https://api-scuda.uat.oci.krungsri.tech/ic/api/v1/customer/individual/getprofile,10484,0,18
1779799597224,25,SearchIndividual,200,OK,SearchIndividual 2-1068,text,true,,1159,2602,3,387,https://api-scuda.uat.oci.krungsri.tech/ords/api/v1/customer/individual/searchprofile,25,0,12
1779799597217,38,SearchIndividual,200,OK,SearchIndividual 2-1067,text,true,,1251,2602,2,386,https://api-scuda.uat.oci.krungsri.tech/ords/api/v1/customer/individual/searchprofile,38,0,24
1779799597227,43,SearchIndividual,200,OK,SearchIndividual 2-1069,text,true,,1189,2602,3,390,https://api-scuda.uat.oci.krungsri.tech/ords/api/v1/customer/individual/searchprofile,43,0,31
1779799597263,37,SearchIndividual,200,OK,SearchIndividual 2-1070,text,true,,1180,2601,5,392,https://api-scuda.uat.oci.krungsri.tech/ords/api/v1/customer/individual/searchprofile,37,0,19
1779799597274,30,SearchIndividual,200,OK,SearchIndividual 2-1072,text,true,,1151,2602,4,391,https://api-scuda.uat.oci.krungsri.tech/ords/api/v1/customer/individual/searchprofile,30,0,19
1779799597268,52,SearchIndividual,200,OK,SearchIndividual 2-1071,text,true,,1199,2602,5,394,https://api-scuda.uat.oci.krungsri.tech/ords/api/v1/customer/individual/searchprofile,52,0,22
1779799597300,26,SearchIndividual,200,OK,SearchIndividual 2-1074,text,true,,1229,2602,4,393,https://api-scuda.uat.oci.krungsri.tech/ords/api/v1/customer/individual/searchprofile,26,0,15
1779799597288,41,SearchIndividual,200,OK,SearchIndividual 2-1073,text,true,,1229,2602,3,392,https://api-scuda.uat.oci.krungsri.tech/ords/api/v1/customer/individual/searchprofile,41,0,29
1779799597311,34,SearchIndividual,200,OK,SearchIndividual 2-1075,text,true,,1179,2602,4,393,https://api-scuda.uat.oci.krungsri.tech/ords/api/v1/customer/individual/searchprofile,34,0,19
1779799597318,35,SearchIndividual,200,OK,SearchIndividual 2-1076,text,true,,1169,2602,3,392,https://api-scuda.uat.oci.krungsri.tech/ords/api/v1/customer/individual/searchprofile,35,0,23
1779799597333,26,SearchIndividual,200,OK,SearchIndividual 2-1078,text,true,,1139,2602,2,392,https://api-scuda.uat.oci.krungsri.tech/ords/api/v1/customer/individual/searchprofile,25,0,13
1779799597330,30,SearchIndividual,200,OK,SearchIndividual 2-1077,text,true,,1179,2602,1,391,https://api-scuda.uat.oci.krungsri.tech/ords/api/v1/customer/individual/searchprofile,29,0,16
1779799597367,42,SearchIndividual,200,OK,SearchIndividual 2-1079,text,true,,1201,2602,2,394,https://api-scuda.uat.oci.krungsri.tech/ords/api/v1/customer/individual/searchprofile,41,0,20
1779799597404,31,SearchIndividual,200,OK,SearchIndividual 2-1080,text,true,,1181,2602,2,397,https://api-scuda.uat.oci.krungsri.tech/ords/api/v1/customer/individual/searchprofile,31,0,18
1779799597419,26,SearchIndividual,200,OK,SearchIndividual 2-1081,text,true,,1185,2602,1,396,https://api-scuda.uat.oci.krungsri.tech/ords/api/v1/customer/individual/searchprofile,26,0,13
1779799593712,3758,GetIndividual,200,OK,GetIndividual 1-566,text,true,,3909,3588,172,397,https://api-scuda.uat.oci.krungsri.tech/ic/api/v1/customer/individual/getprofile,3758,0,16
1779799597448,25,SearchIndividual,200,OK,SearchIndividual 2-1082,text,true,,1213,2602,2,396,https://api-scuda.uat.oci.krungsri.tech/ords/api/v1/customer/individual/searchprofile,25,0,14
1779799592479,4999,UpdateIndividual,200,OK,UpdateIndividual 4-327,text,true,,800,5617,139,395,https://api-scuda.uat.oci.krungsri.tech/ic/api/v1/customer/individual/updateprofile,4999,0,13
1779799597450,48,SearchIndividual,200,OK,SearchIndividual 2-1083,text,true,,1103,2602,2,395,https://api-scuda.uat.oci.krungsri.tech/ords/api/v1/customer/individual/searchprofile,47,0,25
1779799593971,3554,GetIndividual,200,OK,GetIndividual 1-570,text,true,,3823,3588,172,397,https://api-scuda.uat.oci.krungsri.tech/ic/api/v1/customer/individual/getprofile,3554,0,21
1779799592305,5230,UpdateIndividual,429,Too Many Requests,UpdateIndividual 4-324,text,false,,606,4229,138,397,https://api-scuda.uat.oci.krungsri.tech/ic/api/v1/customer/individual/updateprofile,5230,0,25
1779799590876,6659,CreateJoint,200,OK,CreateJoint 11-28,text,true,,1772,6057,25,397,https://api-scuda.uat.oci.krungsri.tech/ic/api/v1/customer/joint/createprofile,6659,0,23
1779799591180,6356,UpdateIndividual,200,OK,UpdateIndividual 4-292,text,true,,800,5600,137,396,https://api-scuda.uat.oci.krungsri.tech/ic/api/v1/customer/individual/updateprofile,6356,0,21
1779799591931,5605,UpdateIndividual,200,OK,UpdateIndividual 4-310,text,true,,799,5597,137,395,https://api-scuda.uat.oci.krungsri.tech/ic/api/v1/customer/individual/updateprofile,5605,0,24
1779799597492,52,SearchIndividual,200,OK,SearchIndividual 2-1084,text,true,,1187,2602,2,393,https://api-scuda.uat.oci.krungsri.tech/ords/api/v1/customer/individual/searchprofile,49,0,15
1779799597500,44,SearchIndividual,200,OK,SearchIndividual 2-1085,text,true,,1235,2602,1,392,https://api-scuda.uat.oci.krungsri.tech/ords/api/v1/customer/individual/searchprofile,44,0,25
1779799597558,26,SearchIndividual,200,OK,SearchIndividual 2-1086,text,true,,1215,2602,2,395,https://api-scuda.uat.oci.krungsri.tech/ords/api/v1/customer/individual/searchprofile,26,0,14
1779799597581,44,SearchIndividual,200,OK,SearchIndividual 2-1087,text,true,,1159,2602,2,398,https://api-scuda.uat.oci.krungsri.tech/ords/api/v1/customer/individual/searchprofile,44,0,23
1779799595236,2392,UpdateIndividual,200,OK,UpdateIndividual 4-379,text,true,,800,4227,136,397,https://api-scuda.uat.oci.krungsri.tech/ic/api/v1/customer/individual/updateprofile,2392,0,38
1779799596086,1543,UpdateIndividual,200,OK,UpdateIndividual 4-392,text,true,,800,5606,135,396,https://api-scuda.uat.oci.krungsri.tech/ic/api/v1/customer/individual/updateprofile,1543,0,20
1779799592774,4862,GetIndividual,200,OK,GetIndividual 1-538,text,true,,3915,3588,173,397,https://api-scuda.uat.oci.krungsri.tech/ic/api/v1/customer/individual/getprofile,4862,0,31
1779799592308,5328,UpdateIndividual,200,OK,UpdateIndividual 4-323,text,true,,800,4229,135,396,https://api-scuda.uat.oci.krungsri.tech/ic/api/v1/customer/individual/updateprofile,5328,0,16
1779799593970,3668,UpdateJuristic,200,OK,UpdateJuristic 8-27,text,true,,800,5827,9,395,https://api-scuda.uat.oci.krungsri.tech/ic/api/v1/customer/juristic/updateprofile,3668,0,20
1779799597609,41,SearchIndividual,200,OK,SearchIndividual 2-1088,text,true,,1227,2602,2,396,https://api-scuda.uat.oci.krungsri.tech/ords/api/v1/customer/individual/searchprofile,41,0,17
1779799597633,43,SearchIndividual,200,OK,SearchIndividual 2-1089,text,true,,1249,2602,2,397,https://api-scuda.uat.oci.krungsri.tech/ords/api/v1/customer/individual/searchprofile,43,0,20
1779799597654,34,SearchIndividual,200,OK,SearchIndividual 2-1090,text,true,,1189,2602,1,396,https://api-scuda.uat.oci.krungsri.tech/ords/api/v1/customer/individual/searchprofile,33,0,19
1779799597697,28,SearchIndividual,200,OK,SearchIndividual 2-1091,text,true,,1183,2602,2,398,https://api-scuda.uat.oci.krungsri.tech/ords/api/v1/customer/individual/searchprofile,27,0,17
1779799596279,1447,GetIndividual,200,OK,GetIndividual 1-644,text,true,,3841,3588,173,397,https://api-scuda.uat.oci.krungsri.tech/ic/api/v1/customer/individual/getprofile,1447,0,19
1779799588360,9376,GetJoint,200,OK,GetJoint 9-23,text,true,,1429,3530,7,396,https://api-scuda.uat.oci.krungsri.tech/ic/api/v1/customer/joint/getprofile,9376,0,13
1779799590670,7067,GetIndividual,200,OK,GetIndividual 1-483,text,true,,3817,3588,172,395,https://api-scuda.uat.oci.krungsri.tech/ic/api/v1/customer/individual/getprofile,7067,0,19
1779799596254,1484,GetIndividual,200,OK,GetIndividual 1-641,text,true,,3862,3588,171,395,https://api-scuda.uat.oci.krungsri.tech/ic/api/v1/customer/individual/getprofile,1484,0,18
1779799594074,3667,GetJuristic,429,Too Many Requests,GetJuristic 5-27,text,false,,596,3531,8,394,https://api-scuda.uat.oci.krungsri.tech/ic/api/v1/customer/juristic/getprofile,3667,0,16
1779799597724,32,SearchIndividual,200,OK,SearchIndividual 2-1092,text,true,,1183,2602,2,394,https://api-scuda.uat.oci.krungsri.tech/ords/api/v1/customer/individual/searchprofile,32,0,21
1779799597765,27,SearchIndividual,429,Too Many Requests,SearchIndividual 2-1095,text,false,,417,2602,6,400,https://api-scuda.uat.oci.krungsri.tech/ords/api/v1/customer/individual/searchprofile,26,0,23
1779799597765,29,SearchIndividual,429,Too Many Requests,SearchIndividual 2-1094,text,false,,417,2602,5,399,https://api-scuda.uat.oci.krungsri.tech/ords/api/v1/customer/individual/searchprofile,29,0,27
1779799597738,61,SearchIndividual,200,OK,SearchIndividual 2-1093,text,true,,1127,2602,5,399,https://api-scuda.uat.oci.krungsri.tech/ords/api/v1/customer/individual/searchprofile,60,0,36
1779799597772,30,SearchIndividual,200,OK,SearchIndividual 2-1096,text,true,,1157,2602,4,398,https://api-scuda.uat.oci.krungsri.tech/ords/api/v1/customer/individual/searchprofile,30,0,19
1779799597797,23,SearchIndividual,429,Too Many Requests,SearchIndividual 2-1099,text,false,,417,2602,4,399,https://api-scuda.uat.oci.krungsri.tech/ords/api/v1/customer/individual/searchprofile,23,0,15
1779799597784,36,GetIndividual,429,Too Many Requests,GetIndividual 1-695,text,false,,417,3588,173,399,https://api-scuda.uat.oci.krungsri.tech/ic/api/v1/customer/individual/getprofile,36,0,28
1779799597779,42,SearchIndividual,429,Too Many Requests,SearchIndividual 2-1097,text,false,,417,2602,4,399,https://api-scuda.uat.oci.krungsri.tech/ords/api/v1/customer/individual/searchprofile,42,0,32
1779799597789,34,SearchIndividual,200,OK,SearchIndividual 2-1098,text,true,,1183,2602,2,396,https://api-scuda.uat.oci.krungsri.tech/ords/api/v1/customer/individual/searchprofile,34,0,22
1779799597809,19,GetJuristic,429,Too Many Requests,GetJuristic 5-31,text,false,,417,3533,8,396,https://api-scuda.uat.oci.krungsri.tech/ic/api/v1/customer/juristic/getprofile,19,0,16
1779799591332,6505,GetIndividual,200,OK,GetIndividual 1-495,text,true,,3849,3588,172,398,https://api-scuda.uat.oci.krungsri.tech/ic/api/v1/customer/individual/getprofile,6505,0,17
1779799596555,1283,GetIndividual,200,OK,GetIndividual 1-654,text,true,,3855,3588,172,398,https://api-scuda.uat.oci.krungsri.tech/ic/api/v1/customer/individual/getprofile,1283,0,43
1779799597807,31,SearchIndividual,200,OK,SearchIndividual 2-1100,text,true,,1201,2602,4,397,https://api-scuda.uat.oci.krungsri.tech/ords/api/v1/customer/individual/searchprofile,30,0,15
1779799594014,3825,GetIndividual,429,Too Many Requests,GetIndividual 1-573,text,false,,600,3587,171,397,https://api-scuda.uat.oci.krungsri.tech/ic/api/v1/customer/individual/getprofile,3825,0,24
1779799584567,13274,UpdateJoint,200,OK,UpdateJoint 12-20,text,true,,799,3613,8,394,https://api-scuda.uat.oci.krungsri.tech/ic/api/v1/customer/joint/updateprofile,13274,0,20
1779799596060,1780,GetIndividual,200,OK,GetIndividual 1-637,text,true,,3847,3588,170,395,https://api-scuda.uat.oci.krungsri.tech/ic/api/v1/customer/individual/getprofile,1780,0,23
1779799597831,21,SearchIndividual,200,OK,SearchIndividual 2-1102,text,true,,1217,2602,4,394,https://api-scuda.uat.oci.krungsri.tech/ords/api/v1/customer/individual/searchprofile,21,0,10
1779799597836,23,SearchIndividual,200,OK,SearchIndividual 2-1103,text,true,,1139,2602,3,393,https://api-scuda.uat.oci.krungsri.tech/ords/api/v1/customer/individual/searchprofile,23,0,11
1779799597827,42,SearchIndividual,200,OK,SearchIndividual 2-1101,text,true,,1159,2602,3,393,https://api-scuda.uat.oci.krungsri.tech/ords/api/v1/customer/individual/searchprofile,42,0,19
1779799597853,46,SearchIndividual,200,OK,SearchIndividual 2-1104,text,true,,1139,2602,4,396,https://api-scuda.uat.oci.krungsri.tech/ords/api/v1/customer/individual/searchprofile,46,0,30
1779799597866,45,SearchIndividual,200,OK,SearchIndividual 2-1105,text,true,,1235,2602,3,396,https://api-scuda.uat.oci.krungsri.tech/ords/api/v1/customer/individual/searchprofile,44,0,26
1779799597883,32,SearchIndividual,200,OK,SearchIndividual 2-1106,text,true,,621,2602,3,396,https://api-scuda.uat.oci.krungsri.tech/ords/api/v1/customer/individual/searchprofile,31,0,21
1779799597893,41,SearchIndividual,200,OK,SearchIndividual 2-1107,text,true,,1181,2602,2,398,https://api-scuda.uat.oci.krungsri.tech/ords/api/v1/customer/individual/searchprofile,41,0,20
1779799592751,5184,GetIndividual,200,OK,GetIndividual 1-537,text,true,,3922,3588,173,397,https://api-scuda.uat.oci.krungsri.tech/ic/api/v1/customer/individual/getprofile,5184,0,18
1779799597915,27,SearchIndividual,200,OK,SearchIndividual 2-1108,text,true,,1135,2602,1,397,https://api-scuda.uat.oci.krungsri.tech/ords/api/v1/customer/individual/searchprofile,26,0,15
1779799590512,7430,GetIndividual,200,OK,GetIndividual 1-476,text,true,,3931,3588,172,396,https://api-scuda.uat.oci.krungsri.tech/ic/api/v1/customer/individual/getprofile,7430,0,23
1779799596301,1642,GetIndividual,200,OK,GetIndividual 1-645,text,true,,3886,3588,172,396,https://api-scuda.uat.oci.krungsri.tech/ic/api/v1/customer/individual/getprofile,1642,0,23
1779799588773,9172,GetIndividual,200,OK,GetIndividual 1-419,text,true,,3847,3587,171,395,https://api-scuda.uat.oci.krungsri.tech/ic/api/v1/customer/individual/getprofile,9172,0,24
1779799594411,3533,GetIndividual,200,OK,GetIndividual 1-584,text,true,,3940,3588,171,395,https://api-scuda.uat.oci.krungsri.tech/ic/api/v1/customer/individual/getprofile,3533,0,26
1779799592194,5752,UpdateIndividual,200,OK,UpdateIndividual 4-319,text,true,,799,4226,141,392,https://api-scuda.uat.oci.krungsri.tech/ic/api/v1/customer/individual/updateprofile,5752,0,19
1779799597974,38,SearchIndividual,200,OK,SearchIndividual 2-1109,text,true,,1193,2602,2,400,https://api-scuda.uat.oci.krungsri.tech/ords/api/v1/customer/individual/searchprofile,37,0,25
1779799591640,6387,GetIndividual,429,Too Many Requests,GetIndividual 1-504,text,false,,600,3587,172,401,https://api-scuda.uat.oci.krungsri.tech/ic/api/v1/customer/individual/getprofile,6387,0,17
1779799587395,10635,CreateJuristic,201,Created,CreateJuristic 7-21,text,true,,1172,7781,13,401,https://api-scuda.uat.oci.krungsri.tech/ic/api/v1/customer/juristic/createprofile,10635,0,18
1779799595587,2444,GetIndividual,200,OK,GetIndividual 1-625,text,true,,3869,3588,171,400,https://api-scuda.uat.oci.krungsri.tech/ic/api/v1/customer/individual/getprofile,2444,0,24
1779799596244,1788,GetJuristic,200,OK,GetJuristic 5-30,text,true,,3533,3533,8,400,https://api-scuda.uat.oci.krungsri.tech/ic/api/v1/customer/juristic/getprofile,1788,0,21
1779799594204,3830,GetIndividual,200,OK,GetIndividual 1-577,text,true,,3833,3588,170,398,https://api-scuda.uat.oci.krungsri.tech/ic/api/v1/customer/individual/getprofile,3830,0,23
1779799595519,2515,GetIndividual,200,OK,GetIndividual 1-621,text,true,,3849,3588,170,398,https://api-scuda.uat.oci.krungsri.tech/ic/api/v1/customer/individual/getprofile,2515,0,29
1779799592064,5971,GetIndividual,200,OK,GetIndividual 1-522,text,true,,3827,3588,168,396,https://api-scuda.uat.oci.krungsri.tech/ic/api/v1/customer/individual/getprofile,5971,0,50
1779799597998,38,SearchIndividual,200,OK,SearchIndividual 2-1110,text,true,,1207,2602,3,395,https://api-scuda.uat.oci.krungsri.tech/ords/api/v1/customer/individual/searchprofile,38,0,23
1779799598028,35,SearchIndividual,200,OK,SearchIndividual 2-1112,text,true,,1183,2602,4,397,https://api-scuda.uat.oci.krungsri.tech/ords/api/v1/customer/individual/searchprofile,34,0,23
1779799598028,35,SearchIndividual,200,OK,SearchIndividual 2-1111,text,true,,1149,2602,3,396,https://api-scuda.uat.oci.krungsri.tech/ords/api/v1/customer/individual/searchprofile,35,0,22
1779799598044,34,SearchIndividual,200,OK,SearchIndividual 2-1114,text,true,,1251,2602,2,396,https://api-scuda.uat.oci.krungsri.tech/ords/api/v1/customer/individual/searchprofile,33,0,18
1779799598042,52,SearchIndividual,200,OK,SearchIndividual 2-1113,text,true,,1163,2602,2,398,https://api-scuda.uat.oci.krungsri.tech/ords/api/v1/customer/individual/searchprofile,52,0,28
1779799598084,23,SearchIndividual,429,Too Many Requests,SearchIndividual 2-1115,text,false,,417,2602,1,398,https://api-scuda.uat.oci.krungsri.tech/ords/api/v1/customer/individual/searchprofile,23,0,21
1779799598092,17,UpdateIndividual,429,Too Many Requests,UpdateIndividual 4-427,text,false,,417,5598,143,397,https://api-scuda.uat.oci.krungsri.tech/ic/api/v1/customer/individual/updateprofile,17,0,14
1779799598091,19,GetIndividual,429,Too Many Requests,GetIndividual 1-707,text,false,,417,3588,170,396,https://api-scuda.uat.oci.krungsri.tech/ic/api/v1/customer/individual/getprofile,19,0,17
1779799592186,5939,UpdateIndividual,200,OK,UpdateIndividual 4-318,text,true,,800,4228,142,397,https://api-scuda.uat.oci.krungsri.tech/ic/api/v1/customer/individual/updateprofile,5939,0,23
1779799595799,2340,GetIndividual,200,OK,GetIndividual 1-631,text,true,,3847,3588,171,398,https://api-scuda.uat.oci.krungsri.tech/ic/api/v1/customer/individual/getprofile,2340,0,40
1779799594650,3491,GetIndividual,200,OK,GetIndividual 1-595,text,true,,3855,3588,170,397,https://api-scuda.uat.oci.krungsri.tech/ic/api/v1/customer/individual/getprofile,3491,0,33
1779799596558,1584,GetIndividual,200,OK,GetIndividual 1-655,text,true,,3872,3588,169,396,https://api-scuda.uat.oci.krungsri.tech/ic/api/v1/customer/individual/getprofile,1584,0,17
1779799596664,1480,GetIndividual,200,OK,GetIndividual 1-660,text,true,,3923,3588,168,395,https://api-scuda.uat.oci.krungsri.tech/ic/api/v1/customer/individual/getprofile,1480,0,100
1779799596412,1733,GetIndividual,200,OK,GetIndividual 1-649,text,true,,3830,3588,168,395,https://api-scuda.uat.oci.krungsri.tech/ic/api/v1/customer/individual/getprofile,1733,0,26
1779799596541,1604,GetIndividual,200,OK,GetIndividual 1-653,text,true,,3804,3587,168,395,https://api-scuda.uat.oci.krungsri.tech/ic/api/v1/customer/individual/getprofile,1604,0,74
1779799598147,39,SearchIndividual,200,OK,SearchIndividual 2-1116,text,true,,1215,2602,1,398,https://api-scuda.uat.oci.krungsri.tech/ords/api/v1/customer/individual/searchprofile,39,0,26
1779799596032,2197,GetIndividual,200,OK,GetIndividual 1-636,text,true,,3918,3588,171,405,https://api-scuda.uat.oci.krungsri.tech/ic/api/v1/customer/individual/getprofile,2197,0,20
1779799585810,12425,CreateJoint,200,OK,CreateJoint 11-21,text,true,,1772,5669,26,404,https://api-scuda.uat.oci.krungsri.tech/ic/api/v1/customer/joint/createprofile,12425,0,23
1779799598202,32,SearchIndividual,200,OK,SearchIndividual 2-1118,text,true,,1181,2602,3,404,https://api-scuda.uat.oci.krungsri.tech/ords/api/v1/customer/individual/searchprofile,32,0,18
1779799592717,5517,GetJuristic,200,OK,GetJuristic 5-25,text,true,,3461,3533,7,404,https://api-scuda.uat.oci.krungsri.tech/ic/api/v1/customer/juristic/getprofile,5517,0,32
1779799589603,8631,GetIndividual,200,OK,GetIndividual 1-442,text,true,,3842,3587,170,403,https://api-scuda.uat.oci.krungsri.tech/ic/api/v1/customer/individual/getprofile,8631,0,13
1779799592262,5973,GetIndividual,429,Too Many Requests,GetIndividual 1-529,text,false,,600,3588,170,401,https://api-scuda.uat.oci.krungsri.tech/ic/api/v1/customer/individual/getprofile,5973,0,26
1779799591246,6989,GetIndividual,200,OK,GetIndividual 1-492,text,true,,3859,3587,170,401,https://api-scuda.uat.oci.krungsri.tech/ic/api/v1/customer/individual/getprofile,6989,0,13
1779799598202,39,SearchIndividual,200,OK,SearchIndividual 2-1119,text,true,,1167,2602,2,398,https://api-scuda.uat.oci.krungsri.tech/ords/api/v1/customer/individual/searchprofile,39,0,16
1779799598202,40,SearchIndividual,200,OK,SearchIndividual 2-1117,text,true,,1199,2602,1,397,https://api-scuda.uat.oci.krungsri.tech/ords/api/v1/customer/individual/searchprofile,40,0,25
1779799598272,44,SearchIndividual,200,OK,SearchIndividual 2-1120,text,true,,1139,2602,4,403,https://api-scuda.uat.oci.krungsri.tech/ords/api/v1/customer/individual/searchprofile,44,0,29
1779799598296,28,SearchIndividual,429,Too Many Requests,SearchIndividual 2-1122,text,false,,417,2602,3,402,https://api-scuda.uat.oci.krungsri.tech/ords/api/v1/customer/individual/searchprofile,28,0,22
1779799598296,32,SearchIndividual,429,Too Many Requests,SearchIndividual 2-1123,text,false,,417,2602,2,401,https://api-scuda.uat.oci.krungsri.tech/ords/api/v1/customer/individual/searchprofile,32,0,30
1779799594392,3936,UpdateJuristic,200,OK,UpdateJuristic 8-29,text,true,,800,5734,9,401,https://api-scuda.uat.oci.krungsri.tech/ic/api/v1/customer/juristic/updateprofile,3936,0,18
1779799593097,5232,GetIndividual,200,OK,GetIndividual 1-545,text,true,,3862,3588,167,400,https://api-scuda.uat.oci.krungsri.tech/ic/api/v1/customer/individual/getprofile,5232,0,20
1779799589601,8729,GetIndividual,200,OK,GetIndividual 1-441,text,true,,3830,3587,167,399,https://api-scuda.uat.oci.krungsri.tech/ic/api/v1/customer/individual/getprofile,8729,0,18
1779799598289,41,SearchIndividual,200,OK,SearchIndividual 2-1121,text,true,,1161,2602,1,398,https://api-scuda.uat.oci.krungsri.tech/ords/api/v1/customer/individual/searchprofile,41,0,25
1779799592089,6242,UpdateIndividual,200,OK,UpdateIndividual 4-314,text,true,,800,4229,145,396,https://api-scuda.uat.oci.krungsri.tech/ic/api/v1/customer/individual/updateprofile,6242,0,52
1779799596254,2079,GetIndividual,200,OK,GetIndividual 1-642,text,true,,3843,3588,166,396,https://api-scuda.uat.oci.krungsri.tech/ic/api/v1/customer/individual/getprofile,2079,0,21
1779799588750,9585,UpdateIndividual,200,OK,UpdateIndividual 4-243,text,true,,800,5578,144,395,https://api-scuda.uat.oci.krungsri.tech/ic/api/v1/customer/individual/updateprofile,9585,0,20
1779799593243,5095,UpdateIndividual,200,OK,UpdateIndividual 4-340,text,true,,800,4229,144,396,https://api-scuda.uat.oci.krungsri.tech/ic/api/v1/customer/individual/updateprofile,5095,0,19
1779799589515,8826,UpdateIndividual,200,OK,UpdateIndividual 4-260,text,true,,800,5657,143,395,https://api-scuda.uat.oci.krungsri.tech/ic/api/v1/customer/individual/updateprofile,8826,0,22
1779799596623,1718,GetIndividual,200,OK,GetIndividual 1-658,text,true,,3840,3588,165,395,https://api-scuda.uat.oci.krungsri.tech/ic/api/v1/customer/individual/getprofile,1718,0,73
1779799595911,2430,GetJuristic,200,OK,GetJuristic 5-29,text,true,,3450,3533,6,394,https://api-scuda.uat.oci.krungsri.tech/ic/api/v1/customer/juristic/getprofile,2430,0,23
1779799593544,4798,GetIndividual,429,Too Many Requests,GetIndividual 1-560,text,false,,600,3588,165,394,https://api-scuda.uat.oci.krungsri.tech/ic/api/v1/customer/individual/getprofile,4798,0,30
1779799591270,7072,GetIndividual,200,OK,GetIndividual 1-493,text,true,,3847,3588,164,393,https://api-scuda.uat.oci.krungsri.tech/ic/api/v1/customer/individual/getprofile,7072,0,28
1779799594698,3644,GetIndividual,200,OK,GetIndividual 1-597,text,true,,3964,3588,164,392,https://api-scuda.uat.oci.krungsri.tech/ic/api/v1/customer/individual/getprofile,3644,0,126
1779799592037,6307,UpdateIndividual,200,OK,UpdateIndividual 4-313,text,true,,800,5573,142,389,https://api-scuda.uat.oci.krungsri.tech/ic/api/v1/customer/individual/updateprofile,6307,0,20
1779799598337,30,SearchIndividual,200,OK,SearchIndividual 2-1124,text,true,,1149,2602,2,390,https://api-scuda.uat.oci.krungsri.tech/ords/api/v1/customer/individual/searchprofile,29,0,18
1779799598364,31,SearchIndividual,200,OK,SearchIndividual 2-1125,text,true,,1129,2602,2,391,https://api-scuda.uat.oci.krungsri.tech/ords/api/v1/customer/individual/searchprofile,31,0,20
1779799598371,28,SearchIndividual,200,OK,SearchIndividual 2-1126,text,true,,1175,2602,1,390,https://api-scuda.uat.oci.krungsri.tech/ords/api/v1/customer/individual/searchprofile,27,0,17
1779799591333,7089,UpdateIndividual,200,OK,UpdateIndividual 4-297,text,true,,800,4228,142,391,https://api-scuda.uat.oci.krungsri.tech/ic/api/v1/customer/individual/updateprofile,7089,0,18
1779799596783,1650,UpdateIndividual,200,OK,UpdateIndividual 4-403,text,true,,800,4228,141,390,https://api-scuda.uat.oci.krungsri.tech/ic/api/v1/customer/individual/updateprofile,1650,0,51
1779799598404,31,SearchIndividual,200,OK,SearchIndividual 2-1127,text,true,,1173,2602,1,389,https://api-scuda.uat.oci.krungsri.tech/ords/api/v1/customer/individual/searchprofile,31,0,19
1779799593004,5431,GetJoint,200,OK,GetJoint 9-26,text,true,,1429,3530,8,389,https://api-scuda.uat.oci.krungsri.tech/ic/api/v1/customer/joint/getprofile,5431,0,18
1779799595499,2937,GetIndividual,200,OK,GetIndividual 1-620,text,true,,3835,3588,163,387,https://api-scuda.uat.oci.krungsri.tech/ic/api/v1/customer/individual/getprofile,2937,0,21
1779799594516,3920,GetIndividual,200,OK,GetIndividual 1-588,text,true,,3876,3588,163,387,https://api-scuda.uat.oci.krungsri.tech/ic/api/v1/customer/individual/getprofile,3920,0,28
1779799596144,2294,UpdateIndividual,200,OK,UpdateIndividual 4-393,text,true,,800,4228,140,385,https://api-scuda.uat.oci.krungsri.tech/ic/api/v1/customer/individual/updateprofile,2294,0,20
1779799594590,3848,GetIndividual,200,OK,GetIndividual 1-590,text,true,,3892,3588,161,385,https://api-scuda.uat.oci.krungsri.tech/ic/api/v1/customer/individual/getprofile,3848,0,15
1779799598467,54,SearchIndividual,200,OK,SearchIndividual 2-1128,text,true,,1199,2602,2,391,https://api-scuda.uat.oci.krungsri.tech/ords/api/v1/customer/individual/searchprofile,54,0,34
1779799598481,45,SearchIndividual,200,OK,SearchIndividual 2-1129,text,true,,1185,2602,1,390,https://api-scuda.uat.oci.krungsri.tech/ords/api/v1/customer/individual/searchprofile,45,0,23
1779799591463,7071,UpdateIndividual,200,OK,UpdateIndividual 4-301,text,true,,800,5605,142,391,https://api-scuda.uat.oci.krungsri.tech/ic/api/v1/customer/individual/updateprofile,7071,0,16
1779799593680,4858,GetIndividual,200,OK,GetIndividual 1-565,text,true,,3859,3588,163,391,https://api-scuda.uat.oci.krungsri.tech/ic/api/v1/customer/individual/getprofile,4858,0,29
1779799596898,1642,UpdateIndividual,200,OK,UpdateIndividual 4-407,text,true,,800,5524,141,390,https://api-scuda.uat.oci.krungsri.tech/ic/api/v1/customer/individual/updateprofile,1642,0,17
1779799591426,7115,GetIndividual,200,OK,GetIndividual 1-499,text,true,,3848,3588,162,389,https://api-scuda.uat.oci.krungsri.tech/ic/api/v1/customer/individual/getprofile,7115,0,11
1779799590711,7832,UpdateIndividual,200,OK,UpdateIndividual 4-286,text,true,,800,5561,140,388,https://api-scuda.uat.oci.krungsri.tech/ic/api/v1/customer/individual/updateprofile,7832,0,115
1779799592285,6260,UpdateIndividual,200,OK,UpdateIndividual 4-321,text,true,,800,4227,139,387,https://api-scuda.uat.oci.krungsri.tech/ic/api/v1/customer/individual/updateprofile,6260,0,23
1779799598534,71,SearchIndividual,200,OK,SearchIndividual 2-1130,text,true,,1215,2602,4,389,https://api-scuda.uat.oci.krungsri.tech/ords/api/v1/customer/individual/searchprofile,70,0,41
1779799598551,56,SearchIndividual,200,OK,SearchIndividual 2-1132,text,true,,1137,2602,4,389,https://api-scuda.uat.oci.krungsri.tech/ords/api/v1/customer/individual/searchprofile,56,0,23
1779799598539,73,SearchIndividual,200,OK,SearchIndividual 2-1131,text,true,,1173,2602,3,388,https://api-scuda.uat.oci.krungsri.tech/ords/api/v1/customer/individual/searchprofile,73,0,37
1779799598602,28,SearchIndividual,200,OK,SearchIndividual 2-1133,text,true,,1169,2602,2,388,https://api-scuda.uat.oci.krungsri.tech/ords/api/v1/customer/individual/searchprofile,28,0,17
1779799591982,6656,UpdateJuristic,200,OK,UpdateJuristic 8-24,text,true,,800,5728,8,387,https://api-scuda.uat.oci.krungsri.tech/ic/api/v1/customer/juristic/updateprofile,6656,0,29
1779799594377,4262,UpdateIndividual,200,OK,UpdateIndividual 4-355,text,true,,799,4227,140,387,https://api-scuda.uat.oci.krungsri.tech/ic/api/v1/customer/individual/updateprofile,4262,0,11
1779799598608,62,SearchIndividual,200,OK,SearchIndividual 2-1134,text,true,,1159,2602,2,386,https://api-scuda.uat.oci.krungsri.tech/ords/api/v1/customer/individual/searchprofile,62,0,29
1779799598640,33,SearchIndividual,200,OK,SearchIndividual 2-1135,text,true,,1173,2602,1,385,https://api-scuda.uat.oci.krungsri.tech/ords/api/v1/customer/individual/searchprofile,31,0,12
1779799598675,33,SearchIndividual,200,OK,SearchIndividual 2-1136,text,true,,1167,2602,1,385,https://api-scuda.uat.oci.krungsri.tech/ords/api/v1/customer/individual/searchprofile,32,0,21
1779799596613,2120,GetIndividual,200,OK,GetIndividual 1-656,text,true,,3832,3587,161,388,https://api-scuda.uat.oci.krungsri.tech/ic/api/v1/customer/individual/getprofile,2120,0,16
1779799597268,1468,GetIndividual,200,OK,GetIndividual 1-683,text,true,,3881,3588,160,387,https://api-scuda.uat.oci.krungsri.tech/ic/api/v1/customer/individual/getprofile,1468,0,23
1779799597355,1381,GetIndividual,200,OK,GetIndividual 1-685,text,true,,3845,3588,160,387,https://api-scuda.uat.oci.krungsri.tech/ic/api/v1/customer/individual/getprofile,1381,0,20
1779799596081,2657,GetIndividual,200,OK,GetIndividual 1-639,text,true,,3935,3588,158,385,https://api-scuda.uat.oci.krungsri.tech/ic/api/v1/customer/individual/getprofile,2657,0,16
1779799597428,1311,GetIndividual,200,OK,GetIndividual 1-688,text,true,,3912,3588,158,385,https://api-scuda.uat.oci.krungsri.tech/ic/api/v1/customer/individual/getprofile,1311,0,18
1779799588870,9871,UpdateIndividual,200,OK,UpdateIndividual 4-247,text,true,,800,5554,140,384,https://api-scuda.uat.oci.krungsri.tech/ic/api/v1/customer/individual/updateprofile,9871,0,21
1779799597500,1240,GetIndividual,200,OK,GetIndividual 1-689,text,true,,3827,3588,157,384,https://api-scuda.uat.oci.krungsri.tech/ic/api/v1/customer/individual/getprofile,1240,0,24
1779799592534,6207,UpdateIndividual,200,OK,UpdateIndividual 4-328,text,true,,800,5668,139,381,https://api-scuda.uat.oci.krungsri.tech/ic/api/v1/customer/individual/updateprofile,6207,0,16
1779799595077,3667,GetJoint,200,OK,GetJoint 9-28,text,true,,1431,3530,7,380,https://api-scuda.uat.oci.krungsri.tech/ic/api/v1/customer/joint/getprofile,3667,0,16
1779799584016,14734,UpdateIndividual,200,OK,UpdateIndividual 4-168,text,true,,800,5576,138,380,https://api-scuda.uat.oci.krungsri.tech/ic/api/v1/customer/individual/updateprofile,14734,0,19
1779799598729,35,SearchIndividual,200,OK,SearchIndividual 2-1138,text,true,,1153,2602,3,380,https://api-scuda.uat.oci.krungsri.tech/ords/api/v1/customer/individual/searchprofile,35,0,23
1779799598729,43,SearchIndividual,200,OK,SearchIndividual 2-1137,text,true,,1143,2602,3,380,https://api-scuda.uat.oci.krungsri.tech/ords/api/v1/customer/individual/searchprofile,43,0,27
1779799598764,29,SearchIndividual,200,OK,SearchIndividual 2-1139,text,true,,1139,2602,2,381,https://api-scuda.uat.oci.krungsri.tech/ords/api/v1/customer/individual/searchprofile,29,0,18
1779799598769,60,SearchIndividual,200,OK,SearchIndividual 2-1140,text,true,,1165,2602,2,386,https://api-scuda.uat.oci.krungsri.tech/ords/api/v1/customer/individual/searchprofile,60,0,21
1779799593353,5477,GetJoint,429,Too Many Requests,GetJoint 9-27,text,false,,590,3530,6,385,https://api-scuda.uat.oci.krungsri.tech/ic/api/v1/customer/joint/getprofile,5477,0,18
1779799597168,1669,GetIndividual,200,OK,GetIndividual 1-679,text,true,,3813,3588,158,384,https://api-scuda.uat.oci.krungsri.tech/ic/api/v1/customer/individual/getprofile,1669,0,20
1779799598801,52,SearchIndividual,200,OK,SearchIndividual 2-1141,text,true,,1237,2602,3,386,https://api-scuda.uat.oci.krungsri.tech/ords/api/v1/customer/individual/searchprofile,51,0,30
1779799595559,3295,GetIndividual,200,OK,GetIndividual 1-624,text,true,,3838,3588,157,385,https://api-scuda.uat.oci.krungsri.tech/ic/api/v1/customer/individual/getprofile,3295,0,31
1779799598854,32,SearchIndividual,200,OK,SearchIndividual 2-1143,text,true,,1183,2602,3,387,https://api-scuda.uat.oci.krungsri.tech/ords/api/v1/customer/individual/searchprofile,31,0,19
1779799598849,39,SearchIndividual,200,OK,SearchIndividual 2-1142,text,true,,1197,2602,2,386,https://api-scuda.uat.oci.krungsri.tech/ords/api/v1/customer/individual/searchprofile,39,0,17
1779799598883,30,SearchIndividual,200,OK,SearchIndividual 2-1144,text,true,,1185,2602,1,389,https://api-scuda.uat.oci.krungsri.tech/ords/api/v1/customer/individual/searchprofile,30,0,19
1779799597107,1824,GetIndividual,200,OK,GetIndividual 1-675,text,true,,3877,3588,159,389,https://api-scuda.uat.oci.krungsri.tech/ic/api/v1/customer/individual/getprofile,1824,0,21
1779799596783,2151,UpdateIndividual,200,OK,UpdateIndividual 4-402,text,true,,800,4229,144,389,https://api-scuda.uat.oci.krungsri.tech/ic/api/v1/customer/individual/updateprofile,2151,0,24
1779799598895,47,SearchJuristic,200,OK,SearchJuristic 6-37,text,true,,1003,2600,1,389,https://api-scuda.uat.oci.krungsri.tech/ords/api/v1/customer/juristic/searchprofile,46,0,22
1779799598918,30,SearchIndividual,200,OK,SearchIndividual 2-1145,text,true,,1121,2602,3,390,https://api-scuda.uat.oci.krungsri.tech/ords/api/v1/customer/individual/searchprofile,30,0,18
1779799594425,4535,UpdateIndividual,200,OK,UpdateIndividual 4-356,text,true,,800,4227,145,390,https://api-scuda.uat.oci.krungsri.tech/ic/api/v1/customer/individual/updateprofile,4535,0,25
1779799594611,4351,GetIndividual,200,OK,GetIndividual 1-593,text,true,,3892,3588,159,390,https://api-scuda.uat.oci.krungsri.tech/ic/api/v1/customer/individual/getprofile,4351,0,46
1779799585001,13965,CreateJoint,200,OK,CreateJoint 11-20,text,true,,1772,5879,27,389,https://api-scuda.uat.oci.krungsri.tech/ic/api/v1/customer/joint/createprofile,13965,0,26
1779799598936,34,SearchIndividual,200,OK,SearchIndividual 2-1147,text,true,,1177,2602,2,388,https://api-scuda.uat.oci.krungsri.tech/ords/api/v1/customer/individual/searchprofile,33,0,10
1779799598933,62,SearchIndividual,200,OK,SearchIndividual 2-1146,text,true,,1157,2602,2,389,https://api-scuda.uat.oci.krungsri.tech/ords/api/v1/customer/individual/searchprofile,62,0,48
1779799598985,31,SearchIndividual,200,OK,SearchIndividual 2-1148,text,true,,1205,2602,1,388,https://api-scuda.uat.oci.krungsri.tech/ords/api/v1/customer/individual/searchprofile,31,0,20
1779799588359,10668,CreateIndividual,201,Created,CreateIndividual 3-24,text,true,,1171,8326,18,389,https://api-scuda.uat.oci.krungsri.tech/ic/api/v1/customer/individual/createprofile,10668,0,15
1779799594111,4919,UpdateJuristic,200,OK,UpdateJuristic 8-28,text,true,,800,5786,7,388,https://api-scuda.uat.oci.krungsri.tech/ic/api/v1/customer/juristic/updateprofile,4919,0,19
1779799597596,1436,UpdateJuristic,200,OK,UpdateJuristic 8-33,text,true,,800,4426,6,387,https://api-scuda.uat.oci.krungsri.tech/ic/api/v1/customer/juristic/updateprofile,1436,0,18
1779799571513,27520,CreateJoint,200,OK,CreateJoint 11-5,text,true,,1772,5779,26,386,https://api-scuda.uat.oci.krungsri.tech/ic/api/v1/customer/joint/createprofile,27520,0,24
1779799597415,1618,UpdateIndividual,200,OK,UpdateIndividual 4-416,text,true,,800,4230,145,385,https://api-scuda.uat.oci.krungsri.tech/ic/api/v1/customer/individual/updateprofile,1618,0,14
1779799596021,3015,GetIndividual,200,OK,GetIndividual 1-635,text,true,,3837,3588,160,384,https://api-scuda.uat.oci.krungsri.tech/ic/api/v1/customer/individual/getprofile,3015,0,18
1779799597979,1058,GetJoint,200,OK,GetJoint 9-31,text,true,,1431,3530,5,384,https://api-scuda.uat.oci.krungsri.tech/ic/api/v1/customer/joint/getprofile,1058,0,15
1779799589332,9706,UpdateIndividual,200,OK,UpdateIndividual 4-258,text,true,,800,5569,144,382,https://api-scuda.uat.oci.krungsri.tech/ic/api/v1/customer/individual/updateprofile,9706,0,30
1779799597750,1288,GetIndividual,200,OK,GetIndividual 1-693,text,true,,3900,3588,159,382,https://api-scuda.uat.oci.krungsri.tech/ic/api/v1/customer/individual/getprofile,1287,0,28
1779799597151,1887,GetIndividual,200,OK,GetIndividual 1-678,text,true,,3789,3588,158,380,https://api-scuda.uat.oci.krungsri.tech/ic/api/v1/customer/individual/getprofile,1887,0,16
1779799594566,4473,UpdateIndividual,200,OK,UpdateIndividual 4-360,text,true,,800,5547,143,379,https://api-scuda.uat.oci.krungsri.tech/ic/api/v1/customer/individual/updateprofile,4473,0,13
1779799597056,1983,GetIndividual,200,OK,GetIndividual 1-674,text,true,,3886,3588,158,380,https://api-scuda.uat.oci.krungsri.tech/ic/api/v1/customer/individual/getprofile,1983,0,15
1779799599025,62,SearchIndividual,200,OK,SearchIndividual 2-1149,text,true,,1163,2602,1,381,https://api-scuda.uat.oci.krungsri.tech/ords/api/v1/customer/individual/searchprofile,62,0,46
1779799597901,1222,GetIndividual,200,OK,GetIndividual 1-697,text,true,,3874,3587,158,382,https://api-scuda.uat.oci.krungsri.tech/ic/api/v1/customer/individual/getprofile,1222,0,10
1779799597647,1481,UpdateIndividual,200,OK,UpdateIndividual 4-420,text,true,,800,5622,143,381,https://api-scuda.uat.oci.krungsri.tech/ic/api/v1/customer/individual/updateprofile,1481,0,22
1779799596817,2319,GetIndividual,200,OK,GetIndividual 1-665,text,true,,3848,3587,158,381,https://api-scuda.uat.oci.krungsri.tech/ic/api/v1/customer/individual/getprofile,2319,0,12
1779799597985,1153,GetIndividual,200,OK,GetIndividual 1-703,text,true,,3826,3588,157,380,https://api-scuda.uat.oci.krungsri.tech/ic/api/v1/customer/individual/getprofile,1153,0,22
1779799594667,4473,UpdateIndividual,200,OK,UpdateIndividual 4-364,text,true,,799,5561,142,379,https://api-scuda.uat.oci.krungsri.tech/ic/api/v1/customer/individual/updateprofile,4473,0,19
1779799599122,36,SearchIndividual,200,OK,SearchIndividual 2-1150,text,true,,1171,2602,5,384,https://api-scuda.uat.oci.krungsri.tech/ords/api/v1/customer/individual/searchprofile,36,0,22
1779799599142,30,SearchIndividual,200,OK,SearchIndividual 2-1151,text,true,,1185,2602,5,387,https://api-scuda.uat.oci.krungsri.tech/ords/api/v1/customer/individual/searchprofile,30,0,17
1779799599150,29,SearchIndividual,200,OK,SearchIndividual 2-1153,text,true,,1141,2602,5,387,https://api-scuda.uat.oci.krungsri.tech/ords/api/v1/customer/individual/searchprofile,29,0,17
1779799599143,43,SearchIndividual,200,OK,SearchIndividual 2-1152,text,true,,1197,2602,4,386,https://api-scuda.uat.oci.krungsri.tech/ords/api/v1/customer/individual/searchprofile,40,0,24
1779799599164,36,SearchIndividual,200,OK,SearchIndividual 2-1155,text,true,,1159,2602,3,386,https://api-scuda.uat.oci.krungsri.tech/ords/api/v1/customer/individual/searchprofile,35,0,22
1779799599151,49,SearchIndividual,200,OK,SearchIndividual 2-1154,text,true,,1145,2602,3,386,https://api-scuda.uat.oci.krungsri.tech/ords/api/v1/customer/individual/searchprofile,48,0,37
1779799594878,4348,GetIndividual,200,OK,GetIndividual 1-603,text,true,,3828,3588,161,386,https://api-scuda.uat.oci.krungsri.tech/ic/api/v1/customer/individual/getprofile,4348,0,35
1779799592944,6283,GetIndividual,429,Too Many Requests,GetIndividual 1-542,text,false,,600,3588,161,386,https://api-scuda.uat.oci.krungsri.tech/ic/api/v1/customer/individual/getprofile,6283,0,19
1779799599177,51,SearchIndividual,200,OK,SearchIndividual 2-1156,text,true,,1139,2602,2,384,https://api-scuda.uat.oci.krungsri.tech/ords/api/v1/customer/individual/searchprofile,51,0,37
1779799596871,2360,CreateIndividual,201,Created,CreateIndividual 3-36,text,true,,1172,8428,17,383,https://api-scuda.uat.oci.krungsri.tech/ic/api/v1/customer/individual/createprofile,2360,0,88
1779799594659,4574,UpdateIndividual,200,OK,UpdateIndividual 4-363,text,true,,798,5647,143,383,https://api-scuda.uat.oci.krungsri.tech/ic/api/v1/customer/individual/updateprofile,4574,0,13
1779799596788,2450,GetIndividual,200,OK,GetIndividual 1-663,text,true,,3803,3588,159,382,https://api-scuda.uat.oci.krungsri.tech/ic/api/v1/customer/individual/getprofile,2450,0,48
1779799599223,30,SearchIndividual,200,OK,SearchIndividual 2-1157,text,true,,1183,2602,2,382,https://api-scuda.uat.oci.krungsri.tech/ords/api/v1/customer/individual/searchprofile,29,0,18
1779799599233,36,SearchIndividual,200,OK,SearchIndividual 2-1158,text,true,,1203,2602,2,382,https://api-scuda.uat.oci.krungsri.tech/ords/api/v1/customer/individual/searchprofile,36,0,20
1779799599263,33,SearchIndividual,200,OK,SearchIndividual 2-1159,text,true,,1181,2602,4,386,https://api-scuda.uat.oci.krungsri.tech/ords/api/v1/customer/individual/searchprofile,32,0,18
1779799599277,29,SearchIndividual,200,OK,SearchIndividual 2-1162,text,true,,1185,2602,3,385,https://api-scuda.uat.oci.krungsri.tech/ords/api/v1/customer/individual/searchprofile,29,0,12
1779799599271,35,SearchIndividual,200,OK,SearchIndividual 2-1160,text,true,,1211,2602,3,385,https://api-scuda.uat.oci.krungsri.tech/ords/api/v1/customer/individual/searchprofile,35,0,24
1779799599275,33,SearchIndividual,200,OK,SearchIndividual 2-1161,text,true,,1155,2602,1,383,https://api-scuda.uat.oci.krungsri.tech/ords/api/v1/customer/individual/searchprofile,33,0,19
1779799599321,30,SearchIndividual,200,OK,SearchIndividual 2-1163,text,true,,1167,2602,1,385,https://api-scuda.uat.oci.krungsri.tech/ords/api/v1/customer/individual/searchprofile,29,0,19
1779799599358,37,SearchIndividual,200,OK,SearchIndividual 2-1164,text,true,,1166,2601,1,385,https://api-scuda.uat.oci.krungsri.tech/ords/api/v1/customer/individual/searchprofile,36,0,18
1779799599398,35,SearchJoint,200,OK,SearchJoint 10-35,text,true,,621,2627,1,395,https://api-scuda.uat.oci.krungsri.tech/ords/api/v1/customer/joint/searchprofile,34,0,13
1779799599404,30,SearchIndividual,200,OK,SearchIndividual 2-1166,text,true,,1181,2602,6,394,https://api-scuda.uat.oci.krungsri.tech/ords/api/v1/customer/individual/searchprofile,29,0,19
1779799599403,32,SearchIndividual,200,OK,SearchIndividual 2-1165,text,true,,1197,2602,5,393,https://api-scuda.uat.oci.krungsri.tech/ords/api/v1/customer/individual/searchprofile,32,0,19
1779799590563,8874,UpdateIndividual,200,OK,UpdateIndividual 4-282,text,true,,800,5564,144,392,https://api-scuda.uat.oci.krungsri.tech/ic/api/v1/customer/individual/updateprofile,8874,0,20
1779799593970,5467,UpdateIndividual,200,OK,UpdateIndividual 4-347,text,true,,800,4228,144,392,https://api-scuda.uat.oci.krungsri.tech/ic/api/v1/customer/individual/updateprofile,5467,0,19
1779799599410,35,SearchIndividual,200,OK,SearchIndividual 2-1167,text,true,,1207,2600,4,390,https://api-scuda.uat.oci.krungsri.tech/ords/api/v1/customer/individual/searchprofile,34,0,21
1779799599419,31,SearchIndividual,200,OK,SearchIndividual 2-1168,text,true,,1197,2602,3,389,https://api-scuda.uat.oci.krungsri.tech/ords/api/v1/customer/individual/searchprofile,31,0,19
1779799599433,27,SearchIndividual,200,OK,SearchIndividual 2-1170,text,true,,1181,2602,2,388,https://api-scuda.uat.oci.krungsri.tech/ords/api/v1/customer/individual/searchprofile,27,0,15
1779799599432,34,SearchIndividual,200,OK,SearchIndividual 2-1169,text,true,,1104,2601,1,387,https://api-scuda.uat.oci.krungsri.tech/ords/api/v1/customer/individual/searchprofile,33,0,17
1779799595990,3543,UpdateIndividual,200,OK,UpdateIndividual 4-391,text,true,,800,5614,142,387,https://api-scuda.uat.oci.krungsri.tech/ic/api/v1/customer/individual/updateprofile,3543,0,29
1779799597516,2018,CreateJoint,200,OK,CreateJoint 11-39,text,true,,1772,5767,26,387,https://api-scuda.uat.oci.krungsri.tech/ic/api/v1/customer/joint/createprofile,2018,0,22
1779799597026,2507,UpdateIndividual,200,OK,UpdateIndividual 4-410,text,true,,799,5577,142,387,https://api-scuda.uat.oci.krungsri.tech/ic/api/v1/customer/individual/updateprofile,2507,0,20
1779799595542,3991,UpdateIndividual,200,OK,UpdateIndividual 4-381,text,true,,800,4227,142,387,https://api-scuda.uat.oci.krungsri.tech/ic/api/v1/customer/individual/updateprofile,3991,0,25
1779799597904,1635,UpdateIndividual,200,OK,UpdateIndividual 4-424,text,true,,800,4227,139,385,https://api-scuda.uat.oci.krungsri.tech/ic/api/v1/customer/individual/updateprofile,1635,0,25
1779799599483,66,SearchIndividual,200,OK,SearchIndividual 2-1171,text,true,,1225,2602,1,385,https://api-scuda.uat.oci.krungsri.tech/ords/api/v1/customer/individual/searchprofile,66,0,51
1779799599552,42,SearchIndividual,200,OK,SearchIndividual 2-1172,text,true,,1145,2602,4,391,https://api-scuda.uat.oci.krungsri.tech/ords/api/v1/customer/individual/searchprofile,42,0,23
1779799599570,34,SearchIndividual,200,OK,SearchIndividual 2-1175,text,true,,1178,2601,3,391,https://api-scuda.uat.oci.krungsri.tech/ords/api/v1/customer/individual/searchprofile,34,0,18
1779799594201,5425,UpdateIndividual,200,OK,UpdateIndividual 4-351,text,true,,800,4227,139,394,https://api-scuda.uat.oci.krungsri.tech/ic/api/v1/customer/individual/updateprofile,5425,0,14
1779799599563,65,SearchIndividual,200,OK,SearchIndividual 2-1174,text,true,,1207,2602,4,393,https://api-scuda.uat.oci.krungsri.tech/ords/api/v1/customer/individual/searchprofile,65,0,42
1779799595550,4080,GetIndividual,200,OK,GetIndividual 1-623,text,true,,3783,3588,165,392,https://api-scuda.uat.oci.krungsri.tech/ic/api/v1/customer/individual/getprofile,4080,0,17
1779799599556,76,SearchIndividual,200,OK,SearchIndividual 2-1173,text,true,,1189,2602,3,391,https://api-scuda.uat.oci.krungsri.tech/ords/api/v1/customer/individual/searchprofile,76,0,61
1779799599606,33,SearchIndividual,200,OK,SearchIndividual 2-1176,text,true,,1176,2601,2,392,https://api-scuda.uat.oci.krungsri.tech/ords/api/v1/customer/individual/searchprofile,33,0,19
1779799599610,36,SearchIndividual,200,OK,SearchIndividual 2-1177,text,true,,1141,2602,1,391,https://api-scuda.uat.oci.krungsri.tech/ords/api/v1/customer/individual/searchprofile,36,0,21
1779799599677,21,SearchIndividual,200,OK,SearchIndividual 2-1180,text,true,,1212,2601,4,398,https://api-scuda.uat.oci.krungsri.tech/ords/api/v1/customer/individual/searchprofile,21,0,10
1779799599672,33,SearchIndividual,200,OK,SearchIndividual 2-1179,text,true,,1129,2602,3,397,https://api-scuda.uat.oci.krungsri.tech/ords/api/v1/customer/individual/searchprofile,33,0,20
1779799599670,56,SearchIndividual,200,OK,SearchIndividual 2-1178,text,true,,1155,2602,2,397,https://api-scuda.uat.oci.krungsri.tech/ords/api/v1/customer/individual/searchprofile,55,0,22
1779799599698,38,SearchIndividual,200,OK,SearchIndividual 2-1181,text,true,,1215,2602,1,396,https://api-scuda.uat.oci.krungsri.tech/ords/api/v1/customer/individual/searchprofile,38,0,25
1779799597954,1791,GetIndividual,200,OK,GetIndividual 1-702,text,true,,3818,3588,169,395,https://api-scuda.uat.oci.krungsri.tech/ic/api/v1/customer/individual/getprofile,1791,0,20
1779799598510,1235,GetIndividual,200,OK,GetIndividual 1-720,text,true,,3821,3588,169,395,https://api-scuda.uat.oci.krungsri.tech/ic/api/v1/customer/individual/getprofile,1235,0,29
1779799597929,1817,GetIndividual,200,OK,GetIndividual 1-699,text,true,,3797,3588,167,393,https://api-scuda.uat.oci.krungsri.tech/ic/api/v1/customer/individual/getprofile,1817,0,28
1779799597640,2112,UpdateIndividual,200,OK,UpdateIndividual 4-418,text,true,,800,4227,140,393,https://api-scuda.uat.oci.krungsri.tech/ic/api/v1/customer/individual/updateprofile,2111,0,24
1779799597933,1821,GetIndividual,200,OK,GetIndividual 1-700,text,true,,3845,3587,167,392,https://api-scuda.uat.oci.krungsri.tech/ic/api/v1/customer/individual/getprofile,1821,0,10
1779799589517,10255,GetJuristic,200,OK,GetJuristic 5-24,text,true,,3477,3532,5,391,https://api-scuda.uat.oci.krungsri.tech/ic/api/v1/customer/juristic/getprofile,10255,0,55
1779799588332,11469,GetIndividual,200,OK,GetIndividual 1-398,text,true,,3840,3588,166,392,https://api-scuda.uat.oci.krungsri.tech/ic/api/v1/customer/individual/getprofile,11469,0,23
1779799598729,1097,UpdateIndividual,200,OK,UpdateIndividual 4-440,text,true,,800,4229,140,394,https://api-scuda.uat.oci.krungsri.tech/ic/api/v1/customer/individual/updateprofile,1097,0,20
1779799598746,1080,GetIndividual,200,OK,GetIndividual 1-722,text,true,,3835,3588,167,394,https://api-scuda.uat.oci.krungsri.tech/ic/api/v1/customer/individual/getprofile,1080,0,16
1779799597992,1835,UpdateIndividual,200,OK,UpdateIndividual 4-426,text,true,,800,5623,139,393,https://api-scuda.uat.oci.krungsri.tech/ic/api/v1/customer/individual/updateprofile,1835,0,20
1779799587246,12586,GetIndividual,200,OK,GetIndividual 1-363,text,true,,1080,3588,166,393,https://api-scuda.uat.oci.krungsri.tech/ic/api/v1/customer/individual/getprofile,12586,0,35
1779799596715,3117,GetIndividual,200,OK,GetIndividual 1-661,text,true,,3840,3588,165,392,https://api-scuda.uat.oci.krungsri.tech/ic/api/v1/customer/individual/getprofile,3117,0,23
1779799594602,5232,UpdateIndividual,200,OK,UpdateIndividual 4-362,text,true,,800,5617,139,391,https://api-scuda.uat.oci.krungsri.tech/ic/api/v1/customer/individual/updateprofile,5231,0,53
1779799595428,4406,GetIndividual,200,OK,GetIndividual 1-619,text,true,,3881,3587,164,391,https://api-scuda.uat.oci.krungsri.tech/ic/api/v1/customer/individual/getprofile,4406,0,22
1779799599793,42,SearchIndividual,200,OK,SearchIndividual 2-1182,text,true,,1151,2602,3,389,https://api-scuda.uat.oci.krungsri.tech/ords/api/v1/customer/individual/searchprofile,42,0,30
1779799596072,3768,GetIndividual,200,OK,GetIndividual 1-638,text,true,,3853,3588,163,388,https://api-scuda.uat.oci.krungsri.tech/ic/api/v1/customer/individual/getprofile,3768,0,17
1779799592850,6993,UpdateIndividual,200,OK,UpdateIndividual 4-335,text,true,,800,5597,138,387,https://api-scuda.uat.oci.krungsri.tech/ic/api/v1/customer/individual/updateprofile,6993,0,21
1779799598258,1585,UpdateJoint,200,OK,UpdateJoint 12-32,text,true,,800,3614,12,386,https://api-scuda.uat.oci.krungsri.tech/ic/api/v1/customer/joint/updateprofile,1585,0,23
1779799598295,1552,UpdateIndividual,200,OK,UpdateIndividual 4-432,text,true,,800,4230,137,385,https://api-scuda.uat.oci.krungsri.tech/ic/api/v1/customer/individual/updateprofile,1552,0,21
1779799588947,10902,UpdateIndividual,200,OK,UpdateIndividual 4-249,text,true,,800,5568,136,384,https://api-scuda.uat.oci.krungsri.tech/ic/api/v1/customer/individual/updateprofile,10902,0,22
1779799599807,50,SearchIndividual,200,OK,SearchIndividual 2-1183,text,true,,1215,2602,3,384,https://api-scuda.uat.oci.krungsri.tech/ords/api/v1/customer/individual/searchprofile,50,0,37
1779799599831,34,SearchIndividual,200,OK,SearchIndividual 2-1184,text,true,,1183,2602,2,383,https://api-scuda.uat.oci.krungsri.tech/ords/api/v1/customer/individual/searchprofile,33,0,17
1779799599850,26,SearchIndividual,200,OK,SearchIndividual 2-1185,text,true,,1203,2602,2,383,https://api-scuda.uat.oci.krungsri.tech/ords/api/v1/customer/individual/searchprofile,26,0,15
1779799599870,52,SearchIndividual,200,OK,SearchIndividual 2-1186,text,true,,1191,2602,3,386,https://api-scuda.uat.oci.krungsri.tech/ords/api/v1/customer/individual/searchprofile,51,0,19
1779799599901,27,SearchIndividual,200,OK,SearchIndividual 2-1187,text,true,,1149,2602,3,386,https://api-scuda.uat.oci.krungsri.tech/ords/api/v1/customer/individual/searchprofile,27,0,17
1779799598007,1922,GetJuristic,200,OK,GetJuristic 5-32,text,true,,3467,3533,4,386,https://api-scuda.uat.oci.krungsri.tech/ic/api/v1/customer/juristic/getprofile,1922,0,16
1779799593123,6806,GetIndividual,200,OK,GetIndividual 1-547,text,true,,3867,3588,164,386,https://api-scuda.uat.oci.krungsri.tech/ic/api/v1/customer/individual/getprofile,6806,0,20
1779799596349,3581,GetIndividual,200,OK,GetIndividual 1-647,text,true,,3843,3588,163,384,https://api-scuda.uat.oci.krungsri.tech/ic/api/v1/customer/individual/getprofile,3581,0,20
1779799595629,4303,UpdateIndividual,200,OK,UpdateIndividual 4-383,text,true,,800,5569,135,383,https://api-scuda.uat.oci.krungsri.tech/ic/api/v1/customer/individual/updateprofile,4303,0,47
1779799596905,3028,GetIndividual,200,OK,GetIndividual 1-669,text,true,,3832,3588,162,382,https://api-scuda.uat.oci.krungsri.tech/ic/api/v1/customer/individual/getprofile,3028,0,64
1779799592722,7213,CreateJuristic,201,Created,CreateJuristic 7-27,text,true,,1172,7827,14,381,https://api-scuda.uat.oci.krungsri.tech/ic/api/v1/customer/juristic/createprofile,7213,0,41
1779799595361,4574,GetIndividual,200,OK,GetIndividual 1-618,text,true,,3848,3588,161,381,https://api-scuda.uat.oci.krungsri.tech/ic/api/v1/customer/individual/getprofile,4574,0,22
1779799598259,1678,UpdateIndividual,200,OK,UpdateIndividual 4-431,text,true,,800,4229,134,379,https://api-scuda.uat.oci.krungsri.tech/ic/api/v1/customer/individual/updateprofile,1678,0,22
1779799599911,34,SearchIndividual,200,OK,SearchIndividual 2-1188,text,true,,1169,2602,3,379,https://api-scuda.uat.oci.krungsri.tech/ords/api/v1/customer/individual/searchprofile,33,0,21
1779799599924,31,SearchIndividual,200,OK,SearchIndividual 2-1189,text,true,,1149,2602,2,379,https://api-scuda.uat.oci.krungsri.tech/ords/api/v1/customer/individual/searchprofile,31,0,20
1779799599940,20,SearchIndividual,200,OK,SearchIndividual 2-1190,text,true,,1147,2602,1,378,https://api-scuda.uat.oci.krungsri.tech/ords/api/v1/customer/individual/searchprofile,20,0,9
1779799599978,28,SearchIndividual,200,OK,SearchIndividual 2-1192,text,true,,1187,2602,4,386,https://api-scuda.uat.oci.krungsri.tech/ords/api/v1/customer/individual/searchprofile,28,0,14
1779799599981,39,SearchIndividual,200,OK,SearchIndividual 2-1194,text,true,,1169,2602,3,385,https://api-scuda.uat.oci.krungsri.tech/ords/api/v1/customer/individual/searchprofile,39,0,26
1779799599979,48,SearchIndividual,200,OK,SearchIndividual 2-1193,text,true,,1201,2602,2,384,https://api-scuda.uat.oci.krungsri.tech/ords/api/v1/customer/individual/searchprofile,48,0,30
1779799598404,1629,GetIndividual,200,OK,GetIndividual 1-718,text,true,,3913,3588,164,384,https://api-scuda.uat.oci.krungsri.tech/ic/api/v1/customer/individual/getprofile,1629,0,18
1779799599977,57,SearchIndividual,200,OK,SearchIndividual 2-1191,text,true,,1183,2602,1,384,https://api-scuda.uat.oci.krungsri.tech/ords/api/v1/customer/individual/searchprofile,57,0,35
1779799588328,11756,UpdateIndividual,200,OK,UpdateIndividual 4-237,text,true,,800,5662,137,385,https://api-scuda.uat.oci.krungsri.tech/ic/api/v1/customer/individual/updateprofile,11756,0,19
1779799588195,11894,UpdateJuristic,200,OK,UpdateJuristic 8-22,text,true,,800,5773,6,384,https://api-scuda.uat.oci.krungsri.tech/ic/api/v1/customer/juristic/updateprofile,11894,0,13
1779799598563,1570,UpdateIndividual,200,OK,UpdateIndividual 4-438,text,true,,800,5613,137,386,https://api-scuda.uat.oci.krungsri.tech/ic/api/v1/customer/individual/updateprofile,1570,0,21
1779799600102,32,SearchIndividual,200,OK,SearchIndividual 2-1195,text,true,,1137,2602,2,385,https://api-scuda.uat.oci.krungsri.tech/ords/api/v1/customer/individual/searchprofile,31,0,20
1779799597000,3134,GetIndividual,200,OK,GetIndividual 1-673,text,true,,3819,3588,164,385,https://api-scuda.uat.oci.krungsri.tech/ic/api/v1/customer/individual/getprofile,3134,0,21
1779799598354,1784,UpdateIndividual,200,OK,UpdateIndividual 4-434,text,true,,800,5605,136,383,https://api-scuda.uat.oci.krungsri.tech/ic/api/v1/customer/individual/updateprofile,1784,0,20
1779799598115,2024,GetIndividual,200,OK,GetIndividual 1-709,text,true,,3865,3588,163,382,https://api-scuda.uat.oci.krungsri.tech/ic/api/v1/customer/individual/getprofile,2024,0,21
1779799598808,1332,UpdateIndividual,200,OK,UpdateIndividual 4-441,text,true,,800,4229,135,381,https://api-scuda.uat.oci.krungsri.tech/ic/api/v1/customer/individual/updateprofile,1332,0,19
1779799595218,4927,GetIndividual,200,OK,GetIndividual 1-615,text,true,,3849,3588,162,380,https://api-scuda.uat.oci.krungsri.tech/ic/api/v1/customer/individual/getprofile,4927,0,25
1779799597954,2191,GetIndividual,200,OK,GetIndividual 1-701,text,true,,3841,3588,162,380,https://api-scuda.uat.oci.krungsri.tech/ic/api/v1/customer/individual/getprofile,2191,0,38
1779799600118,32,SearchIndividual,200,OK,SearchIndividual 2-1196,text,true,,1127,2600,2,379,https://api-scuda.uat.oci.krungsri.tech/ords/api/v1/customer/individual/searchprofile,31,0,19
1779799600150,24,SearchIndividual,200,OK,SearchIndividual 2-1197,text,true,,1197,2602,2,381,https://api-scuda.uat.oci.krungsri.tech/ords/api/v1/customer/individual/searchprofile,23,0,12
1779799600155,30,SearchIndividual,200,OK,SearchIndividual 2-1198,text,true,,1137,2602,1,380,https://api-scuda.uat.oci.krungsri.tech/ords/api/v1/customer/individual/searchprofile,30,0,18
1779799587357,12860,UpdateIndividual,200,OK,UpdateIndividual 4-226,text,true,,800,5593,135,382,https://api-scuda.uat.oci.krungsri.tech/ic/api/v1/customer/individual/updateprofile,12860,0,21
1779799594458,5768,GetIndividual,429,Too Many Requests,GetIndividual 1-586,text,false,,600,3588,161,382,https://api-scuda.uat.oci.krungsri.tech/ic/api/v1/customer/individual/getprofile,5768,0,15
1779799591540,8686,UpdateIndividual,200,OK,UpdateIndividual 4-303,text,true,,800,5667,135,382,https://api-scuda.uat.oci.krungsri.tech/ic/api/v1/customer/individual/updateprofile,8686,0,15
1779799595993,4233,GetIndividual,200,OK,GetIndividual 1-634,text,true,,3791,3588,161,382,https://api-scuda.uat.oci.krungsri.tech/ic/api/v1/customer/individual/getprofile,4233,0,13
1779799596652,3576,GetIndividual,200,OK,GetIndividual 1-659,text,true,,3815,3588,159,379,https://api-scuda.uat.oci.krungsri.tech/ic/api/v1/customer/individual/getprofile,3576,0,53
1779799600205,36,SearchIndividual,200,OK,SearchIndividual 2-1200,text,true,,1215,2602,2,379,https://api-scuda.uat.oci.krungsri.tech/ords/api/v1/customer/individual/searchprofile,36,0,18
1779799600196,66,SearchIndividual,200,OK,SearchIndividual 2-1199,text,true,,1197,2602,2,380,https://api-scuda.uat.oci.krungsri.tech/ords/api/v1/customer/individual/searchprofile,65,0,22
1779799600250,21,SearchIndividual,200,OK,SearchIndividual 2-1201,text,true,,1180,2601,1,379,https://api-scuda.uat.oci.krungsri.tech/ords/api/v1/customer/individual/searchprofile,21,0,9
1779799596824,3508,UpdateIndividual,200,OK,UpdateIndividual 4-405,text,true,,800,5614,135,382,https://api-scuda.uat.oci.krungsri.tech/ic/api/v1/customer/individual/updateprofile,3508,0,29
1779799596526,3809,GetIndividual,200,OK,GetIndividual 1-651,text,true,,3855,3588,161,381,https://api-scuda.uat.oci.krungsri.tech/ic/api/v1/customer/individual/getprofile,3809,0,13
1779799598632,1704,UpdateIndividual,200,OK,UpdateIndividual 4-439,text,true,,800,5566,135,382,https://api-scuda.uat.oci.krungsri.tech/ic/api/v1/customer/individual/updateprofile,1704,0,20
1779799600294,48,SearchIndividual,200,OK,SearchIndividual 2-1202,text,true,,1205,2602,2,380,https://api-scuda.uat.oci.krungsri.tech/ords/api/v1/customer/individual/searchprofile,48,0,36
1779799600313,30,SearchIndividual,200,OK,SearchIndividual 2-1203,text,true,,1169,2602,1,379,https://api-scuda.uat.oci.krungsri.tech/ords/api/v1/customer/individual/searchprofile,30,0,18
1779799600384,24,SearchIndividual,200,OK,SearchIndividual 2-1204,text,true,,1207,2602,2,385,https://api-scuda.uat.oci.krungsri.tech/ords/api/v1/customer/individual/searchprofile,24,0,11
1779799598782,1645,GetIndividual,200,OK,GetIndividual 1-724,text,true,,3882,3588,164,387,https://api-scuda.uat.oci.krungsri.tech/ic/api/v1/customer/individual/getprofile,1645,0,21
1779799594376,6052,GetIndividual,200,OK,GetIndividual 1-582,text,true,,3849,3588,163,386,https://api-scuda.uat.oci.krungsri.tech/ic/api/v1/customer/individual/getprofile,6052,0,19
1779799597263,3167,UpdateIndividual,200,OK,UpdateIndividual 4-415,text,true,,800,5571,135,385,https://api-scuda.uat.oci.krungsri.tech/ic/api/v1/customer/individual/updateprofile,3167,0,18
1779799600401,34,SearchIndividual,200,OK,SearchIndividual 2-1205,text,true,,1165,2602,5,387,https://api-scuda.uat.oci.krungsri.tech/ords/api/v1/customer/individual/searchprofile,34,0,12
1779799600422,24,SearchIndividual,200,OK,SearchIndividual 2-1206,text,true,,1165,2602,4,386,https://api-scuda.uat.oci.krungsri.tech/ords/api/v1/customer/individual/searchprofile,23,0,11
1779799600432,29,SearchIndividual,200,OK,SearchIndividual 2-1208,text,true,,1197,2602,6,388,https://api-scuda.uat.oci.krungsri.tech/ords/api/v1/customer/individual/searchprofile,29,0,17
1779799600426,39,SearchIndividual,200,OK,SearchIndividual 2-1207,text,true,,1175,2602,5,387,https://api-scuda.uat.oci.krungsri.tech/ords/api/v1/customer/individual/searchprofile,39,0,26
1779799600435,36,SearchIndividual,200,OK,SearchIndividual 2-1209,text,true,,1137,2602,4,386,https://api-scuda.uat.oci.krungsri.tech/ords/api/v1/customer/individual/searchprofile,30,0,18
1779799600460,26,SearchIndividual,200,OK,SearchIndividual 2-1211,text,true,,1215,2602,3,385,https://api-scuda.uat.oci.krungsri.tech/ords/api/v1/customer/individual/searchprofile,26,0,14
1779799600460,36,SearchIndividual,200,OK,SearchIndividual 2-1212,text,true,,1171,2602,4,387,https://api-scuda.uat.oci.krungsri.tech/ords/api/v1/customer/individual/searchprofile,36,0,25
1779799600453,46,SearchIndividual,200,OK,SearchIndividual 2-1210,text,true,,1195,2602,4,387,https://api-scuda.uat.oci.krungsri.tech/ords/api/v1/customer/individual/searchprofile,45,0,20
1779799600489,32,SearchIndividual,200,OK,SearchIndividual 2-1213,text,true,,1157,2602,2,387,https://api-scuda.uat.oci.krungsri.tech/ords/api/v1/customer/individual/searchprofile,32,0,19
1779799596411,4114,CreateJuristic,429,Too Many Requests,CreateJuristic 7-31,text,false,,602,8049,14,387,https://api-scuda.uat.oci.krungsri.tech/ic/api/v1/customer/juristic/createprofile,4114,0,13
1779799596225,4301,GetIndividual,429,Too Many Requests,GetIndividual 1-640,text,false,,600,3588,163,387,https://api-scuda.uat.oci.krungsri.tech/ic/api/v1/customer/individual/getprofile,4301,0,16
1779799600511,28,SearchIndividual,200,OK,SearchIndividual 2-1214,text,true,,1167,2602,2,385,https://api-scuda.uat.oci.krungsri.tech/ords/api/v1/customer/individual/searchprofile,28,0,17
1779799598176,2364,UpdateJoint,200,OK,UpdateJoint 12-31,text,true,,800,3614,12,384,https://api-scuda.uat.oci.krungsri.tech/ic/api/v1/customer/joint/updateprofile,2364,0,18
1779799600524,42,SearchIndividual,200,OK,SearchIndividual 2-1215,text,true,,1117,2602,1,384,https://api-scuda.uat.oci.krungsri.tech/ords/api/v1/customer/individual/searchprofile,41,0,27
1779799600569,31,SearchIndividual,200,OK,SearchIndividual 2-1216,text,true,,1159,2602,2,386,https://api-scuda.uat.oci.krungsri.tech/ords/api/v1/customer/individual/searchprofile,30,0,12
1779799594909,5725,UpdateIndividual,200,OK,UpdateIndividual 4-370,text,true,,800,5650,138,387,https://api-scuda.uat.oci.krungsri.tech/ic/api/v1/customer/individual/updateprofile,5725,0,22
1779799600591,64,SearchIndividual,200,OK,SearchIndividual 2-1217,text,true,,1177,2602,2,388,https://api-scuda.uat.oci.krungsri.tech/ords/api/v1/customer/individual/searchprofile,64,0,33
1779799600619,47,SearchIndividual,200,OK,SearchIndividual 2-1218,text,true,,1141,2602,1,387,https://api-scuda.uat.oci.krungsri.tech/ords/api/v1/customer/individual/searchprofile,46,0,34
1779799597872,2852,GetIndividual,200,OK,GetIndividual 1-696,text,true,,3867,3588,166,388,https://api-scuda.uat.oci.krungsri.tech/ic/api/v1/customer/individual/getprofile,2852,0,16
1779799598912,1813,GetIndividual,200,OK,GetIndividual 1-727,text,true,,3826,3588,166,388,https://api-scuda.uat.oci.krungsri.tech/ic/api/v1/customer/individual/getprofile,1813,0,22
1779799597851,2877,UpdateIndividual,200,OK,UpdateIndividual 4-423,text,true,,800,4229,138,387,https://api-scuda.uat.oci.krungsri.tech/ic/api/v1/customer/individual/updateprofile,2877,0,20
1779799600703,37,SearchIndividual,200,OK,SearchIndividual 2-1219,text,true,,1115,2602,1,386,https://api-scuda.uat.oci.krungsri.tech/ords/api/v1/customer/individual/searchprofile,35,0,21
1779799594378,6362,GetIndividual,200,OK,GetIndividual 1-583,text,true,,3886,3587,165,386,https://api-scuda.uat.oci.krungsri.tech/ic/api/v1/customer/individual/getprofile,6362,0,13
1779799598862,1880,GetIndividual,200,OK,GetIndividual 1-725,text,true,,3884,3587,164,384,https://api-scuda.uat.oci.krungsri.tech/ic/api/v1/customer/individual/getprofile,1879,0,19
1779799600769,32,SearchIndividual,200,OK,SearchIndividual 2-1220,text,true,,1215,2602,3,389,https://api-scuda.uat.oci.krungsri.tech/ords/api/v1/customer/individual/searchprofile,31,0,19
1779799600794,30,SearchIndividual,200,OK,SearchIndividual 2-1222,text,true,,1119,2602,4,391,https://api-scuda.uat.oci.krungsri.tech/ords/api/v1/customer/individual/searchprofile,29,0,18
1779799594815,6009,UpdateIndividual,200,OK,UpdateIndividual 4-368,text,true,,800,5616,140,390,https://api-scuda.uat.oci.krungsri.tech/ic/api/v1/customer/individual/updateprofile,6009,0,14
1779799600792,40,SearchIndividual,200,OK,SearchIndividual 2-1221,text,true,,1169,2602,3,389,https://api-scuda.uat.oci.krungsri.tech/ords/api/v1/customer/individual/searchprofile,39,0,19
1779799600811,36,SearchIndividual,200,OK,SearchIndividual 2-1223,text,true,,1219,2602,3,389,https://api-scuda.uat.oci.krungsri.tech/ords/api/v1/customer/individual/searchprofile,36,0,22
1779799600824,24,SearchIndividual,200,OK,SearchIndividual 2-1224,text,true,,1139,2602,2,388,https://api-scuda.uat.oci.krungsri.tech/ords/api/v1/customer/individual/searchprofile,24,0,13
1779799600846,30,SearchIndividual,200,OK,SearchIndividual 2-1225,text,true,,1131,2602,1,390,https://api-scuda.uat.oci.krungsri.tech/ords/api/v1/customer/individual/searchprofile,30,0,17
1779799600930,31,SearchIndividual,200,OK,SearchIndividual 2-1226,text,true,,1205,2602,1,397,https://api-scuda.uat.oci.krungsri.tech/ords/api/v1/customer/individual/searchprofile,31,0,19
1779799600942,21,GetIndividual,429,Too Many Requests,GetIndividual 1-778,text,false,,417,3588,170,396,https://api-scuda.uat.oci.krungsri.tech/ic/api/v1/customer/individual/getprofile,21,0,19
1779799600955,13,GetIndividual,429,Too Many Requests,GetIndividual 1-779,text,false,,417,3587,169,395,https://api-scuda.uat.oci.krungsri.tech/ic/api/v1/customer/individual/getprofile,13,0,11
1779799600998,21,SearchIndividual,200,OK,SearchIndividual 2-1227,text,true,,1168,2601,3,401,https://api-scuda.uat.oci.krungsri.tech/ords/api/v1/customer/individual/searchprofile,20,0,8
1779799601008,24,SearchIndividual,429,Too Many Requests,SearchIndividual 2-1228,text,false,,417,2602,2,401,https://api-scuda.uat.oci.krungsri.tech/ords/api/v1/customer/individual/searchprofile,24,0,22
1779799581053,19980,GetJoint,200,OK,GetJoint 9-16,text,true,,1431,3530,5,400,https://api-scuda.uat.oci.krungsri.tech/ic/api/v1/customer/joint/getprofile,19980,0,13
1779799584709,16328,CreateJuristic,201,Created,CreateJuristic 7-20,text,true,,1172,7861,15,399,https://api-scuda.uat.oci.krungsri.tech/ic/api/v1/customer/juristic/createprofile,16328,0,15
1779799601011,35,SearchIndividual,200,OK,SearchIndividual 2-1229,text,true,,1161,2602,1,398,https://api-scuda.uat.oci.krungsri.tech/ords/api/v1/customer/individual/searchprofile,35,0,17
1779799601073,17,GetIndividual,429,Too Many Requests,GetIndividual 1-784,text,false,,417,3588,171,402,https://api-scuda.uat.oci.krungsri.tech/ic/api/v1/customer/individual/getprofile,17,0,16
1779799601074,26,SearchIndividual,200,OK,SearchIndividual 2-1230,text,true,,1169,2602,3,402,https://api-scuda.uat.oci.krungsri.tech/ords/api/v1/customer/individual/searchprofile,26,0,15
1779799601089,24,SearchIndividual,200,OK,SearchIndividual 2-1231,text,true,,1241,2602,2,402,https://api-scuda.uat.oci.krungsri.tech/ords/api/v1/customer/individual/searchprofile,23,0,12
1779799599131,2008,GetIndividual,200,OK,GetIndividual 1-733,text,true,,3841,3588,172,404,https://api-scuda.uat.oci.krungsri.tech/ic/api/v1/customer/individual/getprofile,2008,0,23
1779799596758,4382,CreateIndividual,201,Created,CreateIndividual 3-35,text,true,,1172,8268,22,403,https://api-scuda.uat.oci.krungsri.tech/ic/api/v1/customer/individual/createprofile,4382,0,42
1779799599169,1972,GetIndividual,200,OK,GetIndividual 1-736,text,true,,3940,3588,171,402,https://api-scuda.uat.oci.krungsri.tech/ic/api/v1/customer/individual/getprofile,1972,0,21
1779799598467,2676,UpdateIndividual,200,OK,UpdateIndividual 4-436,text,true,,800,5578,141,401,https://api-scuda.uat.oci.krungsri.tech/ic/api/v1/customer/individual/updateprofile,2676,0,19
1779799599092,2056,UpdateJoint,200,OK,UpdateJoint 12-34,text,true,,797,3611,12,401,https://api-scuda.uat.oci.krungsri.tech/ic/api/v1/customer/joint/updateprofile,2056,0,24
1779799601118,33,SearchIndividual,200,OK,SearchIndividual 2-1233,text,true,,1195,2602,3,400,https://api-scuda.uat.oci.krungsri.tech/ords/api/v1/customer/individual/searchprofile,32,0,19
1779799601099,55,SearchIndividual,200,OK,SearchIndividual 2-1232,text,true,,1181,2602,2,399,https://api-scuda.uat.oci.krungsri.tech/ords/api/v1/customer/individual/searchprofile,54,0,25
1779799595716,5439,GetIndividual,200,OK,GetIndividual 1-628,text,true,,3899,3588,170,398,https://api-scuda.uat.oci.krungsri.tech/ic/api/v1/customer/individual/getprofile,5439,0,12
1779799601144,37,SearchIndividual,200,OK,SearchIndividual 2-1234,text,true,,1165,2602,1,398,https://api-scuda.uat.oci.krungsri.tech/ords/api/v1/customer/individual/searchprofile,36,0,12
1779799601200,22,UpdateIndividual,429,Too Many Requests,UpdateIndividual 4-482,text,false,,417,5624,143,404,https://api-scuda.uat.oci.krungsri.tech/ic/api/v1/customer/individual/updateprofile,22,0,20
1779799601197,31,SearchIndividual,200,OK,SearchIndividual 2-1235,text,true,,1163,2602,3,403,https://api-scuda.uat.oci.krungsri.tech/ords/api/v1/customer/individual/searchprofile,30,0,15
1779799601212,19,CreateJuristic,429,Too Many Requests,CreateJuristic 7-37,text,false,,417,7865,15,402,https://api-scuda.uat.oci.krungsri.tech/ic/api/v1/customer/juristic/createprofile,19,0,17
1779799601213,18,SearchIndividual,429,Too Many Requests,SearchIndividual 2-1237,text,false,,417,2602,2,402,https://api-scuda.uat.oci.krungsri.tech/ords/api/v1/customer/individual/searchprofile,18,0,17
1779799601206,25,SearchIndividual,200,OK,SearchIndividual 2-1236,text,true,,1191,2602,2,402,https://api-scuda.uat.oci.krungsri.tech/ords/api/v1/customer/individual/searchprofile,25,0,14
1779799588808,12428,UpdateIndividual,200,OK,UpdateIndividual 4-245,text,true,,800,4227,142,399,https://api-scuda.uat.oci.krungsri.tech/ic/api/v1/customer/individual/updateprofile,12428,0,19
1779799598466,2770,UpdateIndividual,200,OK,UpdateIndividual 4-435,text,true,,800,5583,141,398,https://api-scuda.uat.oci.krungsri.tech/ic/api/v1/customer/individual/updateprofile,2770,0,38
1779799596748,4488,CreateJoint,200,OK,CreateJoint 11-38,text,true,,1772,6046,28,398,https://api-scuda.uat.oci.krungsri.tech/ic/api/v1/customer/joint/createprofile,4488,0,12
1779799598207,3032,GetIndividual,200,OK,GetIndividual 1-712,text,true,,3851,3588,169,396,https://api-scuda.uat.oci.krungsri.tech/ic/api/v1/customer/individual/getprofile,3032,0,21
1779799597545,3695,GetIndividual,200,OK,GetIndividual 1-690,text,true,,3874,3588,168,395,https://api-scuda.uat.oci.krungsri.tech/ic/api/v1/customer/individual/getprofile,3695,0,13
1779799599148,2093,GetIndividual,200,OK,GetIndividual 1-734,text,true,,3842,3588,168,395,https://api-scuda.uat.oci.krungsri.tech/ic/api/v1/customer/individual/getprofile,2093,0,27
1779799599326,1915,GetIndividual,200,OK,GetIndividual 1-739,text,true,,3890,3588,168,395,https://api-scuda.uat.oci.krungsri.tech/ic/api/v1/customer/individual/getprofile,1915,0,14
1779799601283,31,SearchIndividual,200,OK,SearchIndividual 2-1238,text,true,,1145,2602,3,396,https://api-scuda.uat.oci.krungsri.tech/ords/api/v1/customer/individual/searchprofile,31,0,20
1779799601298,31,SearchIndividual,200,OK,SearchIndividual 2-1239,text,true,,1179,2602,3,399,https://api-scuda.uat.oci.krungsri.tech/ords/api/v1/customer/individual/searchprofile,31,0,19
1779799598180,3155,GetIndividual,200,OK,GetIndividual 1-711,text,true,,3817,3588,169,401,https://api-scuda.uat.oci.krungsri.tech/ic/api/v1/customer/individual/getprofile,3155,0,16
1779799594878,6458,GetIndividual,200,OK,GetIndividual 1-602,text,true,,3879,3588,169,401,https://api-scuda.uat.oci.krungsri.tech/ic/api/v1/customer/individual/getprofile,6458,0,14
1779799596418,4918,CreateJoint,200,OK,CreateJoint 11-37,text,true,,1772,5708,27,400,https://api-scuda.uat.oci.krungsri.tech/ic/api/v1/customer/joint/createprofile,4918,0,28
1779799595927,5409,UpdateIndividual,200,OK,UpdateIndividual 4-388,text,true,,800,4228,141,400,https://api-scuda.uat.oci.krungsri.tech/ic/api/v1/customer/individual/updateprofile,5409,0,24
1779799596690,4651,UpdateIndividual,200,OK,UpdateIndividual 4-401,text,true,,800,5591,140,399,https://api-scuda.uat.oci.krungsri.tech/ic/api/v1/customer/individual/updateprofile,4651,0,49
1779799601332,26,SearchIndividual,200,OK,SearchIndividual 2-1243,text,true,,1173,2602,6,399,https://api-scuda.uat.oci.krungsri.tech/ords/api/v1/customer/individual/searchprofile,25,0,12
1779799601314,45,SearchIndividual,200,OK,SearchIndividual 2-1240,text,true,,1183,2602,5,398,https://api-scuda.uat.oci.krungsri.tech/ords/api/v1/customer/individual/searchprofile,45,0,32
1779799601332,29,SearchIndividual,200,OK,SearchIndividual 2-1242,text,true,,1173,2602,4,397,https://api-scuda.uat.oci.krungsri.tech/ords/api/v1/customer/individual/searchprofile,28,0,14
1779799601319,42,SearchIndividual,200,OK,SearchIndividual 2-1241,text,true,,1215,2602,4,397,https://api-scuda.uat.oci.krungsri.tech/ords/api/v1/customer/individual/searchprofile,42,0,25
1779799601340,31,SearchIndividual,200,OK,SearchIndividual 2-1244,text,true,,1199,2602,2,395,https://api-scuda.uat.oci.krungsri.tech/ords/api/v1/customer/individual/searchprofile,30,0,19
1779799601352,59,SearchIndividual,200,OK,SearchIndividual 2-1245,text,true,,1179,2602,6,401,https://api-scuda.uat.oci.krungsri.tech/ords/api/v1/customer/individual/searchprofile,58,0,39
1779799601404,22,SearchIndividual,200,OK,SearchIndividual 2-1250,text,true,,1176,2601,6,401,https://api-scuda.uat.oci.krungsri.tech/ords/api/v1/customer/individual/searchprofile,22,0,12
1779799601390,39,SearchIndividual,200,OK,SearchIndividual 2-1246,text,true,,1155,2602,5,400,https://api-scuda.uat.oci.krungsri.tech/ords/api/v1/customer/individual/searchprofile,38,0,26
1779799601397,35,SearchIndividual,200,OK,SearchIndividual 2-1248,text,true,,1127,2602,4,399,https://api-scuda.uat.oci.krungsri.tech/ords/api/v1/customer/individual/searchprofile,34,0,15
1779799598208,3230,UpdateJuristic,200,OK,UpdateJuristic 8-34,text,true,,800,5764,5,399,https://api-scuda.uat.oci.krungsri.tech/ic/api/v1/customer/juristic/updateprofile,3230,0,30
1779799583204,18233,GetIndividual,200,OK,GetIndividual 1-239,text,true,,3773,3588,167,399,https://api-scuda.uat.oci.krungsri.tech/ic/api/v1/customer/individual/getprofile,18233,0,15
1779799598897,2544,GetIndividual,200,OK,GetIndividual 1-726,text,true,,3894,3588,166,397,https://api-scuda.uat.oci.krungsri.tech/ic/api/v1/customer/individual/getprofile,2544,0,17
1779799601395,52,SearchIndividual,200,OK,SearchIndividual 2-1247,text,true,,1145,2602,3,397,https://api-scuda.uat.oci.krungsri.tech/ords/api/v1/customer/individual/searchprofile,51,0,27
1779799591682,9765,GetIndividual,200,OK,GetIndividual 1-509,text,true,,3887,3588,165,396,https://api-scuda.uat.oci.krungsri.tech/ic/api/v1/customer/individual/getprofile,9765,0,33
1779799601418,42,SearchIndividual,200,OK,SearchIndividual 2-1251,text,true,,1181,2602,2,395,https://api-scuda.uat.oci.krungsri.tech/ords/api/v1/customer/individual/searchprofile,42,0,27
1779799601397,67,SearchIndividual,200,OK,SearchIndividual 2-1249,text,true,,1219,2602,1,395,https://api-scuda.uat.oci.krungsri.tech/ords/api/v1/customer/individual/searchprofile,65,0,38
1779799601471,28,SearchIndividual,200,OK,SearchIndividual 2-1252,text,true,,1164,2601,4,399,https://api-scuda.uat.oci.krungsri.tech/ords/api/v1/customer/individual/searchprofile,28,0,16
1779799601495,32,SearchIndividual,200,OK,SearchIndividual 2-1255,text,true,,1141,2602,4,403,https://api-scuda.uat.oci.krungsri.tech/ords/api/v1/customer/individual/searchprofile,32,0,20
1779799589251,12278,CreateIndividual,201,Created,CreateIndividual 3-26,text,true,,1172,8282,23,403,https://api-scuda.uat.oci.krungsri.tech/ic/api/v1/customer/individual/createprofile,12278,0,45
1779799595024,6506,GetIndividual,429,Too Many Requests,GetIndividual 1-607,text,false,,600,3588,165,402,https://api-scuda.uat.oci.krungsri.tech/ic/api/v1/customer/individual/getprofile,6506,0,26
1779799601514,24,SearchIndividual,200,OK,SearchIndividual 2-1256,text,true,,1209,2602,4,402,https://api-scuda.uat.oci.krungsri.tech/ords/api/v1/customer/individual/searchprofile,23,0,11
1779799589908,11630,CreateIndividual,201,Created,CreateIndividual 3-27,text,true,,1172,8415,22,402,https://api-scuda.uat.oci.krungsri.tech/ic/api/v1/customer/individual/createprofile,11630,0,40
1779799597107,4432,GetIndividual,200,OK,GetIndividual 1-676,text,true,,3843,3588,164,400,https://api-scuda.uat.oci.krungsri.tech/ic/api/v1/customer/individual/getprofile,4432,0,21
1779799598449,3092,UpdateJoint,200,OK,UpdateJoint 12-33,text,true,,800,3614,12,399,https://api-scuda.uat.oci.krungsri.tech/ic/api/v1/customer/joint/updateprofile,3092,0,26
1779799594603,6941,GetIndividual,200,OK,GetIndividual 1-592,text,true,,3830,3588,163,398,https://api-scuda.uat.oci.krungsri.tech/ic/api/v1/customer/individual/getprofile,6941,0,55
1779799601471,85,SearchIndividual,200,OK,SearchIndividual 2-1253,text,true,,1215,2602,3,397,https://api-scuda.uat.oci.krungsri.tech/ords/api/v1/customer/individual/searchprofile,84,0,24
1779799588878,12683,CreateIndividual,429,Too Many Requests,CreateIndividual 3-25,text,false,,606,8580,21,397,https://api-scuda.uat.oci.krungsri.tech/ic/api/v1/customer/individual/createprofile,12683,0,17
1779799601493,93,SearchIndividual,200,OK,SearchIndividual 2-1254,text,true,,1157,2602,2,398,https://api-scuda.uat.oci.krungsri.tech/ords/api/v1/customer/individual/searchprofile,90,0,58
1779799601529,60,SearchIndividual,200,OK,SearchIndividual 2-1257,text,true,,1197,2602,1,398,https://api-scuda.uat.oci.krungsri.tech/ords/api/v1/customer/individual/searchprofile,60,0,38
1779799601622,39,SearchIndividual,200,OK,SearchIndividual 2-1260,text,true,,1241,2602,9,411,https://api-scuda.uat.oci.krungsri.tech/ords/api/v1/customer/individual/searchprofile,39,0,25
1779799601640,31,SearchIndividual,200,OK,SearchIndividual 2-1265,text,true,,1135,2602,8,411,https://api-scuda.uat.oci.krungsri.tech/ords/api/v1/customer/individual/searchprofile,31,0,19
1779799601632,47,SearchIndividual,200,OK,SearchIndividual 2-1262,text,true,,1117,2602,7,410,https://api-scuda.uat.oci.krungsri.tech/ords/api/v1/customer/individual/searchprofile,47,0,17
1779799601620,60,SearchIndividual,200,OK,SearchIndividual 2-1259,text,true,,1165,2602,6,409,https://api-scuda.uat.oci.krungsri.tech/ords/api/v1/customer/individual/searchprofile,60,0,29
1779799601607,75,SearchIndividual,200,OK,SearchIndividual 2-1258,text,true,,1145,2602,5,408,https://api-scuda.uat.oci.krungsri.tech/ords/api/v1/customer/individual/searchprofile,74,0,43
1779799601638,46,SearchIndividual,200,OK,SearchIndividual 2-1264,text,true,,1141,2602,4,407,https://api-scuda.uat.oci.krungsri.tech/ords/api/v1/customer/individual/searchprofile,46,0,30
1779799601629,60,SearchIndividual,200,OK,SearchIndividual 2-1261,text,true,,1140,2601,3,407,https://api-scuda.uat.oci.krungsri.tech/ords/api/v1/customer/individual/searchprofile,59,0,42
1779799601638,91,SearchIndividual,200,OK,SearchIndividual 2-1263,text,true,,1149,2602,4,411,https://api-scuda.uat.oci.krungsri.tech/ords/api/v1/customer/individual/searchprofile,87,0,50
1779799596949,4781,GetIndividual,200,OK,GetIndividual 1-670,text,true,,3841,3587,169,410,https://api-scuda.uat.oci.krungsri.tech/ic/api/v1/customer/individual/getprofile,4781,0,9
1779799591116,10618,CreateIndividual,201,Created,CreateIndividual 3-30,text,true,,1172,8126,20,409,https://api-scuda.uat.oci.krungsri.tech/ic/api/v1/customer/individual/createprofile,10618,0,56
1779799594483,7253,UpdateIndividual,200,OK,UpdateIndividual 4-357,text,true,,800,4229,147,408,https://api-scuda.uat.oci.krungsri.tech/ic/api/v1/customer/individual/updateprofile,7253,0,17
1779799601655,98,SearchIndividual,200,OK,SearchIndividual 2-1266,text,true,,1179,2602,3,408,https://api-scuda.uat.oci.krungsri.tech/ords/api/v1/customer/individual/searchprofile,98,0,63
1779799601717,56,SearchIndividual,200,OK,SearchIndividual 2-1267,text,true,,1195,2602,2,407,https://api-scuda.uat.oci.krungsri.tech/ords/api/v1/customer/individual/searchprofile,56,0,29
1779799601717,59,SearchIndividual,200,OK,SearchIndividual 2-1268,text,true,,1157,2602,1,407,https://api-scuda.uat.oci.krungsri.tech/ords/api/v1/customer/individual/searchprofile,59,0,26
1779799601759,36,UpdateIndividual,429,Too Many Requests,UpdateIndividual 4-493,text,false,,417,4226,148,407,https://api-scuda.uat.oci.krungsri.tech/ic/api/v1/customer/individual/updateprofile,36,0,35
1779799601791,24,GetIndividual,429,Too Many Requests,GetIndividual 1-799,text,false,,417,3587,171,410,https://api-scuda.uat.oci.krungsri.tech/ic/api/v1/customer/individual/getprofile,24,0,21
1779799601805,14,GetIndividual,429,Too Many Requests,GetIndividual 1-801,text,false,,417,3588,171,410,https://api-scuda.uat.oci.krungsri.tech/ic/api/v1/customer/individual/getprofile,14,0,12
1779799601809,13,SearchIndividual,429,Too Many Requests,SearchIndividual 2-1269,text,false,,417,2602,2,409,https://api-scuda.uat.oci.krungsri.tech/ords/api/v1/customer/individual/searchprofile,13,0,12
1779799601809,13,SearchIndividual,429,Too Many Requests,SearchIndividual 2-1270,text,false,,417,2602,2,409,https://api-scuda.uat.oci.krungsri.tech/ords/api/v1/customer/individual/searchprofile,13,0,12
1779799601799,28,GetIndividual,429,Too Many Requests,GetIndividual 1-800,text,false,,417,3588,170,408,https://api-scuda.uat.oci.krungsri.tech/ic/api/v1/customer/individual/getprofile,28,0,26
1779799601830,21,UpdateIndividual,429,Too Many Requests,UpdateIndividual 4-495,text,false,,417,4228,148,407,https://api-scuda.uat.oci.krungsri.tech/ic/api/v1/customer/individual/updateprofile,21,0,18
1779799601874,39,SearchIndividual,200,OK,SearchIndividual 2-1271,text,true,,1115,2602,1,413,https://api-scuda.uat.oci.krungsri.tech/ords/api/v1/customer/individual/searchprofile,39,0,23
1779799601883,40,UpdateIndividual,429,Too Many Requests,UpdateIndividual 4-497,text,false,,417,4230,149,412,https://api-scuda.uat.oci.krungsri.tech/ic/api/v1/customer/individual/updateprofile,40,0,35
1779799601910,23,GetIndividual,429,Too Many Requests,GetIndividual 1-806,text,false,,417,3588,173,411,https://api-scuda.uat.oci.krungsri.tech/ic/api/v1/customer/individual/getprofile,23,0,22
1779799588467,13497,GetIndividual,200,OK,GetIndividual 1-402,text,true,,3842,3587,172,411,https://api-scuda.uat.oci.krungsri.tech/ic/api/v1/customer/individual/getprofile,13497,0,19
1779799601943,44,SearchIndividual,200,OK,SearchIndividual 2-1272,text,true,,1109,2602,1,413,https://api-scuda.uat.oci.krungsri.tech/ords/api/v1/customer/individual/searchprofile,44,0,19
1779799601974,19,GetIndividual,429,Too Many Requests,GetIndividual 1-807,text,false,,417,3588,174,414,https://api-scuda.uat.oci.krungsri.tech/ic/api/v1/customer/individual/getprofile,19,0,17
1779799601988,12,GetIndividual,429,Too Many Requests,GetIndividual 1-809,text,false,,417,3588,174,414,https://api-scuda.uat.oci.krungsri.tech/ic/api/v1/customer/individual/getprofile,12,0,10
1779799601980,23,GetIndividual,429,Too Many Requests,GetIndividual 1-808,text,false,,417,3587,174,414,https://api-scuda.uat.oci.krungsri.tech/ic/api/v1/customer/individual/getprofile,22,0,21
1779799596178,5859,UpdateIndividual,200,OK,UpdateIndividual 4-394,text,true,,800,5548,149,413,https://api-scuda.uat.oci.krungsri.tech/ic/api/v1/customer/individual/updateprofile,5859,0,16
1779799596847,5192,GetIndividual,200,OK,GetIndividual 1-667,text,true,,3786,3588,173,412,https://api-scuda.uat.oci.krungsri.tech/ic/api/v1/customer/individual/getprofile,5192,0,15
1779799599550,2491,UpdateIndividual,200,OK,UpdateIndividual 4-456,text,true,,800,5552,148,411,https://api-scuda.uat.oci.krungsri.tech/ic/api/v1/customer/individual/updateprofile,2491,0,14
1779799590089,11952,GetIndividual,200,OK,GetIndividual 1-466,text,true,,3849,3588,172,411,https://api-scuda.uat.oci.krungsri.tech/ic/api/v1/customer/individual/getprofile,11952,0,16
1779799596343,5698,GetIndividual,200,OK,GetIndividual 1-646,text,true,,3875,3588,172,411,https://api-scuda.uat.oci.krungsri.tech/ic/api/v1/customer/individual/getprofile,5698,0,20
1779799599561,2482,UpdateJoint,200,OK,UpdateJoint 12-35,text,true,,800,3614,12,408,https://api-scuda.uat.oci.krungsri.tech/ic/api/v1/customer/joint/updateprofile,2482,0,13
1779799597842,4201,UpdateIndividual,200,OK,UpdateIndividual 4-422,text,true,,800,4227,147,408,https://api-scuda.uat.oci.krungsri.tech/ic/api/v1/customer/individual/updateprofile,4201,0,24
1779799602015,54,SearchJoint,200,OK,SearchJoint 10-36,text,true,,621,2627,1,408,https://api-scuda.uat.oci.krungsri.tech/ords/api/v1/customer/joint/searchprofile,54,0,36
1779799602058,32,SearchIndividual,200,OK,SearchIndividual 2-1273,text,true,,1145,2602,1,409,https://api-scuda.uat.oci.krungsri.tech/ords/api/v1/customer/individual/searchprofile,32,0,20
1779799598827,3305,UpdateIndividual,200,OK,UpdateIndividual 4-444,text,true,,800,5657,149,411,https://api-scuda.uat.oci.krungsri.tech/ic/api/v1/customer/individual/updateprofile,3305,0,16
1779799597173,4961,GetIndividual,429,Too Many Requests,GetIndividual 1-680,text,false,,600,3588,170,410,https://api-scuda.uat.oci.krungsri.tech/ic/api/v1/customer/individual/getprofile,4961,0,17
1779799602130,38,SearchIndividual,200,OK,SearchIndividual 2-1274,text,true,,1165,2602,5,414,https://api-scuda.uat.oci.krungsri.tech/ords/api/v1/customer/individual/searchprofile,38,0,16
1779799602145,27,SearchIndividual,200,OK,SearchIndividual 2-1276,text,true,,1165,2602,4,414,https://api-scuda.uat.oci.krungsri.tech/ords/api/v1/customer/individual/searchprofile,27,0,14
1779799602137,39,SearchIndividual,200,OK,SearchIndividual 2-1275,text,true,,1141,2602,4,414,https://api-scuda.uat.oci.krungsri.tech/ords/api/v1/customer/individual/searchprofile,38,0,27
1779799602147,50,SearchIndividual,200,OK,SearchIndividual 2-1277,text,true,,1165,2602,3,414,https://api-scuda.uat.oci.krungsri.tech/ords/api/v1/customer/individual/searchprofile,49,0,28
1779799602164,34,SearchIndividual,200,OK,SearchIndividual 2-1278,text,true,,1227,2602,2,413,https://api-scuda.uat.oci.krungsri.tech/ords/api/v1/customer/individual/searchprofile,33,0,13
1779799602176,33,SearchIndividual,200,OK,SearchIndividual 2-1279,text,true,,1179,2602,1,413,https://api-scuda.uat.oci.krungsri.tech/ords/api/v1/customer/individual/searchprofile,33,0,20
1779799595172,7061,UpdateIndividual,200,OK,UpdateIndividual 4-376,text,true,,800,4227,150,414,https://api-scuda.uat.oci.krungsri.tech/ic/api/v1/customer/individual/updateprofile,7061,0,41
1779799597399,4835,CreateIndividual,201,Created,CreateIndividual 3-37,text,true,,1172,8365,19,413,https://api-scuda.uat.oci.krungsri.tech/ic/api/v1/customer/individual/createprofile,4835,0,17
1779799590148,12088,UpdateIndividual,200,OK,UpdateIndividual 4-275,text,true,,799,5626,149,412,https://api-scuda.uat.oci.krungsri.tech/ic/api/v1/customer/individual/updateprofile,12088,0,9
1779799589330,12906,CreateJoint,200,OK,CreateJoint 11-27,text,true,,1772,6150,30,412,https://api-scuda.uat.oci.krungsri.tech/ic/api/v1/customer/joint/createprofile,12906,0,24
1779799602252,22,GetIndividual,429,Too Many Requests,GetIndividual 1-814,text,false,,417,3588,172,415,https://api-scuda.uat.oci.krungsri.tech/ic/api/v1/customer/individual/getprofile,22,0,20
1779799602231,43,SearchIndividual,200,OK,SearchIndividual 2-1280,text,true,,1143,2600,4,415,https://api-scuda.uat.oci.krungsri.tech/ords/api/v1/customer/individual/searchprofile,43,0,29
1779799602247,27,SearchIndividual,200,OK,SearchIndividual 2-1282,text,true,,1129,2602,4,415,https://api-scuda.uat.oci.krungsri.tech/ords/api/v1/customer/individual/searchprofile,27,0,14
1779799602244,40,SearchIndividual,200,OK,SearchIndividual 2-1281,text,true,,1157,2602,2,412,https://api-scuda.uat.oci.krungsri.tech/ords/api/v1/customer/individual/searchprofile,40,0,21
1779799602253,43,SearchIndividual,200,OK,SearchIndividual 2-1283,text,true,,1203,2602,1,411,https://api-scuda.uat.oci.krungsri.tech/ords/api/v1/customer/individual/searchprofile,43,0,28
1779799594518,7808,CreateIndividual,201,Created,CreateIndividual 3-33,text,true,,1172,8467,18,411,https://api-scuda.uat.oci.krungsri.tech/ic/api/v1/customer/individual/createprofile,7808,0,20
1779799593972,8356,UpdateIndividual,200,OK,UpdateIndividual 4-348,text,true,,800,4229,150,410,https://api-scuda.uat.oci.krungsri.tech/ic/api/v1/customer/individual/updateprofile,8356,0,26
1779799599593,2736,CreateIndividual,201,Created,CreateIndividual 3-39,text,true,,1172,8513,17,409,https://api-scuda.uat.oci.krungsri.tech/ic/api/v1/customer/individual/createprofile,2736,0,27
1779799597695,4636,UpdateIndividual,200,OK,UpdateIndividual 4-421,text,true,,800,5578,149,408,https://api-scuda.uat.oci.krungsri.tech/ic/api/v1/customer/individual/updateprofile,4636,0,20
1779799597239,5093,GetIndividual,429,Too Many Requests,GetIndividual 1-682,text,false,,600,3587,171,407,https://api-scuda.uat.oci.krungsri.tech/ic/api/v1/customer/individual/getprofile,5093,0,16
1779799602348,23,UpdateIndividual,429,Too Many Requests,UpdateIndividual 4-506,text,false,,417,5637,149,410,https://api-scuda.uat.oci.krungsri.tech/ic/api/v1/customer/individual/updateprofile,23,0,21
1779799602366,15,SearchIndividual,429,Too Many Requests,SearchIndividual 2-1285,text,false,,417,2602,3,410,https://api-scuda.uat.oci.krungsri.tech/ords/api/v1/customer/individual/searchprofile,15,0,13
1779799602364,42,SearchIndividual,200,OK,SearchIndividual 2-1284,text,true,,1185,2602,2,410,https://api-scuda.uat.oci.krungsri.tech/ords/api/v1/customer/individual/searchprofile,41,0,22
1779799602392,20,UpdateIndividual,429,Too Many Requests,UpdateIndividual 4-507,text,false,,417,5673,149,409,https://api-scuda.uat.oci.krungsri.tech/ic/api/v1/customer/individual/updateprofile,20,0,19
1779799602378,40,SearchIndividual,200,OK,SearchIndividual 2-1286,text,true,,1195,2602,1,408,https://api-scuda.uat.oci.krungsri.tech/ords/api/v1/customer/individual/searchprofile,40,0,26
1779799602452,17,GetIndividual,429,Too Many Requests,GetIndividual 1-815,text,false,,417,3588,172,414,https://api-scuda.uat.oci.krungsri.tech/ic/api/v1/customer/individual/getprofile,17,0,13
1779799602454,21,SearchIndividual,429,Too Many Requests,SearchIndividual 2-1289,text,false,,417,2602,5,414,https://api-scuda.uat.oci.krungsri.tech/ords/api/v1/customer/individual/searchprofile,21,0,18
1779799602454,24,SearchIndividual,429,Too Many Requests,SearchIndividual 2-1290,text,false,,417,2602,4,413,https://api-scuda.uat.oci.krungsri.tech/ords/api/v1/customer/individual/searchprofile,24,0,18
1779799602454,25,SearchIndividual,429,Too Many Requests,SearchIndividual 2-1288,text,false,,417,2601,3,412,https://api-scuda.uat.oci.krungsri.tech/ords/api/v1/customer/individual/searchprofile,25,0,20
1779799602453,32,SearchIndividual,200,OK,SearchIndividual 2-1287,text,true,,1149,2602,3,412,https://api-scuda.uat.oci.krungsri.tech/ords/api/v1/customer/individual/searchprofile,31,0,19
1779799595941,6581,UpdateIndividual,200,OK,UpdateIndividual 4-389,text,true,,800,5479,150,416,https://api-scuda.uat.oci.krungsri.tech/ic/api/v1/customer/individual/updateprofile,6581,0,31
1779799597988,4547,CreateJoint,200,OK,CreateJoint 11-42,text,true,,1772,6116,29,416,https://api-scuda.uat.oci.krungsri.tech/ic/api/v1/customer/joint/createprofile,4547,0,22
1779799602474,65,SearchIndividual,200,OK,SearchIndividual 2-1291,text,true,,1139,2602,2,415,https://api-scuda.uat.oci.krungsri.tech/ords/api/v1/customer/individual/searchprofile,65,0,31
1779799589976,12565,GetIndividual,200,OK,GetIndividual 1-460,text,true,,3820,3587,175,414,https://api-scuda.uat.oci.krungsri.tech/ic/api/v1/customer/individual/getprofile,12565,0,22
1779799599253,3288,UpdateJuristic,200,OK,UpdateJuristic 8-35,text,true,,799,5727,5,414,https://api-scuda.uat.oci.krungsri.tech/ic/api/v1/customer/juristic/updateprofile,3288,0,14
1779799602512,35,SearchIndividual,429,Too Many Requests,SearchIndividual 2-1292,text,false,,417,2602,1,413,https://api-scuda.uat.oci.krungsri.tech/ords/api/v1/customer/individual/searchprofile,35,0,28
1779799602503,45,GetIndividual,429,Too Many Requests,GetIndividual 1-818,text,false,,417,3588,175,413,https://api-scuda.uat.oci.krungsri.tech/ic/api/v1/customer/individual/getprofile,45,0,39
1779799602511,37,UpdateIndividual,429,Too Many Requests,UpdateIndividual 4-509,text,false,,417,4227,149,412,https://api-scuda.uat.oci.krungsri.tech/ic/api/v1/customer/individual/updateprofile,37,0,28
1779799602553,25,SearchIndividual,429,Too Many Requests,SearchIndividual 2-1293,text,false,,417,2602,2,414,https://api-scuda.uat.oci.krungsri.tech/ords/api/v1/customer/individual/searchprofile,25,0,24
1779799602578,13,SearchIndividual,429,Too Many Requests,SearchIndividual 2-1294,text,false,,417,2602,1,415,https://api-scuda.uat.oci.krungsri.tech/ords/api/v1/customer/individual/searchprofile,13,0,10
1779799602570,22,UpdateIndividual,429,Too Many Requests,UpdateIndividual 4-510,text,false,,417,4227,150,415,https://api-scuda.uat.oci.krungsri.tech/ic/api/v1/customer/individual/updateprofile,22,0,21
1779799602584,14,UpdateIndividual,429,Too Many Requests,UpdateIndividual 4-511,text,false,,417,4230,149,414,https://api-scuda.uat.oci.krungsri.tech/ic/api/v1/customer/individual/updateprofile,14,0,12
1779799602584,15,GetJuristic,429,Too Many Requests,GetJuristic 5-33,text,false,,417,3533,4,414,https://api-scuda.uat.oci.krungsri.tech/ic/api/v1/customer/juristic/getprofile,15,0,12
1779799602598,18,GetIndividual,429,Too Many Requests,GetIndividual 1-823,text,false,,417,3588,176,414,https://api-scuda.uat.oci.krungsri.tech/ic/api/v1/customer/individual/getprofile,18,0,15
1779799602602,30,SearchJuristic,200,OK,SearchJuristic 6-38,text,true,,987,2600,1,416,https://api-scuda.uat.oci.krungsri.tech/ords/api/v1/customer/juristic/searchprofile,30,0,18
1779799602616,23,SearchIndividual,200,OK,SearchIndividual 2-1295,text,true,,1185,2602,3,415,https://api-scuda.uat.oci.krungsri.tech/ords/api/v1/customer/individual/searchprofile,23,0,11
1779799602628,41,SearchIndividual,200,OK,SearchIndividual 2-1296,text,true,,1145,2602,6,421,https://api-scuda.uat.oci.krungsri.tech/ords/api/v1/customer/individual/searchprofile,41,0,10
1779799602633,38,SearchIndividual,200,OK,SearchIndividual 2-1297,text,true,,1222,2601,5,421,https://api-scuda.uat.oci.krungsri.tech/ords/api/v1/customer/individual/searchprofile,38,0,26
1779799602651,23,SearchIndividual,200,OK,SearchIndividual 2-1299,text,true,,1189,2602,4,420,https://api-scuda.uat.oci.krungsri.tech/ords/api/v1/customer/individual/searchprofile,23,0,13
1779799602649,27,SearchIndividual,429,Too Many Requests,SearchIndividual 2-1298,text,false,,417,2602,3,419,https://api-scuda.uat.oci.krungsri.tech/ords/api/v1/customer/individual/searchprofile,27,0,25
1779799602669,17,SearchIndividual,429,Too Many Requests,SearchIndividual 2-1301,text,false,,417,2602,2,418,https://api-scuda.uat.oci.krungsri.tech/ords/api/v1/customer/individual/searchprofile,17,0,14
1779799602671,17,GetIndividual,429,Too Many Requests,GetIndividual 1-824,text,false,,417,3588,176,417,https://api-scuda.uat.oci.krungsri.tech/ic/api/v1/customer/individual/getprofile,17,0,13
1779799602665,24,UpdateIndividual,429,Too Many Requests,UpdateIndividual 4-515,text,false,,417,4227,152,416,https://api-scuda.uat.oci.krungsri.tech/ic/api/v1/customer/individual/updateprofile,24,0,20
1779799602669,28,SearchIndividual,200,OK,SearchIndividual 2-1300,text,true,,1172,2601,2,416,https://api-scuda.uat.oci.krungsri.tech/ords/api/v1/customer/individual/searchprofile,28,0,17
1779799602695,33,SearchIndividual,200,OK,SearchIndividual 2-1302,text,true,,1233,2602,2,417,https://api-scuda.uat.oci.krungsri.tech/ords/api/v1/customer/individual/searchprofile,33,0,20
1779799597918,4827,GetIndividual,200,OK,GetIndividual 1-698,text,true,,3809,3588,177,418,https://api-scuda.uat.oci.krungsri.tech/ic/api/v1/customer/individual/getprofile,4827,0,18
1779799602735,30,SearchIndividual,200,OK,SearchIndividual 2-1304,text,true,,1209,2602,2,418,https://api-scuda.uat.oci.krungsri.tech/ords/api/v1/customer/individual/searchprofile,30,0,20
1779799602723,42,SearchIndividual,200,OK,SearchIndividual 2-1303,text,true,,1209,2602,2,418,https://api-scuda.uat.oci.krungsri.tech/ords/api/v1/customer/individual/searchprofile,42,0,20
1779799602766,29,SearchIndividual,200,OK,SearchIndividual 2-1305,text,true,,1189,2602,3,422,https://api-scuda.uat.oci.krungsri.tech/ords/api/v1/customer/individual/searchprofile,28,0,18
1779799602766,33,SearchIndividual,200,OK,SearchIndividual 2-1306,text,true,,1105,2602,2,421,https://api-scuda.uat.oci.krungsri.tech/ords/api/v1/customer/individual/searchprofile,32,0,22
1779799602789,34,SearchIndividual,429,Too Many Requests,SearchIndividual 2-1307,text,false,,417,2602,2,423,https://api-scuda.uat.oci.krungsri.tech/ords/api/v1/customer/individual/searchprofile,34,0,32
1779799599990,2839,GetIndividual,200,OK,GetIndividual 1-758,text,true,,3862,3588,178,422,https://api-scuda.uat.oci.krungsri.tech/ic/api/v1/customer/individual/getprofile,2839,0,12
1779799595741,7089,GetIndividual,200,OK,GetIndividual 1-629,text,true,,3849,3588,177,421,https://api-scuda.uat.oci.krungsri.tech/ic/api/v1/customer/individual/getprofile,7089,0,16
1779799597305,5528,GetIndividual,200,OK,GetIndividual 1-684,text,true,,3851,3588,176,420,https://api-scuda.uat.oci.krungsri.tech/ic/api/v1/customer/individual/getprofile,5528,0,26
1779799589652,13183,GetIndividual,200,OK,GetIndividual 1-446,text,true,,3903,3588,175,419,https://api-scuda.uat.oci.krungsri.tech/ic/api/v1/customer/individual/getprofile,13183,0,15
1779799602803,32,SearchIndividual,200,OK,SearchIndividual 2-1308,text,true,,1185,2602,1,419,https://api-scuda.uat.oci.krungsri.tech/ords/api/v1/customer/individual/searchprofile,32,0,20
1779799596840,5996,GetIndividual,429,Too Many Requests,GetIndividual 1-666,text,false,,600,3588,174,417,https://api-scuda.uat.oci.krungsri.tech/ic/api/v1/customer/individual/getprofile,5996,0,15
1779799602844,23,SearchIndividual,200,OK,SearchIndividual 2-1310,text,true,,1167,2602,3,420,https://api-scuda.uat.oci.krungsri.tech/ords/api/v1/customer/individual/searchprofile,23,0,10
1779799602857,29,SearchIndividual,200,OK,SearchIndividual 2-1311,text,true,,1193,2602,4,423,https://api-scuda.uat.oci.krungsri.tech/ords/api/v1/customer/individual/searchprofile,29,0,17
1779799602839,53,SearchIndividual,200,OK,SearchIndividual 2-1309,text,true,,1202,2601,5,424,https://api-scuda.uat.oci.krungsri.tech/ords/api/v1/customer/individual/searchprofile,52,0,37
1779799602878,22,SearchIndividual,200,OK,SearchIndividual 2-1313,text,true,,1173,2602,4,423,https://api-scuda.uat.oci.krungsri.tech/ords/api/v1/customer/individual/searchprofile,22,0,10
1779799602874,34,SearchIndividual,200,OK,SearchIndividual 2-1312,text,true,,1143,2602,4,425,https://api-scuda.uat.oci.krungsri.tech/ords/api/v1/customer/individual/searchprofile,34,0,20
1779799602890,28,SearchIndividual,200,OK,SearchIndividual 2-1314,text,true,,1177,2602,3,425,https://api-scuda.uat.oci.krungsri.tech/ords/api/v1/customer/individual/searchprofile,28,0,17
1779799602890,32,SearchIndividual,200,OK,SearchIndividual 2-1315,text,true,,1159,2602,2,424,https://api-scuda.uat.oci.krungsri.tech/ords/api/v1/customer/individual/searchprofile,32,0,18
1779799600031,2898,GetIndividual,200,OK,GetIndividual 1-759,text,true,,3820,3587,178,425,https://api-scuda.uat.oci.krungsri.tech/ic/api/v1/customer/individual/getprofile,2898,0,20
1779799602905,76,SearchIndividual,200,OK,SearchIndividual 2-1316,text,true,,1169,2602,1,426,https://api-scuda.uat.oci.krungsri.tech/ords/api/v1/customer/individual/searchprofile,76,0,43
1779799602967,21,GetIndividual,429,Too Many Requests,GetIndividual 1-834,text,false,,417,3588,178,426,https://api-scuda.uat.oci.krungsri.tech/ic/api/v1/customer/individual/getprofile,21,0,19
1779799602972,18,UpdateIndividual,429,Too Many Requests,UpdateIndividual 4-521,text,false,,417,4229,157,426,https://api-scuda.uat.oci.krungsri.tech/ic/api/v1/customer/individual/updateprofile,18,0,17
1779799603008,21,UpdateIndividual,429,Too Many Requests,UpdateIndividual 4-523,text,false,,417,4230,159,427,https://api-scuda.uat.oci.krungsri.tech/ic/api/v1/customer/individual/updateprofile,21,0,20
1779799600080,2955,UpdateIndividual,200,OK,UpdateIndividual 4-464,text,true,,800,5626,158,426,https://api-scuda.uat.oci.krungsri.tech/ic/api/v1/customer/individual/updateprofile,2955,0,18
1779799603026,27,SearchIndividual,200,OK,SearchIndividual 2-1317,text,true,,1153,2602,1,427,https://api-scuda.uat.oci.krungsri.tech/ords/api/v1/customer/individual/searchprofile,27,0,14
1779799603060,17,GetIndividual,429,Too Many Requests,GetIndividual 1-836,text,false,,417,3588,179,428,https://api-scuda.uat.oci.krungsri.tech/ic/api/v1/customer/individual/getprofile,17,0,16
1779799603084,23,UpdateIndividual,429,Too Many Requests,UpdateIndividual 4-526,text,false,,417,5616,159,433,https://api-scuda.uat.oci.krungsri.tech/ic/api/v1/customer/individual/updateprofile,23,0,21
1779799603088,20,SearchIndividual,429,Too Many Requests,SearchIndividual 2-1318,text,false,,417,2602,3,433,https://api-scuda.uat.oci.krungsri.tech/ords/api/v1/customer/individual/searchprofile,20,0,18
1779799603095,23,SearchIndividual,429,Too Many Requests,SearchIndividual 2-1320,text,false,,417,2602,2,432,https://api-scuda.uat.oci.krungsri.tech/ords/api/v1/customer/individual/searchprofile,23,0,20
1779799603106,13,GetIndividual,429,Too Many Requests,GetIndividual 1-837,text,false,,417,3588,180,432,https://api-scuda.uat.oci.krungsri.tech/ic/api/v1/customer/individual/getprofile,13,0,12
1779799603092,29,SearchIndividual,200,OK,SearchIndividual 2-1319,text,true,,1146,2601,2,431,https://api-scuda.uat.oci.krungsri.tech/ords/api/v1/customer/individual/searchprofile,29,0,13
1779799596389,6753,GetJoint,200,OK,GetJoint 9-30,text,true,,1431,3530,7,432,https://api-scuda.uat.oci.krungsri.tech/ic/api/v1/customer/joint/getprofile,6753,0,23
1779799589976,13171,GetIndividual,200,OK,GetIndividual 1-461,text,true,,3891,3587,180,432,https://api-scuda.uat.oci.krungsri.tech/ic/api/v1/customer/individual/getprofile,13171,0,22
1779799597207,5942,UpdateIndividual,200,OK,UpdateIndividual 4-413,text,true,,799,5548,159,432,https://api-scuda.uat.oci.krungsri.tech/ic/api/v1/customer/individual/updateprofile,5942,0,19
1779799591000,12150,GetIndividual,200,OK,GetIndividual 1-487,text,true,,3862,3588,179,431,https://api-scuda.uat.oci.krungsri.tech/ic/api/v1/customer/individual/getprofile,12150,0,21
1779799588406,14747,GetIndividual,429,Too Many Requests,GetIndividual 1-399,text,false,,600,3588,178,430,https://api-scuda.uat.oci.krungsri.tech/ic/api/v1/customer/individual/getprofile,14747,0,21
1779799603119,41,SearchIndividual,200,OK,SearchIndividual 2-1321,text,true,,1237,2602,4,430,https://api-scuda.uat.oci.krungsri.tech/ords/api/v1/customer/individual/searchprofile,41,0,15
1779799595777,7390,GetIndividual,200,OK,GetIndividual 1-630,text,true,,3815,3588,177,429,https://api-scuda.uat.oci.krungsri.tech/ic/api/v1/customer/individual/getprofile,7390,0,20
1779799603150,33,SearchIndividual,200,OK,SearchIndividual 2-1323,text,true,,1151,2602,4,429,https://api-scuda.uat.oci.krungsri.tech/ords/api/v1/customer/individual/searchprofile,33,0,12
1779799603160,31,SearchIndividual,200,OK,SearchIndividual 2-1324,text,true,,1201,2602,3,428,https://api-scuda.uat.oci.krungsri.tech/ords/api/v1/customer/individual/searchprofile,31,0,19
1779799603127,66,SearchIndividual,200,OK,SearchIndividual 2-1322,text,true,,1189,2602,2,427,https://api-scuda.uat.oci.krungsri.tech/ords/api/v1/customer/individual/searchprofile,66,0,47
1779799603169,34,SearchIndividual,200,OK,SearchIndividual 2-1325,text,true,,1161,2602,1,428,https://api-scuda.uat.oci.krungsri.tech/ords/api/v1/customer/individual/searchprofile,32,0,18
1779799600071,3163,GetIndividual,200,OK,GetIndividual 1-760,text,true,,3824,3588,178,432,https://api-scuda.uat.oci.krungsri.tech/ic/api/v1/customer/individual/getprofile,3163,0,13
1779799598952,4282,GetIndividual,200,OK,GetIndividual 1-728,text,true,,3851,3588,178,432,https://api-scuda.uat.oci.krungsri.tech/ic/api/v1/customer/individual/getprofile,4282,0,30
1779799597140,6096,GetIndividual,200,OK,GetIndividual 1-677,text,true,,3882,3588,176,430,https://api-scuda.uat.oci.krungsri.tech/ic/api/v1/customer/individual/getprofile,6095,0,21
1779799600156,3082,UpdateIndividual,200,OK,UpdateIndividual 4-466,text,true,,800,5639,160,429,https://api-scuda.uat.oci.krungsri.tech/ic/api/v1/customer/individual/updateprofile,3082,0,17
1779799598531,4708,GetIndividual,429,Too Many Requests,GetIndividual 1-721,text,false,,600,3588,175,428,https://api-scuda.uat.oci.krungsri.tech/ic/api/v1/customer/individual/getprofile,4708,0,44
1779799595103,8136,UpdateIndividual,429,Too Many Requests,UpdateIndividual 4-373,text,false,,606,4227,159,428,https://api-scuda.uat.oci.krungsri.tech/ic/api/v1/customer/individual/updateprofile,8136,0,21
1779799591371,11868,CreateIndividual,201,Created,CreateIndividual 3-31,text,true,,1172,8102,16,428,https://api-scuda.uat.oci.krungsri.tech/ic/api/v1/customer/individual/createprofile,11868,0,20
1779799598455,4785,GetIndividual,200,OK,GetIndividual 1-719,text,true,,3781,3588,175,427,https://api-scuda.uat.oci.krungsri.tech/ic/api/v1/customer/individual/getprofile,4785,0,50
1779799598809,4438,UpdateIndividual,200,OK,UpdateIndividual 4-442,text,true,,800,4226,158,425,https://api-scuda.uat.oci.krungsri.tech/ic/api/v1/customer/individual/updateprofile,4438,0,23
1779799603228,38,SearchIndividual,200,OK,SearchIndividual 2-1326,text,true,,1173,2602,3,429,https://api-scuda.uat.oci.krungsri.tech/ords/api/v1/customer/individual/searchprofile,38,0,22
1779799603228,43,SearchIndividual,200,OK,SearchIndividual 2-1327,text,true,,1151,2602,2,428,https://api-scuda.uat.oci.krungsri.tech/ords/api/v1/customer/individual/searchprofile,43,0,31
1779799603242,32,SearchIndividual,200,OK,SearchIndividual 2-1328,text,true,,1192,2601,1,427,https://api-scuda.uat.oci.krungsri.tech/ords/api/v1/customer/individual/searchprofile,32,0,21
1779799597647,5640,UpdateIndividual,200,OK,UpdateIndividual 4-419,text,true,,800,4227,159,429,https://api-scuda.uat.oci.krungsri.tech/ic/api/v1/customer/individual/updateprofile,5640,0,18
1779799590431,12899,UpdateIndividual,200,OK,UpdateIndividual 4-280,text,true,,800,5600,159,437,https://api-scuda.uat.oci.krungsri.tech/ic/api/v1/customer/individual/updateprofile,12899,0,32
1779799603314,20,GetIndividual,429,Too Many Requests,GetIndividual 1-847,text,false,,417,3588,179,436,https://api-scuda.uat.oci.krungsri.tech/ic/api/v1/customer/individual/getprofile,20,0,16
1779799603292,46,SearchIndividual,200,OK,SearchIndividual 2-1329,text,true,,1196,2601,5,435,https://api-scuda.uat.oci.krungsri.tech/ords/api/v1/customer/individual/searchprofile,46,0,22
1779799600048,3291,UpdateIndividual,200,OK,UpdateIndividual 4-463,text,true,,800,5574,158,434,https://api-scuda.uat.oci.krungsri.tech/ic/api/v1/customer/individual/updateprofile,3291,0,11
1779799590242,13100,UpdateIndividual,200,OK,UpdateIndividual 4-277,text,true,,800,4230,157,433,https://api-scuda.uat.oci.krungsri.tech/ic/api/v1/customer/individual/updateprofile,13100,0,35
1779799603296,46,SearchIndividual,200,OK,SearchIndividual 2-1331,text,true,,1219,2602,4,433,https://api-scuda.uat.oci.krungsri.tech/ords/api/v1/customer/individual/searchprofile,46,0,31
1779799603298,48,SearchIndividual,200,OK,SearchIndividual 2-1332,text,true,,1130,2601,3,431,https://api-scuda.uat.oci.krungsri.tech/ords/api/v1/customer/individual/searchprofile,48,0,20
1779799603301,45,SearchIndividual,200,OK,SearchIndividual 2-1333,text,true,,1175,2602,3,431,https://api-scuda.uat.oci.krungsri.tech/ords/api/v1/customer/individual/searchprofile,44,0,26
1779799603292,54,SearchIndividual,200,OK,SearchIndividual 2-1330,text,true,,1214,2601,3,431,https://api-scuda.uat.oci.krungsri.tech/ords/api/v1/customer/individual/searchprofile,54,0,31
1779799603361,30,SearchIndividual,200,OK,SearchIndividual 2-1335,text,true,,1193,2602,4,437,https://api-scuda.uat.oci.krungsri.tech/ords/api/v1/customer/individual/searchprofile,30,0,19
1779799603371,30,SearchIndividual,200,OK,SearchIndividual 2-1336,text,true,,1167,2602,3,436,https://api-scuda.uat.oci.krungsri.tech/ords/api/v1/customer/individual/searchprofile,30,0,19
1779799593855,9572,GetIndividual,200,OK,GetIndividual 1-568,text,true,,3765,3588,179,437,https://api-scuda.uat.oci.krungsri.tech/ic/api/v1/customer/individual/getprofile,9572,0,38
1779799603387,64,SearchIndividual,200,OK,SearchIndividual 2-1337,text,true,,1187,2602,3,439,https://api-scuda.uat.oci.krungsri.tech/ords/api/v1/customer/individual/searchprofile,63,0,20
1779799603361,91,SearchIndividual,200,OK,SearchIndividual 2-1334,text,true,,1143,2602,2,438,https://api-scuda.uat.oci.krungsri.tech/ords/api/v1/customer/individual/searchprofile,91,0,15
1779799603427,38,SearchIndividual,200,OK,SearchIndividual 2-1338,text,true,,1162,2601,1,438,https://api-scuda.uat.oci.krungsri.tech/ords/api/v1/customer/individual/searchprofile,38,0,24
1779799603488,33,SearchIndividual,429,Too Many Requests,SearchIndividual 2-1339,text,false,,417,2602,4,443,https://api-scuda.uat.oci.krungsri.tech/ords/api/v1/customer/individual/searchprofile,33,0,32
1779799603474,58,UpdateIndividual,429,Too Many Requests,UpdateIndividual 4-538,text,false,,417,4228,162,446,https://api-scuda.uat.oci.krungsri.tech/ic/api/v1/customer/individual/updateprofile,58,0,56
1779799603493,39,SearchIndividual,429,Too Many Requests,SearchIndividual 2-1340,text,false,,417,2602,5,446,https://api-scuda.uat.oci.krungsri.tech/ords/api/v1/customer/individual/searchprofile,39,0,37
1779799594231,9303,GetIndividual,200,OK,GetIndividual 1-578,text,true,,3851,3588,184,444,https://api-scuda.uat.oci.krungsri.tech/ic/api/v1/customer/individual/getprofile,9303,0,26
1779799600299,3235,GetIndividual,200,OK,GetIndividual 1-763,text,true,,3829,3587,184,444,https://api-scuda.uat.oci.krungsri.tech/ic/api/v1/customer/individual/getprofile,3235,0,16
1779799603503,32,SearchIndividual,200,OK,SearchIndividual 2-1341,text,true,,1157,2602,4,444,https://api-scuda.uat.oci.krungsri.tech/ords/api/v1/customer/individual/searchprofile,32,0,21
1779799603507,28,SearchIndividual,200,OK,SearchIndividual 2-1342,text,true,,1153,2602,4,443,https://api-scuda.uat.oci.krungsri.tech/ords/api/v1/customer/individual/searchprofile,28,0,17
1779799597225,6311,GetIndividual,200,OK,GetIndividual 1-681,text,true,,3849,3588,182,440,https://api-scuda.uat.oci.krungsri.tech/ic/api/v1/customer/individual/getprofile,6311,0,32
1779799603527,28,SearchIndividual,200,OK,SearchIndividual 2-1344,text,true,,1167,2602,2,442,https://api-scuda.uat.oci.krungsri.tech/ords/api/v1/customer/individual/searchprofile,28,0,16
1779799603527,31,SearchIndividual,200,OK,SearchIndividual 2-1343,text,true,,1197,2602,1,443,https://api-scuda.uat.oci.krungsri.tech/ords/api/v1/customer/individual/searchprofile,31,0,20
1779799603567,24,SearchIndividual,200,OK,SearchIndividual 2-1345,text,true,,1169,2602,3,448,https://api-scuda.uat.oci.krungsri.tech/ords/api/v1/customer/individual/searchprofile,24,0,11
1779799603558,45,SearchJuristic,200,OK,SearchJuristic 6-39,text,true,,1005,2600,1,449,https://api-scuda.uat.oci.krungsri.tech/ords/api/v1/customer/juristic/searchprofile,45,0,21
1779799589775,13860,GetIndividual,429,Too Many Requests,GetIndividual 1-451,text,false,,600,3588,184,449,https://api-scuda.uat.oci.krungsri.tech/ic/api/v1/customer/individual/getprofile,13860,0,18
1779799603605,31,SearchIndividual,200,OK,SearchIndividual 2-1349,text,true,,1279,2602,4,449,https://api-scuda.uat.oci.krungsri.tech/ords/api/v1/customer/individual/searchprofile,31,0,19
1779799603597,43,GetIndividual,429,Too Many Requests,GetIndividual 1-857,text,false,,417,3588,183,447,https://api-scuda.uat.oci.krungsri.tech/ic/api/v1/customer/individual/getprofile,43,0,27
1779799603596,45,SearchIndividual,429,Too Many Requests,SearchIndividual 2-1348,text,false,,417,2601,4,447,https://api-scuda.uat.oci.krungsri.tech/ords/api/v1/customer/individual/searchprofile,45,0,29
1779799603571,71,SearchIndividual,200,OK,SearchIndividual 2-1346,text,true,,1159,2602,4,447,https://api-scuda.uat.oci.krungsri.tech/ords/api/v1/customer/individual/searchprofile,59,0,31
1779799603576,70,SearchIndividual,429,Too Many Requests,SearchIndividual 2-1347,text,false,,417,2602,2,445,https://api-scuda.uat.oci.krungsri.tech/ords/api/v1/customer/individual/searchprofile,70,0,62
1779799598070,5578,GetIndividual,200,OK,GetIndividual 1-706,text,true,,3865,3588,182,444,https://api-scuda.uat.oci.krungsri.tech/ic/api/v1/customer/individual/getprofile,5578,0,26
1779799603641,30,SearchIndividual,429,Too Many Requests,SearchIndividual 2-1350,text,false,,417,2602,3,446,https://api-scuda.uat.oci.krungsri.tech/ords/api/v1/customer/individual/searchprofile,30,0,25
1779799603657,17,SearchIndividual,429,Too Many Requests,SearchIndividual 2-1351,text,false,,417,2602,2,447,https://api-scuda.uat.oci.krungsri.tech/ords/api/v1/customer/individual/searchprofile,17,0,16
1779799603665,37,SearchIndividual,200,OK,SearchIndividual 2-1352,text,true,,1178,2601,1,447,https://api-scuda.uat.oci.krungsri.tech/ords/api/v1/customer/individual/searchprofile,37,0,16
1779799596400,7347,UpdateIndividual,200,OK,UpdateIndividual 4-397,text,true,,800,5559,166,449,https://api-scuda.uat.oci.krungsri.tech/ic/api/v1/customer/individual/updateprofile,7347,0,21
1779799598883,4864,UpdateIndividual,200,OK,UpdateIndividual 4-446,text,true,,800,4228,166,449,https://api-scuda.uat.oci.krungsri.tech/ic/api/v1/customer/individual/updateprofile,4864,0,19
1779799603742,27,SearchIndividual,200,OK,SearchIndividual 2-1353,text,true,,1175,2602,3,450,https://api-scuda.uat.oci.krungsri.tech/ords/api/v1/customer/individual/searchprofile,27,0,16
1779799603761,27,SearchIndividual,200,OK,SearchIndividual 2-1354,text,true,,1191,2602,2,450,https://api-scuda.uat.oci.krungsri.tech/ords/api/v1/customer/individual/searchprofile,27,0,14
1779799603763,28,SearchIndividual,200,OK,SearchIndividual 2-1355,text,true,,1203,2602,1,449,https://api-scuda.uat.oci.krungsri.tech/ords/api/v1/customer/individual/searchprofile,28,0,16
1779799603812,19,SearchIndividual,429,Too Many Requests,SearchIndividual 2-1356,text,false,,417,2602,3,452,https://api-scuda.uat.oci.krungsri.tech/ords/api/v1/customer/individual/searchprofile,19,0,15
1779799600246,3594,GetIndividual,200,OK,GetIndividual 1-762,text,true,,3847,3588,187,451,https://api-scuda.uat.oci.krungsri.tech/ic/api/v1/customer/individual/getprofile,3594,0,20
1779799603779,66,GetIndividual,429,Too Many Requests,GetIndividual 1-862,text,false,,417,3588,186,450,https://api-scuda.uat.oci.krungsri.tech/ic/api/v1/customer/individual/getprofile,66,0,63
1779799599432,4413,GetIndividual,200,OK,GetIndividual 1-742,text,true,,3791,3588,186,450,https://api-scuda.uat.oci.krungsri.tech/ic/api/v1/customer/individual/getprofile,4413,0,17
1779799592305,11541,UpdateIndividual,200,OK,UpdateIndividual 4-322,text,true,,800,4228,164,449,https://api-scuda.uat.oci.krungsri.tech/ic/api/v1/customer/individual/updateprofile,11541,0,14
1779799596788,7059,GetIndividual,429,Too Many Requests,GetIndividual 1-664,text,false,,600,3588,185,448,https://api-scuda.uat.oci.krungsri.tech/ic/api/v1/customer/individual/getprofile,7059,0,21
1779799603817,32,SearchIndividual,200,OK,SearchIndividual 2-1357,text,true,,1205,2602,2,447,https://api-scuda.uat.oci.krungsri.tech/ords/api/v1/customer/individual/searchprofile,32,0,17
1779799599169,4680,GetIndividual,200,OK,GetIndividual 1-735,text,true,,3861,3588,184,447,https://api-scuda.uat.oci.krungsri.tech/ic/api/v1/customer/individual/getprofile,4680,0,20
1779799596508,7342,GetIndividual,200,OK,GetIndividual 1-650,text,true,,3879,3588,183,445,https://api-scuda.uat.oci.krungsri.tech/ic/api/v1/customer/individual/getprofile,7342,0,16
1779799600780,3074,UpdateIndividual,200,OK,UpdateIndividual 4-476,text,true,,800,4228,163,444,https://api-scuda.uat.oci.krungsri.tech/ic/api/v1/customer/individual/updateprofile,3074,0,19
1779799603827,43,SearchIndividual,200,OK,SearchIndividual 2-1358,text,true,,1141,2602,2,445,https://api-scuda.uat.oci.krungsri.tech/ords/api/v1/customer/individual/searchprofile,43,0,21
1779799603870,31,SearchIndividual,200,OK,SearchIndividual 2-1359,text,true,,1181,2602,4,451,https://api-scuda.uat.oci.krungsri.tech/ords/api/v1/customer/individual/searchprofile,31,0,18
1779799603879,26,SearchIndividual,200,OK,SearchIndividual 2-1361,text,true,,1187,2602,3,451,https://api-scuda.uat.oci.krungsri.tech/ords/api/v1/customer/individual/searchprofile,26,0,15
1779799603877,33,SearchIndividual,200,OK,SearchIndividual 2-1360,text,true,,1229,2602,2,451,https://api-scuda.uat.oci.krungsri.tech/ords/api/v1/customer/individual/searchprofile,32,0,19
1779799600361,3566,GetIndividual,200,OK,GetIndividual 1-768,text,true,,3845,3588,186,451,https://api-scuda.uat.oci.krungsri.tech/ic/api/v1/customer/individual/getprofile,3566,0,6
1779799603896,33,SearchIndividual,200,OK,SearchIndividual 2-1362,text,true,,1180,2601,1,450,https://api-scuda.uat.oci.krungsri.tech/ords/api/v1/customer/individual/searchprofile,33,0,21
1779799596792,7139,UpdateIndividual,200,OK,UpdateIndividual 4-404,text,true,,799,4226,166,449,https://api-scuda.uat.oci.krungsri.tech/ic/api/v1/customer/individual/updateprofile,7139,0,20
1779799600883,3048,GetIndividual,200,OK,GetIndividual 1-777,text,true,,3889,3588,185,449,https://api-scuda.uat.oci.krungsri.tech/ic/api/v1/customer/individual/getprofile,3048,0,16
1779799597373,6559,GetIndividual,200,OK,GetIndividual 1-686,text,true,,3831,3588,185,448,https://api-scuda.uat.oci.krungsri.tech/ic/api/v1/customer/individual/getprofile,6559,0,26
1779799598115,5819,GetIndividual,200,OK,GetIndividual 1-708,text,true,,3811,3588,183,447,https://api-scuda.uat.oci.krungsri.tech/ic/api/v1/customer/individual/getprofile,5819,0,19
1779799600592,3343,GetIndividual,200,OK,GetIndividual 1-771,text,true,,3893,3588,183,447,https://api-scuda.uat.oci.krungsri.tech/ic/api/v1/customer/individual/getprofile,3343,0,19
1779799596966,6969,UpdateIndividual,200,OK,UpdateIndividual 4-409,text,true,,800,4229,165,446,https://api-scuda.uat.oci.krungsri.tech/ic/api/v1/customer/individual/updateprofile,6969,0,21
1779799596334,7601,GetJoint,200,OK,GetJoint 9-29,text,true,,1428,3529,6,446,https://api-scuda.uat.oci.krungsri.tech/ic/api/v1/customer/joint/getprofile,7601,0,17
1779799600309,3632,GetIndividual,200,OK,GetIndividual 1-764,text,true,,3865,3588,181,444,https://api-scuda.uat.oci.krungsri.tech/ic/api/v1/customer/individual/getprofile,3632,0,17
1779799596387,7555,UpdateIndividual,200,OK,UpdateIndividual 4-396,text,true,,800,4227,164,443,https://api-scuda.uat.oci.krungsri.tech/ic/api/v1/customer/individual/updateprofile,7555,0,16
1779799603935,31,SearchIndividual,200,OK,SearchIndividual 2-1363,text,true,,1137,2602,3,443,https://api-scuda.uat.oci.krungsri.tech/ords/api/v1/customer/individual/searchprofile,31,0,20
1779799603937,31,SearchIndividual,200,OK,SearchIndividual 2-1364,text,true,,1179,2602,2,442,https://api-scuda.uat.oci.krungsri.tech/ords/api/v1/customer/individual/searchprofile,31,0,16
1779799603959,37,SearchIndividual,200,OK,SearchIndividual 2-1365,text,true,,1172,2601,3,443,https://api-scuda.uat.oci.krungsri.tech/ords/api/v1/customer/individual/searchprofile,36,0,25
1779799603996,33,SearchIndividual,200,OK,SearchIndividual 2-1367,text,true,,1231,2602,3,446,https://api-scuda.uat.oci.krungsri.tech/ords/api/v1/customer/individual/searchprofile,33,0,20
1779799600353,3676,GetIndividual,200,OK,GetIndividual 1-766,text,true,,3858,3588,180,446,https://api-scuda.uat.oci.krungsri.tech/ic/api/v1/customer/individual/getprofile,3676,0,19
1779799603991,50,SearchIndividual,200,OK,SearchIndividual 2-1366,text,true,,1223,2602,2,446,https://api-scuda.uat.oci.krungsri.tech/ords/api/v1/customer/individual/searchprofile,50,0,29
1779799604010,34,SearchIndividual,200,OK,SearchIndividual 2-1368,text,true,,1177,2602,1,445,https://api-scuda.uat.oci.krungsri.tech/ords/api/v1/customer/individual/searchprofile,33,0,21
1779799604093,39,SearchIndividual,200,OK,SearchIndividual 2-1369,text,true,,1183,2602,2,449,https://api-scuda.uat.oci.krungsri.tech/ords/api/v1/customer/individual/searchprofile,39,0,20
1779799604100,33,SearchIndividual,200,OK,SearchIndividual 2-1370,text,true,,1157,2602,1,448,https://api-scuda.uat.oci.krungsri.tech/ords/api/v1/customer/individual/searchprofile,33,0,18
1779799596279,7865,GetIndividual,200,OK,GetIndividual 1-643,text,true,,3854,3588,183,447,https://api-scuda.uat.oci.krungsri.tech/ic/api/v1/customer/individual/getprofile,7865,0,18
1779799604126,34,SearchJoint,200,OK,SearchJoint 10-37,text,true,,621,2627,1,448,https://api-scuda.uat.oci.krungsri.tech/ords/api/v1/customer/joint/searchprofile,34,0,23
1779799604160,18,GetIndividual,429,Too Many Requests,GetIndividual 1-873,text,false,,417,3588,183,451,https://api-scuda.uat.oci.krungsri.tech/ic/api/v1/customer/individual/getprofile,18,0,16
1779799604150,46,SearchIndividual,200,OK,SearchIndividual 2-1371,text,true,,1149,2602,5,452,https://api-scuda.uat.oci.krungsri.tech/ords/api/v1/customer/individual/searchprofile,46,0,32
1779799604173,29,SearchIndividual,429,Too Many Requests,SearchIndividual 2-1373,text,false,,417,2602,4,451,https://api-scuda.uat.oci.krungsri.tech/ords/api/v1/customer/individual/searchprofile,29,0,24
1779799604173,34,SearchIndividual,200,OK,SearchIndividual 2-1372,text,true,,1135,2602,3,450,https://api-scuda.uat.oci.krungsri.tech/ords/api/v1/customer/individual/searchprofile,33,0,21
1779799604185,31,UpdateIndividual,429,Too Many Requests,UpdateIndividual 4-552,text,false,,417,4229,168,451,https://api-scuda.uat.oci.krungsri.tech/ic/api/v1/customer/individual/updateprofile,31,0,26
1779799604191,34,SearchIndividual,429,Too Many Requests,SearchIndividual 2-1375,text,false,,417,2602,3,450,https://api-scuda.uat.oci.krungsri.tech/ords/api/v1/customer/individual/searchprofile,34,0,28
1779799604180,46,SearchIndividual,429,Too Many Requests,SearchIndividual 2-1374,text,false,,417,2602,3,450,https://api-scuda.uat.oci.krungsri.tech/ords/api/v1/customer/individual/searchprofile,45,0,44
1779799598724,5507,CreateJoint,200,OK,CreateJoint 11-43,text,true,,1772,5785,30,449,https://api-scuda.uat.oci.krungsri.tech/ic/api/v1/customer/joint/createprofile,5507,0,15
1779799597773,6460,GetIndividual,200,OK,GetIndividual 1-694,text,true,,3835,3588,183,448,https://api-scuda.uat.oci.krungsri.tech/ic/api/v1/customer/individual/getprofile,6460,0,15
1779799598230,6003,GetIndividual,200,OK,GetIndividual 1-715,text,true,,3829,3588,183,448,https://api-scuda.uat.oci.krungsri.tech/ic/api/v1/customer/individual/getprofile,6003,0,31
1779799600871,3362,CreateJuristic,201,Created,CreateJuristic 7-35,text,true,,1172,8121,22,448,https://api-scuda.uat.oci.krungsri.tech/ic/api/v1/customer/juristic/createprofile,3362,0,17
1779799600807,3427,UpdateIndividual,200,OK,UpdateIndividual 4-478,text,true,,800,5579,168,445,https://api-scuda.uat.oci.krungsri.tech/ic/api/v1/customer/individual/updateprofile,3427,0,19
1779799595765,8470,UpdateIndividual,200,OK,UpdateIndividual 4-385,text,true,,800,5590,167,444,https://api-scuda.uat.oci.krungsri.tech/ic/api/v1/customer/individual/updateprofile,8470,0,20
1779799596893,7342,GetIndividual,200,OK,GetIndividual 1-668,text,true,,3863,3588,181,444,https://api-scuda.uat.oci.krungsri.tech/ic/api/v1/customer/individual/getprofile,7342,0,38
1779799597028,7208,UpdateIndividual,200,OK,UpdateIndividual 4-411,text,true,,800,4227,166,442,https://api-scuda.uat.oci.krungsri.tech/ic/api/v1/customer/individual/updateprofile,7208,0,35
1779799597573,6664,UpdateIndividual,200,OK,UpdateIndividual 4-417,text,true,,800,4228,165,441,https://api-scuda.uat.oci.krungsri.tech/ic/api/v1/customer/individual/updateprofile,6664,0,24
1779799604214,41,SearchIndividual,200,OK,SearchIndividual 2-1376,text,true,,1200,2601,1,440,https://api-scuda.uat.oci.krungsri.tech/ords/api/v1/customer/individual/searchprofile,40,0,21
1779799604256,37,SearchIndividual,200,OK,SearchIndividual 2-1377,text,true,,1179,2602,4,444,https://api-scuda.uat.oci.krungsri.tech/ords/api/v1/customer/individual/searchprofile,37,0,21
1779799604265,40,SearchIndividual,200,OK,SearchIndividual 2-1379,text,true,,1197,2602,4,444,https://api-scuda.uat.oci.krungsri.tech/ords/api/v1/customer/individual/searchprofile,35,0,21
1779799604264,42,SearchIndividual,200,OK,SearchIndividual 2-1378,text,true,,1171,2602,4,444,https://api-scuda.uat.oci.krungsri.tech/ords/api/v1/customer/individual/searchprofile,33,0,21
1779799604272,40,SearchIndividual,200,OK,SearchIndividual 2-1380,text,true,,1137,2602,3,443,https://api-scuda.uat.oci.krungsri.tech/ords/api/v1/customer/individual/searchprofile,39,0,22
1779799596720,7603,GetIndividual,429,Too Many Requests,GetIndividual 1-662,text,false,,600,3588,180,445,https://api-scuda.uat.oci.krungsri.tech/ic/api/v1/customer/individual/getprofile,7603,0,21
1779799598977,5354,GetIndividual,200,OK,GetIndividual 1-729,text,true,,3851,3588,179,444,https://api-scuda.uat.oci.krungsri.tech/ic/api/v1/customer/individual/getprofile,5354,0,24
1779799580387,23946,CreateJuristic,201,Created,CreateJuristic 7-15,text,true,,1172,7986,21,443,https://api-scuda.uat.oci.krungsri.tech/ic/api/v1/customer/juristic/createprofile,23946,0,16
1779799589632,14702,GetIndividual,200,OK,GetIndividual 1-443,text,true,,3841,3588,178,443,https://api-scuda.uat.oci.krungsri.tech/ic/api/v1/customer/individual/getprofile,14702,0,20
1779799593999,10337,CreateIndividual,201,Created,CreateIndividual 3-32,text,true,,1172,8268,15,441,https://api-scuda.uat.oci.krungsri.tech/ic/api/v1/customer/individual/createprofile,10337,0,16
1779799589840,14497,UpdateIndividual,200,OK,UpdateIndividual 4-269,text,true,,800,5619,164,440,https://api-scuda.uat.oci.krungsri.tech/ic/api/v1/customer/individual/updateprofile,14497,0,20
1779799590199,14139,UpdateIndividual,200,OK,UpdateIndividual 4-276,text,true,,800,5631,163,439,https://api-scuda.uat.oci.krungsri.tech/ic/api/v1/customer/individual/updateprofile,14139,0,16
1779799604306,36,SearchIndividual,200,OK,SearchIndividual 2-1382,text,true,,1149,2602,5,439,https://api-scuda.uat.oci.krungsri.tech/ords/api/v1/customer/individual/searchprofile,36,0,23
1779799599948,4394,GetIndividual,200,OK,GetIndividual 1-756,text,true,,3857,3588,178,438,https://api-scuda.uat.oci.krungsri.tech/ic/api/v1/customer/individual/getprofile,4394,0,19
1779799597943,6400,UpdateIndividual,200,OK,UpdateIndividual 4-425,text,true,,800,5634,162,437,https://api-scuda.uat.oci.krungsri.tech/ic/api/v1/customer/individual/updateprofile,6400,0,24
1779799588677,15675,UpdateIndividual,200,OK,UpdateIndividual 4-241,text,true,,800,4231,161,436,https://api-scuda.uat.oci.krungsri.tech/ic/api/v1/customer/individual/updateprofile,15675,0,37
1779799604323,30,SearchIndividual,200,OK,SearchIndividual 2-1385,text,true,,1163,2602,4,435,https://api-scuda.uat.oci.krungsri.tech/ords/api/v1/customer/individual/searchprofile,30,0,18
1779799589645,14707,GetIndividual,200,OK,GetIndividual 1-445,text,true,,3881,3588,177,435,https://api-scuda.uat.oci.krungsri.tech/ic/api/v1/customer/individual/getprofile,14707,0,31
1779799598856,5498,UpdateIndividual,200,OK,UpdateIndividual 4-445,text,true,,800,4229,160,433,https://api-scuda.uat.oci.krungsri.tech/ic/api/v1/customer/individual/updateprofile,5498,0,20
1779799604322,39,SearchIndividual,200,OK,SearchIndividual 2-1383,text,true,,1155,2602,3,432,https://api-scuda.uat.oci.krungsri.tech/ords/api/v1/customer/individual/searchprofile,39,0,23
1779799604302,79,SearchIndividual,200,OK,SearchIndividual 2-1381,text,true,,1197,2602,3,432,https://api-scuda.uat.oci.krungsri.tech/ords/api/v1/customer/individual/searchprofile,79,0,54
1779799604323,68,SearchIndividual,200,OK,SearchIndividual 2-1384,text,true,,1125,2602,2,431,https://api-scuda.uat.oci.krungsri.tech/ords/api/v1/customer/individual/searchprofile,68,0,44
1779799604381,32,SearchIndividual,200,OK,SearchIndividual 2-1386,text,true,,1149,2602,1,430,https://api-scuda.uat.oci.krungsri.tech/ords/api/v1/customer/individual/searchprofile,31,0,20
1779799604415,20,SearchIndividual,200,OK,SearchIndividual 2-1387,text,true,,1217,2602,2,434,https://api-scuda.uat.oci.krungsri.tech/ords/api/v1/customer/individual/searchprofile,20,0,9
1779799604415,43,SearchIndividual,200,OK,SearchIndividual 2-1388,text,true,,1187,2602,1,434,https://api-scuda.uat.oci.krungsri.tech/ords/api/v1/customer/individual/searchprofile,43,0,30
1779799589762,14704,UpdateIndividual,200,OK,UpdateIndividual 4-267,text,true,,800,5604,159,434,https://api-scuda.uat.oci.krungsri.tech/ic/api/v1/customer/individual/updateprofile,14704,0,21
1779799596961,7507,UpdateIndividual,200,OK,UpdateIndividual 4-408,text,true,,800,4226,158,433,https://api-scuda.uat.oci.krungsri.tech/ic/api/v1/customer/individual/updateprofile,7507,0,25
1779799600796,3672,GetJoint,200,OK,GetJoint 9-33,text,true,,1431,3530,5,433,https://api-scuda.uat.oci.krungsri.tech/ic/api/v1/customer/joint/getprofile,3672,0,14
1779799600958,3510,GetIndividual,200,OK,GetIndividual 1-780,text,true,,3843,3588,179,433,https://api-scuda.uat.oci.krungsri.tech/ic/api/v1/customer/individual/getprofile,3510,0,23
1779799595536,8934,GetIndividual,200,OK,GetIndividual 1-622,text,true,,3846,3588,178,430,https://api-scuda.uat.oci.krungsri.tech/ic/api/v1/customer/individual/getprofile,8934,0,24
1779799596332,8142,UpdateIndividual,200,OK,UpdateIndividual 4-395,text,true,,800,5617,157,430,https://api-scuda.uat.oci.krungsri.tech/ic/api/v1/customer/individual/updateprofile,8142,0,19
1779799597622,6853,GetIndividual,429,Too Many Requests,GetIndividual 1-691,text,false,,600,3588,178,429,https://api-scuda.uat.oci.krungsri.tech/ic/api/v1/customer/individual/getprofile,6853,0,19
1779799598390,6084,GetIndividual,200,OK,GetIndividual 1-717,text,true,,3960,3588,178,430,https://api-scuda.uat.oci.krungsri.tech/ic/api/v1/customer/individual/getprofile,6084,0,17
1779799597262,7266,UpdateIndividual,200,OK,UpdateIndividual 4-414,text,true,,800,5532,156,433,https://api-scuda.uat.oci.krungsri.tech/ic/api/v1/customer/individual/updateprofile,7266,0,24
1779799598230,6299,GetIndividual,200,OK,GetIndividual 1-714,text,true,,3866,3588,179,432,https://api-scuda.uat.oci.krungsri.tech/ic/api/v1/customer/individual/getprofile,6299,0,20
1779799599808,4723,GetIndividual,200,OK,GetIndividual 1-753,text,true,,3877,3588,178,431,https://api-scuda.uat.oci.krungsri.tech/ic/api/v1/customer/individual/getprofile,4723,0,19
1779799598818,5720,UpdateIndividual,200,OK,UpdateIndividual 4-443,text,true,,799,4226,155,430,https://api-scuda.uat.oci.krungsri.tech/ic/api/v1/customer/individual/updateprofile,5720,0,26
1779799604523,24,SearchIndividual,200,OK,SearchIndividual 2-1390,text,true,,1171,2602,3,429,https://api-scuda.uat.oci.krungsri.tech/ords/api/v1/customer/individual/searchprofile,24,0,12
1779799604514,34,SearchIndividual,200,OK,SearchIndividual 2-1389,text,true,,1177,2602,2,429,https://api-scuda.uat.oci.krungsri.tech/ords/api/v1/customer/individual/searchprofile,34,0,20
1779799604527,39,SearchIndividual,200,OK,SearchIndividual 2-1391,text,true,,1189,2602,3,430,https://api-scuda.uat.oci.krungsri.tech/ords/api/v1/customer/individual/searchprofile,39,0,19
1779799604579,46,SearchJuristic,200,OK,SearchJuristic 6-40,text,true,,983,2600,1,437,https://api-scuda.uat.oci.krungsri.tech/ords/api/v1/customer/juristic/searchprofile,45,0,22
1779799604582,47,SearchIndividual,200,OK,SearchIndividual 2-1394,text,true,,1149,2602,4,436,https://api-scuda.uat.oci.krungsri.tech/ords/api/v1/customer/individual/searchprofile,47,0,20
1779799598813,5825,CreateJoint,200,OK,CreateJoint 11-44,text,true,,1772,5822,31,436,https://api-scuda.uat.oci.krungsri.tech/ic/api/v1/customer/joint/createprofile,5825,0,19
1779799604554,89,SearchIndividual,200,OK,SearchIndividual 2-1392,text,true,,1119,2602,3,435,https://api-scuda.uat.oci.krungsri.tech/ords/api/v1/customer/individual/searchprofile,87,0,33
1779799604554,89,SearchIndividual,200,OK,SearchIndividual 2-1393,text,true,,1135,2602,3,435,https://api-scuda.uat.oci.krungsri.tech/ords/api/v1/customer/individual/searchprofile,89,0,28
1779799598152,6502,GetIndividual,200,OK,GetIndividual 1-710,text,true,,3835,3588,181,433,https://api-scuda.uat.oci.krungsri.tech/ic/api/v1/customer/individual/getprofile,6502,0,24
1779799604600,78,SearchIndividual,200,OK,SearchIndividual 2-1395,text,true,,1193,2602,1,435,https://api-scuda.uat.oci.krungsri.tech/ords/api/v1/customer/individual/searchprofile,78,0,43
1779799589946,14785,GetIndividual,429,Too Many Requests,GetIndividual 1-459,text,false,,600,3588,184,439,https://api-scuda.uat.oci.krungsri.tech/ic/api/v1/customer/individual/getprofile,14785,0,17
1779799595208,9525,UpdateIndividual,200,OK,UpdateIndividual 4-378,text,true,,800,5579,156,439,https://api-scuda.uat.oci.krungsri.tech/ic/api/v1/customer/individual/updateprofile,9525,0,38
1779799596417,8317,UpdateIndividual,429,Too Many Requests,UpdateIndividual 4-398,text,false,,606,5573,155,437,https://api-scuda.uat.oci.krungsri.tech/ic/api/v1/customer/individual/updateprofile,8317,0,22
1779799600795,3941,UpdateIndividual,200,OK,UpdateIndividual 4-477,text,true,,800,5537,155,437,https://api-scuda.uat.oci.krungsri.tech/ic/api/v1/customer/individual/updateprofile,3941,0,11
1779799598341,6396,UpdateIndividual,200,OK,UpdateIndividual 4-433,text,true,,800,5579,154,436,https://api-scuda.uat.oci.krungsri.tech/ic/api/v1/customer/individual/updateprofile,6396,0,23
1779799604709,30,SearchIndividual,200,OK,SearchIndividual 2-1396,text,true,,1197,2602,3,436,https://api-scuda.uat.oci.krungsri.tech/ords/api/v1/customer/individual/searchprofile,30,0,19
1779799595697,9044,UpdateIndividual,200,OK,UpdateIndividual 4-384,text,true,,799,5609,153,434,https://api-scuda.uat.oci.krungsri.tech/ic/api/v1/customer/individual/updateprofile,9044,0,18
1779799604715,47,SearchIndividual,200,OK,SearchIndividual 2-1397,text,true,,1171,2602,3,436,https://api-scuda.uat.oci.krungsri.tech/ords/api/v1/customer/individual/searchprofile,46,0,21
1779799604729,43,SearchIndividual,200,OK,SearchIndividual 2-1398,text,true,,1215,2602,2,437,https://api-scuda.uat.oci.krungsri.tech/ords/api/v1/customer/individual/searchprofile,42,0,26
1779799604756,26,SearchIndividual,200,OK,SearchIndividual 2-1399,text,true,,1134,2601,4,439,https://api-scuda.uat.oci.krungsri.tech/ords/api/v1/customer/individual/searchprofile,26,0,14
1779799604774,26,SearchIndividual,200,OK,SearchIndividual 2-1400,text,true,,1137,2602,3,439,https://api-scuda.uat.oci.krungsri.tech/ords/api/v1/customer/individual/searchprofile,26,0,14
1779799604780,31,SearchIndividual,200,OK,SearchIndividual 2-1401,text,true,,1168,2599,2,439,https://api-scuda.uat.oci.krungsri.tech/ords/api/v1/customer/individual/searchprofile,30,0,19
1779799604780,31,SearchIndividual,200,OK,SearchIndividual 2-1402,text,true,,1177,2602,2,439,https://api-scuda.uat.oci.krungsri.tech/ords/api/v1/customer/individual/searchprofile,30,0,19
1779799589729,15102,GetIndividual,429,Too Many Requests,GetIndividual 1-449,text,false,,600,3588,185,440,https://api-scuda.uat.oci.krungsri.tech/ic/api/v1/customer/individual/getprofile,15102,0,22
1779799598967,5865,UpdateIndividual,200,OK,UpdateIndividual 4-450,text,true,,800,4228,156,441,https://api-scuda.uat.oci.krungsri.tech/ic/api/v1/customer/individual/updateprofile,5865,0,33
1779799596508,8325,UpdateIndividual,200,OK,UpdateIndividual 4-400,text,true,,800,5564,155,439,https://api-scuda.uat.oci.krungsri.tech/ic/api/v1/customer/individual/updateprofile,8325,0,55
1779799590020,14813,GetIndividual,200,OK,GetIndividual 1-463,text,true,,3925,3588,184,439,https://api-scuda.uat.oci.krungsri.tech/ic/api/v1/customer/individual/getprofile,14813,0,19
1779799594845,9988,GetIndividual,200,OK,GetIndividual 1-601,text,true,,3859,3588,184,439,https://api-scuda.uat.oci.krungsri.tech/ic/api/v1/customer/individual/getprofile,9988,0,14
1779799588634,16201,GetIndividual,200,OK,GetIndividual 1-410,text,true,,3860,3587,183,437,https://api-scuda.uat.oci.krungsri.tech/ic/api/v1/customer/individual/getprofile,16201,0,19
1779799596619,8215,GetIndividual,200,OK,GetIndividual 1-657,text,true,,3920,3588,183,437,https://api-scuda.uat.oci.krungsri.tech/ic/api/v1/customer/individual/getprofile,8215,0,81
1779799598180,6654,UpdateIndividual,200,OK,UpdateIndividual 4-430,text,true,,800,4228,154,437,https://api-scuda.uat.oci.krungsri.tech/ic/api/v1/customer/individual/updateprofile,6654,0,21
1779799601120,3714,GetIndividual,200,OK,GetIndividual 1-785,text,true,,3871,3588,182,436,https://api-scuda.uat.oci.krungsri.tech/ic/api/v1/customer/individual/getprofile,3714,0,18
1779799599419,5417,GetIndividual,200,OK,GetIndividual 1-741,text,true,,3879,3588,179,432,https://api-scuda.uat.oci.krungsri.tech/ic/api/v1/customer/individual/getprofile,5417,0,12
1779799598332,6504,GetIndividual,200,OK,GetIndividual 1-716,text,true,,3841,3588,179,432,https://api-scuda.uat.oci.krungsri.tech/ic/api/v1/customer/individual/getprofile,6504,0,23
1779799604811,27,SearchJuristic,200,OK,SearchJuristic 6-41,text,true,,1005,2600,1,432,https://api-scuda.uat.oci.krungsri.tech/ords/api/v1/customer/juristic/searchprofile,25,0,15
1779799601500,3341,GetIndividual,200,OK,GetIndividual 1-791,text,true,,3850,3588,178,431,https://api-scuda.uat.oci.krungsri.tech/ic/api/v1/customer/individual/getprofile,3341,0,21
1779799598781,6060,GetIndividual,200,OK,GetIndividual 1-723,text,true,,3816,3588,178,431,https://api-scuda.uat.oci.krungsri.tech/ic/api/v1/customer/individual/getprofile,6060,0,26
1779799590256,14587,GetIndividual,429,Too Many Requests,GetIndividual 1-472,text,false,,600,3588,176,429,https://api-scuda.uat.oci.krungsri.tech/ic/api/v1/customer/individual/getprofile,14587,0,26
1779799601063,3780,UpdateIndividual,200,OK,UpdateIndividual 4-479,text,true,,799,4228,153,429,https://api-scuda.uat.oci.krungsri.tech/ic/api/v1/customer/individual/updateprofile,3780,0,18
1779799601329,3514,GetIndividual,200,OK,GetIndividual 1-789,text,true,,3927,3588,176,429,https://api-scuda.uat.oci.krungsri.tech/ic/api/v1/customer/individual/getprofile,3514,0,28
1779799597531,7313,CreateJoint,200,OK,CreateJoint 11-40,text,true,,1771,5719,30,428,https://api-scuda.uat.oci.krungsri.tech/ic/api/v1/customer/joint/createprofile,7313,0,12
1779799599898,4948,GetIndividual,200,OK,GetIndividual 1-754,text,true,,3891,3588,174,425,https://api-scuda.uat.oci.krungsri.tech/ic/api/v1/customer/individual/getprofile,4948,0,17
1779799604825,23,SearchIndividual,200,OK,SearchIndividual 2-1403,text,true,,1140,2601,3,424,https://api-scuda.uat.oci.krungsri.tech/ords/api/v1/customer/individual/searchprofile,23,0,12
1779799592998,11849,CreateJoint,200,OK,CreateJoint 11-31,text,true,,1772,5694,29,424,https://api-scuda.uat.oci.krungsri.tech/ic/api/v1/customer/joint/createprofile,11849,0,20
1779799594990,9859,GetIndividual,200,OK,GetIndividual 1-605,text,true,,3849,3588,173,422,https://api-scuda.uat.oci.krungsri.tech/ic/api/v1/customer/individual/getprofile,9859,0,9
1779799600935,3915,UpdateJoint,200,OK,UpdateJoint 12-37,text,true,,800,4483,16,422,https://api-scuda.uat.oci.krungsri.tech/ic/api/v1/customer/joint/updateprofile,3915,0,17
1779799589783,15068,UpdateIndividual,200,OK,UpdateIndividual 4-268,text,true,,800,4229,152,420,https://api-scuda.uat.oci.krungsri.tech/ic/api/v1/customer/individual/updateprofile,15068,0,18
1779799588365,16490,CreateJoint,200,OK,CreateJoint 11-24,text,true,,1772,5896,28,420,https://api-scuda.uat.oci.krungsri.tech/ic/api/v1/customer/joint/createprofile,16490,0,24
1779799604842,28,SearchIndividual,200,OK,SearchIndividual 2-1405,text,true,,1195,2602,4,422,https://api-scuda.uat.oci.krungsri.tech/ords/api/v1/customer/individual/searchprofile,28,0,14
1779799604855,23,SearchIndividual,200,OK,SearchIndividual 2-1406,text,true,,1243,2602,3,421,https://api-scuda.uat.oci.krungsri.tech/ords/api/v1/customer/individual/searchprofile,23,0,13
1779799604827,59,SearchIndividual,200,OK,SearchIndividual 2-1404,text,true,,1137,2602,2,421,https://api-scuda.uat.oci.krungsri.tech/ords/api/v1/customer/individual/searchprofile,59,0,21
1779799604858,55,SearchIndividual,200,OK,SearchIndividual 2-1407,text,true,,1171,2602,2,424,https://api-scuda.uat.oci.krungsri.tech/ords/api/v1/customer/individual/searchprofile,55,0,34
1779799604892,29,SearchIndividual,200,OK,SearchIndividual 2-1408,text,true,,1205,2602,1,423,https://api-scuda.uat.oci.krungsri.tech/ords/api/v1/customer/individual/searchprofile,29,0,17
1779799596988,7936,GetIndividual,429,Too Many Requests,GetIndividual 1-672,text,false,,600,3588,175,422,https://api-scuda.uat.oci.krungsri.tech/ic/api/v1/customer/individual/getprofile,7936,0,21
1779799597423,7501,GetIndividual,200,OK,GetIndividual 1-687,text,true,,3845,3588,175,422,https://api-scuda.uat.oci.krungsri.tech/ic/api/v1/customer/individual/getprofile,7501,0,21
1779799597617,7308,CreateJoint,200,OK,CreateJoint 11-41,text,true,,1771,5688,27,422,https://api-scuda.uat.oci.krungsri.tech/ic/api/v1/customer/joint/createprofile,7308,0,32
1779799604967,32,SearchIndividual,200,OK,SearchIndividual 2-1409,text,true,,1163,2602,2,425,https://api-scuda.uat.oci.krungsri.tech/ords/api/v1/customer/individual/searchprofile,30,0,16
1779799604995,26,SearchIndividual,200,OK,SearchIndividual 2-1410,text,true,,1175,2602,1,425,https://api-scuda.uat.oci.krungsri.tech/ords/api/v1/customer/individual/searchprofile,26,0,13
1779799601109,3924,UpdateIndividual,200,OK,UpdateIndividual 4-480,text,true,,800,4229,155,426,https://api-scuda.uat.oci.krungsri.tech/ic/api/v1/customer/individual/updateprofile,3924,0,32
1779799599340,5695,UpdateIndividual,200,OK,UpdateIndividual 4-455,text,true,,800,4231,154,425,https://api-scuda.uat.oci.krungsri.tech/ic/api/v1/customer/individual/updateprofile,5695,0,15
1779799600617,4423,UpdateIndividual,200,OK,UpdateIndividual 4-474,text,true,,800,5581,153,425,https://api-scuda.uat.oci.krungsri.tech/ic/api/v1/customer/individual/updateprofile,4423,0,13
1779799601320,3721,UpdateIndividual,200,OK,UpdateIndividual 4-484,text,true,,800,5611,152,424,https://api-scuda.uat.oci.krungsri.tech/ic/api/v1/customer/individual/updateprofile,3721,0,18
1779799601192,3850,UpdateJoint,200,OK,UpdateJoint 12-38,text,true,,799,4521,15,423,https://api-scuda.uat.oci.krungsri.tech/ic/api/v1/customer/joint/updateprofile,3850,0,19
1779799605027,45,SearchIndividual,200,OK,SearchIndividual 2-1411,text,true,,1139,2602,2,425,https://api-scuda.uat.oci.krungsri.tech/ords/api/v1/customer/individual/searchprofile,45,0,12
1779799605048,30,SearchIndividual,200,OK,SearchIndividual 2-1412,text,true,,1207,2602,1,424,https://api-scuda.uat.oci.krungsri.tech/ords/api/v1/customer/individual/searchprofile,30,0,17
1779799605085,30,SearchIndividual,200,OK,SearchIndividual 2-1413,text,true,,1188,2601,4,433,https://api-scuda.uat.oci.krungsri.tech/ords/api/v1/customer/individual/searchprofile,30,0,17
1779799605087,31,SearchIndividual,200,OK,SearchIndividual 2-1414,text,true,,1165,2602,3,432,https://api-scuda.uat.oci.krungsri.tech/ords/api/v1/customer/individual/searchprofile,30,0,14
1779799605097,23,SearchIndividual,200,OK,SearchIndividual 2-1415,text,true,,1211,2602,2,432,https://api-scuda.uat.oci.krungsri.tech/ords/api/v1/customer/individual/searchprofile,22,0,10
1779799605106,33,SearchIndividual,200,OK,SearchIndividual 2-1416,text,true,,1185,2602,1,433,https://api-scuda.uat.oci.krungsri.tech/ords/api/v1/customer/individual/searchprofile,33,0,20
1779799598229,6909,GetIndividual,200,OK,GetIndividual 1-713,text,true,,3847,3588,183,432,https://api-scuda.uat.oci.krungsri.tech/ic/api/v1/customer/individual/getprofile,6909,0,26
1779799601122,4017,GetIndividual,200,OK,GetIndividual 1-786,text,true,,3853,3588,183,432,https://api-scuda.uat.oci.krungsri.tech/ic/api/v1/customer/individual/getprofile,4017,0,25
1779799605170,45,SearchIndividual,200,OK,SearchIndividual 2-1417,text,true,,1201,2602,3,442,https://api-scuda.uat.oci.krungsri.tech/ords/api/v1/customer/individual/searchprofile,45,0,33
1779799605198,54,SearchIndividual,200,OK,SearchIndividual 2-1418,text,true,,1139,2602,2,441,https://api-scuda.uat.oci.krungsri.tech/ords/api/v1/customer/individual/searchprofile,54,0,24
1779799605209,51,SearchJoint,200,OK,SearchJoint 10-38,text,true,,621,2627,1,441,https://api-scuda.uat.oci.krungsri.tech/ords/api/v1/customer/joint/searchprofile,51,0,24
1779799605206,57,SearchIndividual,200,OK,SearchIndividual 2-1419,text,true,,1155,2602,1,440,https://api-scuda.uat.oci.krungsri.tech/ords/api/v1/customer/individual/searchprofile,57,0,39
1779799605291,31,SearchIndividual,200,OK,SearchIndividual 2-1420,text,true,,1107,2602,1,443,https://api-scuda.uat.oci.krungsri.tech/ords/api/v1/customer/individual/searchprofile,31,0,19
1779799605309,20,GetIndividual,429,Too Many Requests,GetIndividual 1-914,text,false,,417,3588,190,443,https://api-scuda.uat.oci.krungsri.tech/ic/api/v1/customer/individual/getprofile,20,0,19
1779799599606,5726,GetIndividual,200,OK,GetIndividual 1-745,text,true,,3876,3587,189,442,https://api-scuda.uat.oci.krungsri.tech/ic/api/v1/customer/individual/getprofile,5726,0,19
1779799599059,6276,UpdateIndividual,200,OK,UpdateIndividual 4-451,text,true,,800,4227,155,441,https://api-scuda.uat.oci.krungsri.tech/ic/api/v1/customer/individual/updateprofile,6276,0,19
1779799596891,8489,UpdateIndividual,200,OK,UpdateIndividual 4-406,text,true,,800,5642,154,440,https://api-scuda.uat.oci.krungsri.tech/ic/api/v1/customer/individual/updateprofile,8489,0,9
1779799588685,16696,UpdateIndividual,200,OK,UpdateIndividual 4-242,text,true,,800,4227,154,440,https://api-scuda.uat.oci.krungsri.tech/ic/api/v1/customer/individual/updateprofile,16696,0,36
1779799605393,26,SearchIndividual,200,OK,SearchIndividual 2-1424,text,true,,1165,2602,7,449,https://api-scuda.uat.oci.krungsri.tech/ords/api/v1/customer/individual/searchprofile,26,0,13
1779799605393,36,SearchIndividual,429,Too Many Requests,SearchIndividual 2-1425,text,false,,417,2602,7,450,https://api-scuda.uat.oci.krungsri.tech/ords/api/v1/customer/individual/searchprofile,36,0,25
1779799605405,27,SearchIndividual,200,OK,SearchIndividual 2-1426,text,true,,1183,2602,6,449,https://api-scuda.uat.oci.krungsri.tech/ords/api/v1/customer/individual/searchprofile,27,0,15
1779799605384,55,SearchIndividual,200,OK,SearchIndividual 2-1421,text,true,,1183,2602,5,449,https://api-scuda.uat.oci.krungsri.tech/ords/api/v1/customer/individual/searchprofile,55,0,24
1779799594205,11234,CreateJoint,200,OK,CreateJoint 11-35,text,true,,1772,5724,27,449,https://api-scuda.uat.oci.krungsri.tech/ic/api/v1/customer/joint/createprofile,11234,0,18
1779799596358,9082,CreateJoint,200,OK,CreateJoint 11-36,text,true,,1772,5719,26,448,https://api-scuda.uat.oci.krungsri.tech/ic/api/v1/customer/joint/createprofile,9082,0,12
1779799605384,78,SearchIndividual,200,OK,SearchIndividual 2-1422,text,true,,1235,2602,5,448,https://api-scuda.uat.oci.krungsri.tech/ords/api/v1/customer/individual/searchprofile,78,0,20
1779799605429,33,SearchIndividual,200,OK,SearchIndividual 2-1428,text,true,,1183,2602,5,448,https://api-scuda.uat.oci.krungsri.tech/ords/api/v1/customer/individual/searchprofile,33,0,20
1779799605384,80,SearchIndividual,200,OK,SearchIndividual 2-1423,text,true,,1200,2601,3,446,https://api-scuda.uat.oci.krungsri.tech/ords/api/v1/customer/individual/searchprofile,80,0,20
1779799605405,59,SearchIndividual,200,OK,SearchIndividual 2-1427,text,true,,1185,2602,3,446,https://api-scuda.uat.oci.krungsri.tech/ords/api/v1/customer/individual/searchprofile,59,0,15
1779799605454,42,SearchIndividual,200,OK,SearchIndividual 2-1429,text,true,,1197,2602,2,446,https://api-scuda.uat.oci.krungsri.tech/ords/api/v1/customer/individual/searchprofile,41,0,29
1779799605508,23,SearchIndividual,429,Too Many Requests,SearchIndividual 2-1431,text,false,,417,2602,2,447,https://api-scuda.uat.oci.krungsri.tech/ords/api/v1/customer/individual/searchprofile,23,0,22
1779799605479,57,SearchIndividual,200,OK,SearchIndividual 2-1430,text,true,,1137,2602,1,447,https://api-scuda.uat.oci.krungsri.tech/ords/api/v1/customer/individual/searchprofile,57,0,24
1779799595658,9882,UpdateJoint,200,OK,UpdateJoint 12-30,text,true,,800,3614,14,446,https://api-scuda.uat.oci.krungsri.tech/ic/api/v1/customer/joint/updateprofile,9882,0,21
1779799598042,7503,GetIndividual,200,OK,GetIndividual 1-705,text,true,,3857,3588,194,446,https://api-scuda.uat.oci.krungsri.tech/ic/api/v1/customer/individual/getprofile,7503,0,22
1779799605541,33,UpdateIndividual,429,Too Many Requests,UpdateIndividual 4-572,text,false,,417,4229,156,445,https://api-scuda.uat.oci.krungsri.tech/ic/api/v1/customer/individual/updateprofile,33,0,32
1779799605546,29,SearchIndividual,429,Too Many Requests,SearchIndividual 2-1432,text,false,,417,2602,1,445,https://api-scuda.uat.oci.krungsri.tech/ords/api/v1/customer/individual/searchprofile,29,0,27
1779799605583,19,SearchIndividual,429,Too Many Requests,SearchIndividual 2-1434,text,false,,417,2601,2,446,https://api-scuda.uat.oci.krungsri.tech/ords/api/v1/customer/individual/searchprofile,19,0,16
1779799605576,29,SearchIndividual,200,OK,SearchIndividual 2-1433,text,true,,1147,2602,1,445,https://api-scuda.uat.oci.krungsri.tech/ords/api/v1/customer/individual/searchprofile,26,0,15
1779799595990,9651,UpdateIndividual,200,OK,UpdateIndividual 4-390,text,true,,800,4227,156,447,https://api-scuda.uat.oci.krungsri.tech/ic/api/v1/customer/individual/updateprofile,9651,0,21
1779799605610,34,SearchIndividual,200,OK,SearchIndividual 2-1435,text,true,,1191,2602,2,446,https://api-scuda.uat.oci.krungsri.tech/ords/api/v1/customer/individual/searchprofile,34,0,23
1779799605639,28,SearchIndividual,200,OK,SearchIndividual 2-1436,text,true,,1129,2602,2,446,https://api-scuda.uat.oci.krungsri.tech/ords/api/v1/customer/individual/searchprofile,28,0,15
1779799605646,35,SearchIndividual,200,OK,SearchIndividual 2-1437,text,true,,1159,2602,4,449,https://api-scuda.uat.oci.krungsri.tech/ords/api/v1/customer/individual/searchprofile,34,0,22
1779799605669,19,SearchIndividual,429,Too Many Requests,SearchIndividual 2-1438,text,false,,417,2602,3,449,https://api-scuda.uat.oci.krungsri.tech/ords/api/v1/customer/individual/searchprofile,19,0,18
1779799605669,29,SearchIndividual,429,Too Many Requests,SearchIndividual 2-1439,text,false,,417,2602,5,452,https://api-scuda.uat.oci.krungsri.tech/ords/api/v1/customer/individual/searchprofile,29,0,27
1779799605673,27,SearchIndividual,200,OK,SearchIndividual 2-1440,text,true,,1159,2602,4,451,https://api-scuda.uat.oci.krungsri.tech/ords/api/v1/customer/individual/searchprofile,26,0,15
1779799605686,23,UpdateJuristic,429,Too Many Requests,UpdateJuristic 8-40,text,false,,417,4429,8,451,https://api-scuda.uat.oci.krungsri.tech/ic/api/v1/customer/juristic/updateprofile,23,0,16
1779799605695,18,SearchIndividual,429,Too Many Requests,SearchIndividual 2-1441,text,false,,417,2602,3,450,https://api-scuda.uat.oci.krungsri.tech/ords/api/v1/customer/individual/searchprofile,18,0,13
1779799605696,20,SearchIndividual,429,Too Many Requests,SearchIndividual 2-1442,text,false,,417,2602,3,450,https://api-scuda.uat.oci.krungsri.tech/ords/api/v1/customer/individual/searchprofile,20,0,18
1779799605696,31,SearchIndividual,200,OK,SearchIndividual 2-1443,text,true,,1148,2601,4,451,https://api-scuda.uat.oci.krungsri.tech/ords/api/v1/customer/individual/searchprofile,30,0,18
1779799599561,6167,GetIndividual,200,OK,GetIndividual 1-744,text,true,,3843,3588,194,450,https://api-scuda.uat.oci.krungsri.tech/ic/api/v1/customer/individual/getprofile,6167,0,36
1779799605716,25,SearchIndividual,200,OK,SearchIndividual 2-1444,text,true,,1143,2602,3,449,https://api-scuda.uat.oci.krungsri.tech/ords/api/v1/customer/individual/searchprofile,25,0,13
1779799605727,29,SearchIndividual,429,Too Many Requests,SearchIndividual 2-1446,text,false,,417,2602,3,450,https://api-scuda.uat.oci.krungsri.tech/ords/api/v1/customer/individual/searchprofile,29,0,28
1779799605727,35,SearchIndividual,200,OK,SearchIndividual 2-1445,text,true,,1135,2602,2,449,https://api-scuda.uat.oci.krungsri.tech/ords/api/v1/customer/individual/searchprofile,35,0,17
1779799605749,16,SearchIndividual,429,Too Many Requests,SearchIndividual 2-1447,text,false,,417,2602,2,449,https://api-scuda.uat.oci.krungsri.tech/ords/api/v1/customer/individual/searchprofile,16,0,13
1779799605772,27,UpdateJoint,429,Too Many Requests,UpdateJoint 12-45,text,false,,417,3613,14,451,https://api-scuda.uat.oci.krungsri.tech/ic/api/v1/customer/joint/updateprofile,27,0,26
1779799605765,41,SearchIndividual,200,OK,SearchIndividual 2-1448,text,true,,1193,2602,2,451,https://api-scuda.uat.oci.krungsri.tech/ords/api/v1/customer/individual/searchprofile,41,0,30
1779799605785,22,SearchIndividual,200,OK,SearchIndividual 2-1449,text,true,,1165,2602,1,450,https://api-scuda.uat.oci.krungsri.tech/ords/api/v1/customer/individual/searchprofile,22,0,10
1779799605801,16,GetIndividual,429,Too Many Requests,GetIndividual 1-924,text,false,,417,3588,195,449,https://api-scuda.uat.oci.krungsri.tech/ic/api/v1/customer/individual/getprofile,16,0,15
1779799598016,7814,GetIndividual,429,Too Many Requests,GetIndividual 1-704,text,false,,600,3588,194,452,https://api-scuda.uat.oci.krungsri.tech/ic/api/v1/customer/individual/getprofile,7814,0,22
1779799599536,6298,GetIndividual,429,Too Many Requests,GetIndividual 1-743,text,false,,600,3586,193,451,https://api-scuda.uat.oci.krungsri.tech/ic/api/v1/customer/individual/getprofile,6298,0,18
1779799589632,16203,GetIndividual,200,OK,GetIndividual 1-444,text,true,,3903,3588,193,451,https://api-scuda.uat.oci.krungsri.tech/ic/api/v1/customer/individual/getprofile,16203,0,15
1779799598112,7723,UpdateIndividual,429,Too Many Requests,UpdateIndividual 4-428,text,false,,606,5618,158,450,https://api-scuda.uat.oci.krungsri.tech/ic/api/v1/customer/individual/updateprofile,7723,0,25
1779799605825,29,SearchIndividual,200,OK,SearchIndividual 2-1450,text,true,,1132,2601,7,453,https://api-scuda.uat.oci.krungsri.tech/ords/api/v1/customer/individual/searchprofile,29,0,19
1779799605825,34,SearchIndividual,200,OK,SearchIndividual 2-1451,text,true,,1152,2601,7,454,https://api-scuda.uat.oci.krungsri.tech/ords/api/v1/customer/individual/searchprofile,34,0,23
1779799605829,31,SearchIndividual,200,OK,SearchIndividual 2-1452,text,true,,1191,2602,7,454,https://api-scuda.uat.oci.krungsri.tech/ords/api/v1/customer/individual/searchprofile,31,0,20
1779799605842,28,SearchIndividual,200,OK,SearchIndividual 2-1454,text,true,,1173,2602,5,452,https://api-scuda.uat.oci.krungsri.tech/ords/api/v1/customer/individual/searchprofile,28,0,15
1779799605840,33,SearchIndividual,200,OK,SearchIndividual 2-1453,text,true,,1123,2602,4,451,https://api-scuda.uat.oci.krungsri.tech/ords/api/v1/customer/individual/searchprofile,33,0,21
1779799605850,26,SearchIndividual,200,OK,SearchIndividual 2-1455,text,true,,1157,2602,3,451,https://api-scuda.uat.oci.krungsri.tech/ords/api/v1/customer/individual/searchprofile,26,0,15
1779799605855,32,SearchIndividual,200,OK,SearchIndividual 2-1456,text,true,,1213,2602,2,450,https://api-scuda.uat.oci.krungsri.tech/ords/api/v1/customer/individual/searchprofile,32,0,20
1779799605858,34,SearchIndividual,200,OK,SearchIndividual 2-1457,text,true,,1125,2602,1,449,https://api-scuda.uat.oci.krungsri.tech/ords/api/v1/customer/individual/searchprofile,33,0,15
1779799598479,7460,UpdateIndividual,429,Too Many Requests,UpdateIndividual 4-437,text,false,,606,4227,157,449,https://api-scuda.uat.oci.krungsri.tech/ic/api/v1/customer/individual/updateprofile,7460,0,38
1779799605951,17,UpdateIndividual,429,Too Many Requests,UpdateIndividual 4-577,text,false,,417,4231,157,450,https://api-scuda.uat.oci.krungsri.tech/ic/api/v1/customer/individual/updateprofile,17,0,16
1779799605978,15,SearchJuristic,429,Too Many Requests,SearchJuristic 6-42,text,false,,417,2600,1,452,https://api-scuda.uat.oci.krungsri.tech/ords/api/v1/customer/juristic/searchprofile,15,0,14
1779799605987,13,SearchIndividual,429,Too Many Requests,SearchIndividual 2-1459,text,false,,417,2602,3,453,https://api-scuda.uat.oci.krungsri.tech/ords/api/v1/customer/individual/searchprofile,13,0,12
1779799605980,29,SearchIndividual,200,OK,SearchIndividual 2-1458,text,true,,1173,2602,3,453,https://api-scuda.uat.oci.krungsri.tech/ords/api/v1/customer/individual/searchprofile,28,0,17
1779799605998,32,SearchIndividual,200,OK,SearchIndividual 2-1460,text,true,,1193,2602,2,452,https://api-scuda.uat.oci.krungsri.tech/ords/api/v1/customer/individual/searchprofile,32,0,20
1779799606037,21,UpdateIndividual,429,Too Many Requests,UpdateIndividual 4-578,text,false,,417,5591,158,454,https://api-scuda.uat.oci.krungsri.tech/ic/api/v1/customer/individual/updateprofile,21,0,19
1779799606052,20,SearchIndividual,429,Too Many Requests,SearchIndividual 2-1462,text,false,,417,2602,3,456,https://api-scuda.uat.oci.krungsri.tech/ords/api/v1/customer/individual/searchprofile,20,0,17
1779799606027,47,SearchIndividual,200,OK,SearchIndividual 2-1461,text,true,,1157,2602,2,456,https://api-scuda.uat.oci.krungsri.tech/ords/api/v1/customer/individual/searchprofile,47,0,25
1779799606073,11,UpdateIndividual,429,Too Many Requests,UpdateIndividual 4-580,text,false,,417,4228,159,457,https://api-scuda.uat.oci.krungsri.tech/ic/api/v1/customer/individual/updateprofile,11,0,10
1779799606062,46,SearchIndividual,200,OK,SearchIndividual 2-1463,text,true,,1243,2602,6,463,https://api-scuda.uat.oci.krungsri.tech/ords/api/v1/customer/individual/searchprofile,46,0,28
1779799606091,22,SearchIndividual,429,Too Many Requests,SearchIndividual 2-1466,text,false,,417,2601,7,464,https://api-scuda.uat.oci.krungsri.tech/ords/api/v1/customer/individual/searchprofile,22,0,20
1779799606084,30,SearchIndividual,200,OK,SearchIndividual 2-1465,text,true,,1177,2602,7,464,https://api-scuda.uat.oci.krungsri.tech/ords/api/v1/customer/individual/searchprofile,30,0,17
1779799606084,34,SearchIndividual,200,OK,SearchIndividual 2-1464,text,true,,1143,2602,5,462,https://api-scuda.uat.oci.krungsri.tech/ords/api/v1/customer/individual/searchprofile,34,0,16
1779799606101,24,UpdateIndividual,429,Too Many Requests,UpdateIndividual 4-583,text,false,,417,4228,162,462,https://api-scuda.uat.oci.krungsri.tech/ic/api/v1/customer/individual/updateprofile,24,0,20
1779799606097,33,UpdateIndividual,429,Too Many Requests,UpdateIndividual 4-582,text,false,,417,5585,161,462,https://api-scuda.uat.oci.krungsri.tech/ic/api/v1/customer/individual/updateprofile,33,0,30
1779799606096,34,SearchIndividual,200,OK,SearchIndividual 2-1467,text,true,,1201,2602,4,462,https://api-scuda.uat.oci.krungsri.tech/ords/api/v1/customer/individual/searchprofile,34,0,15
1779799606110,28,SearchIndividual,200,OK,SearchIndividual 2-1469,text,true,,1225,2602,3,460,https://api-scuda.uat.oci.krungsri.tech/ords/api/v1/customer/individual/searchprofile,28,0,13
1779799606097,42,SearchIndividual,200,OK,SearchIndividual 2-1468,text,true,,1159,2602,2,459,https://api-scuda.uat.oci.krungsri.tech/ords/api/v1/customer/individual/searchprofile,41,0,19
1779799606126,21,UpdateIndividual,429,Too Many Requests,UpdateIndividual 4-585,text,false,,417,4227,160,458,https://api-scuda.uat.oci.krungsri.tech/ic/api/v1/customer/individual/updateprofile,21,0,20
1779799600855,5300,GetIndividual,200,OK,GetIndividual 1-775,text,true,,3826,3588,200,458,https://api-scuda.uat.oci.krungsri.tech/ic/api/v1/customer/individual/getprofile,5300,0,16
1779799601600,4558,UpdateJoint,200,OK,UpdateJoint 12-39,text,true,,800,4479,13,458,https://api-scuda.uat.oci.krungsri.tech/ic/api/v1/customer/joint/updateprofile,4558,0,48
1779799602503,3658,GetIndividual,200,OK,GetIndividual 1-817,text,true,,3792,3588,200,457,https://api-scuda.uat.oci.krungsri.tech/ic/api/v1/customer/individual/getprofile,3658,0,19
1779799602013,4150,GetIndividual,200,OK,GetIndividual 1-810,text,true,,3887,3587,199,456,https://api-scuda.uat.oci.krungsri.tech/ic/api/v1/customer/individual/getprofile,4150,0,57
1779799599803,6362,GetIndividual,200,OK,GetIndividual 1-752,text,true,,3869,3588,198,455,https://api-scuda.uat.oci.krungsri.tech/ic/api/v1/customer/individual/getprofile,6362,0,18
1779799606113,53,SearchIndividual,200,OK,SearchIndividual 2-1470,text,true,,1204,2601,1,454,https://api-scuda.uat.oci.krungsri.tech/ords/api/v1/customer/individual/searchprofile,53,0,25
1779799606172,32,SearchIndividual,200,OK,SearchIndividual 2-1471,text,true,,1139,2602,5,462,https://api-scuda.uat.oci.krungsri.tech/ords/api/v1/customer/individual/searchprofile,32,0,21
1779799606191,23,SearchIndividual,429,Too Many Requests,SearchIndividual 2-1472,text,false,,417,2602,4,462,https://api-scuda.uat.oci.krungsri.tech/ords/api/v1/customer/individual/searchprofile,23,0,21
1779799606199,18,UpdateIndividual,429,Too Many Requests,UpdateIndividual 4-586,text,false,,417,5539,163,461,https://api-scuda.uat.oci.krungsri.tech/ic/api/v1/customer/individual/updateprofile,18,0,17
1779799606200,18,UpdateIndividual,429,Too Many Requests,UpdateIndividual 4-587,text,false,,417,5672,163,461,https://api-scuda.uat.oci.krungsri.tech/ic/api/v1/customer/individual/updateprofile,18,0,16
1779799606205,13,UpdateIndividual,429,Too Many Requests,UpdateIndividual 4-588,text,false,,417,4227,163,461,https://api-scuda.uat.oci.krungsri.tech/ic/api/v1/customer/individual/updateprofile,13,0,11
1779799606195,30,SearchIndividual,200,OK,SearchIndividual 2-1474,text,true,,1141,2602,3,458,https://api-scuda.uat.oci.krungsri.tech/ords/api/v1/customer/individual/searchprofile,30,0,14
1779799599670,6556,GetIndividual,429,Too Many Requests,GetIndividual 1-748,text,false,,600,3588,197,457,https://api-scuda.uat.oci.krungsri.tech/ic/api/v1/customer/individual/getprofile,6556,0,13
1779799599052,7174,GetIndividual,429,Too Many Requests,GetIndividual 1-731,text,false,,600,3588,197,457,https://api-scuda.uat.oci.krungsri.tech/ic/api/v1/customer/individual/getprofile,7174,0,15
1779799606195,36,SearchIndividual,200,OK,SearchIndividual 2-1473,text,true,,1155,2602,3,456,https://api-scuda.uat.oci.krungsri.tech/ords/api/v1/customer/individual/searchprofile,36,0,23
1779799597309,8929,UpdateJuristic,200,OK,UpdateJuristic 8-32,text,true,,800,4423,7,456,https://api-scuda.uat.oci.krungsri.tech/ic/api/v1/customer/juristic/updateprofile,8929,0,22
1779799589762,16477,GetIndividual,200,OK,GetIndividual 1-450,text,true,,3852,3588,195,455,https://api-scuda.uat.oci.krungsri.tech/ic/api/v1/customer/individual/getprofile,16477,0,17
1779799601279,4962,GetIndividual,200,OK,GetIndividual 1-787,text,true,,3824,3587,194,454,https://api-scuda.uat.oci.krungsri.tech/ic/api/v1/customer/individual/getprofile,4962,0,16
1779799598142,8101,CreateIndividual,201,Created,CreateIndividual 3-38,text,true,,1172,8361,16,453,https://api-scuda.uat.oci.krungsri.tech/ic/api/v1/customer/individual/createprofile,8101,0,26
1779799596988,9257,GetIndividual,200,OK,GetIndividual 1-671,text,true,,3843,3588,193,452,https://api-scuda.uat.oci.krungsri.tech/ic/api/v1/customer/individual/getprofile,9257,0,22
1779799599989,6257,GetIndividual,200,OK,GetIndividual 1-757,text,true,,3875,3588,192,451,https://api-scuda.uat.oci.krungsri.tech/ic/api/v1/customer/individual/getprofile,6257,0,20
1779799599722,6525,GetIndividual,200,OK,GetIndividual 1-750,text,true,,3880,3587,191,450,https://api-scuda.uat.oci.krungsri.tech/ic/api/v1/customer/individual/getprofile,6525,0,13
1779799598142,8109,UpdateIndividual,200,OK,UpdateIndividual 4-429,text,true,,800,4227,161,450,https://api-scuda.uat.oci.krungsri.tech/ic/api/v1/customer/individual/updateprofile,8109,0,18
1779799606203,51,SearchIndividual,200,OK,SearchIndividual 2-1475,text,true,,1137,2602,3,449,https://api-scuda.uat.oci.krungsri.tech/ords/api/v1/customer/individual/searchprofile,51,0,26
1779799606250,40,SearchIndividual,200,OK,SearchIndividual 2-1477,text,true,,1141,2602,6,455,https://api-scuda.uat.oci.krungsri.tech/ords/api/v1/customer/individual/searchprofile,40,0,25
1779799606274,24,SearchIndividual,200,OK,SearchIndividual 2-1479,text,true,,1183,2602,6,455,https://api-scuda.uat.oci.krungsri.tech/ords/api/v1/customer/individual/searchprofile,24,0,11
1779799606230,69,SearchIndividual,200,OK,SearchIndividual 2-1476,text,true,,1181,2602,5,454,https://api-scuda.uat.oci.krungsri.tech/ords/api/v1/customer/individual/searchprofile,69,0,25
1779799606263,50,SearchIndividual,200,OK,SearchIndividual 2-1478,text,true,,1249,2602,7,456,https://api-scuda.uat.oci.krungsri.tech/ords/api/v1/customer/individual/searchprofile,50,0,35
1779799606279,36,SearchIndividual,200,OK,SearchIndividual 2-1480,text,true,,1193,2602,6,455,https://api-scuda.uat.oci.krungsri.tech/ords/api/v1/customer/individual/searchprofile,35,0,24
1779799606295,24,SearchIndividual,200,OK,SearchIndividual 2-1482,text,true,,1139,2602,6,455,https://api-scuda.uat.oci.krungsri.tech/ords/api/v1/customer/individual/searchprofile,24,0,13
1779799602795,3528,GetIndividual,200,OK,GetIndividual 1-828,text,true,,3887,3588,192,455,https://api-scuda.uat.oci.krungsri.tech/ic/api/v1/customer/individual/getprofile,3528,0,16
1779799606288,43,SearchIndividual,200,OK,SearchIndividual 2-1481,text,true,,1169,2602,5,454,https://api-scuda.uat.oci.krungsri.tech/ords/api/v1/customer/individual/searchprofile,43,0,24
1779799600348,5984,GetIndividual,200,OK,GetIndividual 1-765,text,true,,3904,3588,191,453,https://api-scuda.uat.oci.krungsri.tech/ic/api/v1/customer/individual/getprofile,5984,0,18
1779799606310,25,SearchIndividual,200,OK,SearchIndividual 2-1485,text,true,,1195,2602,4,452,https://api-scuda.uat.oci.krungsri.tech/ords/api/v1/customer/individual/searchprofile,24,0,12
1779799606310,25,SearchIndividual,200,OK,SearchIndividual 2-1484,text,true,,1221,2602,4,452,https://api-scuda.uat.oci.krungsri.tech/ords/api/v1/customer/individual/searchprofile,24,0,12
1779799606309,38,SearchIndividual,200,OK,SearchIndividual 2-1483,text,true,,1099,2602,2,450,https://api-scuda.uat.oci.krungsri.tech/ords/api/v1/customer/individual/searchprofile,37,0,20
1779799606319,33,SearchIndividual,200,OK,SearchIndividual 2-1486,text,true,,1145,2602,1,449,https://api-scuda.uat.oci.krungsri.tech/ords/api/v1/customer/individual/searchprofile,33,0,22
1779799606400,15,SearchIndividual,429,Too Many Requests,SearchIndividual 2-1488,text,false,,417,2602,3,454,https://api-scuda.uat.oci.krungsri.tech/ords/api/v1/customer/individual/searchprofile,15,0,14
1779799606362,56,GetIndividual,429,Too Many Requests,GetIndividual 1-938,text,false,,417,3588,193,453,https://api-scuda.uat.oci.krungsri.tech/ic/api/v1/customer/individual/getprofile,56,0,46
1779799606411,18,GetIndividual,429,Too Many Requests,GetIndividual 1-939,text,false,,417,3588,192,454,https://api-scuda.uat.oci.krungsri.tech/ic/api/v1/customer/individual/getprofile,18,0,17
1779799606390,41,SearchIndividual,200,OK,SearchIndividual 2-1487,text,true,,1139,2602,2,453,https://api-scuda.uat.oci.krungsri.tech/ords/api/v1/customer/individual/searchprofile,41,0,17
1779799601171,5272,UpdateIndividual,200,OK,UpdateIndividual 4-481,text,true,,800,4229,164,452,https://api-scuda.uat.oci.krungsri.tech/ic/api/v1/customer/individual/updateprofile,5272,0,13
1779799597165,9278,UpdateIndividual,429,Too Many Requests,UpdateIndividual 4-412,text,false,,606,4227,164,452,https://api-scuda.uat.oci.krungsri.tech/ic/api/v1/customer/individual/updateprofile,9278,0,27
1779799600136,6307,UpdateIndividual,200,OK,UpdateIndividual 4-465,text,true,,800,4229,163,451,https://api-scuda.uat.oci.krungsri.tech/ic/api/v1/customer/individual/updateprofile,6307,0,40
1779799606415,30,SearchIndividual,200,OK,SearchIndividual 2-1489,text,true,,1131,2602,1,450,https://api-scuda.uat.oci.krungsri.tech/ords/api/v1/customer/individual/searchprofile,30,0,17
1779799599687,6758,GetIndividual,200,OK,GetIndividual 1-749,text,true,,3784,3588,191,448,https://api-scuda.uat.oci.krungsri.tech/ic/api/v1/customer/individual/getprofile,6758,0,21
1779799601450,4996,UpdateIndividual,200,OK,UpdateIndividual 4-485,text,true,,800,4227,161,447,https://api-scuda.uat.oci.krungsri.tech/ic/api/v1/customer/individual/updateprofile,4996,0,26
1779799606477,17,GetIndividual,429,Too Many Requests,GetIndividual 1-940,text,false,,417,3588,192,449,https://api-scuda.uat.oci.krungsri.tech/ic/api/v1/customer/individual/getprofile,17,0,15
1779799606469,33,SearchIndividual,200,OK,SearchIndividual 2-1490,text,true,,1189,2602,1,449,https://api-scuda.uat.oci.krungsri.tech/ords/api/v1/customer/individual/searchprofile,32,0,21
1779799606493,24,GetIndividual,429,Too Many Requests,GetIndividual 1-941,text,false,,417,3588,191,449,https://api-scuda.uat.oci.krungsri.tech/ic/api/v1/customer/individual/getprofile,24,0,22
1779799601689,4847,GetIndividual,200,OK,GetIndividual 1-797,text,true,,3886,3588,190,449,https://api-scuda.uat.oci.krungsri.tech/ic/api/v1/customer/individual/getprofile,4847,0,22
1779799606521,19,SearchIndividual,429,Too Many Requests,SearchIndividual 2-1493,text,false,,417,2602,3,448,https://api-scuda.uat.oci.krungsri.tech/ords/api/v1/customer/individual/searchprofile,19,0,17
1779799602508,4031,GetIndividual,200,OK,GetIndividual 1-819,text,true,,3863,3588,189,448,https://api-scuda.uat.oci.krungsri.tech/ic/api/v1/customer/individual/getprofile,4031,0,18
1779799606512,33,SearchIndividual,200,OK,SearchIndividual 2-1491,text,true,,1195,2602,3,447,https://api-scuda.uat.oci.krungsri.tech/ords/api/v1/customer/individual/searchprofile,33,0,20
1779799606517,33,SearchIndividual,200,OK,SearchIndividual 2-1492,text,true,,1155,2602,2,447,https://api-scuda.uat.oci.krungsri.tech/ords/api/v1/customer/individual/searchprofile,33,0,14
1779799598908,7643,UpdateIndividual,200,OK,UpdateIndividual 4-447,text,true,,800,5595,161,446,https://api-scuda.uat.oci.krungsri.tech/ic/api/v1/customer/individual/updateprofile,7643,0,23
1779799606542,36,SearchIndividual,200,OK,SearchIndividual 2-1494,text,true,,1191,2602,1,446,https://api-scuda.uat.oci.krungsri.tech/ords/api/v1/customer/individual/searchprofile,36,0,22
1779799606571,35,SearchJoint,429,Too Many Requests,SearchJoint 10-39,text,false,,417,2627,1,448,https://api-scuda.uat.oci.krungsri.tech/ords/api/v1/customer/joint/searchprofile,35,0,31
1779799606588,26,UpdateIndividual,429,Too Many Requests,UpdateIndividual 4-596,text,false,,417,5493,161,449,https://api-scuda.uat.oci.krungsri.tech/ic/api/v1/customer/individual/updateprofile,26,0,25
1779799606607,17,SearchIndividual,429,Too Many Requests,SearchIndividual 2-1496,text,false,,417,2601,3,448,https://api-scuda.uat.oci.krungsri.tech/ords/api/v1/customer/individual/searchprofile,17,0,15
1779799606608,16,SearchIndividual,429,Too Many Requests,SearchIndividual 2-1497,text,false,,417,2601,3,448,https://api-scuda.uat.oci.krungsri.tech/ords/api/v1/customer/individual/searchprofile,16,0,14
1779799599214,7414,GetIndividual,429,Too Many Requests,GetIndividual 1-738,text,false,,600,3588,188,446,https://api-scuda.uat.oci.krungsri.tech/ic/api/v1/customer/individual/getprofile,7414,0,21
1779799603444,3187,GetIndividual,200,OK,GetIndividual 1-849,text,true,,3878,3588,187,445,https://api-scuda.uat.oci.krungsri.tech/ic/api/v1/customer/individual/getprofile,3187,0,21
1779799606599,34,SearchIndividual,200,OK,SearchIndividual 2-1495,text,true,,1199,2602,1,444,https://api-scuda.uat.oci.krungsri.tech/ords/api/v1/customer/individual/searchprofile,34,0,19
1779799602176,4459,UpdateIndividual,200,OK,UpdateIndividual 4-502,text,true,,799,4226,160,443,https://api-scuda.uat.oci.krungsri.tech/ic/api/v1/customer/individual/updateprofile,4459,0,28
1779799601854,4786,GetIndividual,200,OK,GetIndividual 1-803,text,true,,3809,3588,186,442,https://api-scuda.uat.oci.krungsri.tech/ic/api/v1/customer/individual/getprofile,4786,0,14
1779799601439,5204,CreateIndividual,201,Created,CreateIndividual 3-46,text,true,,1172,8759,15,441,https://api-scuda.uat.oci.krungsri.tech/ic/api/v1/customer/individual/createprofile,5204,0,31
1779799603378,3350,UpdateIndividual,200,OK,UpdateIndividual 4-534,text,true,,800,4227,159,443,https://api-scuda.uat.oci.krungsri.tech/ic/api/v1/customer/individual/updateprofile,3350,0,17
1779799600164,6572,CreateIndividual,201,Created,CreateIndividual 3-42,text,true,,1172,8645,14,443,https://api-scuda.uat.oci.krungsri.tech/ic/api/v1/customer/individual/createprofile,6572,0,21
1779799603202,3536,UpdateIndividual,200,OK,UpdateIndividual 4-528,text,true,,799,4228,158,442,https://api-scuda.uat.oci.krungsri.tech/ic/api/v1/customer/individual/updateprofile,3536,0,25
1779799600440,6299,UpdateIndividual,200,OK,UpdateIndividual 4-471,text,true,,800,4227,157,441,https://api-scuda.uat.oci.krungsri.tech/ic/api/v1/customer/individual/updateprofile,6299,0,18
1779799601567,5173,UpdateIndividual,200,OK,UpdateIndividual 4-488,text,true,,800,4229,157,441,https://api-scuda.uat.oci.krungsri.tech/ic/api/v1/customer/individual/updateprofile,5173,0,30
1779799599160,7587,UpdateIndividual,429,Too Many Requests,UpdateIndividual 4-452,text,false,,606,5595,156,440,https://api-scuda.uat.oci.krungsri.tech/ic/api/v1/customer/individual/updateprofile,7587,0,40
1779799606723,38,SearchIndividual,200,OK,SearchIndividual 2-1498,text,true,,1165,2602,3,440,https://api-scuda.uat.oci.krungsri.tech/ords/api/v1/customer/individual/searchprofile,38,0,27
1779799606736,40,SearchIndividual,200,OK,SearchIndividual 2-1499,text,true,,1247,2602,3,440,https://api-scuda.uat.oci.krungsri.tech/ords/api/v1/customer/individual/searchprofile,40,0,27
1779799606756,37,SearchIndividual,200,OK,SearchIndividual 2-1500,text,true,,1223,2602,2,439,https://api-scuda.uat.oci.krungsri.tech/ords/api/v1/customer/individual/searchprofile,37,0,17
1779799606763,41,SearchIndividual,200,OK,SearchIndividual 2-1501,text,true,,1177,2602,1,438,https://api-scuda.uat.oci.krungsri.tech/ords/api/v1/customer/individual/searchprofile,40,0,28
1779799606822,26,SearchIndividual,200,OK,SearchIndividual 2-1502,text,true,,1183,2602,1,438,https://api-scuda.uat.oci.krungsri.tech/ords/api/v1/customer/individual/searchprofile,26,0,14
1779799606861,33,SearchIndividual,200,OK,SearchIndividual 2-1503,text,true,,1165,2602,3,445,https://api-scuda.uat.oci.krungsri.tech/ords/api/v1/customer/individual/searchprofile,33,0,21
1779799606869,26,SearchIndividual,200,OK,SearchIndividual 2-1504,text,true,,1104,2601,2,444,https://api-scuda.uat.oci.krungsri.tech/ords/api/v1/customer/individual/searchprofile,26,0,12
1779799606909,33,SearchIndividual,200,OK,SearchIndividual 2-1506,text,true,,1199,2602,3,445,https://api-scuda.uat.oci.krungsri.tech/ords/api/v1/customer/individual/searchprofile,33,0,20
1779799606886,57,GetIndividual,429,Too Many Requests,GetIndividual 1-946,text,false,,417,3588,190,444,https://api-scuda.uat.oci.krungsri.tech/ic/api/v1/customer/individual/getprofile,57,0,56
1779799606875,71,SearchIndividual,200,OK,SearchIndividual 2-1505,text,true,,1185,2602,2,443,https://api-scuda.uat.oci.krungsri.tech/ords/api/v1/customer/individual/searchprofile,71,0,52
1779799606916,33,SearchIndividual,200,OK,SearchIndividual 2-1507,text,true,,1139,2602,1,443,https://api-scuda.uat.oci.krungsri.tech/ords/api/v1/customer/individual/searchprofile,33,0,20
1779799606948,17,GetIndividual,429,Too Many Requests,GetIndividual 1-947,text,false,,417,3588,190,444,https://api-scuda.uat.oci.krungsri.tech/ic/api/v1/customer/individual/getprofile,17,0,15
1779799606956,37,SearchIndividual,200,OK,SearchIndividual 2-1508,text,true,,1169,2602,4,445,https://api-scuda.uat.oci.krungsri.tech/ords/api/v1/customer/individual/searchprofile,37,0,25
1779799606960,35,SearchIndividual,200,OK,SearchIndividual 2-1509,text,true,,1177,2602,5,446,https://api-scuda.uat.oci.krungsri.tech/ords/api/v1/customer/individual/searchprofile,34,0,24
1779799606979,30,SearchIndividual,200,OK,SearchIndividual 2-1510,text,true,,1131,2602,5,446,https://api-scuda.uat.oci.krungsri.tech/ords/api/v1/customer/individual/searchprofile,30,0,18
1779799606995,25,SearchIndividual,200,OK,SearchIndividual 2-1512,text,true,,1109,2602,2,443,https://api-scuda.uat.oci.krungsri.tech/ords/api/v1/customer/individual/searchprofile,25,0,13
1779799600357,6670,GetIndividual,200,OK,GetIndividual 1-767,text,true,,3824,3588,189,442,https://api-scuda.uat.oci.krungsri.tech/ic/api/v1/customer/individual/getprofile,6670,0,11
1779799599192,7837,UpdateIndividual,200,OK,UpdateIndividual 4-453,text,true,,800,4229,157,441,https://api-scuda.uat.oci.krungsri.tech/ic/api/v1/customer/individual/updateprofile,7837,0,22
1779799589738,17291,UpdateIndividual,200,OK,UpdateIndividual 4-265,text,true,,800,4228,157,441,https://api-scuda.uat.oci.krungsri.tech/ic/api/v1/customer/individual/updateprofile,17291,0,24
1779799606982,50,SearchIndividual,200,OK,SearchIndividual 2-1511,text,true,,1229,2602,1,439,https://api-scuda.uat.oci.krungsri.tech/ords/api/v1/customer/individual/searchprofile,49,0,27
1779799601883,5148,GetIndividual,200,OK,GetIndividual 1-804,text,true,,3779,3588,188,438,https://api-scuda.uat.oci.krungsri.tech/ic/api/v1/customer/individual/getprofile,5148,0,18
1779799603373,3665,GetIndividual,200,OK,GetIndividual 1-848,text,true,,3894,3588,187,437,https://api-scuda.uat.oci.krungsri.tech/ic/api/v1/customer/individual/getprofile,3665,0,12
1779799599652,7388,UpdateIndividual,429,Too Many Requests,UpdateIndividual 4-457,text,false,,606,5573,155,436,https://api-scuda.uat.oci.krungsri.tech/ic/api/v1/customer/individual/updateprofile,7388,0,19
1779799607077,30,SearchIndividual,200,OK,SearchIndividual 2-1514,text,true,,1181,2602,4,443,https://api-scuda.uat.oci.krungsri.tech/ords/api/v1/customer/individual/searchprofile,30,0,17
1779799607076,32,SearchIndividual,200,OK,SearchIndividual 2-1513,text,true,,1201,2602,3,442,https://api-scuda.uat.oci.krungsri.tech/ords/api/v1/customer/individual/searchprofile,29,0,16
1779799607093,78,SearchIndividual,200,OK,SearchIndividual 2-1515,text,true,,1199,2602,2,445,https://api-scuda.uat.oci.krungsri.tech/ords/api/v1/customer/individual/searchprofile,78,0,50
1779799607093,82,SearchIndividual,200,OK,SearchIndividual 2-1516,text,true,,1165,2602,1,444,https://api-scuda.uat.oci.krungsri.tech/ords/api/v1/customer/individual/searchprofile,82,0,49
1779799607180,32,SearchIndividual,200,OK,SearchIndividual 2-1517,text,true,,1191,2602,2,449,https://api-scuda.uat.oci.krungsri.tech/ords/api/v1/customer/individual/searchprofile,31,0,17
1779799607194,20,GetIndividual,429,Too Many Requests,GetIndividual 1-952,text,false,,417,3588,192,448,https://api-scuda.uat.oci.krungsri.tech/ic/api/v1/customer/individual/getprofile,20,0,19
1779799607193,28,GetIndividual,429,Too Many Requests,GetIndividual 1-951,text,false,,417,3588,191,450,https://api-scuda.uat.oci.krungsri.tech/ic/api/v1/customer/individual/getprofile,28,0,26
1779799607215,12,UpdateIndividual,429,Too Many Requests,UpdateIndividual 4-605,text,false,,417,4227,161,451,https://api-scuda.uat.oci.krungsri.tech/ic/api/v1/customer/individual/updateprofile,12,0,11
1779799599836,7391,UpdateIndividual,429,Too Many Requests,UpdateIndividual 4-460,text,false,,606,4228,161,451,https://api-scuda.uat.oci.krungsri.tech/ic/api/v1/customer/individual/updateprofile,7391,0,23
1779799607194,34,SearchIndividual,200,OK,SearchIndividual 2-1518,text,true,,1179,2602,3,450,https://api-scuda.uat.oci.krungsri.tech/ords/api/v1/customer/individual/searchprofile,34,0,23
1779799602223,5006,UpdateIndividual,200,OK,UpdateIndividual 4-503,text,true,,800,4229,159,448,https://api-scuda.uat.oci.krungsri.tech/ic/api/v1/customer/individual/updateprofile,5006,0,26
1779799607218,17,SearchIndividual,429,Too Many Requests,SearchIndividual 2-1519,text,false,,417,2602,3,448,https://api-scuda.uat.oci.krungsri.tech/ords/api/v1/customer/individual/searchprofile,17,0,16
1779799601035,6208,CreateIndividual,201,Created,CreateIndividual 3-44,text,true,,1172,8377,13,447,https://api-scuda.uat.oci.krungsri.tech/ic/api/v1/customer/individual/createprofile,6208,0,14
1779799599981,7270,UpdateIndividual,200,OK,UpdateIndividual 4-461,text,true,,800,4227,160,448,https://api-scuda.uat.oci.krungsri.tech/ic/api/v1/customer/individual/updateprofile,7270,0,20
1779799607219,36,SearchIndividual,200,OK,SearchIndividual 2-1520,text,true,,1195,2602,2,447,https://api-scuda.uat.oci.krungsri.tech/ords/api/v1/customer/individual/searchprofile,35,0,22
1779799602368,4886,UpdateJoint,200,OK,UpdateJoint 12-41,text,true,,800,4587,13,447,https://api-scuda.uat.oci.krungsri.tech/ic/api/v1/customer/joint/updateprofile,4886,0,11
1779799603551,3703,UpdateIndividual,200,OK,UpdateIndividual 4-540,text,true,,800,4228,159,446,https://api-scuda.uat.oci.krungsri.tech/ic/api/v1/customer/individual/updateprofile,3703,0,15
1779799607235,52,SearchIndividual,200,OK,SearchIndividual 2-1521,text,true,,1185,2602,2,446,https://api-scuda.uat.oci.krungsri.tech/ords/api/v1/customer/individual/searchprofile,51,0,26
1779799603261,4063,GetIndividual,200,OK,GetIndividual 1-842,text,true,,3903,3588,192,453,https://api-scuda.uat.oci.krungsri.tech/ic/api/v1/customer/individual/getprofile,4063,0,31
1779799599976,7349,CreateJuristic,201,Created,CreateJuristic 7-34,text,true,,1172,7823,24,452,https://api-scuda.uat.oci.krungsri.tech/ic/api/v1/customer/juristic/createprofile,7349,0,25
1779799601515,5817,UpdateIndividual,200,OK,UpdateIndividual 4-486,text,true,,799,4226,158,452,https://api-scuda.uat.oci.krungsri.tech/ic/api/v1/customer/individual/updateprofile,5817,0,38
1779799607306,29,SearchIndividual,200,OK,SearchIndividual 2-1525,text,true,,1157,2602,7,451,https://api-scuda.uat.oci.krungsri.tech/ords/api/v1/customer/individual/searchprofile,29,0,18
1779799603300,4035,UpdateIndividual,200,OK,UpdateIndividual 4-532,text,true,,800,4229,157,450,https://api-scuda.uat.oci.krungsri.tech/ic/api/v1/customer/individual/updateprofile,4035,0,16
1779799607267,77,SearchIndividual,200,OK,SearchIndividual 2-1522,text,true,,1167,2602,6,450,https://api-scuda.uat.oci.krungsri.tech/ords/api/v1/customer/individual/searchprofile,77,0,60
1779799607304,42,SearchIndividual,200,OK,SearchIndividual 2-1524,text,true,,1137,2602,5,449,https://api-scuda.uat.oci.krungsri.tech/ords/api/v1/customer/individual/searchprofile,42,0,18
1779799607303,50,SearchIndividual,200,OK,SearchIndividual 2-1523,text,true,,1257,2602,4,448,https://api-scuda.uat.oci.krungsri.tech/ords/api/v1/customer/individual/searchprofile,49,0,32
1779799607319,35,SearchIndividual,200,OK,SearchIndividual 2-1526,text,true,,1177,2602,3,447,https://api-scuda.uat.oci.krungsri.tech/ords/api/v1/customer/individual/searchprofile,35,0,24
1779799607324,48,SearchIndividual,200,OK,SearchIndividual 2-1527,text,true,,1215,2602,2,446,https://api-scuda.uat.oci.krungsri.tech/ords/api/v1/customer/individual/searchprofile,48,0,33
1779799607324,49,SearchIndividual,200,OK,SearchIndividual 2-1528,text,true,,1135,2602,1,445,https://api-scuda.uat.oci.krungsri.tech/ords/api/v1/customer/individual/searchprofile,49,0,32
1779799607375,26,SearchIndividual,200,OK,SearchIndividual 2-1529,text,true,,1115,2602,2,448,https://api-scuda.uat.oci.krungsri.tech/ords/api/v1/customer/individual/searchprofile,26,0,14
1779799607406,16,SearchIndividual,429,Too Many Requests,SearchIndividual 2-1532,text,false,,417,2602,4,451,https://api-scuda.uat.oci.krungsri.tech/ords/api/v1/customer/individual/searchprofile,16,0,15
1779799607405,20,SearchIndividual,429,Too Many Requests,SearchIndividual 2-1531,text,false,,417,2602,3,450,https://api-scuda.uat.oci.krungsri.tech/ords/api/v1/customer/individual/searchprofile,20,0,18
1779799607421,17,SearchIndividual,429,Too Many Requests,SearchIndividual 2-1533,text,false,,417,2602,3,451,https://api-scuda.uat.oci.krungsri.tech/ords/api/v1/customer/individual/searchprofile,17,0,15
1779799600566,6872,GetIndividual,200,OK,GetIndividual 1-770,text,true,,3861,3588,194,450,https://api-scuda.uat.oci.krungsri.tech/ic/api/v1/customer/individual/getprofile,6872,0,14
1779799600693,6747,GetIndividual,200,OK,GetIndividual 1-773,text,true,,3890,3587,193,449,https://api-scuda.uat.oci.krungsri.tech/ic/api/v1/customer/individual/getprofile,6747,0,19
1779799602913,4528,UpdateIndividual,200,OK,UpdateIndividual 4-520,text,true,,800,5573,159,448,https://api-scuda.uat.oci.krungsri.tech/ic/api/v1/customer/individual/updateprofile,4528,0,27
1779799607433,20,UpdateIndividual,429,Too Many Requests,UpdateIndividual 4-611,text,false,,417,4228,158,448,https://api-scuda.uat.oci.krungsri.tech/ic/api/v1/customer/individual/updateprofile,20,0,19
1779799607395,70,SearchIndividual,200,OK,SearchIndividual 2-1530,text,true,,1181,2602,2,447,https://api-scuda.uat.oci.krungsri.tech/ords/api/v1/customer/individual/searchprofile,69,0,53
1779799607431,46,SearchIndividual,200,OK,SearchIndividual 2-1534,text,true,,1223,2602,2,447,https://api-scuda.uat.oci.krungsri.tech/ords/api/v1/customer/individual/searchprofile,46,0,29
1779799607454,25,GetIndividual,429,Too Many Requests,GetIndividual 1-959,text,false,,417,3588,193,446,https://api-scuda.uat.oci.krungsri.tech/ic/api/v1/customer/individual/getprofile,25,0,23
1779799607485,17,UpdateJoint,429,Too Many Requests,UpdateJoint 12-47,text,false,,417,3613,13,446,https://api-scuda.uat.oci.krungsri.tech/ic/api/v1/customer/joint/updateprofile,17,0,15
1779799603654,3881,UpdateIndividual,200,OK,UpdateIndividual 4-543,text,true,,800,4227,158,449,https://api-scuda.uat.oci.krungsri.tech/ic/api/v1/customer/individual/updateprofile,3881,0,19
1779799599023,8517,GetIndividual,200,OK,GetIndividual 1-730,text,true,,3865,3588,193,448,https://api-scuda.uat.oci.krungsri.tech/ic/api/v1/customer/individual/getprofile,8517,0,33
1779799604036,3509,GetIndividual,200,OK,GetIndividual 1-869,text,true,,3865,3588,192,447,https://api-scuda.uat.oci.krungsri.tech/ic/api/v1/customer/individual/getprofile,3509,0,26
1779799607476,71,SearchIndividual,200,OK,SearchIndividual 2-1535,text,true,,1219,2602,3,446,https://api-scuda.uat.oci.krungsri.tech/ords/api/v1/customer/individual/searchprofile,71,0,50
1779799607505,52,SearchIndividual,200,OK,SearchIndividual 2-1536,text,true,,1193,2602,2,445,https://api-scuda.uat.oci.krungsri.tech/ords/api/v1/customer/individual/searchprofile,51,0,37
1779799607526,34,SearchIndividual,200,OK,SearchIndividual 2-1537,text,true,,1175,2600,1,444,https://api-scuda.uat.oci.krungsri.tech/ords/api/v1/customer/individual/searchprofile,34,0,23
1779799607578,49,SearchIndividual,200,OK,SearchIndividual 2-1538,text,true,,1133,2602,3,451,https://api-scuda.uat.oci.krungsri.tech/ords/api/v1/customer/individual/searchprofile,49,0,27
1779799607585,49,SearchIndividual,200,OK,SearchIndividual 2-1539,text,true,,1230,2601,3,452,https://api-scuda.uat.oci.krungsri.tech/ords/api/v1/customer/individual/searchprofile,49,0,23
1779799607594,42,UpdateJuristic,429,Too Many Requests,UpdateJuristic 8-42,text,false,,417,4427,8,452,https://api-scuda.uat.oci.krungsri.tech/ic/api/v1/customer/juristic/updateprofile,42,0,38
1779799607610,35,SearchIndividual,429,Too Many Requests,SearchIndividual 2-1540,text,false,,417,2602,2,452,https://api-scuda.uat.oci.krungsri.tech/ords/api/v1/customer/individual/searchprofile,35,0,33
1779799607616,29,GetIndividual,429,Too Many Requests,GetIndividual 1-963,text,false,,417,3588,195,452,https://api-scuda.uat.oci.krungsri.tech/ic/api/v1/customer/individual/getprofile,29,0,28
1779799607629,35,SearchIndividual,200,OK,SearchIndividual 2-1541,text,true,,1223,2602,1,450,https://api-scuda.uat.oci.krungsri.tech/ords/api/v1/customer/individual/searchprofile,35,0,23
1779799607670,18,SearchIndividual,429,Too Many Requests,SearchIndividual 2-1542,text,false,,417,2600,1,451,https://api-scuda.uat.oci.krungsri.tech/ords/api/v1/customer/individual/searchprofile,18,0,16
1779799607702,23,SearchIndividual,429,Too Many Requests,SearchIndividual 2-1544,text,false,,417,2602,2,452,https://api-scuda.uat.oci.krungsri.tech/ords/api/v1/customer/individual/searchprofile,23,0,22
1779799607695,32,SearchIndividual,429,Too Many Requests,SearchIndividual 2-1543,text,false,,417,2602,2,452,https://api-scuda.uat.oci.krungsri.tech/ords/api/v1/customer/individual/searchprofile,32,0,31
1779799607727,15,SearchIndividual,429,Too Many Requests,SearchIndividual 2-1545,text,false,,417,2602,1,451,https://api-scuda.uat.oci.krungsri.tech/ords/api/v1/customer/individual/searchprofile,15,0,13
1779799607790,25,SearchIndividual,429,Too Many Requests,SearchIndividual 2-1546,text,false,,417,2602,2,454,https://api-scuda.uat.oci.krungsri.tech/ords/api/v1/customer/individual/searchprofile,25,0,23
1779799607799,26,SearchIndividual,429,Too Many Requests,SearchIndividual 2-1547,text,false,,417,2602,1,453,https://api-scuda.uat.oci.krungsri.tech/ords/api/v1/customer/individual/searchprofile,26,0,24
1779799607807,19,GetIndividual,429,Too Many Requests,GetIndividual 1-967,text,false,,417,3588,197,452,https://api-scuda.uat.oci.krungsri.tech/ic/api/v1/customer/individual/getprofile,19,0,17
1779799603674,4156,GetIndividual,200,OK,GetIndividual 1-858,text,true,,3803,3588,196,451,https://api-scuda.uat.oci.krungsri.tech/ic/api/v1/customer/individual/getprofile,4156,0,15
1779799607846,21,SearchIndividual,429,Too Many Requests,SearchIndividual 2-1550,text,false,,417,2602,4,454,https://api-scuda.uat.oci.krungsri.tech/ords/api/v1/customer/individual/searchprofile,21,0,17
1779799607842,29,SearchIndividual,200,OK,SearchIndividual 2-1549,text,true,,1118,2601,4,454,https://api-scuda.uat.oci.krungsri.tech/ords/api/v1/customer/individual/searchprofile,29,0,19
1779799607839,32,SearchIndividual,200,OK,SearchIndividual 2-1548,text,true,,1185,2602,4,454,https://api-scuda.uat.oci.krungsri.tech/ords/api/v1/customer/individual/searchprofile,32,0,21
1779799607871,23,SearchIndividual,429,Too Many Requests,SearchIndividual 2-1552,text,false,,417,2602,2,453,https://api-scuda.uat.oci.krungsri.tech/ords/api/v1/customer/individual/searchprofile,23,0,22
1779799607862,36,SearchIndividual,200,OK,SearchIndividual 2-1551,text,true,,1161,2602,1,452,https://api-scuda.uat.oci.krungsri.tech/ords/api/v1/customer/individual/searchprofile,36,0,21
1779799607906,14,SearchIndividual,429,Too Many Requests,SearchIndividual 2-1553,text,false,,417,2602,1,453,https://api-scuda.uat.oci.krungsri.tech/ords/api/v1/customer/individual/searchprofile,14,0,12
1779799596488,11461,UpdateIndividual,200,OK,UpdateIndividual 4-399,text,true,,800,5643,161,454,https://api-scuda.uat.oci.krungsri.tech/ic/api/v1/customer/individual/updateprofile,11461,0,25
1779799607937,20,GetIndividual,429,Too Many Requests,GetIndividual 1-970,text,false,,417,3588,198,453,https://api-scuda.uat.oci.krungsri.tech/ic/api/v1/customer/individual/getprofile,20,0,18
1779799608003,18,SearchIndividual,429,Too Many Requests,SearchIndividual 2-1555,text,false,,417,2602,3,459,https://api-scuda.uat.oci.krungsri.tech/ords/api/v1/customer/individual/searchprofile,18,0,17
1779799608003,19,SearchIndividual,429,Too Many Requests,SearchIndividual 2-1554,text,false,,417,2602,2,458,https://api-scuda.uat.oci.krungsri.tech/ords/api/v1/customer/individual/searchprofile,19,0,18
1779799608015,14,SearchIndividual,429,Too Many Requests,SearchIndividual 2-1556,text,false,,417,2601,1,457,https://api-scuda.uat.oci.krungsri.tech/ords/api/v1/customer/individual/searchprofile,14,0,13
1779799608034,24,SearchIndividual,200,OK,SearchIndividual 2-1557,text,true,,1181,2602,1,458,https://api-scuda.uat.oci.krungsri.tech/ords/api/v1/customer/individual/searchprofile,24,0,13
1779799608063,28,SearchIndividual,200,OK,SearchIndividual 2-1558,text,true,,1181,2602,2,461,https://api-scuda.uat.oci.krungsri.tech/ords/api/v1/customer/individual/searchprofile,28,0,12
1779799608080,19,GetIndividual,429,Too Many Requests,GetIndividual 1-975,text,false,,417,3588,203,460,https://api-scuda.uat.oci.krungsri.tech/ic/api/v1/customer/individual/getprofile,19,0,18
1779799608081,24,GetIndividual,429,Too Many Requests,GetIndividual 1-976,text,false,,417,3588,202,463,https://api-scuda.uat.oci.krungsri.tech/ic/api/v1/customer/individual/getprofile,24,0,23
1779799608074,36,SearchIndividual,200,OK,SearchIndividual 2-1559,text,true,,1215,2602,3,462,https://api-scuda.uat.oci.krungsri.tech/ords/api/v1/customer/individual/searchprofile,35,0,20
1779799608100,15,SearchIndividual,429,Too Many Requests,SearchIndividual 2-1560,text,false,,417,2601,2,461,https://api-scuda.uat.oci.krungsri.tech/ords/api/v1/customer/individual/searchprofile,15,0,14
1779799603523,4604,GetIndividual,200,OK,GetIndividual 1-853,text,true,,3839,3588,201,461,https://api-scuda.uat.oci.krungsri.tech/ic/api/v1/customer/individual/getprofile,4604,0,37
1779799602704,5423,GetIndividual,200,OK,GetIndividual 1-825,text,true,,3859,3588,201,461,https://api-scuda.uat.oci.krungsri.tech/ic/api/v1/customer/individual/getprofile,5423,0,13
1779799604034,4098,UpdateIndividual,200,OK,UpdateIndividual 4-550,text,true,,800,5520,161,459,https://api-scuda.uat.oci.krungsri.tech/ic/api/v1/customer/individual/updateprofile,4098,0,27
1779799599903,8228,GetIndividual,200,OK,GetIndividual 1-755,text,true,,3878,3588,199,458,https://api-scuda.uat.oci.krungsri.tech/ic/api/v1/customer/individual/getprofile,8228,0,14
1779799604287,3846,UpdateJoint,200,OK,UpdateJoint 12-43,text,true,,800,3614,12,457,https://api-scuda.uat.oci.krungsri.tech/ic/api/v1/customer/joint/updateprofile,3846,0,22
1779799603848,4288,GetIndividual,200,OK,GetIndividual 1-864,text,true,,3834,3588,198,457,https://api-scuda.uat.oci.krungsri.tech/ic/api/v1/customer/individual/getprofile,4288,0,11
1779799608104,46,SearchJoint,200,OK,SearchJoint 10-40,text,true,,621,2627,1,458,https://api-scuda.uat.oci.krungsri.tech/ords/api/v1/customer/joint/searchprofile,46,0,28
1779799608129,36,SearchIndividual,200,OK,SearchIndividual 2-1562,text,true,,1215,2602,3,460,https://api-scuda.uat.oci.krungsri.tech/ords/api/v1/customer/individual/searchprofile,36,0,24
1779799608102,63,SearchIndividual,200,OK,SearchIndividual 2-1561,text,true,,1223,2602,3,460,https://api-scuda.uat.oci.krungsri.tech/ords/api/v1/customer/individual/searchprofile,63,0,50
1779799608139,27,UpdateIndividual,429,Too Many Requests,UpdateIndividual 4-618,text,false,,417,5568,163,458,https://api-scuda.uat.oci.krungsri.tech/ic/api/v1/customer/individual/updateprofile,27,0,26
1779799608149,24,UpdateIndividual,429,Too Many Requests,UpdateIndividual 4-619,text,false,,417,4227,162,458,https://api-scuda.uat.oci.krungsri.tech/ic/api/v1/customer/individual/updateprofile,24,0,22
1779799608166,16,GetIndividual,429,Too Many Requests,GetIndividual 1-978,text,false,,417,3588,200,459,https://api-scuda.uat.oci.krungsri.tech/ic/api/v1/customer/individual/getprofile,16,0,15
1779799608143,40,SearchIndividual,200,OK,SearchIndividual 2-1563,text,true,,1165,2602,2,459,https://api-scuda.uat.oci.krungsri.tech/ords/api/v1/customer/individual/searchprofile,39,0,21
1779799608158,26,UpdateIndividual,429,Too Many Requests,UpdateIndividual 4-620,text,false,,417,4228,162,457,https://api-scuda.uat.oci.krungsri.tech/ic/api/v1/customer/individual/updateprofile,26,0,25
1779799608172,17,GetIndividual,429,Too Many Requests,GetIndividual 1-979,text,false,,417,3588,199,456,https://api-scuda.uat.oci.krungsri.tech/ic/api/v1/customer/individual/getprofile,17,0,15
1779799608181,32,SearchIndividual,200,OK,SearchIndividual 2-1564,text,true,,1175,2602,3,459,https://api-scuda.uat.oci.krungsri.tech/ords/api/v1/customer/individual/searchprofile,32,0,17
1779799598950,9282,UpdateIndividual,200,OK,UpdateIndividual 4-449,text,true,,800,4228,163,459,https://api-scuda.uat.oci.krungsri.tech/ic/api/v1/customer/individual/updateprofile,9282,0,21
1779799608197,37,SearchIndividual,200,OK,SearchIndividual 2-1565,text,true,,1209,2602,2,458,https://api-scuda.uat.oci.krungsri.tech/ords/api/v1/customer/individual/searchprofile,37,0,20
1779799599674,8563,UpdateIndividual,429,Too Many Requests,UpdateIndividual 4-458,text,false,,606,4227,162,457,https://api-scuda.uat.oci.krungsri.tech/ic/api/v1/customer/individual/updateprofile,8563,0,17
1779799601345,6893,CreateIndividual,201,Created,CreateIndividual 3-45,text,true,,1172,8610,12,457,https://api-scuda.uat.oci.krungsri.tech/ic/api/v1/customer/individual/createprofile,6893,0,13
1779799603448,4790,GetIndividual,200,OK,GetIndividual 1-850,text,true,,3849,3588,199,457,https://api-scuda.uat.oci.krungsri.tech/ic/api/v1/customer/individual/getprofile,4790,0,25
1779799599117,9126,CreateJuristic,429,Too Many Requests,CreateJuristic 7-32,text,false,,602,7909,23,455,https://api-scuda.uat.oci.krungsri.tech/ic/api/v1/customer/juristic/createprofile,9126,0,11
1779799608211,52,SearchIndividual,200,OK,SearchIndividual 2-1566,text,true,,1141,2602,2,455,https://api-scuda.uat.oci.krungsri.tech/ords/api/v1/customer/individual/searchprofile,52,0,30
1779799608242,38,SearchIndividual,200,OK,SearchIndividual 2-1567,text,true,,1233,2602,2,456,https://api-scuda.uat.oci.krungsri.tech/ords/api/v1/customer/individual/searchprofile,37,0,22
1779799605215,3089,GetIndividual,200,OK,GetIndividual 1-910,text,true,,3917,3588,199,459,https://api-scuda.uat.oci.krungsri.tech/ic/api/v1/customer/individual/getprofile,3089,0,29
1779799600954,7352,CreateIndividual,201,Created,CreateIndividual 3-43,text,true,,1172,7972,11,458,https://api-scuda.uat.oci.krungsri.tech/ic/api/v1/customer/individual/createprofile,7352,0,20
1779799605113,3195,GetJuristic,200,OK,GetJuristic 5-38,text,true,,3500,3533,12,457,https://api-scuda.uat.oci.krungsri.tech/ic/api/v1/customer/juristic/getprofile,3195,0,22
1779799599638,8669,GetIndividual,429,Too Many Requests,GetIndividual 1-747,text,false,,600,3588,198,457,https://api-scuda.uat.oci.krungsri.tech/ic/api/v1/customer/individual/getprofile,8669,0,19
1779799600211,8097,GetIndividual,200,OK,GetIndividual 1-761,text,true,,3906,3588,198,456,https://api-scuda.uat.oci.krungsri.tech/ic/api/v1/customer/individual/getprofile,8097,0,18
1779799602740,5569,GetIndividual,200,OK,GetIndividual 1-826,text,true,,3837,3588,196,454,https://api-scuda.uat.oci.krungsri.tech/ic/api/v1/customer/individual/getprofile,5569,0,16
1779799608278,33,SearchIndividual,200,OK,SearchIndividual 2-1568,text,true,,1191,2602,5,453,https://api-scuda.uat.oci.krungsri.tech/ords/api/v1/customer/individual/searchprofile,32,0,22
1779799603267,5044,UpdateJuristic,200,OK,UpdateJuristic 8-37,text,true,,800,5843,7,452,https://api-scuda.uat.oci.krungsri.tech/ic/api/v1/customer/juristic/updateprofile,5044,0,53
1779799602996,5315,UpdateIndividual,200,OK,UpdateIndividual 4-522,text,true,,799,4226,162,452,https://api-scuda.uat.oci.krungsri.tech/ic/api/v1/customer/individual/updateprofile,5315,0,24
1779799599638,8676,GetIndividual,200,OK,GetIndividual 1-746,text,true,,3845,3588,195,450,https://api-scuda.uat.oci.krungsri.tech/ic/api/v1/customer/individual/getprofile,8676,0,19
1779799604764,3554,GetJuristic,200,OK,GetJuristic 5-37,text,true,,3541,3533,11,449,https://api-scuda.uat.oci.krungsri.tech/ic/api/v1/customer/juristic/getprofile,3554,0,7
1779799608283,36,SearchIndividual,200,OK,SearchIndividual 2-1569,text,true,,1213,2602,4,448,https://api-scuda.uat.oci.krungsri.tech/ords/api/v1/customer/individual/searchprofile,36,0,23
1779799603544,4775,GetIndividual,200,OK,GetIndividual 1-855,text,true,,3849,3588,194,447,https://api-scuda.uat.oci.krungsri.tech/ic/api/v1/customer/individual/getprofile,4775,0,13
1779799598950,9370,UpdateIndividual,200,OK,UpdateIndividual 4-448,text,true,,800,5567,161,447,https://api-scuda.uat.oci.krungsri.tech/ic/api/v1/customer/individual/updateprofile,9370,0,30
1779799601817,6503,GetIndividual,200,OK,GetIndividual 1-802,text,true,,3842,3588,193,446,https://api-scuda.uat.oci.krungsri.tech/ic/api/v1/customer/individual/getprofile,6503,0,26
1779799603265,5063,UpdateIndividual,200,OK,UpdateIndividual 4-530,text,true,,800,4227,160,446,https://api-scuda.uat.oci.krungsri.tech/ic/api/v1/customer/individual/updateprofile,5063,0,33
1779799601516,6812,CreateJuristic,201,Created,CreateJuristic 7-38,text,true,,1172,7746,22,446,https://api-scuda.uat.oci.krungsri.tech/ic/api/v1/customer/juristic/createprofile,6812,0,31
1779799608302,28,SearchIndividual,200,OK,SearchIndividual 2-1571,text,true,,1212,2601,5,447,https://api-scuda.uat.oci.krungsri.tech/ords/api/v1/customer/individual/searchprofile,28,0,15
1779799600655,7670,GetIndividual,200,OK,GetIndividual 1-772,text,true,,3866,3588,192,445,https://api-scuda.uat.oci.krungsri.tech/ic/api/v1/customer/individual/getprofile,7670,0,18
1779799603111,5214,GetIndividual,200,OK,GetIndividual 1-838,text,true,,3853,3588,192,444,https://api-scuda.uat.oci.krungsri.tech/ic/api/v1/customer/individual/getprofile,5214,0,19
1779799589814,18515,GetIndividual,200,OK,GetIndividual 1-454,text,true,,3840,3588,193,447,https://api-scuda.uat.oci.krungsri.tech/ic/api/v1/customer/individual/getprofile,18515,0,22
1779799602800,5531,UpdateIndividual,200,OK,UpdateIndividual 4-517,text,true,,800,5511,160,447,https://api-scuda.uat.oci.krungsri.tech/ic/api/v1/customer/individual/updateprofile,5531,0,20
1779799602030,6300,GetIndividual,200,OK,GetIndividual 1-811,text,true,,3820,3588,193,447,https://api-scuda.uat.oci.krungsri.tech/ic/api/v1/customer/individual/getprofile,6300,0,48
1779799601559,6775,GetIndividual,200,OK,GetIndividual 1-792,text,true,,3829,3588,189,439,https://api-scuda.uat.oci.krungsri.tech/ic/api/v1/customer/individual/getprofile,6775,0,17
1779799601984,6351,UpdateIndividual,200,OK,UpdateIndividual 4-498,text,true,,799,5601,158,438,https://api-scuda.uat.oci.krungsri.tech/ic/api/v1/customer/individual/updateprofile,6351,0,26
1779799603266,5069,GetIndividual,200,OK,GetIndividual 1-843,text,true,,3875,3588,188,438,https://api-scuda.uat.oci.krungsri.tech/ic/api/v1/customer/individual/getprofile,5069,0,28
1779799599170,9166,GetIndividual,429,Too Many Requests,GetIndividual 1-737,text,false,,600,3588,188,437,https://api-scuda.uat.oci.krungsri.tech/ic/api/v1/customer/individual/getprofile,9166,0,30
1779799599620,8717,CreateIndividual,201,Created,CreateIndividual 3-41,text,true,,1172,8287,10,435,https://api-scuda.uat.oci.krungsri.tech/ic/api/v1/customer/individual/createprofile,8717,0,22
1779799601626,6716,GetIndividual,200,OK,GetIndividual 1-793,text,true,,3802,3588,186,434,https://api-scuda.uat.oci.krungsri.tech/ic/api/v1/customer/individual/getprofile,6716,0,22
1779799603389,4953,UpdateIndividual,200,OK,UpdateIndividual 4-535,text,true,,800,5529,157,434,https://api-scuda.uat.oci.krungsri.tech/ic/api/v1/customer/individual/updateprofile,4953,0,18
1779799603561,4781,GetIndividual,200,OK,GetIndividual 1-856,text,true,,3851,3588,186,434,https://api-scuda.uat.oci.krungsri.tech/ic/api/v1/customer/individual/getprofile,4781,0,46
1779799603582,4761,UpdateIndividual,200,OK,UpdateIndividual 4-542,text,true,,800,5594,156,432,https://api-scuda.uat.oci.krungsri.tech/ic/api/v1/customer/individual/updateprofile,4761,0,40
1779799603053,5292,GetIndividual,200,OK,GetIndividual 1-835,text,true,,3871,3588,184,430,https://api-scuda.uat.oci.krungsri.tech/ic/api/v1/customer/individual/getprofile,5292,0,35
1779799602456,5889,UpdateIndividual,200,OK,UpdateIndividual 4-508,text,true,,800,4230,155,430,https://api-scuda.uat.oci.krungsri.tech/ic/api/v1/customer/individual/updateprofile,5889,0,20
1779799608302,45,SearchIndividual,200,OK,SearchIndividual 2-1572,text,true,,1156,2601,4,428,https://api-scuda.uat.oci.krungsri.tech/ords/api/v1/customer/individual/searchprofile,45,0,30
1779799605388,2960,UpdateIndividual,200,OK,UpdateIndividual 4-569,text,true,,800,4231,154,427,https://api-scuda.uat.oci.krungsri.tech/ic/api/v1/customer/individual/updateprofile,2960,0,12
1779799602526,5824,CreateJuristic,201,Created,CreateJuristic 7-40,text,true,,1172,8130,21,427,https://api-scuda.uat.oci.krungsri.tech/ic/api/v1/customer/juristic/createprofile,5824,0,11
1779799604954,3398,GetIndividual,200,OK,GetIndividual 1-897,text,true,,3835,3588,183,426,https://api-scuda.uat.oci.krungsri.tech/ic/api/v1/customer/individual/getprofile,3398,0,18
1779799605301,3052,UpdateIndividual,200,OK,UpdateIndividual 4-568,text,true,,800,4228,154,425,https://api-scuda.uat.oci.krungsri.tech/ic/api/v1/customer/individual/updateprofile,3052,0,20
1779799605107,3247,GetIndividual,200,OK,GetIndividual 1-903,text,true,,3851,3588,182,424,https://api-scuda.uat.oci.krungsri.tech/ic/api/v1/customer/individual/getprofile,3247,0,22
1779799603287,5068,CreateJuristic,201,Created,CreateJuristic 7-44,text,true,,1172,8056,20,423,https://api-scuda.uat.oci.krungsri.tech/ic/api/v1/customer/juristic/createprofile,5068,0,20
1779799602874,5481,GetIndividual,200,OK,GetIndividual 1-830,text,true,,3834,3587,181,423,https://api-scuda.uat.oci.krungsri.tech/ic/api/v1/customer/individual/getprofile,5481,0,17
1779799599984,8374,UpdateIndividual,200,OK,UpdateIndividual 4-462,text,true,,800,4227,153,421,https://api-scuda.uat.oci.krungsri.tech/ic/api/v1/customer/individual/updateprofile,8374,0,25
1779799608291,68,SearchIndividual,200,OK,SearchIndividual 2-1570,text,true,,1167,2602,3,421,https://api-scuda.uat.oci.krungsri.tech/ords/api/v1/customer/individual/searchprofile,68,0,52
1779799604683,3677,UpdateIndividual,200,OK,UpdateIndividual 4-555,text,true,,800,5553,153,421,https://api-scuda.uat.oci.krungsri.tech/ic/api/v1/customer/individual/updateprofile,3677,0,33
1779799600650,7710,UpdateIndividual,200,OK,UpdateIndividual 4-475,text,true,,800,5546,151,418,https://api-scuda.uat.oci.krungsri.tech/ic/api/v1/customer/individual/updateprofile,7710,0,21
1779799605215,3148,GetIndividual,200,OK,GetIndividual 1-911,text,true,,3873,3588,180,417,https://api-scuda.uat.oci.krungsri.tech/ic/api/v1/customer/individual/getprofile,3148,0,15
1779799602654,5708,UpdateIndividual,200,OK,UpdateIndividual 4-514,text,true,,800,4226,150,417,https://api-scuda.uat.oci.krungsri.tech/ic/api/v1/customer/individual/updateprofile,5708,0,13
1779799600393,7970,UpdateJoint,200,OK,UpdateJoint 12-36,text,true,,800,3614,11,417,https://api-scuda.uat.oci.krungsri.tech/ic/api/v1/customer/joint/updateprofile,7970,0,20
1779799601061,7304,GetJoint,200,OK,GetJoint 9-34,text,true,,1429,3530,4,414,https://api-scuda.uat.oci.krungsri.tech/ic/api/v1/customer/joint/getprofile,7304,0,15
1779799600725,7640,GetIndividual,200,OK,GetIndividual 1-774,text,true,,3835,3588,179,414,https://api-scuda.uat.oci.krungsri.tech/ic/api/v1/customer/individual/getprofile,7640,0,16
1779799608336,31,SearchIndividual,200,OK,SearchIndividual 2-1574,text,true,,1165,2602,2,412,https://api-scuda.uat.oci.krungsri.tech/ords/api/v1/customer/individual/searchprofile,31,0,20
1779799608336,32,SearchIndividual,200,OK,SearchIndividual 2-1573,text,true,,1169,2602,1,411,https://api-scuda.uat.oci.krungsri.tech/ords/api/v1/customer/individual/searchprofile,32,0,19
1779799600240,8128,UpdateIndividual,200,OK,UpdateIndividual 4-468,text,true,,799,4226,149,411,https://api-scuda.uat.oci.krungsri.tech/ic/api/v1/customer/individual/updateprofile,8128,0,15
1779799605108,3262,UpdateIndividual,200,OK,UpdateIndividual 4-567,text,true,,800,5551,148,409,https://api-scuda.uat.oci.krungsri.tech/ic/api/v1/customer/individual/updateprofile,3262,0,12
1779799590003,18367,UpdateIndividual,200,OK,UpdateIndividual 4-273,text,true,,800,5591,147,408,https://api-scuda.uat.oci.krungsri.tech/ic/api/v1/customer/individual/updateprofile,18367,0,25
1779799605114,3261,GetJuristic,200,OK,GetJuristic 5-39,text,true,,3546,3532,10,407,https://api-scuda.uat.oci.krungsri.tech/ic/api/v1/customer/juristic/getprofile,3261,0,12
1779799602547,5864,GetIndividual,200,OK,GetIndividual 1-821,text,true,,3880,3588,179,408,https://api-scuda.uat.oci.krungsri.tech/ic/api/v1/customer/individual/getprofile,5864,0,18
1779799604828,3586,GetIndividual,200,OK,GetIndividual 1-892,text,true,,3835,3588,178,407,https://api-scuda.uat.oci.krungsri.tech/ic/api/v1/customer/individual/getprofile,3586,0,11
1779799604169,4246,UpdateIndividual,200,OK,UpdateIndividual 4-551,text,true,,800,5516,147,406,https://api-scuda.uat.oci.krungsri.tech/ic/api/v1/customer/individual/updateprofile,4246,0,18
1779799605445,2972,UpdateIndividual,200,OK,UpdateIndividual 4-571,text,true,,800,4228,146,405,https://api-scuda.uat.oci.krungsri.tech/ic/api/v1/customer/individual/updateprofile,2972,0,24
1779799604742,3737,UpdateIndividual,200,OK,UpdateIndividual 4-556,text,true,,800,5613,145,405,https://api-scuda.uat.oci.krungsri.tech/ic/api/v1/customer/individual/updateprofile,3737,0,24
1779799601780,6778,UpdateIndividual,200,OK,UpdateIndividual 4-494,text,true,,800,4228,144,406,https://api-scuda.uat.oci.krungsri.tech/ic/api/v1/customer/individual/updateprofile,6778,0,20
1779799605126,3433,GetIndividual,200,OK,GetIndividual 1-905,text,true,,3810,3588,179,406,https://api-scuda.uat.oci.krungsri.tech/ic/api/v1/customer/individual/getprofile,3433,0,19
1779799608544,32,SearchIndividual,200,OK,SearchIndividual 2-1575,text,true,,1184,2601,1,405,https://api-scuda.uat.oci.krungsri.tech/ords/api/v1/customer/individual/searchprofile,32,0,20
1779799604955,3689,GetIndividual,200,OK,GetIndividual 1-898,text,true,,3867,3588,179,407,https://api-scuda.uat.oci.krungsri.tech/ic/api/v1/customer/individual/getprofile,3689,0,32
1779799601540,7109,CreateJoint,200,OK,CreateJoint 11-51,text,true,,1772,5895,26,408,https://api-scuda.uat.oci.krungsri.tech/ic/api/v1/customer/joint/createprofile,7109,0,52
1779799602453,6214,GetIndividual,200,OK,GetIndividual 1-816,text,true,,3909,3588,179,409,https://api-scuda.uat.oci.krungsri.tech/ic/api/v1/customer/individual/getprofile,6214,0,18
1779799608599,85,SearchIndividual,200,OK,SearchIndividual 2-1576,text,true,,1169,2602,3,408,https://api-scuda.uat.oci.krungsri.tech/ords/api/v1/customer/individual/searchprofile,85,0,67
1779799608654,35,SearchIndividual,200,OK,SearchIndividual 2-1578,text,true,,1177,2602,2,407,https://api-scuda.uat.oci.krungsri.tech/ords/api/v1/customer/individual/searchprofile,35,0,23
1779799608621,68,SearchIndividual,200,OK,SearchIndividual 2-1577,text,true,,1149,2602,2,407,https://api-scuda.uat.oci.krungsri.tech/ords/api/v1/customer/individual/searchprofile,68,0,47
1779799608703,35,SearchIndividual,200,OK,SearchIndividual 2-1579,text,true,,1199,2602,5,415,https://api-scuda.uat.oci.krungsri.tech/ords/api/v1/customer/individual/searchprofile,35,0,24
1779799608732,27,SearchIndividual,200,OK,SearchIndividual 2-1582,text,true,,1153,2602,8,422,https://api-scuda.uat.oci.krungsri.tech/ords/api/v1/customer/individual/searchprofile,27,0,17
1779799608724,48,SearchIndividual,200,OK,SearchIndividual 2-1581,text,true,,1157,2602,7,422,https://api-scuda.uat.oci.krungsri.tech/ords/api/v1/customer/individual/searchprofile,48,0,22
1779799608720,52,SearchIndividual,200,OK,SearchIndividual 2-1580,text,true,,1211,2602,7,422,https://api-scuda.uat.oci.krungsri.tech/ords/api/v1/customer/individual/searchprofile,52,0,25
1779799608739,36,SearchIndividual,200,OK,SearchIndividual 2-1584,text,true,,1181,2602,5,420,https://api-scuda.uat.oci.krungsri.tech/ords/api/v1/customer/individual/searchprofile,36,0,25
1779799608747,30,SearchIndividual,200,OK,SearchIndividual 2-1585,text,true,,1163,2602,4,420,https://api-scuda.uat.oci.krungsri.tech/ords/api/v1/customer/individual/searchprofile,29,0,19
1779799608737,45,SearchIndividual,200,OK,SearchIndividual 2-1583,text,true,,1211,2602,4,420,https://api-scuda.uat.oci.krungsri.tech/ords/api/v1/customer/individual/searchprofile,45,0,31
1779799608758,29,SearchIndividual,200,OK,SearchIndividual 2-1587,text,true,,1225,2602,3,419,https://api-scuda.uat.oci.krungsri.tech/ords/api/v1/customer/individual/searchprofile,29,0,18
1779799608751,44,SearchIndividual,200,OK,SearchIndividual 2-1586,text,true,,1183,2602,2,419,https://api-scuda.uat.oci.krungsri.tech/ords/api/v1/customer/individual/searchprofile,44,0,30
1779799608780,53,SearchIndividual,200,OK,SearchIndividual 2-1588,text,true,,1205,2602,3,424,https://api-scuda.uat.oci.krungsri.tech/ords/api/v1/customer/individual/searchprofile,52,0,34
1779799608799,36,SearchJoint,200,OK,SearchJoint 10-41,text,true,,621,2627,1,423,https://api-scuda.uat.oci.krungsri.tech/ords/api/v1/customer/joint/searchprofile,36,0,22
1779799608806,34,SearchIndividual,200,OK,SearchIndividual 2-1589,text,true,,1169,2602,2,423,https://api-scuda.uat.oci.krungsri.tech/ords/api/v1/customer/individual/searchprofile,33,0,16
1779799608807,35,SearchIndividual,200,OK,SearchIndividual 2-1590,text,true,,1185,2602,1,422,https://api-scuda.uat.oci.krungsri.tech/ords/api/v1/customer/individual/searchprofile,35,0,25
1779799608852,27,SearchIndividual,200,OK,SearchIndividual 2-1591,text,true,,1173,2602,2,427,https://api-scuda.uat.oci.krungsri.tech/ords/api/v1/customer/individual/searchprofile,27,0,16
1779799608857,25,SearchIndividual,200,OK,SearchIndividual 2-1592,text,true,,1109,2602,1,426,https://api-scuda.uat.oci.krungsri.tech/ords/api/v1/customer/individual/searchprofile,25,0,15
1779799601667,7220,GetIndividual,200,OK,GetIndividual 1-796,text,true,,3849,3587,189,425,https://api-scuda.uat.oci.krungsri.tech/ic/api/v1/customer/individual/getprofile,7220,0,50
1779799608931,34,SearchIndividual,200,OK,SearchIndividual 2-1593,text,true,,1193,2602,3,429,https://api-scuda.uat.oci.krungsri.tech/ords/api/v1/customer/individual/searchprofile,34,0,23
1779799608950,21,SearchIndividual,200,OK,SearchIndividual 2-1594,text,true,,1199,2602,2,428,https://api-scuda.uat.oci.krungsri.tech/ords/api/v1/customer/individual/searchprofile,21,0,9
1779799599749,9230,GetIndividual,200,OK,GetIndividual 1-751,text,true,,1079,3587,188,427,https://api-scuda.uat.oci.krungsri.tech/ic/api/v1/customer/individual/getprofile,9230,0,19
1779799608953,39,SearchIndividual,200,OK,SearchIndividual 2-1595,text,true,,1135,2602,2,427,https://api-scuda.uat.oci.krungsri.tech/ords/api/v1/customer/individual/searchprofile,39,0,25
1779799608992,63,SearchIndividual,200,OK,SearchIndividual 2-1596,text,true,,1195,2602,2,430,https://api-scuda.uat.oci.krungsri.tech/ords/api/v1/customer/individual/searchprofile,63,0,42
1779799609047,26,SearchIndividual,200,OK,SearchIndividual 2-1597,text,true,,1169,2602,3,413,https://api-scuda.uat.oci.krungsri.tech/ords/api/v1/customer/individual/searchprofile,26,0,12
1779799609060,30,SearchIndividual,200,OK,SearchIndividual 2-1598,text,true,,1133,2602,3,395,https://api-scuda.uat.oci.krungsri.tech/ords/api/v1/customer/individual/searchprofile,30,0,18
