timeStamp,elapsed,label,responseCode,responseMessage,threadName,dataType,success,failureMessage,bytes,sentBytes,grpThreads,allThreads,URL,Latency,IdleTime,Connect
1779799516818,89,Get Token,200,OK,CreateIndividual 3-1,text,true,,3684,522,1,8,https://api-scuda.uat.oci.krungsri.tech/oauth2/v1/token,89,0,27
1779799516818,71,Get Token,200,OK,GetIndividual 1-1,text,true,,3684,522,2,8,https://api-scuda.uat.oci.krungsri.tech/oauth2/v1/token,71,0,23
1779799516818,101,Get Token,200,OK,UpdateJoint 12-1,text,true,,3684,522,1,9,https://api-scuda.uat.oci.krungsri.tech/oauth2/v1/token,101,0,26
1779799516818,102,Get Token,200,OK,GetIndividual 1-2,text,true,,3684,522,2,9,https://api-scuda.uat.oci.krungsri.tech/oauth2/v1/token,102,0,34
1779799516865,56,Get Token,200,OK,SearchJuristic 6-1,text,true,,2894,426,1,9,https://api-scuda.uat.oci.krungsri.tech/oauth2/v1/token,56,0,9
1779799516854,103,Get Token,200,OK,GetJuristic 5-1,text,true,,3684,522,1,9,https://api-scuda.uat.oci.krungsri.tech/oauth2/v1/token,103,0,28
1779799516883,145,Get Token,200,OK,GetJoint 9-1,text,true,,3684,522,1,10,https://api-scuda.uat.oci.krungsri.tech/oauth2/v1/token,145,0,20
1779799516926,121,Get Token,200,OK,SearchIndividual 2-1,text,true,,2894,426,2,10,https://api-scuda.uat.oci.krungsri.tech/oauth2/v1/token,121,0,60
1779799516999,91,Get Token,200,OK,CreateJoint 11-1,text,true,,3684,522,1,11,https://api-scuda.uat.oci.krungsri.tech/oauth2/v1/token,91,0,31
1779799517056,85,SearchIndividual,200,OK,SearchIndividual 2-1,text,true,,1159,2602,4,13,https://api-scuda.uat.oci.krungsri.tech/ords/api/v1/customer/individual/searchprofile,84,0,0
1779799517125,37,SearchIndividual,200,OK,SearchIndividual 2-4,text,true,,1186,2601,5,15,https://api-scuda.uat.oci.krungsri.tech/ords/api/v1/customer/individual/searchprofile,37,0,20
1779799516996,176,SearchJuristic,200,OK,SearchJuristic 6-1,text,true,,988,2600,1,15,https://api-scuda.uat.oci.krungsri.tech/ords/api/v1/customer/juristic/searchprofile,176,0,0
1779799517000,238,Get Token,200,OK,SearchIndividual 2-2,text,true,,2894,426,3,12,https://api-scuda.uat.oci.krungsri.tech/oauth2/v1/token,238,0,35
1779799517152,115,SearchIndividual,200,OK,SearchIndividual 2-5,text,true,,1218,2601,3,12,https://api-scuda.uat.oci.krungsri.tech/ords/api/v1/customer/individual/searchprofile,114,0,51
1779799517110,160,SearchIndividual,200,OK,SearchIndividual 2-3,text,true,,1177,2602,2,11,https://api-scuda.uat.oci.krungsri.tech/ords/api/v1/customer/individual/searchprofile,158,0,51
1779799517239,37,SearchIndividual,200,OK,SearchIndividual 2-2,text,true,,1287,2602,1,10,https://api-scuda.uat.oci.krungsri.tech/ords/api/v1/customer/individual/searchprofile,34,0,0
1779799517172,160,Get Token,200,OK,UpdateIndividual 4-1,text,true,,3684,522,2,12,https://api-scuda.uat.oci.krungsri.tech/oauth2/v1/token,160,0,97
1779799517294,72,Get Token,200,OK,UpdateIndividual 4-2,text,true,,3684,522,2,12,https://api-scuda.uat.oci.krungsri.tech/oauth2/v1/token,71,0,26
1779799517324,60,Get Token,200,OK,UpdateJuristic 8-1,text,true,,3684,522,1,13,https://api-scuda.uat.oci.krungsri.tech/oauth2/v1/token,60,0,18
1779799517395,51,Get Token,200,OK,SearchJoint 10-1,text,true,,2894,426,1,13,https://api-scuda.uat.oci.krungsri.tech/oauth2/v1/token,51,0,22
1779799517457,12,SearchJoint,200,OK,SearchJoint 10-1,text,true,,621,2627,1,13,https://api-scuda.uat.oci.krungsri.tech/ords/api/v1/customer/joint/searchprofile,12,0,0
1779799517490,130,SearchIndividual,200,OK,SearchIndividual 2-6,text,true,,1115,2602,2,16,https://api-scuda.uat.oci.krungsri.tech/ords/api/v1/customer/individual/searchprofile,130,0,98
1779799517505,129,Get Token,200,OK,CreateJuristic 7-1,text,true,,3684,522,1,15,https://api-scuda.uat.oci.krungsri.tech/oauth2/v1/token,129,0,78
1779799517584,54,SearchIndividual,200,OK,SearchIndividual 2-7,text,true,,1173,2602,1,15,https://api-scuda.uat.oci.krungsri.tech/ords/api/v1/customer/individual/searchprofile,54,0,33
1779799517727,62,SearchIndividual,200,OK,SearchIndividual 2-8,text,true,,1185,2602,1,20,https://api-scuda.uat.oci.krungsri.tech/ords/api/v1/customer/individual/searchprofile,60,0,28
1779799517804,52,SearchIndividual,200,OK,SearchIndividual 2-9,text,true,,1214,2601,2,21,https://api-scuda.uat.oci.krungsri.tech/ords/api/v1/customer/individual/searchprofile,52,0,28
1779799517818,41,SearchIndividual,200,OK,SearchIndividual 2-10,text,true,,1131,2602,1,20,https://api-scuda.uat.oci.krungsri.tech/ords/api/v1/customer/individual/searchprofile,40,0,23
1779799518177,44,SearchIndividual,200,OK,SearchIndividual 2-11,text,true,,1173,2602,1,28,https://api-scuda.uat.oci.krungsri.tech/ords/api/v1/customer/individual/searchprofile,44,0,28
1779799518201,51,SearchJuristic,200,OK,SearchJuristic 6-2,text,true,,1000,2600,1,29,https://api-scuda.uat.oci.krungsri.tech/ords/api/v1/customer/juristic/searchprofile,51,0,37
1779799518338,33,SearchIndividual,200,OK,SearchIndividual 2-12,text,true,,1143,2602,1,30,https://api-scuda.uat.oci.krungsri.tech/ords/api/v1/customer/individual/searchprofile,32,0,15
1779799518422,35,SearchIndividual,200,OK,SearchIndividual 2-14,text,true,,1187,2602,4,34,https://api-scuda.uat.oci.krungsri.tech/ords/api/v1/customer/individual/searchprofile,34,0,19
1779799518416,58,SearchIndividual,200,OK,SearchIndividual 2-13,text,true,,1171,2602,3,33,https://api-scuda.uat.oci.krungsri.tech/ords/api/v1/customer/individual/searchprofile,58,0,21
1779799518441,35,SearchIndividual,200,OK,SearchIndividual 2-15,text,true,,1165,2602,2,33,https://api-scuda.uat.oci.krungsri.tech/ords/api/v1/customer/individual/searchprofile,35,0,16
1779799518449,50,SearchIndividual,200,OK,SearchIndividual 2-16,text,true,,1133,2602,1,32,https://api-scuda.uat.oci.krungsri.tech/ords/api/v1/customer/individual/searchprofile,50,0,29
1779799518508,57,SearchJoint,200,OK,SearchJoint 10-2,text,true,,621,2627,1,33,https://api-scuda.uat.oci.krungsri.tech/ords/api/v1/customer/joint/searchprofile,57,0,40
1779799518540,90,SearchIndividual,200,OK,SearchIndividual 2-17,text,true,,1211,2602,2,34,https://api-scuda.uat.oci.krungsri.tech/ords/api/v1/customer/individual/searchprofile,89,0,48
1779799518637,50,SearchIndividual,200,OK,SearchIndividual 2-19,text,true,,1243,2602,2,36,https://api-scuda.uat.oci.krungsri.tech/ords/api/v1/customer/individual/searchprofile,50,0,33
1779799518630,60,SearchIndividual,200,OK,SearchIndividual 2-18,text,true,,1182,2601,1,35,https://api-scuda.uat.oci.krungsri.tech/ords/api/v1/customer/individual/searchprofile,59,0,40
1779799518751,69,SearchIndividual,200,OK,SearchIndividual 2-20,text,true,,1133,2602,2,39,https://api-scuda.uat.oci.krungsri.tech/ords/api/v1/customer/individual/searchprofile,69,0,42
1779799518794,35,SearchIndividual,200,OK,SearchIndividual 2-21,text,true,,1211,2602,2,39,https://api-scuda.uat.oci.krungsri.tech/ords/api/v1/customer/individual/searchprofile,35,0,22
1779799518804,65,SearchJoint,200,OK,SearchJoint 10-3,text,true,,621,2627,1,39,https://api-scuda.uat.oci.krungsri.tech/ords/api/v1/customer/joint/searchprofile,64,0,37
1779799518833,67,SearchIndividual,200,OK,SearchIndividual 2-23,text,true,,1183,2602,3,40,https://api-scuda.uat.oci.krungsri.tech/ords/api/v1/customer/individual/searchprofile,66,0,41
1779799518828,79,SearchIndividual,200,OK,SearchIndividual 2-22,text,true,,1187,2602,2,39,https://api-scuda.uat.oci.krungsri.tech/ords/api/v1/customer/individual/searchprofile,79,0,52
1779799518898,36,SearchIndividual,200,OK,SearchIndividual 2-24,text,true,,1141,2600,1,38,https://api-scuda.uat.oci.krungsri.tech/ords/api/v1/customer/individual/searchprofile,36,0,20
1779799518976,27,SearchIndividual,200,OK,SearchIndividual 2-25,text,true,,1155,2602,1,39,https://api-scuda.uat.oci.krungsri.tech/ords/api/v1/customer/individual/searchprofile,27,0,14
1779799519056,42,SearchJuristic,200,OK,SearchJuristic 6-3,text,true,,1007,2600,1,42,https://api-scuda.uat.oci.krungsri.tech/ords/api/v1/customer/juristic/searchprofile,42,0,25
1779799519093,75,SearchIndividual,200,OK,SearchIndividual 2-26,text,true,,1149,2602,2,42,https://api-scuda.uat.oci.krungsri.tech/ords/api/v1/customer/individual/searchprofile,75,0,43
1779799519097,101,SearchIndividual,200,OK,SearchIndividual 2-27,text,true,,1173,2602,1,43,https://api-scuda.uat.oci.krungsri.tech/ords/api/v1/customer/individual/searchprofile,100,0,65
1779799519226,52,SearchIndividual,200,OK,SearchIndividual 2-28,text,true,,1190,2601,2,46,https://api-scuda.uat.oci.krungsri.tech/ords/api/v1/customer/individual/searchprofile,52,0,35
1779799519269,56,SearchIndividual,200,OK,SearchIndividual 2-29,text,true,,1147,2602,2,46,https://api-scuda.uat.oci.krungsri.tech/ords/api/v1/customer/individual/searchprofile,56,0,24
1779799519312,46,SearchIndividual,200,OK,SearchIndividual 2-30,text,true,,1229,2602,1,48,https://api-scuda.uat.oci.krungsri.tech/ords/api/v1/customer/individual/searchprofile,45,0,31
1779799519366,37,SearchIndividual,200,OK,SearchIndividual 2-31,text,true,,1175,2602,1,51,https://api-scuda.uat.oci.krungsri.tech/ords/api/v1/customer/individual/searchprofile,36,0,18
1779799519458,35,SearchIndividual,200,OK,SearchIndividual 2-32,text,true,,1125,2602,2,53,https://api-scuda.uat.oci.krungsri.tech/ords/api/v1/customer/individual/searchprofile,34,0,16
1779799519486,29,SearchIndividual,200,OK,SearchIndividual 2-33,text,true,,1219,2602,1,52,https://api-scuda.uat.oci.krungsri.tech/ords/api/v1/customer/individual/searchprofile,29,0,12
1779799519579,149,SearchIndividual,200,OK,SearchIndividual 2-34,text,true,,1171,2602,1,59,https://api-scuda.uat.oci.krungsri.tech/ords/api/v1/customer/individual/searchprofile,148,0,80
1779799519707,37,SearchJoint,200,OK,SearchJoint 10-4,text,true,,621,2627,1,58,https://api-scuda.uat.oci.krungsri.tech/ords/api/v1/customer/joint/searchprofile,36,0,21
1779799519843,86,SearchIndividual,200,OK,SearchIndividual 2-38,text,true,,1125,2602,5,70,https://api-scuda.uat.oci.krungsri.tech/ords/api/v1/customer/individual/searchprofile,85,0,54
1779799519748,188,SearchJuristic,200,OK,SearchJuristic 6-4,text,true,,979,2600,1,70,https://api-scuda.uat.oci.krungsri.tech/ords/api/v1/customer/juristic/searchprofile,188,0,95
1779799519778,161,SearchIndividual,200,OK,SearchIndividual 2-35,text,true,,1183,2602,4,69,https://api-scuda.uat.oci.krungsri.tech/ords/api/v1/customer/individual/searchprofile,161,0,114
1779799519836,112,SearchIndividual,200,OK,SearchIndividual 2-37,text,true,,1110,2601,3,69,https://api-scuda.uat.oci.krungsri.tech/ords/api/v1/customer/individual/searchprofile,112,0,59
1779799519803,151,SearchIndividual,200,OK,SearchIndividual 2-36,text,true,,1187,2602,2,69,https://api-scuda.uat.oci.krungsri.tech/ords/api/v1/customer/individual/searchprofile,151,0,78
1779799519918,40,SearchIndividual,200,OK,SearchIndividual 2-39,text,true,,1193,2602,1,68,https://api-scuda.uat.oci.krungsri.tech/ords/api/v1/customer/individual/searchprofile,40,0,26
1779799517037,2925,GetJoint,200,OK,GetJoint 9-1,text,true,,1431,3530,3,67,https://api-scuda.uat.oci.krungsri.tech/ic/api/v1/customer/joint/getprofile,2925,0,0
1779799520044,46,SearchIndividual,200,OK,SearchIndividual 2-40,text,true,,1203,2602,3,71,https://api-scuda.uat.oci.krungsri.tech/ords/api/v1/customer/individual/searchprofile,46,0,19
1779799520053,46,SearchIndividual,200,OK,SearchIndividual 2-41,text,true,,1159,2602,2,70,https://api-scuda.uat.oci.krungsri.tech/ords/api/v1/customer/individual/searchprofile,46,0,29
1779799520068,52,SearchIndividual,200,OK,SearchIndividual 2-42,text,true,,1201,2602,1,70,https://api-scuda.uat.oci.krungsri.tech/ords/api/v1/customer/individual/searchprofile,52,0,31
1779799520191,33,SearchIndividual,200,OK,SearchIndividual 2-43,text,true,,1163,2602,3,74,https://api-scuda.uat.oci.krungsri.tech/ords/api/v1/customer/individual/searchprofile,32,0,14
1779799520214,44,SearchIndividual,200,OK,SearchIndividual 2-44,text,true,,1201,2602,2,74,https://api-scuda.uat.oci.krungsri.tech/ords/api/v1/customer/individual/searchprofile,43,0,15
1779799520219,50,SearchIndividual,200,OK,SearchIndividual 2-45,text,true,,1139,2602,1,73,https://api-scuda.uat.oci.krungsri.tech/ords/api/v1/customer/individual/searchprofile,50,0,33
1779799517321,3042,GetIndividual,200,OK,GetIndividual 1-4,text,true,,3850,3588,30,80,https://api-scuda.uat.oci.krungsri.tech/ic/api/v1/customer/individual/getprofile,3042,0,23
1779799520339,26,SearchIndividual,200,OK,SearchIndividual 2-46,text,true,,1107,2602,4,79,https://api-scuda.uat.oci.krungsri.tech/ords/api/v1/customer/individual/searchprofile,25,0,15
1779799520358,34,SearchIndividual,200,OK,SearchIndividual 2-48,text,true,,1171,2602,3,78,https://api-scuda.uat.oci.krungsri.tech/ords/api/v1/customer/individual/searchprofile,34,0,21
1779799520356,38,SearchIndividual,200,OK,SearchIndividual 2-47,text,true,,1149,2602,3,78,https://api-scuda.uat.oci.krungsri.tech/ords/api/v1/customer/individual/searchprofile,38,0,27
1779799520358,78,SearchIndividual,200,OK,SearchIndividual 2-49,text,true,,1125,2602,2,79,https://api-scuda.uat.oci.krungsri.tech/ords/api/v1/customer/individual/searchprofile,78,0,56
1779799520450,30,SearchIndividual,200,OK,SearchIndividual 2-52,text,true,,1203,2602,3,81,https://api-scuda.uat.oci.krungsri.tech/ords/api/v1/customer/individual/searchprofile,30,0,18
1779799520412,118,SearchIndividual,200,OK,SearchIndividual 2-50,text,true,,1159,2600,2,80,https://api-scuda.uat.oci.krungsri.tech/ords/api/v1/customer/individual/searchprofile,118,0,69
1779799520438,96,SearchIndividual,200,OK,SearchIndividual 2-51,text,true,,1175,2602,2,80,https://api-scuda.uat.oci.krungsri.tech/ords/api/v1/customer/individual/searchprofile,96,0,64
1779799520533,50,SearchIndividual,200,OK,SearchIndividual 2-53,text,true,,1195,2602,3,83,https://api-scuda.uat.oci.krungsri.tech/ords/api/v1/customer/individual/searchprofile,49,0,28
1779799520576,38,SearchIndividual,200,OK,SearchIndividual 2-55,text,true,,1139,2602,4,85,https://api-scuda.uat.oci.krungsri.tech/ords/api/v1/customer/individual/searchprofile,38,0,20
1779799520559,78,SearchIndividual,200,OK,SearchIndividual 2-54,text,true,,1131,2602,4,86,https://api-scuda.uat.oci.krungsri.tech/ords/api/v1/customer/individual/searchprofile,77,0,36
1779799520595,66,SearchIndividual,200,OK,SearchIndividual 2-56,text,true,,1193,2602,3,85,https://api-scuda.uat.oci.krungsri.tech/ords/api/v1/customer/individual/searchprofile,65,0,38
1779799520631,93,SearchIndividual,200,OK,SearchIndividual 2-58,text,true,,1127,2602,3,89,https://api-scuda.uat.oci.krungsri.tech/ords/api/v1/customer/individual/searchprofile,93,0,59
1779799520720,24,SearchIndividual,200,OK,SearchIndividual 2-59,text,true,,1178,2601,2,89,https://api-scuda.uat.oci.krungsri.tech/ords/api/v1/customer/individual/searchprofile,23,0,10
1779799520667,78,SearchJoint,200,OK,SearchJoint 10-5,text,true,,621,2627,1,88,https://api-scuda.uat.oci.krungsri.tech/ords/api/v1/customer/joint/searchprofile,77,0,49
1779799520605,147,SearchIndividual,200,OK,SearchIndividual 2-57,text,true,,1137,2602,1,87,https://api-scuda.uat.oci.krungsri.tech/ords/api/v1/customer/individual/searchprofile,146,0,68
1779799520855,31,SearchIndividual,200,OK,SearchIndividual 2-63,text,true,,1205,2602,4,95,https://api-scuda.uat.oci.krungsri.tech/ords/api/v1/customer/individual/searchprofile,31,0,19
1779799520842,90,SearchIndividual,200,OK,SearchIndividual 2-61,text,true,,1157,2602,6,99,https://api-scuda.uat.oci.krungsri.tech/ords/api/v1/customer/individual/searchprofile,89,0,36
1779799520897,37,SearchIndividual,200,OK,SearchIndividual 2-65,text,true,,1191,2602,5,98,https://api-scuda.uat.oci.krungsri.tech/ords/api/v1/customer/individual/searchprofile,37,0,23
1779799520805,134,SearchIndividual,200,OK,SearchIndividual 2-60,text,true,,1169,2602,4,97,https://api-scuda.uat.oci.krungsri.tech/ords/api/v1/customer/individual/searchprofile,133,0,77
1779799520848,106,SearchIndividual,200,OK,SearchIndividual 2-62,text,true,,1171,2602,3,99,https://api-scuda.uat.oci.krungsri.tech/ords/api/v1/customer/individual/searchprofile,106,0,75
1779799520893,70,SearchIndividual,200,OK,SearchIndividual 2-64,text,true,,1239,2602,2,98,https://api-scuda.uat.oci.krungsri.tech/ords/api/v1/customer/individual/searchprofile,69,0,47
1779799520973,36,SearchIndividual,200,OK,SearchIndividual 2-67,text,true,,1247,2602,4,100,https://api-scuda.uat.oci.krungsri.tech/ords/api/v1/customer/individual/searchprofile,36,0,21
1779799520911,126,SearchIndividual,200,OK,SearchIndividual 2-66,text,true,,1098,2601,3,99,https://api-scuda.uat.oci.krungsri.tech/ords/api/v1/customer/individual/searchprofile,126,0,66
1779799520991,61,SearchIndividual,200,OK,SearchIndividual 2-69,text,true,,1171,2602,2,99,https://api-scuda.uat.oci.krungsri.tech/ords/api/v1/customer/individual/searchprofile,61,0,35
1779799520985,79,SearchIndividual,200,OK,SearchIndividual 2-68,text,true,,1147,2602,1,98,https://api-scuda.uat.oci.krungsri.tech/ords/api/v1/customer/individual/searchprofile,79,0,44
1779799521051,27,SearchJuristic,200,OK,SearchJuristic 6-5,text,true,,977,2600,1,99,https://api-scuda.uat.oci.krungsri.tech/ords/api/v1/customer/juristic/searchprofile,27,0,16
1779799521077,51,SearchIndividual,200,OK,SearchIndividual 2-70,text,true,,1171,2602,1,100,https://api-scuda.uat.oci.krungsri.tech/ords/api/v1/customer/individual/searchprofile,49,0,21
1779799517603,3562,GetIndividual,200,OK,GetIndividual 1-5,text,true,,3839,3588,42,100,https://api-scuda.uat.oci.krungsri.tech/ic/api/v1/customer/individual/getprofile,3562,0,22
1779799521156,28,SearchIndividual,200,OK,SearchIndividual 2-71,text,true,,1159,2602,2,102,https://api-scuda.uat.oci.krungsri.tech/ords/api/v1/customer/individual/searchprofile,28,0,16
1779799521169,38,SearchIndividual,200,OK,SearchIndividual 2-72,text,true,,1161,2602,1,101,https://api-scuda.uat.oci.krungsri.tech/ords/api/v1/customer/individual/searchprofile,38,0,24
1779799521257,51,SearchIndividual,200,OK,SearchIndividual 2-73,text,true,,1209,2602,2,104,https://api-scuda.uat.oci.krungsri.tech/ords/api/v1/customer/individual/searchprofile,51,0,21
1779799521285,38,SearchIndividual,200,OK,SearchIndividual 2-74,text,true,,1137,2602,1,103,https://api-scuda.uat.oci.krungsri.tech/ords/api/v1/customer/individual/searchprofile,37,0,14
1779799521326,37,SearchIndividual,200,OK,SearchIndividual 2-75,text,true,,1167,2602,1,104,https://api-scuda.uat.oci.krungsri.tech/ords/api/v1/customer/individual/searchprofile,37,0,20
1779799521552,50,SearchIndividual,200,OK,SearchIndividual 2-79,text,true,,1199,2602,6,116,https://api-scuda.uat.oci.krungsri.tech/ords/api/v1/customer/individual/searchprofile,49,0,32
1779799521593,39,SearchJoint,200,OK,SearchJoint 10-6,text,true,,621,2627,1,118,https://api-scuda.uat.oci.krungsri.tech/ords/api/v1/customer/joint/searchprofile,38,0,26
1779799521520,113,SearchIndividual,200,OK,SearchIndividual 2-77,text,true,,1153,2602,7,117,https://api-scuda.uat.oci.krungsri.tech/ords/api/v1/customer/individual/searchprofile,112,0,62
1779799521465,172,SearchIndividual,200,OK,SearchIndividual 2-76,text,true,,1123,2602,6,116,https://api-scuda.uat.oci.krungsri.tech/ords/api/v1/customer/individual/searchprofile,172,0,100
1779799521533,120,SearchIndividual,200,OK,SearchIndividual 2-78,text,true,,1109,2602,5,116,https://api-scuda.uat.oci.krungsri.tech/ords/api/v1/customer/individual/searchprofile,119,0,51
1779799521623,34,SearchIndividual,200,OK,SearchIndividual 2-83,text,true,,1173,2602,4,115,https://api-scuda.uat.oci.krungsri.tech/ords/api/v1/customer/individual/searchprofile,34,0,21
1779799521602,66,SearchIndividual,200,OK,SearchIndividual 2-81,text,true,,1165,2602,3,116,https://api-scuda.uat.oci.krungsri.tech/ords/api/v1/customer/individual/searchprofile,65,0,43
1779799521613,102,SearchIndividual,200,OK,SearchIndividual 2-82,text,true,,1155,2602,3,116,https://api-scuda.uat.oci.krungsri.tech/ords/api/v1/customer/individual/searchprofile,101,0,49
1779799521560,182,SearchIndividual,200,OK,SearchIndividual 2-80,text,true,,1207,2602,2,115,https://api-scuda.uat.oci.krungsri.tech/ords/api/v1/customer/individual/searchprofile,181,0,118
1779799521632,120,SearchJuristic,200,OK,SearchJuristic 6-6,text,true,,1006,2600,1,114,https://api-scuda.uat.oci.krungsri.tech/ords/api/v1/customer/juristic/searchprofile,120,0,69
1779799521677,82,SearchIndividual,200,OK,SearchIndividual 2-84,text,true,,1221,2602,1,113,https://api-scuda.uat.oci.krungsri.tech/ords/api/v1/customer/individual/searchprofile,81,0,60
1779799521817,35,SearchIndividual,200,OK,SearchIndividual 2-85,text,true,,1177,2602,1,120,https://api-scuda.uat.oci.krungsri.tech/ords/api/v1/customer/individual/searchprofile,35,0,21
1779799521888,40,SearchIndividual,200,OK,SearchIndividual 2-87,text,true,,1181,2602,6,127,https://api-scuda.uat.oci.krungsri.tech/ords/api/v1/customer/individual/searchprofile,40,0,20
1779799521887,42,SearchIndividual,200,OK,SearchIndividual 2-86,text,true,,1153,2602,5,126,https://api-scuda.uat.oci.krungsri.tech/ords/api/v1/customer/individual/searchprofile,42,0,24
1779799521890,50,SearchIndividual,200,OK,SearchIndividual 2-88,text,true,,1143,2602,4,125,https://api-scuda.uat.oci.krungsri.tech/ords/api/v1/customer/individual/searchprofile,49,0,29
1779799521891,58,SearchIndividual,200,OK,SearchIndividual 2-89,text,true,,1199,2602,5,127,https://api-scuda.uat.oci.krungsri.tech/ords/api/v1/customer/individual/searchprofile,55,0,33
1779799521916,39,SearchIndividual,200,OK,SearchIndividual 2-90,text,true,,1247,2602,4,126,https://api-scuda.uat.oci.krungsri.tech/ords/api/v1/customer/individual/searchprofile,39,0,23
1779799521916,42,SearchIndividual,200,OK,SearchIndividual 2-91,text,true,,1193,2602,3,126,https://api-scuda.uat.oci.krungsri.tech/ords/api/v1/customer/individual/searchprofile,42,0,22
1779799521949,28,SearchIndividual,200,OK,SearchIndividual 2-93,text,true,,1177,2602,3,127,https://api-scuda.uat.oci.krungsri.tech/ords/api/v1/customer/individual/searchprofile,27,0,14
1779799521947,44,SearchIndividual,200,OK,SearchIndividual 2-92,text,true,,1173,2602,2,126,https://api-scuda.uat.oci.krungsri.tech/ords/api/v1/customer/individual/searchprofile,44,0,26
1779799521968,46,SearchIndividual,200,OK,SearchIndividual 2-94,text,true,,1155,2602,1,127,https://api-scuda.uat.oci.krungsri.tech/ords/api/v1/customer/individual/searchprofile,45,0,25
1779799522024,69,SearchIndividual,200,OK,SearchIndividual 2-95,text,true,,1195,2602,3,134,https://api-scuda.uat.oci.krungsri.tech/ords/api/v1/customer/individual/searchprofile,69,0,44
1779799522065,55,SearchIndividual,200,OK,SearchIndividual 2-96,text,true,,1221,2602,2,133,https://api-scuda.uat.oci.krungsri.tech/ords/api/v1/customer/individual/searchprofile,54,0,24
1779799522073,88,SearchIndividual,200,OK,SearchIndividual 2-97,text,true,,1187,2602,2,136,https://api-scuda.uat.oci.krungsri.tech/ords/api/v1/customer/individual/searchprofile,88,0,59
1779799522145,30,SearchIndividual,200,OK,SearchIndividual 2-98,text,true,,1163,2602,1,135,https://api-scuda.uat.oci.krungsri.tech/ords/api/v1/customer/individual/searchprofile,30,0,17
1779799522183,54,SearchIndividual,200,OK,SearchIndividual 2-99,text,true,,1159,2602,1,140,https://api-scuda.uat.oci.krungsri.tech/ords/api/v1/customer/individual/searchprofile,50,0,12
1779799522302,27,SearchIndividual,200,OK,SearchIndividual 2-102,text,true,,1161,2602,4,145,https://api-scuda.uat.oci.krungsri.tech/ords/api/v1/customer/individual/searchprofile,26,0,11
1779799522267,69,SearchIndividual,200,OK,SearchIndividual 2-100,text,true,,1219,2602,3,144,https://api-scuda.uat.oci.krungsri.tech/ords/api/v1/customer/individual/searchprofile,68,0,27
1779799522275,67,SearchIndividual,200,OK,SearchIndividual 2-101,text,true,,1153,2602,2,143,https://api-scuda.uat.oci.krungsri.tech/ords/api/v1/customer/individual/searchprofile,66,0,21
1779799522327,35,SearchIndividual,200,OK,SearchIndividual 2-103,text,true,,1129,2602,3,144,https://api-scuda.uat.oci.krungsri.tech/ords/api/v1/customer/individual/searchprofile,35,0,22
1779799517075,5293,GetIndividual,200,OK,GetIndividual 1-3,text,true,,3849,3588,60,143,https://api-scuda.uat.oci.krungsri.tech/ic/api/v1/customer/individual/getprofile,5293,0,54
1779799522345,45,SearchIndividual,200,OK,SearchIndividual 2-104,text,true,,1193,2602,2,142,https://api-scuda.uat.oci.krungsri.tech/ords/api/v1/customer/individual/searchprofile,44,0,14
1779799517344,5046,UpdateIndividual,200,OK,UpdateIndividual 4-1,text,true,,800,4227,41,143,https://api-scuda.uat.oci.krungsri.tech/ic/api/v1/customer/individual/updateprofile,5046,0,0
1779799517739,4662,GetIndividual,200,OK,GetIndividual 1-6,text,true,,3881,3586,59,143,https://api-scuda.uat.oci.krungsri.tech/ic/api/v1/customer/individual/getprofile,4662,0,37
1779799522357,69,SearchIndividual,200,OK,SearchIndividual 2-105,text,true,,1201,2602,2,141,https://api-scuda.uat.oci.krungsri.tech/ords/api/v1/customer/individual/searchprofile,69,0,35
1779799522391,38,SearchIndividual,200,OK,SearchIndividual 2-106,text,true,,1147,2602,1,140,https://api-scuda.uat.oci.krungsri.tech/ords/api/v1/customer/individual/searchprofile,38,0,23
1779799522466,46,SearchIndividual,200,OK,SearchIndividual 2-107,text,true,,1205,2602,2,144,https://api-scuda.uat.oci.krungsri.tech/ords/api/v1/customer/individual/searchprofile,46,0,23
1779799522473,71,SearchIndividual,200,OK,SearchIndividual 2-108,text,true,,1187,2602,1,144,https://api-scuda.uat.oci.krungsri.tech/ords/api/v1/customer/individual/searchprofile,71,0,58
1779799519343,3220,GetIndividual,200,OK,GetIndividual 1-16,text,true,,3874,3588,61,144,https://api-scuda.uat.oci.krungsri.tech/ic/api/v1/customer/individual/getprofile,3220,0,23
1779799522564,39,SearchIndividual,200,OK,SearchIndividual 2-109,text,true,,1143,2602,1,143,https://api-scuda.uat.oci.krungsri.tech/ords/api/v1/customer/individual/searchprofile,38,0,23
1779799522639,39,SearchIndividual,200,OK,SearchIndividual 2-110,text,true,,1153,2602,2,146,https://api-scuda.uat.oci.krungsri.tech/ords/api/v1/customer/individual/searchprofile,39,0,26
1779799522646,53,SearchIndividual,200,OK,SearchIndividual 2-111,text,true,,1177,2602,1,146,https://api-scuda.uat.oci.krungsri.tech/ords/api/v1/customer/individual/searchprofile,52,0,32
1779799522658,56,SearchJuristic,200,OK,SearchJuristic 6-7,text,true,,993,2600,1,150,https://api-scuda.uat.oci.krungsri.tech/ords/api/v1/customer/juristic/searchprofile,56,0,22
1779799522711,38,SearchIndividual,200,OK,SearchIndividual 2-113,text,true,,1127,2602,3,152,https://api-scuda.uat.oci.krungsri.tech/ords/api/v1/customer/individual/searchprofile,37,0,17
1779799517736,5049,GetJoint,200,OK,GetJoint 9-2,text,true,,1431,3530,5,152,https://api-scuda.uat.oci.krungsri.tech/ic/api/v1/customer/joint/getprofile,5049,0,33
1779799522700,91,SearchIndividual,200,OK,SearchIndividual 2-112,text,true,,1177,2602,3,152,https://api-scuda.uat.oci.krungsri.tech/ords/api/v1/customer/individual/searchprofile,90,0,58
1779799522734,63,SearchIndividual,200,OK,SearchIndividual 2-114,text,true,,1119,2602,2,151,https://api-scuda.uat.oci.krungsri.tech/ords/api/v1/customer/individual/searchprofile,63,0,32
1779799522789,30,SearchIndividual,200,OK,SearchIndividual 2-115,text,true,,621,2602,1,150,https://api-scuda.uat.oci.krungsri.tech/ords/api/v1/customer/individual/searchprofile,29,0,15
1779799522854,36,SearchIndividual,200,OK,SearchIndividual 2-116,text,true,,1194,2601,2,154,https://api-scuda.uat.oci.krungsri.tech/ords/api/v1/customer/individual/searchprofile,35,0,22
1779799522863,36,SearchIndividual,200,OK,SearchIndividual 2-117,text,true,,1164,2601,2,154,https://api-scuda.uat.oci.krungsri.tech/ords/api/v1/customer/individual/searchprofile,36,0,22
1779799522908,30,SearchIndividual,200,OK,SearchIndividual 2-119,text,true,,1193,2602,2,158,https://api-scuda.uat.oci.krungsri.tech/ords/api/v1/customer/individual/searchprofile,29,0,16
1779799522908,39,SearchIndividual,200,OK,SearchIndividual 2-118,text,true,,1162,2601,1,157,https://api-scuda.uat.oci.krungsri.tech/ords/api/v1/customer/individual/searchprofile,39,0,22
1779799522978,46,SearchIndividual,200,OK,SearchIndividual 2-121,text,true,,1211,2602,4,162,https://api-scuda.uat.oci.krungsri.tech/ords/api/v1/customer/individual/searchprofile,45,0,33
1779799522989,45,SearchIndividual,200,OK,SearchIndividual 2-122,text,true,,1143,2602,3,162,https://api-scuda.uat.oci.krungsri.tech/ords/api/v1/customer/individual/searchprofile,44,0,30
1779799522952,87,SearchIndividual,200,OK,SearchIndividual 2-120,text,true,,1196,2601,2,161,https://api-scuda.uat.oci.krungsri.tech/ords/api/v1/customer/individual/searchprofile,87,0,65
1779799523003,80,SearchIndividual,200,OK,SearchIndividual 2-123,text,true,,1203,2602,1,162,https://api-scuda.uat.oci.krungsri.tech/ords/api/v1/customer/individual/searchprofile,71,0,53
1779799523128,42,SearchIndividual,200,OK,SearchIndividual 2-124,text,true,,1153,2602,5,169,https://api-scuda.uat.oci.krungsri.tech/ords/api/v1/customer/individual/searchprofile,41,0,22
1779799523187,29,SearchIndividual,200,OK,SearchIndividual 2-129,text,true,,1107,2602,6,173,https://api-scuda.uat.oci.krungsri.tech/ords/api/v1/customer/individual/searchprofile,29,0,14
1779799523145,79,SearchIndividual,200,OK,SearchIndividual 2-126,text,true,,1213,2602,5,172,https://api-scuda.uat.oci.krungsri.tech/ords/api/v1/customer/individual/searchprofile,76,0,62
1779799523141,92,SearchIndividual,200,OK,SearchIndividual 2-125,text,true,,1167,2602,4,171,https://api-scuda.uat.oci.krungsri.tech/ords/api/v1/customer/individual/searchprofile,91,0,66
1779799523155,93,SearchIndividual,200,OK,SearchIndividual 2-127,text,true,,1157,2602,3,171,https://api-scuda.uat.oci.krungsri.tech/ords/api/v1/customer/individual/searchprofile,92,0,77
1779799523209,41,SearchIndividual,200,OK,SearchIndividual 2-130,text,true,,1157,2602,2,170,https://api-scuda.uat.oci.krungsri.tech/ords/api/v1/customer/individual/searchprofile,41,0,25
1779799523156,96,SearchIndividual,200,OK,SearchIndividual 2-128,text,true,,1161,2602,1,169,https://api-scuda.uat.oci.krungsri.tech/ords/api/v1/customer/individual/searchprofile,95,0,63
1779799523284,35,SearchIndividual,200,OK,SearchIndividual 2-131,text,true,,1163,2602,1,178,https://api-scuda.uat.oci.krungsri.tech/ords/api/v1/customer/individual/searchprofile,34,0,20
1779799516996,6350,GetIndividual,200,OK,GetIndividual 1-2,text,true,,3844,3588,78,181,https://api-scuda.uat.oci.krungsri.tech/ic/api/v1/customer/individual/getprofile,6350,0,0
1779799523323,61,SearchJoint,200,OK,SearchJoint 10-7,text,true,,621,2627,1,184,https://api-scuda.uat.oci.krungsri.tech/ords/api/v1/customer/joint/searchprofile,61,0,37
1779799523366,44,SearchIndividual,200,OK,SearchIndividual 2-134,text,true,,1141,2602,6,186,https://api-scuda.uat.oci.krungsri.tech/ords/api/v1/customer/individual/searchprofile,43,0,22
1779799523375,37,SearchIndividual,200,OK,SearchIndividual 2-135,text,true,,1199,2602,5,185,https://api-scuda.uat.oci.krungsri.tech/ords/api/v1/customer/individual/searchprofile,36,0,16
1779799523321,112,SearchIndividual,200,OK,SearchIndividual 2-132,text,true,,1169,2602,5,186,https://api-scuda.uat.oci.krungsri.tech/ords/api/v1/customer/individual/searchprofile,112,0,70
1779799523409,48,SearchIndividual,200,OK,SearchIndividual 2-137,text,true,,1217,2602,5,186,https://api-scuda.uat.oci.krungsri.tech/ords/api/v1/customer/individual/searchprofile,48,0,24
1779799523336,124,SearchIndividual,200,OK,SearchIndividual 2-133,text,true,,1175,2602,4,185,https://api-scuda.uat.oci.krungsri.tech/ords/api/v1/customer/individual/searchprofile,123,0,83
1779799523417,45,SearchIndividual,200,OK,SearchIndividual 2-138,text,true,,1216,2601,3,184,https://api-scuda.uat.oci.krungsri.tech/ords/api/v1/customer/individual/searchprofile,45,0,29
1779799523396,71,SearchIndividual,200,OK,SearchIndividual 2-136,text,true,,1151,2602,3,184,https://api-scuda.uat.oci.krungsri.tech/ords/api/v1/customer/individual/searchprofile,71,0,38
1779799519328,4154,GetIndividual,200,OK,GetIndividual 1-15,text,true,,3843,3588,79,183,https://api-scuda.uat.oci.krungsri.tech/ic/api/v1/customer/individual/getprofile,4154,0,24
1779799523452,31,SearchIndividual,200,OK,SearchIndividual 2-139,text,true,,1201,2602,2,182,https://api-scuda.uat.oci.krungsri.tech/ords/api/v1/customer/individual/searchprofile,31,0,19
1779799523467,56,SearchIndividual,200,OK,SearchIndividual 2-140,text,true,,1141,2602,2,183,https://api-scuda.uat.oci.krungsri.tech/ords/api/v1/customer/individual/searchprofile,56,0,31
1779799523562,42,SearchIndividual,200,OK,SearchIndividual 2-143,text,true,,1197,2602,4,185,https://api-scuda.uat.oci.krungsri.tech/ords/api/v1/customer/individual/searchprofile,42,0,24
1779799523521,105,SearchIndividual,200,OK,SearchIndividual 2-141,text,true,,1207,2602,4,186,https://api-scuda.uat.oci.krungsri.tech/ords/api/v1/customer/individual/searchprofile,105,0,65
1779799523532,133,SearchIndividual,200,OK,SearchIndividual 2-142,text,true,,1155,2602,3,185,https://api-scuda.uat.oci.krungsri.tech/ords/api/v1/customer/individual/searchprofile,133,0,66
1779799519602,4065,GetIndividual,200,OK,GetIndividual 1-21,text,true,,3809,3588,79,184,https://api-scuda.uat.oci.krungsri.tech/ic/api/v1/customer/individual/getprofile,4065,0,50
1779799523601,100,SearchIndividual,200,OK,SearchIndividual 2-144,text,true,,1183,2600,2,184,https://api-scuda.uat.oci.krungsri.tech/ords/api/v1/customer/individual/searchprofile,99,0,68
1779799523613,94,SearchIndividual,200,OK,SearchIndividual 2-145,text,true,,1143,2602,1,183,https://api-scuda.uat.oci.krungsri.tech/ords/api/v1/customer/individual/searchprofile,90,0,55
1779799519385,4380,GetIndividual,200,OK,GetIndividual 1-17,text,true,,3840,3588,81,186,https://api-scuda.uat.oci.krungsri.tech/ic/api/v1/customer/individual/getprofile,4380,0,38
1779799523723,66,SearchIndividual,200,OK,SearchIndividual 2-146,text,true,,1111,2602,3,189,https://api-scuda.uat.oci.krungsri.tech/ords/api/v1/customer/individual/searchprofile,66,0,36
1779799519212,4587,GetIndividual,200,OK,GetIndividual 1-14,text,true,,3861,3588,82,188,https://api-scuda.uat.oci.krungsri.tech/ic/api/v1/customer/individual/getprofile,4587,0,28
1779799517371,6430,UpdateIndividual,200,OK,UpdateIndividual 4-2,text,true,,800,4227,57,187,https://api-scuda.uat.oci.krungsri.tech/ic/api/v1/customer/individual/updateprofile,6430,0,0
1779799523751,59,SearchIndividual,200,OK,SearchIndividual 2-147,text,true,,1183,2602,2,188,https://api-scuda.uat.oci.krungsri.tech/ords/api/v1/customer/individual/searchprofile,58,0,27
1779799523779,34,SearchIndividual,200,OK,SearchIndividual 2-148,text,true,,1147,2602,1,187,https://api-scuda.uat.oci.krungsri.tech/ords/api/v1/customer/individual/searchprofile,33,0,20
1779799519898,3991,GetIndividual,200,OK,GetIndividual 1-27,text,true,,3837,3588,83,192,https://api-scuda.uat.oci.krungsri.tech/ic/api/v1/customer/individual/getprofile,3991,0,34
1779799523864,46,SearchIndividual,200,OK,SearchIndividual 2-150,text,true,,1145,2602,3,193,https://api-scuda.uat.oci.krungsri.tech/ords/api/v1/customer/individual/searchprofile,46,0,16
1779799523848,99,SearchIndividual,200,OK,SearchIndividual 2-149,text,true,,1183,2602,5,197,https://api-scuda.uat.oci.krungsri.tech/ords/api/v1/customer/individual/searchprofile,99,0,32
1779799523934,33,SearchIndividual,200,OK,SearchIndividual 2-153,text,true,,1153,2602,4,196,https://api-scuda.uat.oci.krungsri.tech/ords/api/v1/customer/individual/searchprofile,33,0,20
1779799520777,3191,GetIndividual,200,OK,GetIndividual 1-38,text,true,,3811,3588,83,196,https://api-scuda.uat.oci.krungsri.tech/ic/api/v1/customer/individual/getprofile,3191,0,68
1779799523881,103,SearchIndividual,200,OK,SearchIndividual 2-151,text,true,,1165,2602,7,199,https://api-scuda.uat.oci.krungsri.tech/ords/api/v1/customer/individual/searchprofile,102,0,28
1779799518129,5862,UpdateJuristic,200,OK,UpdateJuristic 8-2,text,true,,800,5775,7,198,https://api-scuda.uat.oci.krungsri.tech/ic/api/v1/customer/juristic/updateprofile,5862,0,39
1779799523942,50,SearchIndividual,200,OK,SearchIndividual 2-154,text,true,,1155,2602,6,197,https://api-scuda.uat.oci.krungsri.tech/ords/api/v1/customer/individual/searchprofile,50,0,34
1779799523931,89,SearchJoint,200,OK,SearchJoint 10-8,text,true,,621,2627,1,203,https://api-scuda.uat.oci.krungsri.tech/ords/api/v1/customer/joint/searchprofile,89,0,48
1779799523974,47,SearchIndividual,200,OK,SearchIndividual 2-156,text,true,,1155,2602,7,202,https://api-scuda.uat.oci.krungsri.tech/ords/api/v1/customer/individual/searchprofile,47,0,26
1779799523917,147,SearchIndividual,200,OK,SearchIndividual 2-152,text,true,,1191,2602,7,204,https://api-scuda.uat.oci.krungsri.tech/ords/api/v1/customer/individual/searchprofile,147,0,71
1779799520715,3351,GetIndividual,200,OK,GetIndividual 1-35,text,true,,3849,3588,85,203,https://api-scuda.uat.oci.krungsri.tech/ic/api/v1/customer/individual/getprofile,3351,0,111
1779799524068,36,SearchIndividual,200,OK,SearchIndividual 2-162,text,true,,1163,2602,9,209,https://api-scuda.uat.oci.krungsri.tech/ords/api/v1/customer/individual/searchprofile,35,0,21
1779799524077,37,SearchIndividual,200,OK,SearchIndividual 2-163,text,true,,1109,2602,8,209,https://api-scuda.uat.oci.krungsri.tech/ords/api/v1/customer/individual/searchprofile,37,0,24
1779799523970,147,SearchIndividual,200,OK,SearchIndividual 2-155,text,true,,1193,2602,7,209,https://api-scuda.uat.oci.krungsri.tech/ords/api/v1/customer/individual/searchprofile,146,0,96
1779799524101,43,SearchIndividual,200,OK,SearchIndividual 2-164,text,true,,1151,2602,9,213,https://api-scuda.uat.oci.krungsri.tech/ords/api/v1/customer/individual/searchprofile,42,0,22
1779799523974,175,SearchIndividual,200,OK,SearchIndividual 2-157,text,true,,1225,2602,8,212,https://api-scuda.uat.oci.krungsri.tech/ords/api/v1/customer/individual/searchprofile,175,0,127
1779799523984,167,SearchIndividual,200,OK,SearchIndividual 2-158,text,true,,1191,2602,7,211,https://api-scuda.uat.oci.krungsri.tech/ords/api/v1/customer/individual/searchprofile,166,0,92
1779799524018,154,SearchIndividual,200,OK,SearchIndividual 2-160,text,true,,1191,2602,7,213,https://api-scuda.uat.oci.krungsri.tech/ords/api/v1/customer/individual/searchprofile,153,0,108
1779799521181,2991,GetJuristic,200,OK,GetJuristic 5-5,text,true,,3485,3533,8,212,https://api-scuda.uat.oci.krungsri.tech/ic/api/v1/customer/juristic/getprofile,2991,0,29
1779799524003,175,SearchIndividual,200,OK,SearchIndividual 2-159,text,true,,1153,2602,7,213,https://api-scuda.uat.oci.krungsri.tech/ords/api/v1/customer/individual/searchprofile,174,0,119
1779799518876,5305,UpdateJoint,200,OK,UpdateJoint 12-3,text,true,,800,3614,8,212,https://api-scuda.uat.oci.krungsri.tech/ic/api/v1/customer/joint/updateprofile,5305,0,23
1779799524126,62,SearchIndividual,200,OK,SearchIndividual 2-165,text,true,,1174,2601,6,211,https://api-scuda.uat.oci.krungsri.tech/ords/api/v1/customer/individual/searchprofile,61,0,35
1779799519996,4196,UpdateIndividual,200,OK,UpdateIndividual 4-18,text,true,,800,4228,66,210,https://api-scuda.uat.oci.krungsri.tech/ic/api/v1/customer/individual/updateprofile,4196,0,21
1779799524049,188,SearchIndividual,200,OK,SearchIndividual 2-161,text,true,,1246,2601,6,210,https://api-scuda.uat.oci.krungsri.tech/ords/api/v1/customer/individual/searchprofile,186,0,113
1779799524130,111,SearchIndividual,200,OK,SearchIndividual 2-166,text,true,,1173,2602,6,213,https://api-scuda.uat.oci.krungsri.tech/ords/api/v1/customer/individual/searchprofile,111,0,53
1779799524090,165,SearchJuristic,200,OK,SearchJuristic 6-8,text,true,,1007,2599,1,213,https://api-scuda.uat.oci.krungsri.tech/ords/api/v1/customer/juristic/searchprofile,164,0,108
1779799517986,6283,UpdateIndividual,200,OK,UpdateIndividual 4-4,text,true,,800,5561,66,212,https://api-scuda.uat.oci.krungsri.tech/ic/api/v1/customer/individual/updateprofile,6283,0,18
1779799521176,3093,GetJoint,200,OK,GetJoint 9-5,text,true,,1429,3530,5,212,https://api-scuda.uat.oci.krungsri.tech/ic/api/v1/customer/joint/getprofile,3093,0,19
1779799519794,4476,UpdateIndividual,200,OK,UpdateIndividual 4-15,text,true,,800,5642,65,210,https://api-scuda.uat.oci.krungsri.tech/ic/api/v1/customer/individual/updateprofile,4476,0,76
1779799524159,112,SearchIndividual,200,OK,SearchIndividual 2-168,text,true,,1201,2602,5,209,https://api-scuda.uat.oci.krungsri.tech/ords/api/v1/customer/individual/searchprofile,112,0,78
1779799524130,142,SearchIndividual,200,OK,SearchIndividual 2-167,text,true,,1173,2602,4,208,https://api-scuda.uat.oci.krungsri.tech/ords/api/v1/customer/individual/searchprofile,141,0,104
1779799520729,3557,GetIndividual,200,OK,GetIndividual 1-36,text,true,,3850,3588,92,210,https://api-scuda.uat.oci.krungsri.tech/ic/api/v1/customer/individual/getprofile,3557,0,107
1779799524230,65,SearchIndividual,200,OK,SearchIndividual 2-170,text,true,,1165,2602,4,209,https://api-scuda.uat.oci.krungsri.tech/ords/api/v1/customer/individual/searchprofile,65,0,43
1779799524174,125,SearchIndividual,200,OK,SearchIndividual 2-169,text,true,,1247,2602,4,209,https://api-scuda.uat.oci.krungsri.tech/ords/api/v1/customer/individual/searchprofile,125,0,87
1779799524238,62,SearchIndividual,200,OK,SearchIndividual 2-171,text,true,,1199,2602,3,208,https://api-scuda.uat.oci.krungsri.tech/ords/api/v1/customer/individual/searchprofile,62,0,42
1779799524300,42,SearchIndividual,200,OK,SearchIndividual 2-173,text,true,,1157,2602,2,208,https://api-scuda.uat.oci.krungsri.tech/ords/api/v1/customer/individual/searchprofile,39,0,20
1779799524279,78,SearchIndividual,200,OK,SearchIndividual 2-172,text,true,,1185,2602,3,210,https://api-scuda.uat.oci.krungsri.tech/ords/api/v1/customer/individual/searchprofile,77,0,55
1779799520235,4126,UpdateJuristic,200,OK,UpdateJuristic 8-4,text,true,,800,4425,7,211,https://api-scuda.uat.oci.krungsri.tech/ic/api/v1/customer/juristic/updateprofile,4126,0,42
1779799517718,6671,GetJuristic,200,OK,GetJuristic 5-2,text,true,,3547,3533,7,211,https://api-scuda.uat.oci.krungsri.tech/ic/api/v1/customer/juristic/getprofile,6671,0,29
1779799518251,6139,GetIndividual,200,OK,GetIndividual 1-9,text,true,,3840,3588,94,211,https://api-scuda.uat.oci.krungsri.tech/ic/api/v1/customer/individual/getprofile,6139,0,34
1779799524345,46,SearchIndividual,200,OK,SearchIndividual 2-174,text,true,,1203,2602,4,211,https://api-scuda.uat.oci.krungsri.tech/ords/api/v1/customer/individual/searchprofile,46,0,32
1779799519898,4500,GetIndividual,200,OK,GetIndividual 1-26,text,true,,3892,3588,94,211,https://api-scuda.uat.oci.krungsri.tech/ic/api/v1/customer/individual/getprofile,4500,0,26
1779799521462,2948,UpdateIndividual,200,OK,UpdateIndividual 4-30,text,true,,800,5630,67,212,https://api-scuda.uat.oci.krungsri.tech/ic/api/v1/customer/individual/updateprofile,2948,0,92
1779799524382,73,SearchIndividual,200,OK,SearchIndividual 2-177,text,true,,1281,2602,6,212,https://api-scuda.uat.oci.krungsri.tech/ords/api/v1/customer/individual/searchprofile,73,0,51
1779799524400,57,SearchIndividual,200,OK,SearchIndividual 2-178,text,true,,1197,2602,5,211,https://api-scuda.uat.oci.krungsri.tech/ords/api/v1/customer/individual/searchprofile,57,0,36
1779799519152,5314,UpdateIndividual,200,OK,UpdateIndividual 4-9,text,true,,800,5629,66,210,https://api-scuda.uat.oci.krungsri.tech/ic/api/v1/customer/individual/updateprofile,5314,0,27
1779799519956,4513,UpdateIndividual,200,OK,UpdateIndividual 4-17,text,true,,799,4226,65,209,https://api-scuda.uat.oci.krungsri.tech/ic/api/v1/customer/individual/updateprofile,4513,0,20
1779799524451,35,SearchIndividual,200,OK,SearchIndividual 2-180,text,true,,1179,2602,5,211,https://api-scuda.uat.oci.krungsri.tech/ords/api/v1/customer/individual/searchprofile,35,0,23
1779799519529,4960,UpdateIndividual,200,OK,UpdateIndividual 4-12,text,true,,800,5594,64,210,https://api-scuda.uat.oci.krungsri.tech/ic/api/v1/customer/individual/updateprofile,4960,0,39
1779799520576,3913,UpdateIndividual,200,OK,UpdateIndividual 4-21,text,true,,800,4227,64,210,https://api-scuda.uat.oci.krungsri.tech/ic/api/v1/customer/individual/updateprofile,3913,0,21
1779799524347,157,SearchIndividual,200,OK,SearchIndividual 2-175,text,true,,1173,2602,4,208,https://api-scuda.uat.oci.krungsri.tech/ords/api/v1/customer/individual/searchprofile,156,0,81
1779799524361,144,SearchIndividual,200,OK,SearchIndividual 2-176,text,true,,1139,2602,3,207,https://api-scuda.uat.oci.krungsri.tech/ords/api/v1/customer/individual/searchprofile,144,0,66
1779799524408,136,SearchIndividual,200,OK,SearchIndividual 2-179,text,true,,1157,2602,2,206,https://api-scuda.uat.oci.krungsri.tech/ords/api/v1/customer/individual/searchprofile,119,0,36
1779799519772,4776,UpdateIndividual,200,OK,UpdateIndividual 4-14,text,true,,799,5560,62,205,https://api-scuda.uat.oci.krungsri.tech/ic/api/v1/customer/individual/updateprofile,4776,0,79
1779799520929,3631,UpdateJuristic,200,OK,UpdateJuristic 8-5,text,true,,800,5791,6,204,https://api-scuda.uat.oci.krungsri.tech/ic/api/v1/customer/juristic/updateprofile,3631,0,54
1779799524481,82,SearchIndividual,200,OK,SearchIndividual 2-181,text,true,,1133,2602,1,203,https://api-scuda.uat.oci.krungsri.tech/ords/api/v1/customer/individual/searchprofile,82,0,67
1779799521105,3459,GetIndividual,200,OK,GetIndividual 1-43,text,true,,3847,3588,94,202,https://api-scuda.uat.oci.krungsri.tech/ic/api/v1/customer/individual/getprofile,3459,0,31
1779799521292,3276,UpdateIndividual,200,OK,UpdateIndividual 4-26,text,true,,800,5566,61,201,https://api-scuda.uat.oci.krungsri.tech/ic/api/v1/customer/individual/updateprofile,3276,0,19
1779799519935,4637,UpdateIndividual,200,OK,UpdateIndividual 4-16,text,true,,800,5532,60,200,https://api-scuda.uat.oci.krungsri.tech/ic/api/v1/customer/individual/updateprofile,4637,0,19
1779799518651,5924,UpdateIndividual,200,OK,UpdateIndividual 4-7,text,true,,800,4230,59,199,https://api-scuda.uat.oci.krungsri.tech/ic/api/v1/customer/individual/updateprofile,5924,0,47
1779799520900,3693,GetIndividual,200,OK,GetIndividual 1-39,text,true,,3850,3588,93,198,https://api-scuda.uat.oci.krungsri.tech/ic/api/v1/customer/individual/getprofile,3693,0,30
1779799524596,40,SearchIndividual,200,OK,SearchIndividual 2-184,text,true,,1141,2602,5,207,https://api-scuda.uat.oci.krungsri.tech/ords/api/v1/customer/individual/searchprofile,40,0,19
1779799524597,73,SearchIndividual,200,OK,SearchIndividual 2-185,text,true,,1149,2602,5,211,https://api-scuda.uat.oci.krungsri.tech/ords/api/v1/customer/individual/searchprofile,71,0,29
1779799521412,3261,UpdateIndividual,200,OK,UpdateIndividual 4-28,text,true,,800,4228,62,210,https://api-scuda.uat.oci.krungsri.tech/ic/api/v1/customer/individual/updateprofile,3261,0,20
1779799524597,81,SearchIndividual,200,OK,SearchIndividual 2-183,text,true,,1193,2602,4,210,https://api-scuda.uat.oci.krungsri.tech/ords/api/v1/customer/individual/searchprofile,81,0,32
1779799524596,89,SearchIndividual,200,OK,SearchIndividual 2-182,text,true,,1217,2602,3,210,https://api-scuda.uat.oci.krungsri.tech/ords/api/v1/customer/individual/searchprofile,89,0,47
1779799520630,4056,UpdateIndividual,200,OK,UpdateIndividual 4-23,text,true,,799,5621,63,209,https://api-scuda.uat.oci.krungsri.tech/ic/api/v1/customer/individual/updateprofile,4056,0,29
1779799524652,34,SearchIndividual,200,OK,SearchIndividual 2-187,text,true,,1143,2602,2,209,https://api-scuda.uat.oci.krungsri.tech/ords/api/v1/customer/individual/searchprofile,34,0,21
1779799524710,36,SearchIndividual,200,OK,SearchIndividual 2-188,text,true,,1167,2602,4,212,https://api-scuda.uat.oci.krungsri.tech/ords/api/v1/customer/individual/searchprofile,36,0,15
1779799524714,33,SearchIndividual,200,OK,SearchIndividual 2-189,text,true,,1177,2602,3,211,https://api-scuda.uat.oci.krungsri.tech/ords/api/v1/customer/individual/searchprofile,33,0,19
1779799524717,37,SearchIndividual,200,OK,SearchIndividual 2-190,text,true,,1155,2602,3,211,https://api-scuda.uat.oci.krungsri.tech/ords/api/v1/customer/individual/searchprofile,36,0,23
1779799524619,141,SearchIndividual,200,OK,SearchIndividual 2-186,text,true,,1183,2602,2,211,https://api-scuda.uat.oci.krungsri.tech/ords/api/v1/customer/individual/searchprofile,140,0,70
1779799517974,6810,CreateJoint,200,OK,CreateJoint 11-2,text,true,,1772,5735,9,210,https://api-scuda.uat.oci.krungsri.tech/ic/api/v1/customer/joint/createprofile,6810,0,21
1779799524797,37,SearchIndividual,200,OK,SearchIndividual 2-192,text,true,,1214,2601,3,212,https://api-scuda.uat.oci.krungsri.tech/ords/api/v1/customer/individual/searchprofile,37,0,20
1779799524751,84,SearchIndividual,200,OK,SearchIndividual 2-191,text,true,,1195,2602,3,212,https://api-scuda.uat.oci.krungsri.tech/ords/api/v1/customer/individual/searchprofile,84,0,63
1779799524823,52,SearchIndividual,200,OK,SearchIndividual 2-193,text,true,,1217,2602,4,214,https://api-scuda.uat.oci.krungsri.tech/ords/api/v1/customer/individual/searchprofile,52,0,31
1779799524866,37,SearchIndividual,200,OK,SearchIndividual 2-195,text,true,,1165,2602,5,217,https://api-scuda.uat.oci.krungsri.tech/ords/api/v1/customer/individual/searchprofile,36,0,23
1779799524868,40,SearchIndividual,200,OK,SearchIndividual 2-196,text,true,,1153,2602,6,219,https://api-scuda.uat.oci.krungsri.tech/ords/api/v1/customer/individual/searchprofile,37,0,25
1779799524860,52,SearchIndividual,200,OK,SearchIndividual 2-194,text,true,,1169,2602,5,218,https://api-scuda.uat.oci.krungsri.tech/ords/api/v1/customer/individual/searchprofile,52,0,33
1779799524888,32,SearchIndividual,200,OK,SearchIndividual 2-197,text,true,,1167,2602,4,218,https://api-scuda.uat.oci.krungsri.tech/ords/api/v1/customer/individual/searchprofile,32,0,20
1779799524888,48,SearchIndividual,200,OK,SearchIndividual 2-198,text,true,,1189,2602,3,218,https://api-scuda.uat.oci.krungsri.tech/ords/api/v1/customer/individual/searchprofile,48,0,29
1779799524909,35,SearchIndividual,200,OK,SearchIndividual 2-199,text,true,,1180,2601,2,217,https://api-scuda.uat.oci.krungsri.tech/ords/api/v1/customer/individual/searchprofile,34,0,17
1779799524912,40,SearchIndividual,200,OK,SearchIndividual 2-200,text,true,,1232,2601,1,216,https://api-scuda.uat.oci.krungsri.tech/ords/api/v1/customer/individual/searchprofile,40,0,27
1779799524920,33,SearchJoint,200,OK,SearchJoint 10-9,text,true,,621,2627,1,215,https://api-scuda.uat.oci.krungsri.tech/ords/api/v1/customer/joint/searchprofile,33,0,19
1779799524964,33,SearchIndividual,200,OK,SearchIndividual 2-202,text,true,,1163,2602,3,219,https://api-scuda.uat.oci.krungsri.tech/ords/api/v1/customer/individual/searchprofile,33,0,19
1779799524964,33,SearchIndividual,200,OK,SearchIndividual 2-201,text,true,,1193,2602,3,219,https://api-scuda.uat.oci.krungsri.tech/ords/api/v1/customer/individual/searchprofile,33,0,15
1779799524991,38,SearchIndividual,200,OK,SearchIndividual 2-203,text,true,,1171,2602,2,218,https://api-scuda.uat.oci.krungsri.tech/ords/api/v1/customer/individual/searchprofile,37,0,21
1779799525015,27,SearchIndividual,200,OK,SearchIndividual 2-204,text,true,,1163,2600,1,217,https://api-scuda.uat.oci.krungsri.tech/ords/api/v1/customer/individual/searchprofile,26,0,12
1779799521226,3910,GetIndividual,200,OK,GetIndividual 1-44,text,true,,3863,3588,106,225,https://api-scuda.uat.oci.krungsri.tech/ic/api/v1/customer/individual/getprofile,3910,0,36
1779799525069,69,SearchIndividual,200,OK,SearchIndividual 2-205,text,true,,1235,2602,2,224,https://api-scuda.uat.oci.krungsri.tech/ords/api/v1/customer/individual/searchprofile,68,0,24
1779799525082,110,SearchIndividual,200,OK,SearchIndividual 2-206,text,true,,1229,2602,6,233,https://api-scuda.uat.oci.krungsri.tech/ords/api/v1/customer/individual/searchprofile,109,0,78
1779799525181,40,SearchIndividual,200,OK,SearchIndividual 2-208,text,true,,1173,2602,7,235,https://api-scuda.uat.oci.krungsri.tech/ords/api/v1/customer/individual/searchprofile,39,0,18
1779799525181,42,SearchIndividual,200,OK,SearchIndividual 2-209,text,true,,1181,2602,7,235,https://api-scuda.uat.oci.krungsri.tech/ords/api/v1/customer/individual/searchprofile,42,0,25
1779799525187,41,SearchIndividual,200,OK,SearchIndividual 2-210,text,true,,1249,2602,6,234,https://api-scuda.uat.oci.krungsri.tech/ords/api/v1/customer/individual/searchprofile,40,0,23
1779799525187,41,SearchIndividual,200,OK,SearchIndividual 2-211,text,true,,1177,2602,5,233,https://api-scuda.uat.oci.krungsri.tech/ords/api/v1/customer/individual/searchprofile,40,0,20
1779799525146,100,SearchIndividual,200,OK,SearchIndividual 2-207,text,true,,1172,2601,4,233,https://api-scuda.uat.oci.krungsri.tech/ords/api/v1/customer/individual/searchprofile,100,0,70
1779799525204,46,SearchIndividual,200,OK,SearchIndividual 2-213,text,true,,1133,2602,3,232,https://api-scuda.uat.oci.krungsri.tech/ords/api/v1/customer/individual/searchprofile,46,0,16
1779799525222,37,SearchIndividual,200,OK,SearchIndividual 2-214,text,true,,1189,2602,3,233,https://api-scuda.uat.oci.krungsri.tech/ords/api/v1/customer/individual/searchprofile,37,0,22
1779799525215,53,SearchJuristic,200,OK,SearchJuristic 6-9,text,true,,988,2600,1,235,https://api-scuda.uat.oci.krungsri.tech/ords/api/v1/customer/juristic/searchprofile,52,0,37
1779799525196,81,SearchIndividual,200,OK,SearchIndividual 2-212,text,true,,1177,2602,4,235,https://api-scuda.uat.oci.krungsri.tech/ords/api/v1/customer/individual/searchprofile,81,0,49
1779799525253,42,SearchIndividual,200,OK,SearchIndividual 2-215,text,true,,1168,2601,4,235,https://api-scuda.uat.oci.krungsri.tech/ords/api/v1/customer/individual/searchprofile,39,0,26
1779799525269,39,SearchIndividual,200,OK,SearchIndividual 2-217,text,true,,1199,2602,3,234,https://api-scuda.uat.oci.krungsri.tech/ords/api/v1/customer/individual/searchprofile,39,0,24
1779799525269,49,SearchIndividual,200,OK,SearchIndividual 2-216,text,true,,1155,2602,2,233,https://api-scuda.uat.oci.krungsri.tech/ords/api/v1/customer/individual/searchprofile,46,0,25
1779799525284,41,SearchIndividual,200,OK,SearchIndividual 2-218,text,true,,1173,2602,1,234,https://api-scuda.uat.oci.krungsri.tech/ords/api/v1/customer/individual/searchprofile,41,0,13
1779799525330,47,SearchIndividual,200,OK,SearchIndividual 2-219,text,true,,1165,2602,2,238,https://api-scuda.uat.oci.krungsri.tech/ords/api/v1/customer/individual/searchprofile,47,0,31
1779799525362,47,SearchIndividual,200,OK,SearchIndividual 2-220,text,true,,1161,2602,3,243,https://api-scuda.uat.oci.krungsri.tech/ords/api/v1/customer/individual/searchprofile,46,0,22
1779799525384,36,SearchIndividual,200,OK,SearchIndividual 2-221,text,true,,1129,2602,2,242,https://api-scuda.uat.oci.krungsri.tech/ords/api/v1/customer/individual/searchprofile,35,0,22
1779799525385,35,SearchIndividual,200,OK,SearchIndividual 2-222,text,true,,1159,2602,2,242,https://api-scuda.uat.oci.krungsri.tech/ords/api/v1/customer/individual/searchprofile,35,0,22
1779799525448,50,SearchIndividual,200,OK,SearchIndividual 2-223,text,true,,1113,2602,3,245,https://api-scuda.uat.oci.krungsri.tech/ords/api/v1/customer/individual/searchprofile,49,0,29
1779799517751,7759,CreateIndividual,201,Created,CreateIndividual 3-2,text,true,,1170,8357,9,244,https://api-scuda.uat.oci.krungsri.tech/ic/api/v1/customer/individual/createprofile,7759,0,35
1779799525499,28,SearchIndividual,200,OK,SearchIndividual 2-225,text,true,,1193,2602,2,245,https://api-scuda.uat.oci.krungsri.tech/ords/api/v1/customer/individual/searchprofile,27,0,13
1779799525484,63,SearchIndividual,200,OK,SearchIndividual 2-224,text,true,,1172,2601,1,245,https://api-scuda.uat.oci.krungsri.tech/ords/api/v1/customer/individual/searchprofile,62,0,44
1779799525579,37,SearchIndividual,200,OK,SearchIndividual 2-226,text,true,,1175,2602,4,258,https://api-scuda.uat.oci.krungsri.tech/ords/api/v1/customer/individual/searchprofile,37,0,19
1779799520333,5292,CreateJuristic,201,Created,CreateJuristic 7-4,text,true,,1171,7850,10,258,https://api-scuda.uat.oci.krungsri.tech/ic/api/v1/customer/juristic/createprofile,5292,0,31
1779799525616,35,SearchJuristic,200,OK,SearchJuristic 6-10,text,true,,993,2600,1,257,https://api-scuda.uat.oci.krungsri.tech/ords/api/v1/customer/juristic/searchprofile,35,0,18
1779799525685,37,SearchIndividual,200,OK,SearchIndividual 2-231,text,true,,1145,2602,7,262,https://api-scuda.uat.oci.krungsri.tech/ords/api/v1/customer/individual/searchprofile,37,0,23
1779799525589,149,SearchIndividual,200,OK,SearchIndividual 2-227,text,true,,1141,2602,10,265,https://api-scuda.uat.oci.krungsri.tech/ords/api/v1/customer/individual/searchprofile,149,0,87
1779799525692,47,SearchIndividual,200,OK,SearchIndividual 2-232,text,true,,1165,2602,9,264,https://api-scuda.uat.oci.krungsri.tech/ords/api/v1/customer/individual/searchprofile,47,0,30
1779799525734,34,SearchIndividual,200,OK,SearchIndividual 2-236,text,true,,1201,2602,8,266,https://api-scuda.uat.oci.krungsri.tech/ords/api/v1/customer/individual/searchprofile,34,0,19
1779799525605,236,SearchIndividual,200,OK,SearchIndividual 2-229,text,true,,1195,2602,8,271,https://api-scuda.uat.oci.krungsri.tech/ords/api/v1/customer/individual/searchprofile,235,0,152
1779799525626,242,SearchIndividual,200,OK,SearchIndividual 2-230,text,true,,1185,2602,9,275,https://api-scuda.uat.oci.krungsri.tech/ords/api/v1/customer/individual/searchprofile,242,0,158
1779799525825,44,SearchIndividual,200,OK,SearchIndividual 2-238,text,true,,1208,2601,8,274,https://api-scuda.uat.oci.krungsri.tech/ords/api/v1/customer/individual/searchprofile,43,0,26
1779799525860,25,SearchIndividual,200,OK,SearchIndividual 2-240,text,true,,1157,2602,8,274,https://api-scuda.uat.oci.krungsri.tech/ords/api/v1/customer/individual/searchprofile,25,0,13
1779799525860,30,SearchJoint,200,OK,SearchJoint 10-10,text,true,,621,2627,1,274,https://api-scuda.uat.oci.krungsri.tech/ords/api/v1/customer/joint/searchprofile,29,0,17
1779799525591,302,SearchIndividual,200,OK,SearchIndividual 2-228,text,true,,1155,2602,7,274,https://api-scuda.uat.oci.krungsri.tech/ords/api/v1/customer/individual/searchprofile,302,0,209
1779799525738,191,SearchIndividual,200,OK,SearchIndividual 2-237,text,true,,1205,2602,7,273,https://api-scuda.uat.oci.krungsri.tech/ords/api/v1/customer/individual/searchprofile,184,0,115
1779799525921,36,SearchIndividual,200,OK,SearchIndividual 2-242,text,true,,1151,2602,10,276,https://api-scuda.uat.oci.krungsri.tech/ords/api/v1/customer/individual/searchprofile,36,0,23
1779799525943,32,SearchIndividual,200,OK,SearchIndividual 2-245,text,true,,1171,2602,9,276,https://api-scuda.uat.oci.krungsri.tech/ords/api/v1/customer/individual/searchprofile,32,0,19
1779799525726,272,SearchIndividual,200,OK,SearchIndividual 2-234,text,true,,1189,2602,9,276,https://api-scuda.uat.oci.krungsri.tech/ords/api/v1/customer/individual/searchprofile,271,0,165
1779799525727,276,SearchIndividual,200,OK,SearchIndividual 2-235,text,true,,1154,2601,8,275,https://api-scuda.uat.oci.krungsri.tech/ords/api/v1/customer/individual/searchprofile,275,0,167
1779799525709,306,SearchIndividual,200,OK,SearchIndividual 2-233,text,true,,1143,2602,7,274,https://api-scuda.uat.oci.krungsri.tech/ords/api/v1/customer/individual/searchprofile,292,0,226
1779799526029,63,SearchIndividual,200,OK,SearchIndividual 2-249,text,true,,1153,2602,12,287,https://api-scuda.uat.oci.krungsri.tech/ords/api/v1/customer/individual/searchprofile,62,0,47
1779799526077,27,SearchIndividual,200,OK,SearchIndividual 2-253,text,true,,1143,2602,11,287,https://api-scuda.uat.oci.krungsri.tech/ords/api/v1/customer/individual/searchprofile,27,0,13
1779799526054,54,SearchIndividual,200,OK,SearchIndividual 2-251,text,true,,1114,2601,10,286,https://api-scuda.uat.oci.krungsri.tech/ords/api/v1/customer/individual/searchprofile,54,0,24
1779799525872,244,SearchIndividual,200,OK,SearchIndividual 2-241,text,true,,1233,2602,9,286,https://api-scuda.uat.oci.krungsri.tech/ords/api/v1/customer/individual/searchprofile,243,0,184
1779799525860,302,SearchIndividual,200,OK,SearchIndividual 2-239,text,true,,1177,2602,9,288,https://api-scuda.uat.oci.krungsri.tech/ords/api/v1/customer/individual/searchprofile,301,0,200
1779799525942,251,SearchIndividual,200,OK,SearchIndividual 2-244,text,true,,1165,2602,8,287,https://api-scuda.uat.oci.krungsri.tech/ords/api/v1/customer/individual/searchprofile,251,0,180
1779799525956,332,SearchIndividual,200,OK,SearchIndividual 2-246,text,true,,1173,2602,9,294,https://api-scuda.uat.oci.krungsri.tech/ords/api/v1/customer/individual/searchprofile,332,0,226
1779799526277,40,SearchIndividual,200,OK,SearchIndividual 2-256,text,true,,1203,2602,9,294,https://api-scuda.uat.oci.krungsri.tech/ords/api/v1/customer/individual/searchprofile,40,0,14
1779799525940,396,SearchIndividual,200,OK,SearchIndividual 2-243,text,true,,1165,2602,10,296,https://api-scuda.uat.oci.krungsri.tech/ords/api/v1/customer/individual/searchprofile,396,0,260
1779799526022,325,SearchIndividual,200,OK,SearchIndividual 2-248,text,true,,1149,2602,9,295,https://api-scuda.uat.oci.krungsri.tech/ords/api/v1/customer/individual/searchprofile,324,0,179
1779799526318,43,SearchIndividual,200,OK,SearchIndividual 2-258,text,true,,1143,2602,9,297,https://api-scuda.uat.oci.krungsri.tech/ords/api/v1/customer/individual/searchprofile,43,0,21
1779799526349,34,SearchIndividual,200,OK,SearchIndividual 2-260,text,true,,1255,2602,10,299,https://api-scuda.uat.oci.krungsri.tech/ords/api/v1/customer/individual/searchprofile,34,0,19
1779799526366,31,SearchIndividual,200,OK,SearchIndividual 2-261,text,true,,1167,2602,10,301,https://api-scuda.uat.oci.krungsri.tech/ords/api/v1/customer/individual/searchprofile,29,0,16
1779799526030,381,SearchIndividual,200,OK,SearchIndividual 2-250,text,true,,1145,2602,12,304,https://api-scuda.uat.oci.krungsri.tech/ords/api/v1/customer/individual/searchprofile,379,0,310
1779799525996,426,SearchIndividual,200,OK,SearchIndividual 2-247,text,true,,1197,2602,12,304,https://api-scuda.uat.oci.krungsri.tech/ords/api/v1/customer/individual/searchprofile,423,0,346
1779799526077,368,SearchIndividual,200,OK,SearchIndividual 2-252,text,true,,1213,2602,13,306,https://api-scuda.uat.oci.krungsri.tech/ords/api/v1/customer/individual/searchprofile,367,0,276
1779799526390,58,SearchIndividual,200,OK,SearchIndividual 2-263,text,true,,1223,2602,12,307,https://api-scuda.uat.oci.krungsri.tech/ords/api/v1/customer/individual/searchprofile,58,0,44
1779799526416,33,SearchIndividual,200,OK,SearchIndividual 2-266,text,true,,1201,2602,12,307,https://api-scuda.uat.oci.krungsri.tech/ords/api/v1/customer/individual/searchprofile,32,0,18
1779799526418,33,SearchIndividual,200,OK,SearchIndividual 2-267,text,true,,1144,2601,10,305,https://api-scuda.uat.oci.krungsri.tech/ords/api/v1/customer/individual/searchprofile,32,0,17
1779799526142,391,SearchIndividual,200,OK,SearchIndividual 2-254,text,true,,1209,2602,13,309,https://api-scuda.uat.oci.krungsri.tech/ords/api/v1/customer/individual/searchprofile,387,0,234
1779799526521,34,SearchIndividual,200,OK,SearchIndividual 2-273,text,true,,1151,2602,12,310,https://api-scuda.uat.oci.krungsri.tech/ords/api/v1/customer/individual/searchprofile,34,0,21
1779799526557,32,SearchIndividual,200,OK,SearchIndividual 2-275,text,true,,1163,2602,15,315,https://api-scuda.uat.oci.krungsri.tech/ords/api/v1/customer/individual/searchprofile,32,0,20
1779799526212,377,SearchIndividual,200,OK,SearchIndividual 2-255,text,true,,1222,2601,15,315,https://api-scuda.uat.oci.krungsri.tech/ords/api/v1/customer/individual/searchprofile,377,0,256
1779799526565,37,SearchIndividual,200,OK,SearchIndividual 2-276,text,true,,1173,2602,13,314,https://api-scuda.uat.oci.krungsri.tech/ords/api/v1/customer/individual/searchprofile,37,0,19
1779799526573,37,SearchIndividual,200,OK,SearchIndividual 2-277,text,true,,1233,2602,12,314,https://api-scuda.uat.oci.krungsri.tech/ords/api/v1/customer/individual/searchprofile,37,0,22
1779799526320,347,SearchIndividual,200,OK,SearchIndividual 2-259,text,true,,1176,2601,13,317,https://api-scuda.uat.oci.krungsri.tech/ords/api/v1/customer/individual/searchprofile,347,0,216
1779799526693,33,SearchIndividual,200,OK,SearchIndividual 2-280,text,true,,1163,2602,14,320,https://api-scuda.uat.oci.krungsri.tech/ords/api/v1/customer/individual/searchprofile,33,0,17
1779799526469,303,SearchIndividual,200,OK,SearchIndividual 2-270,text,true,,1191,2602,17,325,https://api-scuda.uat.oci.krungsri.tech/ords/api/v1/customer/individual/searchprofile,303,0,193
1779799526727,54,SearchIndividual,200,OK,SearchIndividual 2-282,text,true,,1171,2602,16,325,https://api-scuda.uat.oci.krungsri.tech/ords/api/v1/customer/individual/searchprofile,53,0,31
1779799526735,49,SearchIndividual,200,OK,SearchIndividual 2-283,text,true,,1183,2602,15,324,https://api-scuda.uat.oci.krungsri.tech/ords/api/v1/customer/individual/searchprofile,48,0,31
1779799526293,503,SearchIndividual,200,OK,SearchIndividual 2-257,text,true,,1117,2602,14,326,https://api-scuda.uat.oci.krungsri.tech/ords/api/v1/customer/individual/searchprofile,501,0,276
1779799526770,39,SearchIndividual,200,OK,SearchIndividual 2-285,text,true,,1227,2602,13,325,https://api-scuda.uat.oci.krungsri.tech/ords/api/v1/customer/individual/searchprofile,38,0,16
1779799526830,28,SearchIndividual,200,OK,SearchIndividual 2-288,text,true,,1223,2602,19,333,https://api-scuda.uat.oci.krungsri.tech/ords/api/v1/customer/individual/searchprofile,28,0,13
1779799526516,347,SearchIndividual,200,OK,SearchIndividual 2-272,text,true,,1165,2602,18,332,https://api-scuda.uat.oci.krungsri.tech/ords/api/v1/customer/individual/searchprofile,347,0,179
1779799526842,43,SearchIndividual,200,OK,SearchIndividual 2-291,text,true,,1241,2602,18,335,https://api-scuda.uat.oci.krungsri.tech/ords/api/v1/customer/individual/searchprofile,43,0,30
1779799526859,31,SearchIndividual,200,OK,SearchIndividual 2-292,text,true,,1210,2601,17,334,https://api-scuda.uat.oci.krungsri.tech/ords/api/v1/customer/individual/searchprofile,31,0,20
1779799526430,484,SearchIndividual,200,OK,SearchIndividual 2-268,text,true,,1247,2602,18,336,https://api-scuda.uat.oci.krungsri.tech/ords/api/v1/customer/individual/searchprofile,484,0,314
1779799526436,479,SearchIndividual,200,OK,SearchIndividual 2-269,text,true,,1179,2602,17,335,https://api-scuda.uat.oci.krungsri.tech/ords/api/v1/customer/individual/searchprofile,479,0,307
1779799526381,535,SearchIndividual,200,OK,SearchIndividual 2-262,text,true,,1159,2602,16,334,https://api-scuda.uat.oci.krungsri.tech/ords/api/v1/customer/individual/searchprofile,535,0,369
1779799526405,513,SearchIndividual,200,OK,SearchIndividual 2-264,text,true,,1145,2602,15,333,https://api-scuda.uat.oci.krungsri.tech/ords/api/v1/customer/individual/searchprofile,512,0,347
1779799526405,518,SearchIndividual,200,OK,SearchIndividual 2-265,text,true,,1179,2602,14,332,https://api-scuda.uat.oci.krungsri.tech/ords/api/v1/customer/individual/searchprofile,518,0,350
1779799526502,444,SearchIndividual,200,OK,SearchIndividual 2-271,text,true,,1191,2602,14,333,https://api-scuda.uat.oci.krungsri.tech/ords/api/v1/customer/individual/searchprofile,444,0,332
1779799527017,35,SearchIndividual,200,OK,SearchIndividual 2-298,text,true,,1171,2602,20,345,https://api-scuda.uat.oci.krungsri.tech/ords/api/v1/customer/individual/searchprofile,34,0,18
1779799527028,35,SearchIndividual,200,OK,SearchIndividual 2-301,text,true,,1209,2602,19,345,https://api-scuda.uat.oci.krungsri.tech/ords/api/v1/customer/individual/searchprofile,34,0,17
1779799527026,40,SearchIndividual,200,OK,SearchIndividual 2-299,text,true,,1101,2602,18,344,https://api-scuda.uat.oci.krungsri.tech/ords/api/v1/customer/individual/searchprofile,39,0,28
1779799526632,484,SearchIndividual,200,OK,SearchIndividual 2-278,text,true,,1227,2602,17,348,https://api-scuda.uat.oci.krungsri.tech/ords/api/v1/customer/individual/searchprofile,482,0,344
1779799526654,463,SearchIndividual,200,OK,SearchIndividual 2-279,text,true,,1217,2602,16,347,https://api-scuda.uat.oci.krungsri.tech/ords/api/v1/customer/individual/searchprofile,461,0,311
1779799526556,583,SearchIndividual,200,OK,SearchIndividual 2-274,text,true,,1168,2601,18,351,https://api-scuda.uat.oci.krungsri.tech/ords/api/v1/customer/individual/searchprofile,583,0,432
1779799526837,327,CreateJuristic,429,Too Many Requests,CreateJuristic 7-11,text,false,,417,7880,10,350,https://api-scuda.uat.oci.krungsri.tech/ic/api/v1/customer/juristic/createprofile,327,0,253
1779799526929,252,SearchIndividual,429,Too Many Requests,SearchIndividual 2-296,text,false,,417,2601,17,349,https://api-scuda.uat.oci.krungsri.tech/ords/api/v1/customer/individual/searchprofile,252,0,213
1779799526816,371,SearchIndividual,429,Too Many Requests,SearchIndividual 2-287,text,false,,417,2602,16,350,https://api-scuda.uat.oci.krungsri.tech/ords/api/v1/customer/individual/searchprofile,371,0,325
1779799526904,285,SearchIndividual,429,Too Many Requests,SearchIndividual 2-295,text,false,,417,2602,15,349,https://api-scuda.uat.oci.krungsri.tech/ords/api/v1/customer/individual/searchprofile,285,0,241
1779799526877,313,UpdateIndividual,429,Too Many Requests,UpdateIndividual 4-114,text,false,,417,5500,106,348,https://api-scuda.uat.oci.krungsri.tech/ic/api/v1/customer/individual/updateprofile,313,0,269
1779799526719,474,SearchIndividual,200,OK,SearchIndividual 2-281,text,true,,1092,2601,14,347,https://api-scuda.uat.oci.krungsri.tech/ords/api/v1/customer/individual/searchprofile,474,0,302
1779799526769,425,SearchIndividual,200,OK,SearchIndividual 2-284,text,true,,1154,2601,13,346,https://api-scuda.uat.oci.krungsri.tech/ords/api/v1/customer/individual/searchprofile,424,0,255
1779799526879,332,SearchIndividual,429,Too Many Requests,SearchIndividual 2-293,text,false,,417,2602,13,347,https://api-scuda.uat.oci.krungsri.tech/ords/api/v1/customer/individual/searchprofile,332,0,271
1779799526895,316,SearchIndividual,429,Too Many Requests,SearchIndividual 2-294,text,false,,417,2602,13,347,https://api-scuda.uat.oci.krungsri.tech/ords/api/v1/customer/individual/searchprofile,316,0,257
1779799526958,257,SearchIndividual,200,OK,SearchIndividual 2-297,text,true,,1155,2602,11,345,https://api-scuda.uat.oci.krungsri.tech/ords/api/v1/customer/individual/searchprofile,257,0,189
1779799526831,414,SearchIndividual,200,OK,SearchIndividual 2-289,text,true,,1185,2602,13,349,https://api-scuda.uat.oci.krungsri.tech/ords/api/v1/customer/individual/searchprofile,414,0,302
1779799526816,436,SearchIndividual,429,Too Many Requests,SearchIndividual 2-286,text,false,,417,2602,12,348,https://api-scuda.uat.oci.krungsri.tech/ords/api/v1/customer/individual/searchprofile,436,0,344
1779799527223,36,SearchIndividual,200,OK,SearchIndividual 2-309,text,true,,1167,2602,12,349,https://api-scuda.uat.oci.krungsri.tech/ords/api/v1/customer/individual/searchprofile,35,0,20
1779799526871,389,UpdateIndividual,429,Too Many Requests,UpdateIndividual 4-113,text,false,,417,5661,107,349,https://api-scuda.uat.oci.krungsri.tech/ic/api/v1/customer/individual/updateprofile,389,0,296
1779799526837,431,SearchIndividual,200,OK,SearchIndividual 2-290,text,true,,1203,2602,12,350,https://api-scuda.uat.oci.krungsri.tech/ords/api/v1/customer/individual/searchprofile,430,0,322
1779799527218,62,SearchIndividual,200,OK,SearchIndividual 2-308,text,true,,1131,2602,11,351,https://api-scuda.uat.oci.krungsri.tech/ords/api/v1/customer/individual/searchprofile,62,0,42
1779799526982,321,GetIndividual,429,Too Many Requests,GetIndividual 1-179,text,false,,417,3588,171,351,https://api-scuda.uat.oci.krungsri.tech/ic/api/v1/customer/individual/getprofile,321,0,270
1779799527054,263,GetIndividual,429,Too Many Requests,GetIndividual 1-184,text,false,,417,3588,170,351,https://api-scuda.uat.oci.krungsri.tech/ic/api/v1/customer/individual/getprofile,263,0,207
1779799527266,55,SearchIndividual,200,OK,SearchIndividual 2-312,text,true,,1197,2602,12,351,https://api-scuda.uat.oci.krungsri.tech/ords/api/v1/customer/individual/searchprofile,55,0,37
1779799527007,315,UpdateIndividual,429,Too Many Requests,UpdateIndividual 4-116,text,false,,417,4227,108,350,https://api-scuda.uat.oci.krungsri.tech/ic/api/v1/customer/individual/updateprofile,315,0,258
1779799527040,286,SearchIndividual,429,Too Many Requests,SearchIndividual 2-302,text,false,,417,2602,12,350,https://api-scuda.uat.oci.krungsri.tech/ords/api/v1/customer/individual/searchprofile,286,0,227
1779799527012,324,GetIndividual,429,Too Many Requests,GetIndividual 1-181,text,false,,417,3587,169,352,https://api-scuda.uat.oci.krungsri.tech/ic/api/v1/customer/individual/getprofile,324,0,265
1779799527131,209,SearchIndividual,429,Too Many Requests,SearchIndividual 2-306,text,false,,417,2602,13,351,https://api-scuda.uat.oci.krungsri.tech/ords/api/v1/customer/individual/searchprofile,209,0,169
1779799527044,297,SearchIndividual,429,Too Many Requests,SearchIndividual 2-303,text,false,,417,2602,13,351,https://api-scuda.uat.oci.krungsri.tech/ords/api/v1/customer/individual/searchprofile,297,0,236
1779799527129,220,UpdateIndividual,429,Too Many Requests,UpdateIndividual 4-120,text,false,,417,5661,108,350,https://api-scuda.uat.oci.krungsri.tech/ic/api/v1/customer/individual/updateprofile,220,0,173
1779799527320,35,SearchIndividual,200,OK,SearchIndividual 2-314,text,true,,1229,2602,12,349,https://api-scuda.uat.oci.krungsri.tech/ords/api/v1/customer/individual/searchprofile,34,0,23
1779799527120,242,SearchIndividual,429,Too Many Requests,SearchIndividual 2-304,text,false,,417,2601,11,349,https://api-scuda.uat.oci.krungsri.tech/ords/api/v1/customer/individual/searchprofile,242,0,212
1779799527085,277,UpdateIndividual,429,Too Many Requests,UpdateIndividual 4-118,text,false,,417,5559,107,349,https://api-scuda.uat.oci.krungsri.tech/ic/api/v1/customer/individual/updateprofile,277,0,247
1779799527303,60,SearchIndividual,200,OK,SearchIndividual 2-313,text,true,,1158,2601,11,349,https://api-scuda.uat.oci.krungsri.tech/ords/api/v1/customer/individual/searchprofile,60,0,38
1779799527078,289,UpdateIndividual,429,Too Many Requests,UpdateIndividual 4-117,text,false,,417,4229,106,346,https://api-scuda.uat.oci.krungsri.tech/ic/api/v1/customer/individual/updateprofile,289,0,258
1779799527346,26,SearchIndividual,200,OK,SearchIndividual 2-318,text,true,,1173,2602,10,346,https://api-scuda.uat.oci.krungsri.tech/ords/api/v1/customer/individual/searchprofile,25,0,13
1779799527331,45,SearchIndividual,200,OK,SearchIndividual 2-316,text,true,,1145,2602,9,345,https://api-scuda.uat.oci.krungsri.tech/ords/api/v1/customer/individual/searchprofile,45,0,24
1779799527325,53,SearchIndividual,200,OK,SearchIndividual 2-315,text,true,,1189,2602,8,344,https://api-scuda.uat.oci.krungsri.tech/ords/api/v1/customer/individual/searchprofile,52,0,32
1779799527337,45,SearchIndividual,200,OK,SearchIndividual 2-317,text,true,,1154,2601,7,343,https://api-scuda.uat.oci.krungsri.tech/ords/api/v1/customer/individual/searchprofile,45,0,20
1779799527227,157,UpdateIndividual,429,Too Many Requests,UpdateIndividual 4-123,text,false,,417,4229,105,342,https://api-scuda.uat.oci.krungsri.tech/ic/api/v1/customer/individual/updateprofile,157,0,127
1779799527027,357,SearchIndividual,429,Too Many Requests,SearchIndividual 2-300,text,false,,417,2602,6,342,https://api-scuda.uat.oci.krungsri.tech/ords/api/v1/customer/individual/searchprofile,357,0,314
1779799527191,195,UpdateIndividual,429,Too Many Requests,UpdateIndividual 4-122,text,false,,417,5630,104,340,https://api-scuda.uat.oci.krungsri.tech/ic/api/v1/customer/individual/updateprofile,195,0,173
1779799527185,202,GetJuristic,429,Too Many Requests,GetJuristic 5-11,text,false,,417,3533,9,340,https://api-scuda.uat.oci.krungsri.tech/ic/api/v1/customer/juristic/getprofile,202,0,174
1779799527258,158,SearchIndividual,429,Too Many Requests,SearchIndividual 2-311,text,false,,417,2602,6,340,https://api-scuda.uat.oci.krungsri.tech/ords/api/v1/customer/individual/searchprofile,158,0,113
1779799527257,159,GetIndividual,429,Too Many Requests,GetIndividual 1-188,text,false,,417,3588,169,340,https://api-scuda.uat.oci.krungsri.tech/ic/api/v1/customer/individual/getprofile,159,0,120
1779799527206,212,SearchIndividual,429,Too Many Requests,SearchIndividual 2-307,text,false,,417,2602,6,340,https://api-scuda.uat.oci.krungsri.tech/ords/api/v1/customer/individual/searchprofile,212,0,163
1779799527120,300,SearchIndividual,429,Too Many Requests,SearchIndividual 2-305,text,false,,417,2602,6,340,https://api-scuda.uat.oci.krungsri.tech/ords/api/v1/customer/individual/searchprofile,300,0,251
1779799527260,165,GetIndividual,429,Too Many Requests,GetIndividual 1-189,text,false,,417,3588,168,336,https://api-scuda.uat.oci.krungsri.tech/ic/api/v1/customer/individual/getprofile,164,0,116
1779799527272,153,UpdateIndividual,429,Too Many Requests,UpdateIndividual 4-125,text,false,,417,5556,104,337,https://api-scuda.uat.oci.krungsri.tech/ic/api/v1/customer/individual/updateprofile,153,0,121
1779799527248,179,UpdateIndividual,429,Too Many Requests,UpdateIndividual 4-124,text,false,,417,5566,103,336,https://api-scuda.uat.oci.krungsri.tech/ic/api/v1/customer/individual/updateprofile,179,0,131
1779799527310,122,UpdateJoint,429,Too Many Requests,UpdateJoint 12-11,text,false,,417,4532,10,338,https://api-scuda.uat.oci.krungsri.tech/ic/api/v1/customer/joint/updateprofile,122,0,97
1779799527370,66,SearchIndividual,429,Too Many Requests,SearchIndividual 2-319,text,false,,417,2602,5,338,https://api-scuda.uat.oci.krungsri.tech/ords/api/v1/customer/individual/searchprofile,66,0,53
1779799527281,155,GetIndividual,429,Too Many Requests,GetIndividual 1-190,text,false,,417,3588,169,338,https://api-scuda.uat.oci.krungsri.tech/ic/api/v1/customer/individual/getprofile,155,0,149
1779799527241,196,SearchIndividual,429,Too Many Requests,SearchIndividual 2-310,text,false,,417,2602,5,338,https://api-scuda.uat.oci.krungsri.tech/ords/api/v1/customer/individual/searchprofile,196,0,151
1779799527400,39,SearchIndividual,200,OK,SearchIndividual 2-320,text,true,,1165,2602,5,339,https://api-scuda.uat.oci.krungsri.tech/ords/api/v1/customer/individual/searchprofile,38,0,25
1779799527430,32,SearchIndividual,429,Too Many Requests,SearchIndividual 2-322,text,false,,417,2602,3,336,https://api-scuda.uat.oci.krungsri.tech/ords/api/v1/customer/individual/searchprofile,32,0,23
1779799527432,35,GetIndividual,429,Too Many Requests,GetIndividual 1-193,text,false,,417,3588,168,336,https://api-scuda.uat.oci.krungsri.tech/ic/api/v1/customer/individual/getprofile,35,0,31
1779799527430,37,SearchIndividual,429,Too Many Requests,SearchIndividual 2-321,text,false,,417,2602,3,336,https://api-scuda.uat.oci.krungsri.tech/ords/api/v1/customer/individual/searchprofile,37,0,34
1779799527439,36,UpdateIndividual,429,Too Many Requests,UpdateIndividual 4-129,text,false,,417,5653,104,337,https://api-scuda.uat.oci.krungsri.tech/ic/api/v1/customer/individual/updateprofile,36,0,31
1779799527456,26,SearchIndividual,429,Too Many Requests,SearchIndividual 2-323,text,false,,417,2602,3,336,https://api-scuda.uat.oci.krungsri.tech/ords/api/v1/customer/individual/searchprofile,26,0,17
1779799527431,53,UpdateIndividual,429,Too Many Requests,UpdateIndividual 4-128,text,false,,417,5612,103,335,https://api-scuda.uat.oci.krungsri.tech/ic/api/v1/customer/individual/updateprofile,53,0,36
1779799527439,45,SearchJuristic,429,Too Many Requests,SearchJuristic 6-11,text,false,,417,2600,1,335,https://api-scuda.uat.oci.krungsri.tech/ords/api/v1/customer/juristic/searchprofile,45,0,35
1779799527474,17,GetIndividual,429,Too Many Requests,GetIndividual 1-194,text,false,,417,3588,168,333,https://api-scuda.uat.oci.krungsri.tech/ic/api/v1/customer/individual/getprofile,17,0,15
1779799527471,33,SearchIndividual,200,OK,SearchIndividual 2-325,text,true,,1125,2602,2,332,https://api-scuda.uat.oci.krungsri.tech/ords/api/v1/customer/individual/searchprofile,32,0,21
1779799527467,46,SearchIndividual,200,OK,SearchIndividual 2-324,text,true,,1173,2602,1,331,https://api-scuda.uat.oci.krungsri.tech/ords/api/v1/customer/individual/searchprofile,42,0,20
1779799527542,37,GetIndividual,429,Too Many Requests,GetIndividual 1-196,text,false,,417,3588,171,340,https://api-scuda.uat.oci.krungsri.tech/ic/api/v1/customer/individual/getprofile,37,0,30
1779799527557,42,SearchIndividual,429,Too Many Requests,SearchIndividual 2-327,text,false,,417,2602,6,343,https://api-scuda.uat.oci.krungsri.tech/ords/api/v1/customer/individual/searchprofile,42,0,32
1779799527577,40,SearchIndividual,200,OK,SearchIndividual 2-329,text,true,,1169,2602,6,345,https://api-scuda.uat.oci.krungsri.tech/ords/api/v1/customer/individual/searchprofile,40,0,24
1779799527545,85,SearchIndividual,429,Too Many Requests,SearchIndividual 2-326,text,false,,417,2602,5,346,https://api-scuda.uat.oci.krungsri.tech/ords/api/v1/customer/individual/searchprofile,85,0,45
1779799527592,56,SearchIndividual,200,OK,SearchIndividual 2-330,text,true,,1157,2602,6,349,https://api-scuda.uat.oci.krungsri.tech/ords/api/v1/customer/individual/searchprofile,56,0,35
1779799527637,25,SearchIndividual,200,OK,SearchIndividual 2-333,text,true,,1225,2602,6,351,https://api-scuda.uat.oci.krungsri.tech/ords/api/v1/customer/individual/searchprofile,25,0,12
1779799527614,52,SearchIndividual,200,OK,SearchIndividual 2-332,text,true,,1199,2602,5,350,https://api-scuda.uat.oci.krungsri.tech/ords/api/v1/customer/individual/searchprofile,52,0,27
1779799527541,129,SearchJoint,429,Too Many Requests,SearchJoint 10-11,text,false,,417,2627,2,350,https://api-scuda.uat.oci.krungsri.tech/ords/api/v1/customer/joint/searchprofile,129,0,53
1779799527574,100,SearchIndividual,429,Too Many Requests,SearchIndividual 2-328,text,false,,417,2601,4,349,https://api-scuda.uat.oci.krungsri.tech/ords/api/v1/customer/individual/searchprofile,100,0,85
1779799527655,27,SearchIndividual,200,OK,SearchIndividual 2-335,text,true,,1157,2602,3,348,https://api-scuda.uat.oci.krungsri.tech/ords/api/v1/customer/individual/searchprofile,26,0,14
1779799527651,31,SearchJoint,200,OK,SearchJoint 10-12,text,true,,621,2627,1,347,https://api-scuda.uat.oci.krungsri.tech/ords/api/v1/customer/joint/searchprofile,31,0,20
1779799527625,94,GetIndividual,429,Too Many Requests,GetIndividual 1-203,text,false,,417,3587,177,349,https://api-scuda.uat.oci.krungsri.tech/ic/api/v1/customer/individual/getprofile,94,0,88
1779799527610,118,GetIndividual,429,Too Many Requests,GetIndividual 1-201,text,false,,417,3588,176,351,https://api-scuda.uat.oci.krungsri.tech/ic/api/v1/customer/individual/getprofile,118,0,99
1779799527596,136,SearchIndividual,429,Too Many Requests,SearchIndividual 2-331,text,false,,417,2602,6,350,https://api-scuda.uat.oci.krungsri.tech/ords/api/v1/customer/individual/searchprofile,136,0,120
1779799527639,102,GetJoint,429,Too Many Requests,GetJoint 9-12,text,false,,417,3530,9,351,https://api-scuda.uat.oci.krungsri.tech/ic/api/v1/customer/joint/getprofile,102,0,85
1779799527592,152,GetIndividual,429,Too Many Requests,GetIndividual 1-199,text,false,,417,3588,176,350,https://api-scuda.uat.oci.krungsri.tech/ic/api/v1/customer/individual/getprofile,152,0,108
1779799527622,136,GetJuristic,429,Too Many Requests,GetJuristic 5-12,text,false,,417,3533,9,352,https://api-scuda.uat.oci.krungsri.tech/ic/api/v1/customer/juristic/getprofile,136,0,119
1779799527649,110,SearchIndividual,429,Too Many Requests,SearchIndividual 2-334,text,false,,417,2601,8,352,https://api-scuda.uat.oci.krungsri.tech/ords/api/v1/customer/individual/searchprofile,110,0,91
1779799527717,48,SearchIndividual,429,Too Many Requests,SearchIndividual 2-337,text,false,,417,2602,8,351,https://api-scuda.uat.oci.krungsri.tech/ords/api/v1/customer/individual/searchprofile,48,0,37
1779799527725,41,SearchIndividual,200,OK,SearchIndividual 2-339,text,true,,1191,2602,7,350,https://api-scuda.uat.oci.krungsri.tech/ords/api/v1/customer/individual/searchprofile,38,0,21
1779799527722,46,SearchIndividual,429,Too Many Requests,SearchIndividual 2-338,text,false,,417,2602,6,349,https://api-scuda.uat.oci.krungsri.tech/ords/api/v1/customer/individual/searchprofile,46,0,32
1779799527715,57,GetIndividual,429,Too Many Requests,GetIndividual 1-205,text,false,,417,3588,176,350,https://api-scuda.uat.oci.krungsri.tech/ic/api/v1/customer/individual/getprofile,57,0,47
1779799527688,86,SearchIndividual,429,Too Many Requests,SearchIndividual 2-336,text,false,,417,2602,6,349,https://api-scuda.uat.oci.krungsri.tech/ords/api/v1/customer/individual/searchprofile,86,0,82
1779799527656,122,UpdateIndividual,429,Too Many Requests,UpdateIndividual 4-131,text,false,,417,4230,106,349,https://api-scuda.uat.oci.krungsri.tech/ic/api/v1/customer/individual/updateprofile,122,0,107
1779799527748,34,SearchIndividual,200,OK,SearchIndividual 2-341,text,true,,1236,2601,6,348,https://api-scuda.uat.oci.krungsri.tech/ords/api/v1/customer/individual/searchprofile,34,0,22
1779799527737,63,SearchIndividual,429,Too Many Requests,SearchIndividual 2-340,text,false,,417,2602,6,351,https://api-scuda.uat.oci.krungsri.tech/ords/api/v1/customer/individual/searchprofile,63,0,49
1779799527763,51,SearchIndividual,200,OK,SearchIndividual 2-343,text,true,,1267,2602,5,350,https://api-scuda.uat.oci.krungsri.tech/ords/api/v1/customer/individual/searchprofile,51,0,23
1779799527751,64,UpdateIndividual,429,Too Many Requests,UpdateIndividual 4-134,text,false,,417,4229,107,349,https://api-scuda.uat.oci.krungsri.tech/ic/api/v1/customer/individual/updateprofile,64,0,37
1779799527771,68,SearchIndividual,429,Too Many Requests,SearchIndividual 2-344,text,false,,417,2602,5,352,https://api-scuda.uat.oci.krungsri.tech/ords/api/v1/customer/individual/searchprofile,68,0,47
1779799527796,48,SearchIndividual,200,OK,SearchIndividual 2-346,text,true,,1175,2602,4,351,https://api-scuda.uat.oci.krungsri.tech/ords/api/v1/customer/individual/searchprofile,48,0,32
1779799527778,72,SearchIndividual,429,Too Many Requests,SearchIndividual 2-345,text,false,,417,2602,4,352,https://api-scuda.uat.oci.krungsri.tech/ords/api/v1/customer/individual/searchprofile,72,0,61
1779799527773,78,GetIndividual,429,Too Many Requests,GetIndividual 1-207,text,false,,417,3588,177,352,https://api-scuda.uat.oci.krungsri.tech/ic/api/v1/customer/individual/getprofile,78,0,47
1779799527752,116,SearchIndividual,429,Too Many Requests,SearchIndividual 2-342,text,false,,417,2602,4,352,https://api-scuda.uat.oci.krungsri.tech/ords/api/v1/customer/individual/searchprofile,116,0,92
1779799527827,41,SearchIndividual,429,Too Many Requests,SearchIndividual 2-347,text,false,,417,2602,4,352,https://api-scuda.uat.oci.krungsri.tech/ords/api/v1/customer/individual/searchprofile,41,0,36
1779799527834,36,UpdateIndividual,429,Too Many Requests,UpdateIndividual 4-138,text,false,,417,4227,109,350,https://api-scuda.uat.oci.krungsri.tech/ic/api/v1/customer/individual/updateprofile,36,0,34
1779799527846,36,SearchIndividual,200,OK,SearchIndividual 2-348,text,true,,1171,2602,3,351,https://api-scuda.uat.oci.krungsri.tech/ords/api/v1/customer/individual/searchprofile,36,0,24
1779799527865,21,GetIndividual,429,Too Many Requests,GetIndividual 1-210,text,false,,417,3588,178,350,https://api-scuda.uat.oci.krungsri.tech/ic/api/v1/customer/individual/getprofile,21,0,20
1779799527863,35,SearchIndividual,200,OK,SearchIndividual 2-349,text,true,,1147,2602,2,350,https://api-scuda.uat.oci.krungsri.tech/ords/api/v1/customer/individual/searchprofile,35,0,22
1779799527882,27,SearchIndividual,429,Too Many Requests,SearchIndividual 2-350,text,false,,417,2601,2,350,https://api-scuda.uat.oci.krungsri.tech/ords/api/v1/customer/individual/searchprofile,27,0,20
1779799527896,38,SearchJuristic,200,OK,SearchJuristic 6-12,text,true,,996,2600,1,351,https://api-scuda.uat.oci.krungsri.tech/ords/api/v1/customer/juristic/searchprofile,38,0,24
1779799527931,24,SearchIndividual,429,Too Many Requests,SearchIndividual 2-351,text,false,,417,2602,3,353,https://api-scuda.uat.oci.krungsri.tech/ords/api/v1/customer/individual/searchprofile,24,0,23
1779799527933,26,SearchIndividual,429,Too Many Requests,SearchIndividual 2-352,text,false,,417,2602,2,353,https://api-scuda.uat.oci.krungsri.tech/ords/api/v1/customer/individual/searchprofile,26,0,24
1779799527953,19,SearchIndividual,429,Too Many Requests,SearchIndividual 2-353,text,false,,417,2602,2,353,https://api-scuda.uat.oci.krungsri.tech/ords/api/v1/customer/individual/searchprofile,19,0,17
1779799527969,17,SearchIndividual,429,Too Many Requests,SearchIndividual 2-354,text,false,,417,2602,3,354,https://api-scuda.uat.oci.krungsri.tech/ords/api/v1/customer/individual/searchprofile,17,0,14
1779799527976,17,SearchIndividual,429,Too Many Requests,SearchIndividual 2-355,text,false,,417,2602,2,353,https://api-scuda.uat.oci.krungsri.tech/ords/api/v1/customer/individual/searchprofile,17,0,14
1779799527979,22,SearchIndividual,429,Too Many Requests,SearchIndividual 2-356,text,false,,417,2602,2,354,https://api-scuda.uat.oci.krungsri.tech/ords/api/v1/customer/individual/searchprofile,22,0,20
1779799528000,20,SearchIndividual,429,Too Many Requests,SearchIndividual 2-357,text,false,,417,2602,1,354,https://api-scuda.uat.oci.krungsri.tech/ords/api/v1/customer/individual/searchprofile,20,0,17
1779799528039,28,SearchIndividual,429,Too Many Requests,SearchIndividual 2-358,text,false,,417,2602,2,355,https://api-scuda.uat.oci.krungsri.tech/ords/api/v1/customer/individual/searchprofile,28,0,26
1779799528054,35,SearchIndividual,200,OK,SearchIndividual 2-359,text,true,,1194,2601,3,357,https://api-scuda.uat.oci.krungsri.tech/ords/api/v1/customer/individual/searchprofile,35,0,22
1779799528080,36,SearchIndividual,200,OK,SearchIndividual 2-361,text,true,,1141,2602,5,362,https://api-scuda.uat.oci.krungsri.tech/ords/api/v1/customer/individual/searchprofile,35,0,22
1779799528074,42,GetIndividual,429,Too Many Requests,GetIndividual 1-214,text,false,,417,3588,180,362,https://api-scuda.uat.oci.krungsri.tech/ic/api/v1/customer/individual/getprofile,42,0,38
1779799528112,14,CreateJuristic,429,Too Many Requests,CreateJuristic 7-12,text,false,,417,7785,10,361,https://api-scuda.uat.oci.krungsri.tech/ic/api/v1/customer/juristic/createprofile,14,0,10
1779799528080,47,SearchIndividual,429,Too Many Requests,SearchIndividual 2-360,text,false,,417,2602,4,361,https://api-scuda.uat.oci.krungsri.tech/ords/api/v1/customer/individual/searchprofile,47,0,44
1779799528099,34,UpdateIndividual,429,Too Many Requests,UpdateIndividual 4-142,text,false,,417,4229,113,361,https://api-scuda.uat.oci.krungsri.tech/ic/api/v1/customer/individual/updateprofile,34,0,31
1779799528094,40,SearchIndividual,429,Too Many Requests,SearchIndividual 2-362,text,false,,417,2602,3,360,https://api-scuda.uat.oci.krungsri.tech/ords/api/v1/customer/individual/searchprofile,40,0,34
1779799528102,33,SearchIndividual,429,Too Many Requests,SearchIndividual 2-363,text,false,,417,2602,2,359,https://api-scuda.uat.oci.krungsri.tech/ords/api/v1/customer/individual/searchprofile,33,0,29
1779799528106,30,SearchIndividual,200,OK,SearchIndividual 2-364,text,true,,1181,2602,2,359,https://api-scuda.uat.oci.krungsri.tech/ords/api/v1/customer/individual/searchprofile,30,0,17
1779799528125,14,GetIndividual,429,Too Many Requests,GetIndividual 1-215,text,false,,417,3588,181,357,https://api-scuda.uat.oci.krungsri.tech/ic/api/v1/customer/individual/getprofile,14,0,12
1779799528153,22,SearchIndividual,429,Too Many Requests,SearchIndividual 2-368,text,false,,417,2602,4,362,https://api-scuda.uat.oci.krungsri.tech/ords/api/v1/customer/individual/searchprofile,22,0,20
1779799528146,41,SearchIndividual,200,OK,SearchIndividual 2-365,text,true,,1207,2602,3,361,https://api-scuda.uat.oci.krungsri.tech/ords/api/v1/customer/individual/searchprofile,41,0,24
1779799528152,44,SearchIndividual,200,OK,SearchIndividual 2-366,text,true,,1173,2602,2,360,https://api-scuda.uat.oci.krungsri.tech/ords/api/v1/customer/individual/searchprofile,44,0,15
1779799528153,45,SearchIndividual,200,OK,SearchIndividual 2-367,text,true,,1187,2602,1,359,https://api-scuda.uat.oci.krungsri.tech/ords/api/v1/customer/individual/searchprofile,45,0,27
1779799528211,34,SearchIndividual,429,Too Many Requests,SearchIndividual 2-369,text,false,,417,2602,3,364,https://api-scuda.uat.oci.krungsri.tech/ords/api/v1/customer/individual/searchprofile,34,0,31
1779799528229,29,UpdateIndividual,429,Too Many Requests,UpdateIndividual 4-145,text,false,,417,4229,114,366,https://api-scuda.uat.oci.krungsri.tech/ic/api/v1/customer/individual/updateprofile,29,0,26
1779799528230,32,SearchIndividual,429,Too Many Requests,SearchIndividual 2-370,text,false,,417,2602,3,367,https://api-scuda.uat.oci.krungsri.tech/ords/api/v1/customer/individual/searchprofile,32,0,29
1779799528252,14,GetIndividual,429,Too Many Requests,GetIndividual 1-220,text,false,,417,3588,185,366,https://api-scuda.uat.oci.krungsri.tech/ic/api/v1/customer/individual/getprofile,14,0,12
1779799528249,17,CreateJoint,429,Too Many Requests,CreateJoint 11-12,text,false,,417,5906,11,366,https://api-scuda.uat.oci.krungsri.tech/ic/api/v1/customer/joint/createprofile,17,0,15
1779799528246,31,SearchIndividual,200,OK,SearchIndividual 2-371,text,true,,1217,2602,3,365,https://api-scuda.uat.oci.krungsri.tech/ords/api/v1/customer/individual/searchprofile,31,0,19
1779799528260,48,GetIndividual,429,Too Many Requests,GetIndividual 1-221,text,false,,417,3588,186,368,https://api-scuda.uat.oci.krungsri.tech/ic/api/v1/customer/individual/getprofile,48,0,24
1779799528265,57,UpdateIndividual,429,Too Many Requests,UpdateIndividual 4-147,text,false,,417,4229,116,371,https://api-scuda.uat.oci.krungsri.tech/ic/api/v1/customer/individual/updateprofile,57,0,42
1779799528302,28,GetIndividual,429,Too Many Requests,GetIndividual 1-223,text,false,,417,3588,187,371,https://api-scuda.uat.oci.krungsri.tech/ic/api/v1/customer/individual/getprofile,28,0,23
1779799528277,56,SearchIndividual,429,Too Many Requests,SearchIndividual 2-373,text,false,,417,2602,4,370,https://api-scuda.uat.oci.krungsri.tech/ords/api/v1/customer/individual/searchprofile,56,0,54
1779799528319,26,GetIndividual,429,Too Many Requests,GetIndividual 1-225,text,false,,417,3587,187,371,https://api-scuda.uat.oci.krungsri.tech/ic/api/v1/customer/individual/getprofile,26,0,24
1779799528316,33,SearchIndividual,200,OK,SearchIndividual 2-374,text,true,,1205,2602,4,370,https://api-scuda.uat.oci.krungsri.tech/ords/api/v1/customer/individual/searchprofile,33,0,15
1779799528337,16,GetIndividual,429,Too Many Requests,GetIndividual 1-226,text,false,,417,3588,186,369,https://api-scuda.uat.oci.krungsri.tech/ic/api/v1/customer/individual/getprofile,16,0,14
1779799528334,24,UpdateJoint,429,Too Many Requests,UpdateJoint 12-12,text,false,,417,4590,10,368,https://api-scuda.uat.oci.krungsri.tech/ic/api/v1/customer/joint/updateprofile,24,0,22
1779799528316,42,SearchIndividual,200,OK,SearchIndividual 2-375,text,true,,1215,2602,3,368,https://api-scuda.uat.oci.krungsri.tech/ords/api/v1/customer/individual/searchprofile,41,0,23
1779799528253,121,SearchIndividual,200,OK,SearchIndividual 2-372,text,true,,1203,2602,4,369,https://api-scuda.uat.oci.krungsri.tech/ords/api/v1/customer/individual/searchprofile,119,0,68
1779799528342,34,SearchIndividual,200,OK,SearchIndividual 2-376,text,true,,1161,2602,3,368,https://api-scuda.uat.oci.krungsri.tech/ords/api/v1/customer/individual/searchprofile,34,0,20
1779799528382,32,SearchIndividual,429,Too Many Requests,SearchIndividual 2-379,text,false,,417,2602,4,375,https://api-scuda.uat.oci.krungsri.tech/ords/api/v1/customer/individual/searchprofile,32,0,18
1779799528390,26,GetIndividual,429,Too Many Requests,GetIndividual 1-229,text,false,,417,3588,190,375,https://api-scuda.uat.oci.krungsri.tech/ic/api/v1/customer/individual/getprofile,26,0,22
1779799528409,17,UpdateIndividual,429,Too Many Requests,UpdateIndividual 4-151,text,false,,417,5595,117,373,https://api-scuda.uat.oci.krungsri.tech/ic/api/v1/customer/individual/updateprofile,17,0,13
1779799528395,32,GetIndividual,429,Too Many Requests,GetIndividual 1-230,text,false,,417,3588,189,373,https://api-scuda.uat.oci.krungsri.tech/ic/api/v1/customer/individual/getprofile,32,0,29
1779799528403,31,SearchIndividual,429,Too Many Requests,SearchIndividual 2-380,text,false,,417,2601,3,371,https://api-scuda.uat.oci.krungsri.tech/ords/api/v1/customer/individual/searchprofile,31,0,26
1779799528403,32,GetIndividual,429,Too Many Requests,GetIndividual 1-231,text,false,,417,3587,188,370,https://api-scuda.uat.oci.krungsri.tech/ic/api/v1/customer/individual/getprofile,32,0,28
1779799528405,34,UpdateIndividual,429,Too Many Requests,UpdateIndividual 4-150,text,false,,417,5535,116,369,https://api-scuda.uat.oci.krungsri.tech/ic/api/v1/customer/individual/updateprofile,34,0,32
1779799528362,78,SearchIndividual,200,OK,SearchIndividual 2-377,text,true,,1231,2602,2,369,https://api-scuda.uat.oci.krungsri.tech/ords/api/v1/customer/individual/searchprofile,77,0,23
1779799528372,76,SearchIndividual,200,OK,SearchIndividual 2-378,text,true,,1239,2602,2,368,https://api-scuda.uat.oci.krungsri.tech/ords/api/v1/customer/individual/searchprofile,74,0,29
1779799528442,17,SearchIndividual,429,Too Many Requests,SearchIndividual 2-381,text,false,,417,2600,1,368,https://api-scuda.uat.oci.krungsri.tech/ords/api/v1/customer/individual/searchprofile,17,0,15
1779799528464,20,SearchIndividual,429,Too Many Requests,SearchIndividual 2-382,text,false,,417,2602,1,369,https://api-scuda.uat.oci.krungsri.tech/ords/api/v1/customer/individual/searchprofile,20,0,14
1779799528459,32,GetIndividual,429,Too Many Requests,GetIndividual 1-232,text,false,,417,3588,188,368,https://api-scuda.uat.oci.krungsri.tech/ic/api/v1/customer/individual/getprofile,32,0,18
1779799528505,33,SearchIndividual,429,Too Many Requests,SearchIndividual 2-383,text,false,,417,2602,2,371,https://api-scuda.uat.oci.krungsri.tech/ords/api/v1/customer/individual/searchprofile,33,0,28
1779799528514,49,UpdateIndividual,429,Too Many Requests,UpdateIndividual 4-153,text,false,,417,5625,117,371,https://api-scuda.uat.oci.krungsri.tech/ic/api/v1/customer/individual/updateprofile,49,0,42
1779799528524,43,SearchIndividual,200,OK,SearchIndividual 2-384,text,true,,1213,2602,1,370,https://api-scuda.uat.oci.krungsri.tech/ords/api/v1/customer/individual/searchprofile,42,0,24
1779799528522,48,GetIndividual,429,Too Many Requests,GetIndividual 1-233,text,false,,417,3588,188,369,https://api-scuda.uat.oci.krungsri.tech/ic/api/v1/customer/individual/getprofile,48,0,43
1779799528580,27,SearchIndividual,200,OK,SearchIndividual 2-385,text,true,,1151,2602,1,370,https://api-scuda.uat.oci.krungsri.tech/ords/api/v1/customer/individual/searchprofile,27,0,13
1779799528577,59,UpdateIndividual,429,Too Many Requests,UpdateIndividual 4-154,text,false,,417,5521,118,370,https://api-scuda.uat.oci.krungsri.tech/ic/api/v1/customer/individual/updateprofile,59,0,53
1779799528632,29,UpdateIndividual,429,Too Many Requests,UpdateIndividual 4-155,text,false,,417,5571,118,380,https://api-scuda.uat.oci.krungsri.tech/ic/api/v1/customer/individual/updateprofile,29,0,20
1779799528644,34,UpdateIndividual,429,Too Many Requests,UpdateIndividual 4-156,text,false,,417,4229,117,380,https://api-scuda.uat.oci.krungsri.tech/ic/api/v1/customer/individual/updateprofile,34,0,26
1779799528651,34,SearchIndividual,200,OK,SearchIndividual 2-388,text,true,,1201,2602,6,379,https://api-scuda.uat.oci.krungsri.tech/ords/api/v1/customer/individual/searchprofile,33,0,19
1779799528656,29,GetJuristic,429,Too Many Requests,GetJuristic 5-13,text,false,,417,3533,9,378,https://api-scuda.uat.oci.krungsri.tech/ic/api/v1/customer/juristic/getprofile,29,0,21
1779799528646,51,SearchIndividual,200,OK,SearchIndividual 2-386,text,true,,1092,2601,5,377,https://api-scuda.uat.oci.krungsri.tech/ords/api/v1/customer/individual/searchprofile,51,0,35
1779799528658,42,GetIndividual,429,Too Many Requests,GetIndividual 1-235,text,false,,417,3588,192,377,https://api-scuda.uat.oci.krungsri.tech/ic/api/v1/customer/individual/getprofile,42,0,34
1779799528656,44,SearchIndividual,200,OK,SearchIndividual 2-389,text,true,,1231,2602,4,377,https://api-scuda.uat.oci.krungsri.tech/ords/api/v1/customer/individual/searchprofile,44,0,26
1779799528646,56,SearchIndividual,200,OK,SearchIndividual 2-387,text,true,,1100,2601,3,375,https://api-scuda.uat.oci.krungsri.tech/ords/api/v1/customer/individual/searchprofile,55,0,36
1779799528662,41,SearchIndividual,429,Too Many Requests,SearchIndividual 2-390,text,false,,417,2602,2,374,https://api-scuda.uat.oci.krungsri.tech/ords/api/v1/customer/individual/searchprofile,41,0,37
1779799528677,33,SearchIndividual,429,Too Many Requests,SearchIndividual 2-391,text,false,,417,2602,2,374,https://api-scuda.uat.oci.krungsri.tech/ords/api/v1/customer/individual/searchprofile,33,0,25
1779799528701,23,GetIndividual,429,Too Many Requests,GetIndividual 1-238,text,false,,417,3588,192,374,https://api-scuda.uat.oci.krungsri.tech/ic/api/v1/customer/individual/getprofile,23,0,17
1779799528704,28,SearchIndividual,429,Too Many Requests,SearchIndividual 2-392,text,false,,417,2602,1,374,https://api-scuda.uat.oci.krungsri.tech/ords/api/v1/customer/individual/searchprofile,28,0,19
1779799528747,35,UpdateIndividual,429,Too Many Requests,UpdateIndividual 4-158,text,false,,417,4229,119,379,https://api-scuda.uat.oci.krungsri.tech/ic/api/v1/customer/individual/updateprofile,35,0,26
1779799528762,24,SearchIndividual,429,Too Many Requests,SearchIndividual 2-393,text,false,,417,2602,2,378,https://api-scuda.uat.oci.krungsri.tech/ords/api/v1/customer/individual/searchprofile,24,0,20
1779799528769,22,SearchIndividual,429,Too Many Requests,SearchIndividual 2-394,text,false,,417,2602,1,378,https://api-scuda.uat.oci.krungsri.tech/ords/api/v1/customer/individual/searchprofile,22,0,17
1779799528765,41,GetIndividual,429,Too Many Requests,GetIndividual 1-241,text,false,,417,3588,195,380,https://api-scuda.uat.oci.krungsri.tech/ic/api/v1/customer/individual/getprofile,41,0,35
1779799528774,37,UpdateIndividual,429,Too Many Requests,UpdateIndividual 4-159,text,false,,417,4228,119,380,https://api-scuda.uat.oci.krungsri.tech/ic/api/v1/customer/individual/updateprofile,37,0,27
1779799528795,41,SearchIndividual,200,OK,SearchIndividual 2-395,text,true,,1179,2602,3,385,https://api-scuda.uat.oci.krungsri.tech/ords/api/v1/customer/individual/searchprofile,40,0,23
1779799528800,37,GetIndividual,429,Too Many Requests,GetIndividual 1-243,text,false,,417,3588,197,384,https://api-scuda.uat.oci.krungsri.tech/ic/api/v1/customer/individual/getprofile,37,0,24
1779799528804,36,SearchIndividual,200,OK,SearchIndividual 2-396,text,true,,1157,2602,3,384,https://api-scuda.uat.oci.krungsri.tech/ords/api/v1/customer/individual/searchprofile,36,0,23
1779799528818,30,SearchIndividual,429,Too Many Requests,SearchIndividual 2-397,text,false,,417,2602,2,383,https://api-scuda.uat.oci.krungsri.tech/ords/api/v1/customer/individual/searchprofile,30,0,29
1779799528827,40,UpdateJoint,429,Too Many Requests,UpdateJoint 12-13,text,false,,417,4550,10,383,https://api-scuda.uat.oci.krungsri.tech/ic/api/v1/customer/joint/updateprofile,39,0,35
1779799528830,39,GetIndividual,429,Too Many Requests,GetIndividual 1-245,text,false,,417,3588,196,382,https://api-scuda.uat.oci.krungsri.tech/ic/api/v1/customer/individual/getprofile,39,0,33
1779799528840,35,SearchIndividual,200,OK,SearchIndividual 2-398,text,true,,1249,2602,1,383,https://api-scuda.uat.oci.krungsri.tech/ords/api/v1/customer/individual/searchprofile,34,0,22
1779799528861,32,UpdateIndividual,429,Too Many Requests,UpdateIndividual 4-162,text,false,,417,5532,121,385,https://api-scuda.uat.oci.krungsri.tech/ic/api/v1/customer/individual/updateprofile,32,0,25
1779799528872,26,GetIndividual,429,Too Many Requests,GetIndividual 1-247,text,false,,417,3588,196,384,https://api-scuda.uat.oci.krungsri.tech/ic/api/v1/customer/individual/getprofile,26,0,24
1779799528875,31,SearchJoint,200,OK,SearchJoint 10-13,text,true,,621,2627,1,384,https://api-scuda.uat.oci.krungsri.tech/ords/api/v1/customer/joint/searchprofile,30,0,18
1779799528887,36,SearchIndividual,200,OK,SearchIndividual 2-399,text,true,,1225,2602,4,386,https://api-scuda.uat.oci.krungsri.tech/ords/api/v1/customer/individual/searchprofile,35,0,19
1779799528890,36,SearchIndividual,200,OK,SearchIndividual 2-400,text,true,,1177,2602,3,383,https://api-scuda.uat.oci.krungsri.tech/ords/api/v1/customer/individual/searchprofile,35,0,14
1779799528907,39,SearchIndividual,200,OK,SearchIndividual 2-401,text,true,,1149,2602,5,388,https://api-scuda.uat.oci.krungsri.tech/ords/api/v1/customer/individual/searchprofile,39,0,20
1779799528921,35,SearchIndividual,429,Too Many Requests,SearchIndividual 2-402,text,false,,417,2602,5,388,https://api-scuda.uat.oci.krungsri.tech/ords/api/v1/customer/individual/searchprofile,35,0,24
1779799528929,31,GetIndividual,429,Too Many Requests,GetIndividual 1-248,text,false,,417,3588,198,387,https://api-scuda.uat.oci.krungsri.tech/ic/api/v1/customer/individual/getprofile,31,0,27
1779799528930,36,GetIndividual,429,Too Many Requests,GetIndividual 1-249,text,false,,417,3588,197,386,https://api-scuda.uat.oci.krungsri.tech/ic/api/v1/customer/individual/getprofile,36,0,28
1779799528934,38,SearchIndividual,200,OK,SearchIndividual 2-403,text,true,,1175,2602,4,385,https://api-scuda.uat.oci.krungsri.tech/ords/api/v1/customer/individual/searchprofile,38,0,24
1779799528947,28,SearchIndividual,429,Too Many Requests,SearchIndividual 2-405,text,false,,417,2602,5,386,https://api-scuda.uat.oci.krungsri.tech/ords/api/v1/customer/individual/searchprofile,28,0,20
1779799528936,40,GetIndividual,429,Too Many Requests,GetIndividual 1-250,text,false,,417,3587,196,385,https://api-scuda.uat.oci.krungsri.tech/ic/api/v1/customer/individual/getprofile,40,0,34
1779799528943,33,SearchIndividual,200,OK,SearchIndividual 2-404,text,true,,1151,2602,4,385,https://api-scuda.uat.oci.krungsri.tech/ords/api/v1/customer/individual/searchprofile,32,0,21
1779799528975,18,SearchIndividual,429,Too Many Requests,SearchIndividual 2-408,text,false,,417,2602,4,385,https://api-scuda.uat.oci.krungsri.tech/ords/api/v1/customer/individual/searchprofile,18,0,16
1779799528955,39,SearchIndividual,429,Too Many Requests,SearchIndividual 2-406,text,false,,417,2602,4,385,https://api-scuda.uat.oci.krungsri.tech/ords/api/v1/customer/individual/searchprofile,39,0,34
1779799528975,30,SearchIndividual,200,OK,SearchIndividual 2-407,text,true,,1203,2602,2,384,https://api-scuda.uat.oci.krungsri.tech/ords/api/v1/customer/individual/searchprofile,30,0,18
1779799528994,36,SearchIndividual,429,Too Many Requests,SearchIndividual 2-409,text,false,,417,2601,1,386,https://api-scuda.uat.oci.krungsri.tech/ords/api/v1/customer/individual/searchprofile,36,0,31
1779799528989,49,GetIndividual,429,Too Many Requests,GetIndividual 1-251,text,false,,417,3588,198,387,https://api-scuda.uat.oci.krungsri.tech/ic/api/v1/customer/individual/getprofile,49,0,39
1779799529012,34,UpdateIndividual,429,Too Many Requests,UpdateIndividual 4-166,text,false,,417,5604,123,386,https://api-scuda.uat.oci.krungsri.tech/ic/api/v1/customer/individual/updateprofile,34,0,31
1779799529012,39,UpdateIndividual,429,Too Many Requests,UpdateIndividual 4-165,text,false,,417,4230,122,385,https://api-scuda.uat.oci.krungsri.tech/ic/api/v1/customer/individual/updateprofile,39,0,30
1779799529034,22,SearchIndividual,429,Too Many Requests,SearchIndividual 2-410,text,false,,417,2602,3,387,https://api-scuda.uat.oci.krungsri.tech/ords/api/v1/customer/individual/searchprofile,22,0,20
1779799529055,28,SearchIndividual,200,OK,SearchIndividual 2-412,text,true,,1159,2602,4,388,https://api-scuda.uat.oci.krungsri.tech/ords/api/v1/customer/individual/searchprofile,27,0,15
1779799529060,23,SearchIndividual,429,Too Many Requests,SearchIndividual 2-413,text,false,,417,2602,3,387,https://api-scuda.uat.oci.krungsri.tech/ords/api/v1/customer/individual/searchprofile,23,0,21
1779799529055,42,SearchIndividual,200,OK,SearchIndividual 2-411,text,true,,1217,2602,3,387,https://api-scuda.uat.oci.krungsri.tech/ords/api/v1/customer/individual/searchprofile,37,0,15
1779799529063,44,SearchIndividual,200,OK,SearchIndividual 2-414,text,true,,1219,2602,3,388,https://api-scuda.uat.oci.krungsri.tech/ords/api/v1/customer/individual/searchprofile,43,0,23
1779799529090,36,SearchIndividual,200,OK,SearchIndividual 2-415,text,true,,1179,2602,3,390,https://api-scuda.uat.oci.krungsri.tech/ords/api/v1/customer/individual/searchprofile,36,0,23
1779799529100,34,SearchIndividual,429,Too Many Requests,SearchIndividual 2-416,text,false,,417,2602,2,390,https://api-scuda.uat.oci.krungsri.tech/ords/api/v1/customer/individual/searchprofile,34,0,33
1779799529120,26,UpdateIndividual,429,Too Many Requests,UpdateIndividual 4-169,text,false,,417,4229,125,392,https://api-scuda.uat.oci.krungsri.tech/ic/api/v1/customer/individual/updateprofile,26,0,24
1779799529131,37,GetIndividual,429,Too Many Requests,GetIndividual 1-254,text,false,,417,3588,199,393,https://api-scuda.uat.oci.krungsri.tech/ic/api/v1/customer/individual/getprofile,37,0,35
1779799529139,29,GetIndividual,429,Too Many Requests,GetIndividual 1-255,text,false,,417,3588,199,393,https://api-scuda.uat.oci.krungsri.tech/ic/api/v1/customer/individual/getprofile,29,0,26
1779799529145,27,SearchIndividual,429,Too Many Requests,SearchIndividual 2-418,text,false,,417,2602,4,394,https://api-scuda.uat.oci.krungsri.tech/ords/api/v1/customer/individual/searchprofile,27,0,26
1779799529119,60,SearchIndividual,200,OK,SearchIndividual 2-417,text,true,,1147,2602,4,394,https://api-scuda.uat.oci.krungsri.tech/ords/api/v1/customer/individual/searchprofile,60,0,40
1779799529171,24,SearchIndividual,429,Too Many Requests,SearchIndividual 2-420,text,false,,417,2602,3,393,https://api-scuda.uat.oci.krungsri.tech/ords/api/v1/customer/individual/searchprofile,24,0,22
1779799529162,52,SearchIndividual,200,OK,SearchIndividual 2-419,text,true,,1177,2602,2,393,https://api-scuda.uat.oci.krungsri.tech/ords/api/v1/customer/individual/searchprofile,52,0,21
1779799529179,36,SearchIndividual,200,OK,SearchIndividual 2-421,text,true,,1187,2602,2,393,https://api-scuda.uat.oci.krungsri.tech/ords/api/v1/customer/individual/searchprofile,36,0,21
1779799529207,26,UpdateIndividual,429,Too Many Requests,UpdateIndividual 4-172,text,false,,417,4226,126,392,https://api-scuda.uat.oci.krungsri.tech/ic/api/v1/customer/individual/updateprofile,26,0,23
1779799529223,18,GetIndividual,429,Too Many Requests,GetIndividual 1-256,text,false,,417,3588,199,392,https://api-scuda.uat.oci.krungsri.tech/ic/api/v1/customer/individual/getprofile,18,0,15
1779799529235,20,GetIndividual,429,Too Many Requests,GetIndividual 1-257,text,false,,417,3588,198,392,https://api-scuda.uat.oci.krungsri.tech/ic/api/v1/customer/individual/getprofile,20,0,18
1779799529246,31,UpdateIndividual,429,Too Many Requests,UpdateIndividual 4-173,text,false,,417,4228,126,393,https://api-scuda.uat.oci.krungsri.tech/ic/api/v1/customer/individual/updateprofile,31,0,24
1779799529270,24,GetIndividual,429,Too Many Requests,GetIndividual 1-258,text,false,,417,3588,199,394,https://api-scuda.uat.oci.krungsri.tech/ic/api/v1/customer/individual/getprofile,24,0,20
1779799529273,25,GetIndividual,429,Too Many Requests,GetIndividual 1-259,text,false,,417,3588,198,393,https://api-scuda.uat.oci.krungsri.tech/ic/api/v1/customer/individual/getprofile,25,0,18
1779799529289,51,SearchIndividual,200,OK,SearchIndividual 2-422,text,true,,1133,2602,6,398,https://api-scuda.uat.oci.krungsri.tech/ords/api/v1/customer/individual/searchprofile,50,0,34
1779799529314,31,SearchIndividual,429,Too Many Requests,SearchIndividual 2-425,text,false,,417,2602,6,398,https://api-scuda.uat.oci.krungsri.tech/ords/api/v1/customer/individual/searchprofile,31,0,25
1779799529304,45,UpdateIndividual,429,Too Many Requests,UpdateIndividual 4-174,text,false,,417,5532,126,398,https://api-scuda.uat.oci.krungsri.tech/ic/api/v1/customer/individual/updateprofile,45,0,43
1779799529293,56,SearchIndividual,200,OK,SearchIndividual 2-423,text,true,,1177,2602,6,398,https://api-scuda.uat.oci.krungsri.tech/ords/api/v1/customer/individual/searchprofile,56,0,38
1779799529306,45,SearchIndividual,200,OK,SearchIndividual 2-424,text,true,,1231,2602,5,397,https://api-scuda.uat.oci.krungsri.tech/ords/api/v1/customer/individual/searchprofile,45,0,30
1779799529333,25,SearchIndividual,429,Too Many Requests,SearchIndividual 2-427,text,false,,417,2602,5,397,https://api-scuda.uat.oci.krungsri.tech/ords/api/v1/customer/individual/searchprofile,25,0,23
1779799529346,18,SearchIndividual,429,Too Many Requests,SearchIndividual 2-428,text,false,,417,2602,4,396,https://api-scuda.uat.oci.krungsri.tech/ords/api/v1/customer/individual/searchprofile,18,0,16
1779799529329,36,SearchIndividual,429,Too Many Requests,SearchIndividual 2-426,text,false,,417,2602,4,396,https://api-scuda.uat.oci.krungsri.tech/ords/api/v1/customer/individual/searchprofile,36,0,30
1779799529347,41,SearchIndividual,200,OK,SearchIndividual 2-429,text,true,,1217,2602,7,400,https://api-scuda.uat.oci.krungsri.tech/ords/api/v1/customer/individual/searchprofile,41,0,25
1779799529379,33,SearchIndividual,200,OK,SearchIndividual 2-433,text,true,,1143,2602,8,404,https://api-scuda.uat.oci.krungsri.tech/ords/api/v1/customer/individual/searchprofile,33,0,21
1779799529377,42,SearchIndividual,200,OK,SearchIndividual 2-432,text,true,,1187,2602,9,405,https://api-scuda.uat.oci.krungsri.tech/ords/api/v1/customer/individual/searchprofile,41,0,23
1779799529352,67,GetIndividual,429,Too Many Requests,GetIndividual 1-261,text,false,,417,3588,202,406,https://api-scuda.uat.oci.krungsri.tech/ic/api/v1/customer/individual/getprofile,67,0,31
1779799529367,54,SearchIndividual,200,OK,SearchIndividual 2-431,text,true,,1138,2601,9,406,https://api-scuda.uat.oci.krungsri.tech/ords/api/v1/customer/individual/searchprofile,53,0,31
1779799529353,70,SearchIndividual,429,Too Many Requests,SearchIndividual 2-430,text,false,,417,2602,10,407,https://api-scuda.uat.oci.krungsri.tech/ords/api/v1/customer/individual/searchprofile,70,0,53
1779799529381,48,SearchIndividual,200,OK,SearchIndividual 2-434,text,true,,1143,2602,8,404,https://api-scuda.uat.oci.krungsri.tech/ords/api/v1/customer/individual/searchprofile,48,0,28
1779799529413,34,SearchIndividual,200,OK,SearchIndividual 2-438,text,true,,1215,2602,8,406,https://api-scuda.uat.oci.krungsri.tech/ords/api/v1/customer/individual/searchprofile,34,0,13
1779799529397,61,GetIndividual,429,Too Many Requests,GetIndividual 1-264,text,false,,417,3588,203,407,https://api-scuda.uat.oci.krungsri.tech/ic/api/v1/customer/individual/getprofile,61,0,47
1779799529430,36,SearchIndividual,200,OK,SearchIndividual 2-441,text,true,,1215,2602,7,407,https://api-scuda.uat.oci.krungsri.tech/ords/api/v1/customer/individual/searchprofile,36,0,23
1779799529427,39,SearchIndividual,429,Too Many Requests,SearchIndividual 2-440,text,false,,417,2601,6,406,https://api-scuda.uat.oci.krungsri.tech/ords/api/v1/customer/individual/searchprofile,39,0,29
1779799529383,84,SearchIndividual,429,Too Many Requests,SearchIndividual 2-435,text,false,,417,2602,6,406,https://api-scuda.uat.oci.krungsri.tech/ords/api/v1/customer/individual/searchprofile,84,0,71
1779799529402,67,SearchIndividual,200,OK,SearchIndividual 2-436,text,true,,1163,2602,4,404,https://api-scuda.uat.oci.krungsri.tech/ords/api/v1/customer/individual/searchprofile,66,0,51
1779799529435,38,SearchJuristic,200,OK,SearchJuristic 6-13,text,true,,980,2599,1,403,https://api-scuda.uat.oci.krungsri.tech/ords/api/v1/customer/juristic/searchprofile,38,0,26
1779799529422,80,SearchIndividual,429,Too Many Requests,SearchIndividual 2-439,text,false,,417,2602,5,407,https://api-scuda.uat.oci.krungsri.tech/ords/api/v1/customer/individual/searchprofile,80,0,42
1779799529423,104,CreateIndividual,429,Too Many Requests,CreateIndividual 3-13,text,false,,417,7868,12,408,https://api-scuda.uat.oci.krungsri.tech/ic/api/v1/customer/individual/createprofile,104,0,58
1779799529389,139,GetIndividual,429,Too Many Requests,GetIndividual 1-262,text,false,,417,3588,206,408,https://api-scuda.uat.oci.krungsri.tech/ic/api/v1/customer/individual/getprofile,139,0,96
1779799529396,135,UpdateIndividual,429,Too Many Requests,UpdateIndividual 4-175,text,false,,417,4227,129,407,https://api-scuda.uat.oci.krungsri.tech/ic/api/v1/customer/individual/updateprofile,135,0,91
1779799529403,139,SearchIndividual,429,Too Many Requests,SearchIndividual 2-437,text,false,,417,2602,6,408,https://api-scuda.uat.oci.krungsri.tech/ords/api/v1/customer/individual/searchprofile,139,0,97
1779799529445,111,GetIndividual,429,Too Many Requests,GetIndividual 1-265,text,false,,417,3588,206,407,https://api-scuda.uat.oci.krungsri.tech/ic/api/v1/customer/individual/getprofile,111,0,92
1779799529443,114,SearchIndividual,429,Too Many Requests,SearchIndividual 2-442,text,false,,417,2602,5,408,https://api-scuda.uat.oci.krungsri.tech/ords/api/v1/customer/individual/searchprofile,114,0,95
1779799529454,117,GetIndividual,429,Too Many Requests,GetIndividual 1-266,text,false,,417,3588,205,409,https://api-scuda.uat.oci.krungsri.tech/ic/api/v1/customer/individual/getprofile,117,0,107
1779799529497,74,GetIndividual,429,Too Many Requests,GetIndividual 1-269,text,false,,417,3588,205,409,https://api-scuda.uat.oci.krungsri.tech/ic/api/v1/customer/individual/getprofile,74,0,50
1779799529498,74,SearchIndividual,429,Too Many Requests,SearchIndividual 2-444,text,false,,417,2602,5,408,https://api-scuda.uat.oci.krungsri.tech/ords/api/v1/customer/individual/searchprofile,74,0,50
1779799529528,51,SearchIndividual,200,OK,SearchIndividual 2-445,text,true,,1173,2602,5,407,https://api-scuda.uat.oci.krungsri.tech/ords/api/v1/customer/individual/searchprofile,50,0,26
1779799529490,90,SearchIndividual,429,Too Many Requests,SearchIndividual 2-443,text,false,,417,2602,4,406,https://api-scuda.uat.oci.krungsri.tech/ords/api/v1/customer/individual/searchprofile,90,0,60
1779799529526,62,UpdateIndividual,429,Too Many Requests,UpdateIndividual 4-178,text,false,,417,4230,131,406,https://api-scuda.uat.oci.krungsri.tech/ic/api/v1/customer/individual/updateprofile,62,0,41
1779799529565,51,UpdateIndividual,429,Too Many Requests,UpdateIndividual 4-180,text,false,,417,5561,130,407,https://api-scuda.uat.oci.krungsri.tech/ic/api/v1/customer/individual/updateprofile,51,0,36
1779799529585,33,SearchIndividual,200,OK,SearchIndividual 2-449,text,true,,1177,2602,6,406,https://api-scuda.uat.oci.krungsri.tech/ords/api/v1/customer/individual/searchprofile,33,0,21
1779799529534,87,GetIndividual,429,Too Many Requests,GetIndividual 1-271,text,false,,417,3588,203,407,https://api-scuda.uat.oci.krungsri.tech/ic/api/v1/customer/individual/getprofile,87,0,60
1779799529575,47,UpdateIndividual,429,Too Many Requests,UpdateIndividual 4-181,text,false,,417,4228,129,407,https://api-scuda.uat.oci.krungsri.tech/ic/api/v1/customer/individual/updateprofile,47,0,27
1779799529541,82,SearchIndividual,429,Too Many Requests,SearchIndividual 2-446,text,false,,417,2601,7,406,https://api-scuda.uat.oci.krungsri.tech/ords/api/v1/customer/individual/searchprofile,82,0,78
1779799529577,50,SearchIndividual,429,Too Many Requests,SearchIndividual 2-448,text,false,,417,2602,6,405,https://api-scuda.uat.oci.krungsri.tech/ords/api/v1/customer/individual/searchprofile,50,0,45
1779799529603,27,SearchIndividual,200,OK,SearchIndividual 2-450,text,true,,1195,2602,5,404,https://api-scuda.uat.oci.krungsri.tech/ords/api/v1/customer/individual/searchprofile,26,0,13
1779799529560,70,SearchIndividual,429,Too Many Requests,SearchIndividual 2-447,text,false,,417,2601,4,403,https://api-scuda.uat.oci.krungsri.tech/ords/api/v1/customer/individual/searchprofile,70,0,64
1779799529603,33,SearchIndividual,200,OK,SearchIndividual 2-451,text,true,,1141,2602,4,403,https://api-scuda.uat.oci.krungsri.tech/ords/api/v1/customer/individual/searchprofile,32,0,19
1779799529621,30,SearchIndividual,200,OK,SearchIndividual 2-453,text,true,,1147,2602,3,403,https://api-scuda.uat.oci.krungsri.tech/ords/api/v1/customer/individual/searchprofile,30,0,16
1779799529620,45,SearchIndividual,429,Too Many Requests,SearchIndividual 2-452,text,false,,417,2602,4,405,https://api-scuda.uat.oci.krungsri.tech/ords/api/v1/customer/individual/searchprofile,45,0,42
1779799529632,34,SearchIndividual,200,OK,SearchIndividual 2-454,text,true,,1169,2602,4,405,https://api-scuda.uat.oci.krungsri.tech/ords/api/v1/customer/individual/searchprofile,34,0,22
1779799529632,41,UpdateIndividual,429,Too Many Requests,UpdateIndividual 4-182,text,false,,417,4228,130,403,https://api-scuda.uat.oci.krungsri.tech/ic/api/v1/customer/individual/updateprofile,41,0,35
1779799529645,35,UpdateIndividual,429,Too Many Requests,UpdateIndividual 4-183,text,false,,417,5568,129,403,https://api-scuda.uat.oci.krungsri.tech/ic/api/v1/customer/individual/updateprofile,35,0,24
1779799529656,35,SearchIndividual,200,OK,SearchIndividual 2-455,text,true,,1200,2601,2,404,https://api-scuda.uat.oci.krungsri.tech/ords/api/v1/customer/individual/searchprofile,34,0,22
1779799529662,29,SearchIndividual,200,OK,SearchIndividual 2-456,text,true,,1185,2602,2,404,https://api-scuda.uat.oci.krungsri.tech/ords/api/v1/customer/individual/searchprofile,29,0,17
1779799529680,23,GetIndividual,429,Too Many Requests,GetIndividual 1-273,text,false,,417,3588,206,404,https://api-scuda.uat.oci.krungsri.tech/ic/api/v1/customer/individual/getprofile,23,0,20
1779799529683,29,GetIndividual,429,Too Many Requests,GetIndividual 1-274,text,false,,417,3587,206,406,https://api-scuda.uat.oci.krungsri.tech/ic/api/v1/customer/individual/getprofile,29,0,21
1779799529690,31,SearchJoint,200,OK,SearchJoint 10-14,text,true,,621,2627,1,407,https://api-scuda.uat.oci.krungsri.tech/ords/api/v1/customer/joint/searchprofile,30,0,18
1779799529692,40,SearchIndividual,429,Too Many Requests,SearchIndividual 2-457,text,false,,417,2601,1,407,https://api-scuda.uat.oci.krungsri.tech/ords/api/v1/customer/individual/searchprofile,40,0,34
1779799529712,62,GetIndividual,429,Too Many Requests,GetIndividual 1-276,text,false,,417,3588,210,412,https://api-scuda.uat.oci.krungsri.tech/ic/api/v1/customer/individual/getprofile,62,0,50
1779799529716,60,UpdateIndividual,429,Too Many Requests,UpdateIndividual 4-184,text,false,,417,5609,131,412,https://api-scuda.uat.oci.krungsri.tech/ic/api/v1/customer/individual/updateprofile,60,0,52
1779799529751,34,SearchIndividual,429,Too Many Requests,SearchIndividual 2-458,text,false,,417,2602,2,411,https://api-scuda.uat.oci.krungsri.tech/ords/api/v1/customer/individual/searchprofile,34,0,31
1779799529756,29,SearchIndividual,429,Too Many Requests,SearchIndividual 2-459,text,false,,417,2602,2,411,https://api-scuda.uat.oci.krungsri.tech/ords/api/v1/customer/individual/searchprofile,29,0,25
1779799529794,26,SearchIndividual,200,OK,SearchIndividual 2-460,text,true,,1169,2602,1,413,https://api-scuda.uat.oci.krungsri.tech/ords/api/v1/customer/individual/searchprofile,26,0,14
1779799529841,26,SearchIndividual,200,OK,SearchIndividual 2-462,text,true,,1185,2602,3,417,https://api-scuda.uat.oci.krungsri.tech/ords/api/v1/customer/individual/searchprofile,25,0,11
1779799529840,36,SearchIndividual,200,OK,SearchIndividual 2-461,text,true,,1205,2602,2,417,https://api-scuda.uat.oci.krungsri.tech/ords/api/v1/customer/individual/searchprofile,35,0,23
1779799529854,23,SearchIndividual,429,Too Many Requests,SearchIndividual 2-463,text,false,,417,2602,1,417,https://api-scuda.uat.oci.krungsri.tech/ords/api/v1/customer/individual/searchprofile,23,0,22
1779799529870,22,SearchJuristic,429,Too Many Requests,SearchJuristic 6-14,text,false,,417,2599,1,418,https://api-scuda.uat.oci.krungsri.tech/ords/api/v1/customer/juristic/searchprofile,22,0,16
1779799529865,31,GetIndividual,429,Too Many Requests,GetIndividual 1-284,text,false,,417,3588,214,417,https://api-scuda.uat.oci.krungsri.tech/ic/api/v1/customer/individual/getprofile,31,0,24
1779799529885,18,GetIndividual,429,Too Many Requests,GetIndividual 1-286,text,false,,417,3588,215,418,https://api-scuda.uat.oci.krungsri.tech/ic/api/v1/customer/individual/getprofile,18,0,15
1779799529880,26,GetIndividual,429,Too Many Requests,GetIndividual 1-285,text,false,,417,3588,215,418,https://api-scuda.uat.oci.krungsri.tech/ic/api/v1/customer/individual/getprofile,26,0,24
1779799529888,33,SearchIndividual,200,OK,SearchIndividual 2-464,text,true,,1243,2602,2,421,https://api-scuda.uat.oci.krungsri.tech/ords/api/v1/customer/individual/searchprofile,33,0,20
1779799529909,24,GetIndividual,429,Too Many Requests,GetIndividual 1-288,text,false,,417,3588,213,418,https://api-scuda.uat.oci.krungsri.tech/ic/api/v1/customer/individual/getprofile,24,0,22
1779799529910,24,SearchIndividual,429,Too Many Requests,SearchIndividual 2-465,text,false,,417,2602,2,417,https://api-scuda.uat.oci.krungsri.tech/ords/api/v1/customer/individual/searchprofile,24,0,22
1779799529921,24,UpdateIndividual,429,Too Many Requests,UpdateIndividual 4-189,text,false,,417,5698,133,417,https://api-scuda.uat.oci.krungsri.tech/ic/api/v1/customer/individual/updateprofile,24,0,21
1779799529926,34,SearchIndividual,200,OK,SearchIndividual 2-466,text,true,,1123,2602,4,420,https://api-scuda.uat.oci.krungsri.tech/ords/api/v1/customer/individual/searchprofile,34,0,21
1779799529948,29,SearchIndividual,200,OK,SearchIndividual 2-467,text,true,,1199,2602,3,420,https://api-scuda.uat.oci.krungsri.tech/ords/api/v1/customer/individual/searchprofile,28,0,16
1779799529961,22,SearchIndividual,200,OK,SearchIndividual 2-469,text,true,,1157,2602,2,421,https://api-scuda.uat.oci.krungsri.tech/ords/api/v1/customer/individual/searchprofile,22,0,10
1779799529964,29,UpdateIndividual,429,Too Many Requests,UpdateIndividual 4-190,text,false,,417,5625,134,421,https://api-scuda.uat.oci.krungsri.tech/ic/api/v1/customer/individual/updateprofile,29,0,26
1779799529983,16,GetIndividual,429,Too Many Requests,GetIndividual 1-291,text,false,,417,3588,216,421,https://api-scuda.uat.oci.krungsri.tech/ic/api/v1/customer/individual/getprofile,16,0,14
1779799529978,22,UpdateIndividual,429,Too Many Requests,UpdateIndividual 4-191,text,false,,417,5645,133,421,https://api-scuda.uat.oci.krungsri.tech/ic/api/v1/customer/individual/updateprofile,22,0,20
1779799529983,32,GetIndividual,429,Too Many Requests,GetIndividual 1-290,text,false,,417,3588,215,420,https://api-scuda.uat.oci.krungsri.tech/ic/api/v1/customer/individual/getprofile,32,0,18
1779799529959,57,SearchIndividual,200,OK,SearchIndividual 2-468,text,true,,1229,2602,4,420,https://api-scuda.uat.oci.krungsri.tech/ords/api/v1/customer/individual/searchprofile,56,0,34
1779799529989,29,SearchIndividual,429,Too Many Requests,SearchIndividual 2-470,text,false,,417,2602,3,419,https://api-scuda.uat.oci.krungsri.tech/ords/api/v1/customer/individual/searchprofile,29,0,24
1779799530017,14,SearchIndividual,429,Too Many Requests,SearchIndividual 2-472,text,false,,417,2601,4,422,https://api-scuda.uat.oci.krungsri.tech/ords/api/v1/customer/individual/searchprofile,14,0,11
1779799530022,22,GetIndividual,429,Too Many Requests,GetIndividual 1-294,text,false,,417,3588,217,423,https://api-scuda.uat.oci.krungsri.tech/ic/api/v1/customer/individual/getprofile,22,0,20
1779799530021,24,GetIndividual,429,Too Many Requests,GetIndividual 1-293,text,false,,417,3588,216,422,https://api-scuda.uat.oci.krungsri.tech/ic/api/v1/customer/individual/getprofile,24,0,21
1779799530009,43,SearchIndividual,200,OK,SearchIndividual 2-471,text,true,,1179,2602,3,421,https://api-scuda.uat.oci.krungsri.tech/ords/api/v1/customer/individual/searchprofile,43,0,31
1779799530035,19,GetIndividual,429,Too Many Requests,GetIndividual 1-295,text,false,,417,3588,216,421,https://api-scuda.uat.oci.krungsri.tech/ic/api/v1/customer/individual/getprofile,19,0,15
1779799530047,17,UpdateIndividual,429,Too Many Requests,UpdateIndividual 4-192,text,false,,417,5646,133,422,https://api-scuda.uat.oci.krungsri.tech/ic/api/v1/customer/individual/updateprofile,17,0,15
1779799530059,16,SearchIndividual,429,Too Many Requests,SearchIndividual 2-476,text,false,,417,2602,5,423,https://api-scuda.uat.oci.krungsri.tech/ords/api/v1/customer/individual/searchprofile,16,0,14
1779799530059,17,SearchIndividual,429,Too Many Requests,SearchIndividual 2-475,text,false,,417,2602,5,423,https://api-scuda.uat.oci.krungsri.tech/ords/api/v1/customer/individual/searchprofile,17,0,15
1779799530054,26,GetIndividual,429,Too Many Requests,GetIndividual 1-296,text,false,,417,3588,215,421,https://api-scuda.uat.oci.krungsri.tech/ic/api/v1/customer/individual/getprofile,25,0,24
1779799530031,54,SearchIndividual,200,OK,SearchIndividual 2-474,text,true,,1251,2602,3,420,https://api-scuda.uat.oci.krungsri.tech/ords/api/v1/customer/individual/searchprofile,54,0,24
1779799530075,17,SearchIndividual,429,Too Many Requests,SearchIndividual 2-477,text,false,,417,2602,2,419,https://api-scuda.uat.oci.krungsri.tech/ords/api/v1/customer/individual/searchprofile,17,0,15
1779799530077,18,UpdateIndividual,429,Too Many Requests,UpdateIndividual 4-193,text,false,,417,4228,133,418,https://api-scuda.uat.oci.krungsri.tech/ic/api/v1/customer/individual/updateprofile,18,0,17
1779799530019,104,SearchIndividual,200,OK,SearchIndividual 2-473,text,true,,1161,2602,6,424,https://api-scuda.uat.oci.krungsri.tech/ords/api/v1/customer/individual/searchprofile,102,0,67
1779799530103,33,SearchIndividual,200,OK,SearchIndividual 2-478,text,true,,1175,2602,6,425,https://api-scuda.uat.oci.krungsri.tech/ords/api/v1/customer/individual/searchprofile,32,0,20
1779799530115,24,SearchIndividual,429,Too Many Requests,SearchIndividual 2-481,text,false,,417,2602,5,424,https://api-scuda.uat.oci.krungsri.tech/ords/api/v1/customer/individual/searchprofile,24,0,23
1779799530120,28,SearchIndividual,429,Too Many Requests,SearchIndividual 2-482,text,false,,417,2602,6,425,https://api-scuda.uat.oci.krungsri.tech/ords/api/v1/customer/individual/searchprofile,28,0,26
1779799530129,25,GetIndividual,429,Too Many Requests,GetIndividual 1-298,text,false,,417,3588,217,426,https://api-scuda.uat.oci.krungsri.tech/ic/api/v1/customer/individual/getprofile,25,0,22
1779799530131,24,SearchIndividual,429,Too Many Requests,SearchIndividual 2-483,text,false,,417,2602,5,426,https://api-scuda.uat.oci.krungsri.tech/ords/api/v1/customer/individual/searchprofile,24,0,20
1779799530149,16,GetIndividual,429,Too Many Requests,GetIndividual 1-299,text,false,,417,3587,216,426,https://api-scuda.uat.oci.krungsri.tech/ic/api/v1/customer/individual/getprofile,16,0,14
1779799530144,34,SearchIndividual,200,OK,SearchIndividual 2-485,text,true,,1159,2602,5,425,https://api-scuda.uat.oci.krungsri.tech/ords/api/v1/customer/individual/searchprofile,34,0,22
1779799530142,38,SearchIndividual,200,OK,SearchIndividual 2-484,text,true,,1167,2602,4,424,https://api-scuda.uat.oci.krungsri.tech/ords/api/v1/customer/individual/searchprofile,37,0,25
1779799530189,29,UpdateIndividual,429,Too Many Requests,UpdateIndividual 4-197,text,false,,417,5573,136,427,https://api-scuda.uat.oci.krungsri.tech/ic/api/v1/customer/individual/updateprofile,29,0,27
1779799530188,31,SearchIndividual,429,Too Many Requests,SearchIndividual 2-487,text,false,,417,2602,6,427,https://api-scuda.uat.oci.krungsri.tech/ords/api/v1/customer/individual/searchprofile,31,0,26
1779799530209,14,SearchIndividual,429,Too Many Requests,SearchIndividual 2-489,text,false,,417,2601,5,425,https://api-scuda.uat.oci.krungsri.tech/ords/api/v1/customer/individual/searchprofile,14,0,12
1779799530112,123,SearchIndividual,200,OK,SearchIndividual 2-480,text,true,,1125,2602,5,425,https://api-scuda.uat.oci.krungsri.tech/ords/api/v1/customer/individual/searchprofile,122,0,78
1779799530109,126,SearchIndividual,200,OK,SearchIndividual 2-479,text,true,,1263,2602,5,425,https://api-scuda.uat.oci.krungsri.tech/ords/api/v1/customer/individual/searchprofile,126,0,83
1779799530205,40,SearchIndividual,200,OK,SearchIndividual 2-488,text,true,,1181,2602,6,426,https://api-scuda.uat.oci.krungsri.tech/ords/api/v1/customer/individual/searchprofile,39,0,26
1779799530231,22,SearchIndividual,429,Too Many Requests,SearchIndividual 2-490,text,false,,417,2602,5,425,https://api-scuda.uat.oci.krungsri.tech/ords/api/v1/customer/individual/searchprofile,22,0,20
1779799530243,20,SearchIndividual,429,Too Many Requests,SearchIndividual 2-492,text,false,,417,2602,5,427,https://api-scuda.uat.oci.krungsri.tech/ords/api/v1/customer/individual/searchprofile,20,0,18
1779799530246,18,SearchIndividual,429,Too Many Requests,SearchIndividual 2-493,text,false,,417,2602,4,426,https://api-scuda.uat.oci.krungsri.tech/ords/api/v1/customer/individual/searchprofile,18,0,15
1779799530239,30,SearchIndividual,200,OK,SearchIndividual 2-491,text,true,,1175,2602,3,426,https://api-scuda.uat.oci.krungsri.tech/ords/api/v1/customer/individual/searchprofile,30,0,14
1779799530260,15,SearchIndividual,429,Too Many Requests,SearchIndividual 2-494,text,false,,417,2602,3,427,https://api-scuda.uat.oci.krungsri.tech/ords/api/v1/customer/individual/searchprofile,15,0,11
1779799530259,19,GetIndividual,429,Too Many Requests,GetIndividual 1-300,text,false,,417,3588,218,428,https://api-scuda.uat.oci.krungsri.tech/ic/api/v1/customer/individual/getprofile,19,0,16
1779799530259,19,GetIndividual,429,Too Many Requests,GetIndividual 1-301,text,false,,417,3587,218,428,https://api-scuda.uat.oci.krungsri.tech/ic/api/v1/customer/individual/getprofile,19,0,16
1779799530276,11,GetJoint,429,Too Many Requests,GetJoint 9-14,text,false,,417,3529,10,428,https://api-scuda.uat.oci.krungsri.tech/ic/api/v1/customer/joint/getprofile,11,0,9
1779799530161,139,SearchIndividual,200,OK,SearchIndividual 2-486,text,true,,1227,2602,4,429,https://api-scuda.uat.oci.krungsri.tech/ords/api/v1/customer/individual/searchprofile,139,0,51
1779799530284,40,SearchIndividual,200,OK,SearchIndividual 2-497,text,true,,1181,2602,6,431,https://api-scuda.uat.oci.krungsri.tech/ords/api/v1/customer/individual/searchprofile,40,0,19
1779799530276,51,SearchIndividual,200,OK,SearchIndividual 2-496,text,true,,1186,2601,5,430,https://api-scuda.uat.oci.krungsri.tech/ords/api/v1/customer/individual/searchprofile,50,0,25
1779799530276,59,SearchIndividual,200,OK,SearchIndividual 2-495,text,true,,1174,2601,4,431,https://api-scuda.uat.oci.krungsri.tech/ords/api/v1/customer/individual/searchprofile,58,0,28
1779799530313,23,SearchIndividual,429,Too Many Requests,SearchIndividual 2-499,text,false,,417,2602,4,431,https://api-scuda.uat.oci.krungsri.tech/ords/api/v1/customer/individual/searchprofile,23,0,20
1779799530305,41,SearchIndividual,200,OK,SearchIndividual 2-498,text,true,,1175,2602,3,431,https://api-scuda.uat.oci.krungsri.tech/ords/api/v1/customer/individual/searchprofile,41,0,20
1779799530332,18,GetIndividual,429,Too Many Requests,GetIndividual 1-305,text,false,,417,3588,220,431,https://api-scuda.uat.oci.krungsri.tech/ic/api/v1/customer/individual/getprofile,18,0,14
1779799530324,30,SearchIndividual,429,Too Many Requests,SearchIndividual 2-500,text,false,,417,2602,3,430,https://api-scuda.uat.oci.krungsri.tech/ords/api/v1/customer/individual/searchprofile,30,0,26
1779799530336,18,SearchIndividual,429,Too Many Requests,SearchIndividual 2-501,text,false,,417,2602,3,430,https://api-scuda.uat.oci.krungsri.tech/ords/api/v1/customer/individual/searchprofile,18,0,17
1779799530335,21,GetIndividual,429,Too Many Requests,GetIndividual 1-306,text,false,,417,3588,219,428,https://api-scuda.uat.oci.krungsri.tech/ic/api/v1/customer/individual/getprofile,21,0,19
1779799530347,18,CreateIndividual,429,Too Many Requests,CreateIndividual 3-14,text,false,,417,7846,12,427,https://api-scuda.uat.oci.krungsri.tech/ic/api/v1/customer/individual/createprofile,18,0,15
1779799530347,41,SearchIndividual,200,OK,SearchIndividual 2-502,text,true,,1121,2602,2,428,https://api-scuda.uat.oci.krungsri.tech/ords/api/v1/customer/individual/searchprofile,40,0,29
1779799530380,20,GetIndividual,429,Too Many Requests,GetIndividual 1-307,text,false,,417,3588,220,430,https://api-scuda.uat.oci.krungsri.tech/ic/api/v1/customer/individual/getprofile,20,0,18
1779799530373,28,SearchIndividual,200,OK,SearchIndividual 2-503,text,true,,1239,2602,2,430,https://api-scuda.uat.oci.krungsri.tech/ords/api/v1/customer/individual/searchprofile,27,0,16
1779799530394,34,SearchIndividual,200,OK,SearchIndividual 2-504,text,true,,1161,2602,2,431,https://api-scuda.uat.oci.krungsri.tech/ords/api/v1/customer/individual/searchprofile,33,0,20
1779799530418,35,SearchIndividual,200,OK,SearchIndividual 2-505,text,true,,1225,2602,2,432,https://api-scuda.uat.oci.krungsri.tech/ords/api/v1/customer/individual/searchprofile,35,0,23
1779799530443,46,SearchIndividual,200,OK,SearchIndividual 2-506,text,true,,1205,2602,4,436,https://api-scuda.uat.oci.krungsri.tech/ords/api/v1/customer/individual/searchprofile,46,0,32
1779799530465,39,SearchIndividual,200,OK,SearchIndividual 2-508,text,true,,1159,2602,4,438,https://api-scuda.uat.oci.krungsri.tech/ords/api/v1/customer/individual/searchprofile,38,0,24
1779799530491,29,GetIndividual,429,Too Many Requests,GetIndividual 1-311,text,false,,417,3588,223,441,https://api-scuda.uat.oci.krungsri.tech/ic/api/v1/customer/individual/getprofile,29,0,26
1779799530516,14,UpdateIndividual,429,Too Many Requests,UpdateIndividual 4-202,text,false,,417,5565,142,442,https://api-scuda.uat.oci.krungsri.tech/ic/api/v1/customer/individual/updateprofile,14,0,11
1779799530495,36,GetIndividual,429,Too Many Requests,GetIndividual 1-312,text,false,,417,3588,222,441,https://api-scuda.uat.oci.krungsri.tech/ic/api/v1/customer/individual/getprofile,36,0,33
1779799530478,53,SearchIndividual,200,OK,SearchIndividual 2-509,text,true,,1163,2602,5,441,https://api-scuda.uat.oci.krungsri.tech/ords/api/v1/customer/individual/searchprofile,53,0,28
1779799530456,76,SearchIndividual,200,OK,SearchIndividual 2-507,text,true,,1167,2602,5,441,https://api-scuda.uat.oci.krungsri.tech/ords/api/v1/customer/individual/searchprofile,76,0,44
1779799530507,38,GetJuristic,429,Too Many Requests,GetJuristic 5-14,text,false,,417,3533,9,440,https://api-scuda.uat.oci.krungsri.tech/ic/api/v1/customer/juristic/getprofile,38,0,36
1779799530519,27,SearchIndividual,429,Too Many Requests,SearchIndividual 2-511,text,false,,417,2602,4,440,https://api-scuda.uat.oci.krungsri.tech/ords/api/v1/customer/individual/searchprofile,27,0,23
1779799530497,52,SearchIndividual,200,OK,SearchIndividual 2-510,text,true,,1173,2602,3,438,https://api-scuda.uat.oci.krungsri.tech/ords/api/v1/customer/individual/searchprofile,52,0,35
1779799530524,28,SearchIndividual,429,Too Many Requests,SearchIndividual 2-512,text,false,,417,2602,2,437,https://api-scuda.uat.oci.krungsri.tech/ords/api/v1/customer/individual/searchprofile,28,0,26
1779799530538,31,UpdateIndividual,429,Too Many Requests,UpdateIndividual 4-205,text,false,,417,4228,143,438,https://api-scuda.uat.oci.krungsri.tech/ic/api/v1/customer/individual/updateprofile,31,0,27
1779799530525,47,UpdateIndividual,429,Too Many Requests,UpdateIndividual 4-204,text,false,,417,5524,142,438,https://api-scuda.uat.oci.krungsri.tech/ic/api/v1/customer/individual/updateprofile,47,0,39
1779799530563,32,UpdateIndividual,429,Too Many Requests,UpdateIndividual 4-206,text,false,,417,5577,141,438,https://api-scuda.uat.oci.krungsri.tech/ic/api/v1/customer/individual/updateprofile,32,0,29
1779799530554,51,SearchIndividual,200,OK,SearchIndividual 2-514,text,true,,1171,2602,3,438,https://api-scuda.uat.oci.krungsri.tech/ords/api/v1/customer/individual/searchprofile,51,0,34
1779799530544,65,SearchIndividual,200,OK,SearchIndividual 2-513,text,true,,1143,2602,3,439,https://api-scuda.uat.oci.krungsri.tech/ords/api/v1/customer/individual/searchprofile,64,0,46
1779799530609,22,SearchIndividual,429,Too Many Requests,SearchIndividual 2-516,text,false,,417,2602,2,440,https://api-scuda.uat.oci.krungsri.tech/ords/api/v1/customer/individual/searchprofile,22,0,20
1779799530612,32,UpdateIndividual,429,Too Many Requests,UpdateIndividual 4-207,text,false,,417,5571,143,441,https://api-scuda.uat.oci.krungsri.tech/ic/api/v1/customer/individual/updateprofile,32,0,29
1779799530602,44,SearchIndividual,200,OK,SearchIndividual 2-515,text,true,,1167,2600,4,441,https://api-scuda.uat.oci.krungsri.tech/ords/api/v1/customer/individual/searchprofile,42,0,25
1779799530634,39,SearchIndividual,200,OK,SearchIndividual 2-517,text,true,,1169,2602,3,442,https://api-scuda.uat.oci.krungsri.tech/ords/api/v1/customer/individual/searchprofile,39,0,23
1779799530640,33,SearchIndividual,200,OK,SearchIndividual 2-518,text,true,,1105,2602,3,442,https://api-scuda.uat.oci.krungsri.tech/ords/api/v1/customer/individual/searchprofile,33,0,20
1779799530646,51,SearchIndividual,200,OK,SearchIndividual 2-519,text,true,,1193,2602,1,440,https://api-scuda.uat.oci.krungsri.tech/ords/api/v1/customer/individual/searchprofile,51,0,29
1779799530721,25,GetIndividual,429,Too Many Requests,GetIndividual 1-316,text,false,,417,3588,225,452,https://api-scuda.uat.oci.krungsri.tech/ic/api/v1/customer/individual/getprofile,25,0,23
1779799530721,29,SearchIndividual,200,OK,SearchIndividual 2-525,text,true,,1195,2602,10,451,https://api-scuda.uat.oci.krungsri.tech/ords/api/v1/customer/individual/searchprofile,29,0,16
1779799530720,31,SearchIndividual,429,Too Many Requests,SearchIndividual 2-524,text,false,,417,2602,10,451,https://api-scuda.uat.oci.krungsri.tech/ords/api/v1/customer/individual/searchprofile,31,0,28
1779799530719,32,SearchIndividual,200,OK,SearchIndividual 2-523,text,true,,1139,2602,9,450,https://api-scuda.uat.oci.krungsri.tech/ords/api/v1/customer/individual/searchprofile,32,0,19
1779799530721,33,SearchIndividual,429,Too Many Requests,SearchIndividual 2-526,text,false,,417,2602,7,448,https://api-scuda.uat.oci.krungsri.tech/ords/api/v1/customer/individual/searchprofile,33,0,31
1779799530722,33,SearchIndividual,200,OK,SearchIndividual 2-527,text,true,,1157,2602,7,448,https://api-scuda.uat.oci.krungsri.tech/ords/api/v1/customer/individual/searchprofile,33,0,20
1779799530718,39,SearchIndividual,429,Too Many Requests,SearchIndividual 2-522,text,false,,417,2602,5,446,https://api-scuda.uat.oci.krungsri.tech/ords/api/v1/customer/individual/searchprofile,39,0,37
1779799530717,42,SearchIndividual,200,OK,SearchIndividual 2-520,text,true,,1147,2602,4,445,https://api-scuda.uat.oci.krungsri.tech/ords/api/v1/customer/individual/searchprofile,41,0,13
1779799530718,51,SearchIndividual,200,OK,SearchIndividual 2-521,text,true,,1177,2602,3,445,https://api-scuda.uat.oci.krungsri.tech/ords/api/v1/customer/individual/searchprofile,51,0,13
1779799530723,54,SearchIndividual,200,OK,SearchIndividual 2-528,text,true,,1219,2602,2,446,https://api-scuda.uat.oci.krungsri.tech/ords/api/v1/customer/individual/searchprofile,53,0,34
1779799530734,46,SearchIndividual,200,OK,SearchIndividual 2-529,text,true,,1203,2602,1,445,https://api-scuda.uat.oci.krungsri.tech/ords/api/v1/customer/individual/searchprofile,45,0,30
1779799530774,53,GetIndividual,429,Too Many Requests,GetIndividual 1-317,text,false,,417,3588,231,454,https://api-scuda.uat.oci.krungsri.tech/ic/api/v1/customer/individual/getprofile,53,0,41
1779799530773,56,GetIndividual,429,Too Many Requests,GetIndividual 1-319,text,false,,417,3588,230,453,https://api-scuda.uat.oci.krungsri.tech/ic/api/v1/customer/individual/getprofile,56,0,50
1779799530786,45,SearchIndividual,429,Too Many Requests,SearchIndividual 2-530,text,false,,417,2602,4,452,https://api-scuda.uat.oci.krungsri.tech/ords/api/v1/customer/individual/searchprofile,45,0,43
1779799530802,46,SearchIndividual,429,Too Many Requests,SearchIndividual 2-532,text,false,,417,2602,3,454,https://api-scuda.uat.oci.krungsri.tech/ords/api/v1/customer/individual/searchprofile,46,0,42
1779799530793,56,SearchIndividual,429,Too Many Requests,SearchIndividual 2-531,text,false,,417,2602,2,453,https://api-scuda.uat.oci.krungsri.tech/ords/api/v1/customer/individual/searchprofile,56,0,52
1779799530814,43,SearchIndividual,429,Too Many Requests,SearchIndividual 2-533,text,false,,417,2602,1,452,https://api-scuda.uat.oci.krungsri.tech/ords/api/v1/customer/individual/searchprofile,43,0,37
1779799530799,59,GetIndividual,429,Too Many Requests,GetIndividual 1-322,text,false,,417,3588,231,452,https://api-scuda.uat.oci.krungsri.tech/ic/api/v1/customer/individual/getprofile,59,0,55
1779799530840,25,GetIndividual,429,Too Many Requests,GetIndividual 1-325,text,false,,417,3588,230,451,https://api-scuda.uat.oci.krungsri.tech/ic/api/v1/customer/individual/getprofile,25,0,22
1779799530834,36,GetIndividual,429,Too Many Requests,GetIndividual 1-324,text,false,,417,3588,229,450,https://api-scuda.uat.oci.krungsri.tech/ic/api/v1/customer/individual/getprofile,36,0,32
1779799530830,50,UpdateIndividual,429,Too Many Requests,UpdateIndividual 4-212,text,false,,417,4231,147,450,https://api-scuda.uat.oci.krungsri.tech/ic/api/v1/customer/individual/updateprofile,50,0,43
1779799530864,20,SearchIndividual,429,Too Many Requests,SearchIndividual 2-534,text,false,,417,2601,1,451,https://api-scuda.uat.oci.krungsri.tech/ords/api/v1/customer/individual/searchprofile,20,0,18
1779799530885,17,UpdateIndividual,429,Too Many Requests,UpdateIndividual 4-215,text,false,,417,5553,148,457,https://api-scuda.uat.oci.krungsri.tech/ic/api/v1/customer/individual/updateprofile,17,0,15
1779799530885,18,GetIndividual,429,Too Many Requests,GetIndividual 1-328,text,false,,417,3588,231,458,https://api-scuda.uat.oci.krungsri.tech/ic/api/v1/customer/individual/getprofile,18,0,16
1779799530889,33,SearchIndividual,200,OK,SearchIndividual 2-536,text,true,,1215,2602,4,460,https://api-scuda.uat.oci.krungsri.tech/ords/api/v1/customer/individual/searchprofile,33,0,20
1779799530889,34,SearchIndividual,200,OK,SearchIndividual 2-535,text,true,,1139,2602,4,460,https://api-scuda.uat.oci.krungsri.tech/ords/api/v1/customer/individual/searchprofile,32,0,18
1779799530903,25,SearchIndividual,429,Too Many Requests,SearchIndividual 2-538,text,false,,417,2602,3,457,https://api-scuda.uat.oci.krungsri.tech/ords/api/v1/customer/individual/searchprofile,25,0,23
1779799530897,35,SearchIndividual,200,OK,SearchIndividual 2-537,text,true,,1198,2601,3,457,https://api-scuda.uat.oci.krungsri.tech/ords/api/v1/customer/individual/searchprofile,35,0,21
1779799530910,23,GetIndividual,429,Too Many Requests,GetIndividual 1-329,text,false,,417,3588,232,456,https://api-scuda.uat.oci.krungsri.tech/ic/api/v1/customer/individual/getprofile,23,0,21
1779799530927,19,SearchIndividual,429,Too Many Requests,SearchIndividual 2-539,text,false,,417,2602,2,456,https://api-scuda.uat.oci.krungsri.tech/ords/api/v1/customer/individual/searchprofile,19,0,17
1779799530923,24,GetIndividual,429,Too Many Requests,GetIndividual 1-330,text,false,,417,3588,231,456,https://api-scuda.uat.oci.krungsri.tech/ic/api/v1/customer/individual/getprofile,24,0,20
1779799530930,35,SearchIndividual,200,OK,SearchIndividual 2-540,text,true,,1145,2602,4,461,https://api-scuda.uat.oci.krungsri.tech/ords/api/v1/customer/individual/searchprofile,35,0,21
1779799530949,23,UpdateIndividual,429,Too Many Requests,UpdateIndividual 4-217,text,false,,417,4229,149,463,https://api-scuda.uat.oci.krungsri.tech/ic/api/v1/customer/individual/updateprofile,23,0,20
1779799530952,27,SearchIndividual,429,Too Many Requests,SearchIndividual 2-541,text,false,,417,2602,4,463,https://api-scuda.uat.oci.krungsri.tech/ords/api/v1/customer/individual/searchprofile,27,0,21
1779799530958,22,GetIndividual,429,Too Many Requests,GetIndividual 1-332,text,false,,417,3587,235,462,https://api-scuda.uat.oci.krungsri.tech/ic/api/v1/customer/individual/getprofile,22,0,20
1779799530968,18,UpdateIndividual,429,Too Many Requests,UpdateIndividual 4-218,text,false,,417,5563,148,461,https://api-scuda.uat.oci.krungsri.tech/ic/api/v1/customer/individual/updateprofile,18,0,15
1779799530970,18,GetIndividual,429,Too Many Requests,GetIndividual 1-334,text,false,,417,3588,234,460,https://api-scuda.uat.oci.krungsri.tech/ic/api/v1/customer/individual/getprofile,18,0,16
1779799530959,29,SearchIndividual,429,Too Many Requests,SearchIndividual 2-542,text,false,,417,2602,3,460,https://api-scuda.uat.oci.krungsri.tech/ords/api/v1/customer/individual/searchprofile,29,0,25
1779799530969,19,SearchJoint,429,Too Many Requests,SearchJoint 10-15,text,false,,417,2627,1,460,https://api-scuda.uat.oci.krungsri.tech/ords/api/v1/customer/joint/searchprofile,19,0,17
1779799530971,18,SearchIndividual,429,Too Many Requests,SearchIndividual 2-544,text,false,,417,2600,3,459,https://api-scuda.uat.oci.krungsri.tech/ords/api/v1/customer/individual/searchprofile,18,0,16
1779799530992,28,SearchIndividual,429,Too Many Requests,SearchIndividual 2-545,text,false,,417,2602,3,462,https://api-scuda.uat.oci.krungsri.tech/ords/api/v1/customer/individual/searchprofile,28,0,22
1779799531012,23,GetIndividual,429,Too Many Requests,GetIndividual 1-336,text,false,,417,3588,236,462,https://api-scuda.uat.oci.krungsri.tech/ic/api/v1/customer/individual/getprofile,23,0,19
1779799531017,24,SearchJuristic,429,Too Many Requests,SearchJuristic 6-15,text,false,,417,2600,1,461,https://api-scuda.uat.oci.krungsri.tech/ords/api/v1/customer/juristic/searchprofile,24,0,22
1779799531017,30,GetJuristic,429,Too Many Requests,GetJuristic 5-15,text,false,,417,3533,9,460,https://api-scuda.uat.oci.krungsri.tech/ic/api/v1/customer/juristic/getprofile,30,0,28
1779799531016,33,GetIndividual,429,Too Many Requests,GetIndividual 1-337,text,false,,417,3588,235,459,https://api-scuda.uat.oci.krungsri.tech/ic/api/v1/customer/individual/getprofile,33,0,31
1779799530965,112,SearchIndividual,200,OK,SearchIndividual 2-543,text,true,,1191,2602,3,460,https://api-scuda.uat.oci.krungsri.tech/ords/api/v1/customer/individual/searchprofile,112,0,46
1779799531061,24,UpdateIndividual,429,Too Many Requests,UpdateIndividual 4-219,text,false,,417,5542,148,460,https://api-scuda.uat.oci.krungsri.tech/ic/api/v1/customer/individual/updateprofile,24,0,20
1779799531018,70,SearchIndividual,429,Too Many Requests,SearchIndividual 2-546,text,false,,417,2602,2,459,https://api-scuda.uat.oci.krungsri.tech/ords/api/v1/customer/individual/searchprofile,70,0,48
1779799531056,52,SearchIndividual,200,OK,SearchIndividual 2-547,text,true,,1149,2602,6,463,https://api-scuda.uat.oci.krungsri.tech/ords/api/v1/customer/individual/searchprofile,52,0,34
1779799531099,30,SearchIndividual,200,OK,SearchIndividual 2-550,text,true,,1193,2602,8,465,https://api-scuda.uat.oci.krungsri.tech/ords/api/v1/customer/individual/searchprofile,29,0,16
1779799531096,45,SearchIndividual,429,Too Many Requests,SearchIndividual 2-549,text,false,,417,2602,8,468,https://api-scuda.uat.oci.krungsri.tech/ords/api/v1/customer/individual/searchprofile,45,0,36
1779799531114,29,SearchIndividual,200,OK,SearchIndividual 2-553,text,true,,1167,2600,7,467,https://api-scuda.uat.oci.krungsri.tech/ords/api/v1/customer/individual/searchprofile,29,0,16
1779799531099,54,SearchIndividual,429,Too Many Requests,SearchIndividual 2-551,text,false,,417,2602,6,467,https://api-scuda.uat.oci.krungsri.tech/ords/api/v1/customer/individual/searchprofile,54,0,51
1779799531101,53,SearchIndividual,429,Too Many Requests,SearchIndividual 2-552,text,false,,417,2602,5,466,https://api-scuda.uat.oci.krungsri.tech/ords/api/v1/customer/individual/searchprofile,53,0,47
1779799531139,21,SearchIndividual,429,Too Many Requests,SearchIndividual 2-556,text,false,,417,2602,5,466,https://api-scuda.uat.oci.krungsri.tech/ords/api/v1/customer/individual/searchprofile,21,0,19
1779799531114,52,SearchIndividual,429,Too Many Requests,SearchIndividual 2-554,text,false,,417,2600,6,467,https://api-scuda.uat.oci.krungsri.tech/ords/api/v1/customer/individual/searchprofile,52,0,50
1779799531124,43,SearchIndividual,429,Too Many Requests,SearchIndividual 2-555,text,false,,417,2602,5,466,https://api-scuda.uat.oci.krungsri.tech/ords/api/v1/customer/individual/searchprofile,43,0,40
1779799531092,76,SearchIndividual,429,Too Many Requests,SearchIndividual 2-548,text,false,,417,2602,5,466,https://api-scuda.uat.oci.krungsri.tech/ords/api/v1/customer/individual/searchprofile,76,0,73
1779799531159,33,SearchIndividual,429,Too Many Requests,SearchIndividual 2-557,text,false,,417,2602,3,466,https://api-scuda.uat.oci.krungsri.tech/ords/api/v1/customer/individual/searchprofile,33,0,25
1779799531163,34,SearchIndividual,429,Too Many Requests,SearchIndividual 2-558,text,false,,417,2602,2,466,https://api-scuda.uat.oci.krungsri.tech/ords/api/v1/customer/individual/searchprofile,34,0,30
1779799531164,33,SearchIndividual,429,Too Many Requests,SearchIndividual 2-559,text,false,,417,2602,2,466,https://api-scuda.uat.oci.krungsri.tech/ords/api/v1/customer/individual/searchprofile,33,0,30
1779799531207,31,SearchIndividual,200,OK,SearchIndividual 2-561,text,true,,1159,2602,5,470,https://api-scuda.uat.oci.krungsri.tech/ords/api/v1/customer/individual/searchprofile,30,0,15
1779799531207,57,SearchIndividual,429,Too Many Requests,SearchIndividual 2-560,text,false,,417,2602,8,475,https://api-scuda.uat.oci.krungsri.tech/ords/api/v1/customer/individual/searchprofile,57,0,54
1779799531220,47,UpdateIndividual,429,Too Many Requests,UpdateIndividual 4-223,text,false,,417,5663,151,474,https://api-scuda.uat.oci.krungsri.tech/ic/api/v1/customer/individual/updateprofile,47,0,45
1779799531218,52,SearchIndividual,429,Too Many Requests,SearchIndividual 2-563,text,false,,417,2601,7,473,https://api-scuda.uat.oci.krungsri.tech/ords/api/v1/customer/individual/searchprofile,52,0,44
1779799531217,53,SearchIndividual,429,Too Many Requests,SearchIndividual 2-562,text,false,,417,2602,7,473,https://api-scuda.uat.oci.krungsri.tech/ords/api/v1/customer/individual/searchprofile,53,0,49
1779799531232,43,SearchIndividual,200,OK,SearchIndividual 2-564,text,true,,1163,2602,5,471,https://api-scuda.uat.oci.krungsri.tech/ords/api/v1/customer/individual/searchprofile,42,0,17
1779799531263,21,GetIndividual,429,Too Many Requests,GetIndividual 1-344,text,false,,417,3588,240,472,https://api-scuda.uat.oci.krungsri.tech/ic/api/v1/customer/individual/getprofile,21,0,18
1779799531130,162,GetIndividual,429,Too Many Requests,GetIndividual 1-340,text,false,,417,3587,239,471,https://api-scuda.uat.oci.krungsri.tech/ic/api/v1/customer/individual/getprofile,162,0,141
1779799531242,56,SearchIndividual,429,Too Many Requests,SearchIndividual 2-566,text,false,,417,2602,6,470,https://api-scuda.uat.oci.krungsri.tech/ords/api/v1/customer/individual/searchprofile,56,0,48
1779799531260,42,SearchIndividual,200,OK,SearchIndividual 2-568,text,true,,1203,2602,5,470,https://api-scuda.uat.oci.krungsri.tech/ords/api/v1/customer/individual/searchprofile,42,0,29
1779799531245,58,SearchIndividual,200,OK,SearchIndividual 2-567,text,true,,1229,2602,5,470,https://api-scuda.uat.oci.krungsri.tech/ords/api/v1/customer/individual/searchprofile,58,0,31
1779799531301,29,GetIndividual,429,Too Many Requests,GetIndividual 1-345,text,false,,417,3588,240,471,https://api-scuda.uat.oci.krungsri.tech/ic/api/v1/customer/individual/getprofile,29,0,25
1779799531305,26,SearchIndividual,429,Too Many Requests,SearchIndividual 2-571,text,false,,417,2602,4,470,https://api-scuda.uat.oci.krungsri.tech/ords/api/v1/customer/individual/searchprofile,26,0,21
1779799531280,55,SearchIndividual,200,OK,SearchIndividual 2-570,text,true,,1181,2602,3,469,https://api-scuda.uat.oci.krungsri.tech/ords/api/v1/customer/individual/searchprofile,55,0,32
1779799531240,95,SearchIndividual,200,OK,SearchIndividual 2-565,text,true,,1169,2602,3,470,https://api-scuda.uat.oci.krungsri.tech/ords/api/v1/customer/individual/searchprofile,95,0,37
1779799531279,61,SearchIndividual,429,Too Many Requests,SearchIndividual 2-569,text,false,,417,2601,1,468,https://api-scuda.uat.oci.krungsri.tech/ords/api/v1/customer/individual/searchprofile,61,0,52
1779799531315,27,GetIndividual,429,Too Many Requests,GetIndividual 1-346,text,false,,417,3588,241,468,https://api-scuda.uat.oci.krungsri.tech/ic/api/v1/customer/individual/getprofile,27,0,23
1779799531336,20,GetIndividual,429,Too Many Requests,GetIndividual 1-347,text,false,,417,3587,240,469,https://api-scuda.uat.oci.krungsri.tech/ic/api/v1/customer/individual/getprofile,20,0,18
1779799531348,28,SearchIndividual,429,Too Many Requests,SearchIndividual 2-572,text,false,,417,2602,2,473,https://api-scuda.uat.oci.krungsri.tech/ords/api/v1/customer/individual/searchprofile,28,0,26
1779799531354,38,CreateIndividual,429,Too Many Requests,CreateIndividual 3-15,text,false,,417,8375,12,474,https://api-scuda.uat.oci.krungsri.tech/ic/api/v1/customer/individual/createprofile,38,0,35
1779799531366,27,UpdateIndividual,429,Too Many Requests,UpdateIndividual 4-225,text,false,,417,5583,155,474,https://api-scuda.uat.oci.krungsri.tech/ic/api/v1/customer/individual/updateprofile,27,0,23
1779799531359,41,SearchIndividual,200,OK,SearchIndividual 2-573,text,true,,1187,2602,1,473,https://api-scuda.uat.oci.krungsri.tech/ords/api/v1/customer/individual/searchprofile,40,0,21
1779799531388,36,UpdateIndividual,429,Too Many Requests,UpdateIndividual 4-228,text,false,,417,4227,155,476,https://api-scuda.uat.oci.krungsri.tech/ic/api/v1/customer/individual/updateprofile,36,0,32
1779799531403,31,SearchIndividual,429,Too Many Requests,SearchIndividual 2-575,text,false,,417,2602,2,475,https://api-scuda.uat.oci.krungsri.tech/ords/api/v1/customer/individual/searchprofile,31,0,28
1779799531418,19,UpdateIndividual,429,Too Many Requests,UpdateIndividual 4-229,text,false,,417,4227,154,474,https://api-scuda.uat.oci.krungsri.tech/ic/api/v1/customer/individual/updateprofile,19,0,15
1779799531402,36,SearchIndividual,429,Too Many Requests,SearchIndividual 2-574,text,false,,417,2602,1,474,https://api-scuda.uat.oci.krungsri.tech/ords/api/v1/customer/individual/searchprofile,36,0,34
1779799531404,36,GetIndividual,429,Too Many Requests,GetIndividual 1-351,text,false,,417,3587,242,472,https://api-scuda.uat.oci.krungsri.tech/ic/api/v1/customer/individual/getprofile,36,0,33
1779799531449,14,UpdateIndividual,429,Too Many Requests,UpdateIndividual 4-230,text,false,,417,4227,154,475,https://api-scuda.uat.oci.krungsri.tech/ic/api/v1/customer/individual/updateprofile,14,0,13
1779799531445,20,GetIndividual,429,Too Many Requests,GetIndividual 1-352,text,false,,417,3588,242,475,https://api-scuda.uat.oci.krungsri.tech/ic/api/v1/customer/individual/getprofile,20,0,18
1779799531447,42,SearchIndividual,200,OK,SearchIndividual 2-576,text,true,,1167,2602,6,481,https://api-scuda.uat.oci.krungsri.tech/ords/api/v1/customer/individual/searchprofile,42,0,28
1779799531473,22,SearchIndividual,429,Too Many Requests,SearchIndividual 2-581,text,false,,417,2602,6,481,https://api-scuda.uat.oci.krungsri.tech/ords/api/v1/customer/individual/searchprofile,22,0,20
1779799531458,48,SearchIndividual,200,OK,SearchIndividual 2-577,text,true,,1207,2602,5,481,https://api-scuda.uat.oci.krungsri.tech/ords/api/v1/customer/individual/searchprofile,48,0,32
1779799531468,41,SearchIndividual,200,OK,SearchIndividual 2-579,text,true,,1177,2602,4,480,https://api-scuda.uat.oci.krungsri.tech/ords/api/v1/customer/individual/searchprofile,40,0,17
1779799531472,41,SearchIndividual,200,OK,SearchIndividual 2-580,text,true,,1102,2601,3,480,https://api-scuda.uat.oci.krungsri.tech/ords/api/v1/customer/individual/searchprofile,41,0,23
1779799531465,48,SearchIndividual,200,OK,SearchIndividual 2-578,text,true,,1217,2602,3,480,https://api-scuda.uat.oci.krungsri.tech/ords/api/v1/customer/individual/searchprofile,48,0,35
1779799531494,31,SearchIndividual,200,OK,SearchIndividual 2-582,text,true,,1249,2602,2,480,https://api-scuda.uat.oci.krungsri.tech/ords/api/v1/customer/individual/searchprofile,30,0,16
1779799531517,24,SearchIndividual,429,Too Many Requests,SearchIndividual 2-583,text,false,,417,2602,3,482,https://api-scuda.uat.oci.krungsri.tech/ords/api/v1/customer/individual/searchprofile,24,0,22
1779799531514,28,GetIndividual,429,Too Many Requests,GetIndividual 1-355,text,false,,417,3588,245,482,https://api-scuda.uat.oci.krungsri.tech/ic/api/v1/customer/individual/getprofile,28,0,26
1779799531537,25,GetIndividual,429,Too Many Requests,GetIndividual 1-356,text,false,,417,3588,244,484,https://api-scuda.uat.oci.krungsri.tech/ic/api/v1/customer/individual/getprofile,25,0,21
1779799531550,19,SearchIndividual,429,Too Many Requests,SearchIndividual 2-587,text,false,,417,2602,5,484,https://api-scuda.uat.oci.krungsri.tech/ords/api/v1/customer/individual/searchprofile,19,0,16
1779799531528,47,SearchIndividual,200,OK,SearchIndividual 2-584,text,true,,1203,2602,4,483,https://api-scuda.uat.oci.krungsri.tech/ords/api/v1/customer/individual/searchprofile,46,0,33
1779799531550,25,SearchIndividual,429,Too Many Requests,SearchIndividual 2-586,text,false,,417,2602,3,482,https://api-scuda.uat.oci.krungsri.tech/ords/api/v1/customer/individual/searchprofile,25,0,18
1779799531540,42,SearchIndividual,200,OK,SearchIndividual 2-585,text,true,,1181,2602,2,481,https://api-scuda.uat.oci.krungsri.tech/ords/api/v1/customer/individual/searchprofile,41,0,29
1779799531557,35,UpdateIndividual,429,Too Many Requests,UpdateIndividual 4-235,text,false,,417,4227,159,482,https://api-scuda.uat.oci.krungsri.tech/ic/api/v1/customer/individual/updateprofile,35,0,33
1779799531566,31,SearchIndividual,200,OK,SearchIndividual 2-588,text,true,,1149,2602,3,482,https://api-scuda.uat.oci.krungsri.tech/ords/api/v1/customer/individual/searchprofile,31,0,19
1779799531590,37,SearchIndividual,200,OK,SearchIndividual 2-589,text,true,,1167,2602,2,481,https://api-scuda.uat.oci.krungsri.tech/ords/api/v1/customer/individual/searchprofile,37,0,24
1779799531596,38,SearchIndividual,200,OK,SearchIndividual 2-590,text,true,,1199,2602,2,483,https://api-scuda.uat.oci.krungsri.tech/ords/api/v1/customer/individual/searchprofile,38,0,21
1779799531635,24,SearchIndividual,429,Too Many Requests,SearchIndividual 2-592,text,false,,417,2601,4,488,https://api-scuda.uat.oci.krungsri.tech/ords/api/v1/customer/individual/searchprofile,24,0,23
1779799531637,26,UpdateIndividual,429,Too Many Requests,UpdateIndividual 4-237,text,false,,417,5562,160,489,https://api-scuda.uat.oci.krungsri.tech/ic/api/v1/customer/individual/updateprofile,26,0,25
1779799531631,33,GetIndividual,429,Too Many Requests,GetIndividual 1-358,text,false,,417,3588,247,488,https://api-scuda.uat.oci.krungsri.tech/ic/api/v1/customer/individual/getprofile,33,0,31
1779799531645,25,SearchIndividual,429,Too Many Requests,SearchIndividual 2-593,text,false,,417,2602,6,490,https://api-scuda.uat.oci.krungsri.tech/ords/api/v1/customer/individual/searchprofile,25,0,22
1779799531631,39,SearchIndividual,200,OK,SearchIndividual 2-591,text,true,,1115,2602,6,490,https://api-scuda.uat.oci.krungsri.tech/ords/api/v1/customer/individual/searchprofile,39,0,27
1779799531639,33,GetIndividual,429,Too Many Requests,GetIndividual 1-360,text,false,,417,3588,247,488,https://api-scuda.uat.oci.krungsri.tech/ic/api/v1/customer/individual/getprofile,33,0,31
1779799531663,21,SearchIndividual,429,Too Many Requests,SearchIndividual 2-595,text,false,,417,2602,7,490,https://api-scuda.uat.oci.krungsri.tech/ords/api/v1/customer/individual/searchprofile,21,0,15
1779799531656,33,SearchIndividual,200,OK,SearchIndividual 2-594,text,true,,1174,2601,6,489,https://api-scuda.uat.oci.krungsri.tech/ords/api/v1/customer/individual/searchprofile,33,0,19
1779799531670,23,SearchIndividual,429,Too Many Requests,SearchIndividual 2-597,text,false,,417,2602,5,489,https://api-scuda.uat.oci.krungsri.tech/ords/api/v1/customer/individual/searchprofile,23,0,19
1779799531664,31,UpdateIndividual,429,Too Many Requests,UpdateIndividual 4-238,text,false,,417,5563,160,489,https://api-scuda.uat.oci.krungsri.tech/ic/api/v1/customer/individual/updateprofile,31,0,27
1779799531663,42,SearchIndividual,200,OK,SearchIndividual 2-596,text,true,,1147,2602,4,488,https://api-scuda.uat.oci.krungsri.tech/ords/api/v1/customer/individual/searchprofile,42,0,29
1779799531667,48,GetIndividual,429,Too Many Requests,GetIndividual 1-361,text,false,,417,3588,248,489,https://api-scuda.uat.oci.krungsri.tech/ic/api/v1/customer/individual/getprofile,48,0,29
1779799531674,43,SearchIndividual,200,OK,SearchIndividual 2-598,text,true,,1160,2601,4,489,https://api-scuda.uat.oci.krungsri.tech/ords/api/v1/customer/individual/searchprofile,43,0,28
1779799531675,55,SearchIndividual,429,Too Many Requests,SearchIndividual 2-599,text,false,,417,2601,7,493,https://api-scuda.uat.oci.krungsri.tech/ords/api/v1/customer/individual/searchprofile,55,0,48
1779799531672,62,UpdateJuristic,429,Too Many Requests,UpdateJuristic 8-16,text,false,,417,4426,13,494,https://api-scuda.uat.oci.krungsri.tech/ic/api/v1/customer/juristic/updateprofile,62,0,53
1779799531679,58,SearchIndividual,429,Too Many Requests,SearchIndividual 2-600,text,false,,417,2602,6,493,https://api-scuda.uat.oci.krungsri.tech/ords/api/v1/customer/individual/searchprofile,58,0,44
1779799531698,43,UpdateIndividual,429,Too Many Requests,UpdateIndividual 4-239,text,false,,417,4228,161,493,https://api-scuda.uat.oci.krungsri.tech/ic/api/v1/customer/individual/updateprofile,43,0,37
1779799531722,25,GetIndividual,429,Too Many Requests,GetIndividual 1-364,text,false,,417,3587,248,492,https://api-scuda.uat.oci.krungsri.tech/ic/api/v1/customer/individual/getprofile,25,0,22
1779799531725,25,SearchIndividual,429,Too Many Requests,SearchIndividual 2-604,text,false,,417,2602,6,491,https://api-scuda.uat.oci.krungsri.tech/ords/api/v1/customer/individual/searchprofile,25,0,20
1779799531718,33,SearchIndividual,429,Too Many Requests,SearchIndividual 2-601,text,false,,417,2602,6,491,https://api-scuda.uat.oci.krungsri.tech/ords/api/v1/customer/individual/searchprofile,33,0,27
1779799531715,37,UpdateIndividual,429,Too Many Requests,UpdateIndividual 4-240,text,false,,417,5550,160,490,https://api-scuda.uat.oci.krungsri.tech/ic/api/v1/customer/individual/updateprofile,37,0,34
1779799531725,29,SearchIndividual,429,Too Many Requests,SearchIndividual 2-603,text,false,,417,2602,4,489,https://api-scuda.uat.oci.krungsri.tech/ords/api/v1/customer/individual/searchprofile,29,0,20
1779799531706,49,GetIndividual,429,Too Many Requests,GetIndividual 1-363,text,false,,417,3588,248,488,https://api-scuda.uat.oci.krungsri.tech/ic/api/v1/customer/individual/getprofile,49,0,45
1779799531722,44,SearchIndividual,200,OK,SearchIndividual 2-602,text,true,,1107,2602,4,488,https://api-scuda.uat.oci.krungsri.tech/ords/api/v1/customer/individual/searchprofile,44,0,29
1779799531730,38,SearchIndividual,200,OK,SearchIndividual 2-605,text,true,,1121,2602,3,487,https://api-scuda.uat.oci.krungsri.tech/ords/api/v1/customer/individual/searchprofile,37,0,21
1779799531741,28,SearchIndividual,429,Too Many Requests,SearchIndividual 2-606,text,false,,417,2602,2,486,https://api-scuda.uat.oci.krungsri.tech/ords/api/v1/customer/individual/searchprofile,28,0,26
1779799531754,27,GetIndividual,429,Too Many Requests,GetIndividual 1-365,text,false,,417,3588,247,485,https://api-scuda.uat.oci.krungsri.tech/ic/api/v1/customer/individual/getprofile,27,0,25
1779799531762,49,SearchIndividual,200,OK,SearchIndividual 2-607,text,true,,1139,2602,1,486,https://api-scuda.uat.oci.krungsri.tech/ords/api/v1/customer/individual/searchprofile,48,0,26
1779799531790,45,GetIndividual,429,Too Many Requests,GetIndividual 1-366,text,false,,417,3588,249,488,https://api-scuda.uat.oci.krungsri.tech/ic/api/v1/customer/individual/getprofile,45,0,37
1779799531810,36,GetIndividual,429,Too Many Requests,GetIndividual 1-367,text,false,,417,3588,249,489,https://api-scuda.uat.oci.krungsri.tech/ic/api/v1/customer/individual/getprofile,36,0,35
1779799531834,20,GetIndividual,429,Too Many Requests,GetIndividual 1-368,text,false,,417,3588,248,488,https://api-scuda.uat.oci.krungsri.tech/ic/api/v1/customer/individual/getprofile,20,0,18
1779799531837,31,SearchIndividual,429,Too Many Requests,SearchIndividual 2-610,text,false,,417,2602,4,490,https://api-scuda.uat.oci.krungsri.tech/ords/api/v1/customer/individual/searchprofile,31,0,28
1779799531845,24,GetIndividual,429,Too Many Requests,GetIndividual 1-369,text,false,,417,3588,248,490,https://api-scuda.uat.oci.krungsri.tech/ic/api/v1/customer/individual/getprofile,24,0,22
1779799531828,43,SearchIndividual,200,OK,SearchIndividual 2-608,text,true,,1199,2602,3,488,https://api-scuda.uat.oci.krungsri.tech/ords/api/v1/customer/individual/searchprofile,43,0,25
1779799531831,41,SearchIndividual,200,OK,SearchIndividual 2-609,text,true,,1177,2602,3,488,https://api-scuda.uat.oci.krungsri.tech/ords/api/v1/customer/individual/searchprofile,40,0,26
1779799531860,17,GetIndividual,429,Too Many Requests,GetIndividual 1-370,text,false,,417,3588,247,486,https://api-scuda.uat.oci.krungsri.tech/ic/api/v1/customer/individual/getprofile,17,0,14
1779799531860,20,UpdateIndividual,429,Too Many Requests,UpdateIndividual 4-242,text,false,,417,5493,160,485,https://api-scuda.uat.oci.krungsri.tech/ic/api/v1/customer/individual/updateprofile,20,0,18
1779799531863,46,SearchIndividual,200,OK,SearchIndividual 2-611,text,true,,1149,2602,2,486,https://api-scuda.uat.oci.krungsri.tech/ords/api/v1/customer/individual/searchprofile,46,0,29
1779799531886,26,SearchIndividual,429,Too Many Requests,SearchIndividual 2-612,text,false,,417,2602,3,487,https://api-scuda.uat.oci.krungsri.tech/ords/api/v1/customer/individual/searchprofile,26,0,24
1779799531912,26,SearchIndividual,429,Too Many Requests,SearchIndividual 2-613,text,false,,417,2602,1,487,https://api-scuda.uat.oci.krungsri.tech/ords/api/v1/customer/individual/searchprofile,26,0,24
1779799531929,19,UpdateIndividual,429,Too Many Requests,UpdateIndividual 4-244,text,false,,417,5526,162,487,https://api-scuda.uat.oci.krungsri.tech/ic/api/v1/customer/individual/updateprofile,19,0,16
1779799531934,18,UpdateIndividual,429,Too Many Requests,UpdateIndividual 4-245,text,false,,417,4227,162,487,https://api-scuda.uat.oci.krungsri.tech/ic/api/v1/customer/individual/updateprofile,18,0,15
1779799531940,24,GetIndividual,429,Too Many Requests,GetIndividual 1-371,text,false,,417,3588,247,487,https://api-scuda.uat.oci.krungsri.tech/ic/api/v1/customer/individual/getprofile,24,0,22
1779799531957,21,UpdateIndividual,429,Too Many Requests,UpdateIndividual 4-246,text,false,,417,4227,162,492,https://api-scuda.uat.oci.krungsri.tech/ic/api/v1/customer/individual/updateprofile,21,0,18
1779799531968,24,SearchIndividual,429,Too Many Requests,SearchIndividual 2-615,text,false,,417,2602,6,495,https://api-scuda.uat.oci.krungsri.tech/ords/api/v1/customer/individual/searchprofile,24,0,22
1779799531961,34,SearchIndividual,200,OK,SearchIndividual 2-614,text,true,,1237,2602,5,494,https://api-scuda.uat.oci.krungsri.tech/ords/api/v1/customer/individual/searchprofile,34,0,21
1779799531977,19,GetIndividual,429,Too Many Requests,GetIndividual 1-373,text,false,,417,3586,249,493,https://api-scuda.uat.oci.krungsri.tech/ic/api/v1/customer/individual/getprofile,19,0,17
1779799531974,26,SearchIndividual,200,OK,SearchIndividual 2-616,text,true,,1213,2602,5,494,https://api-scuda.uat.oci.krungsri.tech/ords/api/v1/customer/individual/searchprofile,26,0,15
1779799531971,33,UpdateIndividual,429,Too Many Requests,UpdateIndividual 4-247,text,false,,417,5564,162,493,https://api-scuda.uat.oci.krungsri.tech/ic/api/v1/customer/individual/updateprofile,33,0,30
1779799531975,35,SearchIndividual,429,Too Many Requests,SearchIndividual 2-617,text,false,,417,2602,5,493,https://api-scuda.uat.oci.krungsri.tech/ords/api/v1/customer/individual/searchprofile,35,0,27
1779799531977,35,GetIndividual,429,Too Many Requests,GetIndividual 1-372,text,false,,417,3588,249,492,https://api-scuda.uat.oci.krungsri.tech/ic/api/v1/customer/individual/getprofile,35,0,32
1779799531985,27,SearchIndividual,429,Too Many Requests,SearchIndividual 2-618,text,false,,417,2602,4,492,https://api-scuda.uat.oci.krungsri.tech/ords/api/v1/customer/individual/searchprofile,27,0,26
1779799531990,25,UpdateIndividual,429,Too Many Requests,UpdateIndividual 4-248,text,false,,417,5580,161,491,https://api-scuda.uat.oci.krungsri.tech/ic/api/v1/customer/individual/updateprofile,25,0,19
1779799532000,27,SearchIndividual,429,Too Many Requests,SearchIndividual 2-620,text,false,,417,2602,3,491,https://api-scuda.uat.oci.krungsri.tech/ords/api/v1/customer/individual/searchprofile,27,0,24
1779799532001,30,GetIndividual,429,Too Many Requests,GetIndividual 1-375,text,false,,417,3588,250,492,https://api-scuda.uat.oci.krungsri.tech/ic/api/v1/customer/individual/getprofile,30,0,22
1779799531993,41,SearchIndividual,429,Too Many Requests,SearchIndividual 2-619,text,false,,417,2602,4,492,https://api-scuda.uat.oci.krungsri.tech/ords/api/v1/customer/individual/searchprofile,41,0,38
1779799532009,30,SearchIndividual,200,OK,SearchIndividual 2-621,text,true,,1221,2602,3,491,https://api-scuda.uat.oci.krungsri.tech/ords/api/v1/customer/individual/searchprofile,30,0,16
1779799532015,25,GetIndividual,429,Too Many Requests,GetIndividual 1-376,text,false,,417,3588,249,490,https://api-scuda.uat.oci.krungsri.tech/ic/api/v1/customer/individual/getprofile,25,0,22
1779799532021,27,UpdateIndividual,429,Too Many Requests,UpdateIndividual 4-249,text,false,,417,5634,162,492,https://api-scuda.uat.oci.krungsri.tech/ic/api/v1/customer/individual/updateprofile,27,0,21
1779799532028,26,GetIndividual,429,Too Many Requests,GetIndividual 1-377,text,false,,417,3588,250,494,https://api-scuda.uat.oci.krungsri.tech/ic/api/v1/customer/individual/getprofile,26,0,24
1779799532034,21,SearchIndividual,429,Too Many Requests,SearchIndividual 2-623,text,false,,417,2602,2,494,https://api-scuda.uat.oci.krungsri.tech/ords/api/v1/customer/individual/searchprofile,21,0,19
1779799532028,27,SearchIndividual,429,Too Many Requests,SearchIndividual 2-622,text,false,,417,2602,2,493,https://api-scuda.uat.oci.krungsri.tech/ords/api/v1/customer/individual/searchprofile,27,0,25
1779799532046,21,CreateJoint,429,Too Many Requests,CreateJoint 11-16,text,false,,417,6149,14,495,https://api-scuda.uat.oci.krungsri.tech/ic/api/v1/customer/joint/createprofile,21,0,18
1779799532058,16,UpdateIndividual,429,Too Many Requests,UpdateIndividual 4-251,text,false,,417,4229,163,494,https://api-scuda.uat.oci.krungsri.tech/ic/api/v1/customer/individual/updateprofile,16,0,15
1779799532058,17,CreateJuristic,429,Too Many Requests,CreateJuristic 7-16,text,false,,417,7843,13,494,https://api-scuda.uat.oci.krungsri.tech/ic/api/v1/customer/juristic/createprofile,17,0,14
1779799532062,23,UpdateIndividual,429,Too Many Requests,UpdateIndividual 4-252,text,false,,417,5552,162,493,https://api-scuda.uat.oci.krungsri.tech/ic/api/v1/customer/individual/updateprofile,23,0,17
1779799532048,38,GetIndividual,429,Too Many Requests,GetIndividual 1-378,text,false,,417,3588,250,493,https://api-scuda.uat.oci.krungsri.tech/ic/api/v1/customer/individual/getprofile,38,0,36
1779799532048,49,UpdateIndividual,429,Too Many Requests,UpdateIndividual 4-250,text,false,,417,5577,162,495,https://api-scuda.uat.oci.krungsri.tech/ic/api/v1/customer/individual/updateprofile,49,0,44
1779799532059,43,SearchIndividual,429,Too Many Requests,SearchIndividual 2-624,text,false,,417,2600,6,495,https://api-scuda.uat.oci.krungsri.tech/ords/api/v1/customer/individual/searchprofile,43,0,40
1779799532080,22,SearchIndividual,429,Too Many Requests,SearchIndividual 2-627,text,false,,417,2602,6,495,https://api-scuda.uat.oci.krungsri.tech/ords/api/v1/customer/individual/searchprofile,22,0,18
1779799532062,40,SearchIndividual,429,Too Many Requests,SearchIndividual 2-626,text,false,,417,2602,6,495,https://api-scuda.uat.oci.krungsri.tech/ords/api/v1/customer/individual/searchprofile,40,0,37
1779799532089,24,SearchIndividual,429,Too Many Requests,SearchIndividual 2-628,text,false,,417,2602,3,492,https://api-scuda.uat.oci.krungsri.tech/ords/api/v1/customer/individual/searchprofile,24,0,17
1779799532097,22,SearchIndividual,429,Too Many Requests,SearchIndividual 2-629,text,false,,417,2602,2,491,https://api-scuda.uat.oci.krungsri.tech/ords/api/v1/customer/individual/searchprofile,22,0,18
1779799532086,35,GetIndividual,429,Too Many Requests,GetIndividual 1-380,text,false,,417,3588,250,491,https://api-scuda.uat.oci.krungsri.tech/ic/api/v1/customer/individual/getprofile,35,0,32
1779799532102,22,GetIndividual,429,Too Many Requests,GetIndividual 1-381,text,false,,417,3588,249,490,https://api-scuda.uat.oci.krungsri.tech/ic/api/v1/customer/individual/getprofile,22,0,18
1779799532096,29,UpdateIndividual,429,Too Many Requests,UpdateIndividual 4-253,text,false,,417,5537,161,489,https://api-scuda.uat.oci.krungsri.tech/ic/api/v1/customer/individual/updateprofile,29,0,27
1779799532062,66,SearchIndividual,200,OK,SearchIndividual 2-625,text,true,,1171,2602,1,488,https://api-scuda.uat.oci.krungsri.tech/ords/api/v1/customer/individual/searchprofile,66,0,36
1779799532130,15,SearchIndividual,429,Too Many Requests,SearchIndividual 2-630,text,false,,417,2602,4,493,https://api-scuda.uat.oci.krungsri.tech/ords/api/v1/customer/individual/searchprofile,15,0,13
1779799532124,23,UpdateJoint,429,Too Many Requests,UpdateJoint 12-16,text,false,,417,4589,12,492,https://api-scuda.uat.oci.krungsri.tech/ic/api/v1/customer/joint/updateprofile,23,0,20
1779799532135,12,CreateIndividual,429,Too Many Requests,CreateIndividual 3-16,text,false,,417,8678,12,492,https://api-scuda.uat.oci.krungsri.tech/ic/api/v1/customer/individual/createprofile,12,0,10
1779799532135,19,SearchIndividual,429,Too Many Requests,SearchIndividual 2-632,text,false,,417,2602,5,493,https://api-scuda.uat.oci.krungsri.tech/ords/api/v1/customer/individual/searchprofile,19,0,17
1779799532131,27,SearchIndividual,429,Too Many Requests,SearchIndividual 2-631,text,false,,417,2602,4,493,https://api-scuda.uat.oci.krungsri.tech/ords/api/v1/customer/individual/searchprofile,27,0,19
1779799532149,102,SearchIndividual,429,Too Many Requests,SearchIndividual 2-634,text,false,,417,2602,6,496,https://api-scuda.uat.oci.krungsri.tech/ords/api/v1/customer/individual/searchprofile,102,0,22
1779799532151,101,GetIndividual,429,Too Many Requests,GetIndividual 1-382,text,false,,417,3588,249,496,https://api-scuda.uat.oci.krungsri.tech/ic/api/v1/customer/individual/getprofile,101,0,21
1779799532141,114,SearchIndividual,429,Too Many Requests,SearchIndividual 2-633,text,false,,417,2602,9,500,https://api-scuda.uat.oci.krungsri.tech/ords/api/v1/customer/individual/searchprofile,114,0,110
1779799532145,115,SearchJuristic,429,Too Many Requests,SearchJuristic 6-16,text,false,,417,2600,1,503,https://api-scuda.uat.oci.krungsri.tech/ords/api/v1/customer/juristic/searchprofile,115,0,110
1779799532159,102,UpdateIndividual,429,Too Many Requests,UpdateIndividual 4-254,text,false,,417,4227,163,503,https://api-scuda.uat.oci.krungsri.tech/ic/api/v1/customer/individual/updateprofile,102,0,98
1779799532153,108,SearchIndividual,429,Too Many Requests,SearchIndividual 2-635,text,false,,417,2602,12,502,https://api-scuda.uat.oci.krungsri.tech/ords/api/v1/customer/individual/searchprofile,108,0,102
1779799532167,94,SearchIndividual,429,Too Many Requests,SearchIndividual 2-636,text,false,,417,2602,12,502,https://api-scuda.uat.oci.krungsri.tech/ords/api/v1/customer/individual/searchprofile,94,0,92
1779799532167,102,SearchIndividual,429,Too Many Requests,SearchIndividual 2-637,text,false,,417,2602,10,499,https://api-scuda.uat.oci.krungsri.tech/ords/api/v1/customer/individual/searchprofile,102,0,100
1779799532172,106,SearchIndividual,429,Too Many Requests,SearchIndividual 2-638,text,false,,417,2602,9,498,https://api-scuda.uat.oci.krungsri.tech/ords/api/v1/customer/individual/searchprofile,106,0,103
1779799532261,19,GetIndividual,429,Too Many Requests,GetIndividual 1-383,text,false,,417,3588,249,497,https://api-scuda.uat.oci.krungsri.tech/ic/api/v1/customer/individual/getprofile,19,0,17
1779799532258,26,SearchIndividual,429,Too Many Requests,SearchIndividual 2-641,text,false,,417,2602,9,498,https://api-scuda.uat.oci.krungsri.tech/ords/api/v1/customer/individual/searchprofile,26,0,23
1779799532258,26,SearchIndividual,429,Too Many Requests,SearchIndividual 2-642,text,false,,417,2602,9,498,https://api-scuda.uat.oci.krungsri.tech/ords/api/v1/customer/individual/searchprofile,26,0,24
1779799532283,20,SearchIndividual,429,Too Many Requests,SearchIndividual 2-647,text,false,,417,2602,8,498,https://api-scuda.uat.oci.krungsri.tech/ords/api/v1/customer/individual/searchprofile,20,0,18
1779799532289,27,GetIndividual,429,Too Many Requests,GetIndividual 1-384,text,false,,417,3588,250,500,https://api-scuda.uat.oci.krungsri.tech/ic/api/v1/customer/individual/getprofile,27,0,25
1779799532286,43,UpdateIndividual,429,Too Many Requests,UpdateIndividual 4-261,text,false,,417,5554,167,501,https://api-scuda.uat.oci.krungsri.tech/ic/api/v1/customer/individual/updateprofile,43,0,30
1779799532315,26,UpdateIndividual,429,Too Many Requests,UpdateIndividual 4-258,text,false,,417,4228,168,503,https://api-scuda.uat.oci.krungsri.tech/ic/api/v1/customer/individual/updateprofile,26,0,23
1779799532335,20,UpdateIndividual,429,Too Many Requests,UpdateIndividual 4-263,text,false,,417,5550,167,503,https://api-scuda.uat.oci.krungsri.tech/ic/api/v1/customer/individual/updateprofile,20,0,18
1779799532329,27,UpdateIndividual,429,Too Many Requests,UpdateIndividual 4-259,text,false,,417,4226,167,505,https://api-scuda.uat.oci.krungsri.tech/ic/api/v1/customer/individual/updateprofile,27,0,25
1779799532326,41,UpdateIndividual,429,Too Many Requests,UpdateIndividual 4-262,text,false,,417,4228,165,503,https://api-scuda.uat.oci.krungsri.tech/ic/api/v1/customer/individual/updateprofile,41,0,38
1779799532335,34,GetIndividual,429,Too Many Requests,GetIndividual 1-387,text,false,,417,3588,254,503,https://api-scuda.uat.oci.krungsri.tech/ic/api/v1/customer/individual/getprofile,34,0,30
1779799532297,78,SearchIndividual,200,OK,SearchIndividual 2-648,text,true,,1169,2602,8,503,https://api-scuda.uat.oci.krungsri.tech/ords/api/v1/customer/individual/searchprofile,78,0,47
1779799532356,20,GetIndividual,429,Too Many Requests,GetIndividual 1-389,text,false,,417,3588,253,502,https://api-scuda.uat.oci.krungsri.tech/ic/api/v1/customer/individual/getprofile,20,0,17
1779799532259,118,SearchIndividual,200,OK,SearchIndividual 2-646,text,true,,1164,2601,7,502,https://api-scuda.uat.oci.krungsri.tech/ords/api/v1/customer/individual/searchprofile,117,0,79
1779799532353,29,GetIndividual,429,Too Many Requests,GetIndividual 1-386,text,false,,417,3588,253,501,https://api-scuda.uat.oci.krungsri.tech/ic/api/v1/customer/individual/getprofile,29,0,27
1779799532259,124,SearchIndividual,200,OK,SearchIndividual 2-643,text,true,,1200,2601,6,501,https://api-scuda.uat.oci.krungsri.tech/ords/api/v1/customer/individual/searchprofile,119,0,69
1779799532340,43,UpdateIndividual,429,Too Many Requests,UpdateIndividual 4-260,text,false,,417,5639,164,500,https://api-scuda.uat.oci.krungsri.tech/ic/api/v1/customer/individual/updateprofile,43,0,41
1779799532258,129,SearchIndividual,200,OK,SearchIndividual 2-640,text,true,,1225,2602,6,499,https://api-scuda.uat.oci.krungsri.tech/ords/api/v1/customer/individual/searchprofile,128,0,36
1779799532259,129,SearchIndividual,200,OK,SearchIndividual 2-644,text,true,,1172,2601,5,499,https://api-scuda.uat.oci.krungsri.tech/ords/api/v1/customer/individual/searchprofile,129,0,83
1779799532374,21,SearchIndividual,429,Too Many Requests,SearchIndividual 2-649,text,false,,417,2602,4,499,https://api-scuda.uat.oci.krungsri.tech/ords/api/v1/customer/individual/searchprofile,21,0,19
1779799532258,142,SearchIndividual,200,OK,SearchIndividual 2-639,text,true,,1199,2602,3,499,https://api-scuda.uat.oci.krungsri.tech/ords/api/v1/customer/individual/searchprofile,142,0,81
1779799532377,25,GetIndividual,429,Too Many Requests,GetIndividual 1-391,text,false,,417,3588,254,499,https://api-scuda.uat.oci.krungsri.tech/ic/api/v1/customer/individual/getprofile,25,0,22
1779799532384,23,SearchIndividual,429,Too Many Requests,SearchIndividual 2-650,text,false,,417,2602,4,500,https://api-scuda.uat.oci.krungsri.tech/ords/api/v1/customer/individual/searchprofile,23,0,21
1779799532388,22,SearchJoint,429,Too Many Requests,SearchJoint 10-16,text,false,,417,2627,1,501,https://api-scuda.uat.oci.krungsri.tech/ords/api/v1/customer/joint/searchprofile,22,0,20
1779799532259,154,SearchIndividual,200,OK,SearchIndividual 2-645,text,true,,1182,2601,4,501,https://api-scuda.uat.oci.krungsri.tech/ords/api/v1/customer/individual/searchprofile,153,0,119
1779799532393,24,GetIndividual,429,Too Many Requests,GetIndividual 1-392,text,false,,417,3588,254,501,https://api-scuda.uat.oci.krungsri.tech/ic/api/v1/customer/individual/getprofile,24,0,22
1779799532396,25,GetIndividual,429,Too Many Requests,GetIndividual 1-393,text,false,,417,3588,254,501,https://api-scuda.uat.oci.krungsri.tech/ic/api/v1/customer/individual/getprofile,25,0,23
1779799532403,26,SearchIndividual,429,Too Many Requests,SearchIndividual 2-651,text,false,,417,2602,5,503,https://api-scuda.uat.oci.krungsri.tech/ords/api/v1/customer/individual/searchprofile,26,0,23
1779799532410,27,GetJoint,429,Too Many Requests,GetJoint 9-16,text,false,,417,3530,11,497,https://api-scuda.uat.oci.krungsri.tech/ic/api/v1/customer/joint/getprofile,27,0,24
1779799532425,29,GetIndividual,429,Too Many Requests,GetIndividual 1-394,text,false,,417,3587,252,498,https://api-scuda.uat.oci.krungsri.tech/ic/api/v1/customer/individual/getprofile,29,0,26
1779799532424,36,SearchIndividual,429,Too Many Requests,SearchIndividual 2-653,text,false,,417,2602,4,498,https://api-scuda.uat.oci.krungsri.tech/ords/api/v1/customer/individual/searchprofile,36,0,31
1779799532443,28,SearchIndividual,429,Too Many Requests,SearchIndividual 2-654,text,false,,417,2602,3,498,https://api-scuda.uat.oci.krungsri.tech/ords/api/v1/customer/individual/searchprofile,28,0,26
1779799532454,27,UpdateIndividual,429,Too Many Requests,UpdateIndividual 4-265,text,false,,417,5617,165,501,https://api-scuda.uat.oci.krungsri.tech/ic/api/v1/customer/individual/updateprofile,27,0,25
1779799532460,38,SearchIndividual,429,Too Many Requests,SearchIndividual 2-655,text,false,,417,2602,3,502,https://api-scuda.uat.oci.krungsri.tech/ords/api/v1/customer/individual/searchprofile,38,0,34
1779799532467,33,GetIndividual,429,Too Many Requests,GetIndividual 1-395,text,false,,417,3588,258,502,https://api-scuda.uat.oci.krungsri.tech/ic/api/v1/customer/individual/getprofile,33,0,30
1779799532473,40,SearchIndividual,429,Too Many Requests,SearchIndividual 2-656,text,false,,417,2602,3,503,https://api-scuda.uat.oci.krungsri.tech/ords/api/v1/customer/individual/searchprofile,40,0,35
1779799532490,26,GetIndividual,429,Too Many Requests,GetIndividual 1-399,text,false,,417,3588,258,502,https://api-scuda.uat.oci.krungsri.tech/ic/api/v1/customer/individual/getprofile,26,0,21
1779799532477,41,GetIndividual,429,Too Many Requests,GetIndividual 1-398,text,false,,417,3588,257,501,https://api-scuda.uat.oci.krungsri.tech/ic/api/v1/customer/individual/getprofile,41,0,34
1779799532406,112,SearchIndividual,200,OK,SearchIndividual 2-652,text,true,,1141,2602,2,501,https://api-scuda.uat.oci.krungsri.tech/ords/api/v1/customer/individual/searchprofile,112,0,70
1779799532502,29,GetIndividual,429,Too Many Requests,GetIndividual 1-402,text,false,,417,3588,256,500,https://api-scuda.uat.oci.krungsri.tech/ic/api/v1/customer/individual/getprofile,29,0,26
1779799532477,62,GetIndividual,429,Too Many Requests,GetIndividual 1-397,text,false,,417,3588,255,501,https://api-scuda.uat.oci.krungsri.tech/ic/api/v1/customer/individual/getprofile,62,0,56
1779799532513,38,SearchIndividual,429,Too Many Requests,SearchIndividual 2-657,text,false,,417,2602,5,502,https://api-scuda.uat.oci.krungsri.tech/ords/api/v1/customer/individual/searchprofile,38,0,36
1779799532520,37,SearchIndividual,429,Too Many Requests,SearchIndividual 2-658,text,false,,417,2602,4,501,https://api-scuda.uat.oci.krungsri.tech/ords/api/v1/customer/individual/searchprofile,37,0,25
1779799532533,29,SearchIndividual,429,Too Many Requests,SearchIndividual 2-659,text,false,,417,2602,4,502,https://api-scuda.uat.oci.krungsri.tech/ords/api/v1/customer/individual/searchprofile,29,0,26
1779799532538,25,SearchIndividual,429,Too Many Requests,SearchIndividual 2-660,text,false,,417,2601,4,502,https://api-scuda.uat.oci.krungsri.tech/ords/api/v1/customer/individual/searchprofile,25,0,21
1779799532540,40,GetIndividual,429,Too Many Requests,GetIndividual 1-403,text,false,,417,3588,256,504,https://api-scuda.uat.oci.krungsri.tech/ic/api/v1/customer/individual/getprofile,40,0,30
1779799532570,27,SearchIndividual,429,Too Many Requests,SearchIndividual 2-664,text,false,,417,2602,4,505,https://api-scuda.uat.oci.krungsri.tech/ords/api/v1/customer/individual/searchprofile,27,0,25
1779799532575,23,GetIndividual,429,Too Many Requests,GetIndividual 1-404,text,false,,417,3588,256,504,https://api-scuda.uat.oci.krungsri.tech/ic/api/v1/customer/individual/getprofile,23,0,22
1779799532540,82,SearchIndividual,429,Too Many Requests,SearchIndividual 2-661,text,false,,417,2602,4,508,https://api-scuda.uat.oci.krungsri.tech/ords/api/v1/customer/individual/searchprofile,82,0,76
1779799532568,55,SearchIndividual,429,Too Many Requests,SearchIndividual 2-663,text,false,,417,2602,4,508,https://api-scuda.uat.oci.krungsri.tech/ords/api/v1/customer/individual/searchprofile,55,0,52
1779799532572,54,UpdateIndividual,429,Too Many Requests,UpdateIndividual 4-267,text,false,,417,4228,168,506,https://api-scuda.uat.oci.krungsri.tech/ic/api/v1/customer/individual/updateprofile,54,0,49
1779799532604,24,GetIndividual,429,Too Many Requests,GetIndividual 1-406,text,false,,417,3588,259,507,https://api-scuda.uat.oci.krungsri.tech/ic/api/v1/customer/individual/getprofile,24,0,22
1779799532567,61,UpdateIndividual,429,Too Many Requests,UpdateIndividual 4-266,text,false,,417,4227,167,507,https://api-scuda.uat.oci.krungsri.tech/ic/api/v1/customer/individual/updateprofile,61,0,50
1779799532610,21,UpdateIndividual,429,Too Many Requests,UpdateIndividual 4-269,text,false,,417,5591,166,505,https://api-scuda.uat.oci.krungsri.tech/ic/api/v1/customer/individual/updateprofile,21,0,19
1779799532617,24,GetIndividual,429,Too Many Requests,GetIndividual 1-408,text,false,,417,3588,260,508,https://api-scuda.uat.oci.krungsri.tech/ic/api/v1/customer/individual/getprofile,24,0,22
1779799532561,92,SearchIndividual,200,OK,SearchIndividual 2-662,text,true,,1155,2602,5,508,https://api-scuda.uat.oci.krungsri.tech/ords/api/v1/customer/individual/searchprofile,92,0,43
1779799532633,24,GetIndividual,429,Too Many Requests,GetIndividual 1-410,text,false,,417,3588,259,508,https://api-scuda.uat.oci.krungsri.tech/ic/api/v1/customer/individual/getprofile,24,0,20
1779799532604,54,SearchIndividual,429,Too Many Requests,SearchIndividual 2-665,text,false,,417,2602,4,508,https://api-scuda.uat.oci.krungsri.tech/ords/api/v1/customer/individual/searchprofile,54,0,44
1779799532636,24,SearchIndividual,429,Too Many Requests,SearchIndividual 2-667,text,false,,417,2602,3,506,https://api-scuda.uat.oci.krungsri.tech/ords/api/v1/customer/individual/searchprofile,24,0,17
1779799532593,67,UpdateIndividual,429,Too Many Requests,UpdateIndividual 4-268,text,false,,417,5565,167,506,https://api-scuda.uat.oci.krungsri.tech/ic/api/v1/customer/individual/updateprofile,67,0,58
1779799532638,25,GetIndividual,429,Too Many Requests,GetIndividual 1-411,text,false,,417,3588,258,505,https://api-scuda.uat.oci.krungsri.tech/ic/api/v1/customer/individual/getprofile,25,0,19
1779799532606,60,GetIndividual,429,Too Many Requests,GetIndividual 1-407,text,false,,417,3588,257,504,https://api-scuda.uat.oci.krungsri.tech/ic/api/v1/customer/individual/getprofile,60,0,55
1779799532593,81,GetIndividual,429,Too Many Requests,GetIndividual 1-405,text,false,,417,3588,256,504,https://api-scuda.uat.oci.krungsri.tech/ic/api/v1/customer/individual/getprofile,81,0,76
1779799532638,37,SearchIndividual,429,Too Many Requests,SearchIndividual 2-668,text,false,,417,2602,2,503,https://api-scuda.uat.oci.krungsri.tech/ords/api/v1/customer/individual/searchprofile,37,0,35
1779799532665,16,UpdateIndividual,429,Too Many Requests,UpdateIndividual 4-272,text,false,,417,5638,167,503,https://api-scuda.uat.oci.krungsri.tech/ic/api/v1/customer/individual/updateprofile,16,0,14
1779799532672,23,SearchJuristic,429,Too Many Requests,SearchJuristic 6-17,text,false,,417,2600,1,504,https://api-scuda.uat.oci.krungsri.tech/ords/api/v1/customer/juristic/searchprofile,23,0,21
1779799532691,16,SearchIndividual,429,Too Many Requests,SearchIndividual 2-669,text,false,,417,2602,3,504,https://api-scuda.uat.oci.krungsri.tech/ords/api/v1/customer/individual/searchprofile,16,0,14
1779799532680,31,GetIndividual,429,Too Many Requests,GetIndividual 1-412,text,false,,417,3588,257,503,https://api-scuda.uat.oci.krungsri.tech/ic/api/v1/customer/individual/getprofile,31,0,22
1779799532627,90,SearchIndividual,200,OK,SearchIndividual 2-666,text,true,,1201,2602,2,502,https://api-scuda.uat.oci.krungsri.tech/ords/api/v1/customer/individual/searchprofile,66,0,42
1779799532691,26,GetIndividual,429,Too Many Requests,GetIndividual 1-413,text,false,,417,3588,256,501,https://api-scuda.uat.oci.krungsri.tech/ic/api/v1/customer/individual/getprofile,26,0,23
1779799532702,21,SearchIndividual,429,Too Many Requests,SearchIndividual 2-670,text,false,,417,2602,2,501,https://api-scuda.uat.oci.krungsri.tech/ords/api/v1/customer/individual/searchprofile,21,0,19
1779799532721,39,SearchIndividual,200,OK,SearchIndividual 2-671,text,true,,1181,2602,1,501,https://api-scuda.uat.oci.krungsri.tech/ords/api/v1/customer/individual/searchprofile,39,0,23
1779799532740,31,GetIndividual,429,Too Many Requests,GetIndividual 1-414,text,false,,417,3588,256,501,https://api-scuda.uat.oci.krungsri.tech/ic/api/v1/customer/individual/getprofile,31,0,27
1779799532773,14,UpdateIndividual,429,Too Many Requests,UpdateIndividual 4-273,text,false,,417,4230,170,504,https://api-scuda.uat.oci.krungsri.tech/ic/api/v1/customer/individual/updateprofile,14,0,12
1779799532774,21,SearchIndividual,429,Too Many Requests,SearchIndividual 2-672,text,false,,417,2602,1,504,https://api-scuda.uat.oci.krungsri.tech/ords/api/v1/customer/individual/searchprofile,21,0,18
1779799532778,24,UpdateIndividual,429,Too Many Requests,UpdateIndividual 4-276,text,false,,417,5608,169,503,https://api-scuda.uat.oci.krungsri.tech/ic/api/v1/customer/individual/updateprofile,24,0,22
1779799532779,26,UpdateIndividual,429,Too Many Requests,UpdateIndividual 4-275,text,false,,417,5559,168,502,https://api-scuda.uat.oci.krungsri.tech/ic/api/v1/customer/individual/updateprofile,26,0,17
1779799532789,34,GetIndividual,429,Too Many Requests,GetIndividual 1-415,text,false,,417,3588,256,503,https://api-scuda.uat.oci.krungsri.tech/ic/api/v1/customer/individual/getprofile,34,0,32
1779799532809,26,SearchIndividual,429,Too Many Requests,SearchIndividual 2-673,text,false,,417,2602,2,505,https://api-scuda.uat.oci.krungsri.tech/ords/api/v1/customer/individual/searchprofile,26,0,24
1779799532820,22,SearchIndividual,429,Too Many Requests,SearchIndividual 2-674,text,false,,417,2600,2,505,https://api-scuda.uat.oci.krungsri.tech/ords/api/v1/customer/individual/searchprofile,22,0,20
1779799532827,19,GetIndividual,429,Too Many Requests,GetIndividual 1-416,text,false,,417,3588,258,506,https://api-scuda.uat.oci.krungsri.tech/ic/api/v1/customer/individual/getprofile,19,0,17
1779799532834,25,GetIndividual,429,Too Many Requests,GetIndividual 1-417,text,false,,417,3588,257,508,https://api-scuda.uat.oci.krungsri.tech/ic/api/v1/customer/individual/getprofile,25,0,23
1779799532843,32,SearchIndividual,429,Too Many Requests,SearchIndividual 2-676,text,false,,417,2602,5,508,https://api-scuda.uat.oci.krungsri.tech/ords/api/v1/customer/individual/searchprofile,32,0,24
1779799532835,40,UpdateJuristic,429,Too Many Requests,UpdateJuristic 8-17,text,false,,417,4430,13,508,https://api-scuda.uat.oci.krungsri.tech/ic/api/v1/customer/juristic/updateprofile,40,0,33
1779799532846,34,GetIndividual,429,Too Many Requests,GetIndividual 1-418,text,false,,417,3588,258,508,https://api-scuda.uat.oci.krungsri.tech/ic/api/v1/customer/individual/getprofile,34,0,32
1779799532841,48,SearchIndividual,200,OK,SearchIndividual 2-675,text,true,,1173,2602,7,509,https://api-scuda.uat.oci.krungsri.tech/ords/api/v1/customer/individual/searchprofile,48,0,21
1779799532849,42,SearchIndividual,200,OK,SearchIndividual 2-678,text,true,,1183,2602,7,510,https://api-scuda.uat.oci.krungsri.tech/ords/api/v1/customer/individual/searchprofile,38,0,23
1779799532856,41,SearchIndividual,429,Too Many Requests,SearchIndividual 2-679,text,false,,417,2602,6,509,https://api-scuda.uat.oci.krungsri.tech/ords/api/v1/customer/individual/searchprofile,41,0,38
1779799532869,29,GetIndividual,429,Too Many Requests,GetIndividual 1-419,text,false,,417,3588,258,509,https://api-scuda.uat.oci.krungsri.tech/ic/api/v1/customer/individual/getprofile,29,0,26
1779799532849,51,SearchIndividual,429,Too Many Requests,SearchIndividual 2-677,text,false,,417,2602,5,508,https://api-scuda.uat.oci.krungsri.tech/ords/api/v1/customer/individual/searchprofile,51,0,46
1779799532881,21,SearchIndividual,429,Too Many Requests,SearchIndividual 2-680,text,false,,417,2602,4,507,https://api-scuda.uat.oci.krungsri.tech/ords/api/v1/customer/individual/searchprofile,21,0,20
1779799532877,26,GetIndividual,429,Too Many Requests,GetIndividual 1-420,text,false,,417,3588,257,507,https://api-scuda.uat.oci.krungsri.tech/ic/api/v1/customer/individual/getprofile,26,0,23
1779799532887,22,SearchIndividual,429,Too Many Requests,SearchIndividual 2-681,text,false,,417,2602,3,507,https://api-scuda.uat.oci.krungsri.tech/ords/api/v1/customer/individual/searchprofile,22,0,20
1779799532889,21,SearchIndividual,429,Too Many Requests,SearchIndividual 2-682,text,false,,417,2602,3,508,https://api-scuda.uat.oci.krungsri.tech/ords/api/v1/customer/individual/searchprofile,21,0,20
1779799532903,21,CreateIndividual,429,Too Many Requests,CreateIndividual 3-17,text,false,,417,8381,12,511,https://api-scuda.uat.oci.krungsri.tech/ic/api/v1/customer/individual/createprofile,21,0,19
1779799532890,40,SearchIndividual,429,Too Many Requests,SearchIndividual 2-683,text,false,,417,2602,3,507,https://api-scuda.uat.oci.krungsri.tech/ords/api/v1/customer/individual/searchprofile,40,0,34
1779799532890,51,GetIndividual,429,Too Many Requests,GetIndividual 1-421,text,false,,417,3588,259,507,https://api-scuda.uat.oci.krungsri.tech/ic/api/v1/customer/individual/getprofile,51,0,40
1779799532918,23,SearchIndividual,429,Too Many Requests,SearchIndividual 2-684,text,false,,417,2602,2,507,https://api-scuda.uat.oci.krungsri.tech/ords/api/v1/customer/individual/searchprofile,23,0,21
1779799532917,24,UpdateIndividual,429,Too Many Requests,UpdateIndividual 4-277,text,false,,417,4226,168,507,https://api-scuda.uat.oci.krungsri.tech/ic/api/v1/customer/individual/updateprofile,24,0,22
1779799532910,36,GetIndividual,429,Too Many Requests,GetIndividual 1-423,text,false,,417,3588,258,504,https://api-scuda.uat.oci.krungsri.tech/ic/api/v1/customer/individual/getprofile,36,0,34
1779799532921,25,SearchIndividual,429,Too Many Requests,SearchIndividual 2-685,text,false,,417,2602,1,504,https://api-scuda.uat.oci.krungsri.tech/ords/api/v1/customer/individual/searchprofile,25,0,23
1779799532909,40,GetIndividual,429,Too Many Requests,GetIndividual 1-422,text,false,,417,3588,257,503,https://api-scuda.uat.oci.krungsri.tech/ic/api/v1/customer/individual/getprofile,40,0,38
1779799532938,23,GetIndividual,429,Too Many Requests,GetIndividual 1-424,text,false,,417,3588,257,506,https://api-scuda.uat.oci.krungsri.tech/ic/api/v1/customer/individual/getprofile,23,0,22
1779799532952,22,SearchIndividual,429,Too Many Requests,SearchIndividual 2-686,text,false,,417,2602,6,509,https://api-scuda.uat.oci.krungsri.tech/ords/api/v1/customer/individual/searchprofile,22,0,19
1779799532952,24,CreateJoint,429,Too Many Requests,CreateJoint 11-17,text,false,,417,5944,14,508,https://api-scuda.uat.oci.krungsri.tech/ic/api/v1/customer/joint/createprofile,24,0,21
1779799532964,24,GetIndividual,429,Too Many Requests,GetIndividual 1-426,text,false,,417,3588,257,509,https://api-scuda.uat.oci.krungsri.tech/ic/api/v1/customer/individual/getprofile,24,0,23
1779799532961,30,SearchIndividual,429,Too Many Requests,SearchIndividual 2-688,text,false,,417,2602,9,512,https://api-scuda.uat.oci.krungsri.tech/ords/api/v1/customer/individual/searchprofile,30,0,21
1779799532955,37,SearchIndividual,429,Too Many Requests,SearchIndividual 2-687,text,false,,417,2602,10,513,https://api-scuda.uat.oci.krungsri.tech/ords/api/v1/customer/individual/searchprofile,37,0,31
1779799532970,23,SearchIndividual,429,Too Many Requests,SearchIndividual 2-691,text,false,,417,2602,11,514,https://api-scuda.uat.oci.krungsri.tech/ords/api/v1/customer/individual/searchprofile,23,0,22
1779799532961,37,GetIndividual,429,Too Many Requests,GetIndividual 1-425,text,false,,417,3588,257,516,https://api-scuda.uat.oci.krungsri.tech/ic/api/v1/customer/individual/getprofile,37,0,35
1779799532970,29,SearchIndividual,429,Too Many Requests,SearchIndividual 2-690,text,false,,417,2602,12,515,https://api-scuda.uat.oci.krungsri.tech/ords/api/v1/customer/individual/searchprofile,29,0,27
1779799532990,29,SearchIndividual,429,Too Many Requests,SearchIndividual 2-693,text,false,,417,2602,12,517,https://api-scuda.uat.oci.krungsri.tech/ords/api/v1/customer/individual/searchprofile,29,0,16
1779799532991,34,SearchIndividual,429,Too Many Requests,SearchIndividual 2-695,text,false,,417,2602,12,517,https://api-scuda.uat.oci.krungsri.tech/ords/api/v1/customer/individual/searchprofile,34,0,27
1779799532986,40,UpdateIndividual,429,Too Many Requests,UpdateIndividual 4-278,text,false,,417,4227,169,517,https://api-scuda.uat.oci.krungsri.tech/ic/api/v1/customer/individual/updateprofile,40,0,36
1779799532996,32,SearchIndividual,429,Too Many Requests,SearchIndividual 2-698,text,false,,417,2602,12,517,https://api-scuda.uat.oci.krungsri.tech/ords/api/v1/customer/individual/searchprofile,32,0,27
1779799533001,28,UpdateIndividual,429,Too Many Requests,UpdateIndividual 4-279,text,false,,417,4229,168,517,https://api-scuda.uat.oci.krungsri.tech/ic/api/v1/customer/individual/updateprofile,28,0,23
1779799532987,42,SearchIndividual,429,Too Many Requests,SearchIndividual 2-692,text,false,,417,2602,12,517,https://api-scuda.uat.oci.krungsri.tech/ords/api/v1/customer/individual/searchprofile,42,0,22
1779799532993,37,SearchIndividual,429,Too Many Requests,SearchIndividual 2-697,text,false,,417,2602,11,516,https://api-scuda.uat.oci.krungsri.tech/ords/api/v1/customer/individual/searchprofile,37,0,34
1779799532991,43,SearchIndividual,429,Too Many Requests,SearchIndividual 2-694,text,false,,417,2602,10,516,https://api-scuda.uat.oci.krungsri.tech/ords/api/v1/customer/individual/searchprofile,43,0,26
1779799533008,29,SearchIndividual,429,Too Many Requests,SearchIndividual 2-700,text,false,,417,2602,9,515,https://api-scuda.uat.oci.krungsri.tech/ords/api/v1/customer/individual/searchprofile,29,0,27
1779799533005,46,GetIndividual,429,Too Many Requests,GetIndividual 1-427,text,false,,417,3588,263,518,https://api-scuda.uat.oci.krungsri.tech/ic/api/v1/customer/individual/getprofile,46,0,38
1779799533005,49,GetIndividual,429,Too Many Requests,GetIndividual 1-428,text,false,,417,3588,262,517,https://api-scuda.uat.oci.krungsri.tech/ic/api/v1/customer/individual/getprofile,49,0,41
1779799533002,53,SearchIndividual,429,Too Many Requests,SearchIndividual 2-699,text,false,,417,2602,9,516,https://api-scuda.uat.oci.krungsri.tech/ords/api/v1/customer/individual/searchprofile,53,0,40
1779799533009,55,SearchIndividual,429,Too Many Requests,SearchIndividual 2-701,text,false,,417,2602,8,517,https://api-scuda.uat.oci.krungsri.tech/ords/api/v1/customer/individual/searchprofile,55,0,48
1779799533027,38,GetIndividual,429,Too Many Requests,GetIndividual 1-429,text,false,,417,3588,262,518,https://api-scuda.uat.oci.krungsri.tech/ic/api/v1/customer/individual/getprofile,38,0,31
1779799533032,33,GetIndividual,429,Too Many Requests,GetIndividual 1-430,text,false,,417,3588,262,518,https://api-scuda.uat.oci.krungsri.tech/ic/api/v1/customer/individual/getprofile,33,0,29
1779799533041,28,GetIndividual,429,Too Many Requests,GetIndividual 1-432,text,false,,417,3588,260,518,https://api-scuda.uat.oci.krungsri.tech/ic/api/v1/customer/individual/getprofile,28,0,25
1779799533017,53,SearchIndividual,429,Too Many Requests,SearchIndividual 2-702,text,false,,417,2602,9,517,https://api-scuda.uat.oci.krungsri.tech/ords/api/v1/customer/individual/searchprofile,53,0,50
1779799533023,48,SearchIndividual,429,Too Many Requests,SearchIndividual 2-703,text,false,,417,2601,9,517,https://api-scuda.uat.oci.krungsri.tech/ords/api/v1/customer/individual/searchprofile,48,0,19
1779799532969,104,SearchIndividual,200,OK,SearchIndividual 2-689,text,true,,1123,2602,7,515,https://api-scuda.uat.oci.krungsri.tech/ords/api/v1/customer/individual/searchprofile,104,0,77
1779799533028,49,SearchIndividual,429,Too Many Requests,SearchIndividual 2-704,text,false,,417,2602,6,514,https://api-scuda.uat.oci.krungsri.tech/ords/api/v1/customer/individual/searchprofile,49,0,25
1779799533058,22,GetIndividual,429,Too Many Requests,GetIndividual 1-435,text,false,,417,3588,259,513,https://api-scuda.uat.oci.krungsri.tech/ic/api/v1/customer/individual/getprofile,22,0,17
1779799533033,49,SearchIndividual,429,Too Many Requests,SearchIndividual 2-705,text,false,,417,2602,5,512,https://api-scuda.uat.oci.krungsri.tech/ords/api/v1/customer/individual/searchprofile,49,0,46
1779799533040,43,SearchIndividual,429,Too Many Requests,SearchIndividual 2-706,text,false,,417,2602,5,512,https://api-scuda.uat.oci.krungsri.tech/ords/api/v1/customer/individual/searchprofile,43,0,41
1779799533048,37,GetIndividual,429,Too Many Requests,GetIndividual 1-433,text,false,,417,3588,258,510,https://api-scuda.uat.oci.krungsri.tech/ic/api/v1/customer/individual/getprofile,37,0,35
1779799533068,20,UpdateIndividual,429,Too Many Requests,UpdateIndividual 4-281,text,false,,417,5577,169,509,https://api-scuda.uat.oci.krungsri.tech/ic/api/v1/customer/individual/updateprofile,20,0,17
1779799533068,27,SearchIndividual,429,Too Many Requests,SearchIndividual 2-708,text,false,,417,2602,3,508,https://api-scuda.uat.oci.krungsri.tech/ords/api/v1/customer/individual/searchprofile,27,0,25
1779799532993,133,SearchIndividual,200,OK,SearchIndividual 2-696,text,true,,1199,2602,2,510,https://api-scuda.uat.oci.krungsri.tech/ords/api/v1/customer/individual/searchprofile,133,0,89
1779799533108,35,GetIndividual,429,Too Many Requests,GetIndividual 1-437,text,false,,417,3588,260,511,https://api-scuda.uat.oci.krungsri.tech/ic/api/v1/customer/individual/getprofile,35,0,32
1779799533109,35,GetIndividual,429,Too Many Requests,GetIndividual 1-438,text,false,,417,3587,260,511,https://api-scuda.uat.oci.krungsri.tech/ic/api/v1/customer/individual/getprofile,35,0,32
1779799533137,25,SearchIndividual,429,Too Many Requests,SearchIndividual 2-709,text,false,,417,2602,3,510,https://api-scuda.uat.oci.krungsri.tech/ords/api/v1/customer/individual/searchprofile,25,0,23
1779799533171,24,UpdateIndividual,429,Too Many Requests,UpdateIndividual 4-282,text,false,,417,4227,169,515,https://api-scuda.uat.oci.krungsri.tech/ic/api/v1/customer/individual/updateprofile,24,0,22
1779799533065,135,SearchIndividual,200,OK,SearchIndividual 2-707,text,true,,1133,2602,6,515,https://api-scuda.uat.oci.krungsri.tech/ords/api/v1/customer/individual/searchprofile,135,0,89
1779799533139,65,SearchIndividual,429,Too Many Requests,SearchIndividual 2-710,text,false,,417,2602,5,514,https://api-scuda.uat.oci.krungsri.tech/ords/api/v1/customer/individual/searchprofile,65,0,43
1779799533151,57,GetIndividual,429,Too Many Requests,GetIndividual 1-439,text,false,,417,3588,260,514,https://api-scuda.uat.oci.krungsri.tech/ic/api/v1/customer/individual/getprofile,57,0,53
1779799533173,60,SearchIndividual,200,OK,SearchIndividual 2-711,text,true,,1213,2602,6,518,https://api-scuda.uat.oci.krungsri.tech/ords/api/v1/customer/individual/searchprofile,60,0,40
1779799533213,25,SearchIndividual,429,Too Many Requests,SearchIndividual 2-716,text,false,,417,2602,5,519,https://api-scuda.uat.oci.krungsri.tech/ords/api/v1/customer/individual/searchprofile,25,0,22
1779799533216,23,GetIndividual,429,Too Many Requests,GetIndividual 1-441,text,false,,417,3588,264,521,https://api-scuda.uat.oci.krungsri.tech/ic/api/v1/customer/individual/getprofile,23,0,19
1779799533221,29,GetIndividual,429,Too Many Requests,GetIndividual 1-442,text,false,,417,3588,263,519,https://api-scuda.uat.oci.krungsri.tech/ic/api/v1/customer/individual/getprofile,29,0,26
1779799533184,77,SearchIndividual,429,Too Many Requests,SearchIndividual 2-713,text,false,,417,2601,6,520,https://api-scuda.uat.oci.krungsri.tech/ords/api/v1/customer/individual/searchprofile,77,0,46
1779799533235,27,GetIndividual,429,Too Many Requests,GetIndividual 1-444,text,false,,417,3588,262,521,https://api-scuda.uat.oci.krungsri.tech/ic/api/v1/customer/individual/getprofile,27,0,24
1779799533179,85,SearchIndividual,429,Too Many Requests,SearchIndividual 2-712,text,false,,417,2602,6,520,https://api-scuda.uat.oci.krungsri.tech/ords/api/v1/customer/individual/searchprofile,85,0,58
1779799533188,78,GetIndividual,429,Too Many Requests,GetIndividual 1-440,text,false,,417,3588,261,519,https://api-scuda.uat.oci.krungsri.tech/ic/api/v1/customer/individual/getprofile,78,0,66
1779799533202,68,UpdateIndividual,429,Too Many Requests,UpdateIndividual 4-283,text,false,,417,4228,172,519,https://api-scuda.uat.oci.krungsri.tech/ic/api/v1/customer/individual/updateprofile,68,0,35
1779799533239,33,GetIndividual,429,Too Many Requests,GetIndividual 1-445,text,false,,417,3588,260,519,https://api-scuda.uat.oci.krungsri.tech/ic/api/v1/customer/individual/getprofile,33,0,26
1779799533206,70,SearchIndividual,429,Too Many Requests,SearchIndividual 2-715,text,false,,417,2602,7,518,https://api-scuda.uat.oci.krungsri.tech/ords/api/v1/customer/individual/searchprofile,70,0,32
1779799533259,18,UpdateIndividual,429,Too Many Requests,UpdateIndividual 4-285,text,false,,417,5567,171,517,https://api-scuda.uat.oci.krungsri.tech/ic/api/v1/customer/individual/updateprofile,18,0,15
1779799533263,20,SearchIndividual,429,Too Many Requests,SearchIndividual 2-719,text,false,,417,2602,6,516,https://api-scuda.uat.oci.krungsri.tech/ords/api/v1/customer/individual/searchprofile,20,0,18
1779799533230,54,UpdateIndividual,429,Too Many Requests,UpdateIndividual 4-284,text,false,,417,4229,170,515,https://api-scuda.uat.oci.krungsri.tech/ic/api/v1/customer/individual/updateprofile,54,0,50
1779799533226,63,UpdateJoint,429,Too Many Requests,UpdateJoint 12-17,text,false,,417,3614,12,514,https://api-scuda.uat.oci.krungsri.tech/ic/api/v1/customer/joint/updateprofile,63,0,55
1779799533259,40,SearchIndividual,429,Too Many Requests,SearchIndividual 2-718,text,false,,417,2602,7,515,https://api-scuda.uat.oci.krungsri.tech/ords/api/v1/customer/individual/searchprofile,40,0,33
1779799533271,37,SearchIndividual,429,Too Many Requests,SearchIndividual 2-721,text,false,,417,2602,6,515,https://api-scuda.uat.oci.krungsri.tech/ords/api/v1/customer/individual/searchprofile,37,0,35
1779799533291,30,SearchIndividual,429,Too Many Requests,SearchIndividual 2-722,text,false,,417,2602,6,517,https://api-scuda.uat.oci.krungsri.tech/ords/api/v1/customer/individual/searchprofile,30,0,20
1779799533298,23,SearchIndividual,429,Too Many Requests,SearchIndividual 2-723,text,false,,417,2602,6,517,https://api-scuda.uat.oci.krungsri.tech/ords/api/v1/customer/individual/searchprofile,23,0,22
1779799533319,24,SearchIndividual,429,Too Many Requests,SearchIndividual 2-724,text,false,,417,2602,5,517,https://api-scuda.uat.oci.krungsri.tech/ords/api/v1/customer/individual/searchprofile,24,0,19
1779799533332,18,SearchIndividual,429,Too Many Requests,SearchIndividual 2-725,text,false,,417,2602,5,518,https://api-scuda.uat.oci.krungsri.tech/ords/api/v1/customer/individual/searchprofile,18,0,16
1779799533331,20,UpdateIndividual,429,Too Many Requests,UpdateIndividual 4-289,text,false,,417,4229,173,518,https://api-scuda.uat.oci.krungsri.tech/ic/api/v1/customer/individual/updateprofile,20,0,18
1779799533323,29,UpdateIndividual,429,Too Many Requests,UpdateIndividual 4-287,text,false,,417,4227,172,516,https://api-scuda.uat.oci.krungsri.tech/ic/api/v1/customer/individual/updateprofile,29,0,26
1779799533190,167,SearchIndividual,200,OK,SearchIndividual 2-714,text,true,,1105,2602,4,516,https://api-scuda.uat.oci.krungsri.tech/ords/api/v1/customer/individual/searchprofile,157,0,50
1779799533350,21,UpdateIndividual,429,Too Many Requests,UpdateIndividual 4-290,text,false,,417,5589,173,517,https://api-scuda.uat.oci.krungsri.tech/ic/api/v1/customer/individual/updateprofile,21,0,19
1779799533348,29,SearchIndividual,429,Too Many Requests,SearchIndividual 2-726,text,false,,417,2602,5,518,https://api-scuda.uat.oci.krungsri.tech/ords/api/v1/customer/individual/searchprofile,29,0,25
1779799533365,16,UpdateIndividual,429,Too Many Requests,UpdateIndividual 4-292,text,false,,417,5569,173,518,https://api-scuda.uat.oci.krungsri.tech/ic/api/v1/customer/individual/updateprofile,16,0,13
1779799533365,17,SearchIndividual,429,Too Many Requests,SearchIndividual 2-727,text,false,,417,2602,4,517,https://api-scuda.uat.oci.krungsri.tech/ords/api/v1/customer/individual/searchprofile,17,0,15
1779799533358,25,UpdateIndividual,429,Too Many Requests,UpdateIndividual 4-291,text,false,,417,4227,172,517,https://api-scuda.uat.oci.krungsri.tech/ic/api/v1/customer/individual/updateprofile,25,0,23
1779799533239,145,SearchIndividual,200,OK,SearchIndividual 2-717,text,true,,1171,2602,3,515,https://api-scuda.uat.oci.krungsri.tech/ords/api/v1/customer/individual/searchprofile,144,0,42
1779799533379,14,UpdateIndividual,429,Too Many Requests,UpdateIndividual 4-293,text,false,,417,5633,171,515,https://api-scuda.uat.oci.krungsri.tech/ic/api/v1/customer/individual/updateprofile,14,0,12
1779799533373,22,SearchIndividual,429,Too Many Requests,SearchIndividual 2-728,text,false,,417,2602,3,514,https://api-scuda.uat.oci.krungsri.tech/ords/api/v1/customer/individual/searchprofile,22,0,20
1779799533388,36,SearchIndividual,429,Too Many Requests,SearchIndividual 2-729,text,false,,417,2601,5,518,https://api-scuda.uat.oci.krungsri.tech/ords/api/v1/customer/individual/searchprofile,36,0,34
1779799533380,45,GetIndividual,429,Too Many Requests,GetIndividual 1-447,text,false,,417,3588,261,518,https://api-scuda.uat.oci.krungsri.tech/ic/api/v1/customer/individual/getprofile,45,0,20
1779799533397,31,SearchIndividual,429,Too Many Requests,SearchIndividual 2-730,text,false,,417,2602,4,516,https://api-scuda.uat.oci.krungsri.tech/ords/api/v1/customer/individual/searchprofile,31,0,27
1779799533401,32,SearchIndividual,429,Too Many Requests,SearchIndividual 2-731,text,false,,417,2602,3,515,https://api-scuda.uat.oci.krungsri.tech/ords/api/v1/customer/individual/searchprofile,32,0,28
1779799533409,32,UpdateIndividual,429,Too Many Requests,UpdateIndividual 4-294,text,false,,417,5563,172,516,https://api-scuda.uat.oci.krungsri.tech/ic/api/v1/customer/individual/updateprofile,32,0,30
1779799533414,39,UpdateIndividual,429,Too Many Requests,UpdateIndividual 4-295,text,false,,417,4230,171,517,https://api-scuda.uat.oci.krungsri.tech/ic/api/v1/customer/individual/updateprofile,39,0,34
1779799533440,21,SearchIndividual,429,Too Many Requests,SearchIndividual 2-733,text,false,,417,2602,6,518,https://api-scuda.uat.oci.krungsri.tech/ords/api/v1/customer/individual/searchprofile,21,0,20
1779799533438,28,GetIndividual,429,Too Many Requests,GetIndividual 1-448,text,false,,417,3588,262,517,https://api-scuda.uat.oci.krungsri.tech/ic/api/v1/customer/individual/getprofile,28,0,20
1779799533448,36,SearchIndividual,429,Too Many Requests,SearchIndividual 2-734,text,false,,417,2602,6,520,https://api-scuda.uat.oci.krungsri.tech/ords/api/v1/customer/individual/searchprofile,36,0,35
1779799533269,218,SearchIndividual,200,OK,SearchIndividual 2-720,text,true,,1207,2602,7,521,https://api-scuda.uat.oci.krungsri.tech/ords/api/v1/customer/individual/searchprofile,216,0,92
1779799533476,20,SearchIndividual,429,Too Many Requests,SearchIndividual 2-737,text,false,,417,2602,6,520,https://api-scuda.uat.oci.krungsri.tech/ords/api/v1/customer/individual/searchprofile,20,0,18
1779799533504,19,SearchIndividual,429,Too Many Requests,SearchIndividual 2-740,text,false,,417,2602,7,524,https://api-scuda.uat.oci.krungsri.tech/ords/api/v1/customer/individual/searchprofile,19,0,17
1779799533508,15,SearchJoint,429,Too Many Requests,SearchJoint 10-17,text,false,,417,2627,1,524,https://api-scuda.uat.oci.krungsri.tech/ords/api/v1/customer/joint/searchprofile,15,0,14
1779799533523,26,SearchIndividual,429,Too Many Requests,SearchIndividual 2-741,text,false,,417,2602,7,526,https://api-scuda.uat.oci.krungsri.tech/ords/api/v1/customer/individual/searchprofile,26,0,23
1779799533535,23,SearchIndividual,429,Too Many Requests,SearchIndividual 2-742,text,false,,417,2602,6,527,https://api-scuda.uat.oci.krungsri.tech/ords/api/v1/customer/individual/searchprofile,23,0,21
1779799533540,22,GetJuristic,429,Too Many Requests,GetJuristic 5-17,text,false,,417,3533,10,526,https://api-scuda.uat.oci.krungsri.tech/ic/api/v1/customer/juristic/getprofile,22,0,19
1779799533486,89,SearchIndividual,429,Too Many Requests,SearchIndividual 2-738,text,false,,417,2602,6,526,https://api-scuda.uat.oci.krungsri.tech/ords/api/v1/customer/individual/searchprofile,89,0,76
1779799533568,26,SearchIndividual,429,Too Many Requests,SearchIndividual 2-743,text,false,,417,2602,7,530,https://api-scuda.uat.oci.krungsri.tech/ords/api/v1/customer/individual/searchprofile,26,0,23
1779799533409,188,SearchIndividual,200,OK,SearchIndividual 2-732,text,true,,1151,2602,7,530,https://api-scuda.uat.oci.krungsri.tech/ords/api/v1/customer/individual/searchprofile,188,0,116
1779799533449,148,SearchIndividual,200,OK,SearchIndividual 2-735,text,true,,1160,2601,6,529,https://api-scuda.uat.oci.krungsri.tech/ords/api/v1/customer/individual/searchprofile,148,0,92
1779799533484,114,UpdateIndividual,429,Too Many Requests,UpdateIndividual 4-297,text,false,,417,4227,175,529,https://api-scuda.uat.oci.krungsri.tech/ic/api/v1/customer/individual/updateprofile,114,0,83
1779799533579,21,SearchIndividual,429,Too Many Requests,SearchIndividual 2-745,text,false,,417,2602,5,527,https://api-scuda.uat.oci.krungsri.tech/ords/api/v1/customer/individual/searchprofile,21,0,19
1779799533457,159,SearchIndividual,429,Too Many Requests,SearchIndividual 2-736,text,false,,417,2602,6,530,https://api-scuda.uat.oci.krungsri.tech/ords/api/v1/customer/individual/searchprofile,159,0,105
1779799533607,22,SearchIndividual,429,Too Many Requests,SearchIndividual 2-747,text,false,,417,2600,5,532,https://api-scuda.uat.oci.krungsri.tech/ords/api/v1/customer/individual/searchprofile,22,0,19
1779799533605,25,UpdateIndividual,429,Too Many Requests,UpdateIndividual 4-301,text,false,,417,5508,176,531,https://api-scuda.uat.oci.krungsri.tech/ic/api/v1/customer/individual/updateprofile,25,0,22
1779799533508,128,GetIndividual,429,Too Many Requests,GetIndividual 1-450,text,false,,417,3588,271,530,https://api-scuda.uat.oci.krungsri.tech/ic/api/v1/customer/individual/getprofile,128,0,63
1779799533540,104,GetIndividual,429,Too Many Requests,GetIndividual 1-452,text,false,,417,3588,270,531,https://api-scuda.uat.oci.krungsri.tech/ic/api/v1/customer/individual/getprofile,104,0,54
1779799533518,128,GetIndividual,429,Too Many Requests,GetIndividual 1-451,text,false,,417,3585,269,531,https://api-scuda.uat.oci.krungsri.tech/ic/api/v1/customer/individual/getprofile,128,0,77
1779799533486,162,SearchIndividual,429,Too Many Requests,SearchIndividual 2-739,text,false,,417,2602,5,530,https://api-scuda.uat.oci.krungsri.tech/ords/api/v1/customer/individual/searchprofile,162,0,106
1779799533476,173,UpdateIndividual,429,Too Many Requests,UpdateIndividual 4-296,text,false,,417,4226,177,530,https://api-scuda.uat.oci.krungsri.tech/ic/api/v1/customer/individual/updateprofile,173,0,108
1779799533578,76,SearchIndividual,429,Too Many Requests,SearchIndividual 2-744,text,false,,417,2602,6,530,https://api-scuda.uat.oci.krungsri.tech/ords/api/v1/customer/individual/searchprofile,76,0,45
1779799533630,25,GetIndividual,429,Too Many Requests,GetIndividual 1-459,text,false,,417,3588,268,529,https://api-scuda.uat.oci.krungsri.tech/ic/api/v1/customer/individual/getprofile,25,0,23
1779799533578,80,GetIndividual,429,Too Many Requests,GetIndividual 1-455,text,false,,417,3588,267,529,https://api-scuda.uat.oci.krungsri.tech/ic/api/v1/customer/individual/getprofile,80,0,53
1779799533551,108,GetIndividual,429,Too Many Requests,GetIndividual 1-453,text,false,,417,3588,266,528,https://api-scuda.uat.oci.krungsri.tech/ic/api/v1/customer/individual/getprofile,108,0,78
1779799533642,20,UpdateIndividual,429,Too Many Requests,UpdateIndividual 4-303,text,false,,417,5528,176,527,https://api-scuda.uat.oci.krungsri.tech/ic/api/v1/customer/individual/updateprofile,20,0,18
1779799533555,108,GetIndividual,429,Too Many Requests,GetIndividual 1-454,text,false,,417,3588,265,527,https://api-scuda.uat.oci.krungsri.tech/ic/api/v1/customer/individual/getprofile,108,0,58
1779799533646,21,UpdateIndividual,429,Too Many Requests,UpdateIndividual 4-304,text,false,,417,4227,175,525,https://api-scuda.uat.oci.krungsri.tech/ic/api/v1/customer/individual/updateprofile,21,0,19
1779799533551,118,UpdateIndividual,429,Too Many Requests,UpdateIndividual 4-299,text,false,,417,4227,174,525,https://api-scuda.uat.oci.krungsri.tech/ic/api/v1/customer/individual/updateprofile,118,0,103
1779799533656,24,SearchIndividual,429,Too Many Requests,SearchIndividual 2-752,text,false,,417,2602,8,525,https://api-scuda.uat.oci.krungsri.tech/ords/api/v1/customer/individual/searchprofile,24,0,21
1779799533584,97,GetIndividual,429,Too Many Requests,GetIndividual 1-456,text,false,,417,3588,264,524,https://api-scuda.uat.oci.krungsri.tech/ic/api/v1/customer/individual/getprofile,97,0,76
1779799533590,91,UpdateIndividual,429,Too Many Requests,UpdateIndividual 4-300,text,false,,417,5579,173,524,https://api-scuda.uat.oci.krungsri.tech/ic/api/v1/customer/individual/updateprofile,91,0,61
1779799533609,74,SearchIndividual,429,Too Many Requests,SearchIndividual 2-748,text,false,,417,2602,7,522,https://api-scuda.uat.oci.krungsri.tech/ords/api/v1/customer/individual/searchprofile,74,0,53
1779799533596,88,SearchIndividual,429,Too Many Requests,SearchIndividual 2-746,text,false,,417,2602,7,522,https://api-scuda.uat.oci.krungsri.tech/ords/api/v1/customer/individual/searchprofile,88,0,67
1779799533686,20,GetIndividual,429,Too Many Requests,GetIndividual 1-460,text,false,,417,3588,265,525,https://api-scuda.uat.oci.krungsri.tech/ic/api/v1/customer/individual/getprofile,20,0,18
1779799533695,21,GetIndividual,429,Too Many Requests,GetIndividual 1-461,text,false,,417,3588,265,527,https://api-scuda.uat.oci.krungsri.tech/ic/api/v1/customer/individual/getprofile,21,0,20
1779799533649,79,SearchIndividual,429,Too Many Requests,SearchIndividual 2-750,text,false,,417,2602,12,530,https://api-scuda.uat.oci.krungsri.tech/ords/api/v1/customer/individual/searchprofile,79,0,46
1779799533706,38,SearchIndividual,429,Too Many Requests,SearchIndividual 2-757,text,false,,417,2602,11,529,https://api-scuda.uat.oci.krungsri.tech/ords/api/v1/customer/individual/searchprofile,38,0,25
1779799533668,85,SearchIndividual,429,Too Many Requests,SearchIndividual 2-753,text,false,,417,2602,12,530,https://api-scuda.uat.oci.krungsri.tech/ords/api/v1/customer/individual/searchprofile,85,0,55
1779799533646,108,SearchIndividual,429,Too Many Requests,SearchIndividual 2-749,text,false,,417,2602,12,530,https://api-scuda.uat.oci.krungsri.tech/ords/api/v1/customer/individual/searchprofile,108,0,99
1779799533709,50,GetIndividual,429,Too Many Requests,GetIndividual 1-462,text,false,,417,3588,264,528,https://api-scuda.uat.oci.krungsri.tech/ic/api/v1/customer/individual/getprofile,50,0,41
1779799533673,87,SearchIndividual,429,Too Many Requests,SearchIndividual 2-754,text,false,,417,2602,10,527,https://api-scuda.uat.oci.krungsri.tech/ords/api/v1/customer/individual/searchprofile,87,0,76
1779799533723,40,SearchIndividual,429,Too Many Requests,SearchIndividual 2-761,text,false,,417,2602,9,526,https://api-scuda.uat.oci.krungsri.tech/ords/api/v1/customer/individual/searchprofile,40,0,33
1779799533711,52,SearchIndividual,429,Too Many Requests,SearchIndividual 2-759,text,false,,417,2602,9,526,https://api-scuda.uat.oci.krungsri.tech/ords/api/v1/customer/individual/searchprofile,52,0,40
1779799533725,38,UpdateIndividual,429,Too Many Requests,UpdateIndividual 4-306,text,false,,417,4227,174,526,https://api-scuda.uat.oci.krungsri.tech/ic/api/v1/customer/individual/updateprofile,38,0,33
1779799533706,61,SearchIndividual,429,Too Many Requests,SearchIndividual 2-756,text,false,,417,2602,8,525,https://api-scuda.uat.oci.krungsri.tech/ords/api/v1/customer/individual/searchprofile,61,0,51
1779799533653,119,SearchIndividual,429,Too Many Requests,SearchIndividual 2-751,text,false,,417,2602,8,526,https://api-scuda.uat.oci.krungsri.tech/ords/api/v1/customer/individual/searchprofile,119,0,105
1779799533718,65,SearchIndividual,429,Too Many Requests,SearchIndividual 2-760,text,false,,417,2602,10,529,https://api-scuda.uat.oci.krungsri.tech/ords/api/v1/customer/individual/searchprofile,65,0,57
1779799533725,59,UpdateIndividual,429,Too Many Requests,UpdateIndividual 4-305,text,false,,417,5605,175,528,https://api-scuda.uat.oci.krungsri.tech/ic/api/v1/customer/individual/updateprofile,59,0,56
1779799533753,36,SearchIndividual,429,Too Many Requests,SearchIndividual 2-763,text,false,,417,2602,9,527,https://api-scuda.uat.oci.krungsri.tech/ords/api/v1/customer/individual/searchprofile,36,0,34
1779799533748,42,SearchIndividual,429,Too Many Requests,SearchIndividual 2-762,text,false,,417,2602,11,529,https://api-scuda.uat.oci.krungsri.tech/ords/api/v1/customer/individual/searchprofile,42,0,38
1779799533767,25,SearchIndividual,429,Too Many Requests,SearchIndividual 2-764,text,false,,417,2602,9,527,https://api-scuda.uat.oci.krungsri.tech/ords/api/v1/customer/individual/searchprofile,25,0,23
1779799533766,26,GetIndividual,429,Too Many Requests,GetIndividual 1-463,text,false,,417,3588,264,527,https://api-scuda.uat.oci.krungsri.tech/ic/api/v1/customer/individual/getprofile,26,0,22
1779799533768,26,SearchIndividual,429,Too Many Requests,SearchIndividual 2-765,text,false,,417,2602,8,525,https://api-scuda.uat.oci.krungsri.tech/ords/api/v1/customer/individual/searchprofile,26,0,24
1779799533785,16,UpdateIndividual,429,Too Many Requests,UpdateIndividual 4-308,text,false,,417,4227,174,527,https://api-scuda.uat.oci.krungsri.tech/ic/api/v1/customer/individual/updateprofile,16,0,15
1779799533774,32,SearchIndividual,429,Too Many Requests,SearchIndividual 2-766,text,false,,417,2602,8,528,https://api-scuda.uat.oci.krungsri.tech/ords/api/v1/customer/individual/searchprofile,32,0,28
1779799533775,31,UpdateIndividual,429,Too Many Requests,UpdateIndividual 4-307,text,false,,417,5539,175,528,https://api-scuda.uat.oci.krungsri.tech/ic/api/v1/customer/individual/updateprofile,31,0,22
1779799533781,33,SearchIndividual,429,Too Many Requests,SearchIndividual 2-767,text,false,,417,2602,9,529,https://api-scuda.uat.oci.krungsri.tech/ords/api/v1/customer/individual/searchprofile,33,0,30
1779799533798,21,SearchIndividual,429,Too Many Requests,SearchIndividual 2-771,text,false,,417,2602,8,528,https://api-scuda.uat.oci.krungsri.tech/ords/api/v1/customer/individual/searchprofile,21,0,19
1779799533799,20,GetIndividual,429,Too Many Requests,GetIndividual 1-465,text,false,,417,3588,266,528,https://api-scuda.uat.oci.krungsri.tech/ic/api/v1/customer/individual/getprofile,20,0,17
1779799533710,114,SearchIndividual,200,OK,SearchIndividual 2-758,text,true,,1175,2602,7,527,https://api-scuda.uat.oci.krungsri.tech/ords/api/v1/customer/individual/searchprofile,114,0,67
1779799533697,131,SearchIndividual,200,OK,SearchIndividual 2-755,text,true,,1119,2602,7,527,https://api-scuda.uat.oci.krungsri.tech/ords/api/v1/customer/individual/searchprofile,131,0,58
1779799533811,20,SearchIndividual,429,Too Many Requests,SearchIndividual 2-772,text,false,,417,2602,6,526,https://api-scuda.uat.oci.krungsri.tech/ords/api/v1/customer/individual/searchprofile,20,0,14
1779799533814,20,GetIndividual,429,Too Many Requests,GetIndividual 1-466,text,false,,417,3588,265,525,https://api-scuda.uat.oci.krungsri.tech/ic/api/v1/customer/individual/getprofile,20,0,18
1779799533813,23,SearchIndividual,429,Too Many Requests,SearchIndividual 2-773,text,false,,417,2602,5,524,https://api-scuda.uat.oci.krungsri.tech/ords/api/v1/customer/individual/searchprofile,23,0,20
1779799533824,19,UpdateIndividual,429,Too Many Requests,UpdateIndividual 4-311,text,false,,417,4227,176,525,https://api-scuda.uat.oci.krungsri.tech/ic/api/v1/customer/individual/updateprofile,19,0,17
1779799533789,57,SearchIndividual,429,Too Many Requests,SearchIndividual 2-769,text,false,,417,2602,4,524,https://api-scuda.uat.oci.krungsri.tech/ords/api/v1/customer/individual/searchprofile,57,0,46
1779799533781,67,SearchIndividual,429,Too Many Requests,SearchIndividual 2-768,text,false,,417,2602,3,523,https://api-scuda.uat.oci.krungsri.tech/ords/api/v1/customer/individual/searchprofile,67,0,56
1779799533798,54,GetIndividual,429,Too Many Requests,GetIndividual 1-464,text,false,,417,3588,265,522,https://api-scuda.uat.oci.krungsri.tech/ic/api/v1/customer/individual/getprofile,54,0,47
1779799533826,29,SearchIndividual,429,Too Many Requests,SearchIndividual 2-774,text,false,,417,2602,3,522,https://api-scuda.uat.oci.krungsri.tech/ords/api/v1/customer/individual/searchprofile,29,0,27
1779799533811,45,UpdateIndividual,429,Too Many Requests,UpdateIndividual 4-310,text,false,,417,4227,175,522,https://api-scuda.uat.oci.krungsri.tech/ic/api/v1/customer/individual/updateprofile,45,0,40
1779799533836,22,GetIndividual,429,Too Many Requests,GetIndividual 1-467,text,false,,417,3588,264,520,https://api-scuda.uat.oci.krungsri.tech/ic/api/v1/customer/individual/getprofile,22,0,18
1779799533846,31,UpdateIndividual,429,Too Many Requests,UpdateIndividual 4-312,text,false,,417,4226,174,525,https://api-scuda.uat.oci.krungsri.tech/ic/api/v1/customer/individual/updateprofile,31,0,29
1779799533860,25,SearchIndividual,429,Too Many Requests,SearchIndividual 2-776,text,false,,417,2602,5,526,https://api-scuda.uat.oci.krungsri.tech/ords/api/v1/customer/individual/searchprofile,25,0,21
1779799533859,29,GetIndividual,429,Too Many Requests,GetIndividual 1-468,text,false,,417,3588,266,526,https://api-scuda.uat.oci.krungsri.tech/ic/api/v1/customer/individual/getprofile,29,0,24
1779799533790,100,SearchIndividual,200,OK,SearchIndividual 2-770,text,true,,1173,2602,5,525,https://api-scuda.uat.oci.krungsri.tech/ords/api/v1/customer/individual/searchprofile,100,0,74
1779799533866,29,SearchIndividual,429,Too Many Requests,SearchIndividual 2-777,text,false,,417,2602,4,524,https://api-scuda.uat.oci.krungsri.tech/ords/api/v1/customer/individual/searchprofile,29,0,26
1779799533866,30,GetIndividual,429,Too Many Requests,GetIndividual 1-469,text,false,,417,3588,265,523,https://api-scuda.uat.oci.krungsri.tech/ic/api/v1/customer/individual/getprofile,30,0,25
1779799533871,27,SearchIndividual,429,Too Many Requests,SearchIndividual 2-778,text,false,,417,2602,3,522,https://api-scuda.uat.oci.krungsri.tech/ords/api/v1/customer/individual/searchprofile,27,0,22
1779799533882,24,GetIndividual,429,Too Many Requests,GetIndividual 1-470,text,false,,417,3588,266,524,https://api-scuda.uat.oci.krungsri.tech/ic/api/v1/customer/individual/getprofile,24,0,23
1779799533888,30,SearchIndividual,429,Too Many Requests,SearchIndividual 2-779,text,false,,417,2602,5,529,https://api-scuda.uat.oci.krungsri.tech/ords/api/v1/customer/individual/searchprofile,30,0,16
1779799533912,19,UpdateIndividual,429,Too Many Requests,UpdateIndividual 4-313,text,false,,417,4230,174,529,https://api-scuda.uat.oci.krungsri.tech/ic/api/v1/customer/individual/updateprofile,19,0,17
1779799533855,79,SearchIndividual,200,OK,SearchIndividual 2-775,text,true,,1145,2602,5,528,https://api-scuda.uat.oci.krungsri.tech/ords/api/v1/customer/individual/searchprofile,79,0,26
1779799533904,32,SearchIndividual,429,Too Many Requests,SearchIndividual 2-780,text,false,,417,2602,4,527,https://api-scuda.uat.oci.krungsri.tech/ords/api/v1/customer/individual/searchprofile,32,0,28
1779799533902,43,GetIndividual,429,Too Many Requests,GetIndividual 1-472,text,false,,417,3588,267,527,https://api-scuda.uat.oci.krungsri.tech/ic/api/v1/customer/individual/getprofile,43,0,38
1779799533915,31,SearchIndividual,429,Too Many Requests,SearchIndividual 2-781,text,false,,417,2602,4,527,https://api-scuda.uat.oci.krungsri.tech/ords/api/v1/customer/individual/searchprofile,31,0,27
1779799533914,33,GetIndividual,429,Too Many Requests,GetIndividual 1-473,text,false,,417,3588,266,525,https://api-scuda.uat.oci.krungsri.tech/ic/api/v1/customer/individual/getprofile,33,0,30
1779799533929,18,SearchIndividual,429,Too Many Requests,SearchIndividual 2-783,text,false,,417,2602,3,525,https://api-scuda.uat.oci.krungsri.tech/ords/api/v1/customer/individual/searchprofile,18,0,15
1779799533901,47,GetIndividual,429,Too Many Requests,GetIndividual 1-471,text,false,,417,3587,265,524,https://api-scuda.uat.oci.krungsri.tech/ic/api/v1/customer/individual/getprofile,47,0,32
1779799533939,26,SearchIndividual,429,Too Many Requests,SearchIndividual 2-784,text,false,,417,2602,2,525,https://api-scuda.uat.oci.krungsri.tech/ords/api/v1/customer/individual/searchprofile,26,0,24
1779799533955,27,GetIndividual,429,Too Many Requests,GetIndividual 1-475,text,false,,417,3586,267,525,https://api-scuda.uat.oci.krungsri.tech/ic/api/v1/customer/individual/getprofile,27,0,25
1779799533966,23,GetIndividual,429,Too Many Requests,GetIndividual 1-476,text,false,,417,3588,267,527,https://api-scuda.uat.oci.krungsri.tech/ic/api/v1/customer/individual/getprofile,23,0,17
1779799533974,19,GetIndividual,429,Too Many Requests,GetIndividual 1-477,text,false,,417,3588,267,527,https://api-scuda.uat.oci.krungsri.tech/ic/api/v1/customer/individual/getprofile,19,0,17
1779799533986,17,SearchIndividual,429,Too Many Requests,SearchIndividual 2-785,text,false,,417,2602,3,530,https://api-scuda.uat.oci.krungsri.tech/ords/api/v1/customer/individual/searchprofile,17,0,15
1779799533916,94,SearchIndividual,200,OK,SearchIndividual 2-782,text,true,,1171,2602,3,531,https://api-scuda.uat.oci.krungsri.tech/ords/api/v1/customer/individual/searchprofile,93,0,56
1779799533908,106,SearchJuristic,200,OK,SearchJuristic 6-18,text,true,,1008,2599,1,531,https://api-scuda.uat.oci.krungsri.tech/ords/api/v1/customer/juristic/searchprofile,106,0,59
1779799533999,18,GetIndividual,429,Too Many Requests,GetIndividual 1-480,text,false,,417,3588,268,531,https://api-scuda.uat.oci.krungsri.tech/ic/api/v1/customer/individual/getprofile,18,0,16
1779799533988,31,SearchIndividual,429,Too Many Requests,SearchIndividual 2-786,text,false,,417,2602,3,531,https://api-scuda.uat.oci.krungsri.tech/ords/api/v1/customer/individual/searchprofile,31,0,29
1779799533988,32,GetIndividual,429,Too Many Requests,GetIndividual 1-478,text,false,,417,3588,268,532,https://api-scuda.uat.oci.krungsri.tech/ic/api/v1/customer/individual/getprofile,32,0,30
1779799533993,44,GetIndividual,429,Too Many Requests,GetIndividual 1-479,text,false,,417,3588,265,527,https://api-scuda.uat.oci.krungsri.tech/ic/api/v1/customer/individual/getprofile,44,0,39
1779799534005,38,UpdateIndividual,429,Too Many Requests,UpdateIndividual 4-314,text,false,,417,5633,176,526,https://api-scuda.uat.oci.krungsri.tech/ic/api/v1/customer/individual/updateprofile,38,0,29
1779799534007,43,UpdateIndividual,429,Too Many Requests,UpdateIndividual 4-315,text,false,,417,4228,175,526,https://api-scuda.uat.oci.krungsri.tech/ic/api/v1/customer/individual/updateprofile,43,0,41
1779799534029,24,SearchIndividual,429,Too Many Requests,SearchIndividual 2-789,text,false,,417,2602,4,525,https://api-scuda.uat.oci.krungsri.tech/ords/api/v1/customer/individual/searchprofile,24,0,22
1779799534045,23,SearchIndividual,429,Too Many Requests,SearchIndividual 2-790,text,false,,417,2602,3,525,https://api-scuda.uat.oci.krungsri.tech/ords/api/v1/customer/individual/searchprofile,23,0,22
1779799534020,74,SearchIndividual,200,OK,SearchIndividual 2-787,text,true,,1191,2602,4,529,https://api-scuda.uat.oci.krungsri.tech/ords/api/v1/customer/individual/searchprofile,73,0,51
1779799534070,32,UpdateIndividual,429,Too Many Requests,UpdateIndividual 4-317,text,false,,417,5632,177,530,https://api-scuda.uat.oci.krungsri.tech/ic/api/v1/customer/individual/updateprofile,32,0,25
1779799534078,26,UpdateIndividual,429,Too Many Requests,UpdateIndividual 4-318,text,false,,417,5605,176,530,https://api-scuda.uat.oci.krungsri.tech/ic/api/v1/customer/individual/updateprofile,26,0,23
1779799534081,38,UpdateIndividual,429,Too Many Requests,UpdateIndividual 4-319,text,false,,417,5529,175,531,https://api-scuda.uat.oci.krungsri.tech/ic/api/v1/customer/individual/updateprofile,38,0,31
1779799534078,42,SearchIndividual,429,Too Many Requests,SearchIndividual 2-791,text,false,,417,2602,5,531,https://api-scuda.uat.oci.krungsri.tech/ords/api/v1/customer/individual/searchprofile,42,0,19
1779799534085,42,SearchIndividual,429,Too Many Requests,SearchIndividual 2-792,text,false,,417,2601,5,530,https://api-scuda.uat.oci.krungsri.tech/ords/api/v1/customer/individual/searchprofile,42,0,38
1779799534112,33,SearchIndividual,429,Too Many Requests,SearchIndividual 2-794,text,false,,417,2602,5,530,https://api-scuda.uat.oci.krungsri.tech/ords/api/v1/customer/individual/searchprofile,33,0,31
1779799534122,24,SearchIndividual,429,Too Many Requests,SearchIndividual 2-795,text,false,,417,2602,5,530,https://api-scuda.uat.oci.krungsri.tech/ords/api/v1/customer/individual/searchprofile,24,0,16
1779799534113,34,UpdateJoint,429,Too Many Requests,UpdateJoint 12-18,text,false,,417,4552,12,529,https://api-scuda.uat.oci.krungsri.tech/ic/api/v1/customer/joint/updateprofile,34,0,30
1779799534088,60,GetIndividual,429,Too Many Requests,GetIndividual 1-481,text,false,,417,3588,267,527,https://api-scuda.uat.oci.krungsri.tech/ic/api/v1/customer/individual/getprofile,60,0,58
1779799534027,127,SearchIndividual,200,OK,SearchIndividual 2-788,text,true,,1151,2602,3,526,https://api-scuda.uat.oci.krungsri.tech/ords/api/v1/customer/individual/searchprofile,127,0,72
1779799534140,21,SearchIndividual,429,Too Many Requests,SearchIndividual 2-796,text,false,,417,2602,2,526,https://api-scuda.uat.oci.krungsri.tech/ords/api/v1/customer/individual/searchprofile,21,0,20
1779799534159,21,GetIndividual,429,Too Many Requests,GetIndividual 1-484,text,false,,417,3588,267,528,https://api-scuda.uat.oci.krungsri.tech/ic/api/v1/customer/individual/getprofile,21,0,20
1779799534100,86,SearchIndividual,200,OK,SearchIndividual 2-793,text,true,,1202,2601,3,531,https://api-scuda.uat.oci.krungsri.tech/ords/api/v1/customer/individual/searchprofile,86,0,58
1779799534174,19,CreateJoint,429,Too Many Requests,CreateJoint 11-18,text,false,,417,5649,14,530,https://api-scuda.uat.oci.krungsri.tech/ic/api/v1/customer/joint/createprofile,19,0,17
1779799534181,21,GetIndividual,429,Too Many Requests,GetIndividual 1-485,text,false,,417,3588,268,532,https://api-scuda.uat.oci.krungsri.tech/ic/api/v1/customer/individual/getprofile,21,0,19
1779799534181,22,SearchIndividual,429,Too Many Requests,SearchIndividual 2-797,text,false,,417,2602,4,531,https://api-scuda.uat.oci.krungsri.tech/ords/api/v1/customer/individual/searchprofile,22,0,19
1779799534184,20,GetIndividual,429,Too Many Requests,GetIndividual 1-486,text,false,,417,3588,267,531,https://api-scuda.uat.oci.krungsri.tech/ic/api/v1/customer/individual/getprofile,20,0,14
1779799534187,28,UpdateIndividual,429,Too Many Requests,UpdateIndividual 4-321,text,false,,417,5694,176,532,https://api-scuda.uat.oci.krungsri.tech/ic/api/v1/customer/individual/updateprofile,28,0,26
1779799534195,28,SearchJoint,429,Too Many Requests,SearchJoint 10-18,text,false,,417,2627,1,532,https://api-scuda.uat.oci.krungsri.tech/ords/api/v1/customer/joint/searchprofile,28,0,26
1779799534207,23,SearchIndividual,429,Too Many Requests,SearchIndividual 2-801,text,false,,417,2602,4,533,https://api-scuda.uat.oci.krungsri.tech/ords/api/v1/customer/individual/searchprofile,23,0,17
1779799534186,45,UpdateIndividual,429,Too Many Requests,UpdateIndividual 4-320,text,false,,417,5510,176,533,https://api-scuda.uat.oci.krungsri.tech/ic/api/v1/customer/individual/updateprofile,45,0,43
1779799534198,38,SearchIndividual,429,Too Many Requests,SearchIndividual 2-799,text,false,,417,2602,3,533,https://api-scuda.uat.oci.krungsri.tech/ords/api/v1/customer/individual/searchprofile,38,0,36
1779799534224,23,GetIndividual,429,Too Many Requests,GetIndividual 1-489,text,false,,417,3588,272,533,https://api-scuda.uat.oci.krungsri.tech/ic/api/v1/customer/individual/getprofile,23,0,17
1779799534207,43,GetIndividual,429,Too Many Requests,GetIndividual 1-487,text,false,,417,3588,271,533,https://api-scuda.uat.oci.krungsri.tech/ic/api/v1/customer/individual/getprofile,43,0,39
1779799534208,51,GetIndividual,429,Too Many Requests,GetIndividual 1-488,text,false,,417,3588,271,534,https://api-scuda.uat.oci.krungsri.tech/ic/api/v1/customer/individual/getprofile,51,0,45
1779799534233,28,GetIndividual,429,Too Many Requests,GetIndividual 1-492,text,false,,417,3588,270,533,https://api-scuda.uat.oci.krungsri.tech/ic/api/v1/customer/individual/getprofile,28,0,23
1779799534183,83,SearchIndividual,200,OK,SearchIndividual 2-798,text,true,,1221,2602,5,532,https://api-scuda.uat.oci.krungsri.tech/ords/api/v1/customer/individual/searchprofile,83,0,44
1779799534231,37,UpdateIndividual,429,Too Many Requests,UpdateIndividual 4-322,text,false,,417,5534,176,532,https://api-scuda.uat.oci.krungsri.tech/ic/api/v1/customer/individual/updateprofile,37,0,34
1779799534252,18,GetIndividual,429,Too Many Requests,GetIndividual 1-493,text,false,,417,3588,269,531,https://api-scuda.uat.oci.krungsri.tech/ic/api/v1/customer/individual/getprofile,18,0,16
1779799534241,30,SearchIndividual,429,Too Many Requests,SearchIndividual 2-802,text,false,,417,2602,6,532,https://api-scuda.uat.oci.krungsri.tech/ords/api/v1/customer/individual/searchprofile,30,0,28
1779799534272,16,UpdateIndividual,429,Too Many Requests,UpdateIndividual 4-323,text,false,,417,4227,175,532,https://api-scuda.uat.oci.krungsri.tech/ic/api/v1/customer/individual/updateprofile,16,0,14
1779799534198,91,SearchIndividual,200,OK,SearchIndividual 2-800,text,true,,1119,2602,5,532,https://api-scuda.uat.oci.krungsri.tech/ords/api/v1/customer/individual/searchprofile,91,0,49
1779799534271,43,SearchIndividual,429,Too Many Requests,SearchIndividual 2-805,text,false,,417,2602,8,534,https://api-scuda.uat.oci.krungsri.tech/ords/api/v1/customer/individual/searchprofile,43,0,32
1779799534271,46,SearchIndividual,429,Too Many Requests,SearchIndividual 2-806,text,false,,417,2602,7,533,https://api-scuda.uat.oci.krungsri.tech/ords/api/v1/customer/individual/searchprofile,46,0,29
1779799534304,21,SearchIndividual,429,Too Many Requests,SearchIndividual 2-809,text,false,,417,2602,7,533,https://api-scuda.uat.oci.krungsri.tech/ords/api/v1/customer/individual/searchprofile,21,0,20
1779799534288,45,GetIndividual,429,Too Many Requests,GetIndividual 1-494,text,false,,417,3588,269,534,https://api-scuda.uat.oci.krungsri.tech/ic/api/v1/customer/individual/getprofile,45,0,43
1779799534312,22,SearchIndividual,429,Too Many Requests,SearchIndividual 2-810,text,false,,417,2602,8,534,https://api-scuda.uat.oci.krungsri.tech/ords/api/v1/customer/individual/searchprofile,22,0,20
1779799534319,21,SearchIndividual,429,Too Many Requests,SearchIndividual 2-811,text,false,,417,2602,7,533,https://api-scuda.uat.oci.krungsri.tech/ords/api/v1/customer/individual/searchprofile,21,0,20
1779799534330,12,SearchIndividual,429,Too Many Requests,SearchIndividual 2-813,text,false,,417,2602,6,533,https://api-scuda.uat.oci.krungsri.tech/ords/api/v1/customer/individual/searchprofile,12,0,10
1779799534326,30,SearchIndividual,429,Too Many Requests,SearchIndividual 2-812,text,false,,417,2602,5,532,https://api-scuda.uat.oci.krungsri.tech/ords/api/v1/customer/individual/searchprofile,30,0,29
1779799534343,24,GetJuristic,429,Too Many Requests,GetJuristic 5-18,text,false,,417,3533,10,536,https://api-scuda.uat.oci.krungsri.tech/ic/api/v1/customer/juristic/getprofile,24,0,22
1779799534342,26,UpdateIndividual,429,Too Many Requests,UpdateIndividual 4-324,text,false,,417,5544,176,536,https://api-scuda.uat.oci.krungsri.tech/ic/api/v1/customer/individual/updateprofile,26,0,24
1779799534362,13,GetIndividual,429,Too Many Requests,GetIndividual 1-496,text,false,,417,3588,272,534,https://api-scuda.uat.oci.krungsri.tech/ic/api/v1/customer/individual/getprofile,13,0,11
1779799534363,23,UpdateIndividual,429,Too Many Requests,UpdateIndividual 4-325,text,false,,417,5575,176,535,https://api-scuda.uat.oci.krungsri.tech/ic/api/v1/customer/individual/updateprofile,23,0,21
1779799534383,15,SearchIndividual,429,Too Many Requests,SearchIndividual 2-814,text,false,,417,2602,6,536,https://api-scuda.uat.oci.krungsri.tech/ords/api/v1/customer/individual/searchprofile,15,0,12
1779799534362,40,GetIndividual,429,Too Many Requests,GetIndividual 1-495,text,false,,417,3588,272,535,https://api-scuda.uat.oci.krungsri.tech/ic/api/v1/customer/individual/getprofile,40,0,35
1779799534365,47,GetIndividual,429,Too Many Requests,GetIndividual 1-498,text,false,,417,3587,271,535,https://api-scuda.uat.oci.krungsri.tech/ic/api/v1/customer/individual/getprofile,47,0,35
1779799534397,43,SearchIndividual,429,Too Many Requests,SearchIndividual 2-815,text,false,,417,2602,5,539,https://api-scuda.uat.oci.krungsri.tech/ords/api/v1/customer/individual/searchprofile,43,0,40
1779799534393,50,GetIndividual,429,Too Many Requests,GetIndividual 1-499,text,false,,417,3588,272,538,https://api-scuda.uat.oci.krungsri.tech/ic/api/v1/customer/individual/getprofile,49,0,46
1779799534408,38,GetJoint,429,Too Many Requests,GetJoint 9-18,text,false,,417,3530,12,539,https://api-scuda.uat.oci.krungsri.tech/ic/api/v1/customer/joint/getprofile,38,0,36
1779799534424,29,GetIndividual,429,Too Many Requests,GetIndividual 1-500,text,false,,417,3588,272,538,https://api-scuda.uat.oci.krungsri.tech/ic/api/v1/customer/individual/getprofile,29,0,27
1779799534441,19,UpdateIndividual,429,Too Many Requests,UpdateIndividual 4-328,text,false,,417,5599,180,540,https://api-scuda.uat.oci.krungsri.tech/ic/api/v1/customer/individual/updateprofile,19,0,16
1779799534443,18,UpdateIndividual,429,Too Many Requests,UpdateIndividual 4-329,text,false,,417,5546,179,539,https://api-scuda.uat.oci.krungsri.tech/ic/api/v1/customer/individual/updateprofile,18,0,15
1779799534431,31,GetIndividual,429,Too Many Requests,GetIndividual 1-501,text,false,,417,3588,271,539,https://api-scuda.uat.oci.krungsri.tech/ic/api/v1/customer/individual/getprofile,31,0,29
1779799534434,30,UpdateIndividual,429,Too Many Requests,UpdateIndividual 4-327,text,false,,417,5551,178,537,https://api-scuda.uat.oci.krungsri.tech/ic/api/v1/customer/individual/updateprofile,30,0,26
1779799534249,225,SearchIndividual,200,OK,SearchIndividual 2-803,text,true,,1215,2602,7,537,https://api-scuda.uat.oci.krungsri.tech/ords/api/v1/customer/individual/searchprofile,224,0,152
1779799534458,25,UpdateIndividual,429,Too Many Requests,UpdateIndividual 4-330,text,false,,417,4228,177,537,https://api-scuda.uat.oci.krungsri.tech/ic/api/v1/customer/individual/updateprofile,25,0,22
1779799534446,38,GetIndividual,429,Too Many Requests,GetIndividual 1-502,text,false,,417,3588,270,536,https://api-scuda.uat.oci.krungsri.tech/ic/api/v1/customer/individual/getprofile,38,0,37
1779799534446,41,SearchIndividual,429,Too Many Requests,SearchIndividual 2-816,text,false,,417,2602,7,535,https://api-scuda.uat.oci.krungsri.tech/ords/api/v1/customer/individual/searchprofile,41,0,39
1779799534456,32,SearchIndividual,429,Too Many Requests,SearchIndividual 2-817,text,false,,417,2602,7,535,https://api-scuda.uat.oci.krungsri.tech/ords/api/v1/customer/individual/searchprofile,32,0,29
1779799534463,27,UpdateIndividual,429,Too Many Requests,UpdateIndividual 4-331,text,false,,417,4227,176,535,https://api-scuda.uat.oci.krungsri.tech/ic/api/v1/customer/individual/updateprofile,27,0,25
1779799534482,21,SearchIndividual,429,Too Many Requests,SearchIndividual 2-819,text,false,,417,2602,9,538,https://api-scuda.uat.oci.krungsri.tech/ords/api/v1/customer/individual/searchprofile,21,0,18
1779799534489,22,SearchIndividual,429,Too Many Requests,SearchIndividual 2-820,text,false,,417,2602,9,538,https://api-scuda.uat.oci.krungsri.tech/ords/api/v1/customer/individual/searchprofile,22,0,20
1779799534504,16,UpdateIndividual,429,Too Many Requests,UpdateIndividual 4-332,text,false,,417,4228,177,538,https://api-scuda.uat.oci.krungsri.tech/ic/api/v1/customer/individual/updateprofile,16,0,14
1779799534500,23,SearchIndividual,429,Too Many Requests,SearchIndividual 2-822,text,false,,417,2602,8,537,https://api-scuda.uat.oci.krungsri.tech/ords/api/v1/customer/individual/searchprofile,23,0,20
1779799534510,16,SearchIndividual,429,Too Many Requests,SearchIndividual 2-824,text,false,,417,2602,8,537,https://api-scuda.uat.oci.krungsri.tech/ords/api/v1/customer/individual/searchprofile,16,0,14
1779799534526,17,SearchIndividual,429,Too Many Requests,SearchIndividual 2-825,text,false,,417,2602,10,539,https://api-scuda.uat.oci.krungsri.tech/ords/api/v1/customer/individual/searchprofile,17,0,14
1779799534503,43,SearchIndividual,429,Too Many Requests,SearchIndividual 2-823,text,false,,417,2602,9,539,https://api-scuda.uat.oci.krungsri.tech/ords/api/v1/customer/individual/searchprofile,43,0,41
1779799534528,19,SearchIndividual,429,Too Many Requests,SearchIndividual 2-826,text,false,,417,2601,9,539,https://api-scuda.uat.oci.krungsri.tech/ords/api/v1/customer/individual/searchprofile,19,0,17
1779799534530,17,SearchIndividual,429,Too Many Requests,SearchIndividual 2-828,text,false,,417,2602,8,538,https://api-scuda.uat.oci.krungsri.tech/ords/api/v1/customer/individual/searchprofile,17,0,15
1779799534301,257,SearchIndividual,200,OK,SearchIndividual 2-807,text,true,,1199,2602,7,538,https://api-scuda.uat.oci.krungsri.tech/ords/api/v1/customer/individual/searchprofile,256,0,147
1779799534252,309,SearchIndividual,200,OK,SearchIndividual 2-804,text,true,,1171,2602,6,538,https://api-scuda.uat.oci.krungsri.tech/ords/api/v1/customer/individual/searchprofile,300,0,156
1779799534528,35,SearchIndividual,429,Too Many Requests,SearchIndividual 2-827,text,false,,417,2601,5,537,https://api-scuda.uat.oci.krungsri.tech/ords/api/v1/customer/individual/searchprofile,35,0,33
1779799534545,27,GetIndividual,429,Too Many Requests,GetIndividual 1-504,text,false,,417,3588,272,536,https://api-scuda.uat.oci.krungsri.tech/ic/api/v1/customer/individual/getprofile,27,0,24
1779799534549,27,GetIndividual,429,Too Many Requests,GetIndividual 1-505,text,false,,417,3588,271,535,https://api-scuda.uat.oci.krungsri.tech/ic/api/v1/customer/individual/getprofile,27,0,24
1779799534558,27,SearchIndividual,429,Too Many Requests,SearchIndividual 2-829,text,false,,417,2602,7,538,https://api-scuda.uat.oci.krungsri.tech/ords/api/v1/customer/individual/searchprofile,27,0,25
1779799534564,22,UpdateIndividual,429,Too Many Requests,UpdateIndividual 4-334,text,false,,417,4228,177,538,https://api-scuda.uat.oci.krungsri.tech/ic/api/v1/customer/individual/updateprofile,22,0,20
1779799534579,19,SearchIndividual,429,Too Many Requests,SearchIndividual 2-830,text,false,,417,2602,7,539,https://api-scuda.uat.oci.krungsri.tech/ords/api/v1/customer/individual/searchprofile,19,0,17
1779799534585,24,SearchIndividual,429,Too Many Requests,SearchIndividual 2-832,text,false,,417,2602,6,538,https://api-scuda.uat.oci.krungsri.tech/ords/api/v1/customer/individual/searchprofile,24,0,23
1779799534592,20,UpdateIndividual,429,Too Many Requests,UpdateIndividual 4-336,text,false,,417,5572,178,537,https://api-scuda.uat.oci.krungsri.tech/ic/api/v1/customer/individual/updateprofile,20,0,18
1779799534581,59,SearchIndividual,429,Too Many Requests,SearchIndividual 2-831,text,false,,417,2602,6,539,https://api-scuda.uat.oci.krungsri.tech/ords/api/v1/customer/individual/searchprofile,59,0,56
1779799534582,60,GetIndividual,429,Too Many Requests,GetIndividual 1-506,text,false,,417,3588,273,539,https://api-scuda.uat.oci.krungsri.tech/ic/api/v1/customer/individual/getprofile,60,0,58
1779799534643,35,GetIndividual,429,Too Many Requests,GetIndividual 1-509,text,false,,417,3587,275,545,https://api-scuda.uat.oci.krungsri.tech/ic/api/v1/customer/individual/getprofile,35,0,28
1779799534641,42,GetIndividual,429,Too Many Requests,GetIndividual 1-507,text,false,,417,3588,275,545,https://api-scuda.uat.oci.krungsri.tech/ic/api/v1/customer/individual/getprofile,42,0,31
1779799534660,29,SearchIndividual,429,Too Many Requests,SearchIndividual 2-837,text,false,,417,2602,9,545,https://api-scuda.uat.oci.krungsri.tech/ords/api/v1/customer/individual/searchprofile,29,0,25
1779799534658,31,SearchIndividual,429,Too Many Requests,SearchIndividual 2-836,text,false,,417,2602,9,545,https://api-scuda.uat.oci.krungsri.tech/ords/api/v1/customer/individual/searchprofile,31,0,28
1779799534643,54,GetIndividual,429,Too Many Requests,GetIndividual 1-508,text,false,,417,3588,274,543,https://api-scuda.uat.oci.krungsri.tech/ic/api/v1/customer/individual/getprofile,54,0,29
1779799534681,19,GetIndividual,429,Too Many Requests,GetIndividual 1-512,text,false,,417,3588,274,544,https://api-scuda.uat.oci.krungsri.tech/ic/api/v1/customer/individual/getprofile,19,0,17
1779799534684,19,SearchIndividual,429,Too Many Requests,SearchIndividual 2-838,text,false,,417,2602,9,545,https://api-scuda.uat.oci.krungsri.tech/ords/api/v1/customer/individual/searchprofile,19,0,17
1779799534640,81,SearchIndividual,429,Too Many Requests,SearchIndividual 2-834,text,false,,417,2602,8,544,https://api-scuda.uat.oci.krungsri.tech/ords/api/v1/customer/individual/searchprofile,81,0,33
1779799534645,77,SearchIndividual,429,Too Many Requests,SearchIndividual 2-835,text,false,,417,2601,8,544,https://api-scuda.uat.oci.krungsri.tech/ords/api/v1/customer/individual/searchprofile,77,0,34
1779799534699,24,GetIndividual,429,Too Many Requests,GetIndividual 1-513,text,false,,417,3588,274,542,https://api-scuda.uat.oci.krungsri.tech/ic/api/v1/customer/individual/getprofile,24,0,17
1779799534702,23,GetIndividual,429,Too Many Requests,GetIndividual 1-514,text,false,,417,3588,273,541,https://api-scuda.uat.oci.krungsri.tech/ic/api/v1/customer/individual/getprofile,23,0,17
1779799534700,26,SearchIndividual,429,Too Many Requests,SearchIndividual 2-839,text,false,,417,2602,6,541,https://api-scuda.uat.oci.krungsri.tech/ords/api/v1/customer/individual/searchprofile,26,0,19
1779799534668,81,UpdateIndividual,429,Too Many Requests,UpdateIndividual 4-337,text,false,,417,4227,179,545,https://api-scuda.uat.oci.krungsri.tech/ic/api/v1/customer/individual/updateprofile,81,0,63
1779799534727,22,GetIndividual,429,Too Many Requests,GetIndividual 1-515,text,false,,417,3588,274,545,https://api-scuda.uat.oci.krungsri.tech/ic/api/v1/customer/individual/getprofile,22,0,20
1779799534303,450,SearchIndividual,200,OK,SearchIndividual 2-808,text,true,,1205,2602,8,543,https://api-scuda.uat.oci.krungsri.tech/ords/api/v1/customer/individual/searchprofile,450,0,286
1779799534474,281,SearchIndividual,200,OK,SearchIndividual 2-818,text,true,,1235,2602,7,542,https://api-scuda.uat.oci.krungsri.tech/ords/api/v1/customer/individual/searchprofile,281,0,267
1779799534672,84,GetIndividual,429,Too Many Requests,GetIndividual 1-511,text,false,,417,3588,273,541,https://api-scuda.uat.oci.krungsri.tech/ic/api/v1/customer/individual/getprofile,84,0,75
1779799534703,61,SearchIndividual,429,Too Many Requests,SearchIndividual 2-840,text,false,,417,2602,6,540,https://api-scuda.uat.oci.krungsri.tech/ords/api/v1/customer/individual/searchprofile,61,0,55
1779799534739,41,SearchIndividual,429,Too Many Requests,SearchIndividual 2-842,text,false,,417,2602,6,541,https://api-scuda.uat.oci.krungsri.tech/ords/api/v1/customer/individual/searchprofile,41,0,30
1779799534735,46,SearchIndividual,429,Too Many Requests,SearchIndividual 2-841,text,false,,417,2602,5,540,https://api-scuda.uat.oci.krungsri.tech/ords/api/v1/customer/individual/searchprofile,46,0,41
1779799534745,46,GetIndividual,429,Too Many Requests,GetIndividual 1-516,text,false,,417,3588,272,541,https://api-scuda.uat.oci.krungsri.tech/ic/api/v1/customer/individual/getprofile,46,0,43
1779799534744,49,SearchIndividual,429,Too Many Requests,SearchIndividual 2-843,text,false,,417,2602,5,540,https://api-scuda.uat.oci.krungsri.tech/ords/api/v1/customer/individual/searchprofile,48,0,46
1779799534490,303,SearchIndividual,200,OK,SearchIndividual 2-821,text,true,,1213,2602,5,540,https://api-scuda.uat.oci.krungsri.tech/ords/api/v1/customer/individual/searchprofile,303,0,246
1779799534791,22,SearchIndividual,429,Too Many Requests,SearchIndividual 2-845,text,false,,417,2602,5,540,https://api-scuda.uat.oci.krungsri.tech/ords/api/v1/customer/individual/searchprofile,22,0,20
1779799534815,17,GetIndividual,429,Too Many Requests,GetIndividual 1-517,text,false,,417,3588,272,542,https://api-scuda.uat.oci.krungsri.tech/ic/api/v1/customer/individual/getprofile,17,0,16
1779799534803,32,SearchIndividual,429,Too Many Requests,SearchIndividual 2-846,text,false,,417,2602,6,541,https://api-scuda.uat.oci.krungsri.tech/ords/api/v1/customer/individual/searchprofile,32,0,29
1779799534816,21,SearchIndividual,429,Too Many Requests,SearchIndividual 2-848,text,false,,417,2602,5,540,https://api-scuda.uat.oci.krungsri.tech/ords/api/v1/customer/individual/searchprofile,21,0,19
1779799534803,37,SearchIndividual,429,Too Many Requests,SearchIndividual 2-847,text,false,,417,2602,4,540,https://api-scuda.uat.oci.krungsri.tech/ords/api/v1/customer/individual/searchprofile,37,0,31
1779799534830,17,SearchIndividual,429,Too Many Requests,SearchIndividual 2-849,text,false,,417,2602,4,540,https://api-scuda.uat.oci.krungsri.tech/ords/api/v1/customer/individual/searchprofile,17,0,15
1779799534842,23,SearchIndividual,429,Too Many Requests,SearchIndividual 2-850,text,false,,417,2602,5,544,https://api-scuda.uat.oci.krungsri.tech/ords/api/v1/customer/individual/searchprofile,23,0,20
1779799534839,26,GetIndividual,429,Too Many Requests,GetIndividual 1-518,text,false,,417,3588,272,544,https://api-scuda.uat.oci.krungsri.tech/ic/api/v1/customer/individual/getprofile,26,0,21
1779799534855,18,UpdateIndividual,429,Too Many Requests,UpdateIndividual 4-341,text,false,,417,4227,184,546,https://api-scuda.uat.oci.krungsri.tech/ic/api/v1/customer/individual/updateprofile,18,0,16
1779799534860,15,UpdateIndividual,429,Too Many Requests,UpdateIndividual 4-342,text,false,,417,4226,183,545,https://api-scuda.uat.oci.krungsri.tech/ic/api/v1/customer/individual/updateprofile,15,0,14
1779799534861,18,UpdateIndividual,429,Too Many Requests,UpdateIndividual 4-343,text,false,,417,4228,182,545,https://api-scuda.uat.oci.krungsri.tech/ic/api/v1/customer/individual/updateprofile,18,0,17
1779799534870,12,GetIndividual,429,Too Many Requests,GetIndividual 1-520,text,false,,417,3588,275,545,https://api-scuda.uat.oci.krungsri.tech/ic/api/v1/customer/individual/getprofile,12,0,10
1779799534870,20,GetIndividual,429,Too Many Requests,GetIndividual 1-521,text,false,,417,3588,274,544,https://api-scuda.uat.oci.krungsri.tech/ic/api/v1/customer/individual/getprofile,20,0,18
1779799534870,20,GetIndividual,429,Too Many Requests,GetIndividual 1-519,text,false,,417,3588,274,544,https://api-scuda.uat.oci.krungsri.tech/ic/api/v1/customer/individual/getprofile,20,0,15
1779799534877,21,GetIndividual,429,Too Many Requests,GetIndividual 1-522,text,false,,417,3588,273,543,https://api-scuda.uat.oci.krungsri.tech/ic/api/v1/customer/individual/getprofile,21,0,20
1779799534875,25,UpdateIndividual,429,Too Many Requests,UpdateIndividual 4-344,text,false,,417,5486,182,542,https://api-scuda.uat.oci.krungsri.tech/ic/api/v1/customer/individual/updateprofile,25,0,22
1779799534588,325,SearchIndividual,200,OK,SearchIndividual 2-833,text,true,,1169,2602,4,543,https://api-scuda.uat.oci.krungsri.tech/ords/api/v1/customer/individual/searchprofile,325,0,235
1779799534895,35,GetIndividual,429,Too Many Requests,GetIndividual 1-523,text,false,,417,3588,275,547,https://api-scuda.uat.oci.krungsri.tech/ic/api/v1/customer/individual/getprofile,35,0,29
1779799534905,36,CreateIndividual,429,Too Many Requests,CreateIndividual 3-19,text,false,,417,8444,13,547,https://api-scuda.uat.oci.krungsri.tech/ic/api/v1/customer/individual/createprofile,36,0,34
1779799534923,21,GetIndividual,429,Too Many Requests,GetIndividual 1-525,text,false,,417,3587,274,548,https://api-scuda.uat.oci.krungsri.tech/ic/api/v1/customer/individual/getprofile,21,0,19
1779799534929,23,SearchIndividual,429,Too Many Requests,SearchIndividual 2-855,text,false,,417,2602,8,550,https://api-scuda.uat.oci.krungsri.tech/ords/api/v1/customer/individual/searchprofile,23,0,21
1779799534927,29,SearchIndividual,429,Too Many Requests,SearchIndividual 2-854,text,false,,417,2602,7,549,https://api-scuda.uat.oci.krungsri.tech/ords/api/v1/customer/individual/searchprofile,29,0,27
1779799534946,16,GetIndividual,429,Too Many Requests,GetIndividual 1-527,text,false,,417,3588,274,549,https://api-scuda.uat.oci.krungsri.tech/ic/api/v1/customer/individual/getprofile,16,0,14
1779799534947,22,CreateJuristic,429,Too Many Requests,CreateJuristic 7-19,text,false,,417,8280,15,550,https://api-scuda.uat.oci.krungsri.tech/ic/api/v1/customer/juristic/createprofile,22,0,16
1779799534944,25,UpdateIndividual,429,Too Many Requests,UpdateIndividual 4-346,text,false,,417,5546,184,550,https://api-scuda.uat.oci.krungsri.tech/ic/api/v1/customer/individual/updateprofile,25,0,23
1779799534952,24,SearchIndividual,429,Too Many Requests,SearchIndividual 2-857,text,false,,417,2602,8,549,https://api-scuda.uat.oci.krungsri.tech/ords/api/v1/customer/individual/searchprofile,24,0,20
1779799534948,28,UpdateIndividual,429,Too Many Requests,UpdateIndividual 4-347,text,false,,417,5438,184,549,https://api-scuda.uat.oci.krungsri.tech/ic/api/v1/customer/individual/updateprofile,28,0,22
1779799534951,36,SearchIndividual,429,Too Many Requests,SearchIndividual 2-856,text,false,,417,2602,7,548,https://api-scuda.uat.oci.krungsri.tech/ords/api/v1/customer/individual/searchprofile,36,0,29
1779799534967,20,SearchIndividual,429,Too Many Requests,SearchIndividual 2-858,text,false,,417,2602,7,548,https://api-scuda.uat.oci.krungsri.tech/ords/api/v1/customer/individual/searchprofile,20,0,14
1779799534965,23,UpdateIndividual,429,Too Many Requests,UpdateIndividual 4-348,text,false,,417,5636,184,548,https://api-scuda.uat.oci.krungsri.tech/ic/api/v1/customer/individual/updateprofile,23,0,17
1779799534968,21,SearchIndividual,429,Too Many Requests,SearchIndividual 2-859,text,false,,417,2602,7,547,https://api-scuda.uat.oci.krungsri.tech/ords/api/v1/customer/individual/searchprofile,21,0,18
1779799534978,24,UpdateIndividual,429,Too Many Requests,UpdateIndividual 4-349,text,false,,417,5618,184,552,https://api-scuda.uat.oci.krungsri.tech/ic/api/v1/customer/individual/updateprofile,24,0,22
1779799534983,33,UpdateIndividual,429,Too Many Requests,UpdateIndividual 4-350,text,false,,417,4227,183,555,https://api-scuda.uat.oci.krungsri.tech/ic/api/v1/customer/individual/updateprofile,33,0,30
1779799534766,251,SearchIndividual,200,OK,SearchIndividual 2-844,text,true,,1183,2602,11,555,https://api-scuda.uat.oci.krungsri.tech/ords/api/v1/customer/individual/searchprofile,251,0,127
1779799535007,21,GetIndividual,429,Too Many Requests,GetIndividual 1-530,text,false,,417,3588,278,557,https://api-scuda.uat.oci.krungsri.tech/ic/api/v1/customer/individual/getprofile,21,0,19
1779799534998,37,GetIndividual,429,Too Many Requests,GetIndividual 1-528,text,false,,417,3588,277,556,https://api-scuda.uat.oci.krungsri.tech/ic/api/v1/customer/individual/getprofile,37,0,31
1779799534995,42,SearchIndividual,429,Too Many Requests,SearchIndividual 2-864,text,false,,417,2602,11,555,https://api-scuda.uat.oci.krungsri.tech/ords/api/v1/customer/individual/searchprofile,42,0,36
1779799534989,49,SearchIndividual,429,Too Many Requests,SearchIndividual 2-860,text,false,,417,2602,10,554,https://api-scuda.uat.oci.krungsri.tech/ords/api/v1/customer/individual/searchprofile,49,0,43
1779799534999,40,GetIndividual,429,Too Many Requests,GetIndividual 1-529,text,false,,417,3588,276,553,https://api-scuda.uat.oci.krungsri.tech/ic/api/v1/customer/individual/getprofile,40,0,34
1779799534927,117,SearchIndividual,200,OK,SearchIndividual 2-853,text,true,,1183,2602,10,553,https://api-scuda.uat.oci.krungsri.tech/ords/api/v1/customer/individual/searchprofile,117,0,97
1779799534992,52,SearchIndividual,429,Too Many Requests,SearchIndividual 2-862,text,false,,417,2602,10,553,https://api-scuda.uat.oci.krungsri.tech/ords/api/v1/customer/individual/searchprofile,52,0,47
1779799535006,39,UpdateIndividual,429,Too Many Requests,UpdateIndividual 4-351,text,false,,417,5520,182,551,https://api-scuda.uat.oci.krungsri.tech/ic/api/v1/customer/individual/updateprofile,39,0,34
1779799535027,21,GetIndividual,429,Too Many Requests,GetIndividual 1-532,text,false,,417,3588,275,551,https://api-scuda.uat.oci.krungsri.tech/ic/api/v1/customer/individual/getprofile,21,0,18
1779799535026,23,GetJoint,429,Too Many Requests,GetJoint 9-19,text,false,,417,3530,12,551,https://api-scuda.uat.oci.krungsri.tech/ic/api/v1/customer/joint/getprofile,23,0,19
1779799535011,38,SearchIndividual,200,OK,SearchIndividual 2-865,text,true,,1191,2602,9,551,https://api-scuda.uat.oci.krungsri.tech/ords/api/v1/customer/individual/searchprofile,38,0,24
1779799535028,33,SearchIndividual,429,Too Many Requests,SearchIndividual 2-867,text,false,,417,2602,8,548,https://api-scuda.uat.oci.krungsri.tech/ords/api/v1/customer/individual/searchprofile,33,0,29
1779799535041,22,SearchIndividual,429,Too Many Requests,SearchIndividual 2-868,text,false,,417,2602,8,548,https://api-scuda.uat.oci.krungsri.tech/ords/api/v1/customer/individual/searchprofile,22,0,18
1779799535017,46,CreateJoint,429,Too Many Requests,CreateJoint 11-19,text,false,,417,5866,14,548,https://api-scuda.uat.oci.krungsri.tech/ic/api/v1/customer/joint/createprofile,46,0,39
1779799535020,44,GetIndividual,429,Too Many Requests,GetIndividual 1-531,text,false,,417,3588,274,547,https://api-scuda.uat.oci.krungsri.tech/ic/api/v1/customer/individual/getprofile,44,0,41
1779799535012,53,SearchIndividual,200,OK,SearchIndividual 2-866,text,true,,1161,2602,7,546,https://api-scuda.uat.oci.krungsri.tech/ords/api/v1/customer/individual/searchprofile,52,0,22
1779799535046,34,SearchIndividual,429,Too Many Requests,SearchIndividual 2-869,text,false,,417,2602,6,544,https://api-scuda.uat.oci.krungsri.tech/ords/api/v1/customer/individual/searchprofile,34,0,28
1779799534861,227,SearchIndividual,200,OK,SearchIndividual 2-852,text,true,,1177,2602,5,545,https://api-scuda.uat.oci.krungsri.tech/ords/api/v1/customer/individual/searchprofile,226,0,157
1779799534851,243,SearchIndividual,200,OK,SearchIndividual 2-851,text,true,,1257,2602,4,544,https://api-scuda.uat.oci.krungsri.tech/ords/api/v1/customer/individual/searchprofile,242,0,159
1779799534989,107,SearchIndividual,200,OK,SearchIndividual 2-861,text,true,,1253,2602,3,543,https://api-scuda.uat.oci.krungsri.tech/ords/api/v1/customer/individual/searchprofile,107,0,67
1779799534993,106,SearchIndividual,200,OK,SearchIndividual 2-863,text,true,,1167,2602,2,542,https://api-scuda.uat.oci.krungsri.tech/ords/api/v1/customer/individual/searchprofile,106,0,70
1779799535084,15,GetIndividual,429,Too Many Requests,GetIndividual 1-533,text,false,,417,3588,274,541,https://api-scuda.uat.oci.krungsri.tech/ic/api/v1/customer/individual/getprofile,15,0,13
1779799535063,70,SearchIndividual,200,OK,SearchIndividual 2-870,text,true,,1198,2601,4,546,https://api-scuda.uat.oci.krungsri.tech/ords/api/v1/customer/individual/searchprofile,69,0,37
1779799535105,29,SearchJuristic,429,Too Many Requests,SearchJuristic 6-19,text,false,,417,2600,1,545,https://api-scuda.uat.oci.krungsri.tech/ords/api/v1/customer/juristic/searchprofile,29,0,26
1779799535102,33,SearchIndividual,429,Too Many Requests,SearchIndividual 2-871,text,false,,417,2602,3,544,https://api-scuda.uat.oci.krungsri.tech/ords/api/v1/customer/individual/searchprofile,33,0,30
1779799535119,25,SearchIndividual,429,Too Many Requests,SearchIndividual 2-872,text,false,,417,2602,4,546,https://api-scuda.uat.oci.krungsri.tech/ords/api/v1/customer/individual/searchprofile,25,0,23
1779799535112,39,GetIndividual,429,Too Many Requests,GetIndividual 1-534,text,false,,417,3588,276,546,https://api-scuda.uat.oci.krungsri.tech/ic/api/v1/customer/individual/getprofile,39,0,37
1779799535134,18,SearchIndividual,429,Too Many Requests,SearchIndividual 2-873,text,false,,417,2602,4,545,https://api-scuda.uat.oci.krungsri.tech/ords/api/v1/customer/individual/searchprofile,18,0,17
1779799535123,32,GetIndividual,429,Too Many Requests,GetIndividual 1-535,text,false,,417,3588,275,545,https://api-scuda.uat.oci.krungsri.tech/ic/api/v1/customer/individual/getprofile,32,0,30
1779799535140,18,GetIndividual,429,Too Many Requests,GetIndividual 1-536,text,false,,417,3588,274,544,https://api-scuda.uat.oci.krungsri.tech/ic/api/v1/customer/individual/getprofile,18,0,16
1779799535140,27,SearchIndividual,429,Too Many Requests,SearchIndividual 2-874,text,false,,417,2602,5,545,https://api-scuda.uat.oci.krungsri.tech/ords/api/v1/customer/individual/searchprofile,27,0,24
1779799535140,34,SearchIndividual,429,Too Many Requests,SearchIndividual 2-875,text,false,,417,2602,5,547,https://api-scuda.uat.oci.krungsri.tech/ords/api/v1/customer/individual/searchprofile,34,0,33
1779799535154,24,SearchIndividual,429,Too Many Requests,SearchIndividual 2-877,text,false,,417,2602,4,547,https://api-scuda.uat.oci.krungsri.tech/ords/api/v1/customer/individual/searchprofile,23,0,22
1779799535148,33,SearchIndividual,200,OK,SearchIndividual 2-876,text,true,,1183,2602,3,547,https://api-scuda.uat.oci.krungsri.tech/ords/api/v1/customer/individual/searchprofile,32,0,19
1779799535174,18,GetIndividual,429,Too Many Requests,GetIndividual 1-539,text,false,,417,3588,276,549,https://api-scuda.uat.oci.krungsri.tech/ic/api/v1/customer/individual/getprofile,18,0,16
1779799535160,44,GetIndividual,429,Too Many Requests,GetIndividual 1-537,text,false,,417,3588,276,552,https://api-scuda.uat.oci.krungsri.tech/ic/api/v1/customer/individual/getprofile,44,0,36
1779799535164,41,SearchIndividual,429,Too Many Requests,SearchIndividual 2-878,text,false,,417,2602,7,552,https://api-scuda.uat.oci.krungsri.tech/ords/api/v1/customer/individual/searchprofile,41,0,31
1779799535172,34,GetIndividual,429,Too Many Requests,GetIndividual 1-538,text,false,,417,3588,275,550,https://api-scuda.uat.oci.krungsri.tech/ic/api/v1/customer/individual/getprofile,34,0,26
1779799535173,45,SearchIndividual,429,Too Many Requests,SearchIndividual 2-879,text,false,,417,2602,6,552,https://api-scuda.uat.oci.krungsri.tech/ords/api/v1/customer/individual/searchprofile,45,0,34
1779799535183,37,SearchIndividual,429,Too Many Requests,SearchIndividual 2-880,text,false,,417,2601,5,552,https://api-scuda.uat.oci.krungsri.tech/ords/api/v1/customer/individual/searchprofile,37,0,35
1779799535195,29,SearchIndividual,429,Too Many Requests,SearchIndividual 2-882,text,false,,417,2602,4,551,https://api-scuda.uat.oci.krungsri.tech/ords/api/v1/customer/individual/searchprofile,29,0,23
1779799535202,28,GetIndividual,429,Too Many Requests,GetIndividual 1-540,text,false,,417,3588,277,552,https://api-scuda.uat.oci.krungsri.tech/ic/api/v1/customer/individual/getprofile,28,0,22
1779799535202,28,SearchIndividual,429,Too Many Requests,SearchIndividual 2-884,text,false,,417,2602,4,552,https://api-scuda.uat.oci.krungsri.tech/ords/api/v1/customer/individual/searchprofile,28,0,21
1779799535196,35,SearchIndividual,429,Too Many Requests,SearchIndividual 2-883,text,false,,417,2601,3,550,https://api-scuda.uat.oci.krungsri.tech/ords/api/v1/customer/individual/searchprofile,35,0,25
1779799535192,42,UpdateIndividual,429,Too Many Requests,UpdateIndividual 4-355,text,false,,417,4228,187,549,https://api-scuda.uat.oci.krungsri.tech/ic/api/v1/customer/individual/updateprofile,42,0,26
1779799535210,30,GetIndividual,429,Too Many Requests,GetIndividual 1-542,text,false,,417,3588,277,549,https://api-scuda.uat.oci.krungsri.tech/ic/api/v1/customer/individual/getprofile,30,0,28
1779799535207,34,GetIndividual,429,Too Many Requests,GetIndividual 1-541,text,false,,417,3588,277,549,https://api-scuda.uat.oci.krungsri.tech/ic/api/v1/customer/individual/getprofile,34,0,31
1779799535227,18,SearchIndividual,429,Too Many Requests,SearchIndividual 2-885,text,false,,417,2602,3,551,https://api-scuda.uat.oci.krungsri.tech/ords/api/v1/customer/individual/searchprofile,18,0,15
1779799535232,13,UpdateIndividual,429,Too Many Requests,UpdateIndividual 4-357,text,false,,417,4226,186,551,https://api-scuda.uat.oci.krungsri.tech/ic/api/v1/customer/individual/updateprofile,13,0,11
1779799535184,63,SearchIndividual,200,OK,SearchIndividual 2-881,text,true,,1156,2601,2,549,https://api-scuda.uat.oci.krungsri.tech/ords/api/v1/customer/individual/searchprofile,62,0,40
1779799535217,39,UpdateIndividual,429,Too Many Requests,UpdateIndividual 4-356,text,false,,417,4227,185,551,https://api-scuda.uat.oci.krungsri.tech/ic/api/v1/customer/individual/updateprofile,39,0,35
1779799535221,36,GetIndividual,429,Too Many Requests,GetIndividual 1-543,text,false,,417,3588,277,550,https://api-scuda.uat.oci.krungsri.tech/ic/api/v1/customer/individual/getprofile,36,0,32
1779799535246,18,UpdateJoint,429,Too Many Requests,UpdateJoint 12-19,text,false,,417,3614,12,550,https://api-scuda.uat.oci.krungsri.tech/ic/api/v1/customer/joint/updateprofile,18,0,16
1779799535244,25,GetIndividual,429,Too Many Requests,GetIndividual 1-546,text,false,,417,3588,276,549,https://api-scuda.uat.oci.krungsri.tech/ic/api/v1/customer/individual/getprofile,25,0,15
1779799535240,29,GetIndividual,429,Too Many Requests,GetIndividual 1-544,text,false,,417,3588,276,550,https://api-scuda.uat.oci.krungsri.tech/ic/api/v1/customer/individual/getprofile,29,0,27
1779799535242,28,SearchIndividual,429,Too Many Requests,SearchIndividual 2-886,text,false,,417,2602,6,548,https://api-scuda.uat.oci.krungsri.tech/ords/api/v1/customer/individual/searchprofile,28,0,26
1779799535241,30,GetIndividual,429,Too Many Requests,GetIndividual 1-545,text,false,,417,3587,274,548,https://api-scuda.uat.oci.krungsri.tech/ic/api/v1/customer/individual/getprofile,30,0,24
1779799535249,23,SearchIndividual,429,Too Many Requests,SearchIndividual 2-887,text,false,,417,2602,6,548,https://api-scuda.uat.oci.krungsri.tech/ords/api/v1/customer/individual/searchprofile,23,0,20
1779799535252,21,SearchIndividual,429,Too Many Requests,SearchIndividual 2-889,text,false,,417,2602,5,548,https://api-scuda.uat.oci.krungsri.tech/ords/api/v1/customer/individual/searchprofile,21,0,16
1779799535273,22,GetIndividual,429,Too Many Requests,GetIndividual 1-547,text,false,,417,3588,276,551,https://api-scuda.uat.oci.krungsri.tech/ic/api/v1/customer/individual/getprofile,22,0,17
1779799535269,27,SearchIndividual,429,Too Many Requests,SearchIndividual 2-891,text,false,,417,2602,7,552,https://api-scuda.uat.oci.krungsri.tech/ords/api/v1/customer/individual/searchprofile,27,0,20
1779799535272,26,SearchIndividual,429,Too Many Requests,SearchIndividual 2-892,text,false,,417,2602,6,550,https://api-scuda.uat.oci.krungsri.tech/ords/api/v1/customer/individual/searchprofile,26,0,23
1779799535277,24,UpdateIndividual,429,Too Many Requests,UpdateIndividual 4-358,text,false,,417,4227,185,549,https://api-scuda.uat.oci.krungsri.tech/ic/api/v1/customer/individual/updateprofile,24,0,21
1779799535281,21,GetIndividual,429,Too Many Requests,GetIndividual 1-548,text,false,,417,3588,275,550,https://api-scuda.uat.oci.krungsri.tech/ic/api/v1/customer/individual/getprofile,21,0,18
1779799535252,65,SearchIndividual,200,OK,SearchIndividual 2-888,text,true,,1181,2602,6,551,https://api-scuda.uat.oci.krungsri.tech/ords/api/v1/customer/individual/searchprofile,65,0,29
1779799535313,17,GetIndividual,429,Too Many Requests,GetIndividual 1-550,text,false,,417,3588,276,554,https://api-scuda.uat.oci.krungsri.tech/ic/api/v1/customer/individual/getprofile,17,0,16
1779799535287,44,GetIndividual,429,Too Many Requests,GetIndividual 1-549,text,false,,417,3588,276,554,https://api-scuda.uat.oci.krungsri.tech/ic/api/v1/customer/individual/getprofile,44,0,30
1779799535282,49,SearchIndividual,429,Too Many Requests,SearchIndividual 2-893,text,false,,417,2602,8,554,https://api-scuda.uat.oci.krungsri.tech/ords/api/v1/customer/individual/searchprofile,49,0,30
1779799535264,68,SearchIndividual,200,OK,SearchIndividual 2-890,text,true,,1211,2602,8,552,https://api-scuda.uat.oci.krungsri.tech/ords/api/v1/customer/individual/searchprofile,67,0,30
1779799535319,18,SearchIndividual,429,Too Many Requests,SearchIndividual 2-897,text,false,,417,2602,6,551,https://api-scuda.uat.oci.krungsri.tech/ords/api/v1/customer/individual/searchprofile,18,0,17
1779799535316,22,UpdateJuristic,429,Too Many Requests,UpdateJuristic 8-19,text,false,,417,5760,14,551,https://api-scuda.uat.oci.krungsri.tech/ic/api/v1/customer/juristic/updateprofile,22,0,20
1779799535302,36,SearchIndividual,429,Too Many Requests,SearchIndividual 2-896,text,false,,417,2602,6,551,https://api-scuda.uat.oci.krungsri.tech/ords/api/v1/customer/individual/searchprofile,36,0,21
1779799535297,45,SearchIndividual,429,Too Many Requests,SearchIndividual 2-895,text,false,,417,2602,8,553,https://api-scuda.uat.oci.krungsri.tech/ords/api/v1/customer/individual/searchprofile,45,0,25
1779799535321,22,UpdateIndividual,429,Too Many Requests,UpdateIndividual 4-359,text,false,,417,5515,187,553,https://api-scuda.uat.oci.krungsri.tech/ic/api/v1/customer/individual/updateprofile,22,0,20
1779799535321,31,GetIndividual,429,Too Many Requests,GetIndividual 1-551,text,false,,417,3588,274,551,https://api-scuda.uat.oci.krungsri.tech/ic/api/v1/customer/individual/getprofile,31,0,29
1779799535327,30,SearchIndividual,429,Too Many Requests,SearchIndividual 2-899,text,false,,417,2601,7,552,https://api-scuda.uat.oci.krungsri.tech/ords/api/v1/customer/individual/searchprofile,30,0,28
1779799535293,68,SearchIndividual,200,OK,SearchIndividual 2-894,text,true,,1099,2602,6,551,https://api-scuda.uat.oci.krungsri.tech/ords/api/v1/customer/individual/searchprofile,68,0,30
1779799535347,18,UpdateIndividual,429,Too Many Requests,UpdateIndividual 4-361,text,false,,417,4231,187,551,https://api-scuda.uat.oci.krungsri.tech/ic/api/v1/customer/individual/updateprofile,18,0,15
1779799535342,29,SearchIndividual,429,Too Many Requests,SearchIndividual 2-901,text,false,,417,2602,5,550,https://api-scuda.uat.oci.krungsri.tech/ords/api/v1/customer/individual/searchprofile,29,0,25
1779799535342,30,SearchIndividual,429,Too Many Requests,SearchIndividual 2-903,text,false,,417,2602,6,551,https://api-scuda.uat.oci.krungsri.tech/ords/api/v1/customer/individual/searchprofile,30,0,25
1779799535342,35,UpdateIndividual,429,Too Many Requests,UpdateIndividual 4-360,text,false,,417,5587,186,551,https://api-scuda.uat.oci.krungsri.tech/ic/api/v1/customer/individual/updateprofile,35,0,33
1779799535340,37,SearchIndividual,429,Too Many Requests,SearchIndividual 2-900,text,false,,417,2602,5,551,https://api-scuda.uat.oci.krungsri.tech/ords/api/v1/customer/individual/searchprofile,37,0,34
1779799535358,20,UpdateIndividual,429,Too Many Requests,UpdateIndividual 4-362,text,false,,417,5497,186,551,https://api-scuda.uat.oci.krungsri.tech/ic/api/v1/customer/individual/updateprofile,20,0,17
1779799535362,22,GetIndividual,429,Too Many Requests,GetIndividual 1-553,text,false,,417,3588,275,549,https://api-scuda.uat.oci.krungsri.tech/ic/api/v1/customer/individual/getprofile,22,0,18
1779799535354,33,GetIndividual,429,Too Many Requests,GetIndividual 1-552,text,false,,417,3588,274,548,https://api-scuda.uat.oci.krungsri.tech/ic/api/v1/customer/individual/getprofile,33,0,32
1779799535372,15,SearchIndividual,429,Too Many Requests,SearchIndividual 2-904,text,false,,417,2602,4,548,https://api-scuda.uat.oci.krungsri.tech/ords/api/v1/customer/individual/searchprofile,15,0,13
1779799535374,20,SearchIndividual,429,Too Many Requests,SearchIndividual 2-905,text,false,,417,2602,3,547,https://api-scuda.uat.oci.krungsri.tech/ords/api/v1/customer/individual/searchprofile,20,0,19
1779799535375,20,SearchJoint,429,Too Many Requests,SearchJoint 10-19,text,false,,417,2626,1,547,https://api-scuda.uat.oci.krungsri.tech/ords/api/v1/customer/joint/searchprofile,20,0,19
1779799535385,28,UpdateIndividual,429,Too Many Requests,UpdateIndividual 4-363,text,false,,417,4227,186,547,https://api-scuda.uat.oci.krungsri.tech/ic/api/v1/customer/individual/updateprofile,28,0,21
1779799535324,93,SearchIndividual,200,OK,SearchIndividual 2-898,text,true,,1153,2602,4,550,https://api-scuda.uat.oci.krungsri.tech/ords/api/v1/customer/individual/searchprofile,92,0,56
1779799535391,43,GetIndividual,429,Too Many Requests,GetIndividual 1-554,text,false,,417,3588,276,550,https://api-scuda.uat.oci.krungsri.tech/ic/api/v1/customer/individual/getprofile,43,0,36
1779799535413,22,UpdateIndividual,429,Too Many Requests,UpdateIndividual 4-364,text,false,,417,4229,186,550,https://api-scuda.uat.oci.krungsri.tech/ic/api/v1/customer/individual/updateprofile,22,0,20
1779799535414,21,GetIndividual,429,Too Many Requests,GetIndividual 1-555,text,false,,417,3588,275,549,https://api-scuda.uat.oci.krungsri.tech/ic/api/v1/customer/individual/getprofile,21,0,19
1779799535416,20,SearchIndividual,429,Too Many Requests,SearchIndividual 2-907,text,false,,417,2602,4,549,https://api-scuda.uat.oci.krungsri.tech/ords/api/v1/customer/individual/searchprofile,20,0,18
1779799535404,33,SearchIndividual,429,Too Many Requests,SearchIndividual 2-906,text,false,,417,2602,4,547,https://api-scuda.uat.oci.krungsri.tech/ords/api/v1/customer/individual/searchprofile,33,0,30
1779799535417,30,GetIndividual,429,Too Many Requests,GetIndividual 1-556,text,false,,417,3588,274,548,https://api-scuda.uat.oci.krungsri.tech/ic/api/v1/customer/individual/getprofile,30,0,28
1779799535432,18,SearchIndividual,429,Too Many Requests,SearchIndividual 2-908,text,false,,417,2602,5,547,https://api-scuda.uat.oci.krungsri.tech/ords/api/v1/customer/individual/searchprofile,18,0,16
1779799535439,19,SearchIndividual,429,Too Many Requests,SearchIndividual 2-909,text,false,,417,2600,4,547,https://api-scuda.uat.oci.krungsri.tech/ords/api/v1/customer/individual/searchprofile,19,0,17
1779799535437,22,UpdateIndividual,429,Too Many Requests,UpdateIndividual 4-365,text,false,,417,4227,185,546,https://api-scuda.uat.oci.krungsri.tech/ic/api/v1/customer/individual/updateprofile,22,0,20
1779799535444,25,SearchIndividual,429,Too Many Requests,SearchIndividual 2-910,text,false,,417,2601,5,549,https://api-scuda.uat.oci.krungsri.tech/ords/api/v1/customer/individual/searchprofile,25,0,22
1779799535342,127,SearchIndividual,200,OK,SearchIndividual 2-902,text,true,,1189,2602,5,549,https://api-scuda.uat.oci.krungsri.tech/ords/api/v1/customer/individual/searchprofile,127,0,80
1779799535453,19,GetIndividual,429,Too Many Requests,GetIndividual 1-557,text,false,,417,3588,274,547,https://api-scuda.uat.oci.krungsri.tech/ic/api/v1/customer/individual/getprofile,19,0,17
1779799535448,27,SearchIndividual,429,Too Many Requests,SearchIndividual 2-911,text,false,,417,2602,3,546,https://api-scuda.uat.oci.krungsri.tech/ords/api/v1/customer/individual/searchprofile,27,0,25
1779799535464,19,SearchIndividual,429,Too Many Requests,SearchIndividual 2-913,text,false,,417,2602,3,546,https://api-scuda.uat.oci.krungsri.tech/ords/api/v1/customer/individual/searchprofile,19,0,10
1779799535464,21,SearchIndividual,429,Too Many Requests,SearchIndividual 2-912,text,false,,417,2602,2,545,https://api-scuda.uat.oci.krungsri.tech/ords/api/v1/customer/individual/searchprofile,21,0,19
1779799535465,21,UpdateIndividual,429,Too Many Requests,UpdateIndividual 4-366,text,false,,417,5642,186,545,https://api-scuda.uat.oci.krungsri.tech/ic/api/v1/customer/individual/updateprofile,21,0,19
1779799535492,21,UpdateIndividual,429,Too Many Requests,UpdateIndividual 4-368,text,false,,417,4227,187,548,https://api-scuda.uat.oci.krungsri.tech/ic/api/v1/customer/individual/updateprofile,21,0,19
1779799535502,19,GetIndividual,429,Too Many Requests,GetIndividual 1-559,text,false,,417,3588,275,549,https://api-scuda.uat.oci.krungsri.tech/ic/api/v1/customer/individual/getprofile,19,0,18
1779799535507,16,UpdateIndividual,429,Too Many Requests,UpdateIndividual 4-369,text,false,,417,4226,187,548,https://api-scuda.uat.oci.krungsri.tech/ic/api/v1/customer/individual/updateprofile,16,0,15
1779799535501,23,SearchIndividual,429,Too Many Requests,SearchIndividual 2-915,text,false,,417,2602,3,547,https://api-scuda.uat.oci.krungsri.tech/ords/api/v1/customer/individual/searchprofile,23,0,22
1779799535520,22,SearchIndividual,429,Too Many Requests,SearchIndividual 2-916,text,false,,417,2602,4,548,https://api-scuda.uat.oci.krungsri.tech/ords/api/v1/customer/individual/searchprofile,22,0,20
1779799535544,24,GetIndividual,429,Too Many Requests,GetIndividual 1-560,text,false,,417,3588,277,551,https://api-scuda.uat.oci.krungsri.tech/ic/api/v1/customer/individual/getprofile,24,0,18
1779799535479,95,SearchIndividual,429,Too Many Requests,SearchIndividual 2-914,text,false,,417,2602,4,552,https://api-scuda.uat.oci.krungsri.tech/ords/api/v1/customer/individual/searchprofile,95,0,52
1779799535567,19,GetIndividual,429,Too Many Requests,GetIndividual 1-562,text,false,,417,3587,277,552,https://api-scuda.uat.oci.krungsri.tech/ic/api/v1/customer/individual/getprofile,19,0,17
1779799535571,18,GetIndividual,429,Too Many Requests,GetIndividual 1-563,text,false,,417,3588,276,552,https://api-scuda.uat.oci.krungsri.tech/ic/api/v1/customer/individual/getprofile,18,0,16
1779799535530,85,SearchIndividual,429,Too Many Requests,SearchIndividual 2-917,text,false,,417,2602,7,557,https://api-scuda.uat.oci.krungsri.tech/ords/api/v1/customer/individual/searchprofile,85,0,72
1779799535607,23,SearchIndividual,429,Too Many Requests,SearchIndividual 2-921,text,false,,417,2602,10,561,https://api-scuda.uat.oci.krungsri.tech/ords/api/v1/customer/individual/searchprofile,23,0,21
1779799535574,56,SearchIndividual,200,OK,SearchIndividual 2-919,text,true,,1165,2602,10,561,https://api-scuda.uat.oci.krungsri.tech/ords/api/v1/customer/individual/searchprofile,56,0,24
1779799535611,22,GetIndividual,429,Too Many Requests,GetIndividual 1-565,text,false,,417,3588,279,559,https://api-scuda.uat.oci.krungsri.tech/ic/api/v1/customer/individual/getprofile,22,0,21
1779799535613,21,SearchIndividual,429,Too Many Requests,SearchIndividual 2-923,text,false,,417,2602,8,558,https://api-scuda.uat.oci.krungsri.tech/ords/api/v1/customer/individual/searchprofile,21,0,20
1779799535611,28,GetIndividual,429,Too Many Requests,GetIndividual 1-566,text,false,,417,3588,280,559,https://api-scuda.uat.oci.krungsri.tech/ic/api/v1/customer/individual/getprofile,28,0,25
1779799535630,20,SearchIndividual,429,Too Many Requests,SearchIndividual 2-925,text,false,,417,2602,7,560,https://api-scuda.uat.oci.krungsri.tech/ords/api/v1/customer/individual/searchprofile,20,0,18
1779799535630,20,SearchIndividual,429,Too Many Requests,SearchIndividual 2-927,text,false,,417,2602,7,560,https://api-scuda.uat.oci.krungsri.tech/ords/api/v1/customer/individual/searchprofile,20,0,18
1779799535622,36,SearchIndividual,200,OK,SearchIndividual 2-924,text,true,,1215,2602,5,559,https://api-scuda.uat.oci.krungsri.tech/ords/api/v1/customer/individual/searchprofile,36,0,22
1779799535645,21,GetIndividual,429,Too Many Requests,GetIndividual 1-570,text,false,,417,3588,283,562,https://api-scuda.uat.oci.krungsri.tech/ic/api/v1/customer/individual/getprofile,21,0,19
1779799535520,146,UpdateIndividual,429,Too Many Requests,UpdateIndividual 4-370,text,false,,417,4228,189,562,https://api-scuda.uat.oci.krungsri.tech/ic/api/v1/customer/individual/updateprofile,146,0,76
1779799535597,72,GetIndividual,429,Too Many Requests,GetIndividual 1-564,text,false,,417,3588,282,561,https://api-scuda.uat.oci.krungsri.tech/ic/api/v1/customer/individual/getprofile,72,0,46
1779799535663,15,SearchIndividual,429,Too Many Requests,SearchIndividual 2-928,text,false,,417,2602,8,563,https://api-scuda.uat.oci.krungsri.tech/ords/api/v1/customer/individual/searchprofile,15,0,13
1779799535500,191,GetIndividual,429,Too Many Requests,GetIndividual 1-558,text,false,,417,3588,283,563,https://api-scuda.uat.oci.krungsri.tech/ic/api/v1/customer/individual/getprofile,191,0,100
1779799535593,105,UpdateIndividual,429,Too Many Requests,UpdateIndividual 4-372,text,false,,417,5586,189,563,https://api-scuda.uat.oci.krungsri.tech/ic/api/v1/customer/individual/updateprofile,105,0,51
1779799535587,112,SearchIndividual,429,Too Many Requests,SearchIndividual 2-920,text,false,,417,2602,7,563,https://api-scuda.uat.oci.krungsri.tech/ords/api/v1/customer/individual/searchprofile,112,0,54
1779799535611,102,SearchIndividual,429,Too Many Requests,SearchIndividual 2-922,text,false,,417,2602,8,565,https://api-scuda.uat.oci.krungsri.tech/ords/api/v1/customer/individual/searchprofile,102,0,70
1779799535559,174,UpdateIndividual,429,Too Many Requests,UpdateIndividual 4-371,text,false,,417,4228,189,570,https://api-scuda.uat.oci.krungsri.tech/ic/api/v1/customer/individual/updateprofile,174,0,119
1779799535712,23,SearchIndividual,429,Too Many Requests,SearchIndividual 2-933,text,false,,417,2602,13,571,https://api-scuda.uat.oci.krungsri.tech/ords/api/v1/customer/individual/searchprofile,23,0,21
1779799535717,20,SearchIndividual,429,Too Many Requests,SearchIndividual 2-935,text,false,,417,2602,12,569,https://api-scuda.uat.oci.krungsri.tech/ords/api/v1/customer/individual/searchprofile,20,0,19
1779799535718,22,SearchIndividual,429,Too Many Requests,SearchIndividual 2-937,text,false,,417,2602,11,569,https://api-scuda.uat.oci.krungsri.tech/ords/api/v1/customer/individual/searchprofile,22,0,20
1779799535549,195,GetIndividual,429,Too Many Requests,GetIndividual 1-561,text,false,,417,3587,286,568,https://api-scuda.uat.oci.krungsri.tech/ic/api/v1/customer/individual/getprofile,195,0,127
1779799535637,115,GetIndividual,429,Too Many Requests,GetIndividual 1-569,text,false,,417,3588,287,569,https://api-scuda.uat.oci.krungsri.tech/ic/api/v1/customer/individual/getprofile,115,0,76
1779799535735,23,SearchIndividual,429,Too Many Requests,SearchIndividual 2-939,text,false,,417,2602,10,570,https://api-scuda.uat.oci.krungsri.tech/ords/api/v1/customer/individual/searchprofile,23,0,21
1779799535636,123,GetIndividual,429,Too Many Requests,GetIndividual 1-568,text,false,,417,3587,288,569,https://api-scuda.uat.oci.krungsri.tech/ic/api/v1/customer/individual/getprofile,123,0,88
1779799535714,46,SearchIndividual,200,OK,SearchIndividual 2-934,text,true,,1112,2601,9,569,https://api-scuda.uat.oci.krungsri.tech/ords/api/v1/customer/individual/searchprofile,46,0,27
1779799535752,16,GetIndividual,429,Too Many Requests,GetIndividual 1-581,text,false,,417,3588,287,567,https://api-scuda.uat.oci.krungsri.tech/ic/api/v1/customer/individual/getprofile,16,0,15
1779799535692,88,GetIndividual,429,Too Many Requests,GetIndividual 1-576,text,false,,417,3588,289,570,https://api-scuda.uat.oci.krungsri.tech/ic/api/v1/customer/individual/getprofile,88,0,62
1779799535718,78,SearchIndividual,429,Too Many Requests,SearchIndividual 2-936,text,false,,417,2602,12,574,https://api-scuda.uat.oci.krungsri.tech/ords/api/v1/customer/individual/searchprofile,78,0,46
1779799535671,126,SearchIndividual,429,Too Many Requests,SearchIndividual 2-931,text,false,,417,2602,12,574,https://api-scuda.uat.oci.krungsri.tech/ords/api/v1/customer/individual/searchprofile,126,0,78
1779799535706,92,SearchIndividual,429,Too Many Requests,SearchIndividual 2-932,text,false,,417,2602,11,573,https://api-scuda.uat.oci.krungsri.tech/ords/api/v1/customer/individual/searchprofile,92,0,54
1779799535625,175,GetIndividual,429,Too Many Requests,GetIndividual 1-567,text,false,,417,3588,289,571,https://api-scuda.uat.oci.krungsri.tech/ic/api/v1/customer/individual/getprofile,175,0,105
1779799535669,133,SearchIndividual,429,Too Many Requests,SearchIndividual 2-930,text,false,,417,2602,9,570,https://api-scuda.uat.oci.krungsri.tech/ords/api/v1/customer/individual/searchprofile,133,0,81
1779799535794,20,GetIndividual,429,Too Many Requests,GetIndividual 1-587,text,false,,417,3588,289,572,https://api-scuda.uat.oci.krungsri.tech/ic/api/v1/customer/individual/getprofile,20,0,19
1779799535797,18,SearchIndividual,429,Too Many Requests,SearchIndividual 2-943,text,false,,417,2602,9,572,https://api-scuda.uat.oci.krungsri.tech/ords/api/v1/customer/individual/searchprofile,18,0,17
1779799535660,162,GetIndividual,429,Too Many Requests,GetIndividual 1-573,text,false,,417,3588,288,571,https://api-scuda.uat.oci.krungsri.tech/ic/api/v1/customer/individual/getprofile,162,0,107
1779799535797,35,SearchIndividual,429,Too Many Requests,SearchIndividual 2-942,text,false,,417,2602,10,571,https://api-scuda.uat.oci.krungsri.tech/ords/api/v1/customer/individual/searchprofile,35,0,33
1779799535811,21,SearchIndividual,429,Too Many Requests,SearchIndividual 2-944,text,false,,417,2602,10,571,https://api-scuda.uat.oci.krungsri.tech/ords/api/v1/customer/individual/searchprofile,21,0,20
1779799535723,110,SearchIndividual,429,Too Many Requests,SearchIndividual 2-938,text,false,,417,2602,10,571,https://api-scuda.uat.oci.krungsri.tech/ords/api/v1/customer/individual/searchprofile,110,0,47
1779799535821,21,SearchIndividual,429,Too Many Requests,SearchIndividual 2-945,text,false,,417,2602,7,568,https://api-scuda.uat.oci.krungsri.tech/ords/api/v1/customer/individual/searchprofile,21,0,20
1779799535745,107,GetIndividual,429,Too Many Requests,GetIndividual 1-580,text,false,,417,3588,287,567,https://api-scuda.uat.oci.krungsri.tech/ic/api/v1/customer/individual/getprofile,107,0,99
1779799535828,26,SearchIndividual,429,Too Many Requests,SearchIndividual 2-946,text,false,,417,2602,6,566,https://api-scuda.uat.oci.krungsri.tech/ords/api/v1/customer/individual/searchprofile,26,0,24
1779799535786,68,SearchIndividual,429,Too Many Requests,SearchIndividual 2-940,text,false,,417,2601,6,566,https://api-scuda.uat.oci.krungsri.tech/ords/api/v1/customer/individual/searchprofile,68,0,56
1779799535817,38,UpdateIndividual,429,Too Many Requests,UpdateIndividual 4-377,text,false,,417,4226,190,564,https://api-scuda.uat.oci.krungsri.tech/ic/api/v1/customer/individual/updateprofile,38,0,32
1779799535780,76,GetIndividual,429,Too Many Requests,GetIndividual 1-586,text,false,,417,3588,286,565,https://api-scuda.uat.oci.krungsri.tech/ic/api/v1/customer/individual/getprofile,76,0,61
1779799535787,69,SearchIndividual,429,Too Many Requests,SearchIndividual 2-941,text,false,,417,2601,5,564,https://api-scuda.uat.oci.krungsri.tech/ords/api/v1/customer/individual/searchprofile,69,0,49
1779799535780,87,UpdateIndividual,429,Too Many Requests,UpdateIndividual 4-376,text,false,,417,5593,189,565,https://api-scuda.uat.oci.krungsri.tech/ic/api/v1/customer/individual/updateprofile,87,0,71
1779799535536,333,SearchIndividual,429,Too Many Requests,SearchIndividual 2-918,text,false,,417,2602,7,566,https://api-scuda.uat.oci.krungsri.tech/ords/api/v1/customer/individual/searchprofile,333,0,159
1779799535664,210,SearchIndividual,429,Too Many Requests,SearchIndividual 2-929,text,false,,417,2602,6,566,https://api-scuda.uat.oci.krungsri.tech/ords/api/v1/customer/individual/searchprofile,210,0,122
1779799535630,244,SearchIndividual,429,Too Many Requests,SearchIndividual 2-926,text,false,,417,2602,6,566,https://api-scuda.uat.oci.krungsri.tech/ords/api/v1/customer/individual/searchprofile,244,0,84
1779799535858,18,GetIndividual,429,Too Many Requests,GetIndividual 1-589,text,false,,417,3588,287,564,https://api-scuda.uat.oci.krungsri.tech/ic/api/v1/customer/individual/getprofile,18,0,15
1779799535857,19,SearchIndividual,429,Too Many Requests,SearchIndividual 2-947,text,false,,417,2602,4,564,https://api-scuda.uat.oci.krungsri.tech/ords/api/v1/customer/individual/searchprofile,19,0,16
1779799535650,231,GetIndividual,429,Too Many Requests,GetIndividual 1-571,text,false,,417,3588,286,565,https://api-scuda.uat.oci.krungsri.tech/ic/api/v1/customer/individual/getprofile,231,0,114
1779799535867,25,CreateIndividual,429,Too Many Requests,CreateIndividual 3-20,text,false,,417,8320,13,565,https://api-scuda.uat.oci.krungsri.tech/ic/api/v1/customer/individual/createprofile,25,0,23
1779799535739,155,GetIndividual,429,Too Many Requests,GetIndividual 1-579,text,false,,417,3588,286,565,https://api-scuda.uat.oci.krungsri.tech/ic/api/v1/customer/individual/getprofile,155,0,76
1779799535661,236,GetIndividual,429,Too Many Requests,GetIndividual 1-572,text,false,,417,3588,285,564,https://api-scuda.uat.oci.krungsri.tech/ic/api/v1/customer/individual/getprofile,236,0,159
1779799535719,181,GetIndividual,429,Too Many Requests,GetIndividual 1-578,text,false,,417,3588,284,564,https://api-scuda.uat.oci.krungsri.tech/ic/api/v1/customer/individual/getprofile,181,0,100
1779799535874,27,GetIndividual,429,Too Many Requests,GetIndividual 1-590,text,false,,417,3588,283,564,https://api-scuda.uat.oci.krungsri.tech/ic/api/v1/customer/individual/getprofile,27,0,25
1779799535868,38,SearchIndividual,200,OK,SearchIndividual 2-949,text,true,,1155,2602,5,565,https://api-scuda.uat.oci.krungsri.tech/ords/api/v1/customer/individual/searchprofile,38,0,22
1779799535868,40,SearchIndividual,429,Too Many Requests,SearchIndividual 2-950,text,false,,417,2602,4,564,https://api-scuda.uat.oci.krungsri.tech/ords/api/v1/customer/individual/searchprofile,40,0,23
1779799535658,250,UpdateIndividual,429,Too Many Requests,UpdateIndividual 4-373,text,false,,417,5603,192,564,https://api-scuda.uat.oci.krungsri.tech/ic/api/v1/customer/individual/updateprofile,250,0,164
1779799535881,27,SearchIndividual,429,Too Many Requests,SearchIndividual 2-951,text,false,,417,2602,4,564,https://api-scuda.uat.oci.krungsri.tech/ords/api/v1/customer/individual/searchprofile,27,0,25
1779799535882,27,UpdateIndividual,429,Too Many Requests,UpdateIndividual 4-378,text,false,,417,5631,192,564,https://api-scuda.uat.oci.krungsri.tech/ic/api/v1/customer/individual/updateprofile,27,0,25
1779799535904,13,UpdateIndividual,429,Too Many Requests,UpdateIndividual 4-380,text,false,,417,4225,194,567,https://api-scuda.uat.oci.krungsri.tech/ic/api/v1/customer/individual/updateprofile,13,0,11
1779799535904,16,UpdateIndividual,429,Too Many Requests,UpdateIndividual 4-381,text,false,,417,5586,194,567,https://api-scuda.uat.oci.krungsri.tech/ic/api/v1/customer/individual/updateprofile,15,0,13
1779799535906,32,CreateJuristic,429,Too Many Requests,CreateJuristic 7-20,text,false,,417,7407,15,565,https://api-scuda.uat.oci.krungsri.tech/ic/api/v1/customer/juristic/createprofile,32,0,27
1779799535895,45,SearchIndividual,429,Too Many Requests,SearchIndividual 2-952,text,false,,417,2602,3,565,https://api-scuda.uat.oci.krungsri.tech/ords/api/v1/customer/individual/searchprofile,45,0,26
1779799535773,170,GetIndividual,429,Too Many Requests,GetIndividual 1-584,text,false,,417,3587,284,564,https://api-scuda.uat.oci.krungsri.tech/ic/api/v1/customer/individual/getprofile,170,0,100
1779799535756,190,GetIndividual,429,Too Many Requests,GetIndividual 1-583,text,false,,417,3588,283,563,https://api-scuda.uat.oci.krungsri.tech/ic/api/v1/customer/individual/getprofile,190,0,121
1779799535916,34,GetIndividual,429,Too Many Requests,GetIndividual 1-593,text,false,,417,3588,284,566,https://api-scuda.uat.oci.krungsri.tech/ic/api/v1/customer/individual/getprofile,34,0,23
1779799535931,22,UpdateIndividual,429,Too Many Requests,UpdateIndividual 4-384,text,false,,417,5588,196,566,https://api-scuda.uat.oci.krungsri.tech/ic/api/v1/customer/individual/updateprofile,22,0,20
1779799535917,36,UpdateIndividual,429,Too Many Requests,UpdateIndividual 4-382,text,false,,417,5599,196,566,https://api-scuda.uat.oci.krungsri.tech/ic/api/v1/customer/individual/updateprofile,36,0,23
1779799535679,274,GetIndividual,429,Too Many Requests,GetIndividual 1-575,text,false,,417,3588,283,565,https://api-scuda.uat.oci.krungsri.tech/ic/api/v1/customer/individual/getprofile,274,0,203
1779799535920,37,UpdateIndividual,429,Too Many Requests,UpdateIndividual 4-383,text,false,,417,4227,195,564,https://api-scuda.uat.oci.krungsri.tech/ic/api/v1/customer/individual/updateprofile,37,0,20
1779799535931,27,UpdateIndividual,429,Too Many Requests,UpdateIndividual 4-385,text,false,,417,4227,194,564,https://api-scuda.uat.oci.krungsri.tech/ic/api/v1/customer/individual/updateprofile,27,0,25
1779799535940,19,UpdateIndividual,429,Too Many Requests,UpdateIndividual 4-386,text,false,,417,5562,194,564,https://api-scuda.uat.oci.krungsri.tech/ic/api/v1/customer/individual/updateprofile,19,0,18
1779799535864,97,SearchIndividual,429,Too Many Requests,SearchIndividual 2-948,text,false,,417,2602,4,563,https://api-scuda.uat.oci.krungsri.tech/ords/api/v1/customer/individual/searchprofile,97,0,48
1779799535932,34,SearchIndividual,429,Too Many Requests,SearchIndividual 2-953,text,false,,417,2601,4,563,https://api-scuda.uat.oci.krungsri.tech/ords/api/v1/customer/individual/searchprofile,34,0,30
1779799535886,86,GetIndividual,429,Too Many Requests,GetIndividual 1-591,text,false,,417,3588,283,563,https://api-scuda.uat.oci.krungsri.tech/ic/api/v1/customer/individual/getprofile,86,0,64
1779799535950,30,GetIndividual,429,Too Many Requests,GetIndividual 1-595,text,false,,417,3588,283,563,https://api-scuda.uat.oci.krungsri.tech/ic/api/v1/customer/individual/getprofile,30,0,19
1779799535959,23,GetIndividual,429,Too Many Requests,GetIndividual 1-596,text,false,,417,3588,282,562,https://api-scuda.uat.oci.krungsri.tech/ic/api/v1/customer/individual/getprofile,23,0,22
1779799535947,42,GetIndividual,429,Too Many Requests,GetIndividual 1-594,text,false,,417,3588,282,562,https://api-scuda.uat.oci.krungsri.tech/ic/api/v1/customer/individual/getprofile,42,0,33
1779799535963,36,SearchIndividual,429,Too Many Requests,SearchIndividual 2-956,text,false,,417,2602,5,563,https://api-scuda.uat.oci.krungsri.tech/ords/api/v1/customer/individual/searchprofile,36,0,22
1779799535961,43,SearchIndividual,429,Too Many Requests,SearchIndividual 2-955,text,false,,417,2602,4,560,https://api-scuda.uat.oci.krungsri.tech/ords/api/v1/customer/individual/searchprofile,43,0,41
1779799535952,62,SearchIndividual,429,Too Many Requests,SearchIndividual 2-954,text,false,,417,2602,3,543,https://api-scuda.uat.oci.krungsri.tech/ords/api/v1/customer/individual/searchprofile,62,0,38
1779799535983,42,GetIndividual,429,Too Many Requests,GetIndividual 1-598,text,false,,417,3588,248,527,https://api-scuda.uat.oci.krungsri.tech/ic/api/v1/customer/individual/getprofile,42,0,40
1779799535958,71,UpdateIndividual,429,Too Many Requests,UpdateIndividual 4-390,text,false,,417,4228,192,524,https://api-scuda.uat.oci.krungsri.tech/ic/api/v1/customer/individual/updateprofile,71,0,60
1779799535968,71,SearchIndividual,429,Too Many Requests,SearchIndividual 2-957,text,false,,417,2602,4,514,https://api-scuda.uat.oci.krungsri.tech/ords/api/v1/customer/individual/searchprofile,71,0,65
1779799535952,87,UpdateIndividual,429,Too Many Requests,UpdateIndividual 4-389,text,false,,417,5590,191,513,https://api-scuda.uat.oci.krungsri.tech/ic/api/v1/customer/individual/updateprofile,87,0,60
1779799536000,40,SearchIndividual,429,Too Many Requests,SearchIndividual 2-958,text,false,,417,2602,4,513,https://api-scuda.uat.oci.krungsri.tech/ords/api/v1/customer/individual/searchprofile,40,0,34
