timeStamp,elapsed,label,responseCode,responseMessage,threadName,dataType,success,failureMessage,bytes,sentBytes,grpThreads,allThreads,URL,Latency,IdleTime,Connect
1779799488224,743,Get Token,200,OK,CreateJoint 11-2,text,true,,3684,522,3,76,https://api-scuda.uat.oci.krungsri.tech/oauth2/v1/token,743,0,632
1779799488005,952,Get Token,200,OK,CreateIndividual 3-2,text,true,,3684,522,2,76,https://api-scuda.uat.oci.krungsri.tech/oauth2/v1/token,950,0,851
1779799488005,955,Get Token,200,OK,SearchIndividual 2-7,text,true,,2894,426,27,76,https://api-scuda.uat.oci.krungsri.tech/oauth2/v1/token,955,0,853
1779799488005,963,Get Token,200,OK,UpdateIndividual 4-5,text,true,,3684,522,8,76,https://api-scuda.uat.oci.krungsri.tech/oauth2/v1/token,962,0,854
1779799488907,61,Get Token,200,OK,CreateJoint 11-3,text,true,,3684,522,3,76,https://api-scuda.uat.oci.krungsri.tech/oauth2/v1/token,61,0,29
1779799488006,959,Get Token,200,OK,CreateJuristic 7-2,text,true,,3684,522,3,76,https://api-scuda.uat.oci.krungsri.tech/oauth2/v1/token,959,0,838
1779799488009,913,Get Token,200,OK,CreateIndividual 3-1,text,true,,3684,522,2,76,https://api-scuda.uat.oci.krungsri.tech/oauth2/v1/token,913,0,846
1779799488006,964,Get Token,200,OK,UpdateIndividual 4-1,text,true,,3684,522,8,76,https://api-scuda.uat.oci.krungsri.tech/oauth2/v1/token,963,0,837
1779799488005,898,Get Token,200,OK,SearchIndividual 2-14,text,true,,2894,426,23,66,https://api-scuda.uat.oci.krungsri.tech/oauth2/v1/token,898,0,845
1779799488422,520,Get Token,200,OK,SearchIndividual 2-22,text,true,,2894,426,27,76,https://api-scuda.uat.oci.krungsri.tech/oauth2/v1/token,520,0,432
1779799488005,932,Get Token,200,OK,GetJuristic 5-2,text,true,,3684,522,3,76,https://api-scuda.uat.oci.krungsri.tech/oauth2/v1/token,932,0,852
1779799488005,940,Get Token,200,OK,UpdateJuristic 8-2,text,true,,3684,522,3,76,https://api-scuda.uat.oci.krungsri.tech/oauth2/v1/token,940,0,830
1779799488004,936,Get Token,200,OK,SearchIndividual 2-5,text,true,,2894,426,27,76,https://api-scuda.uat.oci.krungsri.tech/oauth2/v1/token,936,0,847
1779799488005,953,Get Token,200,OK,SearchIndividual 2-11,text,true,,2894,426,27,76,https://api-scuda.uat.oci.krungsri.tech/oauth2/v1/token,953,0,854
1779799488005,953,Get Token,200,OK,GetIndividual 1-8,text,true,,3684,522,16,76,https://api-scuda.uat.oci.krungsri.tech/oauth2/v1/token,953,0,844
1779799488005,929,Get Token,200,OK,SearchJoint 10-1,text,true,,2894,426,2,76,https://api-scuda.uat.oci.krungsri.tech/oauth2/v1/token,929,0,841
1779799488105,853,Get Token,200,OK,GetIndividual 1-10,text,true,,3684,522,16,76,https://api-scuda.uat.oci.krungsri.tech/oauth2/v1/token,853,0,745
1779799488005,954,Get Token,200,OK,SearchIndividual 2-1,text,true,,2894,426,27,76,https://api-scuda.uat.oci.krungsri.tech/oauth2/v1/token,954,0,855
1779799488009,927,Get Token,200,OK,SearchIndividual 2-8,text,true,,2894,426,27,76,https://api-scuda.uat.oci.krungsri.tech/oauth2/v1/token,927,0,841
1779799488440,517,Get Token,200,OK,GetIndividual 1-13,text,true,,3684,522,16,76,https://api-scuda.uat.oci.krungsri.tech/oauth2/v1/token,517,0,417
1779799488005,926,Get Token,200,OK,SearchIndividual 2-10,text,true,,2894,426,27,76,https://api-scuda.uat.oci.krungsri.tech/oauth2/v1/token,926,0,854
1779799488009,948,Get Token,200,OK,SearchJoint 10-2,text,true,,2894,426,2,76,https://api-scuda.uat.oci.krungsri.tech/oauth2/v1/token,948,0,841
1779799488381,579,Get Token,200,OK,SearchIndividual 2-20,text,true,,2894,426,27,76,https://api-scuda.uat.oci.krungsri.tech/oauth2/v1/token,579,0,463
1779799488266,672,Get Token,200,OK,SearchIndividual 2-17,text,true,,2894,426,27,76,https://api-scuda.uat.oci.krungsri.tech/oauth2/v1/token,672,0,589
1779799488917,47,Get Token,200,OK,SearchIndividual 2-27,text,true,,2894,426,27,76,https://api-scuda.uat.oci.krungsri.tech/oauth2/v1/token,47,0,20
1779799488009,898,Get Token,200,OK,GetIndividual 1-5,text,true,,3684,522,14,69,https://api-scuda.uat.oci.krungsri.tech/oauth2/v1/token,898,0,843
1779799488333,599,Get Token,200,OK,SearchIndividual 2-18,text,true,,2894,426,27,76,https://api-scuda.uat.oci.krungsri.tech/oauth2/v1/token,599,0,509
1779799488005,901,Get Token,200,OK,UpdateIndividual 4-3,text,true,,3684,522,7,66,https://api-scuda.uat.oci.krungsri.tech/oauth2/v1/token,901,0,844
1779799488004,960,Get Token,200,OK,CreateJuristic 7-1,text,true,,3684,522,3,76,https://api-scuda.uat.oci.krungsri.tech/oauth2/v1/token,960,0,842
1779799488127,804,Get Token,200,OK,GetJoint 9-2,text,true,,3684,522,3,76,https://api-scuda.uat.oci.krungsri.tech/oauth2/v1/token,804,0,710
1779799488645,296,Get Token,200,OK,GetIndividual 1-14,text,true,,3684,522,16,76,https://api-scuda.uat.oci.krungsri.tech/oauth2/v1/token,296,0,207
1779799488005,960,Get Token,200,OK,UpdateIndividual 4-2,text,true,,3684,522,8,76,https://api-scuda.uat.oci.krungsri.tech/oauth2/v1/token,960,0,849
1779799488087,820,Get Token,200,OK,SearchIndividual 2-15,text,true,,2894,426,25,69,https://api-scuda.uat.oci.krungsri.tech/oauth2/v1/token,820,0,752
1779799488662,299,Get Token,200,OK,GetJoint 9-3,text,true,,3684,522,3,76,https://api-scuda.uat.oci.krungsri.tech/oauth2/v1/token,299,0,197
1779799488006,955,Get Token,200,OK,UpdateJoint 12-2,text,true,,3684,522,3,76,https://api-scuda.uat.oci.krungsri.tech/oauth2/v1/token,955,0,842
1779799488005,955,Get Token,200,OK,SearchJuristic 6-1,text,true,,2894,426,3,76,https://api-scuda.uat.oci.krungsri.tech/oauth2/v1/token,955,0,834
1779799488009,896,Get Token,200,OK,SearchIndividual 2-13,text,true,,2894,426,23,66,https://api-scuda.uat.oci.krungsri.tech/oauth2/v1/token,896,0,841
1779799488005,939,Get Token,200,OK,GetIndividual 1-7,text,true,,3684,522,16,76,https://api-scuda.uat.oci.krungsri.tech/oauth2/v1/token,939,0,846
1779799488004,903,Get Token,200,OK,SearchIndividual 2-6,text,true,,2894,426,25,69,https://api-scuda.uat.oci.krungsri.tech/oauth2/v1/token,903,0,847
1779799488006,954,Get Token,200,OK,GetJuristic 5-1,text,true,,3684,522,3,76,https://api-scuda.uat.oci.krungsri.tech/oauth2/v1/token,954,0,851
1779799488005,955,Get Token,200,OK,SearchIndividual 2-2,text,true,,2894,426,27,76,https://api-scuda.uat.oci.krungsri.tech/oauth2/v1/token,955,0,849
1779799488650,253,Get Token,200,OK,SearchIndividual 2-23,text,true,,2894,426,23,66,https://api-scuda.uat.oci.krungsri.tech/oauth2/v1/token,253,0,200
1779799488915,57,Get Token,200,OK,SearchIndividual 2-24,text,true,,2894,426,27,76,https://api-scuda.uat.oci.krungsri.tech/oauth2/v1/token,57,0,30
1779799488005,926,Get Token,200,OK,SearchIndividual 2-9,text,true,,2894,426,27,76,https://api-scuda.uat.oci.krungsri.tech/oauth2/v1/token,925,0,846
1779799488204,700,Get Token,200,OK,SearchIndividual 2-16,text,true,,2894,426,23,66,https://api-scuda.uat.oci.krungsri.tech/oauth2/v1/token,700,0,646
1779799488005,955,Get Token,200,OK,UpdateJuristic 8-1,text,true,,3684,522,3,76,https://api-scuda.uat.oci.krungsri.tech/oauth2/v1/token,955,0,841
1779799488005,956,Get Token,200,OK,GetIndividual 1-2,text,true,,3684,522,16,76,https://api-scuda.uat.oci.krungsri.tech/oauth2/v1/token,956,0,835
1779799488890,70,Get Token,200,OK,UpdateJuristic 8-3,text,true,,3684,522,3,76,https://api-scuda.uat.oci.krungsri.tech/oauth2/v1/token,70,0,35
1779799488005,937,Get Token,200,OK,SearchIndividual 2-12,text,true,,2894,426,27,76,https://api-scuda.uat.oci.krungsri.tech/oauth2/v1/token,937,0,850
1779799488597,321,Get Token,200,OK,UpdateIndividual 4-7,text,true,,3684,522,8,76,https://api-scuda.uat.oci.krungsri.tech/oauth2/v1/token,321,0,254
1779799488378,554,Get Token,200,OK,GetIndividual 1-12,text,true,,3684,522,16,76,https://api-scuda.uat.oci.krungsri.tech/oauth2/v1/token,553,0,475
1779799488263,628,Get Token,200,OK,SearchJuristic 6-2,text,true,,2894,426,2,64,https://api-scuda.uat.oci.krungsri.tech/oauth2/v1/token,628,0,591
1779799488005,935,Get Token,200,OK,SearchIndividual 2-4,text,true,,2894,426,27,76,https://api-scuda.uat.oci.krungsri.tech/oauth2/v1/token,934,0,845
1779799488916,67,Get Token,200,OK,UpdateJoint 12-3,text,true,,3684,522,3,79,https://api-scuda.uat.oci.krungsri.tech/oauth2/v1/token,67,0,32
1779799488912,85,Get Token,200,OK,SearchIndividual 2-25,text,true,,2894,426,28,79,https://api-scuda.uat.oci.krungsri.tech/oauth2/v1/token,85,0,46
1779799488005,886,Get Token,429,Too Many Requests,CreateJoint 11-1,text,false,,417,522,2,64,https://api-scuda.uat.oci.krungsri.tech/oauth2/v1/token,873,0,834
1779799488005,886,Get Token,429,Too Many Requests,UpdateJoint 12-1,text,false,,417,522,2,64,https://api-scuda.uat.oci.krungsri.tech/oauth2/v1/token,872,0,854
1779799488911,54,Get Token,429,Too Many Requests,UpdateIndividual 4-8,text,false,,1158,522,8,76,https://api-scuda.uat.oci.krungsri.tech/oauth2/v1/token,54,0,39
1779799488005,886,Get Token,429,Too Many Requests,GetIndividual 1-3,text,false,,417,522,14,64,https://api-scuda.uat.oci.krungsri.tech/oauth2/v1/token,872,0,854
1779799488004,887,Get Token,429,Too Many Requests,GetIndividual 1-6,text,false,,417,522,14,64,https://api-scuda.uat.oci.krungsri.tech/oauth2/v1/token,873,0,852
1779799488916,53,Get Token,429,Too Many Requests,GetIndividual 1-16,text,false,,1158,522,16,76,https://api-scuda.uat.oci.krungsri.tech/oauth2/v1/token,53,0,42
1779799488915,68,Get Token,429,Too Many Requests,SearchJuristic 6-3,text,false,,1158,426,3,79,https://api-scuda.uat.oci.krungsri.tech/oauth2/v1/token,68,0,49
1779799488225,666,Get Token,429,Too Many Requests,GetIndividual 1-11,text,false,,417,522,14,64,https://api-scuda.uat.oci.krungsri.tech/oauth2/v1/token,653,0,626
1779799488905,79,Get Token,429,Too Many Requests,GetJuristic 5-3,text,false,,1158,522,3,79,https://api-scuda.uat.oci.krungsri.tech/oauth2/v1/token,79,0,56
1779799488005,886,Get Token,429,Too Many Requests,GetIndividual 1-9,text,false,,417,522,14,64,https://api-scuda.uat.oci.krungsri.tech/oauth2/v1/token,872,0,843
1779799488910,73,Get Token,429,Too Many Requests,SearchIndividual 2-26,text,false,,1158,426,28,79,https://api-scuda.uat.oci.krungsri.tech/oauth2/v1/token,73,0,54
1779799488135,756,Get Token,429,Too Many Requests,UpdateIndividual 4-6,text,false,,417,522,7,64,https://api-scuda.uat.oci.krungsri.tech/oauth2/v1/token,742,0,722
1779799488377,514,Get Token,429,Too Many Requests,SearchIndividual 2-19,text,false,,417,426,23,64,https://api-scuda.uat.oci.krungsri.tech/oauth2/v1/token,500,0,473
1779799488005,886,Get Token,429,Too Many Requests,GetIndividual 1-1,text,false,,417,522,14,64,https://api-scuda.uat.oci.krungsri.tech/oauth2/v1/token,872,0,841
1779799488915,43,Get Token,429,Too Many Requests,GetIndividual 1-15,text,false,,1158,522,16,76,https://api-scuda.uat.oci.krungsri.tech/oauth2/v1/token,43,0,34
1779799488009,882,Get Token,429,Too Many Requests,GetIndividual 1-4,text,false,,417,522,14,64,https://api-scuda.uat.oci.krungsri.tech/oauth2/v1/token,869,0,839
1779799488916,69,Get Token,429,Too Many Requests,CreateJuristic 7-3,text,false,,1158,522,3,79,https://api-scuda.uat.oci.krungsri.tech/oauth2/v1/token,69,0,47
1779799488394,497,Get Token,429,Too Many Requests,SearchIndividual 2-21,text,false,,417,426,23,64,https://api-scuda.uat.oci.krungsri.tech/oauth2/v1/token,483,0,446
1779799488009,882,Get Token,429,Too Many Requests,UpdateIndividual 4-4,text,false,,417,522,7,64,https://api-scuda.uat.oci.krungsri.tech/oauth2/v1/token,868,0,842
1779799488005,886,Get Token,429,Too Many Requests,GetJoint 9-1,text,false,,417,522,3,64,https://api-scuda.uat.oci.krungsri.tech/oauth2/v1/token,872,0,843
1779799488005,886,Get Token,429,Too Many Requests,SearchIndividual 2-3,text,false,,417,426,23,64,https://api-scuda.uat.oci.krungsri.tech/oauth2/v1/token,873,0,837
1779799490743,93,SearchJuristic,200,OK,SearchJuristic 6-3,text,true,,985,2600,4,151,https://api-scuda.uat.oci.krungsri.tech/ords/api/v1/customer/juristic/searchprofile,90,0,0
1779799490848,18,SearchIndividual,200,OK,SearchIndividual 2-3,text,true,,1171,2602,58,151,https://api-scuda.uat.oci.krungsri.tech/ords/api/v1/customer/individual/searchprofile,18,0,0
1779799490730,106,SearchJuristic,200,OK,SearchJuristic 6-1,text,true,,985,2600,4,151,https://api-scuda.uat.oci.krungsri.tech/ords/api/v1/customer/juristic/searchprofile,103,0,0
1779799490743,93,SearchIndividual,200,OK,SearchIndividual 2-2,text,true,,1129,2602,58,151,https://api-scuda.uat.oci.krungsri.tech/ords/api/v1/customer/individual/searchprofile,89,0,0
1779799490746,90,SearchIndividual,200,OK,SearchIndividual 2-26,text,true,,1123,2602,58,151,https://api-scuda.uat.oci.krungsri.tech/ords/api/v1/customer/individual/searchprofile,86,0,0
1779799490831,49,SearchIndividual,200,OK,SearchIndividual 2-45,text,true,,1137,2602,58,151,https://api-scuda.uat.oci.krungsri.tech/ords/api/v1/customer/individual/searchprofile,49,0,35
1779799490828,78,SearchIndividual,200,OK,SearchIndividual 2-52,text,true,,1129,2602,58,151,https://api-scuda.uat.oci.krungsri.tech/ords/api/v1/customer/individual/searchprofile,77,0,36
1779799490817,55,SearchIndividual,200,OK,SearchIndividual 2-58,text,true,,1191,2602,58,151,https://api-scuda.uat.oci.krungsri.tech/ords/api/v1/customer/individual/searchprofile,55,0,42
1779799490728,108,SearchJoint,200,OK,SearchJoint 10-3,text,true,,621,2627,5,151,https://api-scuda.uat.oci.krungsri.tech/ords/api/v1/customer/joint/searchprofile,104,0,63
1779799490849,15,SearchJuristic,200,OK,SearchJuristic 6-2,text,true,,988,2600,4,151,https://api-scuda.uat.oci.krungsri.tech/ords/api/v1/customer/juristic/searchprofile,15,0,0
1779799490750,86,SearchIndividual,200,OK,SearchIndividual 2-10,text,true,,1235,2602,58,151,https://api-scuda.uat.oci.krungsri.tech/ords/api/v1/customer/individual/searchprofile,82,0,0
1779799490846,44,SearchIndividual,200,OK,SearchIndividual 2-54,text,true,,1159,2602,58,151,https://api-scuda.uat.oci.krungsri.tech/ords/api/v1/customer/individual/searchprofile,43,0,27
1779799490737,104,SearchJoint,200,OK,SearchJoint 10-5,text,true,,620,2626,5,151,https://api-scuda.uat.oci.krungsri.tech/ords/api/v1/customer/joint/searchprofile,104,0,72
1779799490732,104,SearchIndividual,200,OK,SearchIndividual 2-5,text,true,,1211,2602,58,151,https://api-scuda.uat.oci.krungsri.tech/ords/api/v1/customer/individual/searchprofile,101,0,0
1779799490816,56,SearchJoint,200,OK,SearchJoint 10-4,text,true,,621,2627,5,151,https://api-scuda.uat.oci.krungsri.tech/ords/api/v1/customer/joint/searchprofile,55,0,42
1779799490901,16,SearchIndividual,200,OK,SearchIndividual 2-20,text,true,,1211,2602,58,151,https://api-scuda.uat.oci.krungsri.tech/ords/api/v1/customer/individual/searchprofile,16,0,0
1779799490828,51,SearchIndividual,200,OK,SearchIndividual 2-28,text,true,,1169,2602,58,151,https://api-scuda.uat.oci.krungsri.tech/ords/api/v1/customer/individual/searchprofile,51,0,37
1779799490730,105,SearchJoint,200,OK,SearchJoint 10-1,text,true,,621,2627,5,151,https://api-scuda.uat.oci.krungsri.tech/ords/api/v1/customer/joint/searchprofile,103,0,0
1779799490904,14,SearchIndividual,200,OK,SearchIndividual 2-11,text,true,,1119,2602,58,151,https://api-scuda.uat.oci.krungsri.tech/ords/api/v1/customer/individual/searchprofile,14,0,0
1779799490730,106,SearchIndividual,200,OK,SearchIndividual 2-17,text,true,,1209,2602,58,151,https://api-scuda.uat.oci.krungsri.tech/ords/api/v1/customer/individual/searchprofile,103,0,0
1779799490814,22,SearchJoint,200,OK,SearchJoint 10-2,text,true,,621,2627,5,151,https://api-scuda.uat.oci.krungsri.tech/ords/api/v1/customer/joint/searchprofile,18,0,0
1779799490729,107,SearchIndividual,200,OK,SearchIndividual 2-22,text,true,,1230,2599,58,151,https://api-scuda.uat.oci.krungsri.tech/ords/api/v1/customer/individual/searchprofile,104,0,0
1779799490853,43,SearchIndividual,200,OK,SearchIndividual 2-44,text,true,,1197,2602,58,151,https://api-scuda.uat.oci.krungsri.tech/ords/api/v1/customer/individual/searchprofile,43,0,29
1779799490857,39,SearchIndividual,200,OK,SearchIndividual 2-51,text,true,,1187,2602,58,151,https://api-scuda.uat.oci.krungsri.tech/ords/api/v1/customer/individual/searchprofile,39,0,24
1779799490895,32,SearchIndividual,200,OK,SearchIndividual 2-1,text,true,,1263,2602,58,151,https://api-scuda.uat.oci.krungsri.tech/ords/api/v1/customer/individual/searchprofile,32,0,0
1779799490815,27,SearchIndividual,200,OK,SearchIndividual 2-49,text,true,,1167,2602,58,151,https://api-scuda.uat.oci.krungsri.tech/ords/api/v1/customer/individual/searchprofile,27,0,15
1779799490857,40,SearchIndividual,200,OK,SearchIndividual 2-38,text,true,,1161,2602,58,151,https://api-scuda.uat.oci.krungsri.tech/ords/api/v1/customer/individual/searchprofile,39,0,28
1779799490728,108,SearchIndividual,200,OK,SearchIndividual 2-8,text,true,,1143,2602,58,151,https://api-scuda.uat.oci.krungsri.tech/ords/api/v1/customer/individual/searchprofile,105,0,0
1779799490888,45,SearchIndividual,200,OK,SearchIndividual 2-27,text,true,,1171,2602,39,124,https://api-scuda.uat.oci.krungsri.tech/ords/api/v1/customer/individual/searchprofile,45,0,0
1779799490869,65,SearchIndividual,200,OK,SearchIndividual 2-39,text,true,,1123,2602,39,124,https://api-scuda.uat.oci.krungsri.tech/ords/api/v1/customer/individual/searchprofile,65,0,26
1779799490888,48,SearchIndividual,200,OK,SearchIndividual 2-19,text,true,,1193,2602,38,123,https://api-scuda.uat.oci.krungsri.tech/ords/api/v1/customer/individual/searchprofile,48,0,0
1779799490874,64,SearchIndividual,200,OK,SearchIndividual 2-34,text,true,,1193,2602,38,123,https://api-scuda.uat.oci.krungsri.tech/ords/api/v1/customer/individual/searchprofile,63,0,21
1779799490891,45,SearchIndividual,200,OK,SearchIndividual 2-4,text,true,,1283,2602,38,123,https://api-scuda.uat.oci.krungsri.tech/ords/api/v1/customer/individual/searchprofile,45,0,0
1779799490885,52,SearchIndividual,200,OK,SearchIndividual 2-23,text,true,,1223,2602,38,123,https://api-scuda.uat.oci.krungsri.tech/ords/api/v1/customer/individual/searchprofile,52,0,0
1779799490726,110,SearchIndividual,200,OK,SearchIndividual 2-18,text,true,,1175,2602,58,151,https://api-scuda.uat.oci.krungsri.tech/ords/api/v1/customer/individual/searchprofile,106,0,0
1779799490885,53,SearchIndividual,200,OK,SearchIndividual 2-14,text,true,,1215,2602,38,123,https://api-scuda.uat.oci.krungsri.tech/ords/api/v1/customer/individual/searchprofile,53,0,0
1779799490874,64,SearchIndividual,200,OK,SearchIndividual 2-24,text,true,,1147,2602,38,123,https://api-scuda.uat.oci.krungsri.tech/ords/api/v1/customer/individual/searchprofile,64,0,0
1779799490907,34,SearchIndividual,200,OK,SearchIndividual 2-7,text,true,,1191,2602,38,123,https://api-scuda.uat.oci.krungsri.tech/ords/api/v1/customer/individual/searchprofile,34,0,0
1779799490910,31,SearchIndividual,200,OK,SearchIndividual 2-13,text,true,,1099,2602,38,123,https://api-scuda.uat.oci.krungsri.tech/ords/api/v1/customer/individual/searchprofile,31,0,0
1779799490869,74,SearchIndividual,200,OK,SearchIndividual 2-53,text,true,,1181,2602,38,123,https://api-scuda.uat.oci.krungsri.tech/ords/api/v1/customer/individual/searchprofile,74,0,27
1779799490917,28,SearchIndividual,200,OK,SearchIndividual 2-12,text,true,,1189,2602,38,123,https://api-scuda.uat.oci.krungsri.tech/ords/api/v1/customer/individual/searchprofile,28,0,0
1779799490887,52,SearchIndividual,200,OK,SearchIndividual 2-16,text,true,,1225,2602,38,123,https://api-scuda.uat.oci.krungsri.tech/ords/api/v1/customer/individual/searchprofile,52,0,0
1779799490882,64,SearchIndividual,200,OK,SearchIndividual 2-46,text,true,,1197,2602,37,122,https://api-scuda.uat.oci.krungsri.tech/ords/api/v1/customer/individual/searchprofile,64,0,48
1779799490879,69,SearchIndividual,200,OK,SearchIndividual 2-35,text,true,,1187,2602,28,113,https://api-scuda.uat.oci.krungsri.tech/ords/api/v1/customer/individual/searchprofile,69,0,56
1779799490728,108,SearchIndividual,200,OK,SearchIndividual 2-21,text,true,,1219,2602,58,151,https://api-scuda.uat.oci.krungsri.tech/ords/api/v1/customer/individual/searchprofile,105,0,0
1779799490893,57,SearchIndividual,200,OK,SearchIndividual 2-50,text,true,,1163,2602,25,110,https://api-scuda.uat.oci.krungsri.tech/ords/api/v1/customer/individual/searchprofile,54,0,35
1779799490751,92,SearchIndividual,200,OK,SearchIndividual 2-40,text,true,,1201,2602,58,151,https://api-scuda.uat.oci.krungsri.tech/ords/api/v1/customer/individual/searchprofile,92,0,79
1779799490901,51,SearchIndividual,200,OK,SearchIndividual 2-43,text,true,,1161,2602,20,105,https://api-scuda.uat.oci.krungsri.tech/ords/api/v1/customer/individual/searchprofile,51,0,37
1779799490830,17,SearchIndividual,200,OK,SearchIndividual 2-6,text,true,,1187,2602,58,151,https://api-scuda.uat.oci.krungsri.tech/ords/api/v1/customer/individual/searchprofile,17,0,0
1779799490898,56,SearchIndividual,200,OK,SearchIndividual 2-31,text,true,,1213,2602,18,103,https://api-scuda.uat.oci.krungsri.tech/ords/api/v1/customer/individual/searchprofile,56,0,43
1779799490907,47,SearchIndividual,200,OK,SearchIndividual 2-56,text,true,,1177,2602,18,103,https://api-scuda.uat.oci.krungsri.tech/ords/api/v1/customer/individual/searchprofile,47,0,33
1779799490904,49,SearchIndividual,200,OK,SearchIndividual 2-42,text,true,,1203,2602,19,104,https://api-scuda.uat.oci.krungsri.tech/ords/api/v1/customer/individual/searchprofile,49,0,36
1779799490813,47,SearchIndividual,200,OK,SearchIndividual 2-30,text,true,,1119,2602,58,151,https://api-scuda.uat.oci.krungsri.tech/ords/api/v1/customer/individual/searchprofile,46,0,31
1779799490903,54,SearchIndividual,200,OK,SearchIndividual 2-37,text,true,,1181,2602,14,99,https://api-scuda.uat.oci.krungsri.tech/ords/api/v1/customer/individual/searchprofile,54,0,39
1779799490886,72,SearchIndividual,200,OK,SearchIndividual 2-47,text,true,,1177,2602,13,98,https://api-scuda.uat.oci.krungsri.tech/ords/api/v1/customer/individual/searchprofile,72,0,56
1779799490816,21,SearchIndividual,200,OK,SearchIndividual 2-9,text,true,,1251,2602,58,151,https://api-scuda.uat.oci.krungsri.tech/ords/api/v1/customer/individual/searchprofile,17,0,0
1779799490899,60,SearchIndividual,200,OK,SearchIndividual 2-32,text,true,,1223,2602,13,98,https://api-scuda.uat.oci.krungsri.tech/ords/api/v1/customer/individual/searchprofile,60,0,47
1779799490828,27,SearchIndividual,200,OK,SearchIndividual 2-15,text,true,,1205,2602,58,151,https://api-scuda.uat.oci.krungsri.tech/ords/api/v1/customer/individual/searchprofile,27,0,0
1779799490750,100,SearchJuristic,200,OK,SearchJuristic 6-4,text,true,,1008,2600,4,151,https://api-scuda.uat.oci.krungsri.tech/ords/api/v1/customer/juristic/searchprofile,100,0,83
1779799490831,32,SearchIndividual,200,OK,SearchIndividual 2-55,text,true,,1215,2602,58,151,https://api-scuda.uat.oci.krungsri.tech/ords/api/v1/customer/individual/searchprofile,32,0,18
1779799490860,13,SearchIndividual,200,OK,SearchIndividual 2-25,text,true,,1179,2602,58,151,https://api-scuda.uat.oci.krungsri.tech/ords/api/v1/customer/individual/searchprofile,13,0,0
1779799490727,111,SearchIndividual,200,OK,SearchIndividual 2-41,text,true,,1143,2600,58,151,https://api-scuda.uat.oci.krungsri.tech/ords/api/v1/customer/individual/searchprofile,110,0,80
1779799490743,96,SearchIndividual,200,OK,SearchIndividual 2-48,text,true,,1177,2602,58,151,https://api-scuda.uat.oci.krungsri.tech/ords/api/v1/customer/individual/searchprofile,96,0,84
1779799490903,64,SearchIndividual,200,OK,SearchIndividual 2-36,text,true,,1201,2602,4,89,https://api-scuda.uat.oci.krungsri.tech/ords/api/v1/customer/individual/searchprofile,64,0,51
1779799490928,42,SearchIndividual,200,OK,SearchIndividual 2-57,text,true,,1195,2602,3,88,https://api-scuda.uat.oci.krungsri.tech/ords/api/v1/customer/individual/searchprofile,42,0,30
1779799490920,52,SearchIndividual,200,OK,SearchIndividual 2-29,text,true,,1139,2602,2,87,https://api-scuda.uat.oci.krungsri.tech/ords/api/v1/customer/individual/searchprofile,52,0,39
1779799490917,58,SearchIndividual,200,OK,SearchIndividual 2-33,text,true,,1161,2602,1,86,https://api-scuda.uat.oci.krungsri.tech/ords/api/v1/customer/individual/searchprofile,58,0,44
1779799490965,41,SearchJuristic,200,OK,SearchJuristic 6-5,text,true,,991,2600,1,85,https://api-scuda.uat.oci.krungsri.tech/ords/api/v1/customer/juristic/searchprofile,40,0,27
1779799491016,29,SearchIndividual,200,OK,SearchIndividual 2-70,text,true,,1176,2601,2,86,https://api-scuda.uat.oci.krungsri.tech/ords/api/v1/customer/individual/searchprofile,29,0,16
1779799491036,28,SearchIndividual,200,OK,SearchIndividual 2-71,text,true,,1205,2602,3,87,https://api-scuda.uat.oci.krungsri.tech/ords/api/v1/customer/individual/searchprofile,28,0,12
1779799491054,35,SearchIndividual,200,OK,SearchIndividual 2-72,text,true,,1141,2602,3,87,https://api-scuda.uat.oci.krungsri.tech/ords/api/v1/customer/individual/searchprofile,35,0,22
1779799491060,36,SearchIndividual,200,OK,SearchIndividual 2-73,text,true,,1215,2602,2,86,https://api-scuda.uat.oci.krungsri.tech/ords/api/v1/customer/individual/searchprofile,36,0,24
1779799491077,68,SearchIndividual,200,OK,SearchIndividual 2-74,text,true,,1155,2602,3,87,https://api-scuda.uat.oci.krungsri.tech/ords/api/v1/customer/individual/searchprofile,68,0,55
1779799491138,33,SearchIndividual,200,OK,SearchIndividual 2-75,text,true,,1206,2601,2,86,https://api-scuda.uat.oci.krungsri.tech/ords/api/v1/customer/individual/searchprofile,33,0,21
1779799491141,30,SearchIndividual,200,OK,SearchIndividual 2-76,text,true,,1153,2602,2,86,https://api-scuda.uat.oci.krungsri.tech/ords/api/v1/customer/individual/searchprofile,30,0,15
1779799491254,31,SearchIndividual,200,OK,SearchIndividual 2-78,text,true,,1171,2602,2,86,https://api-scuda.uat.oci.krungsri.tech/ords/api/v1/customer/individual/searchprofile,31,0,17
1779799491256,37,SearchIndividual,200,OK,SearchIndividual 2-77,text,true,,1149,2602,2,86,https://api-scuda.uat.oci.krungsri.tech/ords/api/v1/customer/individual/searchprofile,36,0,24
1779799491289,31,SearchIndividual,200,OK,SearchIndividual 2-79,text,true,,1103,2602,3,87,https://api-scuda.uat.oci.krungsri.tech/ords/api/v1/customer/individual/searchprofile,30,0,18
1779799491315,36,SearchIndividual,200,OK,SearchIndividual 2-81,text,true,,1121,2602,4,88,https://api-scuda.uat.oci.krungsri.tech/ords/api/v1/customer/individual/searchprofile,36,0,23
1779799491311,42,SearchIndividual,200,OK,SearchIndividual 2-80,text,true,,1176,2601,4,88,https://api-scuda.uat.oci.krungsri.tech/ords/api/v1/customer/individual/searchprofile,42,0,27
1779799491334,40,SearchIndividual,200,OK,SearchIndividual 2-82,text,true,,1185,2602,2,86,https://api-scuda.uat.oci.krungsri.tech/ords/api/v1/customer/individual/searchprofile,40,0,26
1779799491347,35,SearchIndividual,200,OK,SearchIndividual 2-83,text,true,,1159,2602,1,85,https://api-scuda.uat.oci.krungsri.tech/ords/api/v1/customer/individual/searchprofile,35,0,22
1779799491406,42,SearchIndividual,200,OK,SearchIndividual 2-84,text,true,,1185,2602,5,94,https://api-scuda.uat.oci.krungsri.tech/ords/api/v1/customer/individual/searchprofile,42,0,27
1779799491416,38,SearchIndividual,200,OK,SearchIndividual 2-59,text,true,,1145,2602,4,93,https://api-scuda.uat.oci.krungsri.tech/ords/api/v1/customer/individual/searchprofile,38,0,23
1779799491426,31,SearchIndividual,200,OK,SearchIndividual 2-85,text,true,,1147,2602,4,93,https://api-scuda.uat.oci.krungsri.tech/ords/api/v1/customer/individual/searchprofile,31,0,19
1779799491425,82,SearchIndividual,200,OK,SearchIndividual 2-64,text,true,,1142,2601,2,91,https://api-scuda.uat.oci.krungsri.tech/ords/api/v1/customer/individual/searchprofile,81,0,40
1779799491548,197,SearchIndividual,200,OK,SearchIndividual 2-86,text,true,,1155,2602,15,137,https://api-scuda.uat.oci.krungsri.tech/ords/api/v1/customer/individual/searchprofile,197,0,183
1779799491545,83,SearchIndividual,200,OK,SearchIndividual 2-67,text,true,,1175,2602,10,132,https://api-scuda.uat.oci.krungsri.tech/ords/api/v1/customer/individual/searchprofile,82,0,51
1779799491550,68,SearchIndividual,200,OK,SearchIndividual 2-61,text,true,,1169,2602,10,132,https://api-scuda.uat.oci.krungsri.tech/ords/api/v1/customer/individual/searchprofile,68,0,42
1779799491547,70,SearchIndividual,200,OK,SearchIndividual 2-68,text,true,,1219,2602,10,132,https://api-scuda.uat.oci.krungsri.tech/ords/api/v1/customer/individual/searchprofile,70,0,44
1779799491552,46,SearchIndividual,200,OK,SearchIndividual 2-66,text,true,,1175,2602,10,132,https://api-scuda.uat.oci.krungsri.tech/ords/api/v1/customer/individual/searchprofile,46,0,28
1779799491545,44,SearchIndividual,200,OK,SearchIndividual 2-69,text,true,,1241,2602,10,132,https://api-scuda.uat.oci.krungsri.tech/ords/api/v1/customer/individual/searchprofile,44,0,29
1779799491573,25,SearchIndividual,200,OK,SearchIndividual 2-62,text,true,,1173,2602,10,132,https://api-scuda.uat.oci.krungsri.tech/ords/api/v1/customer/individual/searchprofile,25,0,13
1779799491548,31,SearchIndividual,200,OK,SearchIndividual 2-60,text,true,,1175,2602,10,132,https://api-scuda.uat.oci.krungsri.tech/ords/api/v1/customer/individual/searchprofile,31,0,16
1779799491548,30,SearchIndividual,200,OK,SearchIndividual 2-63,text,true,,1167,2602,10,132,https://api-scuda.uat.oci.krungsri.tech/ords/api/v1/customer/individual/searchprofile,30,0,17
1779799491462,76,SearchIndividual,200,OK,SearchIndividual 2-65,text,true,,1135,2602,10,129,https://api-scuda.uat.oci.krungsri.tech/ords/api/v1/customer/individual/searchprofile,76,0,63
1779799491748,31,SearchIndividual,200,OK,SearchIndividual 2-88,text,true,,1107,2602,6,128,https://api-scuda.uat.oci.krungsri.tech/ords/api/v1/customer/individual/searchprofile,31,0,18
1779799491751,37,SearchIndividual,200,OK,SearchIndividual 2-87,text,true,,1136,2601,5,127,https://api-scuda.uat.oci.krungsri.tech/ords/api/v1/customer/individual/searchprofile,37,0,25
1779799491749,38,SearchIndividual,200,OK,SearchIndividual 2-89,text,true,,1149,2602,5,127,https://api-scuda.uat.oci.krungsri.tech/ords/api/v1/customer/individual/searchprofile,38,0,25
1779799491756,34,SearchIndividual,200,OK,SearchIndividual 2-90,text,true,,1171,2602,5,127,https://api-scuda.uat.oci.krungsri.tech/ords/api/v1/customer/individual/searchprofile,34,0,22
1779799491744,59,SearchJuristic,200,OK,SearchJuristic 6-6,text,true,,979,2600,1,125,https://api-scuda.uat.oci.krungsri.tech/ords/api/v1/customer/juristic/searchprofile,59,0,46
1779799491756,61,SearchIndividual,200,OK,SearchIndividual 2-91,text,true,,1153,2602,3,124,https://api-scuda.uat.oci.krungsri.tech/ords/api/v1/customer/individual/searchprofile,61,0,45
1779799491803,36,SearchIndividual,200,OK,SearchIndividual 2-93,text,true,,1165,2602,2,123,https://api-scuda.uat.oci.krungsri.tech/ords/api/v1/customer/individual/searchprofile,36,0,21
1779799491803,38,SearchIndividual,200,OK,SearchIndividual 2-92,text,true,,1137,2602,1,122,https://api-scuda.uat.oci.krungsri.tech/ords/api/v1/customer/individual/searchprofile,38,0,22
1779799492135,52,SearchIndividual,200,OK,SearchIndividual 2-101,text,true,,1135,2602,13,156,https://api-scuda.uat.oci.krungsri.tech/ords/api/v1/customer/individual/searchprofile,52,0,38
1779799492137,50,SearchIndividual,200,OK,SearchIndividual 2-104,text,true,,1175,2602,13,156,https://api-scuda.uat.oci.krungsri.tech/ords/api/v1/customer/individual/searchprofile,50,0,35
1779799492132,48,SearchIndividual,200,OK,SearchIndividual 2-95,text,true,,1201,2602,12,155,https://api-scuda.uat.oci.krungsri.tech/ords/api/v1/customer/individual/searchprofile,48,0,22
1779799492136,41,SearchJoint,200,OK,SearchJoint 10-6,text,true,,621,2627,1,152,https://api-scuda.uat.oci.krungsri.tech/ords/api/v1/customer/joint/searchprofile,41,0,28
1779799492129,44,SearchIndividual,200,OK,SearchIndividual 2-94,text,true,,1238,2601,12,150,https://api-scuda.uat.oci.krungsri.tech/ords/api/v1/customer/individual/searchprofile,44,0,24
1779799492132,39,SearchIndividual,200,OK,SearchIndividual 2-97,text,true,,1205,2602,12,149,https://api-scuda.uat.oci.krungsri.tech/ords/api/v1/customer/individual/searchprofile,35,0,19
1779799492132,33,SearchIndividual,200,OK,SearchIndividual 2-96,text,true,,1177,2602,12,149,https://api-scuda.uat.oci.krungsri.tech/ords/api/v1/customer/individual/searchprofile,32,0,17
1779799492134,44,SearchIndividual,200,OK,SearchIndividual 2-99,text,true,,1229,2602,12,152,https://api-scuda.uat.oci.krungsri.tech/ords/api/v1/customer/individual/searchprofile,43,0,27
1779799492134,42,SearchIndividual,200,OK,SearchIndividual 2-98,text,true,,1172,2601,12,152,https://api-scuda.uat.oci.krungsri.tech/ords/api/v1/customer/individual/searchprofile,42,0,28
1779799492136,47,SearchIndividual,200,OK,SearchIndividual 2-100,text,true,,1175,2602,12,155,https://api-scuda.uat.oci.krungsri.tech/ords/api/v1/customer/individual/searchprofile,47,0,34
1779799492136,53,SearchIndividual,200,OK,SearchIndividual 2-102,text,true,,1111,2602,13,156,https://api-scuda.uat.oci.krungsri.tech/ords/api/v1/customer/individual/searchprofile,53,0,39
1779799492137,57,SearchIndividual,200,OK,SearchIndividual 2-103,text,true,,1195,2602,4,146,https://api-scuda.uat.oci.krungsri.tech/ords/api/v1/customer/individual/searchprofile,57,0,44
1779799492189,35,SearchIndividual,200,OK,SearchIndividual 2-105,text,true,,1223,2602,3,150,https://api-scuda.uat.oci.krungsri.tech/ords/api/v1/customer/individual/searchprofile,35,0,22
1779799492205,37,SearchIndividual,200,OK,SearchIndividual 2-106,text,true,,1155,2602,2,150,https://api-scuda.uat.oci.krungsri.tech/ords/api/v1/customer/individual/searchprofile,37,0,24
1779799492224,38,SearchIndividual,200,OK,SearchIndividual 2-107,text,true,,1185,2602,2,151,https://api-scuda.uat.oci.krungsri.tech/ords/api/v1/customer/individual/searchprofile,38,0,25
1779799492256,44,SearchIndividual,200,OK,SearchIndividual 2-108,text,true,,1190,2601,2,151,https://api-scuda.uat.oci.krungsri.tech/ords/api/v1/customer/individual/searchprofile,44,0,26
1779799492346,47,SearchIndividual,200,OK,SearchIndividual 2-111,text,true,,1163,2602,7,164,https://api-scuda.uat.oci.krungsri.tech/ords/api/v1/customer/individual/searchprofile,47,0,32
1779799492346,50,SearchIndividual,200,OK,SearchIndividual 2-109,text,true,,1217,2602,7,164,https://api-scuda.uat.oci.krungsri.tech/ords/api/v1/customer/individual/searchprofile,50,0,35
1779799492346,55,SearchIndividual,200,OK,SearchIndividual 2-110,text,true,,1149,2602,6,163,https://api-scuda.uat.oci.krungsri.tech/ords/api/v1/customer/individual/searchprofile,55,0,39
1779799492397,32,SearchIndividual,200,OK,SearchIndividual 2-114,text,true,,1221,2602,4,161,https://api-scuda.uat.oci.krungsri.tech/ords/api/v1/customer/individual/searchprofile,32,0,14
1779799492397,72,SearchIndividual,200,OK,SearchIndividual 2-112,text,true,,1181,2602,4,161,https://api-scuda.uat.oci.krungsri.tech/ords/api/v1/customer/individual/searchprofile,71,0,43
1779799492403,65,SearchIndividual,200,OK,SearchIndividual 2-115,text,true,,1148,2601,4,161,https://api-scuda.uat.oci.krungsri.tech/ords/api/v1/customer/individual/searchprofile,65,0,37
1779799492395,54,SearchIndividual,200,OK,SearchIndividual 2-113,text,true,,1227,2602,4,161,https://api-scuda.uat.oci.krungsri.tech/ords/api/v1/customer/individual/searchprofile,54,0,42
1779799492554,31,SearchIndividual,200,OK,SearchIndividual 2-120,text,true,,1225,2602,5,167,https://api-scuda.uat.oci.krungsri.tech/ords/api/v1/customer/individual/searchprofile,31,0,19
1779799492553,37,SearchIndividual,200,OK,SearchIndividual 2-116,text,true,,1194,2601,4,166,https://api-scuda.uat.oci.krungsri.tech/ords/api/v1/customer/individual/searchprofile,37,0,25
1779799492564,38,SearchIndividual,200,OK,SearchIndividual 2-119,text,true,,1167,2602,4,166,https://api-scuda.uat.oci.krungsri.tech/ords/api/v1/customer/individual/searchprofile,38,0,25
1779799492553,51,SearchIndividual,200,OK,SearchIndividual 2-118,text,true,,1137,2602,4,166,https://api-scuda.uat.oci.krungsri.tech/ords/api/v1/customer/individual/searchprofile,51,0,36
1779799492553,68,SearchIndividual,200,OK,SearchIndividual 2-117,text,true,,1220,2601,2,165,https://api-scuda.uat.oci.krungsri.tech/ords/api/v1/customer/individual/searchprofile,68,0,45
1779799492603,33,SearchIndividual,200,OK,SearchIndividual 2-121,text,true,,1135,2602,1,165,https://api-scuda.uat.oci.krungsri.tech/ords/api/v1/customer/individual/searchprofile,30,0,15
1779799492662,35,SearchIndividual,200,OK,SearchIndividual 2-123,text,true,,1175,2602,4,169,https://api-scuda.uat.oci.krungsri.tech/ords/api/v1/customer/individual/searchprofile,35,0,18
1779799492677,42,SearchIndividual,200,OK,SearchIndividual 2-124,text,true,,1143,2602,4,169,https://api-scuda.uat.oci.krungsri.tech/ords/api/v1/customer/individual/searchprofile,42,0,31
1779799492662,88,SearchIndividual,200,OK,SearchIndividual 2-122,text,true,,1229,2602,3,170,https://api-scuda.uat.oci.krungsri.tech/ords/api/v1/customer/individual/searchprofile,88,0,65
1779799492691,59,SearchIndividual,200,OK,SearchIndividual 2-125,text,true,,1153,2602,3,170,https://api-scuda.uat.oci.krungsri.tech/ords/api/v1/customer/individual/searchprofile,59,0,42
1779799492714,42,SearchIndividual,200,OK,SearchIndividual 2-126,text,true,,1134,2601,4,171,https://api-scuda.uat.oci.krungsri.tech/ords/api/v1/customer/individual/searchprofile,42,0,30
1779799492764,40,SearchIndividual,200,OK,SearchIndividual 2-127,text,true,,1159,2602,2,169,https://api-scuda.uat.oci.krungsri.tech/ords/api/v1/customer/individual/searchprofile,40,0,26
1779799492810,37,SearchIndividual,200,OK,SearchIndividual 2-128,text,true,,1157,2602,2,175,https://api-scuda.uat.oci.krungsri.tech/ords/api/v1/customer/individual/searchprofile,37,0,21
1779799492849,58,SearchIndividual,200,OK,SearchIndividual 2-129,text,true,,1193,2602,4,178,https://api-scuda.uat.oci.krungsri.tech/ords/api/v1/customer/individual/searchprofile,58,0,39
1779799492871,49,SearchIndividual,200,OK,SearchIndividual 2-131,text,true,,1200,2601,4,179,https://api-scuda.uat.oci.krungsri.tech/ords/api/v1/customer/individual/searchprofile,49,0,34
1779799492872,53,SearchIndividual,200,OK,SearchIndividual 2-132,text,true,,1195,2602,3,178,https://api-scuda.uat.oci.krungsri.tech/ords/api/v1/customer/individual/searchprofile,53,0,38
1779799492871,71,SearchIndividual,200,OK,SearchIndividual 2-130,text,true,,1124,2601,2,179,https://api-scuda.uat.oci.krungsri.tech/ords/api/v1/customer/individual/searchprofile,71,0,52
1779799492958,39,SearchIndividual,200,OK,SearchIndividual 2-134,text,true,,1221,2602,4,183,https://api-scuda.uat.oci.krungsri.tech/ords/api/v1/customer/individual/searchprofile,38,0,22
1779799492930,55,SearchIndividual,200,OK,SearchIndividual 2-133,text,true,,1205,2602,3,181,https://api-scuda.uat.oci.krungsri.tech/ords/api/v1/customer/individual/searchprofile,54,0,24
1779799490913,2082,GetIndividual,429,Too Many Requests,GetIndividual 1-26,text,false,,600,3588,79,183,https://api-scuda.uat.oci.krungsri.tech/ic/api/v1/customer/individual/getprofile,2082,0,30
1779799493116,35,SearchIndividual,200,OK,SearchIndividual 2-135,text,true,,1185,2602,5,191,https://api-scuda.uat.oci.krungsri.tech/ords/api/v1/customer/individual/searchprofile,35,0,24
1779799493116,29,SearchJoint,200,OK,SearchJoint 10-7,text,true,,621,2627,1,191,https://api-scuda.uat.oci.krungsri.tech/ords/api/v1/customer/joint/searchprofile,29,0,18
1779799493113,37,SearchIndividual,200,OK,SearchIndividual 2-137,text,true,,1161,2602,5,191,https://api-scuda.uat.oci.krungsri.tech/ords/api/v1/customer/individual/searchprofile,34,0,17
1779799493114,30,SearchIndividual,200,OK,SearchIndividual 2-136,text,true,,1255,2602,5,191,https://api-scuda.uat.oci.krungsri.tech/ords/api/v1/customer/individual/searchprofile,30,0,17
1779799493114,31,SearchJuristic,200,OK,SearchJuristic 6-7,text,true,,977,2600,1,191,https://api-scuda.uat.oci.krungsri.tech/ords/api/v1/customer/juristic/searchprofile,30,0,17
1779799493113,54,SearchIndividual,200,OK,SearchIndividual 2-138,text,true,,1165,2602,6,193,https://api-scuda.uat.oci.krungsri.tech/ords/api/v1/customer/individual/searchprofile,53,0,38
1779799493139,27,SearchIndividual,200,OK,SearchIndividual 2-139,text,true,,1171,2602,6,193,https://api-scuda.uat.oci.krungsri.tech/ords/api/v1/customer/individual/searchprofile,27,0,16
1779799493187,33,SearchIndividual,200,OK,SearchIndividual 2-140,text,true,,1151,2602,1,190,https://api-scuda.uat.oci.krungsri.tech/ords/api/v1/customer/individual/searchprofile,33,0,20
1779799491551,1742,GetIndividual,429,Too Many Requests,GetIndividual 1-39,text,false,,600,3588,85,192,https://api-scuda.uat.oci.krungsri.tech/ic/api/v1/customer/individual/getprofile,1742,0,179
1779799493295,50,SearchIndividual,200,OK,SearchIndividual 2-142,text,true,,1205,2602,4,197,https://api-scuda.uat.oci.krungsri.tech/ords/api/v1/customer/individual/searchprofile,50,0,36
1779799493284,128,SearchIndividual,200,OK,SearchIndividual 2-141,text,true,,1245,2602,4,197,https://api-scuda.uat.oci.krungsri.tech/ords/api/v1/customer/individual/searchprofile,128,0,94
1779799493334,38,SearchIndividual,200,OK,SearchIndividual 2-143,text,true,,1157,2602,4,197,https://api-scuda.uat.oci.krungsri.tech/ords/api/v1/customer/individual/searchprofile,37,0,25
1779799490739,2658,GetJuristic,429,Too Many Requests,GetJuristic 5-3,text,false,,596,3533,7,197,https://api-scuda.uat.oci.krungsri.tech/ic/api/v1/customer/juristic/getprofile,2658,0,0
1779799490740,2758,GetIndividual,429,Too Many Requests,GetIndividual 1-27,text,false,,600,3588,90,206,https://api-scuda.uat.oci.krungsri.tech/ic/api/v1/customer/individual/getprofile,2758,0,68
1779799490876,2627,GetIndividual,429,Too Many Requests,GetIndividual 1-14,text,false,,600,3588,90,207,https://api-scuda.uat.oci.krungsri.tech/ic/api/v1/customer/individual/getprofile,2626,0,0
1779799493485,40,SearchIndividual,200,OK,SearchIndividual 2-149,text,true,,1203,2602,10,207,https://api-scuda.uat.oci.krungsri.tech/ords/api/v1/customer/individual/searchprofile,39,0,24
1779799493485,40,SearchIndividual,200,OK,SearchIndividual 2-147,text,true,,1121,2602,10,207,https://api-scuda.uat.oci.krungsri.tech/ords/api/v1/customer/individual/searchprofile,40,0,28
1779799493487,46,SearchIndividual,200,OK,SearchIndividual 2-146,text,true,,1185,2602,9,207,https://api-scuda.uat.oci.krungsri.tech/ords/api/v1/customer/individual/searchprofile,45,0,31
1779799493499,50,SearchIndividual,200,OK,SearchIndividual 2-151,text,true,,1155,2602,8,206,https://api-scuda.uat.oci.krungsri.tech/ords/api/v1/customer/individual/searchprofile,50,0,34
1779799493448,109,SearchIndividual,200,OK,SearchIndividual 2-144,text,true,,1133,2602,7,205,https://api-scuda.uat.oci.krungsri.tech/ords/api/v1/customer/individual/searchprofile,109,0,87
1779799493487,109,SearchIndividual,200,OK,SearchIndividual 2-148,text,true,,1179,2602,7,205,https://api-scuda.uat.oci.krungsri.tech/ords/api/v1/customer/individual/searchprofile,109,0,72
1779799493587,43,SearchIndividual,200,OK,SearchIndividual 2-154,text,true,,1166,2601,6,204,https://api-scuda.uat.oci.krungsri.tech/ords/api/v1/customer/individual/searchprofile,43,0,29
1779799493527,151,SearchIndividual,200,OK,SearchIndividual 2-152,text,true,,1177,2602,6,204,https://api-scuda.uat.oci.krungsri.tech/ords/api/v1/customer/individual/searchprofile,151,0,48
1779799493485,193,SearchIndividual,200,OK,SearchIndividual 2-150,text,true,,1133,2602,6,204,https://api-scuda.uat.oci.krungsri.tech/ords/api/v1/customer/individual/searchprofile,193,0,99
1779799493617,94,SearchIndividual,200,OK,SearchIndividual 2-155,text,true,,1215,2602,6,217,https://api-scuda.uat.oci.krungsri.tech/ords/api/v1/customer/individual/searchprofile,94,0,80
1779799493481,243,SearchIndividual,200,OK,SearchIndividual 2-145,text,true,,1203,2600,7,218,https://api-scuda.uat.oci.krungsri.tech/ords/api/v1/customer/individual/searchprofile,243,0,149
1779799493541,219,SearchIndividual,200,OK,SearchIndividual 2-153,text,true,,1180,2601,6,224,https://api-scuda.uat.oci.krungsri.tech/ords/api/v1/customer/individual/searchprofile,218,0,92
1779799493728,35,SearchIndividual,200,OK,SearchIndividual 2-157,text,true,,1189,2602,6,224,https://api-scuda.uat.oci.krungsri.tech/ords/api/v1/customer/individual/searchprofile,35,0,19
1779799493733,47,SearchIndividual,200,OK,SearchIndividual 2-158,text,true,,1201,2602,5,224,https://api-scuda.uat.oci.krungsri.tech/ords/api/v1/customer/individual/searchprofile,47,0,35
1779799493757,33,SearchIndividual,200,OK,SearchIndividual 2-156,text,true,,1191,2602,5,224,https://api-scuda.uat.oci.krungsri.tech/ords/api/v1/customer/individual/searchprofile,33,0,20
1779799493827,44,SearchIndividual,200,OK,SearchIndividual 2-161,text,true,,1115,2602,7,229,https://api-scuda.uat.oci.krungsri.tech/ords/api/v1/customer/individual/searchprofile,44,0,25
1779799493803,77,SearchIndividual,200,OK,SearchIndividual 2-159,text,true,,1164,2601,6,228,https://api-scuda.uat.oci.krungsri.tech/ords/api/v1/customer/individual/searchprofile,77,0,54
1779799493827,66,SearchIndividual,200,OK,SearchIndividual 2-160,text,true,,1125,2602,7,229,https://api-scuda.uat.oci.krungsri.tech/ords/api/v1/customer/individual/searchprofile,65,0,48
1779799493827,71,SearchIndividual,200,OK,SearchIndividual 2-162,text,true,,1183,2602,6,228,https://api-scuda.uat.oci.krungsri.tech/ords/api/v1/customer/individual/searchprofile,71,0,46
1779799493832,69,SearchIndividual,200,OK,SearchIndividual 2-163,text,true,,1239,2602,5,227,https://api-scuda.uat.oci.krungsri.tech/ords/api/v1/customer/individual/searchprofile,68,0,40
1779799493859,66,SearchIndividual,200,OK,SearchIndividual 2-164,text,true,,1210,2601,5,228,https://api-scuda.uat.oci.krungsri.tech/ords/api/v1/customer/individual/searchprofile,66,0,49
1779799493870,70,SearchIndividual,200,OK,SearchIndividual 2-165,text,true,,1185,2602,5,228,https://api-scuda.uat.oci.krungsri.tech/ords/api/v1/customer/individual/searchprofile,70,0,57
1779799493900,46,SearchIndividual,200,OK,SearchIndividual 2-167,text,true,,1163,2602,5,228,https://api-scuda.uat.oci.krungsri.tech/ords/api/v1/customer/individual/searchprofile,46,0,27
1779799493900,47,SearchIndividual,200,OK,SearchIndividual 2-166,text,true,,1135,2602,5,228,https://api-scuda.uat.oci.krungsri.tech/ords/api/v1/customer/individual/searchprofile,47,0,32
1779799490913,3081,GetIndividual,429,Too Many Requests,GetIndividual 1-9,text,false,,600,3588,102,229,https://api-scuda.uat.oci.krungsri.tech/ic/api/v1/customer/individual/getprofile,3081,0,0
1779799490818,3178,GetIndividual,429,Too Many Requests,GetIndividual 1-11,text,false,,600,3588,102,229,https://api-scuda.uat.oci.krungsri.tech/ic/api/v1/customer/individual/getprofile,3178,0,0
1779799490814,3183,GetJuristic,429,Too Many Requests,GetJuristic 5-1,text,false,,596,3533,7,229,https://api-scuda.uat.oci.krungsri.tech/ic/api/v1/customer/juristic/getprofile,3183,0,0
1779799491552,2456,GetIndividual,429,Too Many Requests,GetIndividual 1-45,text,false,,600,3588,100,226,https://api-scuda.uat.oci.krungsri.tech/ic/api/v1/customer/individual/getprofile,2456,0,29
1779799493998,27,SearchIndividual,200,OK,SearchIndividual 2-170,text,true,,1227,2602,5,226,https://api-scuda.uat.oci.krungsri.tech/ords/api/v1/customer/individual/searchprofile,27,0,13
1779799493988,37,SearchIndividual,200,OK,SearchIndividual 2-168,text,true,,1189,2602,5,226,https://api-scuda.uat.oci.krungsri.tech/ords/api/v1/customer/individual/searchprofile,37,0,25
1779799494008,28,SearchIndividual,200,OK,SearchIndividual 2-169,text,true,,1149,2602,3,225,https://api-scuda.uat.oci.krungsri.tech/ords/api/v1/customer/individual/searchprofile,28,0,16
1779799494011,40,SearchIndividual,200,OK,SearchIndividual 2-172,text,true,,1157,2602,3,225,https://api-scuda.uat.oci.krungsri.tech/ords/api/v1/customer/individual/searchprofile,40,0,23
1779799494032,34,SearchIndividual,200,OK,SearchIndividual 2-171,text,true,,1147,2602,2,225,https://api-scuda.uat.oci.krungsri.tech/ords/api/v1/customer/individual/searchprofile,34,0,23
1779799494127,26,SearchIndividual,200,OK,SearchIndividual 2-173,text,true,,1135,2602,2,228,https://api-scuda.uat.oci.krungsri.tech/ords/api/v1/customer/individual/searchprofile,26,0,13
1779799494129,59,SearchIndividual,200,OK,SearchIndividual 2-174,text,true,,1141,2602,3,229,https://api-scuda.uat.oci.krungsri.tech/ords/api/v1/customer/individual/searchprofile,58,0,27
1779799494129,60,SearchJoint,200,OK,SearchJoint 10-8,text,true,,621,2627,1,229,https://api-scuda.uat.oci.krungsri.tech/ords/api/v1/customer/joint/searchprofile,60,0,27
1779799490899,3302,GetIndividual,429,Too Many Requests,GetIndividual 1-8,text,false,,600,3588,102,233,https://api-scuda.uat.oci.krungsri.tech/ic/api/v1/customer/individual/getprofile,3302,0,0
1779799494206,17,UpdateIndividual,429,Too Many Requests,UpdateIndividual 4-44,text,false,,417,5648,70,232,https://api-scuda.uat.oci.krungsri.tech/ic/api/v1/customer/individual/updateprofile,17,0,15
1779799494193,30,UpdateIndividual,429,Too Many Requests,UpdateIndividual 4-10,text,false,,417,5623,70,232,https://api-scuda.uat.oci.krungsri.tech/ic/api/v1/customer/individual/updateprofile,30,0,28
1779799494205,21,UpdateIndividual,429,Too Many Requests,UpdateIndividual 4-29,text,false,,417,5551,70,231,https://api-scuda.uat.oci.krungsri.tech/ic/api/v1/customer/individual/updateprofile,21,0,19
1779799494204,23,UpdateIndividual,429,Too Many Requests,UpdateIndividual 4-28,text,false,,417,5626,70,231,https://api-scuda.uat.oci.krungsri.tech/ic/api/v1/customer/individual/updateprofile,23,0,21
1779799494204,23,UpdateIndividual,429,Too Many Requests,UpdateIndividual 4-48,text,false,,417,5590,70,231,https://api-scuda.uat.oci.krungsri.tech/ic/api/v1/customer/individual/updateprofile,23,0,21
1779799494224,4,UpdateIndividual,429,Too Many Requests,UpdateIndividual 4-3,text,false,,417,5610,71,232,https://api-scuda.uat.oci.krungsri.tech/ic/api/v1/customer/individual/updateprofile,4,0,0
1779799494240,25,GetIndividual,429,Too Many Requests,GetIndividual 1-109,text,false,,417,3588,102,230,https://api-scuda.uat.oci.krungsri.tech/ic/api/v1/customer/individual/getprofile,25,0,23
1779799494240,28,SearchIndividual,429,Too Many Requests,SearchIndividual 2-179,text,false,,417,2602,7,230,https://api-scuda.uat.oci.krungsri.tech/ords/api/v1/customer/individual/searchprofile,28,0,25
1779799494242,29,SearchIndividual,429,Too Many Requests,SearchIndividual 2-175,text,false,,417,2602,7,231,https://api-scuda.uat.oci.krungsri.tech/ords/api/v1/customer/individual/searchprofile,29,0,27
1779799494240,32,SearchIndividual,429,Too Many Requests,SearchIndividual 2-176,text,false,,417,2601,7,231,https://api-scuda.uat.oci.krungsri.tech/ords/api/v1/customer/individual/searchprofile,32,0,30
1779799494244,29,SearchIndividual,429,Too Many Requests,SearchIndividual 2-180,text,false,,417,2602,6,229,https://api-scuda.uat.oci.krungsri.tech/ords/api/v1/customer/individual/searchprofile,29,0,27
1779799494237,40,SearchJuristic,200,OK,SearchJuristic 6-8,text,true,,1015,2600,1,227,https://api-scuda.uat.oci.krungsri.tech/ords/api/v1/customer/juristic/searchprofile,40,0,27
1779799494240,41,SearchIndividual,200,OK,SearchIndividual 2-178,text,true,,1237,2602,3,226,https://api-scuda.uat.oci.krungsri.tech/ords/api/v1/customer/individual/searchprofile,39,0,21
1779799494280,17,GetIndividual,429,Too Many Requests,GetIndividual 1-111,text,false,,417,3588,102,227,https://api-scuda.uat.oci.krungsri.tech/ic/api/v1/customer/individual/getprofile,17,0,14
1779799494240,61,SearchIndividual,200,OK,SearchIndividual 2-177,text,true,,1138,2601,4,226,https://api-scuda.uat.oci.krungsri.tech/ords/api/v1/customer/individual/searchprofile,61,0,49
1779799494269,39,SearchIndividual,200,OK,SearchIndividual 2-181,text,true,,1137,2602,3,225,https://api-scuda.uat.oci.krungsri.tech/ords/api/v1/customer/individual/searchprofile,39,0,25
1779799494286,30,SearchIndividual,200,OK,SearchIndividual 2-182,text,true,,1217,2602,2,225,https://api-scuda.uat.oci.krungsri.tech/ords/api/v1/customer/individual/searchprofile,30,0,15
1779799494288,30,SearchIndividual,200,OK,SearchIndividual 2-183,text,true,,1193,2602,1,224,https://api-scuda.uat.oci.krungsri.tech/ords/api/v1/customer/individual/searchprofile,29,0,16
1779799494325,23,SearchIndividual,429,Too Many Requests,SearchIndividual 2-184,text,false,,417,2602,1,227,https://api-scuda.uat.oci.krungsri.tech/ords/api/v1/customer/individual/searchprofile,23,0,21
1779799494339,19,GetIndividual,429,Too Many Requests,GetIndividual 1-113,text,false,,417,3588,103,226,https://api-scuda.uat.oci.krungsri.tech/ic/api/v1/customer/individual/getprofile,19,0,16
1779799494356,20,UpdateIndividual,429,Too Many Requests,UpdateIndividual 4-74,text,false,,417,5585,68,226,https://api-scuda.uat.oci.krungsri.tech/ic/api/v1/customer/individual/updateprofile,20,0,18
1779799494390,34,SearchIndividual,200,OK,SearchIndividual 2-186,text,true,,1109,2602,4,231,https://api-scuda.uat.oci.krungsri.tech/ords/api/v1/customer/individual/searchprofile,34,0,21
1779799494384,40,SearchIndividual,200,OK,SearchIndividual 2-185,text,true,,1199,2602,4,231,https://api-scuda.uat.oci.krungsri.tech/ords/api/v1/customer/individual/searchprofile,40,0,23
1779799494395,35,SearchIndividual,200,OK,SearchIndividual 2-188,text,true,,1143,2602,2,229,https://api-scuda.uat.oci.krungsri.tech/ords/api/v1/customer/individual/searchprofile,35,0,23
1779799494391,40,SearchIndividual,200,OK,SearchIndividual 2-187,text,true,,1149,2602,2,229,https://api-scuda.uat.oci.krungsri.tech/ords/api/v1/customer/individual/searchprofile,39,0,28
1779799494454,29,SearchIndividual,200,OK,SearchIndividual 2-189,text,true,,1171,2602,3,232,https://api-scuda.uat.oci.krungsri.tech/ords/api/v1/customer/individual/searchprofile,29,0,17
1779799494486,27,SearchIndividual,429,Too Many Requests,SearchIndividual 2-191,text,false,,417,2602,2,234,https://api-scuda.uat.oci.krungsri.tech/ords/api/v1/customer/individual/searchprofile,26,0,24
1779799494479,59,SearchIndividual,200,OK,SearchIndividual 2-190,text,true,,1197,2602,1,233,https://api-scuda.uat.oci.krungsri.tech/ords/api/v1/customer/individual/searchprofile,59,0,37
1779799494514,24,UpdateIndividual,429,Too Many Requests,UpdateIndividual 4-79,text,false,,417,5577,72,233,https://api-scuda.uat.oci.krungsri.tech/ic/api/v1/customer/individual/updateprofile,24,0,22
1779799494556,29,SearchIndividual,200,OK,SearchIndividual 2-192,text,true,,1163,2602,1,235,https://api-scuda.uat.oci.krungsri.tech/ords/api/v1/customer/individual/searchprofile,29,0,16
1779799490737,3964,GetJoint,429,Too Many Requests,GetJoint 9-2,text,false,,590,3530,8,240,https://api-scuda.uat.oci.krungsri.tech/ic/api/v1/customer/joint/getprofile,3964,0,0
1779799494661,39,SearchIndividual,200,OK,SearchIndividual 2-194,text,true,,1207,2602,3,240,https://api-scuda.uat.oci.krungsri.tech/ords/api/v1/customer/individual/searchprofile,39,0,27
1779799490817,3876,GetJuristic,429,Too Many Requests,GetJuristic 5-4,text,false,,596,3533,7,240,https://api-scuda.uat.oci.krungsri.tech/ic/api/v1/customer/juristic/getprofile,3876,0,38
1779799494660,29,SearchIndividual,200,OK,SearchIndividual 2-193,text,true,,1235,2602,3,238,https://api-scuda.uat.oci.krungsri.tech/ords/api/v1/customer/individual/searchprofile,29,0,17
1779799494693,45,SearchIndividual,200,OK,SearchIndividual 2-195,text,true,,1171,2602,2,239,https://api-scuda.uat.oci.krungsri.tech/ords/api/v1/customer/individual/searchprofile,45,0,28
1779799494715,35,SearchIndividual,200,OK,SearchIndividual 2-196,text,true,,1147,2602,2,239,https://api-scuda.uat.oci.krungsri.tech/ords/api/v1/customer/individual/searchprofile,35,0,22
1779799494742,36,SearchIndividual,200,OK,SearchIndividual 2-197,text,true,,1135,2602,3,242,https://api-scuda.uat.oci.krungsri.tech/ords/api/v1/customer/individual/searchprofile,36,0,22
1779799494778,32,GetIndividual,429,Too Many Requests,GetIndividual 1-119,text,false,,417,3587,109,243,https://api-scuda.uat.oci.krungsri.tech/ic/api/v1/customer/individual/getprofile,32,0,29
1779799494782,34,SearchIndividual,200,OK,SearchIndividual 2-198,text,true,,1232,2601,3,243,https://api-scuda.uat.oci.krungsri.tech/ords/api/v1/customer/individual/searchprofile,34,0,22
1779799494780,45,SearchIndividual,200,OK,SearchIndividual 2-199,text,true,,1176,2601,2,244,https://api-scuda.uat.oci.krungsri.tech/ords/api/v1/customer/individual/searchprofile,44,0,26
1779799494817,33,SearchIndividual,200,OK,SearchIndividual 2-200,text,true,,1181,2602,3,249,https://api-scuda.uat.oci.krungsri.tech/ords/api/v1/customer/individual/searchprofile,33,0,21
1779799494836,36,SearchIndividual,200,OK,SearchIndividual 2-201,text,true,,1151,2602,2,250,https://api-scuda.uat.oci.krungsri.tech/ords/api/v1/customer/individual/searchprofile,36,0,23
1779799494853,48,SearchIndividual,200,OK,SearchIndividual 2-202,text,true,,1209,2602,4,253,https://api-scuda.uat.oci.krungsri.tech/ords/api/v1/customer/individual/searchprofile,47,0,17
1779799490734,4174,GetJoint,429,Too Many Requests,GetJoint 9-3,text,false,,590,3530,8,252,https://api-scuda.uat.oci.krungsri.tech/ic/api/v1/customer/joint/getprofile,4174,0,0
1779799494894,36,SearchIndividual,200,OK,SearchIndividual 2-205,text,true,,1184,2601,3,253,https://api-scuda.uat.oci.krungsri.tech/ords/api/v1/customer/individual/searchprofile,36,0,22
1779799494888,46,SearchIndividual,200,OK,SearchIndividual 2-204,text,true,,1183,2602,2,252,https://api-scuda.uat.oci.krungsri.tech/ords/api/v1/customer/individual/searchprofile,45,0,26
1779799494874,72,SearchIndividual,200,OK,SearchIndividual 2-203,text,true,,1133,2602,3,253,https://api-scuda.uat.oci.krungsri.tech/ords/api/v1/customer/individual/searchprofile,72,0,36
1779799494928,29,GetIndividual,429,Too Many Requests,GetIndividual 1-125,text,false,,417,3588,115,255,https://api-scuda.uat.oci.krungsri.tech/ic/api/v1/customer/individual/getprofile,29,0,25
1779799494943,17,SearchIndividual,429,Too Many Requests,SearchIndividual 2-207,text,false,,417,2602,3,254,https://api-scuda.uat.oci.krungsri.tech/ords/api/v1/customer/individual/searchprofile,17,0,15
1779799494935,25,UpdateIndividual,429,Too Many Requests,UpdateIndividual 4-88,text,false,,417,5589,80,255,https://api-scuda.uat.oci.krungsri.tech/ic/api/v1/customer/individual/updateprofile,25,0,23
1779799494967,26,SearchIndividual,429,Too Many Requests,SearchIndividual 2-209,text,false,,417,2602,5,257,https://api-scuda.uat.oci.krungsri.tech/ords/api/v1/customer/individual/searchprofile,26,0,24
1779799490823,4173,GetJuristic,429,Too Many Requests,GetJuristic 5-2,text,false,,596,3533,6,257,https://api-scuda.uat.oci.krungsri.tech/ic/api/v1/customer/juristic/getprofile,4173,0,0
1779799490827,4176,GetIndividual,429,Too Many Requests,GetIndividual 1-20,text,false,,600,3586,116,255,https://api-scuda.uat.oci.krungsri.tech/ic/api/v1/customer/individual/getprofile,4176,0,15
1779799494972,31,SearchIndividual,200,OK,SearchIndividual 2-210,text,true,,1207,2600,4,255,https://api-scuda.uat.oci.krungsri.tech/ords/api/v1/customer/individual/searchprofile,31,0,18
1779799494996,15,SearchIndividual,429,Too Many Requests,SearchIndividual 2-211,text,false,,417,2602,3,253,https://api-scuda.uat.oci.krungsri.tech/ords/api/v1/customer/individual/searchprofile,15,0,13
1779799494959,103,SearchIndividual,200,OK,SearchIndividual 2-208,text,true,,1181,2602,5,256,https://api-scuda.uat.oci.krungsri.tech/ords/api/v1/customer/individual/searchprofile,103,0,61
1779799494940,127,SearchIndividual,200,OK,SearchIndividual 2-206,text,true,,1191,2602,4,255,https://api-scuda.uat.oci.krungsri.tech/ords/api/v1/customer/individual/searchprofile,127,0,41
1779799495045,25,SearchIndividual,429,Too Many Requests,SearchIndividual 2-214,text,false,,417,2602,3,254,https://api-scuda.uat.oci.krungsri.tech/ords/api/v1/customer/individual/searchprofile,25,0,23
1779799495025,96,SearchIndividual,200,OK,SearchIndividual 2-213,text,true,,1207,2602,5,258,https://api-scuda.uat.oci.krungsri.tech/ords/api/v1/customer/individual/searchprofile,96,0,52
1779799495019,152,SearchIndividual,200,OK,SearchIndividual 2-212,text,true,,1245,2602,4,257,https://api-scuda.uat.oci.krungsri.tech/ords/api/v1/customer/individual/searchprofile,152,0,74
1779799495123,84,SearchIndividual,200,OK,SearchIndividual 2-217,text,true,,1191,2602,8,264,https://api-scuda.uat.oci.krungsri.tech/ords/api/v1/customer/individual/searchprofile,83,0,70
1779799490732,4466,GetIndividual,429,Too Many Requests,GetIndividual 1-23,text,false,,600,3588,119,264,https://api-scuda.uat.oci.krungsri.tech/ic/api/v1/customer/individual/getprofile,4466,0,60
1779799491548,3648,GetIndividual,429,Too Many Requests,GetIndividual 1-42,text,false,,600,3588,119,264,https://api-scuda.uat.oci.krungsri.tech/ic/api/v1/customer/individual/getprofile,3648,0,176
1779799495184,33,SearchIndividual,200,OK,SearchIndividual 2-220,text,true,,1174,2601,10,266,https://api-scuda.uat.oci.krungsri.tech/ords/api/v1/customer/individual/searchprofile,33,0,22
1779799495192,25,SearchJoint,429,Too Many Requests,SearchJoint 10-9,text,false,,417,2627,1,266,https://api-scuda.uat.oci.krungsri.tech/ords/api/v1/customer/joint/searchprofile,25,0,22
1779799490874,4332,GetIndividual,429,Too Many Requests,GetIndividual 1-4,text,false,,600,3588,119,264,https://api-scuda.uat.oci.krungsri.tech/ic/api/v1/customer/individual/getprofile,4331,0,0
1779799495118,101,SearchIndividual,200,OK,SearchIndividual 2-215,text,true,,1161,2602,9,263,https://api-scuda.uat.oci.krungsri.tech/ords/api/v1/customer/individual/searchprofile,101,0,85
1779799495119,101,SearchIndividual,200,OK,SearchIndividual 2-216,text,true,,1113,2602,9,262,https://api-scuda.uat.oci.krungsri.tech/ords/api/v1/customer/individual/searchprofile,101,0,79
1779799495182,40,SearchIndividual,200,OK,SearchIndividual 2-219,text,true,,1133,2602,7,260,https://api-scuda.uat.oci.krungsri.tech/ords/api/v1/customer/individual/searchprofile,40,0,28
1779799495211,26,SearchIndividual,200,OK,SearchIndividual 2-223,text,true,,1105,2602,6,260,https://api-scuda.uat.oci.krungsri.tech/ords/api/v1/customer/individual/searchprofile,26,0,14
1779799495215,38,SearchJuristic,200,OK,SearchJuristic 6-9,text,true,,999,2600,1,260,https://api-scuda.uat.oci.krungsri.tech/ords/api/v1/customer/juristic/searchprofile,38,0,22
1779799495221,34,SearchIndividual,200,OK,SearchIndividual 2-225,text,true,,1227,2602,5,259,https://api-scuda.uat.oci.krungsri.tech/ords/api/v1/customer/individual/searchprofile,34,0,21
1779799495242,26,UpdateJuristic,429,Too Many Requests,UpdateJuristic 8-9,text,false,,417,5836,9,260,https://api-scuda.uat.oci.krungsri.tech/ic/api/v1/customer/juristic/updateprofile,26,0,24
1779799495258,22,GetIndividual,429,Too Many Requests,GetIndividual 1-137,text,false,,417,3588,119,259,https://api-scuda.uat.oci.krungsri.tech/ic/api/v1/customer/individual/getprofile,22,0,20
1779799495177,112,SearchIndividual,200,OK,SearchIndividual 2-218,text,true,,1205,2602,5,259,https://api-scuda.uat.oci.krungsri.tech/ords/api/v1/customer/individual/searchprofile,112,0,66
1779799495283,43,SearchIndividual,200,OK,SearchIndividual 2-226,text,true,,1177,2602,6,262,https://api-scuda.uat.oci.krungsri.tech/ords/api/v1/customer/individual/searchprofile,43,0,22
1779799495216,118,SearchIndividual,200,OK,SearchIndividual 2-224,text,true,,1167,2602,5,262,https://api-scuda.uat.oci.krungsri.tech/ords/api/v1/customer/individual/searchprofile,111,0,85
1779799495303,34,SearchJuristic,200,OK,SearchJuristic 6-10,text,true,,978,2600,1,261,https://api-scuda.uat.oci.krungsri.tech/ords/api/v1/customer/juristic/searchprofile,34,0,23
1779799495186,158,SearchIndividual,200,OK,SearchIndividual 2-221,text,true,,1173,2602,4,260,https://api-scuda.uat.oci.krungsri.tech/ords/api/v1/customer/individual/searchprofile,158,0,123
1779799495199,147,SearchIndividual,200,OK,SearchIndividual 2-222,text,true,,1155,2602,3,259,https://api-scuda.uat.oci.krungsri.tech/ords/api/v1/customer/individual/searchprofile,145,0,115
1779799495318,40,SearchIndividual,200,OK,SearchIndividual 2-227,text,true,,1221,2602,5,264,https://api-scuda.uat.oci.krungsri.tech/ords/api/v1/customer/individual/searchprofile,40,0,14
1779799495328,53,SearchIndividual,200,OK,SearchIndividual 2-228,text,true,,1178,2601,5,265,https://api-scuda.uat.oci.krungsri.tech/ords/api/v1/customer/individual/searchprofile,53,0,38
1779799495353,32,GetIndividual,429,Too Many Requests,GetIndividual 1-135,text,false,,417,3588,123,264,https://api-scuda.uat.oci.krungsri.tech/ic/api/v1/customer/individual/getprofile,32,0,27
1779799495359,30,UpdateIndividual,429,Too Many Requests,UpdateIndividual 4-90,text,false,,417,5571,81,264,https://api-scuda.uat.oci.krungsri.tech/ic/api/v1/customer/individual/updateprofile,30,0,28
1779799495361,34,SearchIndividual,200,OK,SearchIndividual 2-231,text,true,,1179,2602,4,264,https://api-scuda.uat.oci.krungsri.tech/ords/api/v1/customer/individual/searchprofile,34,0,20
1779799491420,3978,GetJoint,429,Too Many Requests,GetJoint 9-5,text,false,,590,3530,7,263,https://api-scuda.uat.oci.krungsri.tech/ic/api/v1/customer/joint/getprofile,3978,0,36
1779799495353,47,SearchIndividual,200,OK,SearchIndividual 2-230,text,true,,1167,2602,3,262,https://api-scuda.uat.oci.krungsri.tech/ords/api/v1/customer/individual/searchprofile,47,0,33
1779799495370,30,SearchIndividual,429,Too Many Requests,SearchIndividual 2-232,text,false,,417,2602,3,262,https://api-scuda.uat.oci.krungsri.tech/ords/api/v1/customer/individual/searchprofile,30,0,29
1779799495357,51,SearchIndividual,200,OK,SearchIndividual 2-229,text,true,,1241,2602,3,263,https://api-scuda.uat.oci.krungsri.tech/ords/api/v1/customer/individual/searchprofile,51,0,36
1779799495411,22,SearchIndividual,429,Too Many Requests,SearchIndividual 2-234,text,false,,417,2602,4,265,https://api-scuda.uat.oci.krungsri.tech/ords/api/v1/customer/individual/searchprofile,22,0,19
1779799495411,25,UpdateIndividual,429,Too Many Requests,UpdateIndividual 4-91,text,false,,417,5588,81,264,https://api-scuda.uat.oci.krungsri.tech/ic/api/v1/customer/individual/updateprofile,25,0,24
1779799495410,26,SearchIndividual,200,OK,SearchIndividual 2-233,text,true,,1151,2602,3,264,https://api-scuda.uat.oci.krungsri.tech/ords/api/v1/customer/individual/searchprofile,25,0,12
1779799495425,19,SearchIndividual,429,Too Many Requests,SearchIndividual 2-236,text,false,,417,2602,2,263,https://api-scuda.uat.oci.krungsri.tech/ords/api/v1/customer/individual/searchprofile,19,0,16
1779799495429,18,GetIndividual,429,Too Many Requests,GetIndividual 1-143,text,false,,417,3588,124,262,https://api-scuda.uat.oci.krungsri.tech/ic/api/v1/customer/individual/getprofile,18,0,16
1779799495421,38,SearchIndividual,200,OK,SearchIndividual 2-235,text,true,,1154,2601,1,262,https://api-scuda.uat.oci.krungsri.tech/ords/api/v1/customer/individual/searchprofile,38,0,25
1779799495468,28,SearchIndividual,429,Too Many Requests,SearchIndividual 2-238,text,false,,417,2602,4,267,https://api-scuda.uat.oci.krungsri.tech/ords/api/v1/customer/individual/searchprofile,27,0,26
1779799495463,45,SearchIndividual,200,OK,SearchIndividual 2-237,text,true,,1227,2602,3,267,https://api-scuda.uat.oci.krungsri.tech/ords/api/v1/customer/individual/searchprofile,45,0,32
1779799495482,40,SearchIndividual,200,OK,SearchIndividual 2-239,text,true,,1155,2602,2,266,https://api-scuda.uat.oci.krungsri.tech/ords/api/v1/customer/individual/searchprofile,39,0,26
1779799495496,47,SearchIndividual,200,OK,SearchIndividual 2-240,text,true,,1177,2602,2,267,https://api-scuda.uat.oci.krungsri.tech/ords/api/v1/customer/individual/searchprofile,47,0,33
1779799495537,34,SearchIndividual,200,OK,SearchIndividual 2-241,text,true,,1171,2602,1,267,https://api-scuda.uat.oci.krungsri.tech/ords/api/v1/customer/individual/searchprofile,34,0,17
1779799495549,24,UpdateIndividual,429,Too Many Requests,UpdateIndividual 4-95,text,false,,417,5567,84,266,https://api-scuda.uat.oci.krungsri.tech/ic/api/v1/customer/individual/updateprofile,24,0,22
1779799490864,4733,GetIndividual,429,Too Many Requests,GetIndividual 1-33,text,false,,600,3588,126,269,https://api-scuda.uat.oci.krungsri.tech/ic/api/v1/customer/individual/getprofile,4733,0,17
1779799495591,33,SearchIndividual,200,OK,SearchIndividual 2-242,text,true,,1179,2602,2,270,https://api-scuda.uat.oci.krungsri.tech/ords/api/v1/customer/individual/searchprofile,33,0,21
1779799495615,26,GetIndividual,429,Too Many Requests,GetIndividual 1-147,text,false,,417,3588,127,272,https://api-scuda.uat.oci.krungsri.tech/ic/api/v1/customer/individual/getprofile,26,0,23
1779799495623,36,SearchIndividual,200,OK,SearchIndividual 2-243,text,true,,1159,2602,4,273,https://api-scuda.uat.oci.krungsri.tech/ords/api/v1/customer/individual/searchprofile,35,0,17
1779799495645,31,SearchIndividual,200,OK,SearchIndividual 2-245,text,true,,1199,2602,4,274,https://api-scuda.uat.oci.krungsri.tech/ords/api/v1/customer/individual/searchprofile,31,0,18
1779799495677,35,SearchIndividual,200,OK,SearchIndividual 2-247,text,true,,1181,2602,5,275,https://api-scuda.uat.oci.krungsri.tech/ords/api/v1/customer/individual/searchprofile,35,0,23
1779799495670,31,UpdateJuristic,429,Too Many Requests,UpdateJuristic 8-10,text,false,,417,5751,9,275,https://api-scuda.uat.oci.krungsri.tech/ic/api/v1/customer/juristic/updateprofile,31,0,24
1779799495682,23,SearchIndividual,429,Too Many Requests,SearchIndividual 2-248,text,false,,417,2602,5,275,https://api-scuda.uat.oci.krungsri.tech/ords/api/v1/customer/individual/searchprofile,23,0,21
1779799495640,52,SearchIndividual,200,OK,SearchIndividual 2-244,text,true,,1207,2602,4,274,https://api-scuda.uat.oci.krungsri.tech/ords/api/v1/customer/individual/searchprofile,52,0,37
1779799495662,29,SearchIndividual,200,OK,SearchIndividual 2-246,text,true,,1231,2602,4,274,https://api-scuda.uat.oci.krungsri.tech/ords/api/v1/customer/individual/searchprofile,29,0,15
1779799495696,28,SearchIndividual,429,Too Many Requests,SearchIndividual 2-249,text,false,,417,2602,1,270,https://api-scuda.uat.oci.krungsri.tech/ords/api/v1/customer/individual/searchprofile,28,0,25
1779799495734,19,UpdateIndividual,429,Too Many Requests,UpdateIndividual 4-98,text,false,,417,5498,86,272,https://api-scuda.uat.oci.krungsri.tech/ic/api/v1/customer/individual/updateprofile,19,0,17
1779799495742,25,SearchIndividual,429,Too Many Requests,SearchIndividual 2-250,text,false,,417,2601,1,272,https://api-scuda.uat.oci.krungsri.tech/ords/api/v1/customer/individual/searchprofile,25,0,23
1779799490733,5066,GetIndividual,429,Too Many Requests,GetIndividual 1-19,text,false,,600,3588,128,273,https://api-scuda.uat.oci.krungsri.tech/ic/api/v1/customer/individual/getprofile,5066,0,601
1779799490746,5053,GetIndividual,429,Too Many Requests,GetIndividual 1-36,text,false,,600,3588,128,273,https://api-scuda.uat.oci.krungsri.tech/ic/api/v1/customer/individual/getprofile,5053,0,81
1779799495795,37,SearchIndividual,200,OK,SearchIndividual 2-251,text,true,,1207,2602,3,273,https://api-scuda.uat.oci.krungsri.tech/ords/api/v1/customer/individual/searchprofile,37,0,24
1779799495809,24,SearchIndividual,429,Too Many Requests,SearchIndividual 2-252,text,false,,417,2602,3,273,https://api-scuda.uat.oci.krungsri.tech/ords/api/v1/customer/individual/searchprofile,24,0,22
1779799495831,43,SearchIndividual,429,Too Many Requests,SearchIndividual 2-253,text,false,,417,2602,1,275,https://api-scuda.uat.oci.krungsri.tech/ords/api/v1/customer/individual/searchprofile,42,0,34
1779799495844,30,GetIndividual,429,Too Many Requests,GetIndividual 1-151,text,false,,417,3588,129,275,https://api-scuda.uat.oci.krungsri.tech/ic/api/v1/customer/individual/getprofile,30,0,22
1779799495847,29,GetIndividual,429,Too Many Requests,GetIndividual 1-152,text,false,,417,3588,128,273,https://api-scuda.uat.oci.krungsri.tech/ic/api/v1/customer/individual/getprofile,29,0,27
1779799495847,30,UpdateIndividual,429,Too Many Requests,UpdateIndividual 4-100,text,false,,417,5588,87,273,https://api-scuda.uat.oci.krungsri.tech/ic/api/v1/customer/individual/updateprofile,30,0,27
1779799491551,4347,GetJuristic,429,Too Many Requests,GetJuristic 5-6,text,false,,596,3533,6,275,https://api-scuda.uat.oci.krungsri.tech/ic/api/v1/customer/juristic/getprofile,4347,0,179
1779799495882,43,SearchIndividual,429,Too Many Requests,SearchIndividual 2-254,text,false,,417,2602,2,276,https://api-scuda.uat.oci.krungsri.tech/ords/api/v1/customer/individual/searchprofile,43,0,41
1779799495902,25,CreateJoint,429,Too Many Requests,CreateJoint 11-10,text,false,,417,6065,10,276,https://api-scuda.uat.oci.krungsri.tech/ic/api/v1/customer/joint/createprofile,25,0,23
1779799495914,15,SearchIndividual,429,Too Many Requests,SearchIndividual 2-255,text,false,,417,2602,1,275,https://api-scuda.uat.oci.krungsri.tech/ords/api/v1/customer/individual/searchprofile,15,0,14
1779799495954,18,SearchIndividual,429,Too Many Requests,SearchIndividual 2-257,text,false,,417,2601,3,279,https://api-scuda.uat.oci.krungsri.tech/ords/api/v1/customer/individual/searchprofile,18,0,16
1779799495967,39,GetIndividual,429,Too Many Requests,GetIndividual 1-154,text,false,,417,3588,132,282,https://api-scuda.uat.oci.krungsri.tech/ic/api/v1/customer/individual/getprofile,39,0,35
1779799495966,44,SearchIndividual,429,Too Many Requests,SearchIndividual 2-258,text,false,,417,2601,3,281,https://api-scuda.uat.oci.krungsri.tech/ords/api/v1/customer/individual/searchprofile,44,0,41
1779799495943,68,SearchIndividual,200,OK,SearchIndividual 2-256,text,true,,1162,2601,3,282,https://api-scuda.uat.oci.krungsri.tech/ords/api/v1/customer/individual/searchprofile,68,0,53
1779799495996,26,SearchIndividual,429,Too Many Requests,SearchIndividual 2-259,text,false,,417,2602,1,280,https://api-scuda.uat.oci.krungsri.tech/ords/api/v1/customer/individual/searchprofile,25,0,24
1779799495971,60,UpdateIndividual,429,Too Many Requests,UpdateIndividual 4-103,text,false,,417,5544,90,280,https://api-scuda.uat.oci.krungsri.tech/ic/api/v1/customer/individual/updateprofile,59,0,56
1779799496020,26,UpdateIndividual,429,Too Many Requests,UpdateIndividual 4-104,text,false,,417,5601,89,280,https://api-scuda.uat.oci.krungsri.tech/ic/api/v1/customer/individual/updateprofile,26,0,24
1779799496031,25,SearchIndividual,429,Too Many Requests,SearchIndividual 2-260,text,false,,417,2602,4,282,https://api-scuda.uat.oci.krungsri.tech/ords/api/v1/customer/individual/searchprofile,25,0,23
1779799496049,33,SearchIndividual,429,Too Many Requests,SearchIndividual 2-262,text,false,,417,2602,4,285,https://api-scuda.uat.oci.krungsri.tech/ords/api/v1/customer/individual/searchprofile,33,0,29
1779799496048,38,GetIndividual,429,Too Many Requests,GetIndividual 1-159,text,false,,417,3588,135,285,https://api-scuda.uat.oci.krungsri.tech/ic/api/v1/customer/individual/getprofile,38,0,33
1779799496069,22,GetIndividual,429,Too Many Requests,GetIndividual 1-161,text,false,,417,3588,134,285,https://api-scuda.uat.oci.krungsri.tech/ic/api/v1/customer/individual/getprofile,22,0,20
1779799496043,51,SearchIndividual,200,OK,SearchIndividual 2-261,text,true,,1238,2601,4,284,https://api-scuda.uat.oci.krungsri.tech/ords/api/v1/customer/individual/searchprofile,51,0,31
1779799496049,47,SearchIndividual,200,OK,SearchIndividual 2-263,text,true,,1187,2602,4,284,https://api-scuda.uat.oci.krungsri.tech/ords/api/v1/customer/individual/searchprofile,47,0,31
1779799496063,46,SearchIndividual,200,OK,SearchIndividual 2-264,text,true,,1155,2602,4,284,https://api-scuda.uat.oci.krungsri.tech/ords/api/v1/customer/individual/searchprofile,46,0,20
1779799496093,38,SearchIndividual,200,OK,SearchIndividual 2-265,text,true,,1153,2602,4,285,https://api-scuda.uat.oci.krungsri.tech/ords/api/v1/customer/individual/searchprofile,38,0,24
1779799496109,28,SearchIndividual,429,Too Many Requests,SearchIndividual 2-267,text,false,,417,2602,3,285,https://api-scuda.uat.oci.krungsri.tech/ords/api/v1/customer/individual/searchprofile,28,0,25
1779799496114,24,SearchIndividual,429,Too Many Requests,SearchIndividual 2-268,text,false,,417,2602,3,285,https://api-scuda.uat.oci.krungsri.tech/ords/api/v1/customer/individual/searchprofile,24,0,22
1779799496098,42,SearchIndividual,429,Too Many Requests,SearchIndividual 2-266,text,false,,417,2602,1,283,https://api-scuda.uat.oci.krungsri.tech/ords/api/v1/customer/individual/searchprofile,42,0,40
1779799496184,27,SearchIndividual,200,OK,SearchIndividual 2-269,text,true,,1171,2602,4,289,https://api-scuda.uat.oci.krungsri.tech/ords/api/v1/customer/individual/searchprofile,27,0,16
1779799496203,32,SearchIndividual,429,Too Many Requests,SearchIndividual 2-271,text,false,,417,2602,4,291,https://api-scuda.uat.oci.krungsri.tech/ords/api/v1/customer/individual/searchprofile,32,0,24
1779799496229,24,UpdateIndividual,429,Too Many Requests,UpdateIndividual 4-108,text,false,,417,5597,92,291,https://api-scuda.uat.oci.krungsri.tech/ic/api/v1/customer/individual/updateprofile,24,0,19
1779799496234,24,GetIndividual,429,Too Many Requests,GetIndividual 1-165,text,false,,417,3586,137,290,https://api-scuda.uat.oci.krungsri.tech/ic/api/v1/customer/individual/getprofile,24,0,22
1779799496206,54,SearchIndividual,429,Too Many Requests,SearchIndividual 2-272,text,false,,417,2602,3,289,https://api-scuda.uat.oci.krungsri.tech/ords/api/v1/customer/individual/searchprofile,54,0,45
1779799496186,76,SearchIndividual,429,Too Many Requests,SearchIndividual 2-270,text,false,,417,2602,2,289,https://api-scuda.uat.oci.krungsri.tech/ords/api/v1/customer/individual/searchprofile,76,0,71
1779799496213,50,SearchIndividual,429,Too Many Requests,SearchIndividual 2-273,text,false,,417,2602,2,290,https://api-scuda.uat.oci.krungsri.tech/ords/api/v1/customer/individual/searchprofile,50,0,48
1779799496265,51,SearchJoint,200,OK,SearchJoint 10-10,text,true,,621,2627,1,290,https://api-scuda.uat.oci.krungsri.tech/ords/api/v1/customer/joint/searchprofile,51,0,17
1779799496270,49,UpdateIndividual,429,Too Many Requests,UpdateIndividual 4-109,text,false,,417,5577,93,289,https://api-scuda.uat.oci.krungsri.tech/ic/api/v1/customer/individual/updateprofile,49,0,47
1779799496353,36,SearchIndividual,200,OK,SearchIndividual 2-274,text,true,,1137,2602,4,298,https://api-scuda.uat.oci.krungsri.tech/ords/api/v1/customer/individual/searchprofile,36,0,17
1779799496353,49,SearchIndividual,200,OK,SearchIndividual 2-275,text,true,,1171,2602,3,299,https://api-scuda.uat.oci.krungsri.tech/ords/api/v1/customer/individual/searchprofile,49,0,37
1779799496383,34,SearchIndividual,200,OK,SearchIndividual 2-277,text,true,,1162,2601,2,300,https://api-scuda.uat.oci.krungsri.tech/ords/api/v1/customer/individual/searchprofile,34,0,18
1779799496380,39,SearchIndividual,200,OK,SearchIndividual 2-276,text,true,,1187,2602,1,299,https://api-scuda.uat.oci.krungsri.tech/ords/api/v1/customer/individual/searchprofile,39,0,25
1779799491550,4863,GetIndividual,200,OK,GetIndividual 1-44,text,true,,3823,3588,145,300,https://api-scuda.uat.oci.krungsri.tech/ic/api/v1/customer/individual/getprofile,4863,0,39
1779799496435,35,SearchIndividual,200,OK,SearchIndividual 2-278,text,true,,1201,2602,1,304,https://api-scuda.uat.oci.krungsri.tech/ords/api/v1/customer/individual/searchprofile,35,0,23
1779799496613,40,SearchJuristic,200,OK,SearchJuristic 6-11,text,true,,991,2600,1,319,https://api-scuda.uat.oci.krungsri.tech/ords/api/v1/customer/juristic/searchprofile,40,0,24
1779799496613,60,SearchIndividual,200,OK,SearchIndividual 2-279,text,true,,1161,2602,9,321,https://api-scuda.uat.oci.krungsri.tech/ords/api/v1/customer/individual/searchprofile,59,0,38
1779799496621,54,SearchIndividual,200,OK,SearchIndividual 2-283,text,true,,1227,2602,9,321,https://api-scuda.uat.oci.krungsri.tech/ords/api/v1/customer/individual/searchprofile,54,0,41
1779799496613,67,SearchIndividual,200,OK,SearchIndividual 2-280,text,true,,1177,2602,9,321,https://api-scuda.uat.oci.krungsri.tech/ords/api/v1/customer/individual/searchprofile,66,0,36
1779799496636,51,SearchIndividual,200,OK,SearchIndividual 2-284,text,true,,1197,2602,8,320,https://api-scuda.uat.oci.krungsri.tech/ords/api/v1/customer/individual/searchprofile,51,0,36
1779799496691,41,SearchIndividual,200,OK,SearchIndividual 2-291,text,true,,1185,2602,10,322,https://api-scuda.uat.oci.krungsri.tech/ords/api/v1/customer/individual/searchprofile,41,0,22
1779799496675,49,SearchIndividual,200,OK,SearchIndividual 2-286,text,true,,1214,2601,10,322,https://api-scuda.uat.oci.krungsri.tech/ords/api/v1/customer/individual/searchprofile,48,0,33
1779799496670,42,SearchIndividual,200,OK,SearchIndividual 2-285,text,true,,1157,2602,9,321,https://api-scuda.uat.oci.krungsri.tech/ords/api/v1/customer/individual/searchprofile,41,0,26
1779799496678,34,SearchIndividual,200,OK,SearchIndividual 2-289,text,true,,1147,2602,9,321,https://api-scuda.uat.oci.krungsri.tech/ords/api/v1/customer/individual/searchprofile,34,0,19
1779799496617,104,SearchIndividual,200,OK,SearchIndividual 2-281,text,true,,1245,2602,9,321,https://api-scuda.uat.oci.krungsri.tech/ords/api/v1/customer/individual/searchprofile,103,0,66
1779799496618,88,SearchIndividual,200,OK,SearchIndividual 2-282,text,true,,1161,2602,9,321,https://api-scuda.uat.oci.krungsri.tech/ords/api/v1/customer/individual/searchprofile,88,0,54
1779799496674,66,SearchIndividual,200,OK,SearchIndividual 2-287,text,true,,1081,2602,4,316,https://api-scuda.uat.oci.krungsri.tech/ords/api/v1/customer/individual/searchprofile,66,0,43
1779799496690,61,SearchIndividual,200,OK,SearchIndividual 2-290,text,true,,1171,2602,4,316,https://api-scuda.uat.oci.krungsri.tech/ords/api/v1/customer/individual/searchprofile,61,0,47
1779799496677,86,SearchIndividual,200,OK,SearchIndividual 2-288,text,true,,1219,2602,3,315,https://api-scuda.uat.oci.krungsri.tech/ords/api/v1/customer/individual/searchprofile,86,0,65
1779799496724,58,SearchIndividual,200,OK,SearchIndividual 2-292,text,true,,1169,2602,3,315,https://api-scuda.uat.oci.krungsri.tech/ords/api/v1/customer/individual/searchprofile,58,0,30
1779799496745,74,SearchIndividual,200,OK,SearchIndividual 2-293,text,true,,1126,2601,4,316,https://api-scuda.uat.oci.krungsri.tech/ords/api/v1/customer/individual/searchprofile,74,0,58
1779799496814,30,SearchIndividual,200,OK,SearchIndividual 2-296,text,true,,1171,2602,5,320,https://api-scuda.uat.oci.krungsri.tech/ords/api/v1/customer/individual/searchprofile,30,0,16
1779799496806,48,SearchIndividual,200,OK,SearchIndividual 2-295,text,true,,1173,2602,6,327,https://api-scuda.uat.oci.krungsri.tech/ords/api/v1/customer/individual/searchprofile,48,0,34
1779799496778,90,SearchIndividual,200,OK,SearchIndividual 2-294,text,true,,1167,2602,6,327,https://api-scuda.uat.oci.krungsri.tech/ords/api/v1/customer/individual/searchprofile,86,0,61
1779799496828,44,SearchIndividual,200,OK,SearchIndividual 2-297,text,true,,1183,2602,6,327,https://api-scuda.uat.oci.krungsri.tech/ords/api/v1/customer/individual/searchprofile,43,0,30
1779799496844,46,SearchIndividual,200,OK,SearchIndividual 2-298,text,true,,1121,2602,7,329,https://api-scuda.uat.oci.krungsri.tech/ords/api/v1/customer/individual/searchprofile,46,0,23
1779799496870,26,SearchIndividual,200,OK,SearchIndividual 2-302,text,true,,1199,2602,6,328,https://api-scuda.uat.oci.krungsri.tech/ords/api/v1/customer/individual/searchprofile,25,0,13
1779799496863,36,SearchIndividual,200,OK,SearchIndividual 2-301,text,true,,1207,2602,5,327,https://api-scuda.uat.oci.krungsri.tech/ords/api/v1/customer/individual/searchprofile,36,0,19
1779799496851,49,SearchIndividual,200,OK,SearchIndividual 2-299,text,true,,1179,2602,4,326,https://api-scuda.uat.oci.krungsri.tech/ords/api/v1/customer/individual/searchprofile,49,0,31
1779799496886,34,SearchIndividual,200,OK,SearchIndividual 2-304,text,true,,1175,2602,3,326,https://api-scuda.uat.oci.krungsri.tech/ords/api/v1/customer/individual/searchprofile,34,0,23
1779799496852,102,SearchIndividual,200,OK,SearchIndividual 2-300,text,true,,1187,2602,4,335,https://api-scuda.uat.oci.krungsri.tech/ords/api/v1/customer/individual/searchprofile,102,0,44
1779799496944,36,SearchIndividual,200,OK,SearchIndividual 2-305,text,true,,1125,2602,3,336,https://api-scuda.uat.oci.krungsri.tech/ords/api/v1/customer/individual/searchprofile,36,0,23
1779799496875,116,SearchIndividual,200,OK,SearchIndividual 2-303,text,true,,1169,2602,5,339,https://api-scuda.uat.oci.krungsri.tech/ords/api/v1/customer/individual/searchprofile,116,0,79
1779799496956,44,SearchIndividual,200,OK,SearchIndividual 2-306,text,true,,1139,2602,6,340,https://api-scuda.uat.oci.krungsri.tech/ords/api/v1/customer/individual/searchprofile,44,0,31
1779799496976,35,SearchJoint,200,OK,SearchJoint 10-11,text,true,,620,2626,1,339,https://api-scuda.uat.oci.krungsri.tech/ords/api/v1/customer/joint/searchprofile,35,0,24
1779799496991,31,SearchIndividual,200,OK,SearchIndividual 2-307,text,true,,1163,2602,6,339,https://api-scuda.uat.oci.krungsri.tech/ords/api/v1/customer/individual/searchprofile,30,0,19
1779799496997,26,SearchIndividual,200,OK,SearchIndividual 2-311,text,true,,1209,2602,5,338,https://api-scuda.uat.oci.krungsri.tech/ords/api/v1/customer/individual/searchprofile,26,0,14
1779799496992,42,SearchIndividual,200,OK,SearchIndividual 2-309,text,true,,1163,2602,4,337,https://api-scuda.uat.oci.krungsri.tech/ords/api/v1/customer/individual/searchprofile,42,0,27
1779799496995,47,SearchIndividual,200,OK,SearchIndividual 2-310,text,true,,1167,2602,4,337,https://api-scuda.uat.oci.krungsri.tech/ords/api/v1/customer/individual/searchprofile,46,0,26
1779799496992,52,SearchIndividual,200,OK,SearchIndividual 2-308,text,true,,1193,2602,3,336,https://api-scuda.uat.oci.krungsri.tech/ords/api/v1/customer/individual/searchprofile,52,0,28
1779799497018,33,SearchIndividual,200,OK,SearchIndividual 2-312,text,true,,1139,2602,2,336,https://api-scuda.uat.oci.krungsri.tech/ords/api/v1/customer/individual/searchprofile,33,0,22
1779799497065,24,SearchIndividual,200,OK,SearchIndividual 2-315,text,true,,1175,2602,6,346,https://api-scuda.uat.oci.krungsri.tech/ords/api/v1/customer/individual/searchprofile,24,0,12
1779799497037,61,SearchIndividual,200,OK,SearchIndividual 2-313,text,true,,1177,2602,6,346,https://api-scuda.uat.oci.krungsri.tech/ords/api/v1/customer/individual/searchprofile,61,0,46
1779799497059,48,SearchIndividual,200,OK,SearchIndividual 2-314,text,true,,621,2602,5,345,https://api-scuda.uat.oci.krungsri.tech/ords/api/v1/customer/individual/searchprofile,48,0,25
1779799497082,36,SearchIndividual,200,OK,SearchIndividual 2-316,text,true,,1183,2602,4,344,https://api-scuda.uat.oci.krungsri.tech/ords/api/v1/customer/individual/searchprofile,36,0,22
1779799497095,43,SearchIndividual,200,OK,SearchIndividual 2-319,text,true,,1129,2602,4,344,https://api-scuda.uat.oci.krungsri.tech/ords/api/v1/customer/individual/searchprofile,43,0,23
1779799497089,49,SearchIndividual,200,OK,SearchIndividual 2-318,text,true,,1209,2602,4,344,https://api-scuda.uat.oci.krungsri.tech/ords/api/v1/customer/individual/searchprofile,48,0,25
1779799497084,83,SearchIndividual,200,OK,SearchIndividual 2-317,text,true,,1195,2602,2,344,https://api-scuda.uat.oci.krungsri.tech/ords/api/v1/customer/individual/searchprofile,83,0,56
1779799497155,27,SearchIndividual,429,Too Many Requests,SearchIndividual 2-320,text,false,,417,2602,2,345,https://api-scuda.uat.oci.krungsri.tech/ords/api/v1/customer/individual/searchprofile,27,0,25
1779799497194,29,GetJuristic,429,Too Many Requests,GetJuristic 5-11,text,false,,417,3533,6,348,https://api-scuda.uat.oci.krungsri.tech/ic/api/v1/customer/juristic/getprofile,29,0,24
1779799497178,38,GetIndividual,429,Too Many Requests,GetIndividual 1-198,text,false,,417,3588,167,347,https://api-scuda.uat.oci.krungsri.tech/ic/api/v1/customer/individual/getprofile,38,0,34
1779799497211,21,SearchIndividual,429,Too Many Requests,SearchIndividual 2-323,text,false,,417,2602,3,346,https://api-scuda.uat.oci.krungsri.tech/ords/api/v1/customer/individual/searchprofile,21,0,19
1779799497202,31,SearchIndividual,200,OK,SearchIndividual 2-322,text,true,,1132,2601,3,346,https://api-scuda.uat.oci.krungsri.tech/ords/api/v1/customer/individual/searchprofile,31,0,18
1779799497244,32,SearchIndividual,200,OK,SearchIndividual 2-324,text,true,,1223,2602,5,348,https://api-scuda.uat.oci.krungsri.tech/ords/api/v1/customer/individual/searchprofile,31,0,20
1779799497282,34,GetIndividual,429,Too Many Requests,GetIndividual 1-199,text,false,,417,3588,167,349,https://api-scuda.uat.oci.krungsri.tech/ic/api/v1/customer/individual/getprofile,34,0,31
1779799497173,148,SearchIndividual,200,OK,SearchIndividual 2-321,text,true,,1195,2602,6,351,https://api-scuda.uat.oci.krungsri.tech/ords/api/v1/customer/individual/searchprofile,146,0,100
1779799497248,96,SearchIndividual,429,Too Many Requests,SearchIndividual 2-325,text,false,,417,2602,5,350,https://api-scuda.uat.oci.krungsri.tech/ords/api/v1/customer/individual/searchprofile,96,0,68
1779799497263,82,SearchIndividual,429,Too Many Requests,SearchIndividual 2-326,text,false,,417,2602,5,350,https://api-scuda.uat.oci.krungsri.tech/ords/api/v1/customer/individual/searchprofile,82,0,71
1779799497321,31,SearchIndividual,429,Too Many Requests,SearchIndividual 2-329,text,false,,417,2602,4,349,https://api-scuda.uat.oci.krungsri.tech/ords/api/v1/customer/individual/searchprofile,31,0,28
1779799497319,33,GetIndividual,429,Too Many Requests,GetIndividual 1-201,text,false,,417,3588,168,349,https://api-scuda.uat.oci.krungsri.tech/ic/api/v1/customer/individual/getprofile,33,0,29
1779799497319,35,GetIndividual,429,Too Many Requests,GetIndividual 1-200,text,false,,417,3588,168,348,https://api-scuda.uat.oci.krungsri.tech/ic/api/v1/customer/individual/getprofile,35,0,30
1779799497271,87,SearchIndividual,200,OK,SearchIndividual 2-327,text,true,,1145,2602,3,347,https://api-scuda.uat.oci.krungsri.tech/ords/api/v1/customer/individual/searchprofile,86,0,41
1779799497352,22,SearchIndividual,429,Too Many Requests,SearchIndividual 2-330,text,false,,417,2601,2,346,https://api-scuda.uat.oci.krungsri.tech/ords/api/v1/customer/individual/searchprofile,22,0,20
1779799497308,72,SearchIndividual,200,OK,SearchIndividual 2-328,text,true,,1170,2601,1,345,https://api-scuda.uat.oci.krungsri.tech/ords/api/v1/customer/individual/searchprofile,72,0,60
1779799497482,34,SearchIndividual,200,OK,SearchIndividual 2-333,text,true,,1136,2601,7,355,https://api-scuda.uat.oci.krungsri.tech/ords/api/v1/customer/individual/searchprofile,34,0,21
1779799497483,33,SearchIndividual,200,OK,SearchIndividual 2-335,text,true,,1105,2602,7,355,https://api-scuda.uat.oci.krungsri.tech/ords/api/v1/customer/individual/searchprofile,33,0,21
1779799497493,23,UpdateIndividual,429,Too Many Requests,UpdateIndividual 4-132,text,false,,417,5555,114,355,https://api-scuda.uat.oci.krungsri.tech/ic/api/v1/customer/individual/updateprofile,23,0,21
1779799497480,40,SearchIndividual,200,OK,SearchIndividual 2-334,text,true,,1148,2601,5,353,https://api-scuda.uat.oci.krungsri.tech/ords/api/v1/customer/individual/searchprofile,40,0,27
1779799497480,43,SearchIndividual,200,OK,SearchIndividual 2-332,text,true,,1141,2602,4,352,https://api-scuda.uat.oci.krungsri.tech/ords/api/v1/customer/individual/searchprofile,43,0,26
1779799497479,45,SearchIndividual,200,OK,SearchIndividual 2-331,text,true,,1137,2602,4,352,https://api-scuda.uat.oci.krungsri.tech/ords/api/v1/customer/individual/searchprofile,45,0,24
1779799497488,42,SearchIndividual,200,OK,SearchIndividual 2-336,text,true,,1215,2602,2,350,https://api-scuda.uat.oci.krungsri.tech/ords/api/v1/customer/individual/searchprofile,33,0,20
1779799497504,36,SearchIndividual,200,OK,SearchIndividual 2-337,text,true,,1175,2602,2,350,https://api-scuda.uat.oci.krungsri.tech/ords/api/v1/customer/individual/searchprofile,36,0,22
1779799497550,25,UpdateIndividual,429,Too Many Requests,UpdateIndividual 4-133,text,false,,417,5654,118,355,https://api-scuda.uat.oci.krungsri.tech/ic/api/v1/customer/individual/updateprofile,25,0,23
1779799497533,45,SearchIndividual,200,OK,SearchIndividual 2-338,text,true,,1161,2602,2,354,https://api-scuda.uat.oci.krungsri.tech/ords/api/v1/customer/individual/searchprofile,45,0,17
1779799497564,31,SearchIndividual,200,OK,SearchIndividual 2-339,text,true,,1213,2602,1,353,https://api-scuda.uat.oci.krungsri.tech/ords/api/v1/customer/individual/searchprofile,31,0,17
1779799497618,26,SearchIndividual,429,Too Many Requests,SearchIndividual 2-340,text,false,,417,2602,3,356,https://api-scuda.uat.oci.krungsri.tech/ords/api/v1/customer/individual/searchprofile,26,0,23
1779799497636,29,SearchIndividual,429,Too Many Requests,SearchIndividual 2-341,text,false,,417,2602,5,358,https://api-scuda.uat.oci.krungsri.tech/ords/api/v1/customer/individual/searchprofile,29,0,27
1779799497645,25,UpdateIndividual,429,Too Many Requests,UpdateIndividual 4-138,text,false,,417,5592,118,359,https://api-scuda.uat.oci.krungsri.tech/ic/api/v1/customer/individual/updateprofile,25,0,21
1779799497645,26,SearchIndividual,429,Too Many Requests,SearchIndividual 2-342,text,false,,417,2602,5,360,https://api-scuda.uat.oci.krungsri.tech/ords/api/v1/customer/individual/searchprofile,26,0,23
1779799497651,23,SearchIndividual,429,Too Many Requests,SearchIndividual 2-343,text,false,,417,2602,4,358,https://api-scuda.uat.oci.krungsri.tech/ords/api/v1/customer/individual/searchprofile,23,0,21
1779799497653,26,SearchIndividual,429,Too Many Requests,SearchIndividual 2-344,text,false,,417,2602,3,358,https://api-scuda.uat.oci.krungsri.tech/ords/api/v1/customer/individual/searchprofile,26,0,25
1779799497668,19,SearchJuristic,429,Too Many Requests,SearchJuristic 6-12,text,false,,417,2600,1,357,https://api-scuda.uat.oci.krungsri.tech/ords/api/v1/customer/juristic/searchprofile,19,0,14
1779799497712,19,UpdateIndividual,429,Too Many Requests,UpdateIndividual 4-139,text,false,,417,4230,118,364,https://api-scuda.uat.oci.krungsri.tech/ic/api/v1/customer/individual/updateprofile,19,0,17
1779799497709,18,GetIndividual,429,Too Many Requests,GetIndividual 1-212,text,false,,417,3588,174,364,https://api-scuda.uat.oci.krungsri.tech/ic/api/v1/customer/individual/getprofile,18,0,16
1779799497700,18,GetJuristic,429,Too Many Requests,GetJuristic 5-12,text,false,,417,3533,6,362,https://api-scuda.uat.oci.krungsri.tech/ic/api/v1/customer/juristic/getprofile,18,0,16
1779799497659,42,SearchIndividual,200,OK,SearchIndividual 2-345,text,true,,1247,2602,2,357,https://api-scuda.uat.oci.krungsri.tech/ords/api/v1/customer/individual/searchprofile,42,0,28
1779799497673,26,GetIndividual,429,Too Many Requests,GetIndividual 1-207,text,false,,417,3588,172,357,https://api-scuda.uat.oci.krungsri.tech/ic/api/v1/customer/individual/getprofile,26,0,24
1779799497670,23,SearchIndividual,429,Too Many Requests,SearchIndividual 2-346,text,false,,417,2602,2,356,https://api-scuda.uat.oci.krungsri.tech/ords/api/v1/customer/individual/searchprofile,23,0,21
1779799497709,23,SearchIndividual,429,Too Many Requests,SearchIndividual 2-347,text,false,,417,2602,6,364,https://api-scuda.uat.oci.krungsri.tech/ords/api/v1/customer/individual/searchprofile,23,0,21
1779799497710,67,GetIndividual,429,Too Many Requests,GetIndividual 1-211,text,false,,417,3588,174,359,https://api-scuda.uat.oci.krungsri.tech/ic/api/v1/customer/individual/getprofile,67,0,22
1779799497723,60,SearchIndividual,429,Too Many Requests,SearchIndividual 2-349,text,false,,417,2602,4,358,https://api-scuda.uat.oci.krungsri.tech/ords/api/v1/customer/individual/searchprofile,60,0,58
1779799497725,65,SearchIndividual,429,Too Many Requests,SearchIndividual 2-350,text,false,,417,2602,4,363,https://api-scuda.uat.oci.krungsri.tech/ords/api/v1/customer/individual/searchprofile,65,0,64
1779799497716,86,SearchIndividual,200,OK,SearchIndividual 2-348,text,true,,1155,2602,4,367,https://api-scuda.uat.oci.krungsri.tech/ords/api/v1/customer/individual/searchprofile,86,0,70
1779799497783,21,SearchIndividual,429,Too Many Requests,SearchIndividual 2-351,text,false,,417,2602,3,366,https://api-scuda.uat.oci.krungsri.tech/ords/api/v1/customer/individual/searchprofile,21,0,19
1779799497785,21,SearchIndividual,429,Too Many Requests,SearchIndividual 2-352,text,false,,417,2602,2,365,https://api-scuda.uat.oci.krungsri.tech/ords/api/v1/customer/individual/searchprofile,21,0,16
1779799497796,15,GetIndividual,429,Too Many Requests,GetIndividual 1-209,text,false,,417,3588,177,364,https://api-scuda.uat.oci.krungsri.tech/ic/api/v1/customer/individual/getprofile,15,0,13
1779799497795,18,GetIndividual,429,Too Many Requests,GetIndividual 1-206,text,false,,417,3588,176,363,https://api-scuda.uat.oci.krungsri.tech/ic/api/v1/customer/individual/getprofile,18,0,16
1779799497800,15,UpdateIndividual,429,Too Many Requests,UpdateIndividual 4-140,text,false,,417,4227,119,362,https://api-scuda.uat.oci.krungsri.tech/ic/api/v1/customer/individual/updateprofile,15,0,14
1779799497786,37,GetIndividual,429,Too Many Requests,GetIndividual 1-214,text,false,,417,3588,175,362,https://api-scuda.uat.oci.krungsri.tech/ic/api/v1/customer/individual/getprofile,37,0,28
1779799497795,29,UpdateIndividual,429,Too Many Requests,UpdateIndividual 4-141,text,false,,417,5605,118,362,https://api-scuda.uat.oci.krungsri.tech/ic/api/v1/customer/individual/updateprofile,29,0,27
1779799497796,51,GetIndividual,429,Too Many Requests,GetIndividual 1-215,text,false,,417,3588,176,363,https://api-scuda.uat.oci.krungsri.tech/ic/api/v1/customer/individual/getprofile,51,0,48
1779799497819,28,SearchIndividual,429,Too Many Requests,SearchIndividual 2-354,text,false,,417,2601,3,363,https://api-scuda.uat.oci.krungsri.tech/ords/api/v1/customer/individual/searchprofile,28,0,25
1779799497807,43,UpdateJuristic,429,Too Many Requests,UpdateJuristic 8-12,text,false,,417,5735,10,362,https://api-scuda.uat.oci.krungsri.tech/ic/api/v1/customer/juristic/updateprofile,43,0,41
1779799497797,55,GetIndividual,429,Too Many Requests,GetIndividual 1-210,text,false,,417,3588,176,362,https://api-scuda.uat.oci.krungsri.tech/ic/api/v1/customer/individual/getprofile,55,0,52
1779799497796,57,SearchIndividual,429,Too Many Requests,SearchIndividual 2-353,text,false,,417,2602,2,362,https://api-scuda.uat.oci.krungsri.tech/ords/api/v1/customer/individual/searchprofile,57,0,54
1779799497797,55,CreateIndividual,429,Too Many Requests,CreateIndividual 3-12,text,false,,417,7926,12,362,https://api-scuda.uat.oci.krungsri.tech/ic/api/v1/customer/individual/createprofile,55,0,53
1779799497832,27,GetIndividual,429,Too Many Requests,GetIndividual 1-217,text,false,,417,3588,175,360,https://api-scuda.uat.oci.krungsri.tech/ic/api/v1/customer/individual/getprofile,27,0,26
1779799497852,27,GetIndividual,429,Too Many Requests,GetIndividual 1-218,text,false,,417,3588,174,361,https://api-scuda.uat.oci.krungsri.tech/ic/api/v1/customer/individual/getprofile,27,0,24
1779799497843,40,SearchIndividual,200,OK,SearchIndividual 2-355,text,true,,1263,2602,3,360,https://api-scuda.uat.oci.krungsri.tech/ords/api/v1/customer/individual/searchprofile,40,0,23
1779799497857,26,UpdateIndividual,429,Too Many Requests,UpdateIndividual 4-142,text,false,,417,5584,119,360,https://api-scuda.uat.oci.krungsri.tech/ic/api/v1/customer/individual/updateprofile,26,0,24
1779799497865,21,UpdateIndividual,429,Too Many Requests,UpdateIndividual 4-143,text,false,,417,4229,118,358,https://api-scuda.uat.oci.krungsri.tech/ic/api/v1/customer/individual/updateprofile,21,0,19
1779799497880,16,SearchIndividual,429,Too Many Requests,SearchIndividual 2-357,text,false,,417,2602,2,359,https://api-scuda.uat.oci.krungsri.tech/ords/api/v1/customer/individual/searchprofile,16,0,14
1779799497880,25,SearchIndividual,429,Too Many Requests,SearchIndividual 2-356,text,false,,417,2602,1,358,https://api-scuda.uat.oci.krungsri.tech/ords/api/v1/customer/individual/searchprofile,25,0,23
1779799497909,25,SearchIndividual,429,Too Many Requests,SearchIndividual 2-358,text,false,,417,2602,4,361,https://api-scuda.uat.oci.krungsri.tech/ords/api/v1/customer/individual/searchprofile,25,0,23
1779799497914,33,SearchIndividual,429,Too Many Requests,SearchIndividual 2-360,text,false,,417,2602,4,362,https://api-scuda.uat.oci.krungsri.tech/ords/api/v1/customer/individual/searchprofile,33,0,30
1779799497909,39,SearchIndividual,200,OK,SearchIndividual 2-359,text,true,,1111,2602,4,362,https://api-scuda.uat.oci.krungsri.tech/ords/api/v1/customer/individual/searchprofile,39,0,17
1779799497922,28,SearchIndividual,429,Too Many Requests,SearchIndividual 2-361,text,false,,417,2602,2,360,https://api-scuda.uat.oci.krungsri.tech/ords/api/v1/customer/individual/searchprofile,28,0,26
1779799492136,5833,GetIndividual,200,OK,GetIndividual 1-58,text,true,,3860,3588,176,365,https://api-scuda.uat.oci.krungsri.tech/ic/api/v1/customer/individual/getprofile,5833,0,28
1779799497945,29,SearchIndividual,429,Too Many Requests,SearchIndividual 2-362,text,false,,417,2601,4,365,https://api-scuda.uat.oci.krungsri.tech/ords/api/v1/customer/individual/searchprofile,29,0,26
1779799497957,25,GetIndividual,429,Too Many Requests,GetIndividual 1-221,text,false,,417,3588,175,364,https://api-scuda.uat.oci.krungsri.tech/ic/api/v1/customer/individual/getprofile,25,0,23
1779799497948,36,GetIndividual,429,Too Many Requests,GetIndividual 1-219,text,false,,417,3588,174,363,https://api-scuda.uat.oci.krungsri.tech/ic/api/v1/customer/individual/getprofile,36,0,35
1779799497973,17,SearchIndividual,429,Too Many Requests,SearchIndividual 2-365,text,false,,417,2602,4,365,https://api-scuda.uat.oci.krungsri.tech/ords/api/v1/customer/individual/searchprofile,17,0,15
1779799497963,33,SearchIndividual,200,OK,SearchIndividual 2-364,text,true,,1194,2601,4,365,https://api-scuda.uat.oci.krungsri.tech/ords/api/v1/customer/individual/searchprofile,33,0,20
1779799497956,40,SearchIndividual,200,OK,SearchIndividual 2-363,text,true,,1189,2602,4,365,https://api-scuda.uat.oci.krungsri.tech/ords/api/v1/customer/individual/searchprofile,40,0,22
1779799497972,36,UpdateJoint,429,Too Many Requests,UpdateJoint 12-12,text,false,,417,4564,12,365,https://api-scuda.uat.oci.krungsri.tech/ic/api/v1/customer/joint/updateprofile,36,0,31
1779799497989,29,SearchIndividual,200,OK,SearchIndividual 2-366,text,true,,621,2602,2,366,https://api-scuda.uat.oci.krungsri.tech/ords/api/v1/customer/individual/searchprofile,29,0,20
1779799497997,29,UpdateIndividual,429,Too Many Requests,UpdateIndividual 4-147,text,false,,417,4227,121,365,https://api-scuda.uat.oci.krungsri.tech/ic/api/v1/customer/individual/updateprofile,29,0,26
1779799497994,34,SearchIndividual,200,OK,SearchIndividual 2-367,text,true,,1203,2602,1,364,https://api-scuda.uat.oci.krungsri.tech/ords/api/v1/customer/individual/searchprofile,33,0,22
1779799498017,34,SearchJoint,200,OK,SearchJoint 10-12,text,true,,620,2626,1,367,https://api-scuda.uat.oci.krungsri.tech/ords/api/v1/customer/joint/searchprofile,34,0,21
1779799498031,31,SearchIndividual,200,OK,SearchIndividual 2-368,text,true,,1201,2602,2,367,https://api-scuda.uat.oci.krungsri.tech/ords/api/v1/customer/individual/searchprofile,31,0,20
1779799498069,29,SearchIndividual,200,OK,SearchIndividual 2-370,text,true,,1211,2602,5,373,https://api-scuda.uat.oci.krungsri.tech/ords/api/v1/customer/individual/searchprofile,29,0,16
1779799498074,26,SearchIndividual,429,Too Many Requests,SearchIndividual 2-372,text,false,,417,2602,4,372,https://api-scuda.uat.oci.krungsri.tech/ords/api/v1/customer/individual/searchprofile,26,0,24
1779799498049,53,SearchIndividual,200,OK,SearchIndividual 2-369,text,true,,1181,2602,3,371,https://api-scuda.uat.oci.krungsri.tech/ords/api/v1/customer/individual/searchprofile,53,0,39
1779799498086,18,GetIndividual,429,Too Many Requests,GetIndividual 1-226,text,false,,417,3588,178,370,https://api-scuda.uat.oci.krungsri.tech/ic/api/v1/customer/individual/getprofile,18,0,16
1779799498070,39,SearchIndividual,200,OK,SearchIndividual 2-371,text,true,,1101,2602,2,370,https://api-scuda.uat.oci.krungsri.tech/ords/api/v1/customer/individual/searchprofile,39,0,22
1779799498055,55,UpdateIndividual,429,Too Many Requests,UpdateIndividual 4-148,text,false,,417,5570,122,369,https://api-scuda.uat.oci.krungsri.tech/ic/api/v1/customer/individual/updateprofile,55,0,51
1779799498061,49,CreateJoint,429,Too Many Requests,CreateJoint 11-12,text,false,,417,5721,11,369,https://api-scuda.uat.oci.krungsri.tech/ic/api/v1/customer/joint/createprofile,49,0,46
1779799498071,42,CreateJuristic,429,Too Many Requests,CreateJuristic 7-12,text,false,,417,7829,12,367,https://api-scuda.uat.oci.krungsri.tech/ic/api/v1/customer/juristic/createprofile,42,0,40
1779799498092,26,SearchIndividual,429,Too Many Requests,SearchIndividual 2-373,text,false,,417,2602,2,368,https://api-scuda.uat.oci.krungsri.tech/ords/api/v1/customer/individual/searchprofile,26,0,24
1779799498109,17,GetIndividual,429,Too Many Requests,GetIndividual 1-227,text,false,,417,3588,178,367,https://api-scuda.uat.oci.krungsri.tech/ic/api/v1/customer/individual/getprofile,17,0,15
1779799498120,19,UpdateIndividual,429,Too Many Requests,UpdateIndividual 4-151,text,false,,417,5597,122,370,https://api-scuda.uat.oci.krungsri.tech/ic/api/v1/customer/individual/updateprofile,18,0,14
1779799498117,25,SearchIndividual,429,Too Many Requests,SearchIndividual 2-374,text,false,,417,2602,3,369,https://api-scuda.uat.oci.krungsri.tech/ords/api/v1/customer/individual/searchprofile,25,0,23
1779799498137,18,GetIndividual,429,Too Many Requests,GetIndividual 1-228,text,false,,417,3588,179,368,https://api-scuda.uat.oci.krungsri.tech/ic/api/v1/customer/individual/getprofile,18,0,15
1779799498173,16,UpdateIndividual,429,Too Many Requests,UpdateIndividual 4-152,text,false,,417,5578,123,377,https://api-scuda.uat.oci.krungsri.tech/ic/api/v1/customer/individual/updateprofile,16,0,14
1779799498140,92,GetIndividual,429,Too Many Requests,GetIndividual 1-229,text,false,,417,3587,180,377,https://api-scuda.uat.oci.krungsri.tech/ic/api/v1/customer/individual/getprofile,92,0,80
1779799498200,26,SearchIndividual,200,OK,SearchIndividual 2-383,text,true,,1189,2602,9,377,https://api-scuda.uat.oci.krungsri.tech/ords/api/v1/customer/individual/searchprofile,26,0,14
1779799498133,90,SearchIndividual,429,Too Many Requests,SearchIndividual 2-375,text,false,,417,2602,9,377,https://api-scuda.uat.oci.krungsri.tech/ords/api/v1/customer/individual/searchprofile,90,0,80
1779799498140,76,SearchIndividual,429,Too Many Requests,SearchIndividual 2-376,text,false,,417,2602,9,377,https://api-scuda.uat.oci.krungsri.tech/ords/api/v1/customer/individual/searchprofile,76,0,54
1779799498176,35,SearchIndividual,200,OK,SearchIndividual 2-379,text,true,,1183,2602,9,377,https://api-scuda.uat.oci.krungsri.tech/ords/api/v1/customer/individual/searchprofile,35,0,21
1779799498185,26,SearchIndividual,429,Too Many Requests,SearchIndividual 2-381,text,false,,417,2602,9,377,https://api-scuda.uat.oci.krungsri.tech/ords/api/v1/customer/individual/searchprofile,25,0,24
1779799498181,28,GetIndividual,429,Too Many Requests,GetIndividual 1-230,text,false,,417,3587,180,377,https://api-scuda.uat.oci.krungsri.tech/ic/api/v1/customer/individual/getprofile,28,0,26
1779799498175,26,SearchIndividual,429,Too Many Requests,SearchIndividual 2-378,text,false,,417,2602,9,377,https://api-scuda.uat.oci.krungsri.tech/ords/api/v1/customer/individual/searchprofile,26,0,20
1779799498167,30,SearchIndividual,200,OK,SearchIndividual 2-377,text,true,,1171,2602,9,377,https://api-scuda.uat.oci.krungsri.tech/ords/api/v1/customer/individual/searchprofile,29,0,18
1779799498189,84,SearchIndividual,429,Too Many Requests,SearchIndividual 2-382,text,false,,417,2602,3,372,https://api-scuda.uat.oci.krungsri.tech/ords/api/v1/customer/individual/searchprofile,84,0,68
1779799498178,96,SearchIndividual,429,Too Many Requests,SearchIndividual 2-380,text,false,,417,2602,3,372,https://api-scuda.uat.oci.krungsri.tech/ords/api/v1/customer/individual/searchprofile,96,0,67
1779799490865,7418,GetIndividual,200,OK,GetIndividual 1-2,text,true,,3896,3588,180,371,https://api-scuda.uat.oci.krungsri.tech/ic/api/v1/customer/individual/getprofile,7418,0,0
1779799498240,43,GetIndividual,429,Too Many Requests,GetIndividual 1-232,text,false,,417,3588,180,371,https://api-scuda.uat.oci.krungsri.tech/ic/api/v1/customer/individual/getprofile,43,0,37
1779799498244,49,SearchIndividual,200,OK,SearchIndividual 2-384,text,true,,1139,2602,1,369,https://api-scuda.uat.oci.krungsri.tech/ords/api/v1/customer/individual/searchprofile,49,0,32
1779799498298,25,GetIndividual,429,Too Many Requests,GetIndividual 1-234,text,false,,417,3588,180,374,https://api-scuda.uat.oci.krungsri.tech/ic/api/v1/customer/individual/getprofile,24,0,22
1779799498321,27,GetIndividual,429,Too Many Requests,GetIndividual 1-235,text,false,,417,3588,181,378,https://api-scuda.uat.oci.krungsri.tech/ic/api/v1/customer/individual/getprofile,27,0,25
1779799498325,23,SearchIndividual,429,Too Many Requests,SearchIndividual 2-387,text,false,,417,2602,6,378,https://api-scuda.uat.oci.krungsri.tech/ords/api/v1/customer/individual/searchprofile,23,0,21
1779799492202,6167,GetIndividual,200,OK,GetIndividual 1-61,text,true,,3883,3588,180,378,https://api-scuda.uat.oci.krungsri.tech/ic/api/v1/customer/individual/getprofile,6167,0,17
1779799498340,31,SearchIndividual,429,Too Many Requests,SearchIndividual 2-388,text,false,,417,2602,6,377,https://api-scuda.uat.oci.krungsri.tech/ords/api/v1/customer/individual/searchprofile,31,0,29
1779799498341,32,SearchIndividual,429,Too Many Requests,SearchIndividual 2-389,text,false,,417,2602,5,376,https://api-scuda.uat.oci.krungsri.tech/ords/api/v1/customer/individual/searchprofile,32,0,30
1779799498358,30,CreateIndividual,429,Too Many Requests,CreateIndividual 3-13,text,false,,417,8175,12,376,https://api-scuda.uat.oci.krungsri.tech/ic/api/v1/customer/individual/createprofile,30,0,28
1779799498310,105,SearchIndividual,200,OK,SearchIndividual 2-385,text,true,,1187,2602,8,381,https://api-scuda.uat.oci.krungsri.tech/ords/api/v1/customer/individual/searchprofile,104,0,74
1779799498325,111,SearchIndividual,429,Too Many Requests,SearchIndividual 2-386,text,false,,417,2602,10,384,https://api-scuda.uat.oci.krungsri.tech/ords/api/v1/customer/individual/searchprofile,111,0,100
1779799498410,26,SearchIndividual,429,Too Many Requests,SearchIndividual 2-392,text,false,,417,2602,10,384,https://api-scuda.uat.oci.krungsri.tech/ords/api/v1/customer/individual/searchprofile,26,0,23
1779799498342,100,SearchIndividual,429,Too Many Requests,SearchIndividual 2-390,text,false,,417,2602,8,382,https://api-scuda.uat.oci.krungsri.tech/ords/api/v1/customer/individual/searchprofile,100,0,87
1779799498415,29,SearchIndividual,429,Too Many Requests,SearchIndividual 2-395,text,false,,417,2602,9,383,https://api-scuda.uat.oci.krungsri.tech/ords/api/v1/customer/individual/searchprofile,29,0,27
1779799498421,24,SearchIndividual,429,Too Many Requests,SearchIndividual 2-396,text,false,,417,2602,7,381,https://api-scuda.uat.oci.krungsri.tech/ords/api/v1/customer/individual/searchprofile,24,0,22
1779799498363,88,SearchIndividual,429,Too Many Requests,SearchIndividual 2-391,text,false,,417,2602,6,382,https://api-scuda.uat.oci.krungsri.tech/ords/api/v1/customer/individual/searchprofile,88,0,74
1779799498435,17,SearchIndividual,429,Too Many Requests,SearchIndividual 2-398,text,false,,417,2602,5,381,https://api-scuda.uat.oci.krungsri.tech/ords/api/v1/customer/individual/searchprofile,17,0,13
1779799498446,18,SearchIndividual,429,Too Many Requests,SearchIndividual 2-399,text,false,,417,2602,5,382,https://api-scuda.uat.oci.krungsri.tech/ords/api/v1/customer/individual/searchprofile,18,0,16
1779799498416,104,SearchIndividual,429,Too Many Requests,SearchIndividual 2-394,text,false,,417,2602,4,382,https://api-scuda.uat.oci.krungsri.tech/ords/api/v1/customer/individual/searchprofile,104,0,47
1779799498411,109,SearchIndividual,429,Too Many Requests,SearchIndividual 2-393,text,false,,417,2602,4,382,https://api-scuda.uat.oci.krungsri.tech/ords/api/v1/customer/individual/searchprofile,109,0,59
1779799498456,70,UpdateJoint,429,Too Many Requests,UpdateJoint 12-13,text,false,,417,4522,12,383,https://api-scuda.uat.oci.krungsri.tech/ic/api/v1/customer/joint/updateprofile,70,0,67
1779799498458,71,SearchIndividual,429,Too Many Requests,SearchIndividual 2-400,text,false,,417,2602,3,383,https://api-scuda.uat.oci.krungsri.tech/ords/api/v1/customer/individual/searchprofile,71,0,65
1779799498425,109,SearchIndividual,200,OK,SearchIndividual 2-397,text,true,,1217,2602,3,387,https://api-scuda.uat.oci.krungsri.tech/ords/api/v1/customer/individual/searchprofile,109,0,93
1779799498523,16,GetJuristic,429,Too Many Requests,GetJuristic 5-13,text,false,,417,3533,6,386,https://api-scuda.uat.oci.krungsri.tech/ic/api/v1/customer/juristic/getprofile,16,0,14
1779799498534,18,GetIndividual,429,Too Many Requests,GetIndividual 1-242,text,false,,417,3588,187,388,https://api-scuda.uat.oci.krungsri.tech/ic/api/v1/customer/individual/getprofile,18,0,15
1779799498531,25,SearchIndividual,429,Too Many Requests,SearchIndividual 2-402,text,false,,417,2602,4,387,https://api-scuda.uat.oci.krungsri.tech/ords/api/v1/customer/individual/searchprofile,25,0,22
1779799498531,25,UpdateJuristic,429,Too Many Requests,UpdateJuristic 8-13,text,false,,417,5742,10,387,https://api-scuda.uat.oci.krungsri.tech/ic/api/v1/customer/juristic/updateprofile,25,0,23
1779799498535,24,GetIndividual,429,Too Many Requests,GetIndividual 1-240,text,false,,417,3588,186,385,https://api-scuda.uat.oci.krungsri.tech/ic/api/v1/customer/individual/getprofile,24,0,22
1779799498539,23,UpdateIndividual,429,Too Many Requests,UpdateIndividual 4-159,text,false,,417,5685,130,385,https://api-scuda.uat.oci.krungsri.tech/ic/api/v1/customer/individual/updateprofile,23,0,22
1779799498535,29,GetIndividual,429,Too Many Requests,GetIndividual 1-245,text,false,,417,3588,185,384,https://api-scuda.uat.oci.krungsri.tech/ic/api/v1/customer/individual/getprofile,29,0,25
1779799498536,30,GetIndividual,429,Too Many Requests,GetIndividual 1-246,text,false,,417,3588,184,383,https://api-scuda.uat.oci.krungsri.tech/ic/api/v1/customer/individual/getprofile,30,0,26
1779799490900,7667,GetIndividual,200,OK,GetIndividual 1-17,text,true,,3841,3588,184,383,https://api-scuda.uat.oci.krungsri.tech/ic/api/v1/customer/individual/getprofile,7667,0,54
1779799490872,7697,GetIndividual,200,OK,GetIndividual 1-30,text,true,,3804,3588,182,381,https://api-scuda.uat.oci.krungsri.tech/ic/api/v1/customer/individual/getprofile,7697,0,72
1779799498544,30,SearchIndividual,429,Too Many Requests,SearchIndividual 2-403,text,false,,417,2602,3,381,https://api-scuda.uat.oci.krungsri.tech/ords/api/v1/customer/individual/searchprofile,30,0,25
1779799498548,35,SearchIndividual,200,OK,SearchIndividual 2-404,text,true,,1187,2602,3,381,https://api-scuda.uat.oci.krungsri.tech/ords/api/v1/customer/individual/searchprofile,35,0,23
1779799498529,73,SearchIndividual,429,Too Many Requests,SearchIndividual 2-401,text,false,,417,2602,2,382,https://api-scuda.uat.oci.krungsri.tech/ords/api/v1/customer/individual/searchprofile,73,0,72
1779799498577,36,SearchIndividual,200,OK,SearchIndividual 2-405,text,true,,1157,2602,1,384,https://api-scuda.uat.oci.krungsri.tech/ords/api/v1/customer/individual/searchprofile,36,0,21
1779799498605,20,GetIndividual,429,Too Many Requests,GetIndividual 1-243,text,false,,417,3588,186,387,https://api-scuda.uat.oci.krungsri.tech/ic/api/v1/customer/individual/getprofile,20,0,18
1779799498573,57,GetIndividual,429,Too Many Requests,GetIndividual 1-248,text,false,,417,3588,185,387,https://api-scuda.uat.oci.krungsri.tech/ic/api/v1/customer/individual/getprofile,57,0,55
1779799498610,22,UpdateIndividual,429,Too Many Requests,UpdateIndividual 4-161,text,false,,417,4229,132,386,https://api-scuda.uat.oci.krungsri.tech/ic/api/v1/customer/individual/updateprofile,22,0,21
1779799498620,17,GetIndividual,429,Too Many Requests,GetIndividual 1-249,text,false,,417,3588,184,385,https://api-scuda.uat.oci.krungsri.tech/ic/api/v1/customer/individual/getprofile,17,0,14
1779799498622,21,SearchIndividual,429,Too Many Requests,SearchIndividual 2-407,text,false,,417,2602,5,386,https://api-scuda.uat.oci.krungsri.tech/ords/api/v1/customer/individual/searchprofile,21,0,17
1779799498625,21,GetIndividual,429,Too Many Requests,GetIndividual 1-250,text,false,,417,3588,183,385,https://api-scuda.uat.oci.krungsri.tech/ic/api/v1/customer/individual/getprofile,21,0,18
1779799498621,35,SearchIndividual,200,OK,SearchIndividual 2-406,text,true,,1207,2602,4,384,https://api-scuda.uat.oci.krungsri.tech/ords/api/v1/customer/individual/searchprofile,35,0,23
1779799498610,48,UpdateIndividual,429,Too Many Requests,UpdateIndividual 4-160,text,false,,417,4227,131,383,https://api-scuda.uat.oci.krungsri.tech/ic/api/v1/customer/individual/updateprofile,48,0,36
1779799498629,38,SearchIndividual,200,OK,SearchIndividual 2-408,text,true,,1171,2602,4,384,https://api-scuda.uat.oci.krungsri.tech/ords/api/v1/customer/individual/searchprofile,38,0,22
1779799498642,32,SearchIndividual,429,Too Many Requests,SearchIndividual 2-410,text,false,,417,2602,3,385,https://api-scuda.uat.oci.krungsri.tech/ords/api/v1/customer/individual/searchprofile,32,0,27
1779799498641,48,SearchIndividual,200,OK,SearchIndividual 2-409,text,true,,1243,2602,4,386,https://api-scuda.uat.oci.krungsri.tech/ords/api/v1/customer/individual/searchprofile,47,0,19
1779799498715,18,GetIndividual,429,Too Many Requests,GetIndividual 1-253,text,false,,417,3588,186,391,https://api-scuda.uat.oci.krungsri.tech/ic/api/v1/customer/individual/getprofile,18,0,16
1779799498694,37,SearchIndividual,200,OK,SearchIndividual 2-414,text,true,,1177,2602,6,391,https://api-scuda.uat.oci.krungsri.tech/ords/api/v1/customer/individual/searchprofile,37,0,26
1779799498686,44,SearchIndividual,429,Too Many Requests,SearchIndividual 2-413,text,false,,417,2601,6,391,https://api-scuda.uat.oci.krungsri.tech/ords/api/v1/customer/individual/searchprofile,44,0,43
1779799498699,25,SearchIndividual,429,Too Many Requests,SearchIndividual 2-415,text,false,,417,2602,5,390,https://api-scuda.uat.oci.krungsri.tech/ords/api/v1/customer/individual/searchprofile,25,0,22
1779799498678,39,UpdateIndividual,429,Too Many Requests,UpdateIndividual 4-165,text,false,,417,5565,132,389,https://api-scuda.uat.oci.krungsri.tech/ic/api/v1/customer/individual/updateprofile,39,0,34
1779799498671,39,UpdateIndividual,429,Too Many Requests,UpdateIndividual 4-164,text,false,,417,4229,132,388,https://api-scuda.uat.oci.krungsri.tech/ic/api/v1/customer/individual/updateprofile,39,0,38
1779799498678,31,SearchIndividual,200,OK,SearchIndividual 2-412,text,true,,1179,2602,5,388,https://api-scuda.uat.oci.krungsri.tech/ords/api/v1/customer/individual/searchprofile,31,0,19
1779799498665,49,SearchIndividual,429,Too Many Requests,SearchIndividual 2-411,text,false,,417,2602,5,389,https://api-scuda.uat.oci.krungsri.tech/ords/api/v1/customer/individual/searchprofile,49,0,48
1779799498705,34,GetIndividual,429,Too Many Requests,GetIndividual 1-252,text,false,,417,3588,187,393,https://api-scuda.uat.oci.krungsri.tech/ic/api/v1/customer/individual/getprofile,34,0,32
1779799498730,32,SearchIndividual,200,OK,SearchIndividual 2-416,text,true,,1135,2602,3,387,https://api-scuda.uat.oci.krungsri.tech/ords/api/v1/customer/individual/searchprofile,32,0,19
1779799498741,31,SearchIndividual,429,Too Many Requests,SearchIndividual 2-417,text,false,,417,2602,3,389,https://api-scuda.uat.oci.krungsri.tech/ords/api/v1/customer/individual/searchprofile,30,0,28
1779799498752,32,UpdateIndividual,429,Too Many Requests,UpdateIndividual 4-166,text,false,,417,5562,133,389,https://api-scuda.uat.oci.krungsri.tech/ic/api/v1/customer/individual/updateprofile,32,0,29
1779799498773,17,SearchIndividual,429,Too Many Requests,SearchIndividual 2-419,text,false,,417,2602,2,388,https://api-scuda.uat.oci.krungsri.tech/ords/api/v1/customer/individual/searchprofile,17,0,15
1779799498771,26,UpdateIndividual,429,Too Many Requests,UpdateIndividual 4-168,text,false,,417,5584,132,388,https://api-scuda.uat.oci.krungsri.tech/ic/api/v1/customer/individual/updateprofile,26,0,25
1779799498752,94,SearchIndividual,200,OK,SearchIndividual 2-418,text,true,,1139,2602,3,389,https://api-scuda.uat.oci.krungsri.tech/ords/api/v1/customer/individual/searchprofile,94,0,56
1779799498771,81,UpdateIndividual,429,Too Many Requests,UpdateIndividual 4-167,text,false,,417,5572,131,388,https://api-scuda.uat.oci.krungsri.tech/ic/api/v1/customer/individual/updateprofile,81,0,60
1779799498777,84,GetIndividual,429,Too Many Requests,GetIndividual 1-257,text,false,,417,3587,188,387,https://api-scuda.uat.oci.krungsri.tech/ic/api/v1/customer/individual/getprofile,84,0,73
1779799498760,104,GetIndividual,429,Too Many Requests,GetIndividual 1-256,text,false,,417,3588,187,386,https://api-scuda.uat.oci.krungsri.tech/ic/api/v1/customer/individual/getprofile,104,0,90
1779799498833,43,SearchIndividual,200,OK,SearchIndividual 2-421,text,true,,1139,2602,2,385,https://api-scuda.uat.oci.krungsri.tech/ords/api/v1/customer/individual/searchprofile,43,0,30
1779799498797,81,SearchIndividual,200,OK,SearchIndividual 2-420,text,true,,1173,2602,1,384,https://api-scuda.uat.oci.krungsri.tech/ords/api/v1/customer/individual/searchprofile,80,0,66
1779799498823,59,GetIndividual,429,Too Many Requests,GetIndividual 1-258,text,false,,417,3588,187,385,https://api-scuda.uat.oci.krungsri.tech/ic/api/v1/customer/individual/getprofile,59,0,54
1779799498893,35,SearchIndividual,429,Too Many Requests,SearchIndividual 2-423,text,false,,417,2602,3,388,https://api-scuda.uat.oci.krungsri.tech/ords/api/v1/customer/individual/searchprofile,35,0,33
1779799498881,65,SearchIndividual,200,OK,SearchIndividual 2-422,text,true,,1185,2602,4,389,https://api-scuda.uat.oci.krungsri.tech/ords/api/v1/customer/individual/searchprofile,65,0,48
1779799498892,54,GetIndividual,429,Too Many Requests,GetIndividual 1-260,text,false,,417,3588,187,389,https://api-scuda.uat.oci.krungsri.tech/ic/api/v1/customer/individual/getprofile,54,0,46
1779799498938,24,SearchIndividual,429,Too Many Requests,SearchIndividual 2-426,text,false,,417,2602,4,388,https://api-scuda.uat.oci.krungsri.tech/ords/api/v1/customer/individual/searchprofile,24,0,22
1779799498928,35,SearchIndividual,429,Too Many Requests,SearchIndividual 2-424,text,false,,417,2602,4,388,https://api-scuda.uat.oci.krungsri.tech/ords/api/v1/customer/individual/searchprofile,35,0,32
1779799498938,32,SearchIndividual,429,Too Many Requests,SearchIndividual 2-425,text,false,,417,2602,2,386,https://api-scuda.uat.oci.krungsri.tech/ords/api/v1/customer/individual/searchprofile,32,0,30
1779799498959,12,SearchIndividual,429,Too Many Requests,SearchIndividual 2-427,text,false,,417,2602,2,386,https://api-scuda.uat.oci.krungsri.tech/ords/api/v1/customer/individual/searchprofile,12,0,10
1779799498984,30,SearchIndividual,429,Too Many Requests,SearchIndividual 2-428,text,false,,417,2601,5,392,https://api-scuda.uat.oci.krungsri.tech/ords/api/v1/customer/individual/searchprofile,30,0,26
1779799498997,26,SearchIndividual,429,Too Many Requests,SearchIndividual 2-431,text,false,,417,2602,4,394,https://api-scuda.uat.oci.krungsri.tech/ords/api/v1/customer/individual/searchprofile,26,0,25
1779799498987,37,SearchIndividual,200,OK,SearchIndividual 2-429,text,true,,1205,2602,4,394,https://api-scuda.uat.oci.krungsri.tech/ords/api/v1/customer/individual/searchprofile,37,0,22
1779799498997,29,SearchIndividual,429,Too Many Requests,SearchIndividual 2-430,text,false,,417,2602,2,392,https://api-scuda.uat.oci.krungsri.tech/ords/api/v1/customer/individual/searchprofile,29,0,27
1779799499011,19,SearchIndividual,429,Too Many Requests,SearchIndividual 2-432,text,false,,417,2602,1,391,https://api-scuda.uat.oci.krungsri.tech/ords/api/v1/customer/individual/searchprofile,19,0,17
1779799499020,11,SearchJoint,429,Too Many Requests,SearchJoint 10-13,text,false,,417,2627,1,391,https://api-scuda.uat.oci.krungsri.tech/ords/api/v1/customer/joint/searchprofile,11,0,8
1779799499021,17,GetIndividual,429,Too Many Requests,GetIndividual 1-263,text,false,,417,3588,189,390,https://api-scuda.uat.oci.krungsri.tech/ic/api/v1/customer/individual/getprofile,17,0,16
1779799499020,35,GetIndividual,429,Too Many Requests,GetIndividual 1-262,text,false,,417,3588,188,390,https://api-scuda.uat.oci.krungsri.tech/ic/api/v1/customer/individual/getprofile,35,0,32
1779799499033,23,SearchIndividual,429,Too Many Requests,SearchIndividual 2-433,text,false,,417,2602,2,390,https://api-scuda.uat.oci.krungsri.tech/ords/api/v1/customer/individual/searchprofile,23,0,22
1779799499054,24,SearchIndividual,429,Too Many Requests,SearchIndividual 2-434,text,false,,417,2602,3,392,https://api-scuda.uat.oci.krungsri.tech/ords/api/v1/customer/individual/searchprofile,24,0,21
1779799499060,28,SearchIndividual,200,OK,SearchIndividual 2-435,text,true,,1193,2602,2,392,https://api-scuda.uat.oci.krungsri.tech/ords/api/v1/customer/individual/searchprofile,27,0,15
1779799499063,24,SearchIndividual,429,Too Many Requests,SearchIndividual 2-436,text,false,,417,2602,2,392,https://api-scuda.uat.oci.krungsri.tech/ords/api/v1/customer/individual/searchprofile,24,0,23
1779799499065,39,SearchJuristic,200,OK,SearchJuristic 6-13,text,true,,984,2600,1,393,https://api-scuda.uat.oci.krungsri.tech/ords/api/v1/customer/juristic/searchprofile,39,0,26
1779799499126,20,GetIndividual,429,Too Many Requests,GetIndividual 1-265,text,false,,417,3588,189,396,https://api-scuda.uat.oci.krungsri.tech/ic/api/v1/customer/individual/getprofile,20,0,19
1779799499105,49,SearchIndividual,200,OK,SearchIndividual 2-437,text,true,,1157,2602,2,395,https://api-scuda.uat.oci.krungsri.tech/ords/api/v1/customer/individual/searchprofile,48,0,24
1779799499144,16,UpdateIndividual,429,Too Many Requests,UpdateIndividual 4-175,text,false,,417,5627,137,394,https://api-scuda.uat.oci.krungsri.tech/ic/api/v1/customer/individual/updateprofile,16,0,14
1779799499136,38,SearchIndividual,200,OK,SearchIndividual 2-438,text,true,,1151,2602,1,393,https://api-scuda.uat.oci.krungsri.tech/ords/api/v1/customer/individual/searchprofile,38,0,26
1779799490813,8381,GetIndividual,200,OK,GetIndividual 1-22,text,true,,3802,3588,188,392,https://api-scuda.uat.oci.krungsri.tech/ic/api/v1/customer/individual/getprofile,8381,0,31
1779799490908,8286,GetIndividual,200,OK,GetIndividual 1-6,text,true,,3829,3588,188,392,https://api-scuda.uat.oci.krungsri.tech/ic/api/v1/customer/individual/getprofile,8286,0,0
1779799499243,33,SearchIndividual,200,OK,SearchIndividual 2-439,text,true,,1153,2600,8,405,https://api-scuda.uat.oci.krungsri.tech/ords/api/v1/customer/individual/searchprofile,33,0,19
1779799491413,7874,GetIndividual,200,OK,GetIndividual 1-37,text,true,,3890,3588,192,406,https://api-scuda.uat.oci.krungsri.tech/ic/api/v1/customer/individual/getprofile,7874,0,19
1779799499256,31,SearchIndividual,429,Too Many Requests,SearchIndividual 2-441,text,false,,417,2602,7,406,https://api-scuda.uat.oci.krungsri.tech/ords/api/v1/customer/individual/searchprofile,31,0,20
1779799499260,29,SearchIndividual,429,Too Many Requests,SearchIndividual 2-444,text,false,,417,2602,6,404,https://api-scuda.uat.oci.krungsri.tech/ords/api/v1/customer/individual/searchprofile,29,0,21
1779799492408,6882,GetIndividual,200,OK,GetIndividual 1-70,text,true,,3872,3588,191,404,https://api-scuda.uat.oci.krungsri.tech/ic/api/v1/customer/individual/getprofile,6882,0,42
1779799499254,35,CreateJoint,429,Too Many Requests,CreateJoint 11-13,text,false,,417,6003,11,404,https://api-scuda.uat.oci.krungsri.tech/ic/api/v1/customer/joint/createprofile,35,0,33
1779799499261,30,SearchIndividual,200,OK,SearchIndividual 2-446,text,true,,1179,2602,5,401,https://api-scuda.uat.oci.krungsri.tech/ords/api/v1/customer/individual/searchprofile,30,0,19
1779799499260,34,SearchIndividual,200,OK,SearchIndividual 2-445,text,true,,1237,2602,6,403,https://api-scuda.uat.oci.krungsri.tech/ords/api/v1/customer/individual/searchprofile,34,0,16
1779799499259,38,SearchIndividual,200,OK,SearchIndividual 2-442,text,true,,1183,2602,6,403,https://api-scuda.uat.oci.krungsri.tech/ords/api/v1/customer/individual/searchprofile,38,0,27
1779799499262,39,SearchIndividual,200,OK,SearchIndividual 2-443,text,true,,1193,2602,6,404,https://api-scuda.uat.oci.krungsri.tech/ords/api/v1/customer/individual/searchprofile,39,0,27
1779799499244,60,SearchIndividual,200,OK,SearchIndividual 2-440,text,true,,1173,2602,5,404,https://api-scuda.uat.oci.krungsri.tech/ords/api/v1/customer/individual/searchprofile,60,0,28
1779799499300,27,SearchJuristic,429,Too Many Requests,SearchJuristic 6-14,text,false,,417,2600,1,406,https://api-scuda.uat.oci.krungsri.tech/ords/api/v1/customer/juristic/searchprofile,27,0,25
1779799499304,27,GetIndividual,429,Too Many Requests,GetIndividual 1-275,text,false,,417,3588,192,406,https://api-scuda.uat.oci.krungsri.tech/ic/api/v1/customer/individual/getprofile,27,0,25
1779799499300,36,SearchIndividual,200,OK,SearchIndividual 2-450,text,true,,1161,2602,8,405,https://api-scuda.uat.oci.krungsri.tech/ords/api/v1/customer/individual/searchprofile,36,0,25
1779799499294,42,SearchIndividual,429,Too Many Requests,SearchIndividual 2-447,text,false,,417,2602,8,405,https://api-scuda.uat.oci.krungsri.tech/ords/api/v1/customer/individual/searchprofile,42,0,34
1779799499294,46,SearchIndividual,429,Too Many Requests,SearchIndividual 2-448,text,false,,417,2602,6,403,https://api-scuda.uat.oci.krungsri.tech/ords/api/v1/customer/individual/searchprofile,46,0,37
1779799499312,29,SearchIndividual,429,Too Many Requests,SearchIndividual 2-451,text,false,,417,2602,6,403,https://api-scuda.uat.oci.krungsri.tech/ords/api/v1/customer/individual/searchprofile,29,0,27
1779799499317,24,SearchIndividual,429,Too Many Requests,SearchIndividual 2-453,text,false,,417,2602,6,403,https://api-scuda.uat.oci.krungsri.tech/ords/api/v1/customer/individual/searchprofile,24,0,22
1779799499297,59,SearchIndividual,200,OK,SearchIndividual 2-449,text,true,,1169,2602,5,402,https://api-scuda.uat.oci.krungsri.tech/ords/api/v1/customer/individual/searchprofile,59,0,21
1779799499332,35,SearchIndividual,200,OK,SearchIndividual 2-454,text,true,,1202,2601,5,403,https://api-scuda.uat.oci.krungsri.tech/ords/api/v1/customer/individual/searchprofile,35,0,24
1779799499312,56,SearchIndividual,200,OK,SearchIndividual 2-452,text,true,,1161,2602,5,403,https://api-scuda.uat.oci.krungsri.tech/ords/api/v1/customer/individual/searchprofile,56,0,31
1779799499344,27,SearchIndividual,429,Too Many Requests,SearchIndividual 2-455,text,false,,417,2602,3,401,https://api-scuda.uat.oci.krungsri.tech/ords/api/v1/customer/individual/searchprofile,27,0,26
1779799499353,20,SearchIndividual,429,Too Many Requests,SearchIndividual 2-456,text,false,,417,2601,2,400,https://api-scuda.uat.oci.krungsri.tech/ords/api/v1/customer/individual/searchprofile,20,0,18
1779799499360,63,SearchIndividual,200,OK,SearchIndividual 2-457,text,true,,1147,2602,3,402,https://api-scuda.uat.oci.krungsri.tech/ords/api/v1/customer/individual/searchprofile,63,0,35
1779799499391,35,SearchIndividual,429,Too Many Requests,SearchIndividual 2-458,text,false,,417,2602,2,401,https://api-scuda.uat.oci.krungsri.tech/ords/api/v1/customer/individual/searchprofile,35,0,29
1779799499412,25,SearchIndividual,429,Too Many Requests,SearchIndividual 2-459,text,false,,417,2602,2,401,https://api-scuda.uat.oci.krungsri.tech/ords/api/v1/customer/individual/searchprofile,25,0,23
1779799499450,27,GetIndividual,429,Too Many Requests,GetIndividual 1-278,text,false,,417,3588,195,409,https://api-scuda.uat.oci.krungsri.tech/ic/api/v1/customer/individual/getprofile,27,0,23
1779799499454,29,UpdateIndividual,429,Too Many Requests,UpdateIndividual 4-180,text,false,,417,5633,141,410,https://api-scuda.uat.oci.krungsri.tech/ic/api/v1/customer/individual/updateprofile,29,0,27
1779799499463,28,GetIndividual,429,Too Many Requests,GetIndividual 1-280,text,false,,417,3588,195,409,https://api-scuda.uat.oci.krungsri.tech/ic/api/v1/customer/individual/getprofile,28,0,26
1779799499464,28,CreateJuristic,429,Too Many Requests,CreateJuristic 7-14,text,false,,417,7872,13,409,https://api-scuda.uat.oci.krungsri.tech/ic/api/v1/customer/juristic/createprofile,28,0,26
1779799499443,54,SearchIndividual,429,Too Many Requests,SearchIndividual 2-461,text,false,,417,2602,5,408,https://api-scuda.uat.oci.krungsri.tech/ords/api/v1/customer/individual/searchprofile,54,0,48
1779799499456,41,UpdateIndividual,429,Too Many Requests,UpdateIndividual 4-183,text,false,,417,4227,140,408,https://api-scuda.uat.oci.krungsri.tech/ic/api/v1/customer/individual/updateprofile,41,0,27
1779799499477,21,GetIndividual,429,Too Many Requests,GetIndividual 1-281,text,false,,417,3588,194,408,https://api-scuda.uat.oci.krungsri.tech/ic/api/v1/customer/individual/getprofile,21,0,17
1779799499479,22,SearchIndividual,429,Too Many Requests,SearchIndividual 2-463,text,false,,417,2602,5,406,https://api-scuda.uat.oci.krungsri.tech/ords/api/v1/customer/individual/searchprofile,22,0,20
1779799499453,49,SearchIndividual,429,Too Many Requests,SearchIndividual 2-462,text,false,,417,2602,5,406,https://api-scuda.uat.oci.krungsri.tech/ords/api/v1/customer/individual/searchprofile,49,0,41
1779799499484,25,GetIndividual,429,Too Many Requests,GetIndividual 1-282,text,false,,417,3588,193,405,https://api-scuda.uat.oci.krungsri.tech/ic/api/v1/customer/individual/getprofile,24,0,23
1779799499431,79,SearchIndividual,200,OK,SearchIndividual 2-460,text,true,,1169,2602,5,406,https://api-scuda.uat.oci.krungsri.tech/ords/api/v1/customer/individual/searchprofile,79,0,30
1779799499500,28,SearchIndividual,429,Too Many Requests,SearchIndividual 2-465,text,false,,417,2601,5,406,https://api-scuda.uat.oci.krungsri.tech/ords/api/v1/customer/individual/searchprofile,28,0,26
1779799499507,26,SearchIndividual,429,Too Many Requests,SearchIndividual 2-466,text,false,,417,2602,5,407,https://api-scuda.uat.oci.krungsri.tech/ords/api/v1/customer/individual/searchprofile,26,0,24
1779799499510,25,SearchIndividual,429,Too Many Requests,SearchIndividual 2-467,text,false,,417,2602,4,406,https://api-scuda.uat.oci.krungsri.tech/ords/api/v1/customer/individual/searchprofile,25,0,22
1779799499495,43,SearchIndividual,200,OK,SearchIndividual 2-464,text,true,,1127,2602,3,405,https://api-scuda.uat.oci.krungsri.tech/ords/api/v1/customer/individual/searchprofile,43,0,24
1779799499515,24,UpdateIndividual,429,Too Many Requests,UpdateIndividual 4-187,text,false,,417,4227,141,404,https://api-scuda.uat.oci.krungsri.tech/ic/api/v1/customer/individual/updateprofile,24,0,22
1779799499521,18,SearchIndividual,429,Too Many Requests,SearchIndividual 2-468,text,false,,417,2602,2,404,https://api-scuda.uat.oci.krungsri.tech/ords/api/v1/customer/individual/searchprofile,18,0,17
1779799499533,17,SearchIndividual,429,Too Many Requests,SearchIndividual 2-469,text,false,,417,2602,1,402,https://api-scuda.uat.oci.krungsri.tech/ords/api/v1/customer/individual/searchprofile,17,0,15
1779799499538,135,UpdateIndividual,429,Too Many Requests,UpdateIndividual 4-188,text,false,,417,5549,141,403,https://api-scuda.uat.oci.krungsri.tech/ic/api/v1/customer/individual/updateprofile,135,0,19
1779799499563,142,SearchIndividual,429,Too Many Requests,SearchIndividual 2-470,text,false,,417,2602,13,429,https://api-scuda.uat.oci.krungsri.tech/ords/api/v1/customer/individual/searchprofile,142,0,139
1779799499692,26,SearchIndividual,429,Too Many Requests,SearchIndividual 2-472,text,false,,417,2602,13,429,https://api-scuda.uat.oci.krungsri.tech/ords/api/v1/customer/individual/searchprofile,26,0,24
1779799499688,27,GetIndividual,429,Too Many Requests,GetIndividual 1-271,text,false,,417,3588,199,429,https://api-scuda.uat.oci.krungsri.tech/ic/api/v1/customer/individual/getprofile,27,0,19
1779799499691,34,SearchIndividual,429,Too Many Requests,SearchIndividual 2-471,text,false,,417,2602,12,427,https://api-scuda.uat.oci.krungsri.tech/ords/api/v1/customer/individual/searchprofile,34,0,32
1779799499693,33,SearchIndividual,429,Too Many Requests,SearchIndividual 2-478,text,false,,417,2601,12,427,https://api-scuda.uat.oci.krungsri.tech/ords/api/v1/customer/individual/searchprofile,33,0,30
1779799499693,33,SearchIndividual,429,Too Many Requests,SearchIndividual 2-474,text,false,,417,2602,12,427,https://api-scuda.uat.oci.krungsri.tech/ords/api/v1/customer/individual/searchprofile,33,0,25
1779799499694,32,UpdateIndividual,429,Too Many Requests,UpdateIndividual 4-185,text,false,,417,4227,148,427,https://api-scuda.uat.oci.krungsri.tech/ic/api/v1/customer/individual/updateprofile,32,0,30
1779799499693,34,UpdateIndividual,429,Too Many Requests,UpdateIndividual 4-184,text,false,,417,5521,148,427,https://api-scuda.uat.oci.krungsri.tech/ic/api/v1/customer/individual/updateprofile,34,0,32
1779799499691,36,SearchIndividual,429,Too Many Requests,SearchIndividual 2-473,text,false,,417,2602,12,427,https://api-scuda.uat.oci.krungsri.tech/ords/api/v1/customer/individual/searchprofile,36,0,28
1779799499692,35,UpdateIndividual,429,Too Many Requests,UpdateIndividual 4-182,text,false,,417,4227,148,427,https://api-scuda.uat.oci.krungsri.tech/ic/api/v1/customer/individual/updateprofile,35,0,30
1779799499693,35,GetIndividual,429,Too Many Requests,GetIndividual 1-279,text,false,,417,3588,198,427,https://api-scuda.uat.oci.krungsri.tech/ic/api/v1/customer/individual/getprofile,35,0,33
1779799499703,25,SearchIndividual,429,Too Many Requests,SearchIndividual 2-482,text,false,,417,2602,12,427,https://api-scuda.uat.oci.krungsri.tech/ords/api/v1/customer/individual/searchprofile,25,0,23
1779799499704,26,UpdateIndividual,429,Too Many Requests,UpdateIndividual 4-190,text,false,,417,5556,148,428,https://api-scuda.uat.oci.krungsri.tech/ic/api/v1/customer/individual/updateprofile,26,0,23
1779799499709,21,SearchIndividual,429,Too Many Requests,SearchIndividual 2-483,text,false,,417,2602,12,429,https://api-scuda.uat.oci.krungsri.tech/ords/api/v1/customer/individual/searchprofile,21,0,18
1779799499693,38,UpdateIndividual,429,Too Many Requests,UpdateIndividual 4-181,text,false,,417,5576,149,429,https://api-scuda.uat.oci.krungsri.tech/ic/api/v1/customer/individual/updateprofile,38,0,32
1779799499694,38,SearchIndividual,429,Too Many Requests,SearchIndividual 2-480,text,false,,417,2602,12,429,https://api-scuda.uat.oci.krungsri.tech/ords/api/v1/customer/individual/searchprofile,38,0,37
1779799499695,45,SearchIndividual,429,Too Many Requests,SearchIndividual 2-481,text,false,,417,2602,10,427,https://api-scuda.uat.oci.krungsri.tech/ords/api/v1/customer/individual/searchprofile,45,0,42
1779799499692,47,GetIndividual,429,Too Many Requests,GetIndividual 1-283,text,false,,417,3588,199,428,https://api-scuda.uat.oci.krungsri.tech/ic/api/v1/customer/individual/getprofile,47,0,45
1779799499694,46,UpdateIndividual,429,Too Many Requests,UpdateIndividual 4-191,text,false,,417,4227,149,427,https://api-scuda.uat.oci.krungsri.tech/ic/api/v1/customer/individual/updateprofile,46,0,37
1779799499680,61,UpdateIndividual,429,Too Many Requests,UpdateIndividual 4-189,text,false,,417,4232,148,426,https://api-scuda.uat.oci.krungsri.tech/ic/api/v1/customer/individual/updateprofile,61,0,53
1779799499769,20,GetIndividual,429,Too Many Requests,GetIndividual 1-288,text,false,,417,3588,200,421,https://api-scuda.uat.oci.krungsri.tech/ic/api/v1/customer/individual/getprofile,20,0,18
1779799499764,24,SearchIndividual,429,Too Many Requests,SearchIndividual 2-486,text,false,,417,2602,9,421,https://api-scuda.uat.oci.krungsri.tech/ords/api/v1/customer/individual/searchprofile,24,0,21
1779799499755,20,SearchIndividual,429,Too Many Requests,SearchIndividual 2-485,text,false,,417,2602,8,420,https://api-scuda.uat.oci.krungsri.tech/ords/api/v1/customer/individual/searchprofile,20,0,18
1779799499738,29,UpdateIndividual,429,Too Many Requests,UpdateIndividual 4-193,text,false,,417,5611,143,417,https://api-scuda.uat.oci.krungsri.tech/ic/api/v1/customer/individual/updateprofile,28,0,26
1779799499694,72,SearchIndividual,429,Too Many Requests,SearchIndividual 2-479,text,false,,417,2601,7,417,https://api-scuda.uat.oci.krungsri.tech/ords/api/v1/customer/individual/searchprofile,72,0,66
1779799499740,21,SearchIndividual,429,Too Many Requests,SearchIndividual 2-484,text,false,,417,2601,6,415,https://api-scuda.uat.oci.krungsri.tech/ords/api/v1/customer/individual/searchprofile,21,0,20
1779799499692,67,SearchIndividual,429,Too Many Requests,SearchIndividual 2-475,text,false,,417,2602,6,414,https://api-scuda.uat.oci.krungsri.tech/ords/api/v1/customer/individual/searchprofile,67,0,61
1779799499688,61,GetIndividual,429,Too Many Requests,GetIndividual 1-273,text,false,,417,3588,197,415,https://api-scuda.uat.oci.krungsri.tech/ic/api/v1/customer/individual/getprofile,61,0,48
1779799499692,55,SearchIndividual,429,Too Many Requests,SearchIndividual 2-477,text,false,,417,2602,6,417,https://api-scuda.uat.oci.krungsri.tech/ords/api/v1/customer/individual/searchprofile,55,0,44
1779799499692,55,GetIndividual,429,Too Many Requests,GetIndividual 1-276,text,false,,417,3588,198,417,https://api-scuda.uat.oci.krungsri.tech/ic/api/v1/customer/individual/getprofile,55,0,47
1779799499695,52,GetIndividual,429,Too Many Requests,GetIndividual 1-285,text,false,,417,3588,198,417,https://api-scuda.uat.oci.krungsri.tech/ic/api/v1/customer/individual/getprofile,52,0,41
1779799499692,53,UpdateIndividual,429,Too Many Requests,UpdateIndividual 4-186,text,false,,417,5571,145,419,https://api-scuda.uat.oci.krungsri.tech/ic/api/v1/customer/individual/updateprofile,53,0,43
1779799499693,52,SearchIndividual,429,Too Many Requests,SearchIndividual 2-476,text,false,,417,2602,7,419,https://api-scuda.uat.oci.krungsri.tech/ords/api/v1/customer/individual/searchprofile,52,0,40
1779799499692,51,GetIndividual,429,Too Many Requests,GetIndividual 1-284,text,false,,417,3588,198,422,https://api-scuda.uat.oci.krungsri.tech/ic/api/v1/customer/individual/getprofile,51,0,42
1779799499771,28,SearchIndividual,200,OK,SearchIndividual 2-487,text,true,,1166,2601,3,409,https://api-scuda.uat.oci.krungsri.tech/ords/api/v1/customer/individual/searchprofile,28,0,14
1779799499781,29,SearchIndividual,429,Too Many Requests,SearchIndividual 2-488,text,false,,417,2602,2,408,https://api-scuda.uat.oci.krungsri.tech/ords/api/v1/customer/individual/searchprofile,29,0,25
1779799499763,48,GetIndividual,429,Too Many Requests,GetIndividual 1-287,text,false,,417,3588,196,408,https://api-scuda.uat.oci.krungsri.tech/ic/api/v1/customer/individual/getprofile,48,0,42
1779799499792,38,SearchIndividual,429,Too Many Requests,SearchIndividual 2-489,text,false,,417,2602,1,409,https://api-scuda.uat.oci.krungsri.tech/ords/api/v1/customer/individual/searchprofile,38,0,32
1779799499819,17,GetIndividual,429,Too Many Requests,GetIndividual 1-293,text,false,,417,3588,197,409,https://api-scuda.uat.oci.krungsri.tech/ic/api/v1/customer/individual/getprofile,17,0,16
1779799499815,23,GetIndividual,429,Too Many Requests,GetIndividual 1-292,text,false,,417,3588,196,408,https://api-scuda.uat.oci.krungsri.tech/ic/api/v1/customer/individual/getprofile,23,0,21
1779799499826,38,UpdateIndividual,429,Too Many Requests,UpdateIndividual 4-195,text,false,,417,5624,143,409,https://api-scuda.uat.oci.krungsri.tech/ic/api/v1/customer/individual/updateprofile,38,0,21
1779799499843,30,UpdateIndividual,429,Too Many Requests,UpdateIndividual 4-192,text,false,,417,4228,143,415,https://api-scuda.uat.oci.krungsri.tech/ic/api/v1/customer/individual/updateprofile,30,0,28
1779799499874,22,SearchIndividual,429,Too Many Requests,SearchIndividual 2-493,text,false,,417,2602,5,418,https://api-scuda.uat.oci.krungsri.tech/ords/api/v1/customer/individual/searchprofile,22,0,20
1779799499868,32,GetJoint,429,Too Many Requests,GetJoint 9-14,text,false,,417,3530,11,417,https://api-scuda.uat.oci.krungsri.tech/ic/api/v1/customer/joint/getprofile,32,0,29
1779799499877,23,GetIndividual,429,Too Many Requests,GetIndividual 1-296,text,false,,417,3588,199,417,https://api-scuda.uat.oci.krungsri.tech/ic/api/v1/customer/individual/getprofile,23,0,21
1779799499878,24,GetIndividual,429,Too Many Requests,GetIndividual 1-290,text,false,,417,3588,199,416,https://api-scuda.uat.oci.krungsri.tech/ic/api/v1/customer/individual/getprofile,24,0,22
1779799499873,34,SearchIndividual,429,Too Many Requests,SearchIndividual 2-492,text,false,,417,2602,4,415,https://api-scuda.uat.oci.krungsri.tech/ords/api/v1/customer/individual/searchprofile,34,0,28
1779799499882,27,SearchIndividual,429,Too Many Requests,SearchIndividual 2-494,text,false,,417,2602,3,414,https://api-scuda.uat.oci.krungsri.tech/ords/api/v1/customer/individual/searchprofile,27,0,25
1779799499912,26,GetIndividual,429,Too Many Requests,GetIndividual 1-297,text,false,,417,3588,200,417,https://api-scuda.uat.oci.krungsri.tech/ic/api/v1/customer/individual/getprofile,26,0,23
1779799499918,25,GetIndividual,429,Too Many Requests,GetIndividual 1-298,text,false,,417,3588,200,417,https://api-scuda.uat.oci.krungsri.tech/ic/api/v1/customer/individual/getprofile,25,0,22
1779799499918,27,UpdateIndividual,429,Too Many Requests,UpdateIndividual 4-197,text,false,,417,5614,143,416,https://api-scuda.uat.oci.krungsri.tech/ic/api/v1/customer/individual/updateprofile,27,0,24
1779799499866,84,SearchIndividual,200,OK,SearchIndividual 2-490,text,true,,1137,2602,3,416,https://api-scuda.uat.oci.krungsri.tech/ords/api/v1/customer/individual/searchprofile,83,0,45
1779799499877,73,GetJuristic,429,Too Many Requests,GetJuristic 5-14,text,false,,417,3533,6,416,https://api-scuda.uat.oci.krungsri.tech/ic/api/v1/customer/juristic/getprofile,73,0,59
1779799499867,84,GetIndividual,429,Too Many Requests,GetIndividual 1-295,text,false,,417,3588,200,414,https://api-scuda.uat.oci.krungsri.tech/ic/api/v1/customer/individual/getprofile,84,0,71
1779799499922,30,SearchIndividual,429,Too Many Requests,SearchIndividual 2-495,text,false,,417,2602,2,413,https://api-scuda.uat.oci.krungsri.tech/ords/api/v1/customer/individual/searchprofile,30,0,23
1779799499872,82,SearchIndividual,429,Too Many Requests,SearchIndividual 2-491,text,false,,417,2602,2,413,https://api-scuda.uat.oci.krungsri.tech/ords/api/v1/customer/individual/searchprofile,82,0,76
1779799499893,62,UpdateJoint,429,Too Many Requests,UpdateJoint 12-14,text,false,,417,4478,12,411,https://api-scuda.uat.oci.krungsri.tech/ic/api/v1/customer/joint/updateprofile,62,0,56
1779799499938,26,GetIndividual,429,Too Many Requests,GetIndividual 1-299,text,false,,417,3588,199,411,https://api-scuda.uat.oci.krungsri.tech/ic/api/v1/customer/individual/getprofile,26,0,25
1779799499949,20,GetIndividual,429,Too Many Requests,GetIndividual 1-301,text,false,,417,3588,198,410,https://api-scuda.uat.oci.krungsri.tech/ic/api/v1/customer/individual/getprofile,20,0,18
1779799499944,36,GetIndividual,429,Too Many Requests,GetIndividual 1-300,text,false,,417,3588,197,409,https://api-scuda.uat.oci.krungsri.tech/ic/api/v1/customer/individual/getprofile,36,0,32
1779799491552,8443,GetIndividual,200,OK,GetIndividual 1-46,text,true,,3850,3588,196,409,https://api-scuda.uat.oci.krungsri.tech/ic/api/v1/customer/individual/getprofile,8443,0,40
1779799499990,32,SearchIndividual,200,OK,SearchIndividual 2-496,text,true,,1179,2602,3,413,https://api-scuda.uat.oci.krungsri.tech/ords/api/v1/customer/individual/searchprofile,32,0,17
1779799500004,24,GetIndividual,429,Too Many Requests,GetIndividual 1-302,text,false,,417,3588,197,414,https://api-scuda.uat.oci.krungsri.tech/ic/api/v1/customer/individual/getprofile,24,0,21
1779799500010,24,SearchJoint,429,Too Many Requests,SearchJoint 10-14,text,false,,417,2627,1,415,https://api-scuda.uat.oci.krungsri.tech/ords/api/v1/customer/joint/searchprofile,24,0,22
1779799500012,22,SearchIndividual,429,Too Many Requests,SearchIndividual 2-498,text,false,,417,2602,5,415,https://api-scuda.uat.oci.krungsri.tech/ords/api/v1/customer/individual/searchprofile,22,0,21
1779799500021,27,GetIndividual,429,Too Many Requests,GetIndividual 1-303,text,false,,417,3588,196,417,https://api-scuda.uat.oci.krungsri.tech/ic/api/v1/customer/individual/getprofile,27,0,22
1779799500029,20,SearchIndividual,429,Too Many Requests,SearchIndividual 2-500,text,false,,417,2602,7,417,https://api-scuda.uat.oci.krungsri.tech/ords/api/v1/customer/individual/searchprofile,20,0,17
1779799500046,14,CreateIndividual,429,Too Many Requests,CreateIndividual 3-14,text,false,,417,8361,12,417,https://api-scuda.uat.oci.krungsri.tech/ic/api/v1/customer/individual/createprofile,14,0,12
1779799500035,26,SearchIndividual,429,Too Many Requests,SearchIndividual 2-501,text,false,,417,2602,7,417,https://api-scuda.uat.oci.krungsri.tech/ords/api/v1/customer/individual/searchprofile,26,0,25
1779799500042,18,UpdateIndividual,429,Too Many Requests,UpdateIndividual 4-198,text,false,,417,4229,144,417,https://api-scuda.uat.oci.krungsri.tech/ic/api/v1/customer/individual/updateprofile,18,0,16
1779799500001,64,SearchIndividual,429,Too Many Requests,SearchIndividual 2-497,text,false,,417,2602,6,415,https://api-scuda.uat.oci.krungsri.tech/ords/api/v1/customer/individual/searchprofile,64,0,54
1779799490830,9245,GetIndividual,200,OK,GetIndividual 1-15,text,true,,3805,3588,195,416,https://api-scuda.uat.oci.krungsri.tech/ic/api/v1/customer/individual/getprofile,9245,0,0
1779799500058,19,UpdateIndividual,429,Too Many Requests,UpdateIndividual 4-199,text,false,,417,4231,144,415,https://api-scuda.uat.oci.krungsri.tech/ic/api/v1/customer/individual/updateprofile,19,0,17
1779799500039,40,SearchIndividual,200,OK,SearchIndividual 2-502,text,true,,1129,2602,7,414,https://api-scuda.uat.oci.krungsri.tech/ords/api/v1/customer/individual/searchprofile,39,0,27
1779799500070,14,SearchIndividual,429,Too Many Requests,SearchIndividual 2-506,text,false,,417,2602,6,413,https://api-scuda.uat.oci.krungsri.tech/ords/api/v1/customer/individual/searchprofile,14,0,12
1779799500024,64,SearchIndividual,429,Too Many Requests,SearchIndividual 2-499,text,false,,417,2602,6,413,https://api-scuda.uat.oci.krungsri.tech/ords/api/v1/customer/individual/searchprofile,64,0,60
1779799500056,37,SearchIndividual,200,OK,SearchIndividual 2-505,text,true,,1165,2602,5,412,https://api-scuda.uat.oci.krungsri.tech/ords/api/v1/customer/individual/searchprofile,36,0,23
1779799500039,55,SearchIndividual,429,Too Many Requests,SearchIndividual 2-503,text,false,,417,2602,5,412,https://api-scuda.uat.oci.krungsri.tech/ords/api/v1/customer/individual/searchprofile,55,0,46
1779799500071,36,SearchIndividual,429,Too Many Requests,SearchIndividual 2-507,text,false,,417,2602,3,411,https://api-scuda.uat.oci.krungsri.tech/ords/api/v1/customer/individual/searchprofile,36,0,31
1779799500043,68,SearchIndividual,429,Too Many Requests,SearchIndividual 2-504,text,false,,417,2602,2,410,https://api-scuda.uat.oci.krungsri.tech/ords/api/v1/customer/individual/searchprofile,68,0,64
1779799500076,36,UpdateIndividual,429,Too Many Requests,UpdateIndividual 4-200,text,false,,417,5610,143,410,https://api-scuda.uat.oci.krungsri.tech/ic/api/v1/customer/individual/updateprofile,36,0,35
1779799500087,35,SearchIndividual,429,Too Many Requests,SearchIndividual 2-508,text,false,,417,2602,1,408,https://api-scuda.uat.oci.krungsri.tech/ords/api/v1/customer/individual/searchprofile,35,0,33
1779799500097,26,GetIndividual,429,Too Many Requests,GetIndividual 1-304,text,false,,417,3588,195,408,https://api-scuda.uat.oci.krungsri.tech/ic/api/v1/customer/individual/getprofile,26,0,24
1779799500137,19,GetIndividual,429,Too Many Requests,GetIndividual 1-305,text,false,,417,3588,195,409,https://api-scuda.uat.oci.krungsri.tech/ic/api/v1/customer/individual/getprofile,19,0,17
1779799500137,30,SearchIndividual,429,Too Many Requests,SearchIndividual 2-509,text,false,,417,2602,1,409,https://api-scuda.uat.oci.krungsri.tech/ords/api/v1/customer/individual/searchprofile,30,0,28
1779799500138,32,UpdateIndividual,429,Too Many Requests,UpdateIndividual 4-201,text,false,,417,5578,143,408,https://api-scuda.uat.oci.krungsri.tech/ic/api/v1/customer/individual/updateprofile,32,0,30
1779799500204,11,SearchIndividual,429,Too Many Requests,SearchIndividual 2-511,text,false,,417,2602,3,415,https://api-scuda.uat.oci.krungsri.tech/ords/api/v1/customer/individual/searchprofile,11,0,10
1779799500209,16,GetIndividual,429,Too Many Requests,GetIndividual 1-308,text,false,,417,3588,199,416,https://api-scuda.uat.oci.krungsri.tech/ic/api/v1/customer/individual/getprofile,16,0,9
1779799500203,23,SearchIndividual,429,Too Many Requests,SearchIndividual 2-510,text,false,,417,2602,2,416,https://api-scuda.uat.oci.krungsri.tech/ords/api/v1/customer/individual/searchprofile,23,0,21
1779799500208,22,SearchIndividual,429,Too Many Requests,SearchIndividual 2-512,text,false,,417,2602,1,415,https://api-scuda.uat.oci.krungsri.tech/ords/api/v1/customer/individual/searchprofile,22,0,20
1779799500210,22,GetIndividual,429,Too Many Requests,GetIndividual 1-309,text,false,,417,3588,199,414,https://api-scuda.uat.oci.krungsri.tech/ic/api/v1/customer/individual/getprofile,22,0,21
1779799500225,16,GetIndividual,429,Too Many Requests,GetIndividual 1-310,text,false,,417,3588,199,414,https://api-scuda.uat.oci.krungsri.tech/ic/api/v1/customer/individual/getprofile,16,0,15
1779799500234,12,GetIndividual,429,Too Many Requests,GetIndividual 1-312,text,false,,417,3588,198,413,https://api-scuda.uat.oci.krungsri.tech/ic/api/v1/customer/individual/getprofile,12,0,10
1779799500228,20,GetIndividual,429,Too Many Requests,GetIndividual 1-311,text,false,,417,3588,197,412,https://api-scuda.uat.oci.krungsri.tech/ic/api/v1/customer/individual/getprofile,20,0,19
1779799500230,23,UpdateIndividual,429,Too Many Requests,UpdateIndividual 4-204,text,false,,417,4229,145,411,https://api-scuda.uat.oci.krungsri.tech/ic/api/v1/customer/individual/updateprofile,23,0,21
1779799491417,8852,GetIndividual,200,OK,GetIndividual 1-38,text,true,,3917,3588,196,410,https://api-scuda.uat.oci.krungsri.tech/ic/api/v1/customer/individual/getprofile,8852,0,34
1779799500323,31,SearchIndividual,200,OK,SearchIndividual 2-513,text,true,,1135,2602,3,418,https://api-scuda.uat.oci.krungsri.tech/ords/api/v1/customer/individual/searchprofile,31,0,18
1779799500338,20,GetIndividual,429,Too Many Requests,GetIndividual 1-313,text,false,,417,3588,198,418,https://api-scuda.uat.oci.krungsri.tech/ic/api/v1/customer/individual/getprofile,20,0,19
1779799500327,34,SearchIndividual,200,OK,SearchIndividual 2-514,text,true,,1199,2602,3,418,https://api-scuda.uat.oci.krungsri.tech/ords/api/v1/customer/individual/searchprofile,34,0,21
1779799500338,27,GetIndividual,429,Too Many Requests,GetIndividual 1-314,text,false,,417,3588,197,415,https://api-scuda.uat.oci.krungsri.tech/ic/api/v1/customer/individual/getprofile,27,0,25
1779799500350,33,SearchIndividual,200,OK,SearchIndividual 2-515,text,true,,1221,2602,3,417,https://api-scuda.uat.oci.krungsri.tech/ords/api/v1/customer/individual/searchprofile,33,0,20
1779799500374,45,SearchIndividual,429,Too Many Requests,SearchIndividual 2-517,text,false,,417,2602,5,425,https://api-scuda.uat.oci.krungsri.tech/ords/api/v1/customer/individual/searchprofile,45,0,38
1779799500385,34,UpdateIndividual,429,Too Many Requests,UpdateIndividual 4-207,text,false,,417,5588,149,425,https://api-scuda.uat.oci.krungsri.tech/ic/api/v1/customer/individual/updateprofile,34,0,30
1779799500372,49,SearchIndividual,429,Too Many Requests,SearchIndividual 2-516,text,false,,417,2602,5,425,https://api-scuda.uat.oci.krungsri.tech/ords/api/v1/customer/individual/searchprofile,49,0,42
1779799500401,20,UpdateIndividual,429,Too Many Requests,UpdateIndividual 4-208,text,false,,417,4228,148,423,https://api-scuda.uat.oci.krungsri.tech/ic/api/v1/customer/individual/updateprofile,20,0,18
1779799500421,20,UpdateIndividual,429,Too Many Requests,UpdateIndividual 4-209,text,false,,417,5615,147,423,https://api-scuda.uat.oci.krungsri.tech/ic/api/v1/customer/individual/updateprofile,20,0,18
1779799500407,35,GetIndividual,429,Too Many Requests,GetIndividual 1-318,text,false,,417,3588,200,423,https://api-scuda.uat.oci.krungsri.tech/ic/api/v1/customer/individual/getprofile,35,0,30
1779799500412,31,SearchIndividual,200,OK,SearchIndividual 2-520,text,true,,1169,2602,5,421,https://api-scuda.uat.oci.krungsri.tech/ords/api/v1/customer/individual/searchprofile,31,0,19
1779799500403,40,SearchIndividual,429,Too Many Requests,SearchIndividual 2-519,text,false,,417,2602,5,422,https://api-scuda.uat.oci.krungsri.tech/ords/api/v1/customer/individual/searchprofile,40,0,36
1779799500398,58,SearchIndividual,200,OK,SearchIndividual 2-518,text,true,,1161,2602,4,420,https://api-scuda.uat.oci.krungsri.tech/ords/api/v1/customer/individual/searchprofile,57,0,40
1779799500436,20,SearchIndividual,429,Too Many Requests,SearchIndividual 2-521,text,false,,417,2602,4,420,https://api-scuda.uat.oci.krungsri.tech/ords/api/v1/customer/individual/searchprofile,20,0,18
1779799500460,13,SearchIndividual,429,Too Many Requests,SearchIndividual 2-524,text,false,,417,2602,5,422,https://api-scuda.uat.oci.krungsri.tech/ords/api/v1/customer/individual/searchprofile,13,0,11
1779799500463,14,SearchIndividual,429,Too Many Requests,SearchIndividual 2-525,text,false,,417,2602,4,421,https://api-scuda.uat.oci.krungsri.tech/ords/api/v1/customer/individual/searchprofile,14,0,13
1779799500463,14,UpdateIndividual,429,Too Many Requests,UpdateIndividual 4-210,text,false,,417,4226,147,421,https://api-scuda.uat.oci.krungsri.tech/ic/api/v1/customer/individual/updateprofile,14,0,13
1779799500442,49,SearchIndividual,429,Too Many Requests,SearchIndividual 2-522,text,false,,417,2602,3,420,https://api-scuda.uat.oci.krungsri.tech/ords/api/v1/customer/individual/searchprofile,49,0,47
1779799500469,23,SearchIndividual,429,Too Many Requests,SearchIndividual 2-526,text,false,,417,2602,4,421,https://api-scuda.uat.oci.krungsri.tech/ords/api/v1/customer/individual/searchprofile,23,0,21
1779799500445,88,SearchIndividual,200,OK,SearchIndividual 2-523,text,true,,1159,2602,3,422,https://api-scuda.uat.oci.krungsri.tech/ords/api/v1/customer/individual/searchprofile,88,0,43
1779799500493,46,SearchIndividual,429,Too Many Requests,SearchIndividual 2-527,text,false,,417,2602,6,427,https://api-scuda.uat.oci.krungsri.tech/ords/api/v1/customer/individual/searchprofile,46,0,44
1779799500498,41,SearchIndividual,429,Too Many Requests,SearchIndividual 2-528,text,false,,417,2602,6,427,https://api-scuda.uat.oci.krungsri.tech/ords/api/v1/customer/individual/searchprofile,41,0,39
1779799500487,52,GetIndividual,429,Too Many Requests,GetIndividual 1-320,text,false,,417,3588,201,427,https://api-scuda.uat.oci.krungsri.tech/ic/api/v1/customer/individual/getprofile,52,0,51
1779799500535,24,GetIndividual,429,Too Many Requests,GetIndividual 1-321,text,false,,417,3587,200,424,https://api-scuda.uat.oci.krungsri.tech/ic/api/v1/customer/individual/getprofile,24,0,21
1779799500538,37,SearchIndividual,429,Too Many Requests,SearchIndividual 2-530,text,false,,417,2602,4,426,https://api-scuda.uat.oci.krungsri.tech/ords/api/v1/customer/individual/searchprofile,37,0,30
1779799500540,38,SearchIndividual,200,OK,SearchIndividual 2-531,text,true,,1139,2602,4,426,https://api-scuda.uat.oci.krungsri.tech/ords/api/v1/customer/individual/searchprofile,38,0,20
1779799500570,28,GetIndividual,429,Too Many Requests,GetIndividual 1-324,text,false,,417,3588,201,428,https://api-scuda.uat.oci.krungsri.tech/ic/api/v1/customer/individual/getprofile,28,0,27
1779799500577,27,SearchIndividual,429,Too Many Requests,SearchIndividual 2-533,text,false,,417,2602,7,430,https://api-scuda.uat.oci.krungsri.tech/ords/api/v1/customer/individual/searchprofile,27,0,21
1779799500537,73,SearchJoint,429,Too Many Requests,SearchJoint 10-15,text,false,,417,2627,1,429,https://api-scuda.uat.oci.krungsri.tech/ords/api/v1/customer/joint/searchprofile,73,0,57
1779799500538,72,SearchIndividual,429,Too Many Requests,SearchIndividual 2-529,text,false,,417,2602,6,429,https://api-scuda.uat.oci.krungsri.tech/ords/api/v1/customer/individual/searchprofile,72,0,68
1779799500535,76,UpdateIndividual,429,Too Many Requests,UpdateIndividual 4-211,text,false,,417,5578,149,429,https://api-scuda.uat.oci.krungsri.tech/ic/api/v1/customer/individual/updateprofile,76,0,72
1779799500604,24,UpdateIndividual,429,Too Many Requests,UpdateIndividual 4-213,text,false,,417,4229,148,426,https://api-scuda.uat.oci.krungsri.tech/ic/api/v1/customer/individual/updateprofile,24,0,21
1779799500603,27,SearchIndividual,429,Too Many Requests,SearchIndividual 2-536,text,false,,417,2602,5,425,https://api-scuda.uat.oci.krungsri.tech/ords/api/v1/customer/individual/searchprofile,27,0,25
1779799500595,39,SearchIndividual,429,Too Many Requests,SearchIndividual 2-534,text,false,,417,2602,4,425,https://api-scuda.uat.oci.krungsri.tech/ords/api/v1/customer/individual/searchprofile,39,0,32
1779799500598,41,SearchIndividual,429,Too Many Requests,SearchIndividual 2-535,text,false,,417,2601,3,425,https://api-scuda.uat.oci.krungsri.tech/ords/api/v1/customer/individual/searchprofile,41,0,40
1779799500539,101,SearchIndividual,429,Too Many Requests,SearchIndividual 2-532,text,false,,417,2602,3,425,https://api-scuda.uat.oci.krungsri.tech/ords/api/v1/customer/individual/searchprofile,101,0,92
1779799500540,100,UpdateJoint,429,Too Many Requests,UpdateJoint 12-15,text,false,,417,4553,12,425,https://api-scuda.uat.oci.krungsri.tech/ic/api/v1/customer/joint/updateprofile,100,0,95
1779799500568,73,GetIndividual,429,Too Many Requests,GetIndividual 1-323,text,false,,417,3587,201,424,https://api-scuda.uat.oci.krungsri.tech/ic/api/v1/customer/individual/getprofile,73,0,69
1779799500605,37,SearchIndividual,200,OK,SearchIndividual 2-537,text,true,,1153,2602,1,422,https://api-scuda.uat.oci.krungsri.tech/ords/api/v1/customer/individual/searchprofile,36,0,23
1779799500605,43,GetIndividual,429,Too Many Requests,GetIndividual 1-325,text,false,,417,3588,201,421,https://api-scuda.uat.oci.krungsri.tech/ic/api/v1/customer/individual/getprofile,43,0,42
1779799500638,24,UpdateIndividual,429,Too Many Requests,UpdateIndividual 4-214,text,false,,417,4227,149,421,https://api-scuda.uat.oci.krungsri.tech/ic/api/v1/customer/individual/updateprofile,24,0,22
1779799500663,25,GetIndividual,429,Too Many Requests,GetIndividual 1-327,text,false,,417,3588,203,424,https://api-scuda.uat.oci.krungsri.tech/ic/api/v1/customer/individual/getprofile,25,0,23
1779799500673,22,SearchIndividual,429,Too Many Requests,SearchIndividual 2-538,text,false,,417,2602,2,425,https://api-scuda.uat.oci.krungsri.tech/ords/api/v1/customer/individual/searchprofile,22,0,20
1779799500680,18,GetIndividual,429,Too Many Requests,GetIndividual 1-322,text,false,,417,3588,202,424,https://api-scuda.uat.oci.krungsri.tech/ic/api/v1/customer/individual/getprofile,18,0,16
1779799500695,35,SearchIndividual,429,Too Many Requests,SearchIndividual 2-539,text,false,,417,2602,3,427,https://api-scuda.uat.oci.krungsri.tech/ords/api/v1/customer/individual/searchprofile,35,0,17
1779799500717,34,SearchIndividual,200,OK,SearchIndividual 2-540,text,true,,1163,2602,2,428,https://api-scuda.uat.oci.krungsri.tech/ords/api/v1/customer/individual/searchprofile,34,0,15
1779799500717,56,SearchIndividual,429,Too Many Requests,SearchIndividual 2-541,text,false,,417,2602,2,431,https://api-scuda.uat.oci.krungsri.tech/ords/api/v1/customer/individual/searchprofile,56,0,47
1779799500707,69,CreateJuristic,429,Too Many Requests,CreateJuristic 7-15,text,false,,417,8141,13,431,https://api-scuda.uat.oci.krungsri.tech/ic/api/v1/customer/juristic/createprofile,69,0,60
1779799500711,66,UpdateIndividual,429,Too Many Requests,UpdateIndividual 4-217,text,false,,417,5588,153,431,https://api-scuda.uat.oci.krungsri.tech/ic/api/v1/customer/individual/updateprofile,66,0,57
1779799500755,23,GetIndividual,429,Too Many Requests,GetIndividual 1-330,text,false,,417,3588,204,430,https://api-scuda.uat.oci.krungsri.tech/ic/api/v1/customer/individual/getprofile,23,0,22
1779799500756,29,SearchIndividual,429,Too Many Requests,SearchIndividual 2-542,text,false,,417,2602,2,429,https://api-scuda.uat.oci.krungsri.tech/ords/api/v1/customer/individual/searchprofile,29,0,27
1779799500757,29,UpdateIndividual,429,Too Many Requests,UpdateIndividual 4-219,text,false,,417,4229,152,429,https://api-scuda.uat.oci.krungsri.tech/ic/api/v1/customer/individual/updateprofile,29,0,24
1779799500739,59,GetIndividual,429,Too Many Requests,GetIndividual 1-329,text,false,,417,3588,203,428,https://api-scuda.uat.oci.krungsri.tech/ic/api/v1/customer/individual/getprofile,59,0,57
1779799500776,22,GetIndividual,429,Too Many Requests,GetIndividual 1-331,text,false,,417,3588,203,428,https://api-scuda.uat.oci.krungsri.tech/ic/api/v1/customer/individual/getprofile,22,0,18
1779799500772,26,UpdateIndividual,429,Too Many Requests,UpdateIndividual 4-220,text,false,,417,4226,151,428,https://api-scuda.uat.oci.krungsri.tech/ic/api/v1/customer/individual/updateprofile,26,0,24
1779799500776,26,UpdateIndividual,429,Too Many Requests,UpdateIndividual 4-218,text,false,,417,4227,150,426,https://api-scuda.uat.oci.krungsri.tech/ic/api/v1/customer/individual/updateprofile,26,0,25
1779799500780,43,SearchIndividual,200,OK,SearchIndividual 2-543,text,true,,1099,2602,4,427,https://api-scuda.uat.oci.krungsri.tech/ords/api/v1/customer/individual/searchprofile,42,0,28
1779799500807,46,SearchIndividual,200,OK,SearchIndividual 2-545,text,true,,1140,2601,3,430,https://api-scuda.uat.oci.krungsri.tech/ords/api/v1/customer/individual/searchprofile,46,0,26
1779799500796,41,SearchIndividual,200,OK,SearchIndividual 2-544,text,true,,1175,2602,3,429,https://api-scuda.uat.oci.krungsri.tech/ords/api/v1/customer/individual/searchprofile,40,0,25
1779799500832,34,UpdateIndividual,429,Too Many Requests,UpdateIndividual 4-221,text,false,,417,4227,152,430,https://api-scuda.uat.oci.krungsri.tech/ic/api/v1/customer/individual/updateprofile,34,0,31
1779799500839,38,UpdateIndividual,429,Too Many Requests,UpdateIndividual 4-222,text,false,,417,5526,151,430,https://api-scuda.uat.oci.krungsri.tech/ic/api/v1/customer/individual/updateprofile,38,0,33
1779799500853,27,UpdateIndividual,429,Too Many Requests,UpdateIndividual 4-223,text,false,,417,5601,151,430,https://api-scuda.uat.oci.krungsri.tech/ic/api/v1/customer/individual/updateprofile,27,0,25
1779799500858,61,GetIndividual,429,Too Many Requests,GetIndividual 1-332,text,false,,417,3588,206,433,https://api-scuda.uat.oci.krungsri.tech/ic/api/v1/customer/individual/getprofile,61,0,55
1779799500835,95,GetIndividual,429,Too Many Requests,GetIndividual 1-334,text,false,,417,3588,205,433,https://api-scuda.uat.oci.krungsri.tech/ic/api/v1/customer/individual/getprofile,95,0,85
1779799500895,38,SearchIndividual,429,Too Many Requests,SearchIndividual 2-548,text,false,,417,2602,6,432,https://api-scuda.uat.oci.krungsri.tech/ords/api/v1/customer/individual/searchprofile,38,0,32
1779799500808,126,SearchIndividual,200,OK,SearchIndividual 2-546,text,true,,1138,2601,6,432,https://api-scuda.uat.oci.krungsri.tech/ords/api/v1/customer/individual/searchprofile,125,0,66
1779799500905,29,GetIndividual,429,Too Many Requests,GetIndividual 1-337,text,false,,417,3588,204,432,https://api-scuda.uat.oci.krungsri.tech/ic/api/v1/customer/individual/getprofile,29,0,22
1779799500857,79,GetIndividual,429,Too Many Requests,GetIndividual 1-335,text,false,,417,3588,203,429,https://api-scuda.uat.oci.krungsri.tech/ic/api/v1/customer/individual/getprofile,79,0,60
1779799500897,39,SearchIndividual,429,Too Many Requests,SearchIndividual 2-549,text,false,,417,2602,4,429,https://api-scuda.uat.oci.krungsri.tech/ords/api/v1/customer/individual/searchprofile,39,0,31
1779799500921,16,SearchIndividual,429,Too Many Requests,SearchIndividual 2-551,text,false,,417,2602,4,429,https://api-scuda.uat.oci.krungsri.tech/ords/api/v1/customer/individual/searchprofile,16,0,13
1779799500904,35,SearchIndividual,429,Too Many Requests,SearchIndividual 2-550,text,false,,417,2602,2,426,https://api-scuda.uat.oci.krungsri.tech/ords/api/v1/customer/individual/searchprofile,35,0,34
1779799500911,45,UpdateIndividual,429,Too Many Requests,UpdateIndividual 4-224,text,false,,417,5641,151,430,https://api-scuda.uat.oci.krungsri.tech/ic/api/v1/customer/individual/updateprofile,45,0,38
1779799500942,17,SearchIndividual,429,Too Many Requests,SearchIndividual 2-553,text,false,,417,2602,4,429,https://api-scuda.uat.oci.krungsri.tech/ords/api/v1/customer/individual/searchprofile,17,0,15
1779799495294,5672,GetIndividual,200,OK,GetIndividual 1-139,text,true,,3835,3587,205,430,https://api-scuda.uat.oci.krungsri.tech/ic/api/v1/customer/individual/getprofile,5672,0,23
1779799500954,23,SearchIndividual,429,Too Many Requests,SearchIndividual 2-554,text,false,,417,2601,4,432,https://api-scuda.uat.oci.krungsri.tech/ords/api/v1/customer/individual/searchprofile,23,0,21
1779799500941,45,SearchIndividual,429,Too Many Requests,SearchIndividual 2-552,text,false,,417,2602,4,432,https://api-scuda.uat.oci.krungsri.tech/ords/api/v1/customer/individual/searchprofile,45,0,37
1779799500962,29,GetIndividual,429,Too Many Requests,GetIndividual 1-339,text,false,,417,3587,206,435,https://api-scuda.uat.oci.krungsri.tech/ic/api/v1/customer/individual/getprofile,29,0,27
1779799500957,37,GetIndividual,429,Too Many Requests,GetIndividual 1-338,text,false,,417,3588,205,434,https://api-scuda.uat.oci.krungsri.tech/ic/api/v1/customer/individual/getprofile,37,0,35
1779799500965,34,GetIndividual,429,Too Many Requests,GetIndividual 1-340,text,false,,417,3588,205,436,https://api-scuda.uat.oci.krungsri.tech/ic/api/v1/customer/individual/getprofile,34,0,33
1779799500975,27,UpdateIndividual,429,Too Many Requests,UpdateIndividual 4-226,text,false,,417,4228,153,435,https://api-scuda.uat.oci.krungsri.tech/ic/api/v1/customer/individual/updateprofile,27,0,24
1779799500990,22,SearchIndividual,429,Too Many Requests,SearchIndividual 2-557,text,false,,417,2602,7,436,https://api-scuda.uat.oci.krungsri.tech/ords/api/v1/customer/individual/searchprofile,22,0,20
1779799500995,24,GetIndividual,429,Too Many Requests,GetIndividual 1-343,text,false,,417,3588,205,436,https://api-scuda.uat.oci.krungsri.tech/ic/api/v1/customer/individual/getprofile,24,0,22
1779799500871,151,SearchIndividual,200,OK,SearchIndividual 2-547,text,true,,1173,2602,6,436,https://api-scuda.uat.oci.krungsri.tech/ords/api/v1/customer/individual/searchprofile,147,0,131
1779799500999,25,SearchIndividual,429,Too Many Requests,SearchIndividual 2-559,text,false,,417,2602,5,435,https://api-scuda.uat.oci.krungsri.tech/ords/api/v1/customer/individual/searchprofile,25,0,24
1779799501009,18,SearchIndividual,429,Too Many Requests,SearchIndividual 2-560,text,false,,417,2602,5,435,https://api-scuda.uat.oci.krungsri.tech/ords/api/v1/customer/individual/searchprofile,18,0,16
1779799500992,38,GetIndividual,429,Too Many Requests,GetIndividual 1-342,text,false,,417,3588,205,434,https://api-scuda.uat.oci.krungsri.tech/ic/api/v1/customer/individual/getprofile,38,0,34
1779799501017,19,GetIndividual,429,Too Many Requests,GetIndividual 1-344,text,false,,417,3588,204,434,https://api-scuda.uat.oci.krungsri.tech/ic/api/v1/customer/individual/getprofile,19,0,17
1779799501016,21,UpdateIndividual,429,Too Many Requests,UpdateIndividual 4-229,text,false,,417,4227,153,433,https://api-scuda.uat.oci.krungsri.tech/ic/api/v1/customer/individual/updateprofile,21,0,20
1779799500986,52,SearchIndividual,429,Too Many Requests,SearchIndividual 2-556,text,false,,417,2602,5,433,https://api-scuda.uat.oci.krungsri.tech/ords/api/v1/customer/individual/searchprofile,52,0,44
1779799500983,55,UpdateIndividual,429,Too Many Requests,UpdateIndividual 4-227,text,false,,417,5567,153,433,https://api-scuda.uat.oci.krungsri.tech/ic/api/v1/customer/individual/updateprofile,55,0,48
1779799500999,39,SearchIndividual,429,Too Many Requests,SearchIndividual 2-558,text,false,,417,2602,5,433,https://api-scuda.uat.oci.krungsri.tech/ords/api/v1/customer/individual/searchprofile,39,0,36
1779799500988,51,GetIndividual,429,Too Many Requests,GetIndividual 1-341,text,false,,417,3588,203,432,https://api-scuda.uat.oci.krungsri.tech/ic/api/v1/customer/individual/getprofile,51,0,44
1779799500968,73,SearchIndividual,429,Too Many Requests,SearchIndividual 2-555,text,false,,417,2602,4,430,https://api-scuda.uat.oci.krungsri.tech/ords/api/v1/customer/individual/searchprofile,73,0,64
1779799501026,22,SearchIndividual,429,Too Many Requests,SearchIndividual 2-561,text,false,,417,2602,3,428,https://api-scuda.uat.oci.krungsri.tech/ords/api/v1/customer/individual/searchprofile,22,0,20
1779799501023,25,GetIndividual,429,Too Many Requests,GetIndividual 1-345,text,false,,417,3588,202,428,https://api-scuda.uat.oci.krungsri.tech/ic/api/v1/customer/individual/getprofile,25,0,23
1779799501053,13,GetIndividual,429,Too Many Requests,GetIndividual 1-336,text,false,,417,3588,202,430,https://api-scuda.uat.oci.krungsri.tech/ic/api/v1/customer/individual/getprofile,13,0,11
1779799493115,7953,GetIndividual,200,OK,GetIndividual 1-81,text,true,,3895,3588,202,430,https://api-scuda.uat.oci.krungsri.tech/ic/api/v1/customer/individual/getprofile,7953,0,30
1779799501037,33,SearchIndividual,200,OK,SearchIndividual 2-562,text,true,,1155,2602,5,428,https://api-scuda.uat.oci.krungsri.tech/ords/api/v1/customer/individual/searchprofile,33,0,20
1779799501044,27,SearchIndividual,200,OK,SearchIndividual 2-563,text,true,,1159,2602,4,428,https://api-scuda.uat.oci.krungsri.tech/ords/api/v1/customer/individual/searchprofile,27,0,16
1779799501062,23,SearchIndividual,429,Too Many Requests,SearchIndividual 2-565,text,false,,417,2602,3,428,https://api-scuda.uat.oci.krungsri.tech/ords/api/v1/customer/individual/searchprofile,23,0,21
1779799501050,42,SearchIndividual,200,OK,SearchIndividual 2-564,text,true,,1197,2602,3,432,https://api-scuda.uat.oci.krungsri.tech/ords/api/v1/customer/individual/searchprofile,42,0,23
1779799501062,38,SearchIndividual,200,OK,SearchIndividual 2-566,text,true,,1183,2602,3,432,https://api-scuda.uat.oci.krungsri.tech/ords/api/v1/customer/individual/searchprofile,37,0,22
1779799501092,21,GetJuristic,429,Too Many Requests,GetJuristic 5-15,text,false,,417,3533,6,433,https://api-scuda.uat.oci.krungsri.tech/ic/api/v1/customer/juristic/getprofile,21,0,19
1779799501101,18,SearchIndividual,429,Too Many Requests,SearchIndividual 2-568,text,false,,417,2602,4,432,https://api-scuda.uat.oci.krungsri.tech/ords/api/v1/customer/individual/searchprofile,18,0,16
1779799501097,23,CreateIndividual,429,Too Many Requests,CreateIndividual 3-15,text,false,,417,8141,12,432,https://api-scuda.uat.oci.krungsri.tech/ic/api/v1/customer/individual/createprofile,23,0,22
1779799501109,26,SearchIndividual,429,Too Many Requests,SearchIndividual 2-569,text,false,,417,2602,3,431,https://api-scuda.uat.oci.krungsri.tech/ords/api/v1/customer/individual/searchprofile,26,0,23
1779799501122,21,GetIndividual,429,Too Many Requests,GetIndividual 1-348,text,false,,417,3588,206,434,https://api-scuda.uat.oci.krungsri.tech/ic/api/v1/customer/individual/getprofile,21,0,19
1779799501093,52,SearchIndividual,200,OK,SearchIndividual 2-567,text,true,,1167,2602,3,433,https://api-scuda.uat.oci.krungsri.tech/ords/api/v1/customer/individual/searchprofile,52,0,35
1779799501110,49,SearchIndividual,200,OK,SearchIndividual 2-570,text,true,,1195,2602,4,434,https://api-scuda.uat.oci.krungsri.tech/ords/api/v1/customer/individual/searchprofile,49,0,32
1779799501138,25,SearchIndividual,200,OK,SearchIndividual 2-571,text,true,,1141,2602,3,433,https://api-scuda.uat.oci.krungsri.tech/ords/api/v1/customer/individual/searchprofile,25,0,13
1779799501148,26,SearchIndividual,429,Too Many Requests,SearchIndividual 2-572,text,false,,417,2602,2,435,https://api-scuda.uat.oci.krungsri.tech/ords/api/v1/customer/individual/searchprofile,26,0,23
1779799501157,30,SearchIndividual,429,Too Many Requests,SearchIndividual 2-573,text,false,,417,2602,3,436,https://api-scuda.uat.oci.krungsri.tech/ords/api/v1/customer/individual/searchprofile,30,0,26
1779799501165,33,GetIndividual,429,Too Many Requests,GetIndividual 1-352,text,false,,417,3587,207,437,https://api-scuda.uat.oci.krungsri.tech/ic/api/v1/customer/individual/getprofile,33,0,28
1779799501199,30,SearchIndividual,200,OK,SearchIndividual 2-577,text,true,,1185,2602,8,442,https://api-scuda.uat.oci.krungsri.tech/ords/api/v1/customer/individual/searchprofile,30,0,18
1779799501175,65,SearchIndividual,429,Too Many Requests,SearchIndividual 2-574,text,false,,417,2602,9,443,https://api-scuda.uat.oci.krungsri.tech/ords/api/v1/customer/individual/searchprofile,65,0,49
1779799501218,23,SearchIndividual,429,Too Many Requests,SearchIndividual 2-579,text,false,,417,2602,9,443,https://api-scuda.uat.oci.krungsri.tech/ords/api/v1/customer/individual/searchprofile,23,0,21
1779799501169,72,GetIndividual,429,Too Many Requests,GetIndividual 1-353,text,false,,417,3588,207,443,https://api-scuda.uat.oci.krungsri.tech/ic/api/v1/customer/individual/getprofile,72,0,61
1779799501169,73,UpdateIndividual,429,Too Many Requests,UpdateIndividual 4-232,text,false,,417,5585,154,442,https://api-scuda.uat.oci.krungsri.tech/ic/api/v1/customer/individual/updateprofile,73,0,63
1779799501221,22,SearchIndividual,429,Too Many Requests,SearchIndividual 2-580,text,false,,417,2602,7,439,https://api-scuda.uat.oci.krungsri.tech/ords/api/v1/customer/individual/searchprofile,22,0,20
1779799501222,22,GetIndividual,429,Too Many Requests,GetIndividual 1-354,text,false,,417,3587,206,439,https://api-scuda.uat.oci.krungsri.tech/ic/api/v1/customer/individual/getprofile,22,0,20
1779799501215,33,SearchJuristic,200,OK,SearchJuristic 6-15,text,true,,1012,2600,1,437,https://api-scuda.uat.oci.krungsri.tech/ords/api/v1/customer/juristic/searchprofile,32,0,16
1779799501204,46,SearchIndividual,429,Too Many Requests,SearchIndividual 2-578,text,false,,417,2602,6,436,https://api-scuda.uat.oci.krungsri.tech/ords/api/v1/customer/individual/searchprofile,46,0,43
1779799501194,56,SearchIndividual,429,Too Many Requests,SearchIndividual 2-576,text,false,,417,2601,6,436,https://api-scuda.uat.oci.krungsri.tech/ords/api/v1/customer/individual/searchprofile,56,0,53
1779799501225,27,SearchIndividual,429,Too Many Requests,SearchIndividual 2-581,text,false,,417,2602,5,437,https://api-scuda.uat.oci.krungsri.tech/ords/api/v1/customer/individual/searchprofile,27,0,25
1779799501232,20,SearchIndividual,429,Too Many Requests,SearchIndividual 2-583,text,false,,417,2602,4,437,https://api-scuda.uat.oci.krungsri.tech/ords/api/v1/customer/individual/searchprofile,20,0,19
1779799501188,79,SearchIndividual,200,OK,SearchIndividual 2-575,text,true,,1153,2602,2,436,https://api-scuda.uat.oci.krungsri.tech/ords/api/v1/customer/individual/searchprofile,79,0,52
1779799501231,36,SearchIndividual,200,OK,SearchIndividual 2-582,text,true,,1210,2601,2,436,https://api-scuda.uat.oci.krungsri.tech/ords/api/v1/customer/individual/searchprofile,36,0,19
1779799501271,14,SearchIndividual,429,Too Many Requests,SearchIndividual 2-584,text,false,,417,2601,5,440,https://api-scuda.uat.oci.krungsri.tech/ords/api/v1/customer/individual/searchprofile,14,0,12
1779799501273,15,UpdateIndividual,429,Too Many Requests,UpdateIndividual 4-234,text,false,,417,5621,155,440,https://api-scuda.uat.oci.krungsri.tech/ic/api/v1/customer/individual/updateprofile,15,0,13
1779799501275,24,GetIndividual,429,Too Many Requests,GetIndividual 1-355,text,false,,417,3588,207,441,https://api-scuda.uat.oci.krungsri.tech/ic/api/v1/customer/individual/getprofile,24,0,21
1779799501274,28,SearchIndividual,200,OK,SearchIndividual 2-586,text,true,,1257,2602,7,440,https://api-scuda.uat.oci.krungsri.tech/ords/api/v1/customer/individual/searchprofile,28,0,17
1779799501282,34,SearchIndividual,200,OK,SearchIndividual 2-587,text,true,,1213,2602,8,441,https://api-scuda.uat.oci.krungsri.tech/ords/api/v1/customer/individual/searchprofile,33,0,13
1779799501285,39,SearchIndividual,200,OK,SearchIndividual 2-588,text,true,,1193,2602,8,441,https://api-scuda.uat.oci.krungsri.tech/ords/api/v1/customer/individual/searchprofile,39,0,21
1779799501289,36,SearchIndividual,200,OK,SearchIndividual 2-589,text,true,,1154,2601,8,441,https://api-scuda.uat.oci.krungsri.tech/ords/api/v1/customer/individual/searchprofile,36,0,23
1779799501323,37,SearchIndividual,200,OK,SearchIndividual 2-594,text,true,,1171,2602,7,443,https://api-scuda.uat.oci.krungsri.tech/ords/api/v1/customer/individual/searchprofile,36,0,22
1779799501313,27,SearchIndividual,200,OK,SearchIndividual 2-593,text,true,,1119,2602,6,441,https://api-scuda.uat.oci.krungsri.tech/ords/api/v1/customer/individual/searchprofile,27,0,14
1779799501313,27,SearchIndividual,200,OK,SearchIndividual 2-592,text,true,,1115,2602,6,441,https://api-scuda.uat.oci.krungsri.tech/ords/api/v1/customer/individual/searchprofile,27,0,15
1779799501300,27,SearchIndividual,200,OK,SearchIndividual 2-591,text,true,,1165,2602,6,439,https://api-scuda.uat.oci.krungsri.tech/ords/api/v1/customer/individual/searchprofile,27,0,14
1779799501295,31,SearchIndividual,200,OK,SearchIndividual 2-590,text,true,,1193,2602,6,439,https://api-scuda.uat.oci.krungsri.tech/ords/api/v1/customer/individual/searchprofile,30,0,20
1779799501273,52,SearchIndividual,200,OK,SearchIndividual 2-585,text,true,,1154,2601,6,439,https://api-scuda.uat.oci.krungsri.tech/ords/api/v1/customer/individual/searchprofile,52,0,31
1779799501335,44,SearchJoint,429,Too Many Requests,SearchJoint 10-16,text,false,,417,2627,1,440,https://api-scuda.uat.oci.krungsri.tech/ords/api/v1/customer/joint/searchprofile,44,0,40
1779799501358,42,UpdateJuristic,429,Too Many Requests,UpdateJuristic 8-16,text,false,,417,5812,12,446,https://api-scuda.uat.oci.krungsri.tech/ic/api/v1/customer/juristic/updateprofile,42,0,38
1779799501373,36,SearchIndividual,200,OK,SearchIndividual 2-596,text,true,,1163,2602,7,447,https://api-scuda.uat.oci.krungsri.tech/ords/api/v1/customer/individual/searchprofile,36,0,24
1779799501375,34,SearchIndividual,200,OK,SearchIndividual 2-597,text,true,,1289,2602,7,447,https://api-scuda.uat.oci.krungsri.tech/ords/api/v1/customer/individual/searchprofile,34,0,22
1779799501360,53,SearchIndividual,200,OK,SearchIndividual 2-595,text,true,,1175,2602,5,446,https://api-scuda.uat.oci.krungsri.tech/ords/api/v1/customer/individual/searchprofile,52,0,28
1779799501389,23,UpdateIndividual,429,Too Many Requests,UpdateIndividual 4-235,text,false,,417,4227,157,445,https://api-scuda.uat.oci.krungsri.tech/ic/api/v1/customer/individual/updateprofile,23,0,22
1779799501401,17,UpdateIndividual,429,Too Many Requests,UpdateIndividual 4-237,text,false,,417,4227,157,446,https://api-scuda.uat.oci.krungsri.tech/ic/api/v1/customer/individual/updateprofile,17,0,15
1779799501398,26,SearchIndividual,200,OK,SearchIndividual 2-599,text,true,,1241,2602,6,447,https://api-scuda.uat.oci.krungsri.tech/ords/api/v1/customer/individual/searchprofile,26,0,14
1779799501405,25,CreateJoint,429,Too Many Requests,CreateJoint 11-16,text,false,,417,5905,13,447,https://api-scuda.uat.oci.krungsri.tech/ic/api/v1/customer/joint/createprofile,25,0,23
1779799501403,29,SearchIndividual,429,Too Many Requests,SearchIndividual 2-600,text,false,,417,2602,6,446,https://api-scuda.uat.oci.krungsri.tech/ords/api/v1/customer/individual/searchprofile,29,0,25
1779799501408,25,SearchIndividual,429,Too Many Requests,SearchIndividual 2-601,text,false,,417,2602,5,445,https://api-scuda.uat.oci.krungsri.tech/ords/api/v1/customer/individual/searchprofile,25,0,23
1779799501395,39,SearchIndividual,429,Too Many Requests,SearchIndividual 2-598,text,false,,417,2602,5,445,https://api-scuda.uat.oci.krungsri.tech/ords/api/v1/customer/individual/searchprofile,39,0,38
1779799501417,22,SearchIndividual,429,Too Many Requests,SearchIndividual 2-602,text,false,,417,2602,4,444,https://api-scuda.uat.oci.krungsri.tech/ords/api/v1/customer/individual/searchprofile,22,0,20
1779799501421,21,SearchIndividual,429,Too Many Requests,SearchIndividual 2-603,text,false,,417,2602,3,443,https://api-scuda.uat.oci.krungsri.tech/ords/api/v1/customer/individual/searchprofile,21,0,19
1779799501423,21,UpdateJoint,429,Too Many Requests,UpdateJoint 12-16,text,false,,417,4509,12,442,https://api-scuda.uat.oci.krungsri.tech/ic/api/v1/customer/joint/updateprofile,21,0,15
1779799501428,24,SearchIndividual,429,Too Many Requests,SearchIndividual 2-604,text,false,,417,2601,2,442,https://api-scuda.uat.oci.krungsri.tech/ords/api/v1/customer/individual/searchprofile,24,0,22
1779799501436,18,SearchIndividual,429,Too Many Requests,SearchIndividual 2-605,text,false,,417,2601,1,441,https://api-scuda.uat.oci.krungsri.tech/ords/api/v1/customer/individual/searchprofile,18,0,17
1779799501421,35,UpdateIndividual,429,Too Many Requests,UpdateIndividual 4-240,text,false,,417,4229,157,440,https://api-scuda.uat.oci.krungsri.tech/ic/api/v1/customer/individual/updateprofile,35,0,33
1779799492181,9296,GetIndividual,200,OK,GetIndividual 1-60,text,true,,3927,3588,213,446,https://api-scuda.uat.oci.krungsri.tech/ic/api/v1/customer/individual/getprofile,9296,0,20
1779799492385,9104,GetIndividual,200,OK,GetIndividual 1-66,text,true,,3885,3588,212,445,https://api-scuda.uat.oci.krungsri.tech/ic/api/v1/customer/individual/getprofile,9104,0,16
1779799501453,29,UpdateIndividual,429,Too Many Requests,UpdateIndividual 4-241,text,false,,417,5641,158,445,https://api-scuda.uat.oci.krungsri.tech/ic/api/v1/customer/individual/updateprofile,29,0,27
1779799501460,35,GetIndividual,429,Too Many Requests,GetIndividual 1-363,text,false,,417,3588,211,447,https://api-scuda.uat.oci.krungsri.tech/ic/api/v1/customer/individual/getprofile,35,0,32
1779799501481,17,UpdateIndividual,429,Too Many Requests,UpdateIndividual 4-239,text,false,,417,5536,158,447,https://api-scuda.uat.oci.krungsri.tech/ic/api/v1/customer/individual/updateprofile,17,0,15
1779799501496,23,SearchIndividual,429,Too Many Requests,SearchIndividual 2-609,text,false,,417,2602,4,448,https://api-scuda.uat.oci.krungsri.tech/ords/api/v1/customer/individual/searchprofile,23,0,21
1779799501459,62,SearchIndividual,429,Too Many Requests,SearchIndividual 2-606,text,false,,417,2602,3,447,https://api-scuda.uat.oci.krungsri.tech/ords/api/v1/customer/individual/searchprofile,62,0,34
1779799501499,25,GetIndividual,429,Too Many Requests,GetIndividual 1-365,text,false,,417,3588,214,446,https://api-scuda.uat.oci.krungsri.tech/ic/api/v1/customer/individual/getprofile,25,0,19
1779799501476,48,GetIndividual,429,Too Many Requests,GetIndividual 1-361,text,false,,417,3588,214,446,https://api-scuda.uat.oci.krungsri.tech/ic/api/v1/customer/individual/getprofile,48,0,41
1779799501459,67,SearchIndividual,429,Too Many Requests,SearchIndividual 2-607,text,false,,417,2602,2,444,https://api-scuda.uat.oci.krungsri.tech/ords/api/v1/customer/individual/searchprofile,67,0,51
1779799501482,46,UpdateIndividual,429,Too Many Requests,UpdateIndividual 4-238,text,false,,417,5557,157,444,https://api-scuda.uat.oci.krungsri.tech/ic/api/v1/customer/individual/updateprofile,46,0,41
1779799501500,32,UpdateIndividual,429,Too Many Requests,UpdateIndividual 4-242,text,false,,417,5619,156,443,https://api-scuda.uat.oci.krungsri.tech/ic/api/v1/customer/individual/updateprofile,32,0,22
1779799501529,23,GetIndividual,429,Too Many Requests,GetIndividual 1-369,text,false,,417,3588,214,445,https://api-scuda.uat.oci.krungsri.tech/ic/api/v1/customer/individual/getprofile,23,0,22
1779799501511,85,GetIndividual,429,Too Many Requests,GetIndividual 1-366,text,false,,417,3588,217,451,https://api-scuda.uat.oci.krungsri.tech/ic/api/v1/customer/individual/getprofile,85,0,38
1779799501538,62,UpdateIndividual,429,Too Many Requests,UpdateIndividual 4-243,text,false,,417,5493,157,452,https://api-scuda.uat.oci.krungsri.tech/ic/api/v1/customer/individual/updateprofile,62,0,23
1779799501491,110,SearchIndividual,429,Too Many Requests,SearchIndividual 2-608,text,false,,417,2602,5,452,https://api-scuda.uat.oci.krungsri.tech/ords/api/v1/customer/individual/searchprofile,110,0,59
1779799501556,45,CreateJuristic,429,Too Many Requests,CreateJuristic 7-16,text,false,,417,7850,13,452,https://api-scuda.uat.oci.krungsri.tech/ic/api/v1/customer/juristic/createprofile,45,0,25
1779799501565,38,UpdateIndividual,429,Too Many Requests,UpdateIndividual 4-244,text,false,,417,4229,156,449,https://api-scuda.uat.oci.krungsri.tech/ic/api/v1/customer/individual/updateprofile,38,0,24
1779799501579,25,GetIndividual,429,Too Many Requests,GetIndividual 1-372,text,false,,417,3588,216,450,https://api-scuda.uat.oci.krungsri.tech/ic/api/v1/customer/individual/getprofile,25,0,19
1779799501576,59,GetIndividual,429,Too Many Requests,GetIndividual 1-368,text,false,,417,3588,215,453,https://api-scuda.uat.oci.krungsri.tech/ic/api/v1/customer/individual/getprofile,59,0,55
1779799501604,34,SearchIndividual,429,Too Many Requests,SearchIndividual 2-614,text,false,,417,2602,7,452,https://api-scuda.uat.oci.krungsri.tech/ords/api/v1/customer/individual/searchprofile,34,0,32
1779799501611,31,UpdateIndividual,429,Too Many Requests,UpdateIndividual 4-245,text,false,,417,4227,158,453,https://api-scuda.uat.oci.krungsri.tech/ic/api/v1/customer/individual/updateprofile,31,0,26
1779799501598,44,SearchIndividual,429,Too Many Requests,SearchIndividual 2-610,text,false,,417,2601,7,453,https://api-scuda.uat.oci.krungsri.tech/ords/api/v1/customer/individual/searchprofile,44,0,40
1779799501596,47,SearchIndividual,429,Too Many Requests,SearchIndividual 2-611,text,false,,417,2601,7,453,https://api-scuda.uat.oci.krungsri.tech/ords/api/v1/customer/individual/searchprofile,47,0,45
1779799501599,45,SearchIndividual,429,Too Many Requests,SearchIndividual 2-612,text,false,,417,2602,6,451,https://api-scuda.uat.oci.krungsri.tech/ords/api/v1/customer/individual/searchprofile,45,0,40
1779799501600,45,SearchIndividual,429,Too Many Requests,SearchIndividual 2-613,text,false,,417,2602,5,450,https://api-scuda.uat.oci.krungsri.tech/ords/api/v1/customer/individual/searchprofile,45,0,42
1779799501588,59,GetIndividual,429,Too Many Requests,GetIndividual 1-373,text,false,,417,3588,217,450,https://api-scuda.uat.oci.krungsri.tech/ic/api/v1/customer/individual/getprofile,59,0,57
1779799501630,19,UpdateIndividual,429,Too Many Requests,UpdateIndividual 4-246,text,false,,417,5576,157,449,https://api-scuda.uat.oci.krungsri.tech/ic/api/v1/customer/individual/updateprofile,19,0,17
1779799501643,19,GetIndividual,429,Too Many Requests,GetIndividual 1-374,text,false,,417,3588,216,449,https://api-scuda.uat.oci.krungsri.tech/ic/api/v1/customer/individual/getprofile,18,0,17
1779799501648,14,GetIndividual,429,Too Many Requests,GetIndividual 1-375,text,false,,417,3588,216,450,https://api-scuda.uat.oci.krungsri.tech/ic/api/v1/customer/individual/getprofile,14,0,12
1779799494242,7426,GetIndividual,200,OK,GetIndividual 1-110,text,true,,3841,3588,214,449,https://api-scuda.uat.oci.krungsri.tech/ic/api/v1/customer/individual/getprofile,7426,0,21
1779799493346,8326,GetIndividual,200,OK,GetIndividual 1-89,text,true,,3888,3588,213,449,https://api-scuda.uat.oci.krungsri.tech/ic/api/v1/customer/individual/getprofile,8326,0,103
1779799501622,70,SearchIndividual,200,OK,SearchIndividual 2-616,text,true,,1191,2602,6,449,https://api-scuda.uat.oci.krungsri.tech/ords/api/v1/customer/individual/searchprofile,70,0,49
1779799501650,51,SearchIndividual,200,OK,SearchIndividual 2-618,text,true,,1143,2602,5,448,https://api-scuda.uat.oci.krungsri.tech/ords/api/v1/customer/individual/searchprofile,51,0,37
1779799501640,66,SearchIndividual,200,OK,SearchIndividual 2-617,text,true,,1133,2602,4,447,https://api-scuda.uat.oci.krungsri.tech/ords/api/v1/customer/individual/searchprofile,62,0,50
1779799501622,95,SearchIndividual,200,OK,SearchIndividual 2-615,text,true,,1137,2602,3,446,https://api-scuda.uat.oci.krungsri.tech/ords/api/v1/customer/individual/searchprofile,94,0,66
1779799501667,59,SearchIndividual,200,OK,SearchIndividual 2-619,text,true,,1197,2602,2,445,https://api-scuda.uat.oci.krungsri.tech/ords/api/v1/customer/individual/searchprofile,59,0,33
1779799501678,62,SearchIndividual,200,OK,SearchIndividual 2-620,text,true,,1129,2602,1,444,https://api-scuda.uat.oci.krungsri.tech/ords/api/v1/customer/individual/searchprofile,62,0,45
1779799496127,5638,GetIndividual,200,OK,GetIndividual 1-163,text,true,,3810,3588,212,443,https://api-scuda.uat.oci.krungsri.tech/ic/api/v1/customer/individual/getprofile,5638,0,40
1779799501775,26,SearchIndividual,200,OK,SearchIndividual 2-621,text,true,,1145,2602,9,459,https://api-scuda.uat.oci.krungsri.tech/ords/api/v1/customer/individual/searchprofile,26,0,13
1779799501793,16,SearchIndividual,429,Too Many Requests,SearchIndividual 2-628,text,false,,417,2602,8,459,https://api-scuda.uat.oci.krungsri.tech/ords/api/v1/customer/individual/searchprofile,16,0,14
1779799501779,31,SearchIndividual,429,Too Many Requests,SearchIndividual 2-622,text,false,,417,2602,8,459,https://api-scuda.uat.oci.krungsri.tech/ords/api/v1/customer/individual/searchprofile,31,0,28
1779799501780,30,UpdateIndividual,429,Too Many Requests,UpdateIndividual 4-250,text,false,,417,4227,161,459,https://api-scuda.uat.oci.krungsri.tech/ic/api/v1/customer/individual/updateprofile,30,0,28
1779799501781,31,SearchIndividual,200,OK,SearchIndividual 2-624,text,true,,1163,2602,6,456,https://api-scuda.uat.oci.krungsri.tech/ords/api/v1/customer/individual/searchprofile,31,0,15
1779799501788,25,GetIndividual,429,Too Many Requests,GetIndividual 1-380,text,false,,417,3588,217,455,https://api-scuda.uat.oci.krungsri.tech/ic/api/v1/customer/individual/getprofile,25,0,21
1779799501785,36,SearchIndividual,429,Too Many Requests,SearchIndividual 2-625,text,false,,417,2602,5,455,https://api-scuda.uat.oci.krungsri.tech/ords/api/v1/customer/individual/searchprofile,36,0,31
1779799501781,41,SearchIndividual,200,OK,SearchIndividual 2-623,text,true,,1171,2602,4,454,https://api-scuda.uat.oci.krungsri.tech/ords/api/v1/customer/individual/searchprofile,39,0,25
1779799501789,33,GetIndividual,429,Too Many Requests,GetIndividual 1-381,text,false,,417,3588,216,454,https://api-scuda.uat.oci.krungsri.tech/ic/api/v1/customer/individual/getprofile,33,0,30
1779799501785,62,SearchIndividual,200,OK,SearchIndividual 2-626,text,true,,1187,2602,3,453,https://api-scuda.uat.oci.krungsri.tech/ords/api/v1/customer/individual/searchprofile,62,0,47
1779799501793,46,SearchIndividual,200,OK,SearchIndividual 2-629,text,true,,1163,2602,3,452,https://api-scuda.uat.oci.krungsri.tech/ords/api/v1/customer/individual/searchprofile,45,0,26
1779799501807,23,GetIndividual,429,Too Many Requests,GetIndividual 1-382,text,false,,417,3588,215,452,https://api-scuda.uat.oci.krungsri.tech/ic/api/v1/customer/individual/getprofile,23,0,22
1779799501787,59,SearchIndividual,200,OK,SearchIndividual 2-627,text,true,,1175,2602,3,453,https://api-scuda.uat.oci.krungsri.tech/ords/api/v1/customer/individual/searchprofile,59,0,41
1779799501826,43,UpdateIndividual,429,Too Many Requests,UpdateIndividual 4-254,text,false,,417,5594,161,453,https://api-scuda.uat.oci.krungsri.tech/ic/api/v1/customer/individual/updateprofile,43,0,41
1779799501845,37,GetIndividual,429,Too Many Requests,GetIndividual 1-384,text,false,,417,3588,217,456,https://api-scuda.uat.oci.krungsri.tech/ic/api/v1/customer/individual/getprofile,37,0,28
1779799501854,32,SearchIndividual,429,Too Many Requests,SearchIndividual 2-631,text,false,,417,2601,6,455,https://api-scuda.uat.oci.krungsri.tech/ords/api/v1/customer/individual/searchprofile,32,0,28
1779799501874,18,GetIndividual,429,Too Many Requests,GetIndividual 1-386,text,false,,417,3588,216,454,https://api-scuda.uat.oci.krungsri.tech/ic/api/v1/customer/individual/getprofile,18,0,15
1779799501903,22,SearchIndividual,429,Too Many Requests,SearchIndividual 2-636,text,false,,417,2602,6,459,https://api-scuda.uat.oci.krungsri.tech/ords/api/v1/customer/individual/searchprofile,22,0,20
1779799501907,22,GetIndividual,429,Too Many Requests,GetIndividual 1-387,text,false,,417,3588,218,458,https://api-scuda.uat.oci.krungsri.tech/ic/api/v1/customer/individual/getprofile,22,0,20
1779799501854,80,SearchIndividual,200,OK,SearchIndividual 2-632,text,true,,1164,2601,6,460,https://api-scuda.uat.oci.krungsri.tech/ords/api/v1/customer/individual/searchprofile,79,0,55
1779799501921,17,GetIndividual,429,Too Many Requests,GetIndividual 1-389,text,false,,417,3588,217,459,https://api-scuda.uat.oci.krungsri.tech/ic/api/v1/customer/individual/getprofile,17,0,15
1779799501879,59,SearchIndividual,429,Too Many Requests,SearchIndividual 2-634,text,false,,417,2602,5,459,https://api-scuda.uat.oci.krungsri.tech/ords/api/v1/customer/individual/searchprofile,59,0,54
1779799501849,92,SearchIndividual,200,OK,SearchIndividual 2-630,text,true,,1207,2602,4,457,https://api-scuda.uat.oci.krungsri.tech/ords/api/v1/customer/individual/searchprofile,91,0,76
1779799501910,37,GetIndividual,429,Too Many Requests,GetIndividual 1-388,text,false,,417,3588,218,458,https://api-scuda.uat.oci.krungsri.tech/ic/api/v1/customer/individual/getprofile,37,0,32
1779799501931,17,SearchIndividual,429,Too Many Requests,SearchIndividual 2-637,text,false,,417,2602,3,458,https://api-scuda.uat.oci.krungsri.tech/ords/api/v1/customer/individual/searchprofile,17,0,15
1779799501937,23,UpdateIndividual,429,Too Many Requests,UpdateIndividual 4-258,text,false,,417,5506,164,458,https://api-scuda.uat.oci.krungsri.tech/ic/api/v1/customer/individual/updateprofile,23,0,21
1779799501929,33,UpdateIndividual,429,Too Many Requests,UpdateIndividual 4-256,text,false,,417,5491,163,457,https://api-scuda.uat.oci.krungsri.tech/ic/api/v1/customer/individual/updateprofile,33,0,29
1779799501930,38,UpdateIndividual,429,Too Many Requests,UpdateIndividual 4-255,text,false,,417,4226,162,456,https://api-scuda.uat.oci.krungsri.tech/ic/api/v1/customer/individual/updateprofile,38,0,33
1779799501942,29,GetIndividual,429,Too Many Requests,GetIndividual 1-392,text,false,,417,3588,217,456,https://api-scuda.uat.oci.krungsri.tech/ic/api/v1/customer/individual/getprofile,29,0,26
1779799501882,98,SearchIndividual,429,Too Many Requests,SearchIndividual 2-635,text,false,,417,2602,6,459,https://api-scuda.uat.oci.krungsri.tech/ords/api/v1/customer/individual/searchprofile,98,0,97
1779799501949,32,GetIndividual,429,Too Many Requests,GetIndividual 1-393,text,false,,417,3588,217,459,https://api-scuda.uat.oci.krungsri.tech/ic/api/v1/customer/individual/getprofile,32,0,31
1779799501972,20,SearchIndividual,429,Too Many Requests,SearchIndividual 2-640,text,false,,417,2602,5,457,https://api-scuda.uat.oci.krungsri.tech/ords/api/v1/customer/individual/searchprofile,20,0,19
1779799501979,16,GetIndividual,429,Too Many Requests,GetIndividual 1-394,text,false,,417,3588,216,456,https://api-scuda.uat.oci.krungsri.tech/ic/api/v1/customer/individual/getprofile,16,0,15
1779799501872,138,SearchIndividual,200,OK,SearchIndividual 2-633,text,true,,1145,2602,4,460,https://api-scuda.uat.oci.krungsri.tech/ords/api/v1/customer/individual/searchprofile,138,0,100
1779799501977,43,SearchIndividual,429,Too Many Requests,SearchIndividual 2-641,text,false,,417,2602,3,461,https://api-scuda.uat.oci.krungsri.tech/ords/api/v1/customer/individual/searchprofile,43,0,35
1779799501954,72,SearchIndividual,200,OK,SearchIndividual 2-639,text,true,,1207,2602,3,462,https://api-scuda.uat.oci.krungsri.tech/ords/api/v1/customer/individual/searchprofile,72,0,23
1779799501952,76,SearchIndividual,429,Too Many Requests,SearchIndividual 2-638,text,false,,417,2602,2,461,https://api-scuda.uat.oci.krungsri.tech/ords/api/v1/customer/individual/searchprofile,76,0,71
1779799502006,25,GetIndividual,429,Too Many Requests,GetIndividual 1-383,text,false,,417,3588,219,460,https://api-scuda.uat.oci.krungsri.tech/ic/api/v1/customer/individual/getprofile,25,0,22
1779799502017,15,GetIndividual,429,Too Many Requests,GetIndividual 1-395,text,false,,417,3588,219,460,https://api-scuda.uat.oci.krungsri.tech/ic/api/v1/customer/individual/getprofile,15,0,12
1779799502010,22,UpdateIndividual,429,Too Many Requests,UpdateIndividual 4-253,text,false,,417,5601,166,459,https://api-scuda.uat.oci.krungsri.tech/ic/api/v1/customer/individual/updateprofile,22,0,21
1779799502011,22,GetIndividual,429,Too Many Requests,GetIndividual 1-390,text,false,,417,3587,217,458,https://api-scuda.uat.oci.krungsri.tech/ic/api/v1/customer/individual/getprofile,22,0,20
1779799502016,17,UpdateIndividual,429,Too Many Requests,UpdateIndividual 4-259,text,false,,417,4228,166,458,https://api-scuda.uat.oci.krungsri.tech/ic/api/v1/customer/individual/updateprofile,17,0,14
1779799502011,24,GetIndividual,429,Too Many Requests,GetIndividual 1-391,text,false,,417,3588,216,455,https://api-scuda.uat.oci.krungsri.tech/ic/api/v1/customer/individual/getprofile,24,0,22
1779799502025,17,GetJoint,429,Too Many Requests,GetJoint 9-16,text,false,,417,3530,12,455,https://api-scuda.uat.oci.krungsri.tech/ic/api/v1/customer/joint/getprofile,17,0,15
1779799502025,20,UpdateIndividual,429,Too Many Requests,UpdateIndividual 4-262,text,false,,417,5573,164,454,https://api-scuda.uat.oci.krungsri.tech/ic/api/v1/customer/individual/updateprofile,20,0,18
1779799502023,22,SearchIndividual,429,Too Many Requests,SearchIndividual 2-642,text,false,,417,2602,2,454,https://api-scuda.uat.oci.krungsri.tech/ords/api/v1/customer/individual/searchprofile,22,0,21
1779799502085,20,SearchIndividual,429,Too Many Requests,SearchIndividual 2-647,text,false,,417,2602,9,464,https://api-scuda.uat.oci.krungsri.tech/ords/api/v1/customer/individual/searchprofile,20,0,17
1779799502065,41,SearchIndividual,200,OK,SearchIndividual 2-644,text,true,,1167,2602,9,464,https://api-scuda.uat.oci.krungsri.tech/ords/api/v1/customer/individual/searchprofile,41,0,27
1779799502039,72,SearchIndividual,200,OK,SearchIndividual 2-643,text,true,,1221,2602,8,463,https://api-scuda.uat.oci.krungsri.tech/ords/api/v1/customer/individual/searchprofile,72,0,42
1779799502068,43,GetIndividual,429,Too Many Requests,GetIndividual 1-396,text,false,,417,3588,218,463,https://api-scuda.uat.oci.krungsri.tech/ic/api/v1/customer/individual/getprofile,43,0,19
1779799502070,44,GetIndividual,429,Too Many Requests,GetIndividual 1-397,text,false,,417,3588,217,461,https://api-scuda.uat.oci.krungsri.tech/ic/api/v1/customer/individual/getprofile,44,0,25
1779799502094,21,SearchJuristic,429,Too Many Requests,SearchJuristic 6-16,text,false,,417,2600,1,460,https://api-scuda.uat.oci.krungsri.tech/ords/api/v1/customer/juristic/searchprofile,21,0,16
1779799502081,43,SearchIndividual,429,Too Many Requests,SearchIndividual 2-645,text,false,,417,2601,8,460,https://api-scuda.uat.oci.krungsri.tech/ords/api/v1/customer/individual/searchprofile,43,0,37
1779799502094,31,SearchIndividual,429,Too Many Requests,SearchIndividual 2-648,text,false,,417,2602,8,460,https://api-scuda.uat.oci.krungsri.tech/ords/api/v1/customer/individual/searchprofile,31,0,27
1779799502106,23,SearchIndividual,429,Too Many Requests,SearchIndividual 2-651,text,false,,417,2602,6,458,https://api-scuda.uat.oci.krungsri.tech/ords/api/v1/customer/individual/searchprofile,23,0,22
1779799490815,11322,GetIndividual,200,OK,GetIndividual 1-25,text,true,,3881,3588,216,457,https://api-scuda.uat.oci.krungsri.tech/ic/api/v1/customer/individual/getprofile,11322,0,39
1779799502083,62,SearchIndividual,429,Too Many Requests,SearchIndividual 2-646,text,false,,417,2601,5,456,https://api-scuda.uat.oci.krungsri.tech/ords/api/v1/customer/individual/searchprofile,62,0,53
1779799502094,87,SearchIndividual,429,Too Many Requests,SearchIndividual 2-649,text,false,,417,2602,6,460,https://api-scuda.uat.oci.krungsri.tech/ords/api/v1/customer/individual/searchprofile,87,0,76
1779799502117,66,SearchIndividual,429,Too Many Requests,SearchIndividual 2-653,text,false,,417,2602,5,459,https://api-scuda.uat.oci.krungsri.tech/ords/api/v1/customer/individual/searchprofile,66,0,56
1779799502108,76,SearchIndividual,429,Too Many Requests,SearchIndividual 2-652,text,false,,417,2601,5,459,https://api-scuda.uat.oci.krungsri.tech/ords/api/v1/customer/individual/searchprofile,76,0,67
1779799502097,88,GetIndividual,429,Too Many Requests,GetIndividual 1-398,text,false,,417,3588,217,458,https://api-scuda.uat.oci.krungsri.tech/ic/api/v1/customer/individual/getprofile,88,0,80
1779799502156,30,GetIndividual,429,Too Many Requests,GetIndividual 1-399,text,false,,417,3588,217,457,https://api-scuda.uat.oci.krungsri.tech/ic/api/v1/customer/individual/getprofile,30,0,27
1779799502146,45,SearchIndividual,200,OK,SearchIndividual 2-654,text,true,,1142,2601,4,457,https://api-scuda.uat.oci.krungsri.tech/ords/api/v1/customer/individual/searchprofile,45,0,29
1779799496842,5350,GetIndividual,200,OK,GetIndividual 1-183,text,true,,3812,3588,216,458,https://api-scuda.uat.oci.krungsri.tech/ic/api/v1/customer/individual/getprofile,5350,0,27
1779799502103,94,SearchIndividual,429,Too Many Requests,SearchIndividual 2-650,text,false,,417,2602,4,458,https://api-scuda.uat.oci.krungsri.tech/ords/api/v1/customer/individual/searchprofile,94,0,75
1779799502164,38,SearchIndividual,200,OK,SearchIndividual 2-655,text,true,,1196,2601,3,457,https://api-scuda.uat.oci.krungsri.tech/ords/api/v1/customer/individual/searchprofile,38,0,27
1779799502197,14,CreateIndividual,429,Too Many Requests,CreateIndividual 3-16,text,false,,417,7987,12,456,https://api-scuda.uat.oci.krungsri.tech/ic/api/v1/customer/individual/createprofile,14,0,13
1779799502188,26,SearchIndividual,429,Too Many Requests,SearchIndividual 2-656,text,false,,417,2602,2,455,https://api-scuda.uat.oci.krungsri.tech/ords/api/v1/customer/individual/searchprofile,26,0,24
1779799502184,31,UpdateIndividual,429,Too Many Requests,UpdateIndividual 4-263,text,false,,417,4227,164,455,https://api-scuda.uat.oci.krungsri.tech/ic/api/v1/customer/individual/updateprofile,31,0,29
1779799502196,22,GetIndividual,429,Too Many Requests,GetIndividual 1-402,text,false,,417,3586,216,455,https://api-scuda.uat.oci.krungsri.tech/ic/api/v1/customer/individual/getprofile,22,0,20
1779799502192,28,GetIndividual,429,Too Many Requests,GetIndividual 1-401,text,false,,417,3588,215,454,https://api-scuda.uat.oci.krungsri.tech/ic/api/v1/customer/individual/getprofile,28,0,26
1779799502217,16,SearchIndividual,429,Too Many Requests,SearchIndividual 2-658,text,false,,417,2602,3,456,https://api-scuda.uat.oci.krungsri.tech/ords/api/v1/customer/individual/searchprofile,16,0,13
1779799502193,40,SearchIndividual,429,Too Many Requests,SearchIndividual 2-657,text,false,,417,2602,3,456,https://api-scuda.uat.oci.krungsri.tech/ords/api/v1/customer/individual/searchprofile,40,0,37
1779799502177,61,GetIndividual,429,Too Many Requests,GetIndividual 1-400,text,false,,417,3588,215,454,https://api-scuda.uat.oci.krungsri.tech/ic/api/v1/customer/individual/getprofile,61,0,57
1779799502218,23,GetJuristic,429,Too Many Requests,GetJuristic 5-16,text,false,,417,3533,6,453,https://api-scuda.uat.oci.krungsri.tech/ic/api/v1/customer/juristic/getprofile,23,0,21
1779799502222,24,SearchIndividual,429,Too Many Requests,SearchIndividual 2-659,text,false,,417,2601,2,454,https://api-scuda.uat.oci.krungsri.tech/ords/api/v1/customer/individual/searchprofile,24,0,21
1779799502237,22,UpdateIndividual,429,Too Many Requests,UpdateIndividual 4-264,text,false,,417,4228,165,453,https://api-scuda.uat.oci.krungsri.tech/ic/api/v1/customer/individual/updateprofile,22,0,21
1779799502252,14,UpdateIndividual,429,Too Many Requests,UpdateIndividual 4-265,text,false,,417,4227,164,453,https://api-scuda.uat.oci.krungsri.tech/ic/api/v1/customer/individual/updateprofile,14,0,13
1779799502248,24,SearchIndividual,429,Too Many Requests,SearchIndividual 2-660,text,false,,417,2602,2,452,https://api-scuda.uat.oci.krungsri.tech/ords/api/v1/customer/individual/searchprofile,24,0,22
1779799502265,20,SearchIndividual,429,Too Many Requests,SearchIndividual 2-661,text,false,,417,2602,2,455,https://api-scuda.uat.oci.krungsri.tech/ords/api/v1/customer/individual/searchprofile,20,0,19
1779799502279,23,GetIndividual,429,Too Many Requests,GetIndividual 1-404,text,false,,417,3588,219,457,https://api-scuda.uat.oci.krungsri.tech/ic/api/v1/customer/individual/getprofile,23,0,21
1779799502278,26,SearchIndividual,429,Too Many Requests,SearchIndividual 2-662,text,false,,417,2602,2,459,https://api-scuda.uat.oci.krungsri.tech/ords/api/v1/customer/individual/searchprofile,26,0,24
1779799502285,21,GetIndividual,429,Too Many Requests,GetIndividual 1-405,text,false,,417,3588,219,458,https://api-scuda.uat.oci.krungsri.tech/ic/api/v1/customer/individual/getprofile,21,0,17
1779799502289,24,GetIndividual,429,Too Many Requests,GetIndividual 1-406,text,false,,417,3588,218,458,https://api-scuda.uat.oci.krungsri.tech/ic/api/v1/customer/individual/getprofile,24,0,22
1779799502290,24,UpdateIndividual,429,Too Many Requests,UpdateIndividual 4-266,text,false,,417,4230,164,458,https://api-scuda.uat.oci.krungsri.tech/ic/api/v1/customer/individual/updateprofile,24,0,22
1779799502293,23,GetIndividual,429,Too Many Requests,GetIndividual 1-407,text,false,,417,3587,217,456,https://api-scuda.uat.oci.krungsri.tech/ic/api/v1/customer/individual/getprofile,23,0,21
1779799502300,21,GetIndividual,429,Too Many Requests,GetIndividual 1-408,text,false,,417,3588,216,455,https://api-scuda.uat.oci.krungsri.tech/ic/api/v1/customer/individual/getprofile,21,0,19
1779799502305,17,SearchIndividual,429,Too Many Requests,SearchIndividual 2-663,text,false,,417,2602,2,454,https://api-scuda.uat.oci.krungsri.tech/ords/api/v1/customer/individual/searchprofile,17,0,13
1779799502304,22,GetIndividual,429,Too Many Requests,GetIndividual 1-409,text,false,,417,3587,215,453,https://api-scuda.uat.oci.krungsri.tech/ic/api/v1/customer/individual/getprofile,22,0,20
1779799502309,29,UpdateJuristic,429,Too Many Requests,UpdateJuristic 8-17,text,false,,417,5714,12,454,https://api-scuda.uat.oci.krungsri.tech/ic/api/v1/customer/juristic/updateprofile,29,0,26
1779799502309,27,SearchIndividual,429,Too Many Requests,SearchIndividual 2-664,text,false,,417,2602,3,454,https://api-scuda.uat.oci.krungsri.tech/ords/api/v1/customer/individual/searchprofile,27,0,24
1779799502336,34,SearchIndividual,429,Too Many Requests,SearchIndividual 2-666,text,false,,417,2602,4,457,https://api-scuda.uat.oci.krungsri.tech/ords/api/v1/customer/individual/searchprofile,34,0,28
1779799502335,47,SearchIndividual,200,OK,SearchIndividual 2-665,text,true,,1111,2602,3,456,https://api-scuda.uat.oci.krungsri.tech/ords/api/v1/customer/individual/searchprofile,47,0,29
1779799502346,65,SearchIndividual,200,OK,SearchIndividual 2-667,text,true,,1191,2602,7,465,https://api-scuda.uat.oci.krungsri.tech/ords/api/v1/customer/individual/searchprofile,65,0,39
1779799502392,25,SearchIndividual,429,Too Many Requests,SearchIndividual 2-670,text,false,,417,2602,6,464,https://api-scuda.uat.oci.krungsri.tech/ords/api/v1/customer/individual/searchprofile,25,0,20
1779799502357,64,GetIndividual,429,Too Many Requests,GetIndividual 1-411,text,false,,417,3588,219,464,https://api-scuda.uat.oci.krungsri.tech/ic/api/v1/customer/individual/getprofile,64,0,51
1779799502394,28,SearchIndividual,429,Too Many Requests,SearchIndividual 2-671,text,false,,417,2602,5,463,https://api-scuda.uat.oci.krungsri.tech/ords/api/v1/customer/individual/searchprofile,28,0,24
1779799502387,38,GetIndividual,429,Too Many Requests,GetIndividual 1-412,text,false,,417,3588,218,463,https://api-scuda.uat.oci.krungsri.tech/ic/api/v1/customer/individual/getprofile,38,0,32
1779799502368,55,SearchIndividual,429,Too Many Requests,SearchIndividual 2-668,text,false,,417,2602,5,463,https://api-scuda.uat.oci.krungsri.tech/ords/api/v1/customer/individual/searchprofile,55,0,46
1779799502401,27,UpdateIndividual,429,Too Many Requests,UpdateIndividual 4-268,text,false,,417,4226,166,460,https://api-scuda.uat.oci.krungsri.tech/ic/api/v1/customer/individual/updateprofile,27,0,16
1779799502400,28,GetJoint,429,Too Many Requests,GetJoint 9-17,text,false,,417,3529,12,460,https://api-scuda.uat.oci.krungsri.tech/ic/api/v1/customer/joint/getprofile,28,0,19
1779799502393,38,GetIndividual,429,Too Many Requests,GetIndividual 1-413,text,false,,417,3588,217,458,https://api-scuda.uat.oci.krungsri.tech/ic/api/v1/customer/individual/getprofile,38,0,30
1779799502419,19,GetIndividual,429,Too Many Requests,GetIndividual 1-414,text,false,,417,3588,216,462,https://api-scuda.uat.oci.krungsri.tech/ic/api/v1/customer/individual/getprofile,19,0,17
1779799502410,33,UpdateIndividual,429,Too Many Requests,UpdateIndividual 4-269,text,false,,417,5596,166,461,https://api-scuda.uat.oci.krungsri.tech/ic/api/v1/customer/individual/updateprofile,33,0,31
1779799502439,16,SearchIndividual,429,Too Many Requests,SearchIndividual 2-677,text,false,,417,2602,7,461,https://api-scuda.uat.oci.krungsri.tech/ords/api/v1/customer/individual/searchprofile,16,0,14
1779799502437,32,SearchIndividual,200,OK,SearchIndividual 2-676,text,true,,1161,2602,7,464,https://api-scuda.uat.oci.krungsri.tech/ords/api/v1/customer/individual/searchprofile,32,0,17
1779799502395,84,SearchIndividual,429,Too Many Requests,SearchIndividual 2-672,text,false,,417,2601,8,466,https://api-scuda.uat.oci.krungsri.tech/ords/api/v1/customer/individual/searchprofile,84,0,79
1779799502390,92,SearchIndividual,429,Too Many Requests,SearchIndividual 2-669,text,false,,417,2602,7,465,https://api-scuda.uat.oci.krungsri.tech/ords/api/v1/customer/individual/searchprofile,92,0,85
1779799494663,7828,GetIndividual,200,OK,GetIndividual 1-117,text,true,,3807,3588,218,465,https://api-scuda.uat.oci.krungsri.tech/ic/api/v1/customer/individual/getprofile,7828,0,24
1779799502456,37,SearchIndividual,200,OK,SearchIndividual 2-678,text,true,,1133,2602,6,464,https://api-scuda.uat.oci.krungsri.tech/ords/api/v1/customer/individual/searchprofile,36,0,17
1779799502397,95,SearchIndividual,429,Too Many Requests,SearchIndividual 2-673,text,false,,417,2602,6,464,https://api-scuda.uat.oci.krungsri.tech/ords/api/v1/customer/individual/searchprofile,95,0,82
1779799502435,60,SearchIndividual,429,Too Many Requests,SearchIndividual 2-675,text,false,,417,2602,4,462,https://api-scuda.uat.oci.krungsri.tech/ords/api/v1/customer/individual/searchprofile,60,0,56
1779799502434,64,SearchIndividual,429,Too Many Requests,SearchIndividual 2-674,text,false,,417,2602,3,462,https://api-scuda.uat.oci.krungsri.tech/ords/api/v1/customer/individual/searchprofile,64,0,62
1779799502450,50,GetIndividual,429,Too Many Requests,GetIndividual 1-415,text,false,,417,3588,218,461,https://api-scuda.uat.oci.krungsri.tech/ic/api/v1/customer/individual/getprofile,50,0,47
1779799502439,62,UpdateIndividual,429,Too Many Requests,UpdateIndividual 4-271,text,false,,417,4227,168,461,https://api-scuda.uat.oci.krungsri.tech/ic/api/v1/customer/individual/updateprofile,62,0,55
1779799502470,31,UpdateIndividual,429,Too Many Requests,UpdateIndividual 4-272,text,false,,417,4229,168,461,https://api-scuda.uat.oci.krungsri.tech/ic/api/v1/customer/individual/updateprofile,31,0,24
1779799502469,61,UpdateIndividual,429,Too Many Requests,UpdateIndividual 4-270,text,false,,417,4228,167,461,https://api-scuda.uat.oci.krungsri.tech/ic/api/v1/customer/individual/updateprofile,61,0,47
1779799502479,52,SearchIndividual,429,Too Many Requests,SearchIndividual 2-680,text,false,,417,2602,3,461,https://api-scuda.uat.oci.krungsri.tech/ords/api/v1/customer/individual/searchprofile,52,0,47
1779799502498,44,GetIndividual,429,Too Many Requests,GetIndividual 1-418,text,false,,417,3588,219,460,https://api-scuda.uat.oci.krungsri.tech/ic/api/v1/customer/individual/getprofile,44,0,39
1779799502517,30,UpdateIndividual,429,Too Many Requests,UpdateIndividual 4-274,text,false,,417,4227,166,463,https://api-scuda.uat.oci.krungsri.tech/ic/api/v1/customer/individual/updateprofile,30,0,28
1779799502524,30,SearchIndividual,429,Too Many Requests,SearchIndividual 2-681,text,false,,417,2602,5,463,https://api-scuda.uat.oci.krungsri.tech/ords/api/v1/customer/individual/searchprofile,30,0,20
1779799502545,53,SearchIndividual,429,Too Many Requests,SearchIndividual 2-683,text,false,,417,2601,9,469,https://api-scuda.uat.oci.krungsri.tech/ords/api/v1/customer/individual/searchprofile,53,0,50
1779799502551,46,SearchIndividual,429,Too Many Requests,SearchIndividual 2-684,text,false,,417,2602,9,469,https://api-scuda.uat.oci.krungsri.tech/ords/api/v1/customer/individual/searchprofile,46,0,45
1779799502544,55,SearchIndividual,429,Too Many Requests,SearchIndividual 2-682,text,false,,417,2602,9,469,https://api-scuda.uat.oci.krungsri.tech/ords/api/v1/customer/individual/searchprofile,55,0,52
1779799502567,35,SearchIndividual,429,Too Many Requests,SearchIndividual 2-686,text,false,,417,2602,6,466,https://api-scuda.uat.oci.krungsri.tech/ords/api/v1/customer/individual/searchprofile,35,0,33
1779799502573,30,SearchIndividual,429,Too Many Requests,SearchIndividual 2-687,text,false,,417,2602,5,465,https://api-scuda.uat.oci.krungsri.tech/ords/api/v1/customer/individual/searchprofile,30,0,27
1779799502587,25,SearchIndividual,429,Too Many Requests,SearchIndividual 2-688,text,false,,417,2602,4,465,https://api-scuda.uat.oci.krungsri.tech/ords/api/v1/customer/individual/searchprofile,25,0,23
1779799502476,153,SearchIndividual,429,Too Many Requests,SearchIndividual 2-679,text,false,,417,2602,3,464,https://api-scuda.uat.oci.krungsri.tech/ords/api/v1/customer/individual/searchprofile,153,0,128
1779799502474,169,GetIndividual,429,Too Many Requests,GetIndividual 1-417,text,false,,417,3588,222,466,https://api-scuda.uat.oci.krungsri.tech/ic/api/v1/customer/individual/getprofile,169,0,138
1779799502499,147,UpdateIndividual,429,Too Many Requests,UpdateIndividual 4-273,text,false,,417,4229,166,466,https://api-scuda.uat.oci.krungsri.tech/ic/api/v1/customer/individual/updateprofile,147,0,112
1779799496252,6414,GetIndividual,200,OK,GetIndividual 1-166,text,true,,3865,3588,222,467,https://api-scuda.uat.oci.krungsri.tech/ic/api/v1/customer/individual/getprofile,6414,0,16
1779799502642,30,SearchIndividual,429,Too Many Requests,SearchIndividual 2-692,text,false,,417,2602,7,466,https://api-scuda.uat.oci.krungsri.tech/ords/api/v1/customer/individual/searchprofile,30,0,26
1779799502511,162,GetIndividual,429,Too Many Requests,GetIndividual 1-419,text,false,,417,3588,221,466,https://api-scuda.uat.oci.krungsri.tech/ic/api/v1/customer/individual/getprofile,162,0,135
1779799502534,143,GetIndividual,429,Too Many Requests,GetIndividual 1-420,text,false,,417,3587,220,464,https://api-scuda.uat.oci.krungsri.tech/ic/api/v1/customer/individual/getprofile,143,0,134
1779799502642,37,SearchIndividual,429,Too Many Requests,SearchIndividual 2-691,text,false,,417,2602,6,463,https://api-scuda.uat.oci.krungsri.tech/ords/api/v1/customer/individual/searchprofile,37,0,31
1779799502579,112,GetIndividual,429,Too Many Requests,GetIndividual 1-424,text,false,,417,3588,221,466,https://api-scuda.uat.oci.krungsri.tech/ic/api/v1/customer/individual/getprofile,112,0,100
1779799502635,56,SearchIndividual,429,Too Many Requests,SearchIndividual 2-690,text,false,,417,2602,6,466,https://api-scuda.uat.oci.krungsri.tech/ords/api/v1/customer/individual/searchprofile,56,0,48
1779799502617,76,UpdateIndividual,429,Too Many Requests,UpdateIndividual 4-275,text,false,,417,4226,166,464,https://api-scuda.uat.oci.krungsri.tech/ic/api/v1/customer/individual/updateprofile,76,0,50
1779799502691,19,GetIndividual,429,Too Many Requests,GetIndividual 1-427,text,false,,417,3588,220,463,https://api-scuda.uat.oci.krungsri.tech/ic/api/v1/customer/individual/getprofile,19,0,16
1779799502667,47,GetIndividual,429,Too Many Requests,GetIndividual 1-425,text,false,,417,3588,219,462,https://api-scuda.uat.oci.krungsri.tech/ic/api/v1/customer/individual/getprofile,47,0,45
1779799502548,168,GetIndividual,429,Too Many Requests,GetIndividual 1-422,text,false,,417,3588,218,461,https://api-scuda.uat.oci.krungsri.tech/ic/api/v1/customer/individual/getprofile,168,0,166
1779799502651,68,SearchIndividual,429,Too Many Requests,SearchIndividual 2-694,text,false,,417,2602,5,460,https://api-scuda.uat.oci.krungsri.tech/ords/api/v1/customer/individual/searchprofile,68,0,64
1779799502647,77,SearchIndividual,429,Too Many Requests,SearchIndividual 2-693,text,false,,417,2602,4,459,https://api-scuda.uat.oci.krungsri.tech/ords/api/v1/customer/individual/searchprofile,77,0,60
1779799502588,147,SearchIndividual,429,Too Many Requests,SearchIndividual 2-689,text,false,,417,2602,3,458,https://api-scuda.uat.oci.krungsri.tech/ords/api/v1/customer/individual/searchprofile,147,0,145
1779799502562,174,SearchIndividual,429,Too Many Requests,SearchIndividual 2-685,text,false,,417,2602,3,458,https://api-scuda.uat.oci.krungsri.tech/ords/api/v1/customer/individual/searchprofile,174,0,172
1779799502690,52,GetIndividual,429,Too Many Requests,GetIndividual 1-426,text,false,,417,3588,217,456,https://api-scuda.uat.oci.krungsri.tech/ic/api/v1/customer/individual/getprofile,52,0,48
1779799502688,56,SearchIndividual,429,Too Many Requests,SearchIndividual 2-695,text,false,,417,2602,1,455,https://api-scuda.uat.oci.krungsri.tech/ords/api/v1/customer/individual/searchprofile,56,0,53
1779799502698,51,UpdateIndividual,429,Too Many Requests,UpdateIndividual 4-276,text,false,,417,5575,165,454,https://api-scuda.uat.oci.krungsri.tech/ic/api/v1/customer/individual/updateprofile,51,0,49
1779799494588,8206,GetIndividual,200,OK,GetIndividual 1-116,text,true,,3891,3588,217,460,https://api-scuda.uat.oci.krungsri.tech/ic/api/v1/customer/individual/getprofile,8206,0,23
1779799502794,20,UpdateIndividual,429,Too Many Requests,UpdateIndividual 4-280,text,false,,417,4231,168,468,https://api-scuda.uat.oci.krungsri.tech/ic/api/v1/customer/individual/updateprofile,20,0,18
1779799502808,12,GetIndividual,429,Too Many Requests,GetIndividual 1-430,text,false,,417,3588,219,467,https://api-scuda.uat.oci.krungsri.tech/ic/api/v1/customer/individual/getprofile,12,0,10
1779799502789,36,SearchJuristic,200,OK,SearchJuristic 6-17,text,true,,984,2600,1,466,https://api-scuda.uat.oci.krungsri.tech/ords/api/v1/customer/juristic/searchprofile,36,0,23
1779799502790,40,SearchIndividual,200,OK,SearchIndividual 2-696,text,true,,1187,2602,6,465,https://api-scuda.uat.oci.krungsri.tech/ords/api/v1/customer/individual/searchprofile,40,0,21
1779799502798,32,SearchIndividual,429,Too Many Requests,SearchIndividual 2-698,text,false,,417,2602,6,465,https://api-scuda.uat.oci.krungsri.tech/ords/api/v1/customer/individual/searchprofile,32,0,29
1779799502795,43,UpdateIndividual,429,Too Many Requests,UpdateIndividual 4-277,text,false,,417,5589,168,464,https://api-scuda.uat.oci.krungsri.tech/ic/api/v1/customer/individual/updateprofile,43,0,37
1779799502798,42,SearchIndividual,200,OK,SearchIndividual 2-697,text,true,,1164,2601,4,466,https://api-scuda.uat.oci.krungsri.tech/ords/api/v1/customer/individual/searchprofile,41,0,25
1779799502809,28,GetIndividual,429,Too Many Requests,GetIndividual 1-431,text,false,,417,3588,218,464,https://api-scuda.uat.oci.krungsri.tech/ic/api/v1/customer/individual/getprofile,28,0,27
1779799502804,32,SearchIndividual,429,Too Many Requests,SearchIndividual 2-700,text,false,,417,2602,4,464,https://api-scuda.uat.oci.krungsri.tech/ords/api/v1/customer/individual/searchprofile,32,0,29
1779799496847,6101,GetIndividual,200,OK,GetIndividual 1-185,text,true,,3815,3588,221,474,https://api-scuda.uat.oci.krungsri.tech/ic/api/v1/customer/individual/getprofile,6101,0,24
1779799497051,5913,GetIndividual,200,OK,GetIndividual 1-194,text,true,,3879,3588,222,479,https://api-scuda.uat.oci.krungsri.tech/ic/api/v1/customer/individual/getprofile,5913,0,20
1779799502846,129,SearchIndividual,429,Too Many Requests,SearchIndividual 2-702,text,false,,417,2602,18,487,https://api-scuda.uat.oci.krungsri.tech/ords/api/v1/customer/individual/searchprofile,129,0,118
1779799502840,139,GetIndividual,429,Too Many Requests,GetIndividual 1-432,text,false,,417,3587,222,489,https://api-scuda.uat.oci.krungsri.tech/ic/api/v1/customer/individual/getprofile,139,0,130
1779799502854,127,GetIndividual,429,Too Many Requests,GetIndividual 1-434,text,false,,417,3588,221,488,https://api-scuda.uat.oci.krungsri.tech/ic/api/v1/customer/individual/getprofile,127,0,114
1779799502849,136,SearchIndividual,200,OK,SearchIndividual 2-703,text,true,,1179,2602,20,488,https://api-scuda.uat.oci.krungsri.tech/ords/api/v1/customer/individual/searchprofile,135,0,113
1779799502959,31,GetIndividual,429,Too Many Requests,GetIndividual 1-437,text,false,,417,3588,220,488,https://api-scuda.uat.oci.krungsri.tech/ic/api/v1/customer/individual/getprofile,31,0,28
1779799502863,127,SearchIndividual,429,Too Many Requests,SearchIndividual 2-710,text,false,,417,2602,20,488,https://api-scuda.uat.oci.krungsri.tech/ords/api/v1/customer/individual/searchprofile,127,0,124
1779799502864,136,SearchIndividual,429,Too Many Requests,SearchIndividual 2-705,text,false,,417,2602,19,486,https://api-scuda.uat.oci.krungsri.tech/ords/api/v1/customer/individual/searchprofile,136,0,128
1779799502863,146,SearchIndividual,429,Too Many Requests,SearchIndividual 2-706,text,false,,417,2602,18,488,https://api-scuda.uat.oci.krungsri.tech/ords/api/v1/customer/individual/searchprofile,146,0,107
1779799502863,148,GetIndividual,429,Too Many Requests,GetIndividual 1-435,text,false,,417,3588,221,487,https://api-scuda.uat.oci.krungsri.tech/ic/api/v1/customer/individual/getprofile,148,0,130
1779799502793,225,UpdateIndividual,429,Too Many Requests,UpdateIndividual 4-279,text,false,,417,4227,171,486,https://api-scuda.uat.oci.krungsri.tech/ic/api/v1/customer/individual/updateprofile,225,0,155
1779799502983,35,GetJuristic,429,Too Many Requests,GetJuristic 5-17,text,false,,417,3533,6,486,https://api-scuda.uat.oci.krungsri.tech/ic/api/v1/customer/juristic/getprofile,35,0,30
1779799502863,157,SearchIndividual,200,OK,SearchIndividual 2-707,text,true,,1123,2602,17,485,https://api-scuda.uat.oci.krungsri.tech/ords/api/v1/customer/individual/searchprofile,156,0,130
1779799503034,23,SearchIndividual,429,Too Many Requests,SearchIndividual 2-722,text,false,,417,2602,20,489,https://api-scuda.uat.oci.krungsri.tech/ords/api/v1/customer/individual/searchprofile,23,0,21
1779799502974,103,UpdateIndividual,429,Too Many Requests,UpdateIndividual 4-285,text,false,,417,4229,172,489,https://api-scuda.uat.oci.krungsri.tech/ic/api/v1/customer/individual/updateprofile,103,0,81
1779799494841,8250,GetIndividual,200,OK,GetIndividual 1-121,text,true,,3819,3588,222,491,https://api-scuda.uat.oci.krungsri.tech/ic/api/v1/customer/individual/getprofile,8250,0,25
1779799503064,26,UpdateIndividual,429,Too Many Requests,UpdateIndividual 4-287,text,false,,417,5593,171,491,https://api-scuda.uat.oci.krungsri.tech/ic/api/v1/customer/individual/updateprofile,26,0,24
1779799502973,123,SearchIndividual,429,Too Many Requests,SearchIndividual 2-714,text,false,,417,2602,21,490,https://api-scuda.uat.oci.krungsri.tech/ords/api/v1/customer/individual/searchprofile,123,0,90
1779799502975,122,SearchIndividual,429,Too Many Requests,SearchIndividual 2-717,text,false,,417,2602,20,489,https://api-scuda.uat.oci.krungsri.tech/ords/api/v1/customer/individual/searchprofile,122,0,89
1779799502974,125,SearchIndividual,429,Too Many Requests,SearchIndividual 2-716,text,false,,417,2602,19,488,https://api-scuda.uat.oci.krungsri.tech/ords/api/v1/customer/individual/searchprofile,125,0,93
1779799503009,97,SearchJoint,429,Too Many Requests,SearchJoint 10-17,text,false,,417,2627,1,490,https://api-scuda.uat.oci.krungsri.tech/ords/api/v1/customer/joint/searchprofile,97,0,82
1779799502973,135,SearchIndividual,429,Too Many Requests,SearchIndividual 2-715,text,false,,417,2602,18,489,https://api-scuda.uat.oci.krungsri.tech/ords/api/v1/customer/individual/searchprofile,135,0,129
1779799502973,135,SearchIndividual,429,Too Many Requests,SearchIndividual 2-712,text,false,,417,2602,19,490,https://api-scuda.uat.oci.krungsri.tech/ords/api/v1/customer/individual/searchprofile,135,0,129
1779799503090,19,SearchIndividual,429,Too Many Requests,SearchIndividual 2-727,text,false,,417,2602,19,490,https://api-scuda.uat.oci.krungsri.tech/ords/api/v1/customer/individual/searchprofile,19,0,16
1779799502978,133,SearchIndividual,429,Too Many Requests,SearchIndividual 2-718,text,false,,417,2601,16,487,https://api-scuda.uat.oci.krungsri.tech/ords/api/v1/customer/individual/searchprofile,133,0,126
1779799503006,106,GetIndividual,429,Too Many Requests,GetIndividual 1-442,text,false,,417,3588,223,487,https://api-scuda.uat.oci.krungsri.tech/ic/api/v1/customer/individual/getprofile,106,0,100
1779799503002,110,GetIndividual,429,Too Many Requests,GetIndividual 1-441,text,false,,417,3588,223,487,https://api-scuda.uat.oci.krungsri.tech/ic/api/v1/customer/individual/getprofile,110,0,103
1779799503084,30,GetIndividual,429,Too Many Requests,GetIndividual 1-444,text,false,,417,3588,221,484,https://api-scuda.uat.oci.krungsri.tech/ic/api/v1/customer/individual/getprofile,30,0,26
1779799503093,23,GetIndividual,429,Too Many Requests,GetIndividual 1-445,text,false,,417,3588,220,483,https://api-scuda.uat.oci.krungsri.tech/ic/api/v1/customer/individual/getprofile,23,0,16
1779799503046,79,GetIndividual,429,Too Many Requests,GetIndividual 1-443,text,false,,417,3587,219,484,https://api-scuda.uat.oci.krungsri.tech/ic/api/v1/customer/individual/getprofile,79,0,78
1779799503037,91,SearchIndividual,429,Too Many Requests,SearchIndividual 2-723,text,false,,417,2601,17,483,https://api-scuda.uat.oci.krungsri.tech/ords/api/v1/customer/individual/searchprofile,91,0,89
1779799503122,29,SearchIndividual,429,Too Many Requests,SearchIndividual 2-730,text,false,,417,2602,19,486,https://api-scuda.uat.oci.krungsri.tech/ords/api/v1/customer/individual/searchprofile,29,0,25
1779799503118,40,SearchIndividual,429,Too Many Requests,SearchIndividual 2-729,text,false,,417,2602,18,485,https://api-scuda.uat.oci.krungsri.tech/ords/api/v1/customer/individual/searchprofile,39,0,38
1779799503139,30,GetIndividual,429,Too Many Requests,GetIndividual 1-447,text,false,,417,3588,220,489,https://api-scuda.uat.oci.krungsri.tech/ic/api/v1/customer/individual/getprofile,30,0,27
1779799503152,25,SearchIndividual,429,Too Many Requests,SearchIndividual 2-733,text,false,,417,2602,21,491,https://api-scuda.uat.oci.krungsri.tech/ords/api/v1/customer/individual/searchprofile,25,0,24
1779799502839,341,UpdateIndividual,429,Too Many Requests,UpdateIndividual 4-282,text,false,,417,4227,174,491,https://api-scuda.uat.oci.krungsri.tech/ic/api/v1/customer/individual/updateprofile,341,0,168
1779799498066,5117,GetIndividual,200,OK,GetIndividual 1-225,text,true,,3810,3588,220,490,https://api-scuda.uat.oci.krungsri.tech/ic/api/v1/customer/individual/getprofile,5117,0,26
1779799503173,20,UpdateIndividual,429,Too Many Requests,UpdateIndividual 4-292,text,false,,417,5544,173,490,https://api-scuda.uat.oci.krungsri.tech/ic/api/v1/customer/individual/updateprofile,20,0,19
1779799503172,22,SearchIndividual,429,Too Many Requests,SearchIndividual 2-736,text,false,,417,2602,22,490,https://api-scuda.uat.oci.krungsri.tech/ords/api/v1/customer/individual/searchprofile,22,0,21
1779799503175,21,UpdateIndividual,429,Too Many Requests,UpdateIndividual 4-293,text,false,,417,5529,172,488,https://api-scuda.uat.oci.krungsri.tech/ic/api/v1/customer/individual/updateprofile,21,0,16
1779799503180,32,SearchIndividual,200,OK,SearchIndividual 2-738,text,true,,1133,2602,22,490,https://api-scuda.uat.oci.krungsri.tech/ords/api/v1/customer/individual/searchprofile,32,0,21
1779799503189,25,SearchIndividual,429,Too Many Requests,SearchIndividual 2-739,text,false,,417,2602,21,490,https://api-scuda.uat.oci.krungsri.tech/ords/api/v1/customer/individual/searchprofile,25,0,21
1779799503163,52,GetIndividual,429,Too Many Requests,GetIndividual 1-448,text,false,,417,3588,219,490,https://api-scuda.uat.oci.krungsri.tech/ic/api/v1/customer/individual/getprofile,52,0,45
1779799503161,54,SearchIndividual,429,Too Many Requests,SearchIndividual 2-734,text,false,,417,2602,21,490,https://api-scuda.uat.oci.krungsri.tech/ords/api/v1/customer/individual/searchprofile,54,0,49
1779799503152,63,SearchIndividual,429,Too Many Requests,SearchIndividual 2-732,text,false,,417,2602,21,490,https://api-scuda.uat.oci.krungsri.tech/ords/api/v1/customer/individual/searchprofile,63,0,60
1779799503168,54,SearchIndividual,200,OK,SearchIndividual 2-735,text,true,,1145,2602,18,488,https://api-scuda.uat.oci.krungsri.tech/ords/api/v1/customer/individual/searchprofile,54,0,28
1779799502803,421,SearchIndividual,429,Too Many Requests,SearchIndividual 2-699,text,false,,417,2602,17,487,https://api-scuda.uat.oci.krungsri.tech/ords/api/v1/customer/individual/searchprofile,421,0,235
1779799502852,373,SearchIndividual,429,Too Many Requests,SearchIndividual 2-704,text,false,,417,2602,17,487,https://api-scuda.uat.oci.krungsri.tech/ords/api/v1/customer/individual/searchprofile,373,0,188
1779799503207,19,SearchIndividual,429,Too Many Requests,SearchIndividual 2-740,text,false,,417,2602,16,486,https://api-scuda.uat.oci.krungsri.tech/ords/api/v1/customer/individual/searchprofile,19,0,17
1779799502805,423,SearchIndividual,429,Too Many Requests,SearchIndividual 2-701,text,false,,417,2602,15,485,https://api-scuda.uat.oci.krungsri.tech/ords/api/v1/customer/individual/searchprofile,423,0,237
1779799503219,26,UpdateIndividual,429,Too Many Requests,UpdateIndividual 4-296,text,false,,417,5604,174,488,https://api-scuda.uat.oci.krungsri.tech/ic/api/v1/customer/individual/updateprofile,26,0,24
1779799503220,29,GetIndividual,429,Too Many Requests,GetIndividual 1-450,text,false,,417,3588,223,487,https://api-scuda.uat.oci.krungsri.tech/ic/api/v1/customer/individual/getprofile,29,0,27
1779799503223,30,GetIndividual,429,Too Many Requests,GetIndividual 1-451,text,false,,417,3588,222,487,https://api-scuda.uat.oci.krungsri.tech/ic/api/v1/customer/individual/getprofile,30,0,25
1779799495797,7468,GetIndividual,200,OK,GetIndividual 1-150,text,true,,3793,3588,222,489,https://api-scuda.uat.oci.krungsri.tech/ic/api/v1/customer/individual/getprofile,7468,0,22
1779799502841,428,GetIndividual,429,Too Many Requests,GetIndividual 1-433,text,false,,417,3588,221,488,https://api-scuda.uat.oci.krungsri.tech/ic/api/v1/customer/individual/getprofile,428,0,376
1779799502864,407,SearchIndividual,429,Too Many Requests,SearchIndividual 2-708,text,false,,417,2602,16,488,https://api-scuda.uat.oci.krungsri.tech/ords/api/v1/customer/individual/searchprofile,407,0,357
1779799503253,35,SearchIndividual,200,OK,SearchIndividual 2-742,text,true,,1177,2602,17,491,https://api-scuda.uat.oci.krungsri.tech/ords/api/v1/customer/individual/searchprofile,35,0,23
1779799497781,5507,GetIndividual,200,OK,GetIndividual 1-213,text,true,,3884,3588,220,491,https://api-scuda.uat.oci.krungsri.tech/ic/api/v1/customer/individual/getprofile,5507,0,28
1779799496339,6955,GetIndividual,200,OK,GetIndividual 1-170,text,true,,3836,3588,220,492,https://api-scuda.uat.oci.krungsri.tech/ic/api/v1/customer/individual/getprofile,6955,0,84
1779799503284,34,SearchIndividual,200,OK,SearchIndividual 2-745,text,true,,1159,2602,19,497,https://api-scuda.uat.oci.krungsri.tech/ords/api/v1/customer/individual/searchprofile,34,0,21
1779799503271,48,SearchIndividual,200,OK,SearchIndividual 2-743,text,true,,1183,2602,18,497,https://api-scuda.uat.oci.krungsri.tech/ords/api/v1/customer/individual/searchprofile,48,0,34
1779799503301,31,UpdateIndividual,429,Too Many Requests,UpdateIndividual 4-301,text,false,,417,4227,179,498,https://api-scuda.uat.oci.krungsri.tech/ic/api/v1/customer/individual/updateprofile,31,0,29
1779799503287,50,SearchJuristic,200,OK,SearchJuristic 6-18,text,true,,1019,2600,1,498,https://api-scuda.uat.oci.krungsri.tech/ords/api/v1/customer/juristic/searchprofile,50,0,28
1779799503299,38,GetIndividual,429,Too Many Requests,GetIndividual 1-455,text,false,,417,3588,222,498,https://api-scuda.uat.oci.krungsri.tech/ic/api/v1/customer/individual/getprofile,38,0,36
1779799503319,19,GetIndividual,429,Too Many Requests,GetIndividual 1-456,text,false,,417,3588,222,498,https://api-scuda.uat.oci.krungsri.tech/ic/api/v1/customer/individual/getprofile,19,0,16
1779799503297,41,SearchIndividual,429,Too Many Requests,SearchIndividual 2-746,text,false,,417,2602,19,498,https://api-scuda.uat.oci.krungsri.tech/ords/api/v1/customer/individual/searchprofile,41,0,39
1779799503311,30,SearchIndividual,200,OK,SearchIndividual 2-748,text,true,,1221,2602,21,497,https://api-scuda.uat.oci.krungsri.tech/ords/api/v1/customer/individual/searchprofile,29,0,15
1779799502988,362,UpdateIndividual,429,Too Many Requests,UpdateIndividual 4-281,text,false,,417,4226,178,495,https://api-scuda.uat.oci.krungsri.tech/ic/api/v1/customer/individual/updateprofile,362,0,262
1779799502959,399,UpdateIndividual,429,Too Many Requests,UpdateIndividual 4-284,text,false,,417,4229,178,496,https://api-scuda.uat.oci.krungsri.tech/ic/api/v1/customer/individual/updateprofile,399,0,310
1779799502978,386,SearchIndividual,429,Too Many Requests,SearchIndividual 2-719,text,false,,417,2602,20,496,https://api-scuda.uat.oci.krungsri.tech/ords/api/v1/customer/individual/searchprofile,386,0,291
1779799502972,391,GetIndividual,429,Too Many Requests,GetIndividual 1-440,text,false,,417,3588,220,496,https://api-scuda.uat.oci.krungsri.tech/ic/api/v1/customer/individual/getprofile,391,0,302
1779799503041,324,SearchIndividual,429,Too Many Requests,SearchIndividual 2-724,text,false,,417,2602,19,495,https://api-scuda.uat.oci.krungsri.tech/ords/api/v1/customer/individual/searchprofile,324,0,238
1779799502979,411,SearchIndividual,429,Too Many Requests,SearchIndividual 2-720,text,false,,417,2602,21,500,https://api-scuda.uat.oci.krungsri.tech/ords/api/v1/customer/individual/searchprofile,411,0,301
1779799502864,526,SearchIndividual,429,Too Many Requests,SearchIndividual 2-709,text,false,,417,2602,21,500,https://api-scuda.uat.oci.krungsri.tech/ords/api/v1/customer/individual/searchprofile,526,0,454
1779799503360,41,SearchIndividual,200,OK,SearchIndividual 2-753,text,true,,1157,2602,20,501,https://api-scuda.uat.oci.krungsri.tech/ords/api/v1/customer/individual/searchprofile,41,0,24
1779799503332,70,SearchIndividual,200,OK,SearchIndividual 2-749,text,true,,1101,2602,19,500,https://api-scuda.uat.oci.krungsri.tech/ords/api/v1/customer/individual/searchprofile,66,0,35
1779799503052,351,SearchIndividual,429,Too Many Requests,SearchIndividual 2-725,text,false,,417,2602,18,499,https://api-scuda.uat.oci.krungsri.tech/ords/api/v1/customer/individual/searchprofile,351,0,297
1779799502819,586,UpdateJoint,429,Too Many Requests,UpdateJoint 12-17,text,false,,417,4561,12,499,https://api-scuda.uat.oci.krungsri.tech/ic/api/v1/customer/joint/updateprofile,586,0,428
1779799503110,297,SearchIndividual,429,Too Many Requests,SearchIndividual 2-728,text,false,,417,2602,17,497,https://api-scuda.uat.oci.krungsri.tech/ords/api/v1/customer/individual/searchprofile,297,0,250
1779799503368,41,SearchIndividual,429,Too Many Requests,SearchIndividual 2-755,text,false,,417,2602,16,496,https://api-scuda.uat.oci.krungsri.tech/ords/api/v1/customer/individual/searchprofile,41,0,40
1779799503374,35,GetIndividual,429,Too Many Requests,GetIndividual 1-458,text,false,,417,3588,220,496,https://api-scuda.uat.oci.krungsri.tech/ic/api/v1/customer/individual/getprofile,35,0,33
1779799502963,447,UpdateIndividual,429,Too Many Requests,UpdateIndividual 4-283,text,false,,417,4227,182,496,https://api-scuda.uat.oci.krungsri.tech/ic/api/v1/customer/individual/updateprofile,447,0,400
1779799503371,73,CreateJuristic,429,Too Many Requests,CreateJuristic 7-18,text,false,,417,8004,14,498,https://api-scuda.uat.oci.krungsri.tech/ic/api/v1/customer/juristic/createprofile,73,0,61
1779799503367,76,SearchIndividual,429,Too Many Requests,SearchIndividual 2-754,text,false,,417,2602,16,498,https://api-scuda.uat.oci.krungsri.tech/ords/api/v1/customer/individual/searchprofile,76,0,65
1779799503387,55,UpdateIndividual,429,Too Many Requests,UpdateIndividual 4-299,text,false,,417,4229,183,498,https://api-scuda.uat.oci.krungsri.tech/ic/api/v1/customer/individual/updateprofile,55,0,38
1779799503416,24,SearchIndividual,429,Too Many Requests,SearchIndividual 2-758,text,false,,417,2602,16,498,https://api-scuda.uat.oci.krungsri.tech/ords/api/v1/customer/individual/searchprofile,24,0,17
1779799503261,175,UpdateIndividual,429,Too Many Requests,UpdateIndividual 4-297,text,false,,417,4227,183,498,https://api-scuda.uat.oci.krungsri.tech/ic/api/v1/customer/individual/updateprofile,175,0,150
1779799502953,484,GetIndividual,429,Too Many Requests,GetIndividual 1-436,text,false,,417,3588,221,498,https://api-scuda.uat.oci.krungsri.tech/ic/api/v1/customer/individual/getprofile,484,0,449
1779799503341,95,SearchIndividual,429,Too Many Requests,SearchIndividual 2-752,text,false,,417,2602,16,498,https://api-scuda.uat.oci.krungsri.tech/ords/api/v1/customer/individual/searchprofile,95,0,91
1779799503277,159,SearchIndividual,429,Too Many Requests,SearchIndividual 2-744,text,false,,417,2602,16,498,https://api-scuda.uat.oci.krungsri.tech/ords/api/v1/customer/individual/searchprofile,159,0,133
1779799503087,348,SearchIndividual,429,Too Many Requests,SearchIndividual 2-726,text,false,,417,2602,16,498,https://api-scuda.uat.oci.krungsri.tech/ords/api/v1/customer/individual/searchprofile,348,0,329
1779799503108,326,UpdateIndividual,429,Too Many Requests,UpdateIndividual 4-290,text,false,,417,4228,183,498,https://api-scuda.uat.oci.krungsri.tech/ic/api/v1/customer/individual/updateprofile,326,0,304
1779799502959,461,CreateJuristic,429,Too Many Requests,CreateJuristic 7-17,text,false,,417,8094,14,495,https://api-scuda.uat.oci.krungsri.tech/ic/api/v1/customer/juristic/createprofile,461,0,438
1779799503171,254,GetIndividual,429,Too Many Requests,GetIndividual 1-449,text,false,,417,3588,220,496,https://api-scuda.uat.oci.krungsri.tech/ic/api/v1/customer/individual/getprofile,254,0,235
1779799503399,26,SearchIndividual,429,Too Many Requests,SearchIndividual 2-757,text,false,,417,2602,16,496,https://api-scuda.uat.oci.krungsri.tech/ords/api/v1/customer/individual/searchprofile,26,0,25
1779799503176,248,SearchIndividual,429,Too Many Requests,SearchIndividual 2-737,text,false,,417,2602,16,495,https://api-scuda.uat.oci.krungsri.tech/ords/api/v1/customer/individual/searchprofile,248,0,228
1779799502967,455,SearchIndividual,429,Too Many Requests,SearchIndividual 2-711,text,false,,417,2602,16,495,https://api-scuda.uat.oci.krungsri.tech/ords/api/v1/customer/individual/searchprofile,455,0,434
1779799503226,197,SearchIndividual,429,Too Many Requests,SearchIndividual 2-741,text,false,,417,2601,16,495,https://api-scuda.uat.oci.krungsri.tech/ords/api/v1/customer/individual/searchprofile,197,0,177
1779799502973,446,SearchIndividual,429,Too Many Requests,SearchIndividual 2-713,text,false,,417,2602,16,495,https://api-scuda.uat.oci.krungsri.tech/ords/api/v1/customer/individual/searchprofile,446,0,420
1779799502986,432,SearchIndividual,429,Too Many Requests,SearchIndividual 2-721,text,false,,417,2602,16,495,https://api-scuda.uat.oci.krungsri.tech/ords/api/v1/customer/individual/searchprofile,432,0,403
1779799503106,311,UpdateIndividual,429,Too Many Requests,UpdateIndividual 4-289,text,false,,417,4229,181,495,https://api-scuda.uat.oci.krungsri.tech/ic/api/v1/customer/individual/updateprofile,311,0,283
1779799503138,279,SearchIndividual,429,Too Many Requests,SearchIndividual 2-731,text,false,,417,2602,16,495,https://api-scuda.uat.oci.krungsri.tech/ords/api/v1/customer/individual/searchprofile,279,0,250
1779799503315,132,UpdateJuristic,429,Too Many Requests,UpdateJuristic 8-18,text,false,,417,5793,12,490,https://api-scuda.uat.oci.krungsri.tech/ic/api/v1/customer/juristic/updateprofile,132,0,107
1779799503102,311,GetIndividual,429,Too Many Requests,GetIndividual 1-446,text,false,,417,3588,220,494,https://api-scuda.uat.oci.krungsri.tech/ic/api/v1/customer/individual/getprofile,311,0,270
1779799503261,187,UpdateIndividual,429,Too Many Requests,UpdateIndividual 4-298,text,false,,417,5607,180,487,https://api-scuda.uat.oci.krungsri.tech/ic/api/v1/customer/individual/updateprofile,187,0,161
1779799503306,142,SearchIndividual,429,Too Many Requests,SearchIndividual 2-747,text,false,,417,2602,8,484,https://api-scuda.uat.oci.krungsri.tech/ords/api/v1/customer/individual/searchprofile,142,0,133
1779799503237,213,GetIndividual,429,Too Many Requests,GetIndividual 1-439,text,false,,417,3588,220,482,https://api-scuda.uat.oci.krungsri.tech/ic/api/v1/customer/individual/getprofile,213,0,204
1779799503300,153,UpdateIndividual,429,Too Many Requests,UpdateIndividual 4-291,text,false,,417,5598,178,475,https://api-scuda.uat.oci.krungsri.tech/ic/api/v1/customer/individual/updateprofile,153,0,142
1779799503320,133,GetIndividual,429,Too Many Requests,GetIndividual 1-457,text,false,,417,3588,217,475,https://api-scuda.uat.oci.krungsri.tech/ic/api/v1/customer/individual/getprofile,133,0,125
1779799503341,114,SearchIndividual,429,Too Many Requests,SearchIndividual 2-751,text,false,,417,2602,5,473,https://api-scuda.uat.oci.krungsri.tech/ords/api/v1/customer/individual/searchprofile,114,0,106
1779799503414,42,GetIndividual,429,Too Many Requests,GetIndividual 1-459,text,false,,417,3588,216,473,https://api-scuda.uat.oci.krungsri.tech/ic/api/v1/customer/individual/getprofile,42,0,37
1779799503379,78,SearchIndividual,429,Too Many Requests,SearchIndividual 2-756,text,false,,417,2602,4,471,https://api-scuda.uat.oci.krungsri.tech/ords/api/v1/customer/individual/searchprofile,78,0,72
1779799494731,8741,GetIndividual,200,OK,GetIndividual 1-118,text,true,,3879,3588,215,470,https://api-scuda.uat.oci.krungsri.tech/ic/api/v1/customer/individual/getprofile,8741,0,21
1779799503337,134,SearchIndividual,429,Too Many Requests,SearchIndividual 2-750,text,false,,417,2602,3,470,https://api-scuda.uat.oci.krungsri.tech/ords/api/v1/customer/individual/searchprofile,122,0,120
1779799503434,49,UpdateIndividual,429,Too Many Requests,UpdateIndividual 4-302,text,false,,417,4232,181,474,https://api-scuda.uat.oci.krungsri.tech/ic/api/v1/customer/individual/updateprofile,49,0,43
1779799503431,52,UpdateIndividual,429,Too Many Requests,UpdateIndividual 4-307,text,false,,417,4227,181,474,https://api-scuda.uat.oci.krungsri.tech/ic/api/v1/customer/individual/updateprofile,52,0,46
1779799503451,32,SearchIndividual,429,Too Many Requests,SearchIndividual 2-760,text,false,,417,2602,3,474,https://api-scuda.uat.oci.krungsri.tech/ords/api/v1/customer/individual/searchprofile,32,0,27
1779799503478,33,GetIndividual,429,Too Many Requests,GetIndividual 1-461,text,false,,417,3588,216,476,https://api-scuda.uat.oci.krungsri.tech/ic/api/v1/customer/individual/getprofile,33,0,30
1779799503446,70,SearchIndividual,200,OK,SearchIndividual 2-759,text,true,,1147,2602,5,475,https://api-scuda.uat.oci.krungsri.tech/ords/api/v1/customer/individual/searchprofile,69,0,39
1779799503489,28,UpdateIndividual,429,Too Many Requests,UpdateIndividual 4-310,text,false,,417,5601,180,474,https://api-scuda.uat.oci.krungsri.tech/ic/api/v1/customer/individual/updateprofile,28,0,24
1779799503488,30,SearchIndividual,429,Too Many Requests,SearchIndividual 2-762,text,false,,417,2602,5,474,https://api-scuda.uat.oci.krungsri.tech/ords/api/v1/customer/individual/searchprofile,30,0,25
1779799503478,44,SearchIndividual,429,Too Many Requests,SearchIndividual 2-761,text,false,,417,2602,4,474,https://api-scuda.uat.oci.krungsri.tech/ords/api/v1/customer/individual/searchprofile,44,0,33
1779799503504,21,UpdateIndividual,429,Too Many Requests,UpdateIndividual 4-313,text,false,,417,4227,180,473,https://api-scuda.uat.oci.krungsri.tech/ic/api/v1/customer/individual/updateprofile,21,0,19
1779799503482,47,UpdateIndividual,429,Too Many Requests,UpdateIndividual 4-311,text,false,,417,5665,179,472,https://api-scuda.uat.oci.krungsri.tech/ic/api/v1/customer/individual/updateprofile,47,0,45
1779799503491,39,GetIndividual,429,Too Many Requests,GetIndividual 1-462,text,false,,417,3588,215,472,https://api-scuda.uat.oci.krungsri.tech/ic/api/v1/customer/individual/getprofile,39,0,35
1779799503502,28,SearchIndividual,429,Too Many Requests,SearchIndividual 2-763,text,false,,417,2602,3,471,https://api-scuda.uat.oci.krungsri.tech/ords/api/v1/customer/individual/searchprofile,28,0,27
1779799503485,46,UpdateIndividual,429,Too Many Requests,UpdateIndividual 4-312,text,false,,417,5571,178,471,https://api-scuda.uat.oci.krungsri.tech/ic/api/v1/customer/individual/updateprofile,46,0,42
1779799503487,45,UpdateIndividual,429,Too Many Requests,UpdateIndividual 4-309,text,false,,417,4229,178,469,https://api-scuda.uat.oci.krungsri.tech/ic/api/v1/customer/individual/updateprofile,45,0,40
1779799503506,32,SearchIndividual,200,OK,SearchIndividual 2-764,text,true,,1143,2602,3,468,https://api-scuda.uat.oci.krungsri.tech/ords/api/v1/customer/individual/searchprofile,32,0,20
1779799503519,31,SearchIndividual,200,OK,SearchIndividual 2-765,text,true,,1121,2602,2,467,https://api-scuda.uat.oci.krungsri.tech/ords/api/v1/customer/individual/searchprofile,31,0,18
1779799503528,38,UpdateIndividual,429,Too Many Requests,UpdateIndividual 4-314,text,false,,417,5570,176,468,https://api-scuda.uat.oci.krungsri.tech/ic/api/v1/customer/individual/updateprofile,38,0,21
1779799503535,46,SearchIndividual,429,Too Many Requests,SearchIndividual 2-766,text,false,,417,2602,3,469,https://api-scuda.uat.oci.krungsri.tech/ords/api/v1/customer/individual/searchprofile,46,0,31
1779799503582,15,SearchIndividual,429,Too Many Requests,SearchIndividual 2-768,text,false,,417,2602,2,469,https://api-scuda.uat.oci.krungsri.tech/ords/api/v1/customer/individual/searchprofile,15,0,13
1779799503562,43,SearchIndividual,200,OK,SearchIndividual 2-767,text,true,,1171,2602,1,469,https://api-scuda.uat.oci.krungsri.tech/ords/api/v1/customer/individual/searchprofile,42,0,28
1779799503573,38,GetIndividual,429,Too Many Requests,GetIndividual 1-464,text,false,,417,3588,217,470,https://api-scuda.uat.oci.krungsri.tech/ic/api/v1/customer/individual/getprofile,38,0,26
1779799503593,30,UpdateIndividual,429,Too Many Requests,UpdateIndividual 4-315,text,false,,417,5591,179,473,https://api-scuda.uat.oci.krungsri.tech/ic/api/v1/customer/individual/updateprofile,30,0,27
1779799503612,21,SearchIndividual,429,Too Many Requests,SearchIndividual 2-769,text,false,,417,2601,3,472,https://api-scuda.uat.oci.krungsri.tech/ords/api/v1/customer/individual/searchprofile,21,0,19
1779799503613,25,SearchIndividual,429,Too Many Requests,SearchIndividual 2-770,text,false,,417,2601,2,472,https://api-scuda.uat.oci.krungsri.tech/ords/api/v1/customer/individual/searchprofile,25,0,19
1779799503609,32,UpdateIndividual,429,Too Many Requests,UpdateIndividual 4-316,text,false,,417,4227,179,471,https://api-scuda.uat.oci.krungsri.tech/ic/api/v1/customer/individual/updateprofile,32,0,29
1779799503611,30,GetIndividual,429,Too Many Requests,GetIndividual 1-465,text,false,,417,3588,216,471,https://api-scuda.uat.oci.krungsri.tech/ic/api/v1/customer/individual/getprofile,30,0,29
1779799503624,30,UpdateIndividual,429,Too Many Requests,UpdateIndividual 4-318,text,false,,417,5601,178,471,https://api-scuda.uat.oci.krungsri.tech/ic/api/v1/customer/individual/updateprofile,30,0,27
1779799503646,14,SearchIndividual,429,Too Many Requests,SearchIndividual 2-772,text,false,,417,2601,3,473,https://api-scuda.uat.oci.krungsri.tech/ords/api/v1/customer/individual/searchprofile,14,0,12
1779799503616,55,SearchIndividual,200,OK,SearchIndividual 2-771,text,true,,1229,2602,2,473,https://api-scuda.uat.oci.krungsri.tech/ords/api/v1/customer/individual/searchprofile,55,0,32
1779799503619,56,UpdateIndividual,429,Too Many Requests,UpdateIndividual 4-317,text,false,,417,4227,178,472,https://api-scuda.uat.oci.krungsri.tech/ic/api/v1/customer/individual/updateprofile,56,0,50
1779799503642,40,UpdateIndividual,429,Too Many Requests,UpdateIndividual 4-319,text,false,,417,5628,177,471,https://api-scuda.uat.oci.krungsri.tech/ic/api/v1/customer/individual/updateprofile,40,0,36
1779799503652,32,SearchIndividual,429,Too Many Requests,SearchIndividual 2-773,text,false,,417,2602,1,471,https://api-scuda.uat.oci.krungsri.tech/ords/api/v1/customer/individual/searchprofile,32,0,28
1779799503658,43,GetIndividual,429,Too Many Requests,GetIndividual 1-467,text,false,,417,3588,219,473,https://api-scuda.uat.oci.krungsri.tech/ic/api/v1/customer/individual/getprofile,43,0,41
1779799503697,18,GetIndividual,429,Too Many Requests,GetIndividual 1-469,text,false,,417,3587,218,473,https://api-scuda.uat.oci.krungsri.tech/ic/api/v1/customer/individual/getprofile,18,0,15
1779799503701,36,UpdateIndividual,429,Too Many Requests,UpdateIndividual 4-321,text,false,,417,4226,177,476,https://api-scuda.uat.oci.krungsri.tech/ic/api/v1/customer/individual/updateprofile,36,0,34
1779799503695,51,SearchIndividual,200,OK,SearchIndividual 2-774,text,true,,1195,2602,5,475,https://api-scuda.uat.oci.krungsri.tech/ords/api/v1/customer/individual/searchprofile,51,0,22
1779799503726,23,GetIndividual,429,Too Many Requests,GetIndividual 1-471,text,false,,417,3588,220,475,https://api-scuda.uat.oci.krungsri.tech/ic/api/v1/customer/individual/getprofile,23,0,20
1779799503720,32,SearchIndividual,429,Too Many Requests,SearchIndividual 2-777,text,false,,417,2602,4,474,https://api-scuda.uat.oci.krungsri.tech/ords/api/v1/customer/individual/searchprofile,32,0,29
1779799503726,30,GetIndividual,429,Too Many Requests,GetIndividual 1-470,text,false,,417,3588,220,475,https://api-scuda.uat.oci.krungsri.tech/ic/api/v1/customer/individual/getprofile,30,0,28
1779799494008,9755,GetIndividual,200,OK,GetIndividual 1-107,text,true,,3819,3587,219,474,https://api-scuda.uat.oci.krungsri.tech/ic/api/v1/customer/individual/getprofile,9755,0,25
1779799503730,46,SearchIndividual,429,Too Many Requests,SearchIndividual 2-778,text,false,,417,2602,5,476,https://api-scuda.uat.oci.krungsri.tech/ords/api/v1/customer/individual/searchprofile,46,0,45
1779799503709,69,SearchIndividual,200,OK,SearchIndividual 2-776,text,true,,1169,2602,4,477,https://api-scuda.uat.oci.krungsri.tech/ords/api/v1/customer/individual/searchprofile,68,0,46
1779799503749,37,GetIndividual,429,Too Many Requests,GetIndividual 1-472,text,false,,417,3588,222,478,https://api-scuda.uat.oci.krungsri.tech/ic/api/v1/customer/individual/getprofile,37,0,35
1779799503699,91,SearchIndividual,200,OK,SearchIndividual 2-775,text,true,,1169,2602,3,477,https://api-scuda.uat.oci.krungsri.tech/ords/api/v1/customer/individual/searchprofile,90,0,57
1779799503754,35,GetIndividual,429,Too Many Requests,GetIndividual 1-473,text,false,,417,3588,221,477,https://api-scuda.uat.oci.krungsri.tech/ic/api/v1/customer/individual/getprofile,35,0,31
1779799503754,39,SearchIndividual,200,OK,SearchIndividual 2-779,text,true,,1121,2602,3,476,https://api-scuda.uat.oci.krungsri.tech/ords/api/v1/customer/individual/searchprofile,38,0,26
1779799503774,38,GetIndividual,429,Too Many Requests,GetIndividual 1-475,text,false,,417,3588,222,478,https://api-scuda.uat.oci.krungsri.tech/ic/api/v1/customer/individual/getprofile,38,0,30
1779799503777,37,SearchIndividual,429,Too Many Requests,SearchIndividual 2-780,text,false,,417,2601,4,478,https://api-scuda.uat.oci.krungsri.tech/ords/api/v1/customer/individual/searchprofile,37,0,32
1779799503807,12,GetIndividual,429,Too Many Requests,GetIndividual 1-479,text,false,,417,3588,222,479,https://api-scuda.uat.oci.krungsri.tech/ic/api/v1/customer/individual/getprofile,12,0,10
1779799503784,37,GetIndividual,429,Too Many Requests,GetIndividual 1-477,text,false,,417,3588,221,478,https://api-scuda.uat.oci.krungsri.tech/ic/api/v1/customer/individual/getprofile,37,0,33
1779799503780,45,GetIndividual,429,Too Many Requests,GetIndividual 1-476,text,false,,417,3588,220,477,https://api-scuda.uat.oci.krungsri.tech/ic/api/v1/customer/individual/getprofile,45,0,27
1779799503794,35,SearchIndividual,200,OK,SearchIndividual 2-781,text,true,,1193,2602,5,477,https://api-scuda.uat.oci.krungsri.tech/ords/api/v1/customer/individual/searchprofile,35,0,21
1779799503802,26,GetIndividual,429,Too Many Requests,GetIndividual 1-478,text,false,,417,3587,219,477,https://api-scuda.uat.oci.krungsri.tech/ic/api/v1/customer/individual/getprofile,26,0,24
1779799503798,32,SearchIndividual,429,Too Many Requests,SearchIndividual 2-782,text,false,,417,2602,4,476,https://api-scuda.uat.oci.krungsri.tech/ords/api/v1/customer/individual/searchprofile,32,0,30
1779799503827,37,SearchIndividual,429,Too Many Requests,SearchIndividual 2-785,text,false,,417,2602,7,480,https://api-scuda.uat.oci.krungsri.tech/ords/api/v1/customer/individual/searchprofile,37,0,35
1779799495483,8379,UpdateIndividual,200,OK,UpdateIndividual 4-94,text,true,,800,5567,179,479,https://api-scuda.uat.oci.krungsri.tech/ic/api/v1/customer/individual/updateprofile,8379,0,21
1779799503832,30,SearchIndividual,429,Too Many Requests,SearchIndividual 2-786,text,false,,417,2602,7,479,https://api-scuda.uat.oci.krungsri.tech/ords/api/v1/customer/individual/searchprofile,30,0,28
1779799503821,32,SearchIndividual,429,Too Many Requests,SearchIndividual 2-784,text,false,,417,2602,7,479,https://api-scuda.uat.oci.krungsri.tech/ords/api/v1/customer/individual/searchprofile,32,0,31
1779799503784,56,UpdateIndividual,429,Too Many Requests,UpdateIndividual 4-322,text,false,,417,5625,179,476,https://api-scuda.uat.oci.krungsri.tech/ic/api/v1/customer/individual/updateprofile,56,0,43
1779799503813,29,SearchIndividual,200,OK,SearchIndividual 2-783,text,true,,1215,2602,4,476,https://api-scuda.uat.oci.krungsri.tech/ords/api/v1/customer/individual/searchprofile,28,0,15
1779799503852,22,SearchIndividual,429,Too Many Requests,SearchIndividual 2-788,text,false,,417,2602,4,475,https://api-scuda.uat.oci.krungsri.tech/ords/api/v1/customer/individual/searchprofile,22,0,20
1779799498453,5422,GetIndividual,200,OK,GetIndividual 1-239,text,true,,3825,3588,219,475,https://api-scuda.uat.oci.krungsri.tech/ic/api/v1/customer/individual/getprofile,5422,0,70
1779799503851,41,SearchIndividual,200,OK,SearchIndividual 2-789,text,true,,1167,2602,3,476,https://api-scuda.uat.oci.krungsri.tech/ords/api/v1/customer/individual/searchprofile,41,0,16
1779799503865,50,GetIndividual,429,Too Many Requests,GetIndividual 1-481,text,false,,417,3588,219,476,https://api-scuda.uat.oci.krungsri.tech/ic/api/v1/customer/individual/getprofile,50,0,48
1779799503893,22,SearchIndividual,429,Too Many Requests,SearchIndividual 2-791,text,false,,417,2602,3,476,https://api-scuda.uat.oci.krungsri.tech/ords/api/v1/customer/individual/searchprofile,22,0,21
1779799503887,36,GetIndividual,429,Too Many Requests,GetIndividual 1-482,text,false,,417,3586,218,474,https://api-scuda.uat.oci.krungsri.tech/ic/api/v1/customer/individual/getprofile,36,0,34
1779799503848,76,SearchIndividual,200,OK,SearchIndividual 2-787,text,true,,1174,2601,2,473,https://api-scuda.uat.oci.krungsri.tech/ords/api/v1/customer/individual/searchprofile,76,0,37
1779799503877,50,SearchJoint,200,OK,SearchJoint 10-18,text,true,,621,2627,1,472,https://api-scuda.uat.oci.krungsri.tech/ords/api/v1/customer/joint/searchprofile,50,0,28
1779799503872,60,SearchIndividual,200,OK,SearchIndividual 2-790,text,true,,1119,2602,1,471,https://api-scuda.uat.oci.krungsri.tech/ords/api/v1/customer/individual/searchprofile,60,0,42
1779799493115,10850,GetIndividual,200,OK,GetIndividual 1-83,text,true,,3889,3588,217,470,https://api-scuda.uat.oci.krungsri.tech/ic/api/v1/customer/individual/getprofile,10850,0,18
1779799495242,8724,GetIndividual,200,OK,GetIndividual 1-136,text,true,,3877,3588,216,469,https://api-scuda.uat.oci.krungsri.tech/ic/api/v1/customer/individual/getprofile,8724,0,24
1779799491539,12428,GetIndividual,200,OK,GetIndividual 1-49,text,true,,3845,3588,216,469,https://api-scuda.uat.oci.krungsri.tech/ic/api/v1/customer/individual/getprofile,12428,0,29
1779799496849,7145,GetIndividual,200,OK,GetIndividual 1-187,text,true,,3863,3588,219,483,https://api-scuda.uat.oci.krungsri.tech/ic/api/v1/customer/individual/getprofile,7145,0,17
1779799503979,19,SearchIndividual,429,Too Many Requests,SearchIndividual 2-796,text,false,,417,2602,6,482,https://api-scuda.uat.oci.krungsri.tech/ords/api/v1/customer/individual/searchprofile,19,0,16
1779799503972,39,SearchIndividual,200,OK,SearchIndividual 2-792,text,true,,1167,2602,7,483,https://api-scuda.uat.oci.krungsri.tech/ords/api/v1/customer/individual/searchprofile,39,0,20
1779799503975,38,SearchIndividual,200,OK,SearchIndividual 2-793,text,true,,1141,2602,6,482,https://api-scuda.uat.oci.krungsri.tech/ords/api/v1/customer/individual/searchprofile,38,0,24
1779799503985,32,SearchIndividual,200,OK,SearchIndividual 2-797,text,true,,1255,2602,6,483,https://api-scuda.uat.oci.krungsri.tech/ords/api/v1/customer/individual/searchprofile,32,0,19
1779799503979,48,SearchIndividual,200,OK,SearchIndividual 2-795,text,true,,1161,2602,6,483,https://api-scuda.uat.oci.krungsri.tech/ords/api/v1/customer/individual/searchprofile,48,0,28
1779799503975,54,SearchIndividual,200,OK,SearchIndividual 2-794,text,true,,1171,2602,6,483,https://api-scuda.uat.oci.krungsri.tech/ords/api/v1/customer/individual/searchprofile,54,0,31
1779799503985,57,GetIndividual,429,Too Many Requests,GetIndividual 1-487,text,false,,417,3588,219,483,https://api-scuda.uat.oci.krungsri.tech/ic/api/v1/customer/individual/getprofile,57,0,27
1779799503988,53,CreateIndividual,429,Too Many Requests,CreateIndividual 3-18,text,false,,417,8200,13,483,https://api-scuda.uat.oci.krungsri.tech/ic/api/v1/customer/individual/createprofile,53,0,24
1779799504019,23,SearchIndividual,429,Too Many Requests,SearchIndividual 2-801,text,false,,417,2602,6,483,https://api-scuda.uat.oci.krungsri.tech/ords/api/v1/customer/individual/searchprofile,23,0,21
1779799504011,41,SearchIndividual,200,OK,SearchIndividual 2-798,text,true,,1203,2602,5,481,https://api-scuda.uat.oci.krungsri.tech/ords/api/v1/customer/individual/searchprofile,41,0,26
1779799504016,39,GetIndividual,429,Too Many Requests,GetIndividual 1-488,text,false,,417,3588,219,481,https://api-scuda.uat.oci.krungsri.tech/ic/api/v1/customer/individual/getprofile,39,0,28
1779799504011,47,SearchIndividual,429,Too Many Requests,SearchIndividual 2-799,text,false,,417,2600,4,480,https://api-scuda.uat.oci.krungsri.tech/ords/api/v1/customer/individual/searchprofile,47,0,32
1779799504016,44,SearchIndividual,200,OK,SearchIndividual 2-800,text,true,,1223,2602,3,479,https://api-scuda.uat.oci.krungsri.tech/ords/api/v1/customer/individual/searchprofile,44,0,26
1779799504029,46,SearchIndividual,429,Too Many Requests,SearchIndividual 2-802,text,false,,417,2602,4,483,https://api-scuda.uat.oci.krungsri.tech/ords/api/v1/customer/individual/searchprofile,46,0,43
1779799504054,25,CreateJoint,429,Too Many Requests,CreateJoint 11-18,text,false,,417,5692,14,484,https://api-scuda.uat.oci.krungsri.tech/ic/api/v1/customer/joint/createprofile,24,0,23
1779799504056,24,GetIndividual,429,Too Many Requests,GetIndividual 1-489,text,false,,417,3588,221,484,https://api-scuda.uat.oci.krungsri.tech/ic/api/v1/customer/individual/getprofile,24,0,21
1779799504041,43,SearchIndividual,200,OK,SearchIndividual 2-803,text,true,,1175,2602,5,484,https://api-scuda.uat.oci.krungsri.tech/ords/api/v1/customer/individual/searchprofile,43,0,26
1779799495211,8878,GetIndividual,200,OK,GetIndividual 1-131,text,true,,3861,3588,221,484,https://api-scuda.uat.oci.krungsri.tech/ic/api/v1/customer/individual/getprofile,8878,0,22
1779799504069,24,GetIndividual,429,Too Many Requests,GetIndividual 1-490,text,false,,417,3588,221,484,https://api-scuda.uat.oci.krungsri.tech/ic/api/v1/customer/individual/getprofile,24,0,19
1779799504072,23,SearchIndividual,429,Too Many Requests,SearchIndividual 2-805,text,false,,417,2602,5,483,https://api-scuda.uat.oci.krungsri.tech/ords/api/v1/customer/individual/searchprofile,23,0,21
1779799496360,7736,GetIndividual,200,OK,GetIndividual 1-169,text,true,,3865,3588,220,483,https://api-scuda.uat.oci.krungsri.tech/ic/api/v1/customer/individual/getprofile,7736,0,29
1779799504079,29,SearchIndividual,200,OK,SearchIndividual 2-806,text,true,,1159,2602,6,484,https://api-scuda.uat.oci.krungsri.tech/ords/api/v1/customer/individual/searchprofile,29,0,18
1779799504084,26,SearchIndividual,429,Too Many Requests,SearchIndividual 2-807,text,false,,417,2602,5,483,https://api-scuda.uat.oci.krungsri.tech/ords/api/v1/customer/individual/searchprofile,26,0,25
1779799504081,35,GetIndividual,429,Too Many Requests,GetIndividual 1-493,text,false,,417,3588,220,484,https://api-scuda.uat.oci.krungsri.tech/ic/api/v1/customer/individual/getprofile,35,0,30
1779799504091,27,GetIndividual,429,Too Many Requests,GetIndividual 1-494,text,false,,417,3587,219,483,https://api-scuda.uat.oci.krungsri.tech/ic/api/v1/customer/individual/getprofile,27,0,26
1779799504100,20,SearchIndividual,429,Too Many Requests,SearchIndividual 2-809,text,false,,417,2602,6,483,https://api-scuda.uat.oci.krungsri.tech/ords/api/v1/customer/individual/searchprofile,20,0,19
1779799504068,54,SearchIndividual,200,OK,SearchIndividual 2-804,text,true,,1155,2602,5,482,https://api-scuda.uat.oci.krungsri.tech/ords/api/v1/customer/individual/searchprofile,51,0,33
1779799504089,48,SearchIndividual,200,OK,SearchIndividual 2-808,text,true,,1231,2602,8,489,https://api-scuda.uat.oci.krungsri.tech/ords/api/v1/customer/individual/searchprofile,48,0,25
1779799504120,25,SearchIndividual,429,Too Many Requests,SearchIndividual 2-812,text,false,,417,2602,9,490,https://api-scuda.uat.oci.krungsri.tech/ords/api/v1/customer/individual/searchprofile,25,0,21
1779799504117,28,GetIndividual,429,Too Many Requests,GetIndividual 1-495,text,false,,417,3588,220,490,https://api-scuda.uat.oci.krungsri.tech/ic/api/v1/customer/individual/getprofile,28,0,23
1779799504103,44,SearchIndividual,200,OK,SearchIndividual 2-810,text,true,,1201,2602,8,489,https://api-scuda.uat.oci.krungsri.tech/ords/api/v1/customer/individual/searchprofile,44,0,23
1779799504131,25,UpdateIndividual,429,Too Many Requests,UpdateIndividual 4-331,text,false,,417,5579,185,490,https://api-scuda.uat.oci.krungsri.tech/ic/api/v1/customer/individual/updateprofile,25,0,22
1779799498300,5864,UpdateIndividual,200,OK,UpdateIndividual 4-155,text,true,,800,5628,184,494,https://api-scuda.uat.oci.krungsri.tech/ic/api/v1/customer/individual/updateprofile,5864,0,17
1779799496622,7543,GetIndividual,200,OK,GetIndividual 1-179,text,true,,3846,3588,222,494,https://api-scuda.uat.oci.krungsri.tech/ic/api/v1/customer/individual/getprofile,7543,0,14
1779799504131,46,SearchIndividual,200,OK,SearchIndividual 2-813,text,true,,1181,2602,10,493,https://api-scuda.uat.oci.krungsri.tech/ords/api/v1/customer/individual/searchprofile,34,0,12
1779799504135,43,SearchIndividual,200,OK,SearchIndividual 2-814,text,true,,1216,2601,9,492,https://api-scuda.uat.oci.krungsri.tech/ords/api/v1/customer/individual/searchprofile,43,0,29
1779799504114,68,SearchIndividual,200,OK,SearchIndividual 2-811,text,true,,1185,2602,8,491,https://api-scuda.uat.oci.krungsri.tech/ords/api/v1/customer/individual/searchprofile,68,0,24
1779799496397,7786,GetIndividual,200,OK,GetIndividual 1-174,text,true,,3806,3588,222,490,https://api-scuda.uat.oci.krungsri.tech/ic/api/v1/customer/individual/getprofile,7786,0,31
1779799497679,6507,GetIndividual,200,OK,GetIndividual 1-208,text,true,,3865,3588,221,489,https://api-scuda.uat.oci.krungsri.tech/ic/api/v1/customer/individual/getprofile,6507,0,21
1779799504152,36,GetIndividual,429,Too Many Requests,GetIndividual 1-499,text,false,,417,3587,220,488,https://api-scuda.uat.oci.krungsri.tech/ic/api/v1/customer/individual/getprofile,36,0,20
1779799498740,5457,GetIndividual,200,OK,GetIndividual 1-255,text,true,,3861,3588,220,490,https://api-scuda.uat.oci.krungsri.tech/ic/api/v1/customer/individual/getprofile,5457,0,34
1779799504137,62,SearchIndividual,200,OK,SearchIndividual 2-815,text,true,,1167,2602,8,489,https://api-scuda.uat.oci.krungsri.tech/ords/api/v1/customer/individual/searchprofile,62,0,42
1779799504139,62,SearchIndividual,200,OK,SearchIndividual 2-816,text,true,,1167,2602,7,488,https://api-scuda.uat.oci.krungsri.tech/ords/api/v1/customer/individual/searchprofile,62,0,17
1779799504160,46,SearchIndividual,200,OK,SearchIndividual 2-820,text,true,,1137,2602,6,487,https://api-scuda.uat.oci.krungsri.tech/ords/api/v1/customer/individual/searchprofile,46,0,29
1779799491549,12635,GetJuristic,200,OK,GetJuristic 5-5,text,true,,3549,3533,6,490,https://api-scuda.uat.oci.krungsri.tech/ic/api/v1/customer/juristic/getprofile,12635,0,32
1779799504147,73,SearchIndividual,200,OK,SearchIndividual 2-818,text,true,,1181,2602,7,487,https://api-scuda.uat.oci.krungsri.tech/ords/api/v1/customer/individual/searchprofile,73,0,40
1779799504163,59,SearchIndividual,200,OK,SearchIndividual 2-821,text,true,,1152,2601,6,486,https://api-scuda.uat.oci.krungsri.tech/ords/api/v1/customer/individual/searchprofile,59,0,26
1779799504160,69,SearchIndividual,200,OK,SearchIndividual 2-819,text,true,,1185,2602,5,485,https://api-scuda.uat.oci.krungsri.tech/ords/api/v1/customer/individual/searchprofile,68,0,49
1779799504200,30,UpdateIndividual,429,Too Many Requests,UpdateIndividual 4-333,text,false,,417,4228,184,484,https://api-scuda.uat.oci.krungsri.tech/ic/api/v1/customer/individual/updateprofile,30,0,28
1779799504145,88,SearchIndividual,200,OK,SearchIndividual 2-817,text,true,,1117,2602,4,483,https://api-scuda.uat.oci.krungsri.tech/ords/api/v1/customer/individual/searchprofile,88,0,56
1779799504164,73,GetIndividual,429,Too Many Requests,GetIndividual 1-500,text,false,,417,3586,220,483,https://api-scuda.uat.oci.krungsri.tech/ic/api/v1/customer/individual/getprofile,73,0,67
1779799504177,62,GetIndividual,429,Too Many Requests,GetIndividual 1-501,text,false,,417,3588,219,483,https://api-scuda.uat.oci.krungsri.tech/ic/api/v1/customer/individual/getprofile,62,0,56
1779799504215,25,SearchIndividual,429,Too Many Requests,SearchIndividual 2-823,text,false,,417,2602,4,482,https://api-scuda.uat.oci.krungsri.tech/ords/api/v1/customer/individual/searchprofile,25,0,19
1779799504196,49,GetIndividual,429,Too Many Requests,GetIndividual 1-502,text,false,,417,3587,218,482,https://api-scuda.uat.oci.krungsri.tech/ic/api/v1/customer/individual/getprofile,49,0,46
1779799504238,18,GetIndividual,429,Too Many Requests,GetIndividual 1-503,text,false,,417,3588,218,483,https://api-scuda.uat.oci.krungsri.tech/ic/api/v1/customer/individual/getprofile,18,0,15
1779799504239,25,SearchIndividual,429,Too Many Requests,SearchIndividual 2-825,text,false,,417,2601,6,483,https://api-scuda.uat.oci.krungsri.tech/ords/api/v1/customer/individual/searchprofile,25,0,24
1779799493572,10694,GetIndividual,200,OK,GetIndividual 1-95,text,true,,3870,3588,217,483,https://api-scuda.uat.oci.krungsri.tech/ic/api/v1/customer/individual/getprofile,10694,0,41
1779799493733,10544,GetIndividual,200,OK,GetIndividual 1-97,text,true,,3792,3588,216,481,https://api-scuda.uat.oci.krungsri.tech/ic/api/v1/customer/individual/getprofile,10544,0,26
1779799504245,32,SearchIndividual,429,Too Many Requests,SearchIndividual 2-826,text,false,,417,2602,5,480,https://api-scuda.uat.oci.krungsri.tech/ords/api/v1/customer/individual/searchprofile,32,0,20
1779799504221,57,SearchIndividual,429,Too Many Requests,SearchIndividual 2-824,text,false,,417,2602,4,479,https://api-scuda.uat.oci.krungsri.tech/ords/api/v1/customer/individual/searchprofile,57,0,37
1779799504190,94,SearchIndividual,200,OK,SearchIndividual 2-822,text,true,,1163,2602,3,478,https://api-scuda.uat.oci.krungsri.tech/ords/api/v1/customer/individual/searchprofile,91,0,61
1779799504261,31,SearchIndividual,200,OK,SearchIndividual 2-828,text,true,,1131,2602,4,479,https://api-scuda.uat.oci.krungsri.tech/ords/api/v1/customer/individual/searchprofile,31,0,18
1779799504251,47,SearchIndividual,200,OK,SearchIndividual 2-827,text,true,,1209,2602,3,480,https://api-scuda.uat.oci.krungsri.tech/ords/api/v1/customer/individual/searchprofile,47,0,35
1779799504298,21,GetIndividual,429,Too Many Requests,GetIndividual 1-505,text,false,,417,3588,218,483,https://api-scuda.uat.oci.krungsri.tech/ic/api/v1/customer/individual/getprofile,21,0,20
1779799504295,27,SearchIndividual,200,OK,SearchIndividual 2-830,text,true,,1157,2602,4,482,https://api-scuda.uat.oci.krungsri.tech/ords/api/v1/customer/individual/searchprofile,27,0,15
1779799504307,25,SearchIndividual,429,Too Many Requests,SearchIndividual 2-832,text,false,,417,2602,3,482,https://api-scuda.uat.oci.krungsri.tech/ords/api/v1/customer/individual/searchprofile,25,0,23
1779799496318,8047,GetIndividual,200,OK,GetIndividual 1-167,text,true,,3833,3588,220,490,https://api-scuda.uat.oci.krungsri.tech/ic/api/v1/customer/individual/getprofile,8047,0,29
1779799504295,45,SearchIndividual,200,OK,SearchIndividual 2-829,text,true,,1127,2602,3,483,https://api-scuda.uat.oci.krungsri.tech/ords/api/v1/customer/individual/searchprofile,45,0,32
1779799504302,37,SearchIndividual,200,OK,SearchIndividual 2-831,text,true,,1133,2602,3,482,https://api-scuda.uat.oci.krungsri.tech/ords/api/v1/customer/individual/searchprofile,37,0,24
1779799504337,31,SearchIndividual,200,OK,SearchIndividual 2-833,text,true,,1179,2602,9,491,https://api-scuda.uat.oci.krungsri.tech/ords/api/v1/customer/individual/searchprofile,31,0,16
1779799494171,10218,UpdateIndividual,200,OK,UpdateIndividual 4-56,text,true,,800,5545,186,492,https://api-scuda.uat.oci.krungsri.tech/ic/api/v1/customer/individual/updateprofile,10218,0,27
1779799504351,41,SearchIndividual,200,OK,SearchIndividual 2-834,text,true,,1149,2602,8,491,https://api-scuda.uat.oci.krungsri.tech/ords/api/v1/customer/individual/searchprofile,40,0,28
1779799504361,41,SearchIndividual,200,OK,SearchIndividual 2-838,text,true,,1202,2601,7,492,https://api-scuda.uat.oci.krungsri.tech/ords/api/v1/customer/individual/searchprofile,41,0,23
1779799504370,36,SearchIndividual,200,OK,SearchIndividual 2-839,text,true,,1175,2602,6,492,https://api-scuda.uat.oci.krungsri.tech/ords/api/v1/customer/individual/searchprofile,36,0,16
1779799504349,62,SearchIndividual,200,OK,SearchIndividual 2-835,text,true,,1115,2602,6,492,https://api-scuda.uat.oci.krungsri.tech/ords/api/v1/customer/individual/searchprofile,62,0,34
1779799504386,28,SearchIndividual,429,Too Many Requests,SearchIndividual 2-840,text,false,,417,2602,6,492,https://api-scuda.uat.oci.krungsri.tech/ords/api/v1/customer/individual/searchprofile,28,0,27
1779799504350,65,SearchIndividual,200,OK,SearchIndividual 2-836,text,true,,1165,2602,6,492,https://api-scuda.uat.oci.krungsri.tech/ords/api/v1/customer/individual/searchprofile,65,0,32
1779799504357,59,SearchIndividual,200,OK,SearchIndividual 2-837,text,true,,1165,2602,6,492,https://api-scuda.uat.oci.krungsri.tech/ords/api/v1/customer/individual/searchprofile,59,0,30
1779799504401,23,GetIndividual,429,Too Many Requests,GetIndividual 1-513,text,false,,417,3588,224,491,https://api-scuda.uat.oci.krungsri.tech/ic/api/v1/customer/individual/getprofile,23,0,22
1779799504422,18,GetIndividual,429,Too Many Requests,GetIndividual 1-515,text,false,,417,3588,224,492,https://api-scuda.uat.oci.krungsri.tech/ic/api/v1/customer/individual/getprofile,18,0,16
1779799504389,59,SearchIndividual,200,OK,SearchIndividual 2-841,text,true,,1129,2602,6,495,https://api-scuda.uat.oci.krungsri.tech/ords/api/v1/customer/individual/searchprofile,59,0,24
1779799493733,10729,GetIndividual,200,OK,GetIndividual 1-98,text,true,,3907,3588,223,496,https://api-scuda.uat.oci.krungsri.tech/ic/api/v1/customer/individual/getprofile,10729,0,34
1779799504419,48,SearchIndividual,429,Too Many Requests,SearchIndividual 2-843,text,false,,417,2602,7,495,https://api-scuda.uat.oci.krungsri.tech/ords/api/v1/customer/individual/searchprofile,48,0,40
1779799495507,8963,GetIndividual,200,OK,GetIndividual 1-145,text,true,,3866,3588,222,494,https://api-scuda.uat.oci.krungsri.tech/ic/api/v1/customer/individual/getprofile,8963,0,15
1779799492844,11629,GetIndividual,200,OK,GetIndividual 1-75,text,true,,3860,3587,222,494,https://api-scuda.uat.oci.krungsri.tech/ic/api/v1/customer/individual/getprofile,11629,0,16
1779799504453,26,SearchIndividual,429,Too Many Requests,SearchIndividual 2-847,text,false,,417,2602,7,493,https://api-scuda.uat.oci.krungsri.tech/ords/api/v1/customer/individual/searchprofile,26,0,20
1779799504428,52,UpdateIndividual,429,Too Many Requests,UpdateIndividual 4-337,text,false,,417,5534,187,493,https://api-scuda.uat.oci.krungsri.tech/ic/api/v1/customer/individual/updateprofile,52,0,43
1779799504442,43,SearchIndividual,429,Too Many Requests,SearchIndividual 2-845,text,false,,417,2602,6,491,https://api-scuda.uat.oci.krungsri.tech/ords/api/v1/customer/individual/searchprofile,43,0,30
1779799504460,31,SearchIndividual,200,OK,SearchIndividual 2-848,text,true,,1157,2602,8,495,https://api-scuda.uat.oci.krungsri.tech/ords/api/v1/customer/individual/searchprofile,31,0,14
1779799504409,89,SearchIndividual,200,OK,SearchIndividual 2-842,text,true,,1213,2602,7,494,https://api-scuda.uat.oci.krungsri.tech/ords/api/v1/customer/individual/searchprofile,89,0,46
1779799504404,94,SearchJoint,200,OK,SearchJoint 10-19,text,true,,620,2626,1,494,https://api-scuda.uat.oci.krungsri.tech/ords/api/v1/customer/joint/searchprofile,94,0,56
1779799504426,77,GetIndividual,429,Too Many Requests,GetIndividual 1-516,text,false,,417,3588,222,492,https://api-scuda.uat.oci.krungsri.tech/ic/api/v1/customer/individual/getprofile,77,0,66
1779799504427,84,SearchIndividual,200,OK,SearchIndividual 2-844,text,true,,1155,2602,6,492,https://api-scuda.uat.oci.krungsri.tech/ords/api/v1/customer/individual/searchprofile,84,0,60
1779799504488,25,SearchIndividual,429,Too Many Requests,SearchIndividual 2-850,text,false,,417,2602,6,492,https://api-scuda.uat.oci.krungsri.tech/ords/api/v1/customer/individual/searchprofile,25,0,24
1779799504490,27,GetIndividual,429,Too Many Requests,GetIndividual 1-518,text,false,,417,3588,222,491,https://api-scuda.uat.oci.krungsri.tech/ic/api/v1/customer/individual/getprofile,27,0,25
1779799504451,69,UpdateJoint,429,Too Many Requests,UpdateJoint 12-19,text,false,,417,4623,13,490,https://api-scuda.uat.oci.krungsri.tech/ic/api/v1/customer/joint/updateprofile,69,0,64
1779799504490,35,GetIndividual,429,Too Many Requests,GetIndividual 1-517,text,false,,417,3588,221,489,https://api-scuda.uat.oci.krungsri.tech/ic/api/v1/customer/individual/getprofile,35,0,33
1779799504474,56,SearchIndividual,200,OK,SearchIndividual 2-849,text,true,,1177,2602,5,488,https://api-scuda.uat.oci.krungsri.tech/ords/api/v1/customer/individual/searchprofile,55,0,21
1779799504490,49,SearchIndividual,429,Too Many Requests,SearchIndividual 2-852,text,false,,417,2602,6,490,https://api-scuda.uat.oci.krungsri.tech/ords/api/v1/customer/individual/searchprofile,49,0,47
1779799504514,27,SearchIndividual,429,Too Many Requests,SearchIndividual 2-853,text,false,,417,2602,5,489,https://api-scuda.uat.oci.krungsri.tech/ords/api/v1/customer/individual/searchprofile,27,0,23
1779799504443,99,SearchIndividual,200,OK,SearchIndividual 2-846,text,true,,1265,2602,5,489,https://api-scuda.uat.oci.krungsri.tech/ords/api/v1/customer/individual/searchprofile,99,0,85
1779799504508,37,GetIndividual,429,Too Many Requests,GetIndividual 1-519,text,false,,417,3588,221,487,https://api-scuda.uat.oci.krungsri.tech/ic/api/v1/customer/individual/getprofile,36,0,28
1779799504490,55,SearchIndividual,200,OK,SearchIndividual 2-851,text,true,,1209,2602,3,487,https://api-scuda.uat.oci.krungsri.tech/ords/api/v1/customer/individual/searchprofile,55,0,43
1779799498881,5682,GetIndividual,200,OK,GetIndividual 1-259,text,true,,3882,3588,222,490,https://api-scuda.uat.oci.krungsri.tech/ic/api/v1/customer/individual/getprofile,5682,0,14
1779799495991,8574,GetIndividual,200,OK,GetIndividual 1-155,text,true,,3845,3588,221,489,https://api-scuda.uat.oci.krungsri.tech/ic/api/v1/customer/individual/getprofile,8574,0,24
1779799504532,38,SearchIndividual,200,OK,SearchIndividual 2-854,text,true,,1147,2602,5,489,https://api-scuda.uat.oci.krungsri.tech/ords/api/v1/customer/individual/searchprofile,38,0,24
1779799496436,8138,GetIndividual,200,OK,GetIndividual 1-176,text,true,,3845,3588,220,489,https://api-scuda.uat.oci.krungsri.tech/ic/api/v1/customer/individual/getprofile,8138,0,23
1779799504537,39,SearchIndividual,200,OK,SearchIndividual 2-855,text,true,,1143,2602,5,488,https://api-scuda.uat.oci.krungsri.tech/ords/api/v1/customer/individual/searchprofile,39,0,26
1779799494371,10206,GetIndividual,200,OK,GetIndividual 1-115,text,true,,3863,3588,219,487,https://api-scuda.uat.oci.krungsri.tech/ic/api/v1/customer/individual/getprofile,10206,0,35
1779799504552,26,SearchIndividual,429,Too Many Requests,SearchIndividual 2-856,text,false,,417,2602,4,486,https://api-scuda.uat.oci.krungsri.tech/ords/api/v1/customer/individual/searchprofile,26,0,24
1779799495989,8598,GetIndividual,200,OK,GetIndividual 1-158,text,true,,3899,3588,218,486,https://api-scuda.uat.oci.krungsri.tech/ic/api/v1/customer/individual/getprofile,8598,0,32
1779799491550,13042,GetIndividual,200,OK,GetIndividual 1-40,text,true,,3814,3588,217,485,https://api-scuda.uat.oci.krungsri.tech/ic/api/v1/customer/individual/getprofile,13042,0,32
1779799495638,8954,GetIndividual,200,OK,GetIndividual 1-148,text,true,,3806,3588,216,484,https://api-scuda.uat.oci.krungsri.tech/ic/api/v1/customer/individual/getprofile,8954,0,30
1779799504575,19,SearchIndividual,429,Too Many Requests,SearchIndividual 2-859,text,false,,417,2602,4,483,https://api-scuda.uat.oci.krungsri.tech/ords/api/v1/customer/individual/searchprofile,19,0,17
1779799504552,61,SearchIndividual,429,Too Many Requests,SearchIndividual 2-857,text,false,,417,2602,7,490,https://api-scuda.uat.oci.krungsri.tech/ords/api/v1/customer/individual/searchprofile,61,0,55
1779799504605,19,GetIndividual,429,Too Many Requests,GetIndividual 1-523,text,false,,417,3588,218,492,https://api-scuda.uat.oci.krungsri.tech/ic/api/v1/customer/individual/getprofile,19,0,15
1779799504569,87,SearchIndividual,200,OK,SearchIndividual 2-858,text,true,,1201,2602,6,492,https://api-scuda.uat.oci.krungsri.tech/ords/api/v1/customer/individual/searchprofile,87,0,38
1779799504603,53,SearchIndividual,429,Too Many Requests,SearchIndividual 2-863,text,false,,417,2602,6,491,https://api-scuda.uat.oci.krungsri.tech/ords/api/v1/customer/individual/searchprofile,53,0,22
1779799504600,57,SearchIndividual,200,OK,SearchIndividual 2-861,text,true,,1189,2602,5,490,https://api-scuda.uat.oci.krungsri.tech/ords/api/v1/customer/individual/searchprofile,57,0,24
1779799501092,3575,GetIndividual,200,OK,GetIndividual 1-347,text,true,,3809,3588,220,495,https://api-scuda.uat.oci.krungsri.tech/ic/api/v1/customer/individual/getprofile,3575,0,36
1779799499366,5301,GetIndividual,200,OK,GetIndividual 1-277,text,true,,3850,3588,220,495,https://api-scuda.uat.oci.krungsri.tech/ic/api/v1/customer/individual/getprofile,5301,0,41
1779799504600,71,SearchIndividual,200,OK,SearchIndividual 2-862,text,true,,1130,2601,5,493,https://api-scuda.uat.oci.krungsri.tech/ords/api/v1/customer/individual/searchprofile,71,0,58
1779799504585,90,SearchIndividual,200,OK,SearchIndividual 2-860,text,true,,1235,2602,6,494,https://api-scuda.uat.oci.krungsri.tech/ords/api/v1/customer/individual/searchprofile,90,0,75
1779799504610,67,SearchIndividual,200,OK,SearchIndividual 2-864,text,true,,1147,2602,5,493,https://api-scuda.uat.oci.krungsri.tech/ords/api/v1/customer/individual/searchprofile,66,0,51
1779799493733,10930,GetJoint,200,OK,GetJoint 9-8,text,true,,1429,3530,12,492,https://api-scuda.uat.oci.krungsri.tech/ic/api/v1/customer/joint/getprofile,10930,0,17
1779799504661,34,SearchIndividual,200,OK,SearchIndividual 2-865,text,true,,1215,2602,10,501,https://api-scuda.uat.oci.krungsri.tech/ords/api/v1/customer/individual/searchprofile,33,0,20
1779799504683,22,GetIndividual,429,Too Many Requests,GetIndividual 1-530,text,false,,417,3588,220,501,https://api-scuda.uat.oci.krungsri.tech/ic/api/v1/customer/individual/getprofile,22,0,20
1779799504675,32,SearchIndividual,200,OK,SearchIndividual 2-868,text,true,,1149,2602,9,501,https://api-scuda.uat.oci.krungsri.tech/ords/api/v1/customer/individual/searchprofile,32,0,17
1779799504673,37,SearchIndividual,200,OK,SearchIndividual 2-867,text,true,,1244,2601,8,500,https://api-scuda.uat.oci.krungsri.tech/ords/api/v1/customer/individual/searchprofile,37,0,22
1779799497952,6761,GetIndividual,200,OK,GetIndividual 1-220,text,true,,3932,3588,219,500,https://api-scuda.uat.oci.krungsri.tech/ic/api/v1/customer/individual/getprofile,6761,0,25
1779799504686,27,SearchIndividual,429,Too Many Requests,SearchIndividual 2-871,text,false,,417,2602,8,500,https://api-scuda.uat.oci.krungsri.tech/ords/api/v1/customer/individual/searchprofile,27,0,25
1779799504665,52,SearchIndividual,200,OK,SearchIndividual 2-866,text,true,,1225,2602,7,500,https://api-scuda.uat.oci.krungsri.tech/ords/api/v1/customer/individual/searchprofile,52,0,31
1779799504684,34,SearchIndividual,200,OK,SearchIndividual 2-873,text,true,,1167,2602,6,499,https://api-scuda.uat.oci.krungsri.tech/ords/api/v1/customer/individual/searchprofile,34,0,20
1779799504685,44,SearchIndividual,200,OK,SearchIndividual 2-870,text,true,,1175,2602,8,504,https://api-scuda.uat.oci.krungsri.tech/ords/api/v1/customer/individual/searchprofile,44,0,31
1779799504691,41,SearchIndividual,200,OK,SearchIndividual 2-874,text,true,,1124,2601,7,503,https://api-scuda.uat.oci.krungsri.tech/ords/api/v1/customer/individual/searchprofile,41,0,29
1779799504685,48,SearchIndividual,200,OK,SearchIndividual 2-869,text,true,,1160,2599,6,502,https://api-scuda.uat.oci.krungsri.tech/ords/api/v1/customer/individual/searchprofile,47,0,33
1779799504715,17,GetIndividual,429,Too Many Requests,GetIndividual 1-531,text,false,,417,3588,220,502,https://api-scuda.uat.oci.krungsri.tech/ic/api/v1/customer/individual/getprofile,17,0,15
1779799504683,52,SearchIndividual,200,OK,SearchIndividual 2-872,text,true,,1217,2602,5,500,https://api-scuda.uat.oci.krungsri.tech/ords/api/v1/customer/individual/searchprofile,51,0,36
1779799504720,22,UpdateIndividual,429,Too Many Requests,UpdateIndividual 4-347,text,false,,417,4228,196,499,https://api-scuda.uat.oci.krungsri.tech/ic/api/v1/customer/individual/updateprofile,22,0,20
1779799504711,37,SearchIndividual,200,OK,SearchIndividual 2-875,text,true,,1219,2602,6,500,https://api-scuda.uat.oci.krungsri.tech/ords/api/v1/customer/individual/searchprofile,36,0,19
1779799504733,19,UpdateIndividual,429,Too Many Requests,UpdateIndividual 4-346,text,false,,417,5629,195,499,https://api-scuda.uat.oci.krungsri.tech/ic/api/v1/customer/individual/updateprofile,19,0,16
1779799492633,12128,GetJoint,200,OK,GetJoint 9-7,text,true,,1431,3530,11,500,https://api-scuda.uat.oci.krungsri.tech/ic/api/v1/customer/joint/getprofile,12128,0,17
1779799504731,35,UpdateIndividual,429,Too Many Requests,UpdateIndividual 4-345,text,false,,417,5529,194,499,https://api-scuda.uat.oci.krungsri.tech/ic/api/v1/customer/individual/updateprofile,35,0,28
1779799504725,44,SearchIndividual,200,OK,SearchIndividual 2-878,text,true,,1147,2602,7,500,https://api-scuda.uat.oci.krungsri.tech/ords/api/v1/customer/individual/searchprofile,44,0,28
1779799504712,57,UpdateJuristic,429,Too Many Requests,UpdateJuristic 8-19,text,false,,417,5852,12,499,https://api-scuda.uat.oci.krungsri.tech/ic/api/v1/customer/juristic/updateprofile,57,0,46
1779799504725,46,SearchIndividual,200,OK,SearchIndividual 2-877,text,true,,1161,2602,6,498,https://api-scuda.uat.oci.krungsri.tech/ords/api/v1/customer/individual/searchprofile,46,0,26
1779799504721,54,SearchIndividual,200,OK,SearchIndividual 2-876,text,true,,1139,2602,5,497,https://api-scuda.uat.oci.krungsri.tech/ords/api/v1/customer/individual/searchprofile,54,0,34
1779799496957,7828,GetIndividual,200,OK,GetIndividual 1-189,text,true,,3860,3588,220,498,https://api-scuda.uat.oci.krungsri.tech/ic/api/v1/customer/individual/getprofile,7828,0,35
1779799497826,6961,GetIndividual,200,OK,GetIndividual 1-216,text,true,,3807,3588,219,497,https://api-scuda.uat.oci.krungsri.tech/ic/api/v1/customer/individual/getprofile,6961,0,25
1779799504746,41,SearchIndividual,200,OK,SearchIndividual 2-880,text,true,,1191,2602,5,497,https://api-scuda.uat.oci.krungsri.tech/ords/api/v1/customer/individual/searchprofile,40,0,24
1779799493441,11350,GetIndividual,200,OK,GetIndividual 1-88,text,true,,3937,3588,218,496,https://api-scuda.uat.oci.krungsri.tech/ic/api/v1/customer/individual/getprofile,11350,0,48
1779799491741,13055,GetIndividual,200,OK,GetIndividual 1-50,text,true,,3833,3588,217,495,https://api-scuda.uat.oci.krungsri.tech/ic/api/v1/customer/individual/getprofile,13055,0,25
1779799504757,43,SearchIndividual,200,OK,SearchIndividual 2-881,text,true,,1171,2602,5,494,https://api-scuda.uat.oci.krungsri.tech/ords/api/v1/customer/individual/searchprofile,43,0,22
1779799504743,76,SearchIndividual,200,OK,SearchIndividual 2-879,text,true,,1210,2601,4,496,https://api-scuda.uat.oci.krungsri.tech/ords/api/v1/customer/individual/searchprofile,75,0,31
1779799504837,16,UpdateIndividual,429,Too Many Requests,UpdateIndividual 4-352,text,false,,417,5615,199,503,https://api-scuda.uat.oci.krungsri.tech/ic/api/v1/customer/individual/updateprofile,16,0,14
1779799497087,7793,GetIndividual,200,OK,GetIndividual 1-196,text,true,,3873,3588,223,506,https://api-scuda.uat.oci.krungsri.tech/ic/api/v1/customer/individual/getprofile,7793,0,53
1779799494127,10764,GetIndividual,200,OK,GetIndividual 1-106,text,true,,3833,3588,223,506,https://api-scuda.uat.oci.krungsri.tech/ic/api/v1/customer/individual/getprofile,10764,0,28
1779799504790,113,SearchIndividual,200,OK,SearchIndividual 2-884,text,true,,1177,2602,8,509,https://api-scuda.uat.oci.krungsri.tech/ords/api/v1/customer/individual/searchprofile,113,0,68
1779799504770,148,SearchIndividual,200,OK,SearchIndividual 2-882,text,true,,1195,2602,9,512,https://api-scuda.uat.oci.krungsri.tech/ords/api/v1/customer/individual/searchprofile,148,0,91
1779799504861,58,SearchIndividual,200,OK,SearchIndividual 2-887,text,true,,621,2602,8,511,https://api-scuda.uat.oci.krungsri.tech/ords/api/v1/customer/individual/searchprofile,58,0,37
1779799504896,36,SearchIndividual,200,OK,SearchIndividual 2-888,text,true,,1187,2602,8,511,https://api-scuda.uat.oci.krungsri.tech/ords/api/v1/customer/individual/searchprofile,36,0,22
1779799504898,34,SearchIndividual,200,OK,SearchIndividual 2-889,text,true,,1167,2602,8,511,https://api-scuda.uat.oci.krungsri.tech/ords/api/v1/customer/individual/searchprofile,34,0,20
1779799504850,96,SearchIndividual,200,OK,SearchIndividual 2-885,text,true,,1191,2602,7,510,https://api-scuda.uat.oci.krungsri.tech/ords/api/v1/customer/individual/searchprofile,96,0,78
1779799504779,168,SearchIndividual,200,OK,SearchIndividual 2-883,text,true,,1177,2602,7,510,https://api-scuda.uat.oci.krungsri.tech/ords/api/v1/customer/individual/searchprofile,167,0,104
1779799504922,29,UpdateIndividual,429,Too Many Requests,UpdateIndividual 4-356,text,false,,417,5583,200,509,https://api-scuda.uat.oci.krungsri.tech/ic/api/v1/customer/individual/updateprofile,29,0,27
1779799497087,7883,UpdateIndividual,200,OK,UpdateIndividual 4-127,text,true,,800,5585,201,513,https://api-scuda.uat.oci.krungsri.tech/ic/api/v1/customer/individual/updateprofile,7883,0,24
1779799504933,41,SearchIndividual,200,OK,SearchIndividual 2-892,text,true,,1185,2602,6,512,https://api-scuda.uat.oci.krungsri.tech/ords/api/v1/customer/individual/searchprofile,41,0,27
1779799504880,94,GetIndividual,429,Too Many Requests,GetIndividual 1-540,text,false,,417,3588,227,512,https://api-scuda.uat.oci.krungsri.tech/ic/api/v1/customer/individual/getprofile,94,0,72
1779799504912,81,SearchIndividual,200,OK,SearchIndividual 2-891,text,true,,1182,2601,7,514,https://api-scuda.uat.oci.krungsri.tech/ords/api/v1/customer/individual/searchprofile,81,0,44
1779799496613,8381,GetIndividual,200,OK,GetIndividual 1-178,text,true,,3835,3588,227,513,https://api-scuda.uat.oci.krungsri.tech/ic/api/v1/customer/individual/getprofile,8381,0,11
1779799498007,6992,GetIndividual,200,OK,GetIndividual 1-223,text,true,,3809,3588,226,513,https://api-scuda.uat.oci.krungsri.tech/ic/api/v1/customer/individual/getprofile,6992,0,33
1779799493233,11768,GetIndividual,200,OK,GetIndividual 1-86,text,true,,3864,3588,226,513,https://api-scuda.uat.oci.krungsri.tech/ic/api/v1/customer/individual/getprofile,11768,0,26
1779799492408,12594,GetIndividual,200,OK,GetIndividual 1-69,text,true,,3833,3588,225,512,https://api-scuda.uat.oci.krungsri.tech/ic/api/v1/customer/individual/getprofile,12594,0,140
1779799495854,9148,GetIndividual,200,OK,GetIndividual 1-153,text,true,,3929,3588,223,510,https://api-scuda.uat.oci.krungsri.tech/ic/api/v1/customer/individual/getprofile,9148,0,29
1779799504850,155,SearchIndividual,200,OK,SearchIndividual 2-886,text,true,,1145,2602,7,510,https://api-scuda.uat.oci.krungsri.tech/ords/api/v1/customer/individual/searchprofile,154,0,85
1779799504969,52,SearchIndividual,200,OK,SearchIndividual 2-894,text,true,,1197,2602,11,514,https://api-scuda.uat.oci.krungsri.tech/ords/api/v1/customer/individual/searchprofile,52,0,37
1779799504939,91,SearchIndividual,200,OK,SearchIndividual 2-893,text,true,,1199,2602,11,514,https://api-scuda.uat.oci.krungsri.tech/ords/api/v1/customer/individual/searchprofile,89,0,39
1779799505019,26,SearchIndividual,429,Too Many Requests,SearchIndividual 2-902,text,false,,417,2599,10,515,https://api-scuda.uat.oci.krungsri.tech/ords/api/v1/customer/individual/searchprofile,26,0,24
1779799505025,26,SearchIndividual,429,Too Many Requests,SearchIndividual 2-903,text,false,,417,2602,9,515,https://api-scuda.uat.oci.krungsri.tech/ords/api/v1/customer/individual/searchprofile,26,0,24
1779799505015,37,SearchIndividual,200,OK,SearchIndividual 2-901,text,true,,1157,2602,8,514,https://api-scuda.uat.oci.krungsri.tech/ords/api/v1/customer/individual/searchprofile,37,0,26
1779799504909,146,SearchIndividual,200,OK,SearchIndividual 2-890,text,true,,1139,2602,7,513,https://api-scuda.uat.oci.krungsri.tech/ords/api/v1/customer/individual/searchprofile,145,0,97
1779799504970,91,SearchJuristic,429,Too Many Requests,SearchJuristic 6-19,text,false,,417,2600,1,513,https://api-scuda.uat.oci.krungsri.tech/ords/api/v1/customer/juristic/searchprofile,91,0,50
1779799496360,8710,GetIndividual,200,OK,GetIndividual 1-168,text,true,,3875,3588,224,512,https://api-scuda.uat.oci.krungsri.tech/ic/api/v1/customer/individual/getprofile,8710,0,21
1779799498549,6527,GetIndividual,200,OK,GetIndividual 1-247,text,true,,3854,3588,223,511,https://api-scuda.uat.oci.krungsri.tech/ic/api/v1/customer/individual/getprofile,6527,0,22
1779799504978,101,SearchIndividual,200,OK,SearchIndividual 2-895,text,true,,1143,2602,7,510,https://api-scuda.uat.oci.krungsri.tech/ords/api/v1/customer/individual/searchprofile,101,0,67
1779799494138,10943,UpdateIndividual,200,OK,UpdateIndividual 4-2,text,true,,800,5667,203,509,https://api-scuda.uat.oci.krungsri.tech/ic/api/v1/customer/individual/updateprofile,10943,0,0
1779799499800,5288,GetIndividual,200,OK,GetIndividual 1-291,text,true,,3839,3588,222,508,https://api-scuda.uat.oci.krungsri.tech/ic/api/v1/customer/individual/getprofile,5288,0,24
1779799504994,99,SearchIndividual,429,Too Many Requests,SearchIndividual 2-896,text,false,,417,2602,6,507,https://api-scuda.uat.oci.krungsri.tech/ords/api/v1/customer/individual/searchprofile,99,0,97
1779799505013,82,SearchIndividual,200,OK,SearchIndividual 2-899,text,true,,1139,2602,5,506,https://api-scuda.uat.oci.krungsri.tech/ords/api/v1/customer/individual/searchprofile,81,0,52
1779799494881,10215,UpdateIndividual,200,OK,UpdateIndividual 4-87,text,true,,800,5591,202,505,https://api-scuda.uat.oci.krungsri.tech/ic/api/v1/customer/individual/updateprofile,10215,0,21
1779799505007,93,SearchIndividual,200,OK,SearchIndividual 2-898,text,true,,1145,2602,4,504,https://api-scuda.uat.oci.krungsri.tech/ords/api/v1/customer/individual/searchprofile,93,0,65
1779799505014,89,SearchIndividual,200,OK,SearchIndividual 2-900,text,true,,1179,2602,3,503,https://api-scuda.uat.oci.krungsri.tech/ords/api/v1/customer/individual/searchprofile,88,0,70
1779799505059,46,SearchIndividual,200,OK,SearchIndividual 2-904,text,true,,1155,2602,2,502,https://api-scuda.uat.oci.krungsri.tech/ords/api/v1/customer/individual/searchprofile,45,0,28
1779799505006,118,SearchIndividual,200,OK,SearchIndividual 2-897,text,true,,1193,2602,1,501,https://api-scuda.uat.oci.krungsri.tech/ords/api/v1/customer/individual/searchprofile,118,0,93
1779799501520,3663,GetIndividual,200,OK,GetIndividual 1-367,text,true,,3840,3587,224,515,https://api-scuda.uat.oci.krungsri.tech/ic/api/v1/customer/individual/getprofile,3663,0,68
1779799494506,10686,UpdateIndividual,200,OK,UpdateIndividual 4-77,text,true,,800,5553,206,515,https://api-scuda.uat.oci.krungsri.tech/ic/api/v1/customer/individual/updateprofile,10686,0,31
1779799500667,4529,GetIndividual,200,OK,GetIndividual 1-328,text,true,,3856,3588,223,516,https://api-scuda.uat.oci.krungsri.tech/ic/api/v1/customer/individual/getprofile,4529,0,20
1779799498014,7185,GetIndividual,200,OK,GetIndividual 1-224,text,true,,3881,3588,223,516,https://api-scuda.uat.oci.krungsri.tech/ic/api/v1/customer/individual/getprofile,7185,0,25
1779799505178,22,UpdateIndividual,429,Too Many Requests,UpdateIndividual 4-365,text,false,,417,5643,205,516,https://api-scuda.uat.oci.krungsri.tech/ic/api/v1/customer/individual/updateprofile,22,0,20
1779799505165,38,SearchIndividual,200,OK,SearchIndividual 2-906,text,true,,1155,2602,10,514,https://api-scuda.uat.oci.krungsri.tech/ords/api/v1/customer/individual/searchprofile,38,0,24
1779799505176,29,SearchIndividual,200,OK,SearchIndividual 2-910,text,true,,1187,2602,10,514,https://api-scuda.uat.oci.krungsri.tech/ords/api/v1/customer/individual/searchprofile,29,0,16
1779799505175,30,SearchIndividual,200,OK,SearchIndividual 2-909,text,true,,1167,2602,10,514,https://api-scuda.uat.oci.krungsri.tech/ords/api/v1/customer/individual/searchprofile,30,0,17
1779799505186,23,SearchIndividual,200,OK,SearchIndividual 2-912,text,true,,1145,2602,8,512,https://api-scuda.uat.oci.krungsri.tech/ords/api/v1/customer/individual/searchprofile,23,0,11
1779799505162,59,SearchIndividual,200,OK,SearchIndividual 2-905,text,true,,1207,2602,8,516,https://api-scuda.uat.oci.krungsri.tech/ords/api/v1/customer/individual/searchprofile,59,0,37
1779799505179,44,SearchIndividual,200,OK,SearchIndividual 2-911,text,true,,1161,2602,7,515,https://api-scuda.uat.oci.krungsri.tech/ords/api/v1/customer/individual/searchprofile,43,0,28
1779799505177,50,SearchIndividual,429,Too Many Requests,SearchIndividual 2-907,text,false,,417,2602,7,515,https://api-scuda.uat.oci.krungsri.tech/ords/api/v1/customer/individual/searchprofile,50,0,47
1779799505199,29,SearchIndividual,200,OK,SearchIndividual 2-913,text,true,,1204,2601,7,516,https://api-scuda.uat.oci.krungsri.tech/ords/api/v1/customer/individual/searchprofile,29,0,13
1779799505199,29,SearchIndividual,200,OK,SearchIndividual 2-914,text,true,,1232,2601,7,516,https://api-scuda.uat.oci.krungsri.tech/ords/api/v1/customer/individual/searchprofile,29,0,13
1779799505177,53,SearchIndividual,200,OK,SearchIndividual 2-908,text,true,,1209,2602,4,513,https://api-scuda.uat.oci.krungsri.tech/ords/api/v1/customer/individual/searchprofile,53,0,38
1779799505207,35,SearchIndividual,200,OK,SearchIndividual 2-915,text,true,,1199,2602,4,514,https://api-scuda.uat.oci.krungsri.tech/ords/api/v1/customer/individual/searchprofile,34,0,23
1779799505218,23,GetIndividual,429,Too Many Requests,GetIndividual 1-556,text,false,,417,3588,227,514,https://api-scuda.uat.oci.krungsri.tech/ic/api/v1/customer/individual/getprofile,23,0,18
1779799505199,43,GetIndividual,429,Too Many Requests,GetIndividual 1-553,text,false,,417,3588,227,514,https://api-scuda.uat.oci.krungsri.tech/ic/api/v1/customer/individual/getprofile,43,0,41
1779799505213,32,GetIndividual,429,Too Many Requests,GetIndividual 1-554,text,false,,417,3588,225,511,https://api-scuda.uat.oci.krungsri.tech/ic/api/v1/customer/individual/getprofile,32,0,23
1779799505215,31,GetIndividual,429,Too Many Requests,GetIndividual 1-555,text,false,,417,3588,224,510,https://api-scuda.uat.oci.krungsri.tech/ic/api/v1/customer/individual/getprofile,31,0,21
1779799505225,24,SearchIndividual,429,Too Many Requests,SearchIndividual 2-917,text,false,,417,2602,3,511,https://api-scuda.uat.oci.krungsri.tech/ords/api/v1/customer/individual/searchprofile,24,0,23
1779799505219,32,SearchIndividual,200,OK,SearchIndividual 2-916,text,true,,1195,2602,2,511,https://api-scuda.uat.oci.krungsri.tech/ords/api/v1/customer/individual/searchprofile,32,0,20
1779799505241,24,SearchIndividual,200,OK,SearchIndividual 2-918,text,true,,1135,2602,1,511,https://api-scuda.uat.oci.krungsri.tech/ords/api/v1/customer/individual/searchprofile,24,0,12
1779799494159,11110,UpdateIndividual,200,OK,UpdateIndividual 4-37,text,true,,800,5517,206,510,https://api-scuda.uat.oci.krungsri.tech/ic/api/v1/customer/individual/updateprofile,11110,0,38
1779799494144,11139,UpdateIndividual,200,OK,UpdateIndividual 4-27,text,true,,800,5567,206,511,https://api-scuda.uat.oci.krungsri.tech/ic/api/v1/customer/individual/updateprofile,11139,0,77
1779799505254,38,UpdateIndividual,429,Too Many Requests,UpdateIndividual 4-369,text,false,,417,4227,205,515,https://api-scuda.uat.oci.krungsri.tech/ic/api/v1/customer/individual/updateprofile,38,0,37
1779799505283,15,SearchIndividual,429,Too Many Requests,SearchIndividual 2-919,text,false,,417,2602,7,517,https://api-scuda.uat.oci.krungsri.tech/ords/api/v1/customer/individual/searchprofile,15,0,13
1779799505286,17,SearchIndividual,429,Too Many Requests,SearchIndividual 2-920,text,false,,417,2602,6,516,https://api-scuda.uat.oci.krungsri.tech/ords/api/v1/customer/individual/searchprofile,17,0,14
1779799505290,14,GetIndividual,429,Too Many Requests,GetIndividual 1-560,text,false,,417,3587,225,515,https://api-scuda.uat.oci.krungsri.tech/ic/api/v1/customer/individual/getprofile,14,0,13
1779799505297,10,SearchIndividual,429,Too Many Requests,SearchIndividual 2-924,text,false,,417,2602,6,515,https://api-scuda.uat.oci.krungsri.tech/ords/api/v1/customer/individual/searchprofile,10,0,8
1779799505292,18,SearchIndividual,429,Too Many Requests,SearchIndividual 2-922,text,false,,417,2602,5,514,https://api-scuda.uat.oci.krungsri.tech/ords/api/v1/customer/individual/searchprofile,18,0,16
1779799505291,34,SearchIndividual,200,OK,SearchIndividual 2-921,text,true,,1145,2602,5,515,https://api-scuda.uat.oci.krungsri.tech/ords/api/v1/customer/individual/searchprofile,34,0,22
1779799505294,37,SearchIndividual,200,OK,SearchIndividual 2-923,text,true,,1219,2602,4,516,https://api-scuda.uat.oci.krungsri.tech/ords/api/v1/customer/individual/searchprofile,36,0,22
1779799505307,24,SearchIndividual,200,OK,SearchIndividual 2-926,text,true,,1225,2602,4,516,https://api-scuda.uat.oci.krungsri.tech/ords/api/v1/customer/individual/searchprofile,24,0,13
1779799505340,27,SearchIndividual,200,OK,SearchIndividual 2-929,text,true,,1209,2602,5,520,https://api-scuda.uat.oci.krungsri.tech/ords/api/v1/customer/individual/searchprofile,27,0,10
1779799505316,50,SearchIndividual,200,OK,SearchIndividual 2-927,text,true,,1183,2602,5,520,https://api-scuda.uat.oci.krungsri.tech/ords/api/v1/customer/individual/searchprofile,50,0,34
1779799505350,14,SearchIndividual,429,Too Many Requests,SearchIndividual 2-930,text,false,,417,2602,5,520,https://api-scuda.uat.oci.krungsri.tech/ords/api/v1/customer/individual/searchprofile,14,0,13
1779799505340,24,GetIndividual,429,Too Many Requests,GetIndividual 1-561,text,false,,417,3588,225,520,https://api-scuda.uat.oci.krungsri.tech/ic/api/v1/customer/individual/getprofile,24,0,23
1779799505335,23,SearchIndividual,429,Too Many Requests,SearchIndividual 2-928,text,false,,417,2602,5,519,https://api-scuda.uat.oci.krungsri.tech/ords/api/v1/customer/individual/searchprofile,23,0,22
1779799505332,23,UpdateIndividual,429,Too Many Requests,UpdateIndividual 4-367,text,false,,417,5601,208,519,https://api-scuda.uat.oci.krungsri.tech/ic/api/v1/customer/individual/updateprofile,23,0,21
1779799505297,43,SearchIndividual,200,OK,SearchIndividual 2-925,text,true,,1199,2602,4,518,https://api-scuda.uat.oci.krungsri.tech/ords/api/v1/customer/individual/searchprofile,43,0,24
1779799496632,8754,GetIndividual,200,OK,GetIndividual 1-181,text,true,,3867,3588,225,517,https://api-scuda.uat.oci.krungsri.tech/ic/api/v1/customer/individual/getprofile,8754,0,49
1779799505365,24,UpdateIndividual,429,Too Many Requests,UpdateIndividual 4-374,text,false,,417,4229,208,516,https://api-scuda.uat.oci.krungsri.tech/ic/api/v1/customer/individual/updateprofile,24,0,22
1779799505372,34,SearchIndividual,429,Too Many Requests,SearchIndividual 2-931,text,false,,417,2602,5,517,https://api-scuda.uat.oci.krungsri.tech/ords/api/v1/customer/individual/searchprofile,34,0,26
1779799505402,26,SearchIndividual,429,Too Many Requests,SearchIndividual 2-935,text,false,,417,2602,7,522,https://api-scuda.uat.oci.krungsri.tech/ords/api/v1/customer/individual/searchprofile,26,0,16
1779799505407,24,SearchIndividual,429,Too Many Requests,SearchIndividual 2-936,text,false,,417,2602,6,521,https://api-scuda.uat.oci.krungsri.tech/ords/api/v1/customer/individual/searchprofile,24,0,22
1779799505379,53,SearchIndividual,429,Too Many Requests,SearchIndividual 2-933,text,false,,417,2602,6,521,https://api-scuda.uat.oci.krungsri.tech/ords/api/v1/customer/individual/searchprofile,53,0,39
1779799505378,71,SearchIndividual,429,Too Many Requests,SearchIndividual 2-932,text,false,,417,2602,7,523,https://api-scuda.uat.oci.krungsri.tech/ords/api/v1/customer/individual/searchprofile,71,0,41
1779799505435,24,SearchIndividual,429,Too Many Requests,SearchIndividual 2-939,text,false,,417,2602,6,522,https://api-scuda.uat.oci.krungsri.tech/ords/api/v1/customer/individual/searchprofile,24,0,19
1779799503231,2232,GetIndividual,200,OK,GetIndividual 1-452,text,true,,3917,3588,225,521,https://api-scuda.uat.oci.krungsri.tech/ic/api/v1/customer/individual/getprofile,2232,0,36
1779799505422,47,SearchIndividual,200,OK,SearchIndividual 2-938,text,true,,1246,2601,6,521,https://api-scuda.uat.oci.krungsri.tech/ords/api/v1/customer/individual/searchprofile,47,0,20
1779799495585,9889,UpdateIndividual,200,OK,UpdateIndividual 4-96,text,true,,800,5557,210,520,https://api-scuda.uat.oci.krungsri.tech/ic/api/v1/customer/individual/updateprofile,9889,0,21
1779799505449,26,SearchIndividual,429,Too Many Requests,SearchIndividual 2-941,text,false,,417,2602,5,520,https://api-scuda.uat.oci.krungsri.tech/ords/api/v1/customer/individual/searchprofile,26,0,22
1779799502801,2685,GetIndividual,200,OK,GetIndividual 1-429,text,true,,3897,3588,225,519,https://api-scuda.uat.oci.krungsri.tech/ic/api/v1/customer/individual/getprofile,2685,0,23
1779799505431,58,UpdateIndividual,429,Too Many Requests,UpdateIndividual 4-375,text,false,,417,4227,209,518,https://api-scuda.uat.oci.krungsri.tech/ic/api/v1/customer/individual/updateprofile,58,0,50
1779799494144,11352,UpdateIndividual,200,OK,UpdateIndividual 4-30,text,true,,800,5628,208,518,https://api-scuda.uat.oci.krungsri.tech/ic/api/v1/customer/individual/updateprofile,11352,0,24
1779799505414,85,SearchIndividual,200,OK,SearchIndividual 2-937,text,true,,1133,2602,5,518,https://api-scuda.uat.oci.krungsri.tech/ords/api/v1/customer/individual/searchprofile,85,0,52
1779799505478,35,GetIndividual,429,Too Many Requests,GetIndividual 1-564,text,false,,417,3588,226,520,https://api-scuda.uat.oci.krungsri.tech/ic/api/v1/customer/individual/getprofile,35,0,32
1779799505505,30,GetIndividual,429,Too Many Requests,GetIndividual 1-566,text,false,,417,3588,226,523,https://api-scuda.uat.oci.krungsri.tech/ic/api/v1/customer/individual/getprofile,30,0,29
1779799505503,38,SearchIndividual,200,OK,SearchIndividual 2-944,text,true,,1194,2601,8,523,https://api-scuda.uat.oci.krungsri.tech/ords/api/v1/customer/individual/searchprofile,37,0,25
1779799497005,8555,UpdateIndividual,200,OK,UpdateIndividual 4-126,text,true,,800,4229,210,528,https://api-scuda.uat.oci.krungsri.tech/ic/api/v1/customer/individual/updateprofile,8555,0,20
1779799505535,27,GetIndividual,429,Too Many Requests,GetIndividual 1-567,text,false,,417,3588,227,527,https://api-scuda.uat.oci.krungsri.tech/ic/api/v1/customer/individual/getprofile,27,0,22
1779799494198,11371,UpdateIndividual,200,OK,UpdateIndividual 4-1,text,true,,800,5659,209,526,https://api-scuda.uat.oci.krungsri.tech/ic/api/v1/customer/individual/updateprofile,11371,0,0
1779799499243,6360,GetIndividual,200,OK,GetIndividual 1-266,text,true,,3863,3586,226,525,https://api-scuda.uat.oci.krungsri.tech/ic/api/v1/customer/individual/getprofile,6360,0,14
1779799505555,52,UpdateIndividual,429,Too Many Requests,UpdateIndividual 4-380,text,false,,417,5619,208,525,https://api-scuda.uat.oci.krungsri.tech/ic/api/v1/customer/individual/updateprofile,52,0,47
1779799505551,56,SearchIndividual,429,Too Many Requests,SearchIndividual 2-949,text,false,,417,2602,10,525,https://api-scuda.uat.oci.krungsri.tech/ords/api/v1/customer/individual/searchprofile,56,0,51
1779799505550,58,SearchIndividual,429,Too Many Requests,SearchIndividual 2-948,text,false,,417,2602,12,527,https://api-scuda.uat.oci.krungsri.tech/ords/api/v1/customer/individual/searchprofile,58,0,52
1779799505431,185,UpdateIndividual,429,Too Many Requests,UpdateIndividual 4-376,text,false,,417,5603,208,530,https://api-scuda.uat.oci.krungsri.tech/ic/api/v1/customer/individual/updateprofile,185,0,99
1779799505561,64,GetIndividual,429,Too Many Requests,GetIndividual 1-569,text,false,,417,3588,227,529,https://api-scuda.uat.oci.krungsri.tech/ic/api/v1/customer/individual/getprofile,64,0,62
1779799505553,77,SearchIndividual,200,OK,SearchIndividual 2-950,text,true,,1195,2602,14,528,https://api-scuda.uat.oci.krungsri.tech/ords/api/v1/customer/individual/searchprofile,77,0,63
1779799505616,19,GetIndividual,429,Too Many Requests,GetIndividual 1-571,text,false,,417,3588,226,529,https://api-scuda.uat.oci.krungsri.tech/ic/api/v1/customer/individual/getprofile,19,0,15
1779799505614,23,SearchIndividual,429,Too Many Requests,SearchIndividual 2-951,text,false,,417,2602,13,528,https://api-scuda.uat.oci.krungsri.tech/ords/api/v1/customer/individual/searchprofile,23,0,17
1779799505614,32,SearchIndividual,200,OK,SearchIndividual 2-953,text,true,,1179,2602,12,527,https://api-scuda.uat.oci.krungsri.tech/ords/api/v1/customer/individual/searchprofile,32,0,16
1779799505614,33,SearchIndividual,200,OK,SearchIndividual 2-952,text,true,,1193,2602,11,528,https://api-scuda.uat.oci.krungsri.tech/ords/api/v1/customer/individual/searchprofile,32,0,16
1779799505621,26,UpdateIndividual,429,Too Many Requests,UpdateIndividual 4-381,text,false,,417,4231,209,527,https://api-scuda.uat.oci.krungsri.tech/ic/api/v1/customer/individual/updateprofile,26,0,20
1779799505614,42,SearchIndividual,429,Too Many Requests,SearchIndividual 2-956,text,false,,417,2602,10,526,https://api-scuda.uat.oci.krungsri.tech/ords/api/v1/customer/individual/searchprofile,42,0,33
1779799498244,7419,UpdateIndividual,200,OK,UpdateIndividual 4-153,text,true,,800,4230,209,529,https://api-scuda.uat.oci.krungsri.tech/ic/api/v1/customer/individual/updateprofile,7419,0,22
1779799505415,258,GetIndividual,429,Too Many Requests,GetIndividual 1-563,text,false,,417,3588,228,529,https://api-scuda.uat.oci.krungsri.tech/ic/api/v1/customer/individual/getprofile,258,0,187
1779799505392,282,SearchIndividual,429,Too Many Requests,SearchIndividual 2-934,text,false,,417,2602,12,528,https://api-scuda.uat.oci.krungsri.tech/ords/api/v1/customer/individual/searchprofile,282,0,209
1779799505442,234,SearchIndividual,429,Too Many Requests,SearchIndividual 2-940,text,false,,417,2602,11,527,https://api-scuda.uat.oci.krungsri.tech/ords/api/v1/customer/individual/searchprofile,234,0,168
1779799505491,186,SearchIndividual,429,Too Many Requests,SearchIndividual 2-943,text,false,,417,2602,11,528,https://api-scuda.uat.oci.krungsri.tech/ords/api/v1/customer/individual/searchprofile,186,0,119
1779799505447,235,UpdateIndividual,429,Too Many Requests,UpdateIndividual 4-377,text,false,,417,5638,209,527,https://api-scuda.uat.oci.krungsri.tech/ic/api/v1/customer/individual/updateprofile,235,0,160
1779799499141,6545,UpdateIndividual,200,OK,UpdateIndividual 4-174,text,true,,800,5601,208,527,https://api-scuda.uat.oci.krungsri.tech/ic/api/v1/customer/individual/updateprofile,6545,0,22
1779799492408,13279,GetIndividual,200,OK,GetIndividual 1-68,text,true,,3865,3588,228,527,https://api-scuda.uat.oci.krungsri.tech/ic/api/v1/customer/individual/getprofile,13279,0,36
1779799505664,33,SearchIndividual,429,Too Many Requests,SearchIndividual 2-959,text,false,,417,2601,11,528,https://api-scuda.uat.oci.krungsri.tech/ords/api/v1/customer/individual/searchprofile,33,0,23
1779799505668,36,GetIndividual,429,Too Many Requests,GetIndividual 1-575,text,false,,417,3588,228,528,https://api-scuda.uat.oci.krungsri.tech/ic/api/v1/customer/individual/getprofile,36,0,31
1779799505687,30,SearchIndividual,429,Too Many Requests,SearchIndividual 2-960,text,false,,417,2600,12,531,https://api-scuda.uat.oci.krungsri.tech/ords/api/v1/customer/individual/searchprofile,30,0,27
1779799505501,222,GetIndividual,429,Too Many Requests,GetIndividual 1-565,text,false,,417,3588,228,532,https://api-scuda.uat.oci.krungsri.tech/ic/api/v1/customer/individual/getprofile,222,0,188
1779799505716,12,GetIndividual,429,Too Many Requests,GetIndividual 1-578,text,false,,417,3588,227,531,https://api-scuda.uat.oci.krungsri.tech/ic/api/v1/customer/individual/getprofile,12,0,9
1779799505689,41,SearchJuristic,429,Too Many Requests,SearchJuristic 6-20,text,false,,417,2600,1,533,https://api-scuda.uat.oci.krungsri.tech/ords/api/v1/customer/juristic/searchprofile,41,0,39
1779799505541,190,UpdateIndividual,429,Too Many Requests,UpdateIndividual 4-379,text,false,,417,5565,210,533,https://api-scuda.uat.oci.krungsri.tech/ic/api/v1/customer/individual/updateprofile,190,0,150
1779799505716,16,SearchIndividual,429,Too Many Requests,SearchIndividual 2-962,text,false,,417,2602,12,533,https://api-scuda.uat.oci.krungsri.tech/ords/api/v1/customer/individual/searchprofile,16,0,14
1779799505538,194,SearchIndividual,429,Too Many Requests,SearchIndividual 2-947,text,false,,417,2601,12,533,https://api-scuda.uat.oci.krungsri.tech/ords/api/v1/customer/individual/searchprofile,194,0,167
1779799505696,37,UpdateIndividual,429,Too Many Requests,UpdateIndividual 4-386,text,false,,417,5572,210,532,https://api-scuda.uat.oci.krungsri.tech/ic/api/v1/customer/individual/updateprofile,37,0,34
1779799505521,212,SearchIndividual,429,Too Many Requests,SearchIndividual 2-945,text,false,,417,2602,12,532,https://api-scuda.uat.oci.krungsri.tech/ords/api/v1/customer/individual/searchprofile,212,0,183
1779799505557,180,GetIndividual,429,Too Many Requests,GetIndividual 1-568,text,false,,417,3588,228,533,https://api-scuda.uat.oci.krungsri.tech/ic/api/v1/customer/individual/getprofile,180,0,140
1779799505698,38,SearchIndividual,429,Too Many Requests,SearchIndividual 2-961,text,false,,417,2602,13,532,https://api-scuda.uat.oci.krungsri.tech/ords/api/v1/customer/individual/searchprofile,38,0,32
1779799505532,207,SearchIndividual,429,Too Many Requests,SearchIndividual 2-946,text,false,,417,2601,11,527,https://api-scuda.uat.oci.krungsri.tech/ords/api/v1/customer/individual/searchprofile,207,0,181
1779799505684,57,UpdateIndividual,429,Too Many Requests,UpdateIndividual 4-385,text,false,,417,4227,208,526,https://api-scuda.uat.oci.krungsri.tech/ic/api/v1/customer/individual/updateprofile,56,0,53
1779799505660,93,SearchIndividual,429,Too Many Requests,SearchIndividual 2-957,text,false,,417,2602,10,526,https://api-scuda.uat.oci.krungsri.tech/ords/api/v1/customer/individual/searchprofile,93,0,77
1779799505614,140,SearchIndividual,429,Too Many Requests,SearchIndividual 2-954,text,false,,417,2602,9,525,https://api-scuda.uat.oci.krungsri.tech/ords/api/v1/customer/individual/searchprofile,140,0,119
1779799505639,116,UpdateIndividual,429,Too Many Requests,UpdateIndividual 4-382,text,false,,417,5588,207,525,https://api-scuda.uat.oci.krungsri.tech/ic/api/v1/customer/individual/updateprofile,116,0,94
1779799505614,143,SearchIndividual,429,Too Many Requests,SearchIndividual 2-955,text,false,,417,2602,8,523,https://api-scuda.uat.oci.krungsri.tech/ords/api/v1/customer/individual/searchprofile,143,0,129
1779799505661,97,SearchIndividual,429,Too Many Requests,SearchIndividual 2-958,text,false,,417,2602,7,522,https://api-scuda.uat.oci.krungsri.tech/ords/api/v1/customer/individual/searchprofile,97,0,72
1779799505705,54,GetIndividual,429,Too Many Requests,GetIndividual 1-577,text,false,,417,3588,227,521,https://api-scuda.uat.oci.krungsri.tech/ic/api/v1/customer/individual/getprofile,54,0,31
1779799505465,295,SearchIndividual,429,Too Many Requests,SearchIndividual 2-942,text,false,,417,2602,6,520,https://api-scuda.uat.oci.krungsri.tech/ords/api/v1/customer/individual/searchprofile,295,0,248
1779799505719,42,SearchIndividual,429,Too Many Requests,SearchIndividual 2-964,text,false,,417,2602,6,520,https://api-scuda.uat.oci.krungsri.tech/ords/api/v1/customer/individual/searchprofile,42,0,39
1779799505616,145,GetIndividual,429,Too Many Requests,GetIndividual 1-570,text,false,,417,3588,226,519,https://api-scuda.uat.oci.krungsri.tech/ic/api/v1/customer/individual/getprofile,145,0,140
1779799505735,28,GetIndividual,429,Too Many Requests,GetIndividual 1-580,text,false,,417,3588,225,517,https://api-scuda.uat.oci.krungsri.tech/ic/api/v1/customer/individual/getprofile,28,0,26
1779799505732,32,UpdateIndividual,429,Too Many Requests,UpdateIndividual 4-388,text,false,,417,5511,206,516,https://api-scuda.uat.oci.krungsri.tech/ic/api/v1/customer/individual/updateprofile,32,0,29
1779799505735,31,GetIndividual,429,Too Many Requests,GetIndividual 1-579,text,false,,417,3588,224,515,https://api-scuda.uat.oci.krungsri.tech/ic/api/v1/customer/individual/getprofile,31,0,28
1779799505739,36,SearchIndividual,200,OK,SearchIndividual 2-965,text,true,,1174,2601,4,515,https://api-scuda.uat.oci.krungsri.tech/ords/api/v1/customer/individual/searchprofile,36,0,23
1779799505752,23,SearchIndividual,429,Too Many Requests,SearchIndividual 2-967,text,false,,417,2602,4,515,https://api-scuda.uat.oci.krungsri.tech/ords/api/v1/customer/individual/searchprofile,23,0,20
1779799505740,37,SearchIndividual,429,Too Many Requests,SearchIndividual 2-966,text,false,,417,2601,2,513,https://api-scuda.uat.oci.krungsri.tech/ords/api/v1/customer/individual/searchprofile,37,0,35
1779799505716,64,SearchIndividual,200,OK,SearchIndividual 2-963,text,true,,1135,2602,1,514,https://api-scuda.uat.oci.krungsri.tech/ords/api/v1/customer/individual/searchprofile,64,0,45
1779799498440,7343,UpdateIndividual,200,OK,UpdateIndividual 4-158,text,true,,800,5618,207,514,https://api-scuda.uat.oci.krungsri.tech/ic/api/v1/customer/individual/updateprofile,7343,0,24
1779799501077,4709,UpdateIndividual,200,OK,UpdateIndividual 4-230,text,true,,800,5601,206,514,https://api-scuda.uat.oci.krungsri.tech/ic/api/v1/customer/individual/updateprofile,4709,0,21
1779799504622,1166,GetIndividual,200,OK,GetIndividual 1-525,text,true,,3816,3588,224,513,https://api-scuda.uat.oci.krungsri.tech/ic/api/v1/customer/individual/getprofile,1166,0,52
1779799505779,30,UpdateIndividual,429,Too Many Requests,UpdateIndividual 4-389,text,false,,417,4227,206,517,https://api-scuda.uat.oci.krungsri.tech/ic/api/v1/customer/individual/updateprofile,30,0,28
1779799505786,24,SearchIndividual,429,Too Many Requests,SearchIndividual 2-969,text,false,,417,2602,4,517,https://api-scuda.uat.oci.krungsri.tech/ords/api/v1/customer/individual/searchprofile,24,0,22
1779799505785,39,SearchIndividual,429,Too Many Requests,SearchIndividual 2-968,text,false,,417,2602,4,517,https://api-scuda.uat.oci.krungsri.tech/ords/api/v1/customer/individual/searchprofile,39,0,32
1779799505796,31,UpdateIndividual,429,Too Many Requests,UpdateIndividual 4-391,text,false,,417,5570,205,516,https://api-scuda.uat.oci.krungsri.tech/ic/api/v1/customer/individual/updateprofile,31,0,29
1779799505781,46,GetIndividual,429,Too Many Requests,GetIndividual 1-581,text,false,,417,3588,226,517,https://api-scuda.uat.oci.krungsri.tech/ic/api/v1/customer/individual/getprofile,46,0,44
1779799505798,34,SearchIndividual,200,OK,SearchIndividual 2-971,text,true,,1239,2602,4,515,https://api-scuda.uat.oci.krungsri.tech/ords/api/v1/customer/individual/searchprofile,34,0,22
1779799505816,22,SearchIndividual,429,Too Many Requests,SearchIndividual 2-972,text,false,,417,2602,3,516,https://api-scuda.uat.oci.krungsri.tech/ords/api/v1/customer/individual/searchprofile,22,0,20
1779799505793,49,SearchIndividual,200,OK,SearchIndividual 2-970,text,true,,1223,2602,2,515,https://api-scuda.uat.oci.krungsri.tech/ords/api/v1/customer/individual/searchprofile,49,0,31
1779799505810,80,GetIndividual,429,Too Many Requests,GetIndividual 1-583,text,false,,417,3588,228,518,https://api-scuda.uat.oci.krungsri.tech/ic/api/v1/customer/individual/getprofile,80,0,34
1779799496633,9257,GetIndividual,200,OK,GetIndividual 1-182,text,true,,3849,3588,229,520,https://api-scuda.uat.oci.krungsri.tech/ic/api/v1/customer/individual/getprofile,9257,0,30
1779799504248,1642,GetIndividual,200,OK,GetIndividual 1-504,text,true,,3835,3588,229,519,https://api-scuda.uat.oci.krungsri.tech/ic/api/v1/customer/individual/getprofile,1642,0,34
1779799505828,79,SearchIndividual,200,OK,SearchIndividual 2-973,text,true,,1183,2602,12,534,https://api-scuda.uat.oci.krungsri.tech/ords/api/v1/customer/individual/searchprofile,79,0,67
1779799505910,21,SearchIndividual,429,Too Many Requests,SearchIndividual 2-982,text,false,,417,2602,14,540,https://api-scuda.uat.oci.krungsri.tech/ords/api/v1/customer/individual/searchprofile,21,0,16
1779799505906,37,SearchIndividual,200,OK,SearchIndividual 2-975,text,true,,1203,2602,15,542,https://api-scuda.uat.oci.krungsri.tech/ords/api/v1/customer/individual/searchprofile,37,0,16
1779799505908,36,SearchIndividual,429,Too Many Requests,SearchIndividual 2-977,text,false,,417,2602,15,542,https://api-scuda.uat.oci.krungsri.tech/ords/api/v1/customer/individual/searchprofile,36,0,23
1779799505908,36,SearchIndividual,429,Too Many Requests,SearchIndividual 2-978,text,false,,417,2602,15,542,https://api-scuda.uat.oci.krungsri.tech/ords/api/v1/customer/individual/searchprofile,36,0,22
1779799505914,32,CreateJoint,429,Too Many Requests,CreateJoint 11-20,text,false,,417,5956,15,541,https://api-scuda.uat.oci.krungsri.tech/ic/api/v1/customer/joint/createprofile,32,0,27
1779799505911,37,SearchIndividual,200,OK,SearchIndividual 2-983,text,true,,1139,2602,13,540,https://api-scuda.uat.oci.krungsri.tech/ords/api/v1/customer/individual/searchprofile,37,0,21
1779799505912,36,UpdateIndividual,429,Too Many Requests,UpdateIndividual 4-395,text,false,,417,4229,212,540,https://api-scuda.uat.oci.krungsri.tech/ic/api/v1/customer/individual/updateprofile,36,0,34
1779799505910,39,GetIndividual,429,Too Many Requests,GetIndividual 1-572,text,false,,417,3588,230,540,https://api-scuda.uat.oci.krungsri.tech/ic/api/v1/customer/individual/getprofile,39,0,37
1779799505910,39,SearchIndividual,429,Too Many Requests,SearchIndividual 2-981,text,false,,417,2602,12,539,https://api-scuda.uat.oci.krungsri.tech/ords/api/v1/customer/individual/searchprofile,39,0,37
1779799505912,38,SearchIndividual,429,Too Many Requests,SearchIndividual 2-984,text,false,,417,2602,10,536,https://api-scuda.uat.oci.krungsri.tech/ords/api/v1/customer/individual/searchprofile,38,0,35
1779799505927,24,SearchIndividual,429,Too Many Requests,SearchIndividual 2-986,text,false,,417,2602,10,535,https://api-scuda.uat.oci.krungsri.tech/ords/api/v1/customer/individual/searchprofile,24,0,22
1779799505909,43,SearchIndividual,429,Too Many Requests,SearchIndividual 2-979,text,false,,417,2602,10,536,https://api-scuda.uat.oci.krungsri.tech/ords/api/v1/customer/individual/searchprofile,43,0,41
1779799505933,23,SearchIndividual,429,Too Many Requests,SearchIndividual 2-988,text,false,,417,2602,8,534,https://api-scuda.uat.oci.krungsri.tech/ords/api/v1/customer/individual/searchprofile,23,0,22
1779799505929,28,UpdateIndividual,429,Too Many Requests,UpdateIndividual 4-398,text,false,,417,4226,212,534,https://api-scuda.uat.oci.krungsri.tech/ic/api/v1/customer/individual/updateprofile,28,0,27
1779799505927,39,SearchIndividual,200,OK,SearchIndividual 2-985,text,true,,1243,2602,7,532,https://api-scuda.uat.oci.krungsri.tech/ords/api/v1/customer/individual/searchprofile,39,0,25
1779799499099,6872,UpdateIndividual,200,OK,UpdateIndividual 4-173,text,true,,800,5496,211,532,https://api-scuda.uat.oci.krungsri.tech/ic/api/v1/customer/individual/updateprofile,6872,0,18
1779799505929,43,UpdateIndividual,429,Too Many Requests,UpdateIndividual 4-397,text,false,,417,4228,211,532,https://api-scuda.uat.oci.krungsri.tech/ic/api/v1/customer/individual/updateprofile,43,0,40
1779799504377,1606,GetIndividual,200,OK,GetIndividual 1-512,text,true,,3812,3588,233,536,https://api-scuda.uat.oci.krungsri.tech/ic/api/v1/customer/individual/getprofile,1606,0,33
1779799505958,31,SearchIndividual,200,OK,SearchIndividual 2-989,text,true,,1193,2602,10,536,https://api-scuda.uat.oci.krungsri.tech/ords/api/v1/customer/individual/searchprofile,31,0,11
1779799505972,18,SearchIndividual,429,Too Many Requests,SearchIndividual 2-991,text,false,,417,2602,10,536,https://api-scuda.uat.oci.krungsri.tech/ords/api/v1/customer/individual/searchprofile,18,0,17
1779799505985,27,SearchIndividual,200,OK,SearchIndividual 2-993,text,true,,1175,2602,12,541,https://api-scuda.uat.oci.krungsri.tech/ords/api/v1/customer/individual/searchprofile,27,0,13
1779799505985,29,SearchIndividual,429,Too Many Requests,SearchIndividual 2-992,text,false,,417,2602,11,541,https://api-scuda.uat.oci.krungsri.tech/ords/api/v1/customer/individual/searchprofile,29,0,25
1779799505990,25,SearchIndividual,429,Too Many Requests,SearchIndividual 2-995,text,false,,417,2602,11,541,https://api-scuda.uat.oci.krungsri.tech/ords/api/v1/customer/individual/searchprofile,25,0,23
1779799505908,112,SearchJoint,200,OK,SearchJoint 10-20,text,true,,621,2627,1,539,https://api-scuda.uat.oci.krungsri.tech/ords/api/v1/customer/joint/searchprofile,112,0,92
1779799505996,29,GetIndividual,429,Too Many Requests,GetIndividual 1-596,text,false,,417,3588,238,540,https://api-scuda.uat.oci.krungsri.tech/ic/api/v1/customer/individual/getprofile,29,0,24
1779799506022,14,GetIndividual,429,Too Many Requests,GetIndividual 1-600,text,false,,417,3588,240,544,https://api-scuda.uat.oci.krungsri.tech/ic/api/v1/customer/individual/getprofile,14,0,12
1779799505906,131,SearchIndividual,200,OK,SearchIndividual 2-974,text,true,,1135,2602,11,543,https://api-scuda.uat.oci.krungsri.tech/ords/api/v1/customer/individual/searchprofile,131,0,90
1779799505989,48,GetIndividual,429,Too Many Requests,GetIndividual 1-599,text,false,,417,3588,240,544,https://api-scuda.uat.oci.krungsri.tech/ic/api/v1/customer/individual/getprofile,48,0,43
1779799506009,31,SearchIndividual,200,OK,SearchIndividual 2-996,text,true,,1121,2602,10,542,https://api-scuda.uat.oci.krungsri.tech/ords/api/v1/customer/individual/searchprofile,30,0,17
1779799506009,31,SearchIndividual,429,Too Many Requests,SearchIndividual 2-997,text,false,,417,2602,10,542,https://api-scuda.uat.oci.krungsri.tech/ords/api/v1/customer/individual/searchprofile,31,0,29
1779799504125,1917,GetIndividual,200,OK,GetIndividual 1-496,text,true,,3833,3588,239,540,https://api-scuda.uat.oci.krungsri.tech/ic/api/v1/customer/individual/getprofile,1917,0,14
1779799506026,20,GetIndividual,429,Too Many Requests,GetIndividual 1-601,text,false,,417,3588,238,539,https://api-scuda.uat.oci.krungsri.tech/ic/api/v1/customer/individual/getprofile,20,0,16
1779799506032,22,SearchIndividual,429,Too Many Requests,SearchIndividual 2-1000,text,false,,417,2602,8,538,https://api-scuda.uat.oci.krungsri.tech/ords/api/v1/customer/individual/searchprofile,22,0,20
1779799506034,20,GetIndividual,429,Too Many Requests,GetIndividual 1-604,text,false,,417,3588,237,538,https://api-scuda.uat.oci.krungsri.tech/ic/api/v1/customer/individual/getprofile,20,0,16
1779799506029,28,SearchIndividual,429,Too Many Requests,SearchIndividual 2-999,text,false,,417,2602,7,536,https://api-scuda.uat.oci.krungsri.tech/ords/api/v1/customer/individual/searchprofile,28,0,26
1779799506040,24,GetIndividual,429,Too Many Requests,GetIndividual 1-605,text,false,,417,3588,236,535,https://api-scuda.uat.oci.krungsri.tech/ic/api/v1/customer/individual/getprofile,24,0,22
1779799504853,1215,GetIndividual,200,OK,GetIndividual 1-538,text,true,,3805,3588,235,535,https://api-scuda.uat.oci.krungsri.tech/ic/api/v1/customer/individual/getprofile,1215,0,84
1779799503431,2640,UpdateIndividual,200,OK,UpdateIndividual 4-308,text,true,,799,4228,210,536,https://api-scuda.uat.oci.krungsri.tech/ic/api/v1/customer/individual/updateprofile,2640,0,45
1779799505912,179,SearchIndividual,200,OK,SearchIndividual 2-976,text,true,,1149,2602,7,536,https://api-scuda.uat.oci.krungsri.tech/ords/api/v1/customer/individual/searchprofile,179,0,111
1779799506071,23,GetIndividual,429,Too Many Requests,GetIndividual 1-607,text,false,,417,3588,236,535,https://api-scuda.uat.oci.krungsri.tech/ic/api/v1/customer/individual/getprofile,23,0,21
1779799506105,21,UpdateIndividual,429,Too Many Requests,UpdateIndividual 4-403,text,false,,417,5569,212,539,https://api-scuda.uat.oci.krungsri.tech/ic/api/v1/customer/individual/updateprofile,21,0,19
1779799506108,21,UpdateIndividual,429,Too Many Requests,UpdateIndividual 4-404,text,false,,417,5578,211,538,https://api-scuda.uat.oci.krungsri.tech/ic/api/v1/customer/individual/updateprofile,21,0,19
1779799505911,223,SearchIndividual,200,OK,SearchIndividual 2-980,text,true,,1155,2602,7,538,https://api-scuda.uat.oci.krungsri.tech/ords/api/v1/customer/individual/searchprofile,223,0,160
1779799506116,23,GetIndividual,429,Too Many Requests,GetIndividual 1-609,text,false,,417,3587,238,540,https://api-scuda.uat.oci.krungsri.tech/ic/api/v1/customer/individual/getprofile,23,0,22
1779799505927,222,SearchIndividual,429,Too Many Requests,SearchIndividual 2-987,text,false,,417,2602,7,541,https://api-scuda.uat.oci.krungsri.tech/ords/api/v1/customer/individual/searchprofile,222,0,148
1779799506137,15,SearchIndividual,429,Too Many Requests,SearchIndividual 2-1003,text,false,,417,2602,6,540,https://api-scuda.uat.oci.krungsri.tech/ords/api/v1/customer/individual/searchprofile,15,0,14
1779799506138,21,GetJuristic,429,Too Many Requests,GetJuristic 5-20,text,false,,417,3533,7,540,https://api-scuda.uat.oci.krungsri.tech/ic/api/v1/customer/juristic/getprofile,21,0,19
1779799506140,21,UpdateIndividual,429,Too Many Requests,UpdateIndividual 4-405,text,false,,417,5647,212,539,https://api-scuda.uat.oci.krungsri.tech/ic/api/v1/customer/individual/updateprofile,21,0,20
1779799505965,206,SearchIndividual,200,OK,SearchIndividual 2-990,text,true,,1185,2602,7,539,https://api-scuda.uat.oci.krungsri.tech/ords/api/v1/customer/individual/searchprofile,200,0,115
1779799505158,1029,GetIndividual,200,OK,GetIndividual 1-551,text,true,,3874,3587,240,541,https://api-scuda.uat.oci.krungsri.tech/ic/api/v1/customer/individual/getprofile,1029,0,20
1779799504350,1837,UpdateIndividual,200,OK,UpdateIndividual 4-335,text,true,,800,5561,211,541,https://api-scuda.uat.oci.krungsri.tech/ic/api/v1/customer/individual/updateprofile,1837,0,33
1779799506179,25,GetIndividual,429,Too Many Requests,GetIndividual 1-612,text,false,,417,3587,239,544,https://api-scuda.uat.oci.krungsri.tech/ic/api/v1/customer/individual/getprofile,25,0,23
1779799506035,173,GetIndividual,429,Too Many Requests,GetIndividual 1-603,text,false,,417,3588,238,543,https://api-scuda.uat.oci.krungsri.tech/ic/api/v1/customer/individual/getprofile,173,0,158
1779799505985,224,GetIndividual,429,Too Many Requests,GetIndividual 1-594,text,false,,417,3588,238,543,https://api-scuda.uat.oci.krungsri.tech/ic/api/v1/customer/individual/getprofile,224,0,210
1779799506191,24,SearchIndividual,429,Too Many Requests,SearchIndividual 2-1006,text,false,,417,2602,10,541,https://api-scuda.uat.oci.krungsri.tech/ords/api/v1/customer/individual/searchprofile,24,0,22
1779799506199,15,SearchIndividual,429,Too Many Requests,SearchIndividual 2-1009,text,false,,417,2602,10,541,https://api-scuda.uat.oci.krungsri.tech/ords/api/v1/customer/individual/searchprofile,15,0,14
1779799506070,149,GetIndividual,429,Too Many Requests,GetIndividual 1-606,text,false,,417,3588,236,539,https://api-scuda.uat.oci.krungsri.tech/ic/api/v1/customer/individual/getprofile,149,0,124
1779799506200,22,SearchIndividual,429,Too Many Requests,SearchIndividual 2-1008,text,false,,417,2602,8,538,https://api-scuda.uat.oci.krungsri.tech/ords/api/v1/customer/individual/searchprofile,22,0,21
1779799506198,34,SearchIndividual,200,OK,SearchIndividual 2-1007,text,true,,1173,2602,7,538,https://api-scuda.uat.oci.krungsri.tech/ords/api/v1/customer/individual/searchprofile,34,0,20
1779799506071,170,SearchIndividual,429,Too Many Requests,SearchIndividual 2-1001,text,false,,417,2602,6,539,https://api-scuda.uat.oci.krungsri.tech/ords/api/v1/customer/individual/searchprofile,170,0,141
1779799506108,134,SearchIndividual,429,Too Many Requests,SearchIndividual 2-1002,text,false,,417,2602,6,539,https://api-scuda.uat.oci.krungsri.tech/ords/api/v1/customer/individual/searchprofile,134,0,104
1779799506019,235,UpdateIndividual,429,Too Many Requests,UpdateIndividual 4-401,text,false,,417,4228,212,538,https://api-scuda.uat.oci.krungsri.tech/ic/api/v1/customer/individual/updateprofile,235,0,173
1779799505287,970,GetJoint,200,OK,GetJoint 9-20,text,true,,1431,3530,12,538,https://api-scuda.uat.oci.krungsri.tech/ic/api/v1/customer/joint/getprofile,970,0,21
1779799506012,249,SearchIndividual,200,OK,SearchIndividual 2-998,text,true,,1163,2602,5,538,https://api-scuda.uat.oci.krungsri.tech/ords/api/v1/customer/individual/searchprofile,249,0,178
1779799505986,277,SearchIndividual,200,OK,SearchIndividual 2-994,text,true,,1215,2602,5,538,https://api-scuda.uat.oci.krungsri.tech/ords/api/v1/customer/individual/searchprofile,277,0,150
1779799504718,1545,GetIndividual,200,OK,GetIndividual 1-532,text,true,,3795,3588,238,537,https://api-scuda.uat.oci.krungsri.tech/ic/api/v1/customer/individual/getprofile,1545,0,20
1779799506263,25,SearchIndividual,200,OK,SearchIndividual 2-1010,text,true,,1165,2602,4,537,https://api-scuda.uat.oci.krungsri.tech/ords/api/v1/customer/individual/searchprofile,25,0,13
1779799506263,37,SearchIndividual,200,OK,SearchIndividual 2-1011,text,true,,1175,2602,4,537,https://api-scuda.uat.oci.krungsri.tech/ords/api/v1/customer/individual/searchprofile,36,0,19
1779799506156,160,SearchIndividual,429,Too Many Requests,SearchIndividual 2-1004,text,false,,417,2602,4,537,https://api-scuda.uat.oci.krungsri.tech/ords/api/v1/customer/individual/searchprofile,160,0,156
1779799506241,76,GetIndividual,429,Too Many Requests,GetIndividual 1-614,text,false,,417,3588,237,537,https://api-scuda.uat.oci.krungsri.tech/ic/api/v1/customer/individual/getprofile,76,0,70
1779799506169,151,SearchIndividual,429,Too Many Requests,SearchIndividual 2-1005,text,false,,417,2602,1,539,https://api-scuda.uat.oci.krungsri.tech/ords/api/v1/customer/individual/searchprofile,151,0,140
1779799506237,83,UpdateIndividual,429,Too Many Requests,UpdateIndividual 4-408,text,false,,417,5611,213,539,https://api-scuda.uat.oci.krungsri.tech/ic/api/v1/customer/individual/updateprofile,83,0,76
1779799506195,126,UpdateIndividual,429,Too Many Requests,UpdateIndividual 4-407,text,false,,417,5539,214,539,https://api-scuda.uat.oci.krungsri.tech/ic/api/v1/customer/individual/updateprofile,126,0,120
1779799506247,75,GetIndividual,429,Too Many Requests,GetIndividual 1-615,text,false,,417,3588,239,540,https://api-scuda.uat.oci.krungsri.tech/ic/api/v1/customer/individual/getprofile,75,0,72
1779799506323,16,GetIndividual,429,Too Many Requests,GetIndividual 1-619,text,false,,417,3588,240,544,https://api-scuda.uat.oci.krungsri.tech/ic/api/v1/customer/individual/getprofile,16,0,13
1779799506324,15,CreateJoint,429,Too Many Requests,CreateJoint 11-21,text,false,,417,5670,15,545,https://api-scuda.uat.oci.krungsri.tech/ic/api/v1/customer/joint/createprofile,15,0,12
1779799505661,704,GetIndividual,200,OK,GetIndividual 1-574,text,true,,3822,3587,240,554,https://api-scuda.uat.oci.krungsri.tech/ic/api/v1/customer/individual/getprofile,704,0,14
1779799504854,1508,UpdateIndividual,200,OK,UpdateIndividual 4-354,text,true,,800,4227,213,552,https://api-scuda.uat.oci.krungsri.tech/ic/api/v1/customer/individual/updateprofile,1508,0,85
1779799506341,20,SearchIndividual,429,Too Many Requests,SearchIndividual 2-1014,text,false,,417,2602,14,552,https://api-scuda.uat.oci.krungsri.tech/ords/api/v1/customer/individual/searchprofile,20,0,14
1779799506334,24,UpdateIndividual,429,Too Many Requests,UpdateIndividual 4-412,text,false,,417,4227,213,551,https://api-scuda.uat.oci.krungsri.tech/ic/api/v1/customer/individual/updateprofile,24,0,22
1779799506333,25,GetIndividual,429,Too Many Requests,GetIndividual 1-621,text,false,,417,3588,240,551,https://api-scuda.uat.oci.krungsri.tech/ic/api/v1/customer/individual/getprofile,25,0,23
1779799506322,32,GetIndividual,429,Too Many Requests,GetIndividual 1-617,text,false,,417,3588,240,551,https://api-scuda.uat.oci.krungsri.tech/ic/api/v1/customer/individual/getprofile,32,0,26
1779799506362,17,SearchIndividual,429,Too Many Requests,SearchIndividual 2-1025,text,false,,417,2601,15,548,https://api-scuda.uat.oci.krungsri.tech/ords/api/v1/customer/individual/searchprofile,17,0,14
1779799506353,34,SearchIndividual,200,OK,SearchIndividual 2-1024,text,true,,1091,2602,16,549,https://api-scuda.uat.oci.krungsri.tech/ords/api/v1/customer/individual/searchprofile,34,0,17
1779799506343,46,SearchIndividual,200,OK,SearchIndividual 2-1018,text,true,,1175,2602,15,548,https://api-scuda.uat.oci.krungsri.tech/ords/api/v1/customer/individual/searchprofile,45,0,26
1779799506343,46,SearchIndividual,200,OK,SearchIndividual 2-1019,text,true,,1108,2601,15,548,https://api-scuda.uat.oci.krungsri.tech/ords/api/v1/customer/individual/searchprofile,46,0,27
1779799504809,1579,UpdateIndividual,200,OK,UpdateIndividual 4-351,text,true,,800,4227,211,548,https://api-scuda.uat.oci.krungsri.tech/ic/api/v1/customer/individual/updateprofile,1579,0,17
1779799506339,57,SearchIndividual,200,OK,SearchIndividual 2-1013,text,true,,1216,2601,14,547,https://api-scuda.uat.oci.krungsri.tech/ords/api/v1/customer/individual/searchprofile,56,0,37
1779799506338,61,SearchIndividual,200,OK,SearchIndividual 2-1012,text,true,,1178,2601,14,548,https://api-scuda.uat.oci.krungsri.tech/ords/api/v1/customer/individual/searchprofile,60,0,37
1779799506343,59,SearchIndividual,200,OK,SearchIndividual 2-1017,text,true,,1181,2602,14,548,https://api-scuda.uat.oci.krungsri.tech/ords/api/v1/customer/individual/searchprofile,58,0,25
1779799506342,61,SearchIndividual,200,OK,SearchIndividual 2-1016,text,true,,1187,2602,13,547,https://api-scuda.uat.oci.krungsri.tech/ords/api/v1/customer/individual/searchprofile,61,0,24
1779799506366,43,SearchIndividual,200,OK,SearchIndividual 2-1026,text,true,,1167,2602,14,548,https://api-scuda.uat.oci.krungsri.tech/ords/api/v1/customer/individual/searchprofile,43,0,16
1779799506345,71,SearchIndividual,429,Too Many Requests,SearchIndividual 2-1020,text,false,,417,2602,15,550,https://api-scuda.uat.oci.krungsri.tech/ords/api/v1/customer/individual/searchprofile,71,0,54
1779799506342,77,SearchIndividual,429,Too Many Requests,SearchIndividual 2-1015,text,false,,417,2602,14,549,https://api-scuda.uat.oci.krungsri.tech/ords/api/v1/customer/individual/searchprofile,77,0,64
1779799506366,58,SearchIndividual,429,Too Many Requests,SearchIndividual 2-1027,text,false,,417,2602,13,549,https://api-scuda.uat.oci.krungsri.tech/ords/api/v1/customer/individual/searchprofile,58,0,53
1779799506394,35,SearchIndividual,429,Too Many Requests,SearchIndividual 2-1030,text,false,,417,2602,12,548,https://api-scuda.uat.oci.krungsri.tech/ords/api/v1/customer/individual/searchprofile,35,0,29
1779799506405,27,SearchIndividual,429,Too Many Requests,SearchIndividual 2-1033,text,false,,417,2601,12,548,https://api-scuda.uat.oci.krungsri.tech/ords/api/v1/customer/individual/searchprofile,27,0,20
1779799506384,58,SearchIndividual,200,OK,SearchIndividual 2-1029,text,true,,1172,2601,12,549,https://api-scuda.uat.oci.krungsri.tech/ords/api/v1/customer/individual/searchprofile,57,0,23
1779799506417,29,GetIndividual,429,Too Many Requests,GetIndividual 1-625,text,false,,417,3588,239,548,https://api-scuda.uat.oci.krungsri.tech/ic/api/v1/customer/individual/getprofile,29,0,19
1779799506408,46,SearchIndividual,429,Too Many Requests,SearchIndividual 2-1034,text,false,,417,2602,12,549,https://api-scuda.uat.oci.krungsri.tech/ords/api/v1/customer/individual/searchprofile,46,0,44
1779799506411,43,SearchIndividual,429,Too Many Requests,SearchIndividual 2-1035,text,false,,417,2602,12,549,https://api-scuda.uat.oci.krungsri.tech/ords/api/v1/customer/individual/searchprofile,43,0,39
1779799506350,109,SearchIndividual,200,OK,SearchIndividual 2-1023,text,true,,1127,2602,10,547,https://api-scuda.uat.oci.krungsri.tech/ords/api/v1/customer/individual/searchprofile,109,0,45
1779799506348,112,SearchIndividual,200,OK,SearchIndividual 2-1022,text,true,,1148,2601,9,546,https://api-scuda.uat.oci.krungsri.tech/ords/api/v1/customer/individual/searchprofile,112,0,45
1779799506346,116,SearchIndividual,200,OK,SearchIndividual 2-1021,text,true,,1177,2602,8,545,https://api-scuda.uat.oci.krungsri.tech/ords/api/v1/customer/individual/searchprofile,116,0,35
1779799505003,1462,UpdateIndividual,200,OK,UpdateIndividual 4-360,text,true,,800,4229,215,546,https://api-scuda.uat.oci.krungsri.tech/ic/api/v1/customer/individual/updateprofile,1462,0,82
1779799505162,1311,UpdateIndividual,200,OK,UpdateIndividual 4-363,text,true,,799,4225,214,545,https://api-scuda.uat.oci.krungsri.tech/ic/api/v1/customer/individual/updateprofile,1311,0,31
1779799505900,577,GetIndividual,200,OK,GetIndividual 1-585,text,true,,3797,3588,239,547,https://api-scuda.uat.oci.krungsri.tech/ic/api/v1/customer/individual/getprofile,577,0,16
1779799506441,42,GetIndividual,429,Too Many Requests,GetIndividual 1-626,text,false,,417,3587,239,547,https://api-scuda.uat.oci.krungsri.tech/ic/api/v1/customer/individual/getprofile,42,0,39
1779799506454,34,SearchIndividual,200,OK,SearchIndividual 2-1039,text,true,,1149,2602,10,546,https://api-scuda.uat.oci.krungsri.tech/ords/api/v1/customer/individual/searchprofile,34,0,18
1779799505682,811,GetIndividual,200,OK,GetIndividual 1-576,text,true,,3859,3588,238,547,https://api-scuda.uat.oci.krungsri.tech/ic/api/v1/customer/individual/getprofile,811,0,24
1779799506478,18,SearchIndividual,429,Too Many Requests,SearchIndividual 2-1042,text,false,,417,2602,11,547,https://api-scuda.uat.oci.krungsri.tech/ords/api/v1/customer/individual/searchprofile,18,0,16
1779799506476,21,GetIndividual,429,Too Many Requests,GetIndividual 1-624,text,false,,417,3588,237,546,https://api-scuda.uat.oci.krungsri.tech/ic/api/v1/customer/individual/getprofile,21,0,19
1779799506466,33,SearchIndividual,429,Too Many Requests,SearchIndividual 2-1040,text,false,,417,2602,11,547,https://api-scuda.uat.oci.krungsri.tech/ords/api/v1/customer/individual/searchprofile,33,0,23
1779799506399,116,SearchIndividual,200,OK,SearchIndividual 2-1031,text,true,,1153,2602,12,551,https://api-scuda.uat.oci.krungsri.tech/ords/api/v1/customer/individual/searchprofile,116,0,94
1779799506475,44,SearchIndividual,429,Too Many Requests,SearchIndividual 2-1041,text,false,,417,2602,11,551,https://api-scuda.uat.oci.krungsri.tech/ords/api/v1/customer/individual/searchprofile,44,0,37
1779799506505,29,SearchIndividual,429,Too Many Requests,SearchIndividual 2-1046,text,false,,417,2602,11,551,https://api-scuda.uat.oci.krungsri.tech/ords/api/v1/customer/individual/searchprofile,29,0,20
1779799506499,36,SearchIndividual,429,Too Many Requests,SearchIndividual 2-1045,text,false,,417,2602,11,551,https://api-scuda.uat.oci.krungsri.tech/ords/api/v1/customer/individual/searchprofile,36,0,30
1779799506495,44,SearchIndividual,429,Too Many Requests,SearchIndividual 2-1044,text,false,,417,2602,10,550,https://api-scuda.uat.oci.krungsri.tech/ords/api/v1/customer/individual/searchprofile,44,0,40
1779799506509,30,SearchIndividual,429,Too Many Requests,SearchIndividual 2-1047,text,false,,417,2602,10,550,https://api-scuda.uat.oci.krungsri.tech/ords/api/v1/customer/individual/searchprofile,30,0,25
1779799506514,26,GetIndividual,429,Too Many Requests,GetIndividual 1-630,text,false,,417,3588,239,549,https://api-scuda.uat.oci.krungsri.tech/ic/api/v1/customer/individual/getprofile,26,0,25
1779799506493,49,SearchIndividual,429,Too Many Requests,SearchIndividual 2-1043,text,false,,417,2602,8,547,https://api-scuda.uat.oci.krungsri.tech/ords/api/v1/customer/individual/searchprofile,49,0,43
1779799506520,22,UpdateIndividual,429,Too Many Requests,UpdateIndividual 4-419,text,false,,417,4228,215,547,https://api-scuda.uat.oci.krungsri.tech/ic/api/v1/customer/individual/updateprofile,22,0,21
1779799506384,160,SearchIndividual,200,OK,SearchIndividual 2-1028,text,true,,1178,2601,7,545,https://api-scuda.uat.oci.krungsri.tech/ords/api/v1/customer/individual/searchprofile,160,0,60
1779799506402,142,SearchIndividual,200,OK,SearchIndividual 2-1032,text,true,,621,2602,7,545,https://api-scuda.uat.oci.krungsri.tech/ords/api/v1/customer/individual/searchprofile,142,0,98
1779799506524,21,SearchIndividual,429,Too Many Requests,SearchIndividual 2-1048,text,false,,417,2602,5,543,https://api-scuda.uat.oci.krungsri.tech/ords/api/v1/customer/individual/searchprofile,21,0,17
1779799506514,41,GetIndividual,429,Too Many Requests,GetIndividual 1-629,text,false,,417,3588,238,543,https://api-scuda.uat.oci.krungsri.tech/ic/api/v1/customer/individual/getprofile,41,0,37
1779799505712,848,UpdateIndividual,200,OK,UpdateIndividual 4-387,text,true,,800,4230,214,543,https://api-scuda.uat.oci.krungsri.tech/ic/api/v1/customer/individual/updateprofile,848,0,22
1779799506131,440,GetIndividual,200,OK,GetIndividual 1-610,text,true,,3830,3587,238,545,https://api-scuda.uat.oci.krungsri.tech/ic/api/v1/customer/individual/getprofile,440,0,90
1779799506547,39,SearchIndividual,200,OK,SearchIndividual 2-1050,text,true,,1162,2601,9,546,https://api-scuda.uat.oci.krungsri.tech/ords/api/v1/customer/individual/searchprofile,38,0,26
1779799505899,690,GetIndividual,200,OK,GetIndividual 1-586,text,true,,3813,3588,237,545,https://api-scuda.uat.oci.krungsri.tech/ic/api/v1/customer/individual/getprofile,690,0,17
1779799505996,597,GetIndividual,200,OK,GetIndividual 1-597,text,true,,3846,3588,236,544,https://api-scuda.uat.oci.krungsri.tech/ic/api/v1/customer/individual/getprofile,597,0,19
1779799506028,564,GetIndividual,200,OK,GetIndividual 1-602,text,true,,3813,3588,236,544,https://api-scuda.uat.oci.krungsri.tech/ic/api/v1/customer/individual/getprofile,564,0,21
1779799505986,607,GetIndividual,200,OK,GetIndividual 1-593,text,true,,3762,3588,236,544,https://api-scuda.uat.oci.krungsri.tech/ic/api/v1/customer/individual/getprofile,607,0,18
1779799506417,186,SearchIndividual,200,OK,SearchIndividual 2-1036,text,true,,1159,2602,8,542,https://api-scuda.uat.oci.krungsri.tech/ords/api/v1/customer/individual/searchprofile,185,0,133
1779799506564,45,SearchIndividual,200,OK,SearchIndividual 2-1051,text,true,,1193,2602,7,543,https://api-scuda.uat.oci.krungsri.tech/ords/api/v1/customer/individual/searchprofile,45,0,23
1779799506568,58,SearchIndividual,200,OK,SearchIndividual 2-1052,text,true,,1191,2602,8,545,https://api-scuda.uat.oci.krungsri.tech/ords/api/v1/customer/individual/searchprofile,58,0,33
1779799506581,49,SearchIndividual,200,OK,SearchIndividual 2-1053,text,true,,1185,2602,7,546,https://api-scuda.uat.oci.krungsri.tech/ords/api/v1/customer/individual/searchprofile,49,0,26
1779799506427,204,UpdateIndividual,429,Too Many Requests,UpdateIndividual 4-415,text,false,,417,4229,215,546,https://api-scuda.uat.oci.krungsri.tech/ic/api/v1/customer/individual/updateprofile,204,0,164
1779799506526,106,CreateIndividual,429,Too Many Requests,CreateIndividual 3-21,text,false,,417,8196,15,546,https://api-scuda.uat.oci.krungsri.tech/ic/api/v1/customer/individual/createprofile,106,0,89
1779799506605,27,UpdateIndividual,429,Too Many Requests,UpdateIndividual 4-421,text,false,,417,5617,215,546,https://api-scuda.uat.oci.krungsri.tech/ic/api/v1/customer/individual/updateprofile,27,0,23
1779799506607,27,GetIndividual,429,Too Many Requests,GetIndividual 1-631,text,false,,417,3588,236,543,https://api-scuda.uat.oci.krungsri.tech/ic/api/v1/customer/individual/getprofile,27,0,24
1779799506431,202,SearchIndividual,200,OK,SearchIndividual 2-1037,text,true,,1237,2602,7,543,https://api-scuda.uat.oci.krungsri.tech/ords/api/v1/customer/individual/searchprofile,202,0,155
1779799506435,200,SearchIndividual,200,OK,SearchIndividual 2-1038,text,true,,1147,2602,6,543,https://api-scuda.uat.oci.krungsri.tech/ords/api/v1/customer/individual/searchprofile,200,0,147
1779799506610,32,UpdateIndividual,429,Too Many Requests,UpdateIndividual 4-422,text,false,,417,4229,215,543,https://api-scuda.uat.oci.krungsri.tech/ic/api/v1/customer/individual/updateprofile,32,0,30
1779799506561,87,GetIndividual,429,Too Many Requests,GetIndividual 1-623,text,false,,417,3587,236,542,https://api-scuda.uat.oci.krungsri.tech/ic/api/v1/customer/individual/getprofile,87,0,84
1779799506495,154,UpdateIndividual,429,Too Many Requests,UpdateIndividual 4-418,text,false,,417,4229,214,541,https://api-scuda.uat.oci.krungsri.tech/ic/api/v1/customer/individual/updateprofile,154,0,122
1779799506616,43,SearchIndividual,429,Too Many Requests,SearchIndividual 2-1055,text,false,,417,2602,5,542,https://api-scuda.uat.oci.krungsri.tech/ords/api/v1/customer/individual/searchprofile,43,0,39
1779799505515,1148,UpdateIndividual,200,OK,UpdateIndividual 4-378,text,true,,800,4229,213,541,https://api-scuda.uat.oci.krungsri.tech/ic/api/v1/customer/individual/updateprofile,1148,0,20
1779799505931,738,GetIndividual,200,OK,GetIndividual 1-592,text,true,,3873,3588,236,541,https://api-scuda.uat.oci.krungsri.tech/ic/api/v1/customer/individual/getprofile,738,0,155
1779799506630,39,GetIndividual,429,Too Many Requests,GetIndividual 1-633,text,false,,417,3588,236,541,https://api-scuda.uat.oci.krungsri.tech/ic/api/v1/customer/individual/getprofile,39,0,33
1779799506620,60,GetJuristic,429,Too Many Requests,GetJuristic 5-21,text,false,,417,3533,7,540,https://api-scuda.uat.oci.krungsri.tech/ic/api/v1/customer/juristic/getprofile,60,0,45
1779799506586,94,SearchIndividual,429,Too Many Requests,SearchIndividual 2-1054,text,false,,417,2602,5,540,https://api-scuda.uat.oci.krungsri.tech/ords/api/v1/customer/individual/searchprofile,94,0,80
1779799506514,167,GetIndividual,429,Too Many Requests,GetIndividual 1-628,text,false,,417,3588,234,540,https://api-scuda.uat.oci.krungsri.tech/ic/api/v1/customer/individual/getprofile,167,0,150
1779799506186,500,GetIndividual,200,OK,GetIndividual 1-613,text,true,,3871,3588,233,538,https://api-scuda.uat.oci.krungsri.tech/ic/api/v1/customer/individual/getprofile,500,0,87
1779799506632,60,SearchIndividual,429,Too Many Requests,SearchIndividual 2-1057,text,false,,417,2601,5,537,https://api-scuda.uat.oci.krungsri.tech/ords/api/v1/customer/individual/searchprofile,60,0,58
1779799506658,37,SearchJuristic,200,OK,SearchJuristic 6-21,text,true,,1015,2600,1,536,https://api-scuda.uat.oci.krungsri.tech/ords/api/v1/customer/juristic/searchprofile,37,0,22
1779799506539,164,SearchIndividual,200,OK,SearchIndividual 2-1049,text,true,,1223,2602,5,536,https://api-scuda.uat.oci.krungsri.tech/ords/api/v1/customer/individual/searchprofile,164,0,107
1779799506673,32,SearchIndividual,200,OK,SearchIndividual 2-1058,text,true,,1193,2602,4,535,https://api-scuda.uat.oci.krungsri.tech/ords/api/v1/customer/individual/searchprofile,32,0,17
1779799506641,81,UpdateIndividual,429,Too Many Requests,UpdateIndividual 4-425,text,false,,417,4227,213,538,https://api-scuda.uat.oci.krungsri.tech/ic/api/v1/customer/individual/updateprofile,81,0,75
1779799506641,82,UpdateIndividual,429,Too Many Requests,UpdateIndividual 4-424,text,false,,417,4229,213,538,https://api-scuda.uat.oci.krungsri.tech/ic/api/v1/customer/individual/updateprofile,82,0,76
1779799506655,69,GetIndividual,429,Too Many Requests,GetIndividual 1-635,text,false,,417,3588,232,537,https://api-scuda.uat.oci.krungsri.tech/ic/api/v1/customer/individual/getprofile,69,0,63
1779799506703,24,SearchIndividual,429,Too Many Requests,SearchIndividual 2-1060,text,false,,417,2602,7,536,https://api-scuda.uat.oci.krungsri.tech/ords/api/v1/customer/individual/searchprofile,24,0,23
1779799506685,45,SearchIndividual,429,Too Many Requests,SearchIndividual 2-1059,text,false,,417,2601,7,536,https://api-scuda.uat.oci.krungsri.tech/ords/api/v1/customer/individual/searchprofile,45,0,39
1779799506716,19,SearchIndividual,429,Too Many Requests,SearchIndividual 2-1063,text,false,,417,2602,7,537,https://api-scuda.uat.oci.krungsri.tech/ords/api/v1/customer/individual/searchprofile,19,0,17
1779799506623,116,SearchIndividual,200,OK,SearchIndividual 2-1056,text,true,,1149,2602,6,537,https://api-scuda.uat.oci.krungsri.tech/ords/api/v1/customer/individual/searchprofile,115,0,86
1779799506709,38,SearchIndividual,200,OK,SearchIndividual 2-1061,text,true,,1141,2602,5,539,https://api-scuda.uat.oci.krungsri.tech/ords/api/v1/customer/individual/searchprofile,38,0,24
1779799506736,17,SearchIndividual,429,Too Many Requests,SearchIndividual 2-1066,text,false,,417,2602,4,538,https://api-scuda.uat.oci.krungsri.tech/ords/api/v1/customer/individual/searchprofile,17,0,15
1779799506717,38,SearchIndividual,200,OK,SearchIndividual 2-1064,text,true,,1179,2600,4,538,https://api-scuda.uat.oci.krungsri.tech/ords/api/v1/customer/individual/searchprofile,38,0,24
1779799506716,40,SearchIndividual,200,OK,SearchIndividual 2-1062,text,true,,1157,2602,3,537,https://api-scuda.uat.oci.krungsri.tech/ords/api/v1/customer/individual/searchprofile,38,0,27
1779799506732,29,SearchIndividual,429,Too Many Requests,SearchIndividual 2-1065,text,false,,417,2602,2,536,https://api-scuda.uat.oci.krungsri.tech/ords/api/v1/customer/individual/searchprofile,29,0,27
1779799506747,20,UpdateIndividual,429,Too Many Requests,UpdateIndividual 4-427,text,false,,417,4227,214,536,https://api-scuda.uat.oci.krungsri.tech/ic/api/v1/customer/individual/updateprofile,20,0,16
1779799506773,18,UpdateIndividual,429,Too Many Requests,UpdateIndividual 4-428,text,false,,417,4226,216,542,https://api-scuda.uat.oci.krungsri.tech/ic/api/v1/customer/individual/updateprofile,18,0,17
1779799506757,36,SearchIndividual,200,OK,SearchIndividual 2-1067,text,true,,1195,2602,3,541,https://api-scuda.uat.oci.krungsri.tech/ords/api/v1/customer/individual/searchprofile,36,0,16
1779799506115,680,GetIndividual,200,OK,GetIndividual 1-608,text,true,,3831,3588,236,540,https://api-scuda.uat.oci.krungsri.tech/ic/api/v1/customer/individual/getprofile,680,0,164
1779799506777,33,SearchIndividual,429,Too Many Requests,SearchIndividual 2-1068,text,false,,417,2602,4,545,https://api-scuda.uat.oci.krungsri.tech/ords/api/v1/customer/individual/searchprofile,33,0,31
1779799506799,35,GetIndividual,429,Too Many Requests,GetIndividual 1-641,text,false,,417,3588,239,550,https://api-scuda.uat.oci.krungsri.tech/ic/api/v1/customer/individual/getprofile,35,0,31
1779799506805,30,UpdateIndividual,429,Too Many Requests,UpdateIndividual 4-431,text,false,,417,4229,217,550,https://api-scuda.uat.oci.krungsri.tech/ic/api/v1/customer/individual/updateprofile,30,0,24
1779799506836,33,SearchIndividual,429,Too Many Requests,SearchIndividual 2-1076,text,false,,417,2602,9,553,https://api-scuda.uat.oci.krungsri.tech/ords/api/v1/customer/individual/searchprofile,33,0,22
1779799506822,45,SearchIndividual,429,Too Many Requests,SearchIndividual 2-1073,text,false,,417,2602,9,553,https://api-scuda.uat.oci.krungsri.tech/ords/api/v1/customer/individual/searchprofile,45,0,33
1779799506629,237,GetIndividual,200,OK,GetIndividual 1-632,text,true,,3878,3588,239,553,https://api-scuda.uat.oci.krungsri.tech/ic/api/v1/customer/individual/getprofile,237,0,27
1779799506820,45,GetIndividual,429,Too Many Requests,GetIndividual 1-644,text,false,,417,3588,239,553,https://api-scuda.uat.oci.krungsri.tech/ic/api/v1/customer/individual/getprofile,45,0,34
1779799506792,72,UpdateIndividual,429,Too Many Requests,UpdateIndividual 4-429,text,false,,417,5536,218,553,https://api-scuda.uat.oci.krungsri.tech/ic/api/v1/customer/individual/updateprofile,72,0,51
1779799506808,53,GetIndividual,429,Too Many Requests,GetIndividual 1-643,text,false,,417,3588,238,551,https://api-scuda.uat.oci.krungsri.tech/ic/api/v1/customer/individual/getprofile,53,0,38
1779799506784,68,SearchIndividual,429,Too Many Requests,SearchIndividual 2-1069,text,false,,417,2602,8,550,https://api-scuda.uat.oci.krungsri.tech/ords/api/v1/customer/individual/searchprofile,68,0,66
1779799506792,59,UpdateIndividual,429,Too Many Requests,UpdateIndividual 4-430,text,false,,417,4227,217,550,https://api-scuda.uat.oci.krungsri.tech/ic/api/v1/customer/individual/updateprofile,59,0,49
1779799506806,71,SearchIndividual,200,OK,SearchIndividual 2-1071,text,true,,1169,2602,9,551,https://api-scuda.uat.oci.krungsri.tech/ords/api/v1/customer/individual/searchprofile,71,0,39
1779799506802,77,SearchIndividual,200,OK,SearchIndividual 2-1070,text,true,,1213,2602,8,550,https://api-scuda.uat.oci.krungsri.tech/ords/api/v1/customer/individual/searchprofile,77,0,46
1779799506824,59,SearchIndividual,200,OK,SearchIndividual 2-1074,text,true,,1217,2602,7,549,https://api-scuda.uat.oci.krungsri.tech/ords/api/v1/customer/individual/searchprofile,59,0,42
1779799505997,887,GetIndividual,200,OK,GetIndividual 1-598,text,true,,3839,3588,237,548,https://api-scuda.uat.oci.krungsri.tech/ic/api/v1/customer/individual/getprofile,887,0,147
1779799506257,627,GetIndividual,200,OK,GetIndividual 1-616,text,true,,3883,3588,237,548,https://api-scuda.uat.oci.krungsri.tech/ic/api/v1/customer/individual/getprofile,627,0,20
1779799506321,566,GetJoint,200,OK,GetJoint 9-21,text,true,,1428,3529,12,547,https://api-scuda.uat.oci.krungsri.tech/ic/api/v1/customer/joint/getprofile,566,0,28
1779799493917,12968,CreateIndividual,201,Created,CreateIndividual 3-3,text,true,,1172,8148,15,547,https://api-scuda.uat.oci.krungsri.tech/ic/api/v1/customer/individual/createprofile,12968,0,34
1779799505783,1108,UpdateIndividual,200,OK,UpdateIndividual 4-390,text,true,,799,5598,216,547,https://api-scuda.uat.oci.krungsri.tech/ic/api/v1/customer/individual/updateprofile,1108,0,40
1779799506827,68,SearchIndividual,200,OK,SearchIndividual 2-1075,text,true,,1159,2602,8,546,https://api-scuda.uat.oci.krungsri.tech/ords/api/v1/customer/individual/searchprofile,68,0,56
1779799506858,38,SearchIndividual,200,OK,SearchIndividual 2-1077,text,true,,1237,2602,7,545,https://api-scuda.uat.oci.krungsri.tech/ords/api/v1/customer/individual/searchprofile,38,0,27
1779799501579,5317,GetIndividual,200,OK,GetIndividual 1-371,text,true,,3843,3588,236,544,https://api-scuda.uat.oci.krungsri.tech/ic/api/v1/customer/individual/getprofile,5317,0,65
1779799506889,22,SearchIndividual,429,Too Many Requests,SearchIndividual 2-1081,text,false,,417,2602,7,546,https://api-scuda.uat.oci.krungsri.tech/ords/api/v1/customer/individual/searchprofile,22,0,20
1779799506891,47,SearchIndividual,429,Too Many Requests,SearchIndividual 2-1082,text,false,,417,2601,9,551,https://api-scuda.uat.oci.krungsri.tech/ords/api/v1/customer/individual/searchprofile,47,0,42
1779799506870,69,UpdateIndividual,429,Too Many Requests,UpdateIndividual 4-434,text,false,,417,5594,217,551,https://api-scuda.uat.oci.krungsri.tech/ic/api/v1/customer/individual/updateprofile,69,0,64
1779799506877,62,SearchIndividual,429,Too Many Requests,SearchIndividual 2-1079,text,false,,417,2602,8,551,https://api-scuda.uat.oci.krungsri.tech/ords/api/v1/customer/individual/searchprofile,62,0,55
1779799506918,36,GetIndividual,429,Too Many Requests,GetIndividual 1-649,text,false,,417,3587,238,551,https://api-scuda.uat.oci.krungsri.tech/ic/api/v1/customer/individual/getprofile,36,0,32
1779799506920,36,SearchIndividual,200,OK,SearchIndividual 2-1084,text,true,,1181,2602,7,550,https://api-scuda.uat.oci.krungsri.tech/ords/api/v1/customer/individual/searchprofile,35,0,23
1779799506329,631,UpdateIndividual,200,OK,UpdateIndividual 4-411,text,true,,800,5616,218,549,https://api-scuda.uat.oci.krungsri.tech/ic/api/v1/customer/individual/updateprofile,631,0,35
1779799506932,41,SearchIndividual,429,Too Many Requests,SearchIndividual 2-1086,text,false,,417,2601,6,548,https://api-scuda.uat.oci.krungsri.tech/ords/api/v1/customer/individual/searchprofile,41,0,38
1779799505928,1046,UpdateIndividual,200,OK,UpdateIndividual 4-396,text,true,,800,5540,217,549,https://api-scuda.uat.oci.krungsri.tech/ic/api/v1/customer/individual/updateprofile,1046,0,180
1779799506150,838,UpdateJoint,200,OK,UpdateJoint 12-20,text,true,,800,3614,13,547,https://api-scuda.uat.oci.krungsri.tech/ic/api/v1/customer/joint/updateprofile,838,0,20
1779799506778,210,GetIndividual,200,OK,GetIndividual 1-640,text,true,,3867,3588,238,547,https://api-scuda.uat.oci.krungsri.tech/ic/api/v1/customer/individual/getprofile,210,0,29
1779799506749,240,GetJuristic,200,OK,GetJuristic 5-22,text,true,,3465,3533,8,548,https://api-scuda.uat.oci.krungsri.tech/ic/api/v1/customer/juristic/getprofile,240,0,21
1779799506738,252,GetIndividual,200,OK,GetIndividual 1-637,text,true,,3849,3588,239,548,https://api-scuda.uat.oci.krungsri.tech/ic/api/v1/customer/individual/getprofile,252,0,21
1779799506469,522,UpdateIndividual,200,OK,UpdateIndividual 4-417,text,true,,800,4229,216,545,https://api-scuda.uat.oci.krungsri.tech/ic/api/v1/customer/individual/updateprofile,522,0,19
1779799506641,356,GetIndividual,200,OK,GetIndividual 1-634,text,true,,3938,3587,238,545,https://api-scuda.uat.oci.krungsri.tech/ic/api/v1/customer/individual/getprofile,356,0,29
1779799507001,25,GetIndividual,429,Too Many Requests,GetIndividual 1-654,text,false,,417,3588,238,549,https://api-scuda.uat.oci.krungsri.tech/ic/api/v1/customer/individual/getprofile,25,0,23
1779799507006,23,SearchIndividual,429,Too Many Requests,SearchIndividual 2-1087,text,false,,417,2602,8,549,https://api-scuda.uat.oci.krungsri.tech/ords/api/v1/customer/individual/searchprofile,23,0,22
1779799507018,20,UpdateIndividual,429,Too Many Requests,UpdateIndividual 4-439,text,false,,417,4229,216,548,https://api-scuda.uat.oci.krungsri.tech/ic/api/v1/customer/individual/updateprofile,20,0,16
1779799507027,23,SearchIndividual,429,Too Many Requests,SearchIndividual 2-1089,text,false,,417,2602,8,551,https://api-scuda.uat.oci.krungsri.tech/ords/api/v1/customer/individual/searchprofile,23,0,20
1779799506675,382,UpdateIndividual,200,OK,UpdateIndividual 4-420,text,true,,800,5534,217,551,https://api-scuda.uat.oci.krungsri.tech/ic/api/v1/customer/individual/updateprofile,382,0,32
1779799494475,12584,UpdateIndividual,200,OK,UpdateIndividual 4-75,text,true,,800,5559,216,550,https://api-scuda.uat.oci.krungsri.tech/ic/api/v1/customer/individual/updateprofile,12584,0,24
1779799506899,166,GetIndividual,200,OK,GetIndividual 1-648,text,true,,3803,3588,240,550,https://api-scuda.uat.oci.krungsri.tech/ic/api/v1/customer/individual/getprofile,166,0,31
1779799504687,2381,CreateJoint,200,OK,CreateJoint 11-19,text,true,,1769,5838,15,549,https://api-scuda.uat.oci.krungsri.tech/ic/api/v1/customer/joint/createprofile,2381,0,27
1779799506823,262,UpdateIndividual,200,OK,UpdateIndividual 4-432,text,true,,800,4228,215,551,https://api-scuda.uat.oci.krungsri.tech/ic/api/v1/customer/individual/updateprofile,262,0,47
1779799506886,202,GetIndividual,200,OK,GetIndividual 1-647,text,true,,3895,3588,242,551,https://api-scuda.uat.oci.krungsri.tech/ic/api/v1/customer/individual/getprofile,202,0,42
1779799507061,29,GetIndividual,429,Too Many Requests,GetIndividual 1-657,text,false,,417,3588,241,550,https://api-scuda.uat.oci.krungsri.tech/ic/api/v1/customer/individual/getprofile,29,0,27
1779799507062,37,UpdateIndividual,429,Too Many Requests,UpdateIndividual 4-441,text,false,,417,4227,215,549,https://api-scuda.uat.oci.krungsri.tech/ic/api/v1/customer/individual/updateprofile,37,0,35
1779799507046,58,SearchIndividual,200,OK,SearchIndividual 2-1090,text,true,,1183,2602,8,549,https://api-scuda.uat.oci.krungsri.tech/ords/api/v1/customer/individual/searchprofile,58,0,34
1779799507104,20,SearchIndividual,429,Too Many Requests,SearchIndividual 2-1091,text,false,,417,2602,11,557,https://api-scuda.uat.oci.krungsri.tech/ords/api/v1/customer/individual/searchprofile,20,0,18
1779799507110,20,GetIndividual,429,Too Many Requests,GetIndividual 1-662,text,false,,417,3588,242,557,https://api-scuda.uat.oci.krungsri.tech/ic/api/v1/customer/individual/getprofile,20,0,18
1779799507109,23,GetIndividual,429,Too Many Requests,GetIndividual 1-661,text,false,,417,3588,242,557,https://api-scuda.uat.oci.krungsri.tech/ic/api/v1/customer/individual/getprofile,23,0,22
1779799507112,22,SearchIndividual,429,Too Many Requests,SearchIndividual 2-1092,text,false,,417,2602,12,557,https://api-scuda.uat.oci.krungsri.tech/ords/api/v1/customer/individual/searchprofile,22,0,21
1779799507115,22,SearchIndividual,429,Too Many Requests,SearchIndividual 2-1094,text,false,,417,2601,11,556,https://api-scuda.uat.oci.krungsri.tech/ords/api/v1/customer/individual/searchprofile,22,0,21
1779799507124,15,SearchIndividual,429,Too Many Requests,SearchIndividual 2-1095,text,false,,417,2602,10,555,https://api-scuda.uat.oci.krungsri.tech/ords/api/v1/customer/individual/searchprofile,15,0,13
1779799506751,409,UpdateIndividual,200,OK,UpdateIndividual 4-423,text,true,,800,5601,216,558,https://api-scuda.uat.oci.krungsri.tech/ic/api/v1/customer/individual/updateprofile,409,0,23
1779799493441,13720,GetIndividual,200,OK,GetIndividual 1-87,text,true,,3819,3588,243,557,https://api-scuda.uat.oci.krungsri.tech/ic/api/v1/customer/individual/getprofile,13720,0,86
1779799506991,179,GetIndividual,200,OK,GetIndividual 1-652,text,true,,3849,3588,242,557,https://api-scuda.uat.oci.krungsri.tech/ic/api/v1/customer/individual/getprofile,179,0,23
1779799495111,12059,GetIndividual,200,OK,GetIndividual 1-132,text,true,,3837,3588,242,557,https://api-scuda.uat.oci.krungsri.tech/ic/api/v1/customer/individual/getprofile,12059,0,63
1779799498389,8791,UpdateIndividual,200,OK,UpdateIndividual 4-156,text,true,,800,4229,216,556,https://api-scuda.uat.oci.krungsri.tech/ic/api/v1/customer/individual/updateprofile,8791,0,32
1779799506874,312,GetJuristic,200,OK,GetJuristic 5-23,text,true,,3490,3533,8,556,https://api-scuda.uat.oci.krungsri.tech/ic/api/v1/customer/juristic/getprofile,312,0,31
1779799507047,141,GetIndividual,200,OK,GetIndividual 1-656,text,true,,3835,3588,241,555,https://api-scuda.uat.oci.krungsri.tech/ic/api/v1/customer/individual/getprofile,141,0,21
1779799506992,200,GetIndividual,200,OK,GetIndividual 1-653,text,true,,3854,3588,241,555,https://api-scuda.uat.oci.krungsri.tech/ic/api/v1/customer/individual/getprofile,200,0,32
1779799504160,3039,GetJoint,200,OK,GetJoint 9-18,text,true,,1431,3530,12,554,https://api-scuda.uat.oci.krungsri.tech/ic/api/v1/customer/joint/getprofile,3039,0,29
1779799507180,26,UpdateIndividual,429,Too Many Requests,UpdateIndividual 4-445,text,false,,417,5563,215,553,https://api-scuda.uat.oci.krungsri.tech/ic/api/v1/customer/individual/updateprofile,26,0,24
1779799507191,20,GetIndividual,429,Too Many Requests,GetIndividual 1-667,text,false,,417,3588,240,552,https://api-scuda.uat.oci.krungsri.tech/ic/api/v1/customer/individual/getprofile,20,0,18
1779799507221,22,UpdateIndividual,429,Too Many Requests,UpdateIndividual 4-446,text,false,,417,5557,216,560,https://api-scuda.uat.oci.krungsri.tech/ic/api/v1/customer/individual/updateprofile,22,0,20
1779799507222,21,GetIndividual,429,Too Many Requests,GetIndividual 1-668,text,false,,417,3588,242,560,https://api-scuda.uat.oci.krungsri.tech/ic/api/v1/customer/individual/getprofile,21,0,20
1779799507223,38,SearchIndividual,429,Too Many Requests,SearchIndividual 2-1098,text,false,,417,2602,14,561,https://api-scuda.uat.oci.krungsri.tech/ords/api/v1/customer/individual/searchprofile,38,0,36
1779799507229,40,SearchIndividual,200,OK,SearchIndividual 2-1099,text,true,,1161,2602,13,560,https://api-scuda.uat.oci.krungsri.tech/ords/api/v1/customer/individual/searchprofile,40,0,23
1779799506974,295,GetIndividual,200,OK,GetIndividual 1-651,text,true,,3892,3588,241,560,https://api-scuda.uat.oci.krungsri.tech/ic/api/v1/customer/individual/getprofile,295,0,28
1779799507246,25,SearchIndividual,429,Too Many Requests,SearchIndividual 2-1101,text,false,,417,2602,12,558,https://api-scuda.uat.oci.krungsri.tech/ords/api/v1/customer/individual/searchprofile,25,0,23
1779799506734,552,UpdateIndividual,200,OK,UpdateIndividual 4-426,text,true,,800,4230,217,559,https://api-scuda.uat.oci.krungsri.tech/ic/api/v1/customer/individual/updateprofile,552,0,21
1779799507046,241,GetJoint,200,OK,GetJoint 9-22,text,true,,1431,3530,12,558,https://api-scuda.uat.oci.krungsri.tech/ic/api/v1/customer/joint/getprofile,241,0,22
1779799504803,2487,GetIndividual,200,OK,GetIndividual 1-534,text,true,,3857,3588,241,558,https://api-scuda.uat.oci.krungsri.tech/ic/api/v1/customer/individual/getprofile,2487,0,17
1779799507281,22,SearchIndividual,200,OK,SearchIndividual 2-1103,text,true,,1145,2602,13,558,https://api-scuda.uat.oci.krungsri.tech/ords/api/v1/customer/individual/searchprofile,21,0,11
1779799507345,22,SearchIndividual,429,Too Many Requests,SearchIndividual 2-1113,text,false,,417,2602,25,571,https://api-scuda.uat.oci.krungsri.tech/ords/api/v1/customer/individual/searchprofile,22,0,21
1779799507342,24,UpdateIndividual,429,Too Many Requests,UpdateIndividual 4-450,text,false,,417,5662,217,571,https://api-scuda.uat.oci.krungsri.tech/ic/api/v1/customer/individual/updateprofile,24,0,21
1779799507333,28,SearchIndividual,429,Too Many Requests,SearchIndividual 2-1111,text,false,,417,2602,25,571,https://api-scuda.uat.oci.krungsri.tech/ords/api/v1/customer/individual/searchprofile,28,0,25
1779799507310,38,SearchIndividual,429,Too Many Requests,SearchIndividual 2-1107,text,false,,417,2602,22,568,https://api-scuda.uat.oci.krungsri.tech/ords/api/v1/customer/individual/searchprofile,38,0,36
1779799504073,3312,GetIndividual,200,OK,GetIndividual 1-491,text,true,,3809,3588,241,570,https://api-scuda.uat.oci.krungsri.tech/ic/api/v1/customer/individual/getprofile,3312,0,32
1779799507141,248,GetIndividual,200,OK,GetIndividual 1-664,text,true,,3807,3588,240,569,https://api-scuda.uat.oci.krungsri.tech/ic/api/v1/customer/individual/getprofile,248,0,25
1779799507376,27,GetIndividual,429,Too Many Requests,GetIndividual 1-672,text,false,,417,3588,240,569,https://api-scuda.uat.oci.krungsri.tech/ic/api/v1/customer/individual/getprofile,27,0,22
1779799507394,19,GetIndividual,429,Too Many Requests,GetIndividual 1-673,text,false,,417,3588,240,570,https://api-scuda.uat.oci.krungsri.tech/ic/api/v1/customer/individual/getprofile,19,0,15
1779799507383,34,SearchIndividual,429,Too Many Requests,SearchIndividual 2-1118,text,false,,417,2602,25,571,https://api-scuda.uat.oci.krungsri.tech/ords/api/v1/customer/individual/searchprofile,34,0,22
1779799507410,19,SearchIndividual,429,Too Many Requests,SearchIndividual 2-1119,text,false,,417,2602,26,575,https://api-scuda.uat.oci.krungsri.tech/ords/api/v1/customer/individual/searchprofile,19,0,17
1779799507428,20,SearchIndividual,429,Too Many Requests,SearchIndividual 2-1121,text,false,,417,2602,26,578,https://api-scuda.uat.oci.krungsri.tech/ords/api/v1/customer/individual/searchprofile,20,0,18
1779799507430,19,UpdateIndividual,429,Too Many Requests,UpdateIndividual 4-452,text,false,,417,4229,219,578,https://api-scuda.uat.oci.krungsri.tech/ic/api/v1/customer/individual/updateprofile,19,0,17
1779799507435,16,GetIndividual,429,Too Many Requests,GetIndividual 1-678,text,false,,417,3588,244,576,https://api-scuda.uat.oci.krungsri.tech/ic/api/v1/customer/individual/getprofile,16,0,14
1779799507429,31,SearchIndividual,200,OK,SearchIndividual 2-1122,text,true,,1151,2602,26,576,https://api-scuda.uat.oci.krungsri.tech/ords/api/v1/customer/individual/searchprofile,31,0,20
1779799507461,23,SearchIndividual,429,Too Many Requests,SearchIndividual 2-1124,text,false,,417,2602,27,577,https://api-scuda.uat.oci.krungsri.tech/ords/api/v1/customer/individual/searchprofile,23,0,20
1779799507051,434,UpdateIndividual,200,OK,UpdateIndividual 4-440,text,true,,800,5634,218,577,https://api-scuda.uat.oci.krungsri.tech/ic/api/v1/customer/individual/updateprofile,434,0,24
1779799507160,335,GetIndividual,200,OK,GetIndividual 1-665,text,true,,3865,3588,245,579,https://api-scuda.uat.oci.krungsri.tech/ic/api/v1/customer/individual/getprofile,335,0,75
1779799507472,23,SearchIndividual,429,Too Many Requests,SearchIndividual 2-1126,text,false,,417,2602,27,579,https://api-scuda.uat.oci.krungsri.tech/ords/api/v1/customer/individual/searchprofile,23,0,22
1779799507502,24,GetIndividual,429,Too Many Requests,GetIndividual 1-682,text,false,,417,3588,247,584,https://api-scuda.uat.oci.krungsri.tech/ic/api/v1/customer/individual/getprofile,24,0,22
1779799505330,2256,UpdateIndividual,200,OK,UpdateIndividual 4-371,text,true,,800,4228,219,583,https://api-scuda.uat.oci.krungsri.tech/ic/api/v1/customer/individual/updateprofile,2256,0,19
1779799506090,1497,UpdateIndividual,200,OK,UpdateIndividual 4-402,text,true,,800,4229,218,582,https://api-scuda.uat.oci.krungsri.tech/ic/api/v1/customer/individual/updateprofile,1497,0,25
1779799500168,7418,GetIndividual,200,OK,GetIndividual 1-306,text,true,,3775,3588,246,582,https://api-scuda.uat.oci.krungsri.tech/ic/api/v1/customer/individual/getprofile,7418,0,20
1779799507127,477,SearchIndividual,200,OK,SearchIndividual 2-1096,text,true,,1243,2602,34,590,https://api-scuda.uat.oci.krungsri.tech/ords/api/v1/customer/individual/searchprofile,476,0,51
1779799507253,374,SearchIndividual,200,OK,SearchIndividual 2-1102,text,true,,1225,2602,37,593,https://api-scuda.uat.oci.krungsri.tech/ords/api/v1/customer/individual/searchprofile,374,0,226
1779799507592,40,SearchIndividual,429,Too Many Requests,SearchIndividual 2-1134,text,false,,417,2602,37,593,https://api-scuda.uat.oci.krungsri.tech/ords/api/v1/customer/individual/searchprofile,40,0,34
1779799507593,40,SearchIndividual,200,OK,SearchIndividual 2-1133,text,true,,1173,2602,37,593,https://api-scuda.uat.oci.krungsri.tech/ords/api/v1/customer/individual/searchprofile,40,0,25
1779799507624,21,SearchIndividual,429,Too Many Requests,SearchIndividual 2-1138,text,false,,417,2602,37,594,https://api-scuda.uat.oci.krungsri.tech/ords/api/v1/customer/individual/searchprofile,21,0,20
1779799507333,313,SearchIndividual,200,OK,SearchIndividual 2-1110,text,true,,1187,2602,37,594,https://api-scuda.uat.oci.krungsri.tech/ords/api/v1/customer/individual/searchprofile,313,0,68
1779799507361,311,SearchIndividual,200,OK,SearchIndividual 2-1117,text,true,,1211,2602,38,596,https://api-scuda.uat.oci.krungsri.tech/ords/api/v1/customer/individual/searchprofile,310,0,148
1779799507507,166,SearchIndividual,200,OK,SearchIndividual 2-1128,text,true,,1195,2602,37,595,https://api-scuda.uat.oci.krungsri.tech/ords/api/v1/customer/individual/searchprofile,164,0,81
1779799507624,51,SearchIndividual,200,OK,SearchIndividual 2-1137,text,true,,1111,2602,36,594,https://api-scuda.uat.oci.krungsri.tech/ords/api/v1/customer/individual/searchprofile,50,0,19
1779799507360,324,SearchIndividual,200,OK,SearchIndividual 2-1116,text,true,,1175,2602,38,596,https://api-scuda.uat.oci.krungsri.tech/ords/api/v1/customer/individual/searchprofile,323,0,139
1779799507243,444,GetIndividual,200,OK,GetIndividual 1-670,text,true,,3917,3588,247,595,https://api-scuda.uat.oci.krungsri.tech/ic/api/v1/customer/individual/getprofile,444,0,31
1779799507156,532,UpdateJoint,200,OK,UpdateJoint 12-22,text,true,,800,4558,14,595,https://api-scuda.uat.oci.krungsri.tech/ic/api/v1/customer/joint/updateprofile,532,0,36
1779799507418,272,GetIndividual,200,OK,GetIndividual 1-675,text,true,,3893,3588,246,593,https://api-scuda.uat.oci.krungsri.tech/ic/api/v1/customer/individual/getprofile,272,0,21
1779799504781,2910,UpdateIndividual,200,OK,UpdateIndividual 4-350,text,true,,800,5551,220,592,https://api-scuda.uat.oci.krungsri.tech/ic/api/v1/customer/individual/updateprofile,2910,0,22
1779799494173,13520,UpdateIndividual,200,OK,UpdateIndividual 4-21,text,true,,800,5526,220,592,https://api-scuda.uat.oci.krungsri.tech/ic/api/v1/customer/individual/updateprofile,13520,0,33
1779799501089,6603,GetIndividual,200,OK,GetIndividual 1-346,text,true,,3909,3588,245,592,https://api-scuda.uat.oci.krungsri.tech/ic/api/v1/customer/individual/getprofile,6603,0,26
1779799507416,281,SearchIndividual,200,OK,SearchIndividual 2-1120,text,true,,1205,2602,37,589,https://api-scuda.uat.oci.krungsri.tech/ords/api/v1/customer/individual/searchprofile,274,0,112
1779799507496,205,SearchIndividual,200,OK,SearchIndividual 2-1127,text,true,,1159,2602,36,589,https://api-scuda.uat.oci.krungsri.tech/ords/api/v1/customer/individual/searchprofile,204,0,91
1779799507648,72,SearchIndividual,200,OK,SearchIndividual 2-1143,text,true,,1191,2602,37,595,https://api-scuda.uat.oci.krungsri.tech/ords/api/v1/customer/individual/searchprofile,72,0,61
1779799507671,57,SearchIndividual,429,Too Many Requests,SearchIndividual 2-1145,text,false,,417,2602,36,599,https://api-scuda.uat.oci.krungsri.tech/ords/api/v1/customer/individual/searchprofile,57,0,44
1779799507304,422,SearchIndividual,200,OK,SearchIndividual 2-1105,text,true,,1129,2600,36,599,https://api-scuda.uat.oci.krungsri.tech/ords/api/v1/customer/individual/searchprofile,421,0,282
1779799507304,432,SearchIndividual,200,OK,SearchIndividual 2-1104,text,true,,1183,2600,34,600,https://api-scuda.uat.oci.krungsri.tech/ords/api/v1/customer/individual/searchprofile,431,0,285
1779799507681,57,SearchIndividual,200,OK,SearchIndividual 2-1147,text,true,,1170,2601,35,601,https://api-scuda.uat.oci.krungsri.tech/ords/api/v1/customer/individual/searchprofile,56,0,42
1779799507720,18,GetIndividual,429,Too Many Requests,GetIndividual 1-692,text,false,,417,3588,251,601,https://api-scuda.uat.oci.krungsri.tech/ic/api/v1/customer/individual/getprofile,18,0,16
1779799507309,433,SearchIndividual,200,OK,SearchIndividual 2-1106,text,true,,1139,2602,34,599,https://api-scuda.uat.oci.krungsri.tech/ords/api/v1/customer/individual/searchprofile,432,0,279
1779799507721,26,SearchIndividual,200,OK,SearchIndividual 2-1150,text,true,,1195,2602,34,599,https://api-scuda.uat.oci.krungsri.tech/ords/api/v1/customer/individual/searchprofile,26,0,14
1779799507321,427,SearchIndividual,200,OK,SearchIndividual 2-1109,text,true,,1183,2602,33,598,https://api-scuda.uat.oci.krungsri.tech/ords/api/v1/customer/individual/searchprofile,426,0,285
1779799507333,416,SearchIndividual,200,OK,SearchIndividual 2-1112,text,true,,1215,2602,33,598,https://api-scuda.uat.oci.krungsri.tech/ords/api/v1/customer/individual/searchprofile,414,0,293
1779799507737,16,SearchIndividual,429,Too Many Requests,SearchIndividual 2-1151,text,false,,417,2602,31,596,https://api-scuda.uat.oci.krungsri.tech/ords/api/v1/customer/individual/searchprofile,16,0,14
1779799507725,30,UpdateIndividual,429,Too Many Requests,UpdateIndividual 4-461,text,false,,417,4231,224,596,https://api-scuda.uat.oci.krungsri.tech/ic/api/v1/customer/individual/updateprofile,30,0,23
1779799507744,34,SearchIndividual,200,OK,SearchIndividual 2-1153,text,true,,1101,2602,32,597,https://api-scuda.uat.oci.krungsri.tech/ords/api/v1/customer/individual/searchprofile,34,0,17
1779799507472,307,SearchIndividual,200,OK,SearchIndividual 2-1125,text,true,,1147,2602,31,596,https://api-scuda.uat.oci.krungsri.tech/ords/api/v1/customer/individual/searchprofile,306,0,168
1779799507737,48,SearchIndividual,200,OK,SearchIndividual 2-1152,text,true,,1155,2602,30,597,https://api-scuda.uat.oci.krungsri.tech/ords/api/v1/customer/individual/searchprofile,48,0,35
1779799507771,42,GetIndividual,429,Too Many Requests,GetIndividual 1-688,text,false,,417,3588,252,599,https://api-scuda.uat.oci.krungsri.tech/ic/api/v1/customer/individual/getprofile,42,0,36
1779799507360,480,SearchIndividual,200,OK,SearchIndividual 2-1115,text,true,,1139,2602,32,604,https://api-scuda.uat.oci.krungsri.tech/ords/api/v1/customer/individual/searchprofile,479,0,318
1779799506775,1087,GetIndividual,200,OK,GetIndividual 1-639,text,true,,3844,3588,258,609,https://api-scuda.uat.oci.krungsri.tech/ic/api/v1/customer/individual/getprofile,1087,0,23
1779799507799,57,SearchIndividual,200,OK,SearchIndividual 2-1157,text,true,,1129,2600,32,607,https://api-scuda.uat.oci.krungsri.tech/ords/api/v1/customer/individual/searchprofile,57,0,41
1779799505966,1929,GetIndividual,200,OK,GetIndividual 1-595,text,true,,3846,3588,259,614,https://api-scuda.uat.oci.krungsri.tech/ic/api/v1/customer/individual/getprofile,1929,0,24
1779799507624,316,SearchIndividual,200,OK,SearchIndividual 2-1139,text,true,,1155,2602,38,584,https://api-scuda.uat.oci.krungsri.tech/ords/api/v1/customer/individual/searchprofile,316,0,190
1779799507318,658,SearchIndividual,200,OK,SearchIndividual 2-1108,text,true,,1179,2602,38,516,https://api-scuda.uat.oci.krungsri.tech/ords/api/v1/customer/individual/searchprofile,655,0,433
1779799507346,630,SearchIndividual,200,OK,SearchIndividual 2-1114,text,true,,1133,2602,38,515,https://api-scuda.uat.oci.krungsri.tech/ords/api/v1/customer/individual/searchprofile,629,0,418
1779799507944,35,SearchIndividual,200,OK,SearchIndividual 2-1166,text,true,,1151,2602,38,509,https://api-scuda.uat.oci.krungsri.tech/ords/api/v1/customer/individual/searchprofile,35,0,22
1779799507153,834,GetJuristic,200,OK,GetJuristic 5-24,text,true,,3486,3533,7,497,https://api-scuda.uat.oci.krungsri.tech/ic/api/v1/customer/juristic/getprofile,834,0,122
1779799507509,481,SearchIndividual,200,OK,SearchIndividual 2-1129,text,true,,1209,2602,36,489,https://api-scuda.uat.oci.krungsri.tech/ords/api/v1/customer/individual/searchprofile,480,0,280
