timeStamp,elapsed,label,responseCode,responseMessage,threadName,dataType,success,failureMessage,bytes,sentBytes,grpThreads,allThreads,URL,Latency,IdleTime,Connect
1778856644475,828,Get Token,200,OK,CreateIndividual 3-2,text,true,,3684,522,4,41,https://api-scuda.uat.oci.krungsri.tech/oauth2/v1/token,820,0,773
1778856644484,819,Get Token,200,OK,CreateIndividual 3-1,text,true,,3684,522,4,41,https://api-scuda.uat.oci.krungsri.tech/oauth2/v1/token,816,0,775
1778856644474,829,Get Token,200,OK,SearchJuristic 6-2,text,true,,2894,426,4,41,https://api-scuda.uat.oci.krungsri.tech/oauth2/v1/token,821,0,778
1778856644475,828,Get Token,200,OK,GetJoint 9-3,text,true,,3684,522,3,41,https://api-scuda.uat.oci.krungsri.tech/oauth2/v1/token,820,0,768
1778856644475,828,Get Token,200,OK,CreateJoint 11-3,text,true,,3684,522,3,41,https://api-scuda.uat.oci.krungsri.tech/oauth2/v1/token,828,0,784
1778856644904,399,Get Token,200,OK,GetIndividual 1-3,text,true,,3684,522,3,41,https://api-scuda.uat.oci.krungsri.tech/oauth2/v1/token,392,0,339
1778856644684,619,Get Token,200,OK,SearchJoint 10-3,text,true,,2894,426,4,41,https://api-scuda.uat.oci.krungsri.tech/oauth2/v1/token,611,0,570
1778856644485,818,Get Token,200,OK,SearchJoint 10-1,text,true,,2894,426,4,41,https://api-scuda.uat.oci.krungsri.tech/oauth2/v1/token,810,0,775
1778856644474,829,Get Token,200,OK,GetIndividual 1-1,text,true,,3684,522,3,41,https://api-scuda.uat.oci.krungsri.tech/oauth2/v1/token,827,0,780
1778856644475,828,Get Token,200,OK,CreateJoint 11-1,text,true,,3684,522,3,41,https://api-scuda.uat.oci.krungsri.tech/oauth2/v1/token,825,0,777
1778856644474,829,Get Token,200,OK,UpdateJuristic 8-1,text,true,,3684,522,3,41,https://api-scuda.uat.oci.krungsri.tech/oauth2/v1/token,828,0,783
1778856645265,57,Get Token,200,OK,UpdateJoint 12-4,text,true,,3684,522,4,41,https://api-scuda.uat.oci.krungsri.tech/oauth2/v1/token,57,0,17
1778856645267,53,Get Token,200,OK,SearchJuristic 6-4,text,true,,2894,426,4,41,https://api-scuda.uat.oci.krungsri.tech/oauth2/v1/token,53,0,15
1778856644486,819,Get Token,200,OK,GetJuristic 5-1,text,true,,3684,522,3,41,https://api-scuda.uat.oci.krungsri.tech/oauth2/v1/token,819,0,769
1778856644483,820,Get Token,200,OK,SearchJuristic 6-3,text,true,,2894,426,4,41,https://api-scuda.uat.oci.krungsri.tech/oauth2/v1/token,819,0,763
1778856645200,103,Get Token,200,OK,UpdateJuristic 8-3,text,true,,3684,522,3,41,https://api-scuda.uat.oci.krungsri.tech/oauth2/v1/token,95,0,43
1778856644475,828,Get Token,200,OK,SearchIndividual 2-2,text,true,,2894,426,3,41,https://api-scuda.uat.oci.krungsri.tech/oauth2/v1/token,820,0,768
1778856645271,54,Get Token,200,OK,UpdateIndividual 4-4,text,true,,3684,522,4,41,https://api-scuda.uat.oci.krungsri.tech/oauth2/v1/token,54,0,16
1778856644892,411,Get Token,200,OK,CreateJuristic 7-3,text,true,,3684,522,3,41,https://api-scuda.uat.oci.krungsri.tech/oauth2/v1/token,403,0,355
1778856644486,817,Get Token,200,OK,CreateJuristic 7-1,text,true,,3684,522,3,41,https://api-scuda.uat.oci.krungsri.tech/oauth2/v1/token,814,0,770
1778856644479,824,Get Token,200,OK,GetJoint 9-2,text,true,,3684,522,3,41,https://api-scuda.uat.oci.krungsri.tech/oauth2/v1/token,817,0,776
1778856644485,822,Get Token,200,OK,UpdateJoint 12-1,text,true,,3684,522,4,41,https://api-scuda.uat.oci.krungsri.tech/oauth2/v1/token,822,0,758
1778856644486,817,Get Token,200,OK,GetJoint 9-1,text,true,,3684,522,3,41,https://api-scuda.uat.oci.krungsri.tech/oauth2/v1/token,811,0,771
1778856644631,672,Get Token,200,OK,CreateIndividual 3-3,text,true,,3684,522,4,41,https://api-scuda.uat.oci.krungsri.tech/oauth2/v1/token,665,0,612
1778856644486,817,Get Token,200,OK,UpdateIndividual 4-1,text,true,,3684,522,4,41,https://api-scuda.uat.oci.krungsri.tech/oauth2/v1/token,813,0,758
1778856644475,837,Get Token,200,OK,UpdateJuristic 8-2,text,true,,3684,522,3,41,https://api-scuda.uat.oci.krungsri.tech/oauth2/v1/token,837,0,782
1778856644485,818,Get Token,200,OK,CreateJuristic 7-2,text,true,,3684,522,3,41,https://api-scuda.uat.oci.krungsri.tech/oauth2/v1/token,816,0,758
1778856644475,828,Get Token,200,OK,SearchIndividual 2-1,text,true,,2894,426,3,41,https://api-scuda.uat.oci.krungsri.tech/oauth2/v1/token,820,0,768
1778856644485,818,Get Token,200,OK,SearchJoint 10-2,text,true,,2894,426,4,41,https://api-scuda.uat.oci.krungsri.tech/oauth2/v1/token,810,0,758
1778856644478,825,Get Token,200,OK,CreateJoint 11-2,text,true,,3684,522,3,41,https://api-scuda.uat.oci.krungsri.tech/oauth2/v1/token,821,0,778
1778856644475,828,Get Token,200,OK,GetJuristic 5-2,text,true,,3684,522,3,41,https://api-scuda.uat.oci.krungsri.tech/oauth2/v1/token,820,0,774
1778856644478,825,Get Token,200,OK,UpdateJoint 12-2,text,true,,3684,522,4,41,https://api-scuda.uat.oci.krungsri.tech/oauth2/v1/token,817,0,779
1778856644485,829,Get Token,200,OK,UpdateIndividual 4-2,text,true,,3684,522,4,41,https://api-scuda.uat.oci.krungsri.tech/oauth2/v1/token,829,0,769
1778856644978,326,Get Token,200,OK,UpdateIndividual 4-3,text,true,,3684,522,4,41,https://api-scuda.uat.oci.krungsri.tech/oauth2/v1/token,326,0,283
1778856644479,824,Get Token,200,OK,GetJuristic 5-3,text,true,,3684,522,3,41,https://api-scuda.uat.oci.krungsri.tech/oauth2/v1/token,816,0,764
1778856644474,829,Get Token,200,OK,GetIndividual 1-2,text,true,,3684,522,3,41,https://api-scuda.uat.oci.krungsri.tech/oauth2/v1/token,824,0,769
1778856645189,114,Get Token,200,OK,UpdateJoint 12-3,text,true,,3684,522,4,41,https://api-scuda.uat.oci.krungsri.tech/oauth2/v1/token,109,0,74
1778856644477,826,Get Token,200,OK,SearchJuristic 6-1,text,true,,2894,426,4,41,https://api-scuda.uat.oci.krungsri.tech/oauth2/v1/token,818,0,782
1778856645272,51,Get Token,200,OK,SearchJoint 10-4,text,true,,2894,426,4,41,https://api-scuda.uat.oci.krungsri.tech/oauth2/v1/token,51,0,22
1778856645015,288,Get Token,200,OK,SearchIndividual 2-3,text,true,,2894,426,3,41,https://api-scuda.uat.oci.krungsri.tech/oauth2/v1/token,280,0,238
1778856645293,61,Get Token,200,OK,CreateIndividual 3-4,text,true,,3684,522,4,41,https://api-scuda.uat.oci.krungsri.tech/oauth2/v1/token,61,0,22
1778856646158,33,SearchIndividual,200,OK,SearchIndividual 2-3,text,true,,621,2613,4,48,https://api-scuda.uat.oci.krungsri.tech/ords/api/v1/customer/individual/searchprofile,30,0,0
1778856646165,26,SearchJuristic,200,OK,SearchJuristic 6-2,text,true,,621,2611,4,48,https://api-scuda.uat.oci.krungsri.tech/ords/api/v1/customer/juristic/searchprofile,23,0,0
1778856646155,36,SearchJoint,200,OK,SearchJoint 10-4,text,true,,621,2627,4,48,https://api-scuda.uat.oci.krungsri.tech/ords/api/v1/customer/joint/searchprofile,34,0,0
1778856646158,43,SearchIndividual,200,OK,SearchIndividual 2-4,text,true,,621,2622,4,48,https://api-scuda.uat.oci.krungsri.tech/ords/api/v1/customer/individual/searchprofile,43,0,28
1778856646153,38,SearchJoint,200,OK,SearchJoint 10-2,text,true,,619,2625,4,48,https://api-scuda.uat.oci.krungsri.tech/ords/api/v1/customer/joint/searchprofile,36,0,0
1778856646157,34,SearchIndividual,200,OK,SearchIndividual 2-1,text,true,,621,2613,4,48,https://api-scuda.uat.oci.krungsri.tech/ords/api/v1/customer/individual/searchprofile,31,0,0
1778856646170,22,SearchIndividual,200,OK,SearchIndividual 2-2,text,true,,621,2650,4,48,https://api-scuda.uat.oci.krungsri.tech/ords/api/v1/customer/individual/searchprofile,22,0,0
1778856646166,25,SearchJuristic,200,OK,SearchJuristic 6-1,text,true,,621,2604,4,48,https://api-scuda.uat.oci.krungsri.tech/ords/api/v1/customer/juristic/searchprofile,22,0,0
1778856646163,39,SearchJuristic,200,OK,SearchJuristic 6-4,text,true,,621,2606,4,48,https://api-scuda.uat.oci.krungsri.tech/ords/api/v1/customer/juristic/searchprofile,39,0,0
1778856646158,34,SearchJoint,200,OK,SearchJoint 10-1,text,true,,621,2627,4,48,https://api-scuda.uat.oci.krungsri.tech/ords/api/v1/customer/joint/searchprofile,34,0,0
1778856646165,26,SearchJuristic,200,OK,SearchJuristic 6-3,text,true,,621,2611,4,48,https://api-scuda.uat.oci.krungsri.tech/ords/api/v1/customer/juristic/searchprofile,23,0,0
1778856646154,37,SearchJoint,200,OK,SearchJoint 10-3,text,true,,621,2627,4,48,https://api-scuda.uat.oci.krungsri.tech/ords/api/v1/customer/joint/searchprofile,34,0,0
1778856646155,73,GetJuristic,200,OK,GetJuristic 5-1,text,true,,3458,3533,4,48,https://api-scuda.uat.oci.krungsri.tech/ic/api/v1/customer/juristic/getprofile,73,0,0
1778856646150,80,GetJuristic,200,OK,GetJuristic 5-3,text,true,,3482,3533,4,48,https://api-scuda.uat.oci.krungsri.tech/ic/api/v1/customer/juristic/getprofile,80,0,0
1778856646154,97,GetJoint,200,OK,GetJoint 9-4,text,true,,1429,3530,4,48,https://api-scuda.uat.oci.krungsri.tech/ic/api/v1/customer/joint/getprofile,97,0,25
1778856646156,71,GetJoint,200,OK,GetJoint 9-2,text,true,,1429,3530,4,48,https://api-scuda.uat.oci.krungsri.tech/ic/api/v1/customer/joint/getprofile,71,0,0
1778856646166,75,GetJoint,200,OK,GetJoint 9-3,text,true,,1429,3530,4,48,https://api-scuda.uat.oci.krungsri.tech/ic/api/v1/customer/joint/getprofile,75,0,0
1778856646155,87,GetJuristic,200,OK,GetJuristic 5-4,text,true,,3480,3533,4,48,https://api-scuda.uat.oci.krungsri.tech/ic/api/v1/customer/juristic/getprofile,86,0,14
1778856646156,71,GetJuristic,200,OK,GetJuristic 5-2,text,true,,3449,3533,4,48,https://api-scuda.uat.oci.krungsri.tech/ic/api/v1/customer/juristic/getprofile,71,0,0
1778856646155,71,GetJoint,200,OK,GetJoint 9-1,text,true,,1429,3530,4,48,https://api-scuda.uat.oci.krungsri.tech/ic/api/v1/customer/joint/getprofile,71,0,0
1778856646732,27,SearchIndividual,200,OK,SearchIndividual 2-5,text,true,,621,2613,1,35,https://api-scuda.uat.oci.krungsri.tech/ords/api/v1/customer/individual/searchprofile,27,0,16
1778856646732,26,SearchJuristic,200,OK,SearchJuristic 6-5,text,true,,621,2636,1,35,https://api-scuda.uat.oci.krungsri.tech/ords/api/v1/customer/juristic/searchprofile,26,0,11
1778856646737,28,SearchJoint,200,OK,SearchJoint 10-5,text,true,,621,2627,1,33,https://api-scuda.uat.oci.krungsri.tech/ords/api/v1/customer/joint/searchprofile,28,0,16
1778856646152,260,GetIndividual,200,OK,GetIndividual 1-2,text,true,,3846,3588,4,36,https://api-scuda.uat.oci.krungsri.tech/ic/api/v1/customer/individual/getprofile,260,0,0
1778856646168,279,GetIndividual,200,OK,GetIndividual 1-1,text,true,,3888,3588,4,36,https://api-scuda.uat.oci.krungsri.tech/ic/api/v1/customer/individual/getprofile,279,0,0
1778856646150,82,GetIndividual,200,OK,GetIndividual 1-3,text,true,,3825,3588,4,48,https://api-scuda.uat.oci.krungsri.tech/ic/api/v1/customer/individual/getprofile,82,0,0
1778856646158,290,GetIndividual,200,OK,GetIndividual 1-4,text,true,,3831,3588,4,36,https://api-scuda.uat.oci.krungsri.tech/ic/api/v1/customer/individual/getprofile,290,0,22
1778856646736,91,GetJoint,200,OK,GetJoint 9-5,text,true,,1429,3530,1,28,https://api-scuda.uat.oci.krungsri.tech/ic/api/v1/customer/joint/getprofile,91,0,13
1778856646737,97,GetIndividual,200,OK,GetIndividual 1-5,text,true,,3898,3587,1,28,https://api-scuda.uat.oci.krungsri.tech/ic/api/v1/customer/individual/getprofile,97,0,21
1778856646956,116,UpdateJoint,200,OK,UpdateJoint 12-2,text,true,,800,4562,5,29,https://api-scuda.uat.oci.krungsri.tech/ic/api/v1/customer/joint/updateprofile,116,0,0
1778856646956,123,UpdateJoint,200,OK,UpdateJoint 12-1,text,true,,800,4528,4,28,https://api-scuda.uat.oci.krungsri.tech/ic/api/v1/customer/joint/updateprofile,123,0,0
1778856646956,124,UpdateJoint,200,OK,UpdateJoint 12-4,text,true,,800,4636,4,28,https://api-scuda.uat.oci.krungsri.tech/ic/api/v1/customer/joint/updateprofile,124,0,0
1778856646956,134,UpdateJoint,200,OK,UpdateJoint 12-3,text,true,,800,4552,2,26,https://api-scuda.uat.oci.krungsri.tech/ic/api/v1/customer/joint/updateprofile,134,0,0
1778856646957,136,UpdateJoint,200,OK,UpdateJoint 12-5,text,true,,800,3614,2,27,https://api-scuda.uat.oci.krungsri.tech/ic/api/v1/customer/joint/updateprofile,136,0,26
1778856646992,173,CreateJoint,200,OK,CreateJoint 11-2,text,true,,1813,5884,5,26,https://api-scuda.uat.oci.krungsri.tech/ic/api/v1/customer/joint/createprofile,173,0,0
1778856647102,84,GetJuristic,200,OK,GetJuristic 5-5,text,true,,3493,3533,1,26,https://api-scuda.uat.oci.krungsri.tech/ic/api/v1/customer/juristic/getprofile,84,0,13
1778856646992,205,CreateJoint,200,OK,CreateJoint 11-3,text,true,,1813,5915,4,25,https://api-scuda.uat.oci.krungsri.tech/ic/api/v1/customer/joint/createprofile,205,0,0
1778856646992,221,CreateJoint,200,OK,CreateJoint 11-4,text,true,,1813,6077,3,24,https://api-scuda.uat.oci.krungsri.tech/ic/api/v1/customer/joint/createprofile,221,0,23
1778856646995,222,CreateJoint,200,OK,CreateJoint 11-5,text,true,,1813,5727,3,24,https://api-scuda.uat.oci.krungsri.tech/ic/api/v1/customer/joint/createprofile,222,0,24
1778856646992,273,CreateJoint,200,OK,CreateJoint 11-1,text,true,,1813,5797,1,22,https://api-scuda.uat.oci.krungsri.tech/ic/api/v1/customer/joint/createprofile,273,0,0
1778856647240,155,UpdateJoint,200,OK,UpdateJoint 12-6,text,true,,800,4549,1,21,https://api-scuda.uat.oci.krungsri.tech/ic/api/v1/customer/joint/updateprofile,155,0,17
1778856647574,147,UpdateIndividual,200,OK,UpdateIndividual 4-3,text,true,,800,5562,5,24,https://api-scuda.uat.oci.krungsri.tech/ic/api/v1/customer/individual/updateprofile,147,0,0
1778856647575,158,UpdateIndividual,200,OK,UpdateIndividual 4-4,text,true,,800,5585,4,23,https://api-scuda.uat.oci.krungsri.tech/ic/api/v1/customer/individual/updateprofile,158,0,0
1778856647575,161,UpdateIndividual,200,OK,UpdateIndividual 4-2,text,true,,800,5509,3,23,https://api-scuda.uat.oci.krungsri.tech/ic/api/v1/customer/individual/updateprofile,161,0,0
1778856647586,157,UpdateJuristic,200,OK,UpdateJuristic 8-5,text,true,,800,4419,5,22,https://api-scuda.uat.oci.krungsri.tech/ic/api/v1/customer/juristic/updateprofile,157,0,17
1778856647582,198,UpdateJuristic,200,OK,UpdateJuristic 8-1,text,true,,800,5788,5,22,https://api-scuda.uat.oci.krungsri.tech/ic/api/v1/customer/juristic/updateprofile,198,0,0
1778856647586,248,CreateIndividual,200,OK,CreateIndividual 3-3,text,true,,1644,8615,6,22,https://api-scuda.uat.oci.krungsri.tech/ic/api/v1/customer/individual/createprofile,248,0,0
1778856647584,250,UpdateJuristic,200,OK,UpdateJuristic 8-3,text,true,,800,5802,4,22,https://api-scuda.uat.oci.krungsri.tech/ic/api/v1/customer/juristic/updateprofile,250,0,0
1778856647586,259,UpdateJuristic,200,OK,UpdateJuristic 8-2,text,true,,800,5812,3,20,https://api-scuda.uat.oci.krungsri.tech/ic/api/v1/customer/juristic/updateprofile,259,0,0
1778856647544,302,CreateJoint,200,OK,CreateJoint 11-6,text,true,,1813,5702,1,20,https://api-scuda.uat.oci.krungsri.tech/ic/api/v1/customer/joint/createprofile,302,0,27
1778856647740,106,GetJuristic,200,OK,GetJuristic 5-6,text,true,,3478,3533,1,20,https://api-scuda.uat.oci.krungsri.tech/ic/api/v1/customer/juristic/getprofile,106,0,14
1778856647583,287,UpdateJuristic,200,OK,UpdateJuristic 8-4,text,true,,800,5792,2,17,https://api-scuda.uat.oci.krungsri.tech/ic/api/v1/customer/juristic/updateprofile,287,0,16
1778856647786,117,GetJoint,200,OK,GetJoint 9-6,text,true,,1429,3530,1,16,https://api-scuda.uat.oci.krungsri.tech/ic/api/v1/customer/joint/getprofile,117,0,31
1778856647555,381,CreateJuristic,201,Created,CreateJuristic 7-2,text,true,,1172,7568,6,15,https://api-scuda.uat.oci.krungsri.tech/ic/api/v1/customer/juristic/createprofile,381,0,0
1778856647582,388,CreateIndividual,201,Created,CreateIndividual 3-2,text,true,,1172,8571,5,14,https://api-scuda.uat.oci.krungsri.tech/ic/api/v1/customer/individual/createprofile,388,0,0
1778856647574,399,UpdateIndividual,200,OK,UpdateIndividual 4-1,text,true,,800,5586,2,14,https://api-scuda.uat.oci.krungsri.tech/ic/api/v1/customer/individual/updateprofile,399,0,0
1778856647555,427,CreateJuristic,201,Created,CreateJuristic 7-6,text,true,,1172,7871,5,12,https://api-scuda.uat.oci.krungsri.tech/ic/api/v1/customer/juristic/createprofile,427,0,13
1778856647555,429,CreateJuristic,201,Created,CreateJuristic 7-4,text,true,,1172,7920,4,11,https://api-scuda.uat.oci.krungsri.tech/ic/api/v1/customer/juristic/createprofile,429,0,25
1778856647584,408,CreateIndividual,201,Created,CreateIndividual 3-5,text,true,,1172,8348,4,10,https://api-scuda.uat.oci.krungsri.tech/ic/api/v1/customer/individual/createprofile,408,0,24
1778856647555,441,CreateJuristic,201,Created,CreateJuristic 7-3,text,true,,1172,7755,3,9,https://api-scuda.uat.oci.krungsri.tech/ic/api/v1/customer/juristic/createprofile,441,0,0
1778856647582,417,CreateIndividual,201,Created,CreateIndividual 3-4,text,true,,1172,8141,3,8,https://api-scuda.uat.oci.krungsri.tech/ic/api/v1/customer/individual/createprofile,417,0,0
1778856647647,361,CreateIndividual,201,Created,CreateIndividual 3-6,text,true,,1172,8779,2,7,https://api-scuda.uat.oci.krungsri.tech/ic/api/v1/customer/individual/createprofile,361,0,19
1778856647671,343,GetIndividual,200,OK,GetIndividual 1-6,text,true,,3777,3588,1,6,https://api-scuda.uat.oci.krungsri.tech/ic/api/v1/customer/individual/getprofile,343,0,17
1778856647555,466,CreateJuristic,201,Created,CreateJuristic 7-5,text,true,,1172,7584,2,5,https://api-scuda.uat.oci.krungsri.tech/ic/api/v1/customer/juristic/createprofile,466,0,19
1778856647555,482,CreateJuristic,201,Created,CreateJuristic 7-1,text,true,,1172,8185,1,5,https://api-scuda.uat.oci.krungsri.tech/ic/api/v1/customer/juristic/createprofile,482,0,0
1778856647577,465,UpdateIndividual,200,OK,UpdateIndividual 4-5,text,true,,800,5592,2,4,https://api-scuda.uat.oci.krungsri.tech/ic/api/v1/customer/individual/updateprofile,465,0,53
1778856648078,31,SearchJoint,200,OK,SearchJoint 10-6,text,true,,621,2627,1,6,https://api-scuda.uat.oci.krungsri.tech/ords/api/v1/customer/joint/searchprofile,31,0,18
1778856648081,31,SearchIndividual,200,OK,SearchIndividual 2-6,text,true,,621,2613,1,5,https://api-scuda.uat.oci.krungsri.tech/ords/api/v1/customer/individual/searchprofile,31,0,18
1778856648082,31,SearchJuristic,200,OK,SearchJuristic 6-6,text,true,,621,2609,1,5,https://api-scuda.uat.oci.krungsri.tech/ords/api/v1/customer/juristic/searchprofile,31,0,21
1778856647774,353,UpdateJuristic,200,OK,UpdateJuristic 8-6,text,true,,800,4432,1,3,https://api-scuda.uat.oci.krungsri.tech/ic/api/v1/customer/juristic/updateprofile,353,0,60
1778856648032,165,UpdateIndividual,200,OK,UpdateIndividual 4-6,text,true,,800,5596,1,3,https://api-scuda.uat.oci.krungsri.tech/ic/api/v1/customer/individual/updateprofile,165,0,23
1778856647582,631,CreateIndividual,201,Created,CreateIndividual 3-1,text,true,,1172,8507,1,2,https://api-scuda.uat.oci.krungsri.tech/ic/api/v1/customer/individual/createprofile,631,0,0
1778856648281,35,SearchIndividual,200,OK,SearchIndividual 2-7,text,true,,621,2626,1,4,https://api-scuda.uat.oci.krungsri.tech/ords/api/v1/customer/individual/searchprofile,35,0,21
1778856648236,157,UpdateIndividual,200,OK,UpdateIndividual 4-7,text,true,,800,5584,1,4,https://api-scuda.uat.oci.krungsri.tech/ic/api/v1/customer/individual/updateprofile,157,0,30
1778856648330,81,GetIndividual,200,OK,GetIndividual 1-7,text,true,,3781,3588,1,3,https://api-scuda.uat.oci.krungsri.tech/ic/api/v1/customer/individual/getprofile,81,0,13
1778856648418,46,SearchJuristic,200,OK,SearchJuristic 6-7,text,true,,620,2638,1,3,https://api-scuda.uat.oci.krungsri.tech/ords/api/v1/customer/juristic/searchprofile,46,0,18
1778856648156,400,CreateJuristic,201,Created,CreateJuristic 7-7,text,true,,1172,8239,1,2,https://api-scuda.uat.oci.krungsri.tech/ic/api/v1/customer/juristic/createprofile,400,0,22
1778856648304,308,CreateIndividual,201,Created,CreateIndividual 3-7,text,true,,1172,8021,1,2,https://api-scuda.uat.oci.krungsri.tech/ic/api/v1/customer/individual/createprofile,308,0,25
1778856648595,159,UpdateJuristic,200,OK,UpdateJuristic 8-7,text,true,,800,4426,1,1,https://api-scuda.uat.oci.krungsri.tech/ic/api/v1/customer/juristic/updateprofile,159,0,24
1778856648765,102,UpdateJoint,200,OK,UpdateJoint 12-7,text,true,,800,3614,1,1,https://api-scuda.uat.oci.krungsri.tech/ic/api/v1/customer/joint/updateprofile,102,0,18
1778856648982,30,SearchJoint,200,OK,SearchJoint 10-7,text,true,,621,2627,1,2,https://api-scuda.uat.oci.krungsri.tech/ords/api/v1/customer/joint/searchprofile,30,0,18
1778856649055,88,GetJuristic,200,OK,GetJuristic 5-7,text,true,,3499,3533,1,3,https://api-scuda.uat.oci.krungsri.tech/ic/api/v1/customer/juristic/getprofile,88,0,20
1778856649006,209,CreateJoint,200,OK,CreateJoint 11-7,text,true,,1813,5690,1,5,https://api-scuda.uat.oci.krungsri.tech/ic/api/v1/customer/joint/createprofile,209,0,22
1778856649203,27,SearchIndividual,200,OK,SearchIndividual 2-8,text,true,,621,2625,1,4,https://api-scuda.uat.oci.krungsri.tech/ords/api/v1/customer/individual/searchprofile,27,0,15
1778856649156,87,GetJoint,200,OK,GetJoint 9-8,text,true,,1431,3530,2,3,https://api-scuda.uat.oci.krungsri.tech/ic/api/v1/customer/joint/getprofile,87,0,15
1778856649157,112,UpdateJoint,200,OK,UpdateJoint 12-8,text,true,,799,3613,1,2,https://api-scuda.uat.oci.krungsri.tech/ic/api/v1/customer/joint/updateprofile,112,0,21
1778856649302,28,SearchIndividual,200,OK,SearchIndividual 2-9,text,true,,621,2614,1,5,https://api-scuda.uat.oci.krungsri.tech/ords/api/v1/customer/individual/searchprofile,28,0,18
1778856649108,230,GetJoint,200,OK,GetJoint 9-7,text,true,,1428,3529,1,4,https://api-scuda.uat.oci.krungsri.tech/ic/api/v1/customer/joint/getprofile,230,0,12
1778856649350,29,SearchJuristic,200,OK,SearchJuristic 6-8,text,true,,621,2607,1,5,https://api-scuda.uat.oci.krungsri.tech/ords/api/v1/customer/juristic/searchprofile,29,0,16
1778856649329,93,GetIndividual,200,OK,GetIndividual 1-8,text,true,,3874,3588,1,6,https://api-scuda.uat.oci.krungsri.tech/ic/api/v1/customer/individual/getprofile,93,0,21
1778856649325,99,GetJuristic,200,OK,GetJuristic 5-8,text,true,,3470,3533,1,6,https://api-scuda.uat.oci.krungsri.tech/ic/api/v1/customer/juristic/getprofile,99,0,20
1778856649276,187,CreateJoint,200,OK,CreateJoint 11-8,text,true,,1813,6043,1,4,https://api-scuda.uat.oci.krungsri.tech/ic/api/v1/customer/joint/createprofile,187,0,13
1778856649402,85,GetJoint,200,OK,GetJoint 9-9,text,true,,1428,3529,1,3,https://api-scuda.uat.oci.krungsri.tech/ic/api/v1/customer/joint/getprofile,85,0,14
1778856649383,310,CreateIndividual,201,Created,CreateIndividual 3-8,text,true,,1172,7925,2,3,https://api-scuda.uat.oci.krungsri.tech/ic/api/v1/customer/individual/createprofile,310,0,21
1778856649708,118,UpdateIndividual,200,OK,UpdateIndividual 4-8,text,true,,800,4226,1,3,https://api-scuda.uat.oci.krungsri.tech/ic/api/v1/customer/individual/updateprofile,118,0,21
1778856649860,31,SearchJuristic,200,OK,SearchJuristic 6-9,text,true,,621,2621,1,6,https://api-scuda.uat.oci.krungsri.tech/ords/api/v1/customer/juristic/searchprofile,31,0,21
1778856649874,25,SearchJoint,200,OK,SearchJoint 10-8,text,true,,621,2627,1,5,https://api-scuda.uat.oci.krungsri.tech/ords/api/v1/customer/joint/searchprofile,25,0,14
1778856649389,521,CreateIndividual,201,Created,CreateIndividual 3-9,text,true,,1171,8159,1,4,https://api-scuda.uat.oci.krungsri.tech/ic/api/v1/customer/individual/createprofile,521,0,14
1778856649854,96,GetJuristic,200,OK,GetJuristic 5-9,text,true,,3529,3533,1,6,https://api-scuda.uat.oci.krungsri.tech/ic/api/v1/customer/juristic/getprofile,96,0,19
1778856649569,392,CreateJuristic,201,Created,CreateJuristic 7-8,text,true,,1172,8040,1,5,https://api-scuda.uat.oci.krungsri.tech/ic/api/v1/customer/juristic/createprofile,392,0,18
1778856649942,39,SearchJoint,200,OK,SearchJoint 10-9,text,true,,621,2627,1,6,https://api-scuda.uat.oci.krungsri.tech/ords/api/v1/customer/joint/searchprofile,39,0,26
1778856649896,148,UpdateJuristic,200,OK,UpdateJuristic 8-8,text,true,,800,4421,2,6,https://api-scuda.uat.oci.krungsri.tech/ic/api/v1/customer/juristic/updateprofile,148,0,17
1778856649983,117,UpdateJoint,200,OK,UpdateJoint 12-9,text,true,,799,3613,1,6,https://api-scuda.uat.oci.krungsri.tech/ic/api/v1/customer/joint/updateprofile,117,0,20
1778856649922,202,UpdateJuristic,200,OK,UpdateJuristic 8-9,text,true,,800,5778,1,5,https://api-scuda.uat.oci.krungsri.tech/ic/api/v1/customer/juristic/updateprofile,202,0,15
1778856650024,103,GetIndividual,200,OK,GetIndividual 1-9,text,true,,3861,3587,1,4,https://api-scuda.uat.oci.krungsri.tech/ic/api/v1/customer/individual/getprofile,103,0,20
1778856649933,196,UpdateIndividual,200,OK,UpdateIndividual 4-9,text,true,,800,5538,1,3,https://api-scuda.uat.oci.krungsri.tech/ic/api/v1/customer/individual/updateprofile,196,0,19
1778856649977,225,CreateJoint,200,OK,CreateJoint 11-9,text,true,,1813,6091,1,2,https://api-scuda.uat.oci.krungsri.tech/ic/api/v1/customer/joint/createprofile,225,0,26
1778856650337,25,SearchJoint,200,OK,SearchJoint 10-10,text,true,,621,2627,1,9,https://api-scuda.uat.oci.krungsri.tech/ords/api/v1/customer/joint/searchprofile,25,0,14
1778856650347,24,SearchIndividual,200,OK,SearchIndividual 2-10,text,true,,621,2609,1,8,https://api-scuda.uat.oci.krungsri.tech/ords/api/v1/customer/individual/searchprofile,24,0,13
1778856650278,121,UpdateIndividual,200,OK,UpdateIndividual 4-10,text,true,,800,4228,2,7,https://api-scuda.uat.oci.krungsri.tech/ic/api/v1/customer/individual/updateprofile,121,0,21
1778856650316,109,UpdateIndividual,200,OK,UpdateIndividual 4-11,text,true,,800,4229,1,7,https://api-scuda.uat.oci.krungsri.tech/ic/api/v1/customer/individual/updateprofile,109,0,15
1778856650234,205,CreateJoint,200,OK,CreateJoint 11-10,text,true,,1813,5929,2,7,https://api-scuda.uat.oci.krungsri.tech/ic/api/v1/customer/joint/createprofile,205,0,12
1778856650357,85,GetJoint,200,OK,GetJoint 9-10,text,true,,1431,3530,1,7,https://api-scuda.uat.oci.krungsri.tech/ic/api/v1/customer/joint/getprofile,85,0,10
1778856650349,95,GetIndividual,200,OK,GetIndividual 1-10,text,true,,3858,3587,1,6,https://api-scuda.uat.oci.krungsri.tech/ic/api/v1/customer/individual/getprofile,95,0,19
1778856650076,384,CreateJuristic,201,Created,CreateJuristic 7-9,text,true,,1172,8445,1,5,https://api-scuda.uat.oci.krungsri.tech/ic/api/v1/customer/juristic/createprofile,384,0,19
1778856650435,30,SearchJuristic,200,OK,SearchJuristic 6-10,text,true,,621,2621,1,4,https://api-scuda.uat.oci.krungsri.tech/ords/api/v1/customer/juristic/searchprofile,30,0,20
1778856650351,201,CreateJoint,200,OK,CreateJoint 11-11,text,true,,1812,5844,1,3,https://api-scuda.uat.oci.krungsri.tech/ic/api/v1/customer/joint/createprofile,201,0,19
1778856650445,112,UpdateJoint,200,OK,UpdateJoint 12-10,text,true,,800,3614,1,2,https://api-scuda.uat.oci.krungsri.tech/ic/api/v1/customer/joint/updateprofile,112,0,18
1778856650412,305,CreateIndividual,201,Created,CreateIndividual 3-10,text,true,,1172,8416,1,7,https://api-scuda.uat.oci.krungsri.tech/ic/api/v1/customer/individual/createprofile,305,0,17
1778856650713,21,SearchIndividual,200,OK,SearchIndividual 2-11,text,true,,620,2612,1,6,https://api-scuda.uat.oci.krungsri.tech/ords/api/v1/customer/individual/searchprofile,21,0,9
1778856650677,89,GetJuristic,200,OK,GetJuristic 5-10,text,true,,3512,3533,1,6,https://api-scuda.uat.oci.krungsri.tech/ic/api/v1/customer/juristic/getprofile,89,0,21
1778856650695,88,GetJoint,200,OK,GetJoint 9-11,text,true,,1429,3530,1,5,https://api-scuda.uat.oci.krungsri.tech/ic/api/v1/customer/joint/getprofile,88,0,19
1778856650612,175,UpdateJuristic,200,OK,UpdateJuristic 8-10,text,true,,800,5786,2,4,https://api-scuda.uat.oci.krungsri.tech/ic/api/v1/customer/juristic/updateprofile,175,0,12
1778856650865,24,SearchJoint,200,OK,SearchJoint 10-11,text,true,,621,2627,1,5,https://api-scuda.uat.oci.krungsri.tech/ords/api/v1/customer/joint/searchprofile,24,0,11
1778856650794,101,GetIndividual,200,OK,GetIndividual 1-11,text,true,,3829,3588,1,4,https://api-scuda.uat.oci.krungsri.tech/ic/api/v1/customer/individual/getprofile,101,0,19
1778856650682,223,UpdateJuristic,200,OK,UpdateJuristic 8-11,text,true,,800,5785,1,3,https://api-scuda.uat.oci.krungsri.tech/ic/api/v1/customer/juristic/updateprofile,223,0,16
1778856650917,24,SearchJuristic,200,OK,SearchJuristic 6-11,text,true,,621,2611,1,4,https://api-scuda.uat.oci.krungsri.tech/ords/api/v1/customer/juristic/searchprofile,24,0,14
1778856650684,352,CreateJuristic,201,Created,CreateJuristic 7-10,text,true,,1172,7845,2,3,https://api-scuda.uat.oci.krungsri.tech/ic/api/v1/customer/juristic/createprofile,352,0,14
1778856650771,302,CreateIndividual,201,Created,CreateIndividual 3-11,text,true,,1171,8327,1,3,https://api-scuda.uat.oci.krungsri.tech/ic/api/v1/customer/individual/createprofile,302,0,14
1778856651132,29,SearchJoint,200,OK,SearchJoint 10-12,text,true,,620,2626,1,4,https://api-scuda.uat.oci.krungsri.tech/ords/api/v1/customer/joint/searchprofile,29,0,16
1778856651042,126,UpdateJoint,200,OK,UpdateJoint 12-11,text,true,,800,4656,1,3,https://api-scuda.uat.oci.krungsri.tech/ic/api/v1/customer/joint/updateprofile,126,0,11
1778856651108,98,GetJuristic,200,OK,GetJuristic 5-11,text,true,,3446,3533,1,2,https://api-scuda.uat.oci.krungsri.tech/ic/api/v1/customer/juristic/getprofile,98,0,19
1778856650914,359,CreateJuristic,201,Created,CreateJuristic 7-11,text,true,,1172,7997,2,2,https://api-scuda.uat.oci.krungsri.tech/ic/api/v1/customer/juristic/createprofile,359,0,14
1778856651389,29,SearchJuristic,200,OK,SearchJuristic 6-12,text,true,,621,2611,1,3,https://api-scuda.uat.oci.krungsri.tech/ords/api/v1/customer/juristic/searchprofile,29,0,15
1778856651461,36,SearchJoint,200,OK,SearchJoint 10-13,text,true,,620,2626,1,6,https://api-scuda.uat.oci.krungsri.tech/ords/api/v1/customer/joint/searchprofile,36,0,24
1778856651460,96,GetIndividual,200,OK,GetIndividual 1-12,text,true,,3866,3587,1,6,https://api-scuda.uat.oci.krungsri.tech/ic/api/v1/customer/individual/getprofile,96,0,17
1778856651483,85,GetJuristic,200,OK,GetJuristic 5-12,text,true,,3520,3533,1,6,https://api-scuda.uat.oci.krungsri.tech/ic/api/v1/customer/juristic/getprofile,85,0,16
1778856651361,215,CreateJoint,200,OK,CreateJoint 11-12,text,true,,1813,5935,1,5,https://api-scuda.uat.oci.krungsri.tech/ic/api/v1/customer/joint/createprofile,215,0,16
1778856651463,152,UpdateIndividual,200,OK,UpdateIndividual 4-12,text,true,,800,5574,1,6,https://api-scuda.uat.oci.krungsri.tech/ic/api/v1/customer/individual/updateprofile,152,0,17
1778856651223,411,CreateJuristic,201,Created,CreateJuristic 7-12,text,true,,1172,8095,1,5,https://api-scuda.uat.oci.krungsri.tech/ic/api/v1/customer/juristic/createprofile,411,0,53
1778856651599,87,GetJoint,200,OK,GetJoint 9-12,text,true,,1429,3530,1,4,https://api-scuda.uat.oci.krungsri.tech/ic/api/v1/customer/joint/getprofile,87,0,16
1778856651519,288,CreateIndividual,201,Created,CreateIndividual 3-12,text,true,,1172,8026,2,10,https://api-scuda.uat.oci.krungsri.tech/ic/api/v1/customer/individual/createprofile,288,0,15
1778856651786,34,SearchIndividual,200,OK,SearchIndividual 2-12,text,true,,621,2635,1,9,https://api-scuda.uat.oci.krungsri.tech/ords/api/v1/customer/individual/searchprofile,33,0,20
1778856651769,92,GetIndividual,200,OK,GetIndividual 1-13,text,true,,3811,3588,1,8,https://api-scuda.uat.oci.krungsri.tech/ic/api/v1/customer/individual/getprofile,92,0,15
1778856651565,304,CreateIndividual,201,Created,CreateIndividual 3-13,text,true,,1172,7997,1,7,https://api-scuda.uat.oci.krungsri.tech/ic/api/v1/customer/individual/createprofile,304,0,18
1778856651692,183,UpdateJuristic,200,OK,UpdateJuristic 8-12,text,true,,800,5753,1,6,https://api-scuda.uat.oci.krungsri.tech/ic/api/v1/customer/juristic/updateprofile,183,0,20
1778856651719,159,UpdateIndividual,200,OK,UpdateIndividual 4-13,text,true,,800,5533,1,5,https://api-scuda.uat.oci.krungsri.tech/ic/api/v1/customer/individual/updateprofile,159,0,14
1778856651797,96,GetJoint,200,OK,GetJoint 9-13,text,true,,1429,3530,1,4,https://api-scuda.uat.oci.krungsri.tech/ic/api/v1/customer/joint/getprofile,96,0,20
1778856651807,108,UpdateJoint,200,OK,UpdateJoint 12-12,text,true,,800,3614,1,4,https://api-scuda.uat.oci.krungsri.tech/ic/api/v1/customer/joint/updateprofile,108,0,14
1778856651909,30,SearchIndividual,200,OK,SearchIndividual 2-13,text,true,,621,2613,1,3,https://api-scuda.uat.oci.krungsri.tech/ords/api/v1/customer/individual/searchprofile,29,0,18
1778856651951,29,SearchJuristic,200,OK,SearchJuristic 6-13,text,true,,621,2603,1,3,https://api-scuda.uat.oci.krungsri.tech/ords/api/v1/customer/juristic/searchprofile,29,0,16
1778856651597,431,CreateJoint,200,OK,CreateJoint 11-13,text,true,,1813,5955,1,3,https://api-scuda.uat.oci.krungsri.tech/ic/api/v1/customer/joint/createprofile,431,0,16
1778856651692,348,CreateJuristic,201,Created,CreateJuristic 7-13,text,true,,1172,7978,1,2,https://api-scuda.uat.oci.krungsri.tech/ic/api/v1/customer/juristic/createprofile,348,0,12
1778856652058,88,GetJuristic,200,OK,GetJuristic 5-13,text,true,,3499,3533,1,5,https://api-scuda.uat.oci.krungsri.tech/ic/api/v1/customer/juristic/getprofile,88,0,15
1778856652144,31,SearchJuristic,200,OK,SearchJuristic 6-14,text,true,,621,2618,1,4,https://api-scuda.uat.oci.krungsri.tech/ords/api/v1/customer/juristic/searchprofile,31,0,20
1778856652066,110,UpdateJoint,200,OK,UpdateJoint 12-13,text,true,,799,3613,1,4,https://api-scuda.uat.oci.krungsri.tech/ic/api/v1/customer/joint/updateprofile,110,0,22
1778856652005,194,UpdateJuristic,200,OK,UpdateJuristic 8-13,text,true,,800,5714,1,4,https://api-scuda.uat.oci.krungsri.tech/ic/api/v1/customer/juristic/updateprofile,194,0,23
1778856652216,80,GetJuristic,200,OK,GetJuristic 5-14,text,true,,3512,3533,1,6,https://api-scuda.uat.oci.krungsri.tech/ic/api/v1/customer/juristic/getprofile,80,0,11
1778856652283,32,SearchJoint,200,OK,SearchJoint 10-14,text,true,,621,2627,1,5,https://api-scuda.uat.oci.krungsri.tech/ords/api/v1/customer/joint/searchprofile,32,0,21
1778856652195,203,CreateJoint,200,OK,CreateJoint 11-14,text,true,,1813,5923,2,6,https://api-scuda.uat.oci.krungsri.tech/ic/api/v1/customer/joint/createprofile,203,0,21
1778856652376,26,SearchIndividual,200,OK,SearchIndividual 2-14,text,true,,621,2613,1,5,https://api-scuda.uat.oci.krungsri.tech/ords/api/v1/customer/individual/searchprofile,26,0,15
1778856652381,96,GetIndividual,200,OK,GetIndividual 1-14,text,true,,3843,3588,1,4,https://api-scuda.uat.oci.krungsri.tech/ic/api/v1/customer/individual/getprofile,96,0,22
1778856652129,353,CreateJuristic,201,Created,CreateJuristic 7-14,text,true,,1172,7719,1,3,https://api-scuda.uat.oci.krungsri.tech/ic/api/v1/customer/juristic/createprofile,353,0,19
1778856652180,308,CreateIndividual,201,Created,CreateIndividual 3-14,text,true,,1172,8219,1,2,https://api-scuda.uat.oci.krungsri.tech/ic/api/v1/customer/individual/createprofile,308,0,21
1778856652293,206,CreateJoint,200,OK,CreateJoint 11-15,text,true,,1813,6122,1,1,https://api-scuda.uat.oci.krungsri.tech/ic/api/v1/customer/joint/createprofile,206,0,22
1778856652511,91,GetJoint,200,OK,GetJoint 9-14,text,true,,1431,3530,1,4,https://api-scuda.uat.oci.krungsri.tech/ic/api/v1/customer/joint/getprofile,91,0,19
1778856652535,113,UpdateIndividual,200,OK,UpdateIndividual 4-14,text,true,,800,4229,2,6,https://api-scuda.uat.oci.krungsri.tech/ic/api/v1/customer/individual/updateprofile,112,0,23
1778856652642,31,SearchJoint,200,OK,SearchJoint 10-15,text,true,,621,2627,1,5,https://api-scuda.uat.oci.krungsri.tech/ords/api/v1/customer/joint/searchprofile,31,0,19
1778856652579,111,UpdateJoint,200,OK,UpdateJoint 12-14,text,true,,800,3614,1,4,https://api-scuda.uat.oci.krungsri.tech/ic/api/v1/customer/joint/updateprofile,111,0,17
1778856652627,145,UpdateIndividual,200,OK,UpdateIndividual 4-15,text,true,,800,5670,1,3,https://api-scuda.uat.oci.krungsri.tech/ic/api/v1/customer/individual/updateprofile,145,0,18
1778856652644,169,UpdateJuristic,200,OK,UpdateJuristic 8-14,text,true,,800,4426,1,2,https://api-scuda.uat.oci.krungsri.tech/ic/api/v1/customer/juristic/updateprofile,168,0,23
1778856652838,31,SearchJuristic,200,OK,SearchJuristic 6-15,text,true,,621,2607,1,6,https://api-scuda.uat.oci.krungsri.tech/ords/api/v1/customer/juristic/searchprofile,31,0,19
1778856652848,30,SearchIndividual,200,OK,SearchIndividual 2-15,text,true,,621,2620,1,5,https://api-scuda.uat.oci.krungsri.tech/ords/api/v1/customer/individual/searchprofile,30,0,20
1778856652527,378,CreateJuristic,201,Created,CreateJuristic 7-15,text,true,,1172,7809,1,4,https://api-scuda.uat.oci.krungsri.tech/ic/api/v1/customer/juristic/createprofile,378,0,11
1778856652856,89,GetJoint,200,OK,GetJoint 9-15,text,true,,1429,3530,1,5,https://api-scuda.uat.oci.krungsri.tech/ic/api/v1/customer/joint/getprofile,89,0,20
1778856652923,81,GetJuristic,200,OK,GetJuristic 5-15,text,true,,3487,3533,1,4,https://api-scuda.uat.oci.krungsri.tech/ic/api/v1/customer/juristic/getprofile,81,0,11
1778856652919,90,GetIndividual,200,OK,GetIndividual 1-15,text,true,,3878,3588,1,4,https://api-scuda.uat.oci.krungsri.tech/ic/api/v1/customer/individual/getprofile,90,0,19
1778856652857,185,UpdateJuristic,200,OK,UpdateJuristic 8-15,text,true,,800,5822,1,3,https://api-scuda.uat.oci.krungsri.tech/ic/api/v1/customer/juristic/updateprofile,185,0,20
1778856653012,107,UpdateJoint,200,OK,UpdateJoint 12-15,text,true,,800,3614,1,2,https://api-scuda.uat.oci.krungsri.tech/ic/api/v1/customer/joint/updateprofile,107,0,15
1778856652835,308,CreateIndividual,201,Created,CreateIndividual 3-15,text,true,,1172,8647,1,1,https://api-scuda.uat.oci.krungsri.tech/ic/api/v1/customer/individual/createprofile,308,0,15
1778856653226,23,SearchJuristic,200,OK,SearchJuristic 6-16,text,true,,621,2611,1,3,https://api-scuda.uat.oci.krungsri.tech/ords/api/v1/customer/juristic/searchprofile,23,0,12
1778856653198,148,UpdateIndividual,200,OK,UpdateIndividual 4-16,text,true,,800,5582,2,6,https://api-scuda.uat.oci.krungsri.tech/ic/api/v1/customer/individual/updateprofile,148,0,13
1778856653255,119,UpdateJoint,200,OK,UpdateJoint 12-16,text,true,,800,3614,1,7,https://api-scuda.uat.oci.krungsri.tech/ic/api/v1/customer/joint/updateprofile,119,0,18
1778856653373,27,SearchJoint,200,OK,SearchJoint 10-16,text,true,,621,2627,1,7,https://api-scuda.uat.oci.krungsri.tech/ords/api/v1/customer/joint/searchprofile,27,0,17
1778856653254,196,UpdateIndividual,200,OK,UpdateIndividual 4-17,text,true,,800,4228,1,8,https://api-scuda.uat.oci.krungsri.tech/ic/api/v1/customer/individual/updateprofile,196,0,22
1778856653338,117,GetJuristic,200,OK,GetJuristic 5-16,text,true,,3469,3533,2,7,https://api-scuda.uat.oci.krungsri.tech/ic/api/v1/customer/juristic/getprofile,117,0,12
1778856653286,183,UpdateJuristic,200,OK,UpdateJuristic 8-16,text,true,,800,5801,1,8,https://api-scuda.uat.oci.krungsri.tech/ic/api/v1/customer/juristic/updateprofile,183,0,17
1778856653444,32,SearchIndividual,200,OK,SearchIndividual 2-16,text,true,,619,2609,1,7,https://api-scuda.uat.oci.krungsri.tech/ords/api/v1/customer/individual/searchprofile,32,0,22
1778856653423,89,GetJuristic,200,OK,GetJuristic 5-17,text,true,,3461,3533,2,6,https://api-scuda.uat.oci.krungsri.tech/ic/api/v1/customer/juristic/getprofile,89,0,19
1778856653246,299,CreateIndividual,201,Created,CreateIndividual 3-16,text,true,,1171,8431,1,5,https://api-scuda.uat.oci.krungsri.tech/ic/api/v1/customer/individual/createprofile,299,0,16
1778856653465,127,UpdateJoint,200,OK,UpdateJoint 12-17,text,true,,800,4576,1,5,https://api-scuda.uat.oci.krungsri.tech/ic/api/v1/customer/joint/updateprofile,127,0,16
1778856653398,194,CreateJoint,200,OK,CreateJoint 11-16,text,true,,1813,6007,1,5,https://api-scuda.uat.oci.krungsri.tech/ic/api/v1/customer/joint/createprofile,194,0,20
1778856653627,29,SearchIndividual,200,OK,SearchIndividual 2-17,text,true,,621,2613,1,9,https://api-scuda.uat.oci.krungsri.tech/ords/api/v1/customer/individual/searchprofile,29,0,18
1778856653680,28,SearchJuristic,200,OK,SearchJuristic 6-17,text,true,,621,2608,1,11,https://api-scuda.uat.oci.krungsri.tech/ords/api/v1/customer/juristic/searchprofile,28,0,18
1778856653616,94,GetJoint,200,OK,GetJoint 9-16,text,true,,1429,3530,2,10,https://api-scuda.uat.oci.krungsri.tech/ic/api/v1/customer/joint/getprofile,94,0,20
1778856653631,82,GetJoint,200,OK,GetJoint 9-17,text,true,,1431,3530,1,9,https://api-scuda.uat.oci.krungsri.tech/ic/api/v1/customer/joint/getprofile,82,0,13
1778856653599,137,UpdateJoint,200,OK,UpdateJoint 12-18,text,true,,800,4566,1,8,https://api-scuda.uat.oci.krungsri.tech/ic/api/v1/customer/joint/updateprofile,137,0,19
1778856653467,273,GetJuristic,200,OK,GetJuristic 5-18,text,true,,3517,3533,1,8,https://api-scuda.uat.oci.krungsri.tech/ic/api/v1/customer/juristic/getprofile,273,0,17
1778856653650,90,GetIndividual,200,OK,GetIndividual 1-16,text,true,,3827,3588,1,8,https://api-scuda.uat.oci.krungsri.tech/ic/api/v1/customer/individual/getprofile,90,0,17
1778856653357,406,CreateJuristic,201,Created,CreateJuristic 7-16,text,true,,1172,8086,2,6,https://api-scuda.uat.oci.krungsri.tech/ic/api/v1/customer/juristic/createprofile,406,0,36
1778856653738,92,GetJoint,200,OK,GetJoint 9-18,text,true,,1429,3530,1,6,https://api-scuda.uat.oci.krungsri.tech/ic/api/v1/customer/joint/getprofile,92,0,16
1778856653849,32,SearchIndividual,200,OK,SearchIndividual 2-18,text,true,,621,2613,1,6,https://api-scuda.uat.oci.krungsri.tech/ords/api/v1/customer/individual/searchprofile,31,0,21
1778856653619,269,CreateJoint,200,OK,CreateJoint 11-17,text,true,,1813,6063,2,5,https://api-scuda.uat.oci.krungsri.tech/ic/api/v1/customer/joint/createprofile,269,0,16
1778856653694,213,CreateJoint,200,OK,CreateJoint 11-18,text,true,,1813,5937,1,5,https://api-scuda.uat.oci.krungsri.tech/ic/api/v1/customer/joint/createprofile,213,0,16
1778856653573,375,CreateJuristic,201,Created,CreateJuristic 7-17,text,true,,1172,8036,1,6,https://api-scuda.uat.oci.krungsri.tech/ic/api/v1/customer/juristic/createprofile,375,0,13
1778856653949,25,SearchJuristic,200,OK,SearchJuristic 6-18,text,true,,621,2621,1,5,https://api-scuda.uat.oci.krungsri.tech/ords/api/v1/customer/juristic/searchprofile,25,0,13
1778856653667,326,CreateIndividual,201,Created,CreateIndividual 3-17,text,true,,1172,8190,2,6,https://api-scuda.uat.oci.krungsri.tech/ic/api/v1/customer/individual/createprofile,326,0,22
1778856653895,114,UpdateIndividual,200,OK,UpdateIndividual 4-18,text,true,,800,4226,1,5,https://api-scuda.uat.oci.krungsri.tech/ic/api/v1/customer/individual/updateprofile,114,0,20
1778856653918,96,GetIndividual,200,OK,GetIndividual 1-17,text,true,,3867,3588,2,4,https://api-scuda.uat.oci.krungsri.tech/ic/api/v1/customer/individual/getprofile,96,0,17
1778856653981,35,SearchJoint,200,OK,SearchJoint 10-17,text,true,,621,2627,1,3,https://api-scuda.uat.oci.krungsri.tech/ords/api/v1/customer/joint/searchprofile,34,0,21
1778856653986,83,GetIndividual,200,OK,GetIndividual 1-18,text,true,,3833,3588,1,5,https://api-scuda.uat.oci.krungsri.tech/ic/api/v1/customer/individual/getprofile,83,0,12
1778856653822,313,CreateIndividual,201,Created,CreateIndividual 3-18,text,true,,1172,8303,1,5,https://api-scuda.uat.oci.krungsri.tech/ic/api/v1/customer/individual/createprofile,313,0,16
1778856654110,38,SearchJoint,200,OK,SearchJoint 10-18,text,true,,621,2627,1,4,https://api-scuda.uat.oci.krungsri.tech/ords/api/v1/customer/joint/searchprofile,37,0,23
1778856654067,151,UpdateJuristic,200,OK,UpdateJuristic 8-18,text,true,,799,4426,2,4,https://api-scuda.uat.oci.krungsri.tech/ic/api/v1/customer/juristic/updateprofile,151,0,17
1778856654044,179,UpdateJuristic,200,OK,UpdateJuristic 8-17,text,true,,800,5834,1,3,https://api-scuda.uat.oci.krungsri.tech/ic/api/v1/customer/juristic/updateprofile,179,0,19
1778856654187,87,GetJoint,200,OK,GetJoint 9-19,text,true,,1430,3529,1,3,https://api-scuda.uat.oci.krungsri.tech/ic/api/v1/customer/joint/getprofile,87,0,15
1778856654256,18,SearchJoint,200,OK,SearchJoint 10-19,text,true,,621,2627,1,3,https://api-scuda.uat.oci.krungsri.tech/ords/api/v1/customer/joint/searchprofile,18,0,8
1778856654068,368,CreateJuristic,201,Created,CreateJuristic 7-18,text,true,,1172,8114,2,6,https://api-scuda.uat.oci.krungsri.tech/ic/api/v1/customer/juristic/createprofile,368,0,24
1778856654344,92,GetJuristic,200,OK,GetJuristic 5-19,text,true,,3470,3533,1,5,https://api-scuda.uat.oci.krungsri.tech/ic/api/v1/customer/juristic/getprofile,92,0,23
1778856654481,30,SearchJuristic,200,OK,SearchJuristic 6-19,text,true,,621,2609,1,7,https://api-scuda.uat.oci.krungsri.tech/ords/api/v1/customer/juristic/searchprofile,30,0,19
1778856654487,31,SearchJoint,200,OK,SearchJoint 10-20,text,true,,621,2627,1,6,https://api-scuda.uat.oci.krungsri.tech/ords/api/v1/customer/joint/searchprofile,31,0,20
1778856654439,94,GetJoint,200,OK,GetJoint 9-20,text,true,,1429,3530,1,6,https://api-scuda.uat.oci.krungsri.tech/ic/api/v1/customer/joint/getprofile,94,0,21
1778856654423,115,UpdateIndividual,200,OK,UpdateIndividual 4-19,text,true,,800,4227,1,6,https://api-scuda.uat.oci.krungsri.tech/ic/api/v1/customer/individual/updateprofile,115,0,16
1778856654540,99,UpdateJoint,200,OK,UpdateJoint 12-19,text,true,,800,3614,1,9,https://api-scuda.uat.oci.krungsri.tech/ic/api/v1/customer/joint/updateprofile,99,0,16
1778856654285,356,CreateJuristic,201,Created,CreateJuristic 7-19,text,true,,1172,7815,2,8,https://api-scuda.uat.oci.krungsri.tech/ic/api/v1/customer/juristic/createprofile,356,0,16
1778856654404,259,CreateJoint,200,OK,CreateJoint 11-19,text,true,,1813,5737,1,8,https://api-scuda.uat.oci.krungsri.tech/ic/api/v1/customer/joint/createprofile,259,0,20
1778856654303,386,CreateIndividual,201,Created,CreateIndividual 3-19,text,true,,1172,8527,2,8,https://api-scuda.uat.oci.krungsri.tech/ic/api/v1/customer/individual/createprofile,386,0,20
1778856654661,33,SearchIndividual,200,OK,SearchIndividual 2-19,text,true,,620,2603,2,8,https://api-scuda.uat.oci.krungsri.tech/ords/api/v1/customer/individual/searchprofile,33,0,17
1778856654669,30,SearchIndividual,200,OK,SearchIndividual 2-20,text,true,,621,2613,1,7,https://api-scuda.uat.oci.krungsri.tech/ords/api/v1/customer/individual/searchprofile,30,0,20
1778856654620,93,GetIndividual,200,OK,GetIndividual 1-19,text,true,,3810,3588,1,6,https://api-scuda.uat.oci.krungsri.tech/ic/api/v1/customer/individual/getprofile,93,0,19
1778856654693,33,SearchJoint,200,OK,SearchJoint 10-21,text,true,,621,2627,1,5,https://api-scuda.uat.oci.krungsri.tech/ords/api/v1/customer/joint/searchprofile,33,0,22
1778856654579,162,GetJuristic,200,OK,GetJuristic 5-20,text,true,,3485,3533,1,6,https://api-scuda.uat.oci.krungsri.tech/ic/api/v1/customer/juristic/getprofile,162,0,14
1778856654619,173,UpdateJuristic,200,OK,UpdateJuristic 8-19,text,true,,800,4429,1,6,https://api-scuda.uat.oci.krungsri.tech/ic/api/v1/customer/juristic/updateprofile,173,0,21
1778856654533,307,CreateIndividual,201,Created,CreateIndividual 3-20,text,true,,1172,8539,1,7,https://api-scuda.uat.oci.krungsri.tech/ic/api/v1/customer/individual/createprofile,307,0,15
1778856654756,90,GetIndividual,200,OK,GetIndividual 1-20,text,true,,3869,3588,2,6,https://api-scuda.uat.oci.krungsri.tech/ic/api/v1/customer/individual/getprofile,90,0,22
1778856654744,108,UpdateJoint,200,OK,UpdateJoint 12-20,text,true,,800,3614,2,7,https://api-scuda.uat.oci.krungsri.tech/ic/api/v1/customer/joint/updateprofile,108,0,24
1778856654738,138,UpdateIndividual,200,OK,UpdateIndividual 4-20,text,true,,800,4229,2,8,https://api-scuda.uat.oci.krungsri.tech/ic/api/v1/customer/individual/updateprofile,138,0,37
1778856654816,97,GetIndividual,200,OK,GetIndividual 1-21,text,true,,3845,3588,1,9,https://api-scuda.uat.oci.krungsri.tech/ic/api/v1/customer/individual/getprofile,97,0,19
1778856654890,47,SearchJuristic,200,OK,SearchJuristic 6-20,text,true,,621,2604,1,9,https://api-scuda.uat.oci.krungsri.tech/ords/api/v1/customer/juristic/searchprofile,47,0,24
1778856654850,102,UpdateIndividual,200,OK,UpdateIndividual 4-21,text,true,,800,4228,1,9,https://api-scuda.uat.oci.krungsri.tech/ic/api/v1/customer/individual/updateprofile,102,0,16
1778856654854,114,UpdateJoint,200,OK,UpdateJoint 12-21,text,true,,799,3613,1,8,https://api-scuda.uat.oci.krungsri.tech/ic/api/v1/customer/joint/updateprofile,114,0,21
1778856654607,380,CreateJuristic,201,Created,CreateJuristic 7-20,text,true,,1172,8128,2,8,https://api-scuda.uat.oci.krungsri.tech/ic/api/v1/customer/juristic/createprofile,380,0,17
1778856654975,38,SearchIndividual,200,OK,SearchIndividual 2-21,text,true,,621,2613,1,7,https://api-scuda.uat.oci.krungsri.tech/ords/api/v1/customer/individual/searchprofile,38,0,22
1778856654872,197,UpdateJuristic,200,OK,UpdateJuristic 8-20,text,true,,800,5810,2,9,https://api-scuda.uat.oci.krungsri.tech/ic/api/v1/customer/juristic/updateprofile,197,0,31
1778856655039,40,SearchJuristic,200,OK,SearchJuristic 6-21,text,true,,621,2630,1,8,https://api-scuda.uat.oci.krungsri.tech/ords/api/v1/customer/juristic/searchprofile,39,0,21
1778856654830,260,CreateJoint,200,OK,CreateJoint 11-20,text,true,,1813,5782,2,7,https://api-scuda.uat.oci.krungsri.tech/ic/api/v1/customer/joint/createprofile,260,0,15
1778856654856,248,GetJuristic,200,OK,GetJuristic 5-21,text,true,,3522,3533,1,6,https://api-scuda.uat.oci.krungsri.tech/ic/api/v1/customer/juristic/getprofile,248,0,16
1778856655036,95,GetJoint,200,OK,GetJoint 9-21,text,true,,1431,3530,1,5,https://api-scuda.uat.oci.krungsri.tech/ic/api/v1/customer/joint/getprofile,95,0,20
1778856655186,25,SearchJuristic,200,OK,SearchJuristic 6-22,text,true,,621,2603,2,7,https://api-scuda.uat.oci.krungsri.tech/ords/api/v1/customer/juristic/searchprofile,25,0,13
1778856655203,27,SearchJuristic,200,OK,SearchJuristic 6-23,text,true,,621,2610,1,8,https://api-scuda.uat.oci.krungsri.tech/ords/api/v1/customer/juristic/searchprofile,27,0,16
1778856655045,192,CreateJoint,200,OK,CreateJoint 11-21,text,true,,1813,5717,2,7,https://api-scuda.uat.oci.krungsri.tech/ic/api/v1/customer/joint/createprofile,192,0,20
1778856654940,309,CreateIndividual,201,Created,CreateIndividual 3-21,text,true,,1172,8263,1,7,https://api-scuda.uat.oci.krungsri.tech/ic/api/v1/customer/individual/createprofile,309,0,23
1778856654898,381,CreateJuristic,201,Created,CreateJuristic 7-21,text,true,,1171,7619,2,7,https://api-scuda.uat.oci.krungsri.tech/ic/api/v1/customer/juristic/createprofile,381,0,19
1778856654945,379,UpdateJuristic,200,OK,UpdateJuristic 8-21,text,true,,800,5781,2,8,https://api-scuda.uat.oci.krungsri.tech/ic/api/v1/customer/juristic/updateprofile,379,0,21
1778856655218,112,UpdateIndividual,200,OK,UpdateIndividual 4-22,text,true,,800,4227,2,7,https://api-scuda.uat.oci.krungsri.tech/ic/api/v1/customer/individual/updateprofile,112,0,16
1778856655224,132,UpdateJoint,200,OK,UpdateJoint 12-22,text,true,,800,4596,1,7,https://api-scuda.uat.oci.krungsri.tech/ic/api/v1/customer/joint/updateprofile,132,0,18
1778856655339,31,SearchJoint,200,OK,SearchJoint 10-22,text,true,,621,2627,1,7,https://api-scuda.uat.oci.krungsri.tech/ords/api/v1/customer/joint/searchprofile,30,0,20
1778856655294,91,GetJuristic,200,OK,GetJuristic 5-22,text,true,,3486,3533,1,7,https://api-scuda.uat.oci.krungsri.tech/ic/api/v1/customer/juristic/getprofile,91,0,20
1778856655251,142,UpdateJuristic,200,OK,UpdateJuristic 8-22,text,true,,800,4423,1,6,https://api-scuda.uat.oci.krungsri.tech/ic/api/v1/customer/juristic/updateprofile,142,0,16
1778856655297,153,UpdateIndividual,200,OK,UpdateIndividual 4-23,text,true,,800,5605,1,7,https://api-scuda.uat.oci.krungsri.tech/ic/api/v1/customer/individual/updateprofile,153,0,15
1778856655204,252,CreateJoint,200,OK,CreateJoint 11-22,text,true,,1813,6074,1,6,https://api-scuda.uat.oci.krungsri.tech/ic/api/v1/customer/joint/createprofile,252,0,10
1778856655396,85,GetJuristic,200,OK,GetJuristic 5-23,text,true,,3511,3533,1,6,https://api-scuda.uat.oci.krungsri.tech/ic/api/v1/customer/juristic/getprofile,85,0,13
1778856655361,139,UpdateJoint,200,OK,UpdateJoint 12-23,text,true,,799,4536,2,5,https://api-scuda.uat.oci.krungsri.tech/ic/api/v1/customer/joint/updateprofile,139,0,13
1778856655415,143,UpdateJuristic,200,OK,UpdateJuristic 8-23,text,true,,800,4425,2,5,https://api-scuda.uat.oci.krungsri.tech/ic/api/v1/customer/juristic/updateprofile,143,0,15
1778856655575,27,SearchIndividual,200,OK,SearchIndividual 2-22,text,true,,621,2613,1,5,https://api-scuda.uat.oci.krungsri.tech/ords/api/v1/customer/individual/searchprofile,26,0,16
1778856655278,359,CreateJuristic,201,Created,CreateJuristic 7-22,text,true,,1172,8062,2,5,https://api-scuda.uat.oci.krungsri.tech/ic/api/v1/customer/juristic/createprofile,359,0,24
1778856655619,29,SearchIndividual,200,OK,SearchIndividual 2-23,text,true,,621,2613,1,4,https://api-scuda.uat.oci.krungsri.tech/ords/api/v1/customer/individual/searchprofile,29,0,14
1778856655534,132,UpdateJuristic,200,OK,UpdateJuristic 8-24,text,true,,800,4433,1,4,https://api-scuda.uat.oci.krungsri.tech/ic/api/v1/customer/juristic/updateprofile,132,0,16
1778856655470,236,UpdateJoint,200,OK,UpdateJoint 12-24,text,true,,800,4494,1,4,https://api-scuda.uat.oci.krungsri.tech/ic/api/v1/customer/joint/updateprofile,236,0,20
1778856655382,351,CreateJuristic,201,Created,CreateJuristic 7-23,text,true,,1172,7758,1,3,https://api-scuda.uat.oci.krungsri.tech/ic/api/v1/customer/juristic/createprofile,351,0,11
1778856655687,85,GetIndividual,200,OK,GetIndividual 1-22,text,true,,3875,3588,1,5,https://api-scuda.uat.oci.krungsri.tech/ic/api/v1/customer/individual/getprofile,85,0,16
1778856655743,92,GetJuristic,200,OK,GetJuristic 5-24,text,true,,3509,3533,1,7,https://api-scuda.uat.oci.krungsri.tech/ic/api/v1/customer/juristic/getprofile,92,0,20
1778856655849,35,SearchIndividual,200,OK,SearchIndividual 2-24,text,true,,621,2622,1,7,https://api-scuda.uat.oci.krungsri.tech/ords/api/v1/customer/individual/searchprofile,35,0,23
1778856655804,86,GetJoint,200,OK,GetJoint 9-23,text,true,,1429,3530,2,6,https://api-scuda.uat.oci.krungsri.tech/ic/api/v1/customer/joint/getprofile,86,0,21
1778856655766,162,GetJoint,200,OK,GetJoint 9-22,text,true,,1431,3530,1,5,https://api-scuda.uat.oci.krungsri.tech/ic/api/v1/customer/joint/getprofile,162,0,14
1778856655799,135,UpdateIndividual,200,OK,UpdateIndividual 4-24,text,true,,800,4227,1,4,https://api-scuda.uat.oci.krungsri.tech/ic/api/v1/customer/individual/updateprofile,135,0,26
1778856655746,193,CreateJoint,200,OK,CreateJoint 11-23,text,true,,1812,6058,2,4,https://api-scuda.uat.oci.krungsri.tech/ic/api/v1/customer/joint/createprofile,193,0,17
1778856655652,314,CreateIndividual,201,Created,CreateIndividual 3-22,text,true,,1171,7982,1,4,https://api-scuda.uat.oci.krungsri.tech/ic/api/v1/customer/individual/createprofile,314,0,19
1778856655987,32,SearchJoint,200,OK,SearchJoint 10-23,text,true,,621,2627,1,4,https://api-scuda.uat.oci.krungsri.tech/ords/api/v1/customer/joint/searchprofile,32,0,17
1778856655962,84,GetIndividual,200,OK,GetIndividual 1-23,text,true,,3853,3588,1,4,https://api-scuda.uat.oci.krungsri.tech/ic/api/v1/customer/individual/getprofile,84,0,19
1778856656025,91,GetJoint,200,OK,GetJoint 9-24,text,true,,1429,3530,1,7,https://api-scuda.uat.oci.krungsri.tech/ic/api/v1/customer/joint/getprofile,91,0,19
1778856656104,34,SearchJuristic,200,OK,SearchJuristic 6-24,text,true,,621,2621,1,7,https://api-scuda.uat.oci.krungsri.tech/ords/api/v1/customer/juristic/searchprofile,34,0,17
1778856655941,197,CreateJoint,200,OK,CreateJoint 11-24,text,true,,1813,6146,1,7,https://api-scuda.uat.oci.krungsri.tech/ic/api/v1/customer/joint/createprofile,197,0,14
1778856656122,23,SearchJoint,200,OK,SearchJoint 10-24,text,true,,620,2626,1,6,https://api-scuda.uat.oci.krungsri.tech/ords/api/v1/customer/joint/searchprofile,23,0,12
1778856655826,349,CreateJuristic,201,Created,CreateJuristic 7-24,text,true,,1172,8238,1,5,https://api-scuda.uat.oci.krungsri.tech/ic/api/v1/customer/juristic/createprofile,349,0,20
1778856656102,144,GetIndividual,200,OK,GetIndividual 1-24,text,true,,3857,3588,1,5,https://api-scuda.uat.oci.krungsri.tech/ic/api/v1/customer/individual/getprofile,144,0,15
1778856656146,136,UpdateJoint,200,OK,UpdateJoint 12-25,text,true,,800,4499,1,4,https://api-scuda.uat.oci.krungsri.tech/ic/api/v1/customer/joint/updateprofile,136,0,18
1778856656200,89,GetJoint,200,OK,GetJoint 9-25,text,true,,1431,3530,1,3,https://api-scuda.uat.oci.krungsri.tech/ic/api/v1/customer/joint/getprofile,89,0,17
1778856656068,298,CreateIndividual,201,Created,CreateIndividual 3-23,text,true,,1172,8447,3,7,https://api-scuda.uat.oci.krungsri.tech/ic/api/v1/customer/individual/createprofile,298,0,13
1778856656338,29,SearchJuristic,200,OK,SearchJuristic 6-25,text,true,,621,2615,1,6,https://api-scuda.uat.oci.krungsri.tech/ords/api/v1/customer/juristic/searchprofile,29,0,15
1778856656109,309,CreateIndividual,201,Created,CreateIndividual 3-24,text,true,,1172,8344,2,8,https://api-scuda.uat.oci.krungsri.tech/ic/api/v1/customer/individual/createprofile,309,0,15
1778856656368,86,GetIndividual,200,OK,GetIndividual 1-25,text,true,,3803,3588,2,8,https://api-scuda.uat.oci.krungsri.tech/ic/api/v1/customer/individual/getprofile,86,0,10
1778856656300,160,UpdateIndividual,200,OK,UpdateIndividual 4-25,text,true,,800,5588,2,7,https://api-scuda.uat.oci.krungsri.tech/ic/api/v1/customer/individual/updateprofile,160,0,20
1778856656479,31,SearchJoint,200,OK,SearchJoint 10-25,text,true,,621,2627,1,8,https://api-scuda.uat.oci.krungsri.tech/ords/api/v1/customer/joint/searchprofile,31,0,20
1778856656502,31,SearchJuristic,200,OK,SearchJuristic 6-26,text,true,,8661,2611,1,8,https://api-scuda.uat.oci.krungsri.tech/ords/api/v1/customer/juristic/searchprofile,31,0,19
1778856656369,185,GetIndividual,200,OK,GetIndividual 1-26,text,true,,3817,3588,1,7,https://api-scuda.uat.oci.krungsri.tech/ic/api/v1/customer/individual/getprofile,185,0,22
1778856656452,147,UpdateJuristic,200,OK,UpdateJuristic 8-26,text,true,,800,4427,2,7,https://api-scuda.uat.oci.krungsri.tech/ic/api/v1/customer/juristic/updateprofile,147,0,20
1778856656609,27,SearchJoint,200,OK,SearchJoint 10-26,text,true,,621,2627,1,8,https://api-scuda.uat.oci.krungsri.tech/ords/api/v1/customer/joint/searchprofile,26,0,16
1778856656315,328,UpdateIndividual,200,OK,UpdateIndividual 4-26,text,true,,800,4227,1,7,https://api-scuda.uat.oci.krungsri.tech/ic/api/v1/customer/individual/updateprofile,328,0,15
1778856656415,250,CreateJoint,200,OK,CreateJoint 11-25,text,true,,1813,5684,1,8,https://api-scuda.uat.oci.krungsri.tech/ic/api/v1/customer/joint/createprofile,250,0,20
1778856656655,89,GetJuristic,200,OK,GetJuristic 5-25,text,true,,3530,3533,1,8,https://api-scuda.uat.oci.krungsri.tech/ic/api/v1/customer/juristic/getprofile,89,0,16
1778856656634,122,UpdateJoint,200,OK,UpdateJoint 12-26,text,true,,800,4564,1,7,https://api-scuda.uat.oci.krungsri.tech/ic/api/v1/customer/joint/updateprofile,122,0,12
1778856656657,149,UpdateJuristic,200,OK,UpdateJuristic 8-27,text,true,,800,4419,2,8,https://api-scuda.uat.oci.krungsri.tech/ic/api/v1/customer/juristic/updateprofile,149,0,18
1778856656516,301,CreateIndividual,201,Created,CreateIndividual 3-26,text,true,,1171,8204,3,7,https://api-scuda.uat.oci.krungsri.tech/ic/api/v1/customer/individual/createprofile,301,0,15
1778856656368,456,UpdateJuristic,200,OK,UpdateJuristic 8-25,text,true,,800,4427,1,6,https://api-scuda.uat.oci.krungsri.tech/ic/api/v1/customer/juristic/updateprofile,456,0,20
1778856656869,23,SearchJoint,200,OK,SearchJoint 10-27,text,true,,621,2627,1,9,https://api-scuda.uat.oci.krungsri.tech/ords/api/v1/customer/joint/searchprofile,23,0,13
1778856656798,103,GetJuristic,200,OK,GetJuristic 5-26,text,true,,3460,3533,1,9,https://api-scuda.uat.oci.krungsri.tech/ic/api/v1/customer/juristic/getprofile,103,0,20
1778856656764,140,UpdateJoint,200,OK,UpdateJoint 12-27,text,true,,800,4548,1,8,https://api-scuda.uat.oci.krungsri.tech/ic/api/v1/customer/joint/updateprofile,140,0,18
1778856656900,25,SearchJuristic,200,OK,SearchJuristic 6-27,text,true,,621,2611,1,9,https://api-scuda.uat.oci.krungsri.tech/ords/api/v1/customer/juristic/searchprofile,25,0,13
1778856656839,97,GetIndividual,200,OK,GetIndividual 1-27,text,true,,3892,3588,1,8,https://api-scuda.uat.oci.krungsri.tech/ic/api/v1/customer/individual/getprofile,97,0,19
1778856656913,29,SearchIndividual,200,OK,SearchIndividual 2-26,text,true,,621,2603,2,7,https://api-scuda.uat.oci.krungsri.tech/ords/api/v1/customer/individual/searchprofile,29,0,18
1778856656908,38,SearchIndividual,200,OK,SearchIndividual 2-25,text,true,,621,2603,1,6,https://api-scuda.uat.oci.krungsri.tech/ords/api/v1/customer/individual/searchprofile,38,0,18
1778856656860,87,GetJoint,200,OK,GetJoint 9-26,text,true,,1431,3530,1,5,https://api-scuda.uat.oci.krungsri.tech/ic/api/v1/customer/joint/getprofile,87,0,17
1778856656842,124,UpdateIndividual,200,OK,UpdateIndividual 4-27,text,true,,800,4226,1,4,https://api-scuda.uat.oci.krungsri.tech/ic/api/v1/customer/individual/updateprofile,124,0,22
1778856656316,700,CreateIndividual,201,Created,CreateIndividual 3-25,text,true,,1171,8458,2,5,https://api-scuda.uat.oci.krungsri.tech/ic/api/v1/customer/individual/createprofile,700,0,15
1778856656971,103,GetJoint,200,OK,GetJoint 9-27,text,true,,1431,3530,1,4,https://api-scuda.uat.oci.krungsri.tech/ic/api/v1/customer/joint/getprofile,103,0,30
1778856657085,28,SearchIndividual,200,OK,SearchIndividual 2-27,text,true,,621,2641,1,7,https://api-scuda.uat.oci.krungsri.tech/ords/api/v1/customer/individual/searchprofile,28,0,16
1778856656744,372,CreateJuristic,201,Created,CreateJuristic 7-25,text,true,,1172,8121,2,6,https://api-scuda.uat.oci.krungsri.tech/ic/api/v1/customer/juristic/createprofile,372,0,23
1778856656563,607,CreateIndividual,201,Created,CreateIndividual 3-27,text,true,,1172,8136,1,9,https://api-scuda.uat.oci.krungsri.tech/ic/api/v1/customer/individual/createprofile,607,0,21
1778856657097,99,GetJuristic,200,OK,GetJuristic 5-27,text,true,,3537,3533,2,9,https://api-scuda.uat.oci.krungsri.tech/ic/api/v1/customer/juristic/getprofile,99,0,21
1778856657195,28,SearchJoint,200,OK,SearchJoint 10-28,text,true,,621,2627,1,9,https://api-scuda.uat.oci.krungsri.tech/ords/api/v1/customer/joint/searchprofile,28,0,17
1778856657198,28,SearchJuristic,200,OK,SearchJuristic 6-28,text,true,,621,2612,1,10,https://api-scuda.uat.oci.krungsri.tech/ords/api/v1/customer/juristic/searchprofile,28,0,18
1778856657015,220,CreateJoint,200,OK,CreateJoint 11-26,text,true,,1813,5919,2,9,https://api-scuda.uat.oci.krungsri.tech/ic/api/v1/customer/joint/createprofile,220,0,25
1778856657159,81,GetJoint,200,OK,GetJoint 9-28,text,true,,1431,3530,1,8,https://api-scuda.uat.oci.krungsri.tech/ic/api/v1/customer/joint/getprofile,81,0,14
1778856657164,87,GetJuristic,200,OK,GetJuristic 5-28,text,true,,3474,3533,1,7,https://api-scuda.uat.oci.krungsri.tech/ic/api/v1/customer/juristic/getprofile,87,0,18
1778856657227,86,GetIndividual,200,OK,GetIndividual 1-28,text,true,,3809,3588,1,11,https://api-scuda.uat.oci.krungsri.tech/ic/api/v1/customer/individual/getprofile,86,0,14
1778856657106,225,CreateJoint,200,OK,CreateJoint 11-27,text,true,,1813,5769,1,11,https://api-scuda.uat.oci.krungsri.tech/ic/api/v1/customer/joint/createprofile,225,0,12
1778856657317,29,SearchJoint,200,OK,SearchJoint 10-29,text,true,,621,2627,1,12,https://api-scuda.uat.oci.krungsri.tech/ords/api/v1/customer/joint/searchprofile,29,0,19
1778856657256,120,UpdateIndividual,200,OK,UpdateIndividual 4-28,text,true,,800,4227,2,12,https://api-scuda.uat.oci.krungsri.tech/ic/api/v1/customer/individual/updateprofile,120,0,17
1778856657275,108,UpdateIndividual,200,OK,UpdateIndividual 4-29,text,true,,800,4229,1,11,https://api-scuda.uat.oci.krungsri.tech/ic/api/v1/customer/individual/updateprofile,108,0,17
1778856657256,137,UpdateJoint,200,OK,UpdateJoint 12-28,text,true,,800,4547,1,10,https://api-scuda.uat.oci.krungsri.tech/ic/api/v1/customer/joint/updateprofile,137,0,16
1778856657376,23,SearchJuristic,200,OK,SearchJuristic 6-29,text,true,,621,2611,1,9,https://api-scuda.uat.oci.krungsri.tech/ords/api/v1/customer/juristic/searchprofile,23,0,13
1778856657337,85,GetJoint,200,OK,GetJoint 9-29,text,true,,1428,3529,1,10,https://api-scuda.uat.oci.krungsri.tech/ic/api/v1/customer/joint/getprofile,85,0,17
1778856657334,89,GetJuristic,200,OK,GetJuristic 5-29,text,true,,3521,3533,2,9,https://api-scuda.uat.oci.krungsri.tech/ic/api/v1/customer/juristic/getprofile,89,0,20
1778856657405,75,GetJuristic,200,OK,GetJuristic 5-30,text,true,,3452,3533,1,10,https://api-scuda.uat.oci.krungsri.tech/ic/api/v1/customer/juristic/getprofile,75,0,14
1778856657135,362,CreateJuristic,201,Created,CreateJuristic 7-28,text,true,,1172,7666,4,9,https://api-scuda.uat.oci.krungsri.tech/ic/api/v1/customer/juristic/createprofile,362,0,18
1778856657126,374,CreateJuristic,201,Created,CreateJuristic 7-27,text,true,,1172,7893,3,8,https://api-scuda.uat.oci.krungsri.tech/ic/api/v1/customer/juristic/createprofile,374,0,16
1778856657230,296,CreateIndividual,201,Created,CreateIndividual 3-28,text,true,,1172,8241,3,9,https://api-scuda.uat.oci.krungsri.tech/ic/api/v1/customer/individual/createprofile,296,0,8
1778856657505,33,SearchJoint,200,OK,SearchJoint 10-30,text,true,,621,2627,1,8,https://api-scuda.uat.oci.krungsri.tech/ords/api/v1/customer/joint/searchprofile,33,0,16
1778856657549,26,SearchIndividual,200,OK,SearchIndividual 2-28,text,true,,621,2625,1,9,https://api-scuda.uat.oci.krungsri.tech/ords/api/v1/customer/individual/searchprofile,26,0,16
1778856657424,157,UpdateIndividual,200,OK,UpdateIndividual 4-30,text,true,,800,5608,2,8,https://api-scuda.uat.oci.krungsri.tech/ic/api/v1/customer/individual/updateprofile,157,0,20
1778856657289,306,CreateIndividual,201,Created,CreateIndividual 3-29,text,true,,1172,7980,2,8,https://api-scuda.uat.oci.krungsri.tech/ic/api/v1/customer/individual/createprofile,306,0,13
1778856657258,342,CreateJuristic,201,Created,CreateJuristic 7-29,text,true,,1172,7841,2,7,https://api-scuda.uat.oci.krungsri.tech/ic/api/v1/customer/juristic/createprofile,342,0,17
1778856657091,509,CreateJuristic,201,Created,CreateJuristic 7-26,text,true,,1172,7923,2,7,https://api-scuda.uat.oci.krungsri.tech/ic/api/v1/customer/juristic/createprofile,509,0,15
1778856657540,91,GetJoint,200,OK,GetJoint 9-30,text,true,,1431,3530,1,6,https://api-scuda.uat.oci.krungsri.tech/ic/api/v1/customer/joint/getprofile,91,0,20
1778856657617,26,SearchJuristic,200,OK,SearchJuristic 6-30,text,true,,621,2607,1,5,https://api-scuda.uat.oci.krungsri.tech/ords/api/v1/customer/juristic/searchprofile,26,0,16
1778856657588,94,GetJuristic,200,OK,GetJuristic 5-31,text,true,,3520,3533,1,5,https://api-scuda.uat.oci.krungsri.tech/ic/api/v1/customer/juristic/getprofile,94,0,17
1778856657526,157,UpdateIndividual,200,OK,UpdateIndividual 4-31,text,true,,800,5547,1,5,https://api-scuda.uat.oci.krungsri.tech/ic/api/v1/customer/individual/updateprofile,157,0,14
1778856657462,259,UpdateJoint,200,OK,UpdateJoint 12-29,text,true,,800,3614,1,4,https://api-scuda.uat.oci.krungsri.tech/ic/api/v1/customer/joint/updateprofile,259,0,20
1778856657427,301,CreateIndividual,201,Created,CreateIndividual 3-30,text,true,,1172,8023,1,3,https://api-scuda.uat.oci.krungsri.tech/ic/api/v1/customer/individual/createprofile,301,0,17
1778856657671,182,UpdateJuristic,200,OK,UpdateJuristic 8-28,text,true,,800,5779,2,3,https://api-scuda.uat.oci.krungsri.tech/ic/api/v1/customer/juristic/updateprofile,182,0,18
1778856657833,26,SearchIndividual,200,OK,SearchIndividual 2-29,text,true,,621,2610,1,3,https://api-scuda.uat.oci.krungsri.tech/ords/api/v1/customer/individual/searchprofile,25,0,14
1778856657693,177,UpdateJuristic,200,OK,UpdateJuristic 8-29,text,true,,800,5822,1,3,https://api-scuda.uat.oci.krungsri.tech/ic/api/v1/customer/juristic/updateprofile,177,0,11
1778856657857,90,GetIndividual,200,OK,GetIndividual 1-29,text,true,,3867,3588,1,7,https://api-scuda.uat.oci.krungsri.tech/ic/api/v1/customer/individual/getprofile,90,0,12
1778856657930,31,SearchJoint,200,OK,SearchJoint 10-31,text,true,,620,2626,1,10,https://api-scuda.uat.oci.krungsri.tech/ords/api/v1/customer/joint/searchprofile,31,0,19
1778856657949,40,SearchJuristic,200,OK,SearchJuristic 6-31,text,true,,621,2611,1,10,https://api-scuda.uat.oci.krungsri.tech/ords/api/v1/customer/juristic/searchprofile,40,0,23
1778856657875,135,UpdateJoint,200,OK,UpdateJoint 12-30,text,true,,800,4569,2,10,https://api-scuda.uat.oci.krungsri.tech/ic/api/v1/customer/joint/updateprofile,135,0,20
1778856657956,97,GetIndividual,200,OK,GetIndividual 1-30,text,true,,3875,3588,2,10,https://api-scuda.uat.oci.krungsri.tech/ic/api/v1/customer/individual/getprofile,97,0,26
1778856657960,121,GetIndividual,200,OK,GetIndividual 1-31,text,true,,3814,3588,1,11,https://api-scuda.uat.oci.krungsri.tech/ic/api/v1/customer/individual/getprofile,121,0,20
1778856657872,246,CreateJoint,200,OK,CreateJoint 11-28,text,true,,1812,6042,4,13,https://api-scuda.uat.oci.krungsri.tech/ic/api/v1/customer/joint/createprofile,246,0,18
1778856658089,31,SearchIndividual,200,OK,SearchIndividual 2-30,text,true,,621,2613,2,12,https://api-scuda.uat.oci.krungsri.tech/ords/api/v1/customer/individual/searchprofile,31,0,20
1778856657980,144,UpdateJuristic,200,OK,UpdateJuristic 8-30,text,true,,800,4429,2,11,https://api-scuda.uat.oci.krungsri.tech/ic/api/v1/customer/juristic/updateprofile,144,0,19
1778856658005,131,UpdateJoint,200,OK,UpdateJoint 12-31,text,true,,800,4526,1,10,https://api-scuda.uat.oci.krungsri.tech/ic/api/v1/customer/joint/updateprofile,131,0,16
1778856658118,25,SearchIndividual,200,OK,SearchIndividual 2-31,text,true,,621,2641,1,10,https://api-scuda.uat.oci.krungsri.tech/ords/api/v1/customer/individual/searchprofile,25,0,14
1778856658100,91,GetJoint,200,OK,GetJoint 9-31,text,true,,1431,3530,1,9,https://api-scuda.uat.oci.krungsri.tech/ic/api/v1/customer/joint/getprofile,91,0,16
1778856657892,304,CreateIndividual,201,Created,CreateIndividual 3-31,text,true,,1172,8607,1,8,https://api-scuda.uat.oci.krungsri.tech/ic/api/v1/customer/individual/createprofile,304,0,17
1778856657921,279,CreateJoint,200,OK,CreateJoint 11-29,text,true,,1813,5965,3,7,https://api-scuda.uat.oci.krungsri.tech/ic/api/v1/customer/joint/createprofile,279,0,19
1778856658052,178,UpdateJuristic,200,OK,UpdateJuristic 8-31,text,true,,799,5774,1,6,https://api-scuda.uat.oci.krungsri.tech/ic/api/v1/customer/juristic/updateprofile,178,0,17
1778856658138,99,GetIndividual,200,OK,GetIndividual 1-32,text,true,,3800,3588,1,6,https://api-scuda.uat.oci.krungsri.tech/ic/api/v1/customer/individual/getprofile,99,0,16
1778856657896,413,CreateJuristic,201,Created,CreateJuristic 7-30,text,true,,1172,7860,3,9,https://api-scuda.uat.oci.krungsri.tech/ic/api/v1/customer/juristic/createprofile,413,0,18
1778856658280,30,SearchJoint,200,OK,SearchJoint 10-32,text,true,,621,2627,1,9,https://api-scuda.uat.oci.krungsri.tech/ords/api/v1/customer/joint/searchprofile,30,0,19
1778856658068,259,CreateJoint,200,OK,CreateJoint 11-31,text,true,,1813,6104,2,9,https://api-scuda.uat.oci.krungsri.tech/ic/api/v1/customer/joint/createprofile,259,0,18
1778856658068,264,CreateJoint,200,OK,CreateJoint 11-30,text,true,,1813,5722,1,8,https://api-scuda.uat.oci.krungsri.tech/ic/api/v1/customer/joint/createprofile,264,0,11
1778856658309,25,SearchJuristic,200,OK,SearchJuristic 6-32,text,true,,621,2611,2,7,https://api-scuda.uat.oci.krungsri.tech/ords/api/v1/customer/juristic/searchprofile,25,0,14
1778856658237,114,GetJoint,200,OK,GetJoint 9-32,text,true,,1431,3530,1,6,https://api-scuda.uat.oci.krungsri.tech/ic/api/v1/customer/joint/getprofile,114,0,38
1778856658329,32,SearchJuristic,200,OK,SearchJuristic 6-33,text,true,,621,2611,1,5,https://api-scuda.uat.oci.krungsri.tech/ords/api/v1/customer/juristic/searchprofile,32,0,18
1778856658310,86,GetIndividual,200,OK,GetIndividual 1-33,text,true,,3897,3588,1,7,https://api-scuda.uat.oci.krungsri.tech/ic/api/v1/customer/individual/getprofile,86,0,19
1778856658397,28,SearchIndividual,200,OK,SearchIndividual 2-32,text,true,,621,2604,1,7,https://api-scuda.uat.oci.krungsri.tech/ords/api/v1/customer/individual/searchprofile,28,0,16
1778856658367,87,GetJoint,200,OK,GetJoint 9-33,text,true,,1431,3530,1,7,https://api-scuda.uat.oci.krungsri.tech/ic/api/v1/customer/joint/getprofile,87,0,16
1778856658374,89,GetJuristic,200,OK,GetJuristic 5-32,text,true,,3511,3533,1,6,https://api-scuda.uat.oci.krungsri.tech/ic/api/v1/customer/juristic/getprofile,89,0,21
1778856658437,30,SearchIndividual,200,OK,SearchIndividual 2-33,text,true,,621,2613,1,6,https://api-scuda.uat.oci.krungsri.tech/ords/api/v1/customer/individual/searchprofile,29,0,18
1778856658300,184,UpdateJuristic,200,OK,UpdateJuristic 8-32,text,true,,800,5773,1,6,https://api-scuda.uat.oci.krungsri.tech/ic/api/v1/customer/juristic/updateprofile,184,0,29
1778856658480,91,GetJuristic,200,OK,GetJuristic 5-33,text,true,,3443,3533,1,7,https://api-scuda.uat.oci.krungsri.tech/ic/api/v1/customer/juristic/getprofile,91,0,20
1778856657952,623,CreateJuristic,201,Created,CreateJuristic 7-31,text,true,,1172,7952,3,6,https://api-scuda.uat.oci.krungsri.tech/ic/api/v1/customer/juristic/createprofile,623,0,22
1778856658254,345,CreateJuristic,201,Created,CreateJuristic 7-32,text,true,,1172,8181,2,8,https://api-scuda.uat.oci.krungsri.tech/ic/api/v1/customer/juristic/createprofile,345,0,8
1778856658403,200,CreateJoint,200,OK,CreateJoint 11-32,text,true,,1813,5626,1,7,https://api-scuda.uat.oci.krungsri.tech/ic/api/v1/customer/joint/createprofile,200,0,17
1778856658627,30,SearchJuristic,200,OK,SearchJuristic 6-34,text,true,,621,2611,1,9,https://api-scuda.uat.oci.krungsri.tech/ords/api/v1/customer/juristic/searchprofile,30,0,19
1778856658583,90,GetIndividual,200,OK,GetIndividual 1-34,text,true,,3872,3588,2,11,https://api-scuda.uat.oci.krungsri.tech/ic/api/v1/customer/individual/getprofile,90,0,18
1778856658700,27,SearchJoint,200,OK,SearchJoint 10-33,text,true,,621,2627,1,12,https://api-scuda.uat.oci.krungsri.tech/ords/api/v1/customer/joint/searchprofile,27,0,14
1778856658666,80,GetJoint,200,OK,GetJoint 9-34,text,true,,1431,3530,1,12,https://api-scuda.uat.oci.krungsri.tech/ic/api/v1/customer/joint/getprofile,80,0,14
1778856658652,94,GetIndividual,200,OK,GetIndividual 1-35,text,true,,3854,3588,1,12,https://api-scuda.uat.oci.krungsri.tech/ic/api/v1/customer/individual/getprofile,94,0,18
1778856658659,93,GetJuristic,200,OK,GetJuristic 5-34,text,true,,3462,3533,1,11,https://api-scuda.uat.oci.krungsri.tech/ic/api/v1/customer/juristic/getprofile,93,0,16
1778856658571,183,UpdateJuristic,200,OK,UpdateJuristic 8-33,text,true,,800,5782,3,10,https://api-scuda.uat.oci.krungsri.tech/ic/api/v1/customer/juristic/updateprofile,183,0,16
1778856658743,29,SearchJoint,200,OK,SearchJoint 10-34,text,true,,621,2627,1,10,https://api-scuda.uat.oci.krungsri.tech/ords/api/v1/customer/joint/searchprofile,29,0,18
1778856658750,25,SearchIndividual,200,OK,SearchIndividual 2-34,text,true,,621,2600,1,9,https://api-scuda.uat.oci.krungsri.tech/ords/api/v1/customer/individual/searchprofile,25,0,14
1778856658602,183,UpdateJuristic,200,OK,UpdateJuristic 8-34,text,true,,800,5779,2,8,https://api-scuda.uat.oci.krungsri.tech/ic/api/v1/customer/juristic/updateprofile,183,0,20
1778856658634,152,UpdateIndividual,200,OK,UpdateIndividual 4-32,text,true,,799,5509,1,7,https://api-scuda.uat.oci.krungsri.tech/ic/api/v1/customer/individual/updateprofile,152,0,18
1778856658468,375,CreateIndividual,201,Created,CreateIndividual 3-32,text,true,,1172,8503,3,8,https://api-scuda.uat.oci.krungsri.tech/ic/api/v1/customer/individual/createprofile,375,0,20
1778856658671,172,UpdateJoint,200,OK,UpdateJoint 12-32,text,true,,800,3614,1,8,https://api-scuda.uat.oci.krungsri.tech/ic/api/v1/customer/joint/updateprofile,172,0,13
1778856658522,356,CreateJuristic,201,Created,CreateJuristic 7-33,text,true,,1172,7593,2,7,https://api-scuda.uat.oci.krungsri.tech/ic/api/v1/customer/juristic/createprofile,356,0,15
1778856658725,154,UpdateJuristic,200,OK,UpdateJuristic 8-35,text,true,,800,4426,1,6,https://api-scuda.uat.oci.krungsri.tech/ic/api/v1/customer/juristic/updateprofile,154,0,21
1778856658601,307,CreateIndividual,201,Created,CreateIndividual 3-33,text,true,,1172,8018,2,7,https://api-scuda.uat.oci.krungsri.tech/ic/api/v1/customer/individual/createprofile,307,0,17
1778856658853,90,GetJuristic,200,OK,GetJuristic 5-35,text,true,,3482,3533,1,9,https://api-scuda.uat.oci.krungsri.tech/ic/api/v1/customer/juristic/getprofile,90,0,20
1778856658810,208,UpdateIndividual,200,OK,UpdateIndividual 4-33,text,true,,800,4227,3,13,https://api-scuda.uat.oci.krungsri.tech/ic/api/v1/customer/individual/updateprofile,208,0,15
1778856658946,89,GetJoint,200,OK,GetJoint 9-35,text,true,,1431,3530,1,12,https://api-scuda.uat.oci.krungsri.tech/ic/api/v1/customer/joint/getprofile,89,0,16
1778856658899,140,UpdateJoint,200,OK,UpdateJoint 12-33,text,true,,800,4562,3,11,https://api-scuda.uat.oci.krungsri.tech/ic/api/v1/customer/joint/updateprofile,140,0,24
1778856658759,294,CreateIndividual,201,Created,CreateIndividual 3-34,text,true,,1172,8207,2,11,https://api-scuda.uat.oci.krungsri.tech/ic/api/v1/customer/individual/createprofile,294,0,15
1778856658897,164,UpdateIndividual,200,OK,UpdateIndividual 4-34,text,true,,800,5600,2,11,https://api-scuda.uat.oci.krungsri.tech/ic/api/v1/customer/individual/updateprofile,164,0,26
1778856659042,30,SearchJuristic,200,OK,SearchJuristic 6-35,text,true,,621,2611,1,11,https://api-scuda.uat.oci.krungsri.tech/ords/api/v1/customer/juristic/searchprofile,30,0,19
1778856658935,160,UpdateJoint,200,OK,UpdateJoint 12-34,text,true,,800,4567,2,10,https://api-scuda.uat.oci.krungsri.tech/ic/api/v1/customer/joint/updateprofile,160,0,37
1778856658985,116,UpdateIndividual,200,OK,UpdateIndividual 4-35,text,true,,800,4227,1,9,https://api-scuda.uat.oci.krungsri.tech/ic/api/v1/customer/individual/updateprofile,116,0,16
1778856659072,32,SearchJoint,200,OK,SearchJoint 10-35,text,true,,621,2627,1,8,https://api-scuda.uat.oci.krungsri.tech/ords/api/v1/customer/joint/searchprofile,32,0,17
1778856659108,24,SearchIndividual,200,OK,SearchIndividual 2-35,text,true,,620,2601,1,8,https://api-scuda.uat.oci.krungsri.tech/ords/api/v1/customer/individual/searchprofile,24,0,12
1778856659005,154,UpdateJoint,200,OK,UpdateJoint 12-35,text,true,,800,4487,1,7,https://api-scuda.uat.oci.krungsri.tech/ic/api/v1/customer/joint/updateprofile,154,0,18
1778856659166,30,SearchJoint,200,OK,SearchJoint 10-36,text,true,,620,2626,2,9,https://api-scuda.uat.oci.krungsri.tech/ords/api/v1/customer/joint/searchprofile,30,0,19
1778856659172,28,SearchJoint,200,OK,SearchJoint 10-37,text,true,,621,2627,1,8,https://api-scuda.uat.oci.krungsri.tech/ords/api/v1/customer/joint/searchprofile,28,0,18
1778856658935,288,CreateJoint,200,OK,CreateJoint 11-33,text,true,,1813,5693,4,7,https://api-scuda.uat.oci.krungsri.tech/ic/api/v1/customer/joint/createprofile,288,0,15
1778856658970,287,CreateJoint,200,OK,CreateJoint 11-34,text,true,,1813,5889,3,8,https://api-scuda.uat.oci.krungsri.tech/ic/api/v1/customer/joint/createprofile,287,0,20
1778856658933,324,CreateIndividual,201,Created,CreateIndividual 3-35,text,true,,1172,8366,1,7,https://api-scuda.uat.oci.krungsri.tech/ic/api/v1/customer/individual/createprofile,324,0,17
1778856659237,30,SearchJuristic,200,OK,SearchJuristic 6-36,text,true,,621,2611,1,6,https://api-scuda.uat.oci.krungsri.tech/ords/api/v1/customer/juristic/searchprofile,30,0,18
1778856658988,283,CreateJoint,200,OK,CreateJoint 11-35,text,true,,1813,5744,2,5,https://api-scuda.uat.oci.krungsri.tech/ic/api/v1/customer/joint/createprofile,283,0,22
1778856658833,445,CreateJuristic,201,Created,CreateJuristic 7-34,text,true,,1172,7858,3,5,https://api-scuda.uat.oci.krungsri.tech/ic/api/v1/customer/juristic/createprofile,445,0,30
1778856659060,352,CreateJuristic,201,Created,CreateJuristic 7-35,text,true,,1172,7838,3,10,https://api-scuda.uat.oci.krungsri.tech/ic/api/v1/customer/juristic/createprofile,351,0,14
1778856659276,142,UpdateJuristic,200,OK,UpdateJuristic 8-36,text,true,,800,4419,1,9,https://api-scuda.uat.oci.krungsri.tech/ic/api/v1/customer/juristic/updateprofile,142,0,16
1778856659282,142,UpdateJoint,200,OK,UpdateJoint 12-36,text,true,,800,4610,2,8,https://api-scuda.uat.oci.krungsri.tech/ic/api/v1/customer/joint/updateprofile,142,0,21
1778856659308,142,UpdateJoint,200,OK,UpdateJoint 12-37,text,true,,800,4630,1,9,https://api-scuda.uat.oci.krungsri.tech/ic/api/v1/customer/joint/updateprofile,142,0,18
1778856659365,91,GetJuristic,200,OK,GetJuristic 5-36,text,true,,3488,3533,2,9,https://api-scuda.uat.oci.krungsri.tech/ic/api/v1/customer/juristic/getprofile,91,0,20
1778856659485,23,SearchJoint,200,OK,SearchJoint 10-38,text,true,,620,2626,1,12,https://api-scuda.uat.oci.krungsri.tech/ords/api/v1/customer/joint/searchprofile,23,0,12
1778856659327,203,CreateJoint,200,OK,CreateJoint 11-37,text,true,,1813,6097,2,12,https://api-scuda.uat.oci.krungsri.tech/ic/api/v1/customer/joint/createprofile,203,0,13
1778856659452,81,GetJuristic,200,OK,GetJuristic 5-37,text,true,,3478,3533,1,11,https://api-scuda.uat.oci.krungsri.tech/ic/api/v1/customer/juristic/getprofile,81,0,18
1778856659185,353,CreateJoint,200,OK,CreateJoint 11-36,text,true,,1813,6119,1,10,https://api-scuda.uat.oci.krungsri.tech/ic/api/v1/customer/joint/createprofile,353,0,16
1778856659519,31,SearchJoint,200,OK,SearchJoint 10-39,text,true,,621,2627,1,10,https://api-scuda.uat.oci.krungsri.tech/ords/api/v1/customer/joint/searchprofile,31,0,19
1778856659486,77,GetJoint,200,OK,GetJoint 9-36,text,true,,1431,3530,1,10,https://api-scuda.uat.oci.krungsri.tech/ic/api/v1/customer/joint/getprofile,77,0,13
1778856659460,106,GetIndividual,200,OK,GetIndividual 1-36,text,true,,3808,3588,1,9,https://api-scuda.uat.oci.krungsri.tech/ic/api/v1/customer/individual/getprofile,106,0,15
1778856659553,30,SearchIndividual,200,OK,SearchIndividual 2-36,text,true,,621,2613,1,8,https://api-scuda.uat.oci.krungsri.tech/ords/api/v1/customer/individual/searchprofile,30,0,20
1778856659230,364,CreateJuristic,201,Created,CreateJuristic 7-36,text,true,,1172,7790,3,7,https://api-scuda.uat.oci.krungsri.tech/ic/api/v1/customer/juristic/createprofile,364,0,22
1778856659550,141,UpdateJoint,200,OK,UpdateJoint 12-38,text,true,,800,4568,1,9,https://api-scuda.uat.oci.krungsri.tech/ic/api/v1/customer/joint/updateprofile,141,0,23
1778856659337,361,CreateJuristic,201,Created,CreateJuristic 7-37,text,true,,1172,7953,2,9,https://api-scuda.uat.oci.krungsri.tech/ic/api/v1/customer/juristic/createprofile,361,0,13
1778856659612,91,GetJoint,200,OK,GetJoint 9-37,text,true,,1431,3530,1,8,https://api-scuda.uat.oci.krungsri.tech/ic/api/v1/customer/joint/getprofile,91,0,20
1778856659404,320,CreateIndividual,201,Created,CreateIndividual 3-36,text,true,,1172,8250,2,8,https://api-scuda.uat.oci.krungsri.tech/ic/api/v1/customer/individual/createprofile,320,0,19
1778856659431,293,UpdateJuristic,200,OK,UpdateJuristic 8-37,text,true,,800,5786,1,7,https://api-scuda.uat.oci.krungsri.tech/ic/api/v1/customer/juristic/updateprofile,293,0,21
1778856659609,142,UpdateIndividual,200,OK,UpdateIndividual 4-36,text,true,,800,5616,2,7,https://api-scuda.uat.oci.krungsri.tech/ic/api/v1/customer/individual/updateprofile,142,0,14
1778856659697,88,GetJuristic,200,OK,GetJuristic 5-38,text,true,,3512,3533,1,10,https://api-scuda.uat.oci.krungsri.tech/ic/api/v1/customer/juristic/getprofile,88,0,17
1778856659639,146,UpdateIndividual,200,OK,UpdateIndividual 4-37,text,true,,800,5603,1,9,https://api-scuda.uat.oci.krungsri.tech/ic/api/v1/customer/individual/updateprofile,146,0,19
1778856659433,355,CreateJuristic,201,Created,CreateJuristic 7-38,text,true,,1172,8085,1,8,https://api-scuda.uat.oci.krungsri.tech/ic/api/v1/customer/juristic/createprofile,355,0,19
1778856659483,331,CreateIndividual,201,Created,CreateIndividual 3-37,text,true,,1172,8596,2,8,https://api-scuda.uat.oci.krungsri.tech/ic/api/v1/customer/individual/createprofile,331,0,22
1778856659704,111,GetIndividual,200,OK,GetIndividual 1-37,text,true,,3846,3588,2,7,https://api-scuda.uat.oci.krungsri.tech/ic/api/v1/customer/individual/getprofile,111,0,14
1778856659737,91,GetIndividual,200,OK,GetIndividual 1-38,text,true,,3827,3587,1,7,https://api-scuda.uat.oci.krungsri.tech/ic/api/v1/customer/individual/getprofile,91,0,25
1778856659782,48,SearchIndividual,200,OK,SearchIndividual 2-37,text,true,,621,2620,1,6,https://api-scuda.uat.oci.krungsri.tech/ords/api/v1/customer/individual/searchprofile,48,0,33
1778856659781,121,GetJoint,200,OK,GetJoint 9-38,text,true,,1431,3530,2,10,https://api-scuda.uat.oci.krungsri.tech/ic/api/v1/customer/joint/getprofile,121,0,33
1778856659775,128,UpdateJoint,200,OK,UpdateJoint 12-39,text,true,,800,3614,1,9,https://api-scuda.uat.oci.krungsri.tech/ic/api/v1/customer/joint/updateprofile,128,0,12
1778856659867,43,SearchJuristic,200,OK,SearchJuristic 6-37,text,true,,621,2605,1,8,https://api-scuda.uat.oci.krungsri.tech/ords/api/v1/customer/juristic/searchprofile,43,0,30
1778856659898,30,SearchIndividual,200,OK,SearchIndividual 2-38,text,true,,621,2613,1,8,https://api-scuda.uat.oci.krungsri.tech/ords/api/v1/customer/individual/searchprofile,30,0,17
1778856659871,99,GetJoint,200,OK,GetJoint 9-39,text,true,,1429,3530,1,7,https://api-scuda.uat.oci.krungsri.tech/ic/api/v1/customer/joint/getprofile,99,0,22
1778856659798,206,CreateJoint,200,OK,CreateJoint 11-38,text,true,,1813,5664,2,7,https://api-scuda.uat.oci.krungsri.tech/ic/api/v1/customer/joint/createprofile,206,0,19
1778856659820,217,CreateJoint,200,OK,CreateJoint 11-39,text,true,,1813,5889,1,7,https://api-scuda.uat.oci.krungsri.tech/ic/api/v1/customer/joint/createprofile,217,0,25
1778856659887,153,UpdateJuristic,200,OK,UpdateJuristic 8-38,text,true,,800,4428,2,6,https://api-scuda.uat.oci.krungsri.tech/ic/api/v1/customer/juristic/updateprofile,153,0,16
1778856660018,25,SearchJuristic,200,OK,SearchJuristic 6-38,text,true,,621,2611,1,5,https://api-scuda.uat.oci.krungsri.tech/ords/api/v1/customer/juristic/searchprofile,25,0,13
1778856659976,115,UpdateIndividual,200,OK,UpdateIndividual 4-38,text,true,,800,4227,2,8,https://api-scuda.uat.oci.krungsri.tech/ic/api/v1/customer/individual/updateprofile,115,0,19
1778856659773,328,CreateIndividual,201,Created,CreateIndividual 3-38,text,true,,1172,8004,1,7,https://api-scuda.uat.oci.krungsri.tech/ic/api/v1/customer/individual/createprofile,328,0,38
1778856660076,36,SearchIndividual,200,OK,SearchIndividual 2-39,text,true,,621,2602,1,8,https://api-scuda.uat.oci.krungsri.tech/ords/api/v1/customer/individual/searchprofile,36,0,23
1778856660106,32,SearchJuristic,200,OK,SearchJuristic 6-39,text,true,,621,2611,1,7,https://api-scuda.uat.oci.krungsri.tech/ords/api/v1/customer/juristic/searchprofile,32,0,21
1778856659919,236,UpdateJuristic,200,OK,UpdateJuristic 8-39,text,true,,800,4433,1,6,https://api-scuda.uat.oci.krungsri.tech/ic/api/v1/customer/juristic/updateprofile,236,0,23
1778856660073,102,GetIndividual,200,OK,GetIndividual 1-39,text,true,,3826,3588,1,7,https://api-scuda.uat.oci.krungsri.tech/ic/api/v1/customer/individual/getprofile,102,0,25
1778856660069,116,UpdateIndividual,200,OK,UpdateIndividual 4-39,text,true,,800,4231,1,6,https://api-scuda.uat.oci.krungsri.tech/ic/api/v1/customer/individual/updateprofile,116,0,20
1778856660156,42,SearchJuristic,200,OK,SearchJuristic 6-40,text,true,,621,2612,1,6,https://api-scuda.uat.oci.krungsri.tech/ords/api/v1/customer/juristic/searchprofile,42,0,22
1778856660079,120,GetJuristic,200,OK,GetJuristic 5-39,text,true,,3492,3533,1,6,https://api-scuda.uat.oci.krungsri.tech/ic/api/v1/customer/juristic/getprofile,120,0,30
1778856660199,34,SearchJoint,200,OK,SearchJoint 10-40,text,true,,621,2627,1,7,https://api-scuda.uat.oci.krungsri.tech/ords/api/v1/customer/joint/searchprofile,34,0,20
1778856660159,112,UpdateJoint,200,OK,UpdateJoint 12-40,text,true,,800,3614,1,9,https://api-scuda.uat.oci.krungsri.tech/ic/api/v1/customer/joint/updateprofile,112,0,23
1778856659891,385,CreateJuristic,201,Created,CreateJuristic 7-39,text,true,,1172,7777,1,8,https://api-scuda.uat.oci.krungsri.tech/ic/api/v1/customer/juristic/createprofile,385,0,24
1778856660254,34,SearchIndividual,200,OK,SearchIndividual 2-40,text,true,,621,2613,1,9,https://api-scuda.uat.oci.krungsri.tech/ords/api/v1/customer/individual/searchprofile,34,0,22
1778856660198,93,GetJoint,200,OK,GetJoint 9-40,text,true,,1429,3530,1,9,https://api-scuda.uat.oci.krungsri.tech/ic/api/v1/customer/joint/getprofile,93,0,18
1778856660288,31,SearchJoint,200,OK,SearchJoint 10-41,text,true,,621,2627,1,8,https://api-scuda.uat.oci.krungsri.tech/ords/api/v1/customer/joint/searchprofile,31,0,19
1778856660225,96,GetIndividual,200,OK,GetIndividual 1-40,text,true,,3859,3588,1,7,https://api-scuda.uat.oci.krungsri.tech/ic/api/v1/customer/individual/getprofile,96,0,16
1778856660325,35,SearchIndividual,200,OK,SearchIndividual 2-41,text,true,,621,2625,1,8,https://api-scuda.uat.oci.krungsri.tech/ords/api/v1/customer/individual/searchprofile,35,0,20
1778856660287,93,GetJuristic,200,OK,GetJuristic 5-40,text,true,,3517,3533,1,7,https://api-scuda.uat.oci.krungsri.tech/ic/api/v1/customer/juristic/getprofile,93,0,23
1778856660253,134,UpdateIndividual,200,OK,UpdateIndividual 4-40,text,true,,800,5525,1,6,https://api-scuda.uat.oci.krungsri.tech/ic/api/v1/customer/individual/updateprofile,134,0,10
1778856660110,296,CreateIndividual,201,Created,CreateIndividual 3-39,text,true,,1172,8412,3,7,https://api-scuda.uat.oci.krungsri.tech/ic/api/v1/customer/individual/createprofile,296,0,20
1778856660217,207,CreateJoint,200,OK,CreateJoint 11-40,text,true,,1813,5640,2,8,https://api-scuda.uat.oci.krungsri.tech/ic/api/v1/customer/joint/createprofile,207,0,20
1778856660393,33,SearchIndividual,200,OK,SearchIndividual 2-42,text,true,,620,2618,1,7,https://api-scuda.uat.oci.krungsri.tech/ords/api/v1/customer/individual/searchprofile,33,0,20
1778856660293,158,UpdateJuristic,200,OK,UpdateJuristic 8-40,text,true,,800,4420,1,8,https://api-scuda.uat.oci.krungsri.tech/ic/api/v1/customer/juristic/updateprofile,158,0,21
1778856660408,86,GetJoint,200,OK,GetJoint 9-41,text,true,,1429,3530,1,9,https://api-scuda.uat.oci.krungsri.tech/ic/api/v1/customer/joint/getprofile,86,0,11
1778856660345,165,GetIndividual,200,OK,GetIndividual 1-41,text,true,,3844,3588,2,8,https://api-scuda.uat.oci.krungsri.tech/ic/api/v1/customer/individual/getprofile,165,0,22
1778856660446,70,GetJuristic,200,OK,GetJuristic 5-41,text,true,,3443,3533,1,7,https://api-scuda.uat.oci.krungsri.tech/ic/api/v1/customer/juristic/getprofile,70,0,8
1778856660429,93,GetIndividual,200,OK,GetIndividual 1-42,text,true,,3825,3588,1,8,https://api-scuda.uat.oci.krungsri.tech/ic/api/v1/customer/individual/getprofile,93,0,18
1778856660246,309,CreateIndividual,201,Created,CreateIndividual 3-40,text,true,,1172,8634,3,8,https://api-scuda.uat.oci.krungsri.tech/ic/api/v1/customer/individual/createprofile,309,0,19
1778856660489,142,UpdateJuristic,200,OK,UpdateJuristic 8-41,text,true,,800,4426,2,11,https://api-scuda.uat.oci.krungsri.tech/ic/api/v1/customer/juristic/updateprofile,142,0,14
1778856660547,92,GetJuristic,200,OK,GetJuristic 5-42,text,true,,3527,3533,2,10,https://api-scuda.uat.oci.krungsri.tech/ic/api/v1/customer/juristic/getprofile,92,0,16
1778856660426,214,CreateJoint,200,OK,CreateJoint 11-41,text,true,,1813,5781,1,9,https://api-scuda.uat.oci.krungsri.tech/ic/api/v1/customer/joint/createprofile,214,0,18
1778856660557,84,GetJuristic,200,OK,GetJuristic 5-43,text,true,,3466,3533,1,8,https://api-scuda.uat.oci.krungsri.tech/ic/api/v1/customer/juristic/getprofile,84,0,17
1778856660613,33,SearchJuristic,200,OK,SearchJuristic 6-41,text,true,,618,2636,1,7,https://api-scuda.uat.oci.krungsri.tech/ords/api/v1/customer/juristic/searchprofile,33,0,21
1778856660520,136,UpdateJoint,200,OK,UpdateJoint 12-41,text,true,,800,4540,2,7,https://api-scuda.uat.oci.krungsri.tech/ic/api/v1/customer/joint/updateprofile,136,0,20
1778856660576,123,UpdateIndividual,200,OK,UpdateIndividual 4-41,text,true,,800,4227,2,9,https://api-scuda.uat.oci.krungsri.tech/ic/api/v1/customer/individual/updateprofile,123,0,19
1778856660394,309,CreateIndividual,201,Created,CreateIndividual 3-41,text,true,,1171,8358,2,8,https://api-scuda.uat.oci.krungsri.tech/ic/api/v1/customer/individual/createprofile,309,0,15
1778856660683,32,SearchJuristic,200,OK,SearchJuristic 6-42,text,true,,620,2629,1,7,https://api-scuda.uat.oci.krungsri.tech/ords/api/v1/customer/juristic/searchprofile,32,0,21
1778856660523,195,UpdateJuristic,200,OK,UpdateJuristic 8-42,text,true,,800,5704,2,7,https://api-scuda.uat.oci.krungsri.tech/ic/api/v1/customer/juristic/updateprofile,195,0,17
1778856660651,110,UpdateJoint,200,OK,UpdateJoint 12-42,text,true,,800,3614,1,7,https://api-scuda.uat.oci.krungsri.tech/ic/api/v1/customer/joint/updateprofile,110,0,17
1778856660691,87,GetJoint,200,OK,GetJoint 9-42,text,true,,1428,3529,1,8,https://api-scuda.uat.oci.krungsri.tech/ic/api/v1/customer/joint/getprofile,87,0,17
1778856660608,175,UpdateIndividual,200,OK,UpdateIndividual 4-42,text,true,,800,5547,1,7,https://api-scuda.uat.oci.krungsri.tech/ic/api/v1/customer/individual/updateprofile,175,0,19
1778856660492,326,CreateIndividual,201,Created,CreateIndividual 3-42,text,true,,1172,8430,2,7,https://api-scuda.uat.oci.krungsri.tech/ic/api/v1/customer/individual/createprofile,326,0,14
1778856660868,33,SearchIndividual,200,OK,SearchIndividual 2-43,text,true,,620,2599,1,8,https://api-scuda.uat.oci.krungsri.tech/ords/api/v1/customer/individual/searchprofile,33,0,22
1778856660721,191,UpdateJuristic,200,OK,UpdateJuristic 8-43,text,true,,800,5803,1,7,https://api-scuda.uat.oci.krungsri.tech/ic/api/v1/customer/juristic/updateprofile,191,0,22
1778856660800,124,UpdateIndividual,200,OK,UpdateIndividual 4-43,text,true,,800,4227,1,7,https://api-scuda.uat.oci.krungsri.tech/ic/api/v1/customer/individual/updateprofile,124,0,19
1778856660918,40,SearchJoint,200,OK,SearchJoint 10-42,text,true,,620,2626,1,7,https://api-scuda.uat.oci.krungsri.tech/ords/api/v1/customer/joint/searchprofile,40,0,23
1778856660771,207,CreateJoint,200,OK,CreateJoint 11-42,text,true,,1813,5989,2,8,https://api-scuda.uat.oci.krungsri.tech/ic/api/v1/customer/joint/createprofile,207,0,28
1778856660902,105,GetJoint,200,OK,GetJoint 9-43,text,true,,1431,3530,1,7,https://api-scuda.uat.oci.krungsri.tech/ic/api/v1/customer/joint/getprofile,105,0,21
1778856660953,110,UpdateJoint,200,OK,UpdateJoint 12-43,text,true,,800,3614,1,7,https://api-scuda.uat.oci.krungsri.tech/ic/api/v1/customer/joint/updateprofile,110,0,22
1778856660759,339,CreateIndividual,201,Created,CreateIndividual 3-43,text,true,,1172,8842,1,8,https://api-scuda.uat.oci.krungsri.tech/ic/api/v1/customer/individual/createprofile,339,0,20
1778856661092,32,SearchJuristic,200,OK,SearchJuristic 6-43,text,true,,621,2604,1,9,https://api-scuda.uat.oci.krungsri.tech/ords/api/v1/customer/juristic/searchprofile,32,0,21
1778856661108,37,SearchJoint,200,OK,SearchJoint 10-43,text,true,,621,2627,2,9,https://api-scuda.uat.oci.krungsri.tech/ords/api/v1/customer/joint/searchprofile,37,0,25
1778856660768,388,CreateJuristic,201,Created,CreateJuristic 7-41,text,true,,1172,8045,4,10,https://api-scuda.uat.oci.krungsri.tech/ic/api/v1/customer/juristic/createprofile,388,0,21
1778856661125,34,SearchJoint,200,OK,SearchJoint 10-44,text,true,,621,2627,3,10,https://api-scuda.uat.oci.krungsri.tech/ords/api/v1/customer/joint/searchprofile,34,0,24
1778856660968,193,CreateJoint,200,OK,CreateJoint 11-43,text,true,,1813,6001,1,9,https://api-scuda.uat.oci.krungsri.tech/ic/api/v1/customer/joint/createprofile,193,0,20
1778856660682,489,CreateJuristic,201,Created,CreateJuristic 7-40,text,true,,1171,8087,3,8,https://api-scuda.uat.oci.krungsri.tech/ic/api/v1/customer/juristic/createprofile,489,0,14
1778856661146,27,SearchJoint,200,OK,SearchJoint 10-45,text,true,,621,2627,2,7,https://api-scuda.uat.oci.krungsri.tech/ords/api/v1/customer/joint/searchprofile,27,0,16
1778856661061,116,GetIndividual,200,OK,GetIndividual 1-43,text,true,,3838,3588,2,6,https://api-scuda.uat.oci.krungsri.tech/ic/api/v1/customer/individual/getprofile,116,0,21
1778856661150,29,SearchJoint,200,OK,SearchJoint 10-46,text,true,,621,2627,1,5,https://api-scuda.uat.oci.krungsri.tech/ords/api/v1/customer/joint/searchprofile,29,0,18
1778856661158,26,SearchIndividual,200,OK,SearchIndividual 2-44,text,true,,14164,2605,1,4,https://api-scuda.uat.oci.krungsri.tech/ords/api/v1/customer/individual/searchprofile,26,0,14
1778856661144,106,GetIndividual,200,OK,GetIndividual 1-44,text,true,,3834,3588,1,7,https://api-scuda.uat.oci.krungsri.tech/ic/api/v1/customer/individual/getprofile,106,0,20
1778856661218,98,GetJuristic,200,OK,GetJuristic 5-44,text,true,,3480,3533,2,9,https://api-scuda.uat.oci.krungsri.tech/ic/api/v1/customer/juristic/getprofile,98,0,22
1778856660962,368,CreateJuristic,201,Created,CreateJuristic 7-42,text,true,,1172,8050,3,8,https://api-scuda.uat.oci.krungsri.tech/ic/api/v1/customer/juristic/createprofile,368,0,18
1778856661248,105,UpdateJoint,200,OK,UpdateJoint 12-44,text,true,,800,3614,1,7,https://api-scuda.uat.oci.krungsri.tech/ic/api/v1/customer/joint/updateprofile,105,0,20
1778856661229,130,UpdateIndividual,200,OK,UpdateIndividual 4-44,text,true,,800,4227,1,6,https://api-scuda.uat.oci.krungsri.tech/ic/api/v1/customer/individual/updateprofile,130,0,21
1778856661297,86,GetJuristic,200,OK,GetJuristic 5-45,text,true,,3484,3533,1,7,https://api-scuda.uat.oci.krungsri.tech/ic/api/v1/customer/juristic/getprofile,86,0,14
1778856661239,180,UpdateJuristic,200,OK,UpdateJuristic 8-44,text,true,,800,5767,2,7,https://api-scuda.uat.oci.krungsri.tech/ic/api/v1/customer/juristic/updateprofile,180,0,19
1778856661081,368,CreateJuristic,201,Created,CreateJuristic 7-43,text,true,,1172,7894,3,8,https://api-scuda.uat.oci.krungsri.tech/ic/api/v1/customer/juristic/createprofile,368,0,22
1778856661364,98,GetJoint,200,OK,GetJoint 9-44,text,true,,1430,3529,2,9,https://api-scuda.uat.oci.krungsri.tech/ic/api/v1/customer/joint/getprofile,98,0,19
1778856661461,29,SearchIndividual,200,OK,SearchIndividual 2-45,text,true,,619,2603,1,10,https://api-scuda.uat.oci.krungsri.tech/ords/api/v1/customer/individual/searchprofile,29,0,16
1778856661470,22,SearchJoint,200,OK,SearchJoint 10-47,text,true,,620,2626,1,9,https://api-scuda.uat.oci.krungsri.tech/ords/api/v1/customer/joint/searchprofile,22,0,10
1778856661482,32,SearchJuristic,200,OK,SearchJuristic 6-44,text,true,,621,2611,2,12,https://api-scuda.uat.oci.krungsri.tech/ords/api/v1/customer/juristic/searchprofile,32,0,20
1778856661412,109,UpdateJoint,200,OK,UpdateJoint 12-45,text,true,,800,3614,1,11,https://api-scuda.uat.oci.krungsri.tech/ic/api/v1/customer/joint/updateprofile,109,0,21
1778856661442,81,GetJoint,200,OK,GetJoint 9-45,text,true,,1429,3530,1,10,https://api-scuda.uat.oci.krungsri.tech/ic/api/v1/customer/joint/getprofile,81,0,17
1778856661509,27,SearchIndividual,200,OK,SearchIndividual 2-46,text,true,,621,2603,1,9,https://api-scuda.uat.oci.krungsri.tech/ords/api/v1/customer/individual/searchprofile,27,0,16
1778856661507,33,SearchJuristic,200,OK,SearchJuristic 6-45,text,true,,621,2612,1,8,https://api-scuda.uat.oci.krungsri.tech/ords/api/v1/customer/juristic/searchprofile,33,0,23
1778856661377,177,UpdateJuristic,200,OK,UpdateJuristic 8-45,text,true,,800,5854,1,7,https://api-scuda.uat.oci.krungsri.tech/ic/api/v1/customer/juristic/updateprofile,177,0,25
1778856661499,95,GetIndividual,200,OK,GetIndividual 1-45,text,true,,3860,3588,1,6,https://api-scuda.uat.oci.krungsri.tech/ic/api/v1/customer/individual/getprofile,95,0,13
1778856661304,309,CreateIndividual,201,Created,CreateIndividual 3-44,text,true,,1172,8584,1,6,https://api-scuda.uat.oci.krungsri.tech/ic/api/v1/customer/individual/createprofile,309,0,14
1778856661460,160,UpdateIndividual,200,OK,UpdateIndividual 4-45,text,true,,800,5599,3,5,https://api-scuda.uat.oci.krungsri.tech/ic/api/v1/customer/individual/updateprofile,160,0,17
1778856661273,365,CreateJuristic,201,Created,CreateJuristic 7-44,text,true,,1172,7478,2,6,https://api-scuda.uat.oci.krungsri.tech/ic/api/v1/customer/juristic/createprofile,365,0,19
1778856661515,158,UpdateIndividual,200,OK,UpdateIndividual 4-46,text,true,,800,5607,2,6,https://api-scuda.uat.oci.krungsri.tech/ic/api/v1/customer/individual/updateprofile,158,0,21
1778856661688,32,SearchJuristic,200,OK,SearchJuristic 6-46,text,true,,621,2611,1,10,https://api-scuda.uat.oci.krungsri.tech/ords/api/v1/customer/juristic/searchprofile,32,0,21
1778856661634,90,GetJoint,200,OK,GetJoint 9-46,text,true,,1429,3530,2,9,https://api-scuda.uat.oci.krungsri.tech/ic/api/v1/customer/joint/getprofile,90,0,19
1778856661609,159,UpdateIndividual,200,OK,UpdateIndividual 4-47,text,true,,800,5512,1,8,https://api-scuda.uat.oci.krungsri.tech/ic/api/v1/customer/individual/updateprofile,159,0,20
1778856661683,87,GetJuristic,200,OK,GetJuristic 5-46,text,true,,3455,3533,1,7,https://api-scuda.uat.oci.krungsri.tech/ic/api/v1/customer/juristic/getprofile,87,0,18
1778856661699,81,GetJoint,200,OK,GetJoint 9-47,text,true,,1429,3530,1,7,https://api-scuda.uat.oci.krungsri.tech/ic/api/v1/customer/joint/getprofile,81,0,13
1778856661711,93,GetIndividual,200,OK,GetIndividual 1-46,text,true,,3801,3588,1,7,https://api-scuda.uat.oci.krungsri.tech/ic/api/v1/customer/individual/getprofile,93,0,20
1778856661797,36,SearchJoint,200,OK,SearchJoint 10-48,text,true,,621,2627,1,12,https://api-scuda.uat.oci.krungsri.tech/ords/api/v1/customer/joint/searchprofile,36,0,21
1778856661427,410,CreateJuristic,201,Created,CreateJuristic 7-45,text,true,,1172,7775,1,11,https://api-scuda.uat.oci.krungsri.tech/ic/api/v1/customer/juristic/createprofile,410,0,19
1778856661816,28,SearchIndividual,200,OK,SearchIndividual 2-47,text,true,,621,2613,1,10,https://api-scuda.uat.oci.krungsri.tech/ords/api/v1/customer/individual/searchprofile,27,0,14
1778856661641,209,CreateJoint,200,OK,CreateJoint 11-44,text,true,,1813,6037,2,10,https://api-scuda.uat.oci.krungsri.tech/ic/api/v1/customer/joint/createprofile,209,0,21
1778856661690,216,CreateJoint,200,OK,CreateJoint 11-45,text,true,,1813,6047,1,12,https://api-scuda.uat.oci.krungsri.tech/ic/api/v1/customer/joint/createprofile,216,0,21
1778856661809,100,GetIndividual,200,OK,GetIndividual 1-47,text,true,,3885,3588,2,11,https://api-scuda.uat.oci.krungsri.tech/ic/api/v1/customer/individual/getprofile,100,0,25
1778856661817,94,GetJuristic,200,OK,GetJuristic 5-47,text,true,,3526,3533,1,10,https://api-scuda.uat.oci.krungsri.tech/ic/api/v1/customer/juristic/getprofile,94,0,19
1778856661832,84,GetIndividual,200,OK,GetIndividual 1-48,text,true,,3838,3588,1,9,https://api-scuda.uat.oci.krungsri.tech/ic/api/v1/customer/individual/getprofile,84,0,19
1778856661779,150,UpdateJoint,200,OK,UpdateJoint 12-46,text,true,,800,4651,2,10,https://api-scuda.uat.oci.krungsri.tech/ic/api/v1/customer/joint/updateprofile,150,0,22
1778856661654,318,CreateIndividual,201,Created,CreateIndividual 3-45,text,true,,1172,8206,3,12,https://api-scuda.uat.oci.krungsri.tech/ic/api/v1/customer/individual/createprofile,318,0,18
1778856661829,172,UpdateJuristic,200,OK,UpdateJuristic 8-47,text,true,,800,4427,2,11,https://api-scuda.uat.oci.krungsri.tech/ic/api/v1/customer/juristic/updateprofile,172,0,24
1778856661968,34,SearchJuristic,200,OK,SearchJuristic 6-47,text,true,,621,2612,1,12,https://api-scuda.uat.oci.krungsri.tech/ords/api/v1/customer/juristic/searchprofile,34,0,21
1778856661827,177,UpdateJuristic,200,OK,UpdateJuristic 8-46,text,true,,800,4421,1,11,https://api-scuda.uat.oci.krungsri.tech/ic/api/v1/customer/juristic/updateprofile,177,0,23
1778856661921,98,GetJoint,200,OK,GetJoint 9-48,text,true,,1431,3530,1,10,https://api-scuda.uat.oci.krungsri.tech/ic/api/v1/customer/joint/getprofile,98,0,18
1778856661880,150,UpdateIndividual,200,OK,UpdateIndividual 4-48,text,true,,800,5614,1,9,https://api-scuda.uat.oci.krungsri.tech/ic/api/v1/customer/individual/updateprofile,150,0,23
1778856662002,36,SearchIndividual,200,OK,SearchIndividual 2-48,text,true,,621,2613,1,8,https://api-scuda.uat.oci.krungsri.tech/ords/api/v1/customer/individual/searchprofile,36,0,25
1778856661923,119,UpdateJoint,200,OK,UpdateJoint 12-47,text,true,,800,3614,1,7,https://api-scuda.uat.oci.krungsri.tech/ic/api/v1/customer/joint/updateprofile,119,0,21
1778856662076,44,SearchJuristic,200,OK,SearchJuristic 6-48,text,true,,621,2612,1,13,https://api-scuda.uat.oci.krungsri.tech/ords/api/v1/customer/juristic/searchprofile,44,0,33
