timeStamp,elapsed,label,responseCode,responseMessage,threadName,dataType,success,failureMessage,bytes,sentBytes,grpThreads,allThreads,URL,Latency,IdleTime,Connect
1778856632750,568,Get Token,200,OK,CreateJoint 11-1,text,true,,3684,522,3,31,https://api-scuda.uat.oci.krungsri.tech/oauth2/v1/token,557,0,480
1778856632750,568,Get Token,200,OK,GetJuristic 5-2,text,true,,3684,522,2,31,https://api-scuda.uat.oci.krungsri.tech/oauth2/v1/token,554,0,481
1778856632750,568,Get Token,200,OK,GetJoint 9-1,text,true,,3684,522,3,31,https://api-scuda.uat.oci.krungsri.tech/oauth2/v1/token,554,0,482
1778856632751,567,Get Token,200,OK,CreateIndividual 3-2,text,true,,3684,522,3,31,https://api-scuda.uat.oci.krungsri.tech/oauth2/v1/token,555,0,481
1778856632750,568,Get Token,200,OK,UpdateJuristic 8-2,text,true,,3684,522,3,31,https://api-scuda.uat.oci.krungsri.tech/oauth2/v1/token,557,0,481
1778856632750,568,Get Token,200,OK,CreateIndividual 3-1,text,true,,3684,522,3,31,https://api-scuda.uat.oci.krungsri.tech/oauth2/v1/token,560,0,489
1778856632750,568,Get Token,200,OK,SearchIndividual 2-1,text,true,,2894,426,3,31,https://api-scuda.uat.oci.krungsri.tech/oauth2/v1/token,545,0,482
1778856632750,568,Get Token,200,OK,CreateJuristic 7-2,text,true,,3684,522,3,31,https://api-scuda.uat.oci.krungsri.tech/oauth2/v1/token,547,0,480
1778856632749,569,Get Token,200,OK,CreateJoint 11-2,text,true,,3684,522,3,31,https://api-scuda.uat.oci.krungsri.tech/oauth2/v1/token,554,0,482
1778856632748,570,Get Token,200,OK,SearchJoint 10-2,text,true,,2894,426,2,31,https://api-scuda.uat.oci.krungsri.tech/oauth2/v1/token,548,0,484
1778856632750,568,Get Token,200,OK,CreateJuristic 7-1,text,true,,3684,522,3,31,https://api-scuda.uat.oci.krungsri.tech/oauth2/v1/token,561,0,481
1778856632750,568,Get Token,200,OK,UpdateIndividual 4-1,text,true,,3684,522,2,31,https://api-scuda.uat.oci.krungsri.tech/oauth2/v1/token,557,0,482
1778856632748,570,Get Token,200,OK,SearchIndividual 2-2,text,true,,2894,426,3,31,https://api-scuda.uat.oci.krungsri.tech/oauth2/v1/token,547,0,482
1778856632750,568,Get Token,200,OK,SearchJuristic 6-2,text,true,,2894,426,3,31,https://api-scuda.uat.oci.krungsri.tech/oauth2/v1/token,561,0,481
1778856632750,569,Get Token,200,OK,SearchJoint 10-1,text,true,,2894,426,2,31,https://api-scuda.uat.oci.krungsri.tech/oauth2/v1/token,545,0,481
1778856632750,568,Get Token,200,OK,UpdateJoint 12-2,text,true,,3684,522,2,31,https://api-scuda.uat.oci.krungsri.tech/oauth2/v1/token,546,0,480
1778856632750,568,Get Token,200,OK,GetJoint 9-2,text,true,,3684,522,3,31,https://api-scuda.uat.oci.krungsri.tech/oauth2/v1/token,551,0,481
1778856632748,570,Get Token,200,OK,UpdateJuristic 8-1,text,true,,3684,522,3,31,https://api-scuda.uat.oci.krungsri.tech/oauth2/v1/token,560,0,483
1778856632750,568,Get Token,200,OK,UpdateJoint 12-1,text,true,,3684,522,2,31,https://api-scuda.uat.oci.krungsri.tech/oauth2/v1/token,552,0,482
1778856632794,524,Get Token,200,OK,CreateJoint 11-3,text,true,,3684,522,3,31,https://api-scuda.uat.oci.krungsri.tech/oauth2/v1/token,513,0,437
1778856632748,570,Get Token,200,OK,SearchJuristic 6-1,text,true,,2894,426,3,31,https://api-scuda.uat.oci.krungsri.tech/oauth2/v1/token,549,0,483
1778856632750,568,Get Token,200,OK,UpdateIndividual 4-2,text,true,,3684,522,2,31,https://api-scuda.uat.oci.krungsri.tech/oauth2/v1/token,549,0,482
1778856632750,568,Get Token,200,OK,GetIndividual 1-2,text,true,,3684,522,2,31,https://api-scuda.uat.oci.krungsri.tech/oauth2/v1/token,558,0,483
1778856633002,316,Get Token,200,OK,GetJoint 9-3,text,true,,3684,522,3,31,https://api-scuda.uat.oci.krungsri.tech/oauth2/v1/token,299,0,230
1778856632984,334,Get Token,200,OK,SearchIndividual 2-3,text,true,,2894,426,3,31,https://api-scuda.uat.oci.krungsri.tech/oauth2/v1/token,311,0,248
1778856632750,568,Get Token,200,OK,GetJuristic 5-1,text,true,,3684,522,2,31,https://api-scuda.uat.oci.krungsri.tech/oauth2/v1/token,559,0,481
1778856632892,426,Get Token,200,OK,SearchJuristic 6-3,text,true,,2894,426,3,31,https://api-scuda.uat.oci.krungsri.tech/oauth2/v1/token,403,0,340
1778856633263,64,Get Token,200,OK,CreateJuristic 7-3,text,true,,3684,522,3,31,https://api-scuda.uat.oci.krungsri.tech/oauth2/v1/token,64,0,21
1778856632751,567,Get Token,200,OK,GetIndividual 1-1,text,true,,3684,522,2,31,https://api-scuda.uat.oci.krungsri.tech/oauth2/v1/token,560,0,480
1778856633062,256,Get Token,200,OK,UpdateJuristic 8-3,text,true,,3684,522,3,31,https://api-scuda.uat.oci.krungsri.tech/oauth2/v1/token,247,0,170
1778856633322,56,Get Token,200,OK,CreateIndividual 3-3,text,true,,3684,522,3,31,https://api-scuda.uat.oci.krungsri.tech/oauth2/v1/token,56,0,17
1778856634017,239,SearchJoint,200,OK,SearchJoint 10-2,text,true,,621,2627,3,41,https://api-scuda.uat.oci.krungsri.tech/ords/api/v1/customer/joint/searchprofile,238,0,0
1778856634016,285,SearchIndividual,200,OK,SearchIndividual 2-3,text,true,,620,2604,3,41,https://api-scuda.uat.oci.krungsri.tech/ords/api/v1/customer/individual/searchprofile,285,0,0
1778856634022,291,SearchIndividual,200,OK,SearchIndividual 2-1,text,true,,621,2614,3,41,https://api-scuda.uat.oci.krungsri.tech/ords/api/v1/customer/individual/searchprofile,291,0,0
1778856634016,416,SearchJuristic,200,OK,SearchJuristic 6-2,text,true,,621,2611,4,43,https://api-scuda.uat.oci.krungsri.tech/ords/api/v1/customer/juristic/searchprofile,416,0,0
1778856634019,415,SearchJuristic,200,OK,SearchJuristic 6-3,text,true,,621,2611,4,44,https://api-scuda.uat.oci.krungsri.tech/ords/api/v1/customer/juristic/searchprofile,415,0,0
1778856634023,393,SearchJoint,200,OK,SearchJoint 10-1,text,true,,621,2627,3,41,https://api-scuda.uat.oci.krungsri.tech/ords/api/v1/customer/joint/searchprofile,393,0,0
1778856634020,237,SearchJoint,200,OK,SearchJoint 10-3,text,true,,620,2626,3,44,https://api-scuda.uat.oci.krungsri.tech/ords/api/v1/customer/joint/searchprofile,235,0,17
1778856634020,237,SearchJuristic,200,OK,SearchJuristic 6-1,text,true,,621,2651,4,44,https://api-scuda.uat.oci.krungsri.tech/ords/api/v1/customer/juristic/searchprofile,235,0,0
1778856634014,445,SearchIndividual,200,OK,SearchIndividual 2-2,text,true,,621,2613,2,37,https://api-scuda.uat.oci.krungsri.tech/ords/api/v1/customer/individual/searchprofile,445,0,0
1778856634450,28,SearchJuristic,200,OK,SearchJuristic 6-4,text,true,,621,2630,1,36,https://api-scuda.uat.oci.krungsri.tech/ords/api/v1/customer/juristic/searchprofile,28,0,17
1778856634451,37,SearchIndividual,200,OK,SearchIndividual 2-4,text,true,,621,2612,1,35,https://api-scuda.uat.oci.krungsri.tech/ords/api/v1/customer/individual/searchprofile,36,0,24
1778856634505,30,SearchJoint,200,OK,SearchJoint 10-4,text,true,,621,2627,1,35,https://api-scuda.uat.oci.krungsri.tech/ords/api/v1/customer/joint/searchprofile,29,0,19
1778856634020,576,GetJoint,200,OK,GetJoint 9-3,text,true,,1429,3530,4,35,https://api-scuda.uat.oci.krungsri.tech/ic/api/v1/customer/joint/getprofile,575,0,0
1778856634023,525,GetJoint,200,OK,GetJoint 9-2,text,true,,1429,3530,4,34,https://api-scuda.uat.oci.krungsri.tech/ic/api/v1/customer/joint/getprofile,525,0,0
1778856634014,501,GetIndividual,200,OK,GetIndividual 1-1,text,true,,3863,3588,4,35,https://api-scuda.uat.oci.krungsri.tech/ic/api/v1/customer/individual/getprofile,501,0,0
1778856634022,598,GetJoint,200,OK,GetJoint 9-1,text,true,,1431,3530,2,32,https://api-scuda.uat.oci.krungsri.tech/ic/api/v1/customer/joint/getprofile,598,0,0
1778856634019,661,GetIndividual,200,OK,GetIndividual 1-3,text,true,,3886,3588,3,32,https://api-scuda.uat.oci.krungsri.tech/ic/api/v1/customer/individual/getprofile,661,0,19
1778856634025,674,GetIndividual,200,OK,GetIndividual 1-4,text,true,,3926,3588,2,31,https://api-scuda.uat.oci.krungsri.tech/ic/api/v1/customer/individual/getprofile,674,0,25
1778856634026,659,GetJuristic,200,OK,GetJuristic 5-3,text,true,,3530,3533,4,32,https://api-scuda.uat.oci.krungsri.tech/ic/api/v1/customer/juristic/getprofile,659,0,15
1778856634017,660,GetJuristic,200,OK,GetJuristic 5-2,text,true,,3490,3533,4,32,https://api-scuda.uat.oci.krungsri.tech/ic/api/v1/customer/juristic/getprofile,660,0,0
1778856634024,636,GetJuristic,200,OK,GetJuristic 5-1,text,true,,3509,3533,4,32,https://api-scuda.uat.oci.krungsri.tech/ic/api/v1/customer/juristic/getprofile,636,0,0
1778856634021,725,GetIndividual,200,OK,GetIndividual 1-2,text,true,,3848,3588,1,30,https://api-scuda.uat.oci.krungsri.tech/ic/api/v1/customer/individual/getprofile,725,0,0
1778856634156,609,GetJoint,200,OK,GetJoint 9-4,text,true,,1431,3530,1,27,https://api-scuda.uat.oci.krungsri.tech/ic/api/v1/customer/joint/getprofile,609,0,25
1778856634574,410,GetJuristic,200,OK,GetJuristic 5-4,text,true,,3497,3533,1,29,https://api-scuda.uat.oci.krungsri.tech/ic/api/v1/customer/juristic/getprofile,410,0,17
1778856634642,371,UpdateJoint,200,OK,UpdateJoint 12-4,text,true,,800,4620,4,28,https://api-scuda.uat.oci.krungsri.tech/ic/api/v1/customer/joint/updateprofile,371,0,22
1778856634641,373,UpdateJoint,200,OK,UpdateJoint 12-2,text,true,,800,4559,4,28,https://api-scuda.uat.oci.krungsri.tech/ic/api/v1/customer/joint/updateprofile,373,0,0
1778856634975,43,SearchJuristic,200,OK,SearchJuristic 6-5,text,true,,621,2627,1,26,https://api-scuda.uat.oci.krungsri.tech/ords/api/v1/customer/juristic/searchprofile,43,0,25
1778856634639,503,UpdateJoint,200,OK,UpdateJoint 12-1,text,true,,800,4622,2,27,https://api-scuda.uat.oci.krungsri.tech/ic/api/v1/customer/joint/updateprofile,503,0,0
1778856634888,372,UpdateIndividual,200,OK,UpdateIndividual 4-4,text,true,,800,5556,5,28,https://api-scuda.uat.oci.krungsri.tech/ic/api/v1/customer/individual/updateprofile,372,0,29
1778856634888,380,UpdateIndividual,200,OK,UpdateIndividual 4-5,text,true,,800,4228,4,27,https://api-scuda.uat.oci.krungsri.tech/ic/api/v1/customer/individual/updateprofile,380,0,32
1778856634642,670,UpdateJoint,200,OK,UpdateJoint 12-3,text,true,,800,4538,2,28,https://api-scuda.uat.oci.krungsri.tech/ic/api/v1/customer/joint/updateprofile,669,0,24
1778856635290,30,SearchJoint,200,OK,SearchJoint 10-5,text,true,,621,2627,1,27,https://api-scuda.uat.oci.krungsri.tech/ords/api/v1/customer/joint/searchprofile,30,0,17
1778856634888,441,UpdateIndividual,200,OK,UpdateIndividual 4-1,text,true,,800,5573,3,26,https://api-scuda.uat.oci.krungsri.tech/ic/api/v1/customer/individual/updateprofile,441,0,0
1778856634888,535,UpdateIndividual,200,OK,UpdateIndividual 4-2,text,true,,800,5554,2,26,https://api-scuda.uat.oci.krungsri.tech/ic/api/v1/customer/individual/updateprofile,534,0,0
1778856635388,36,SearchIndividual,200,OK,SearchIndividual 2-5,text,true,,621,2602,1,25,https://api-scuda.uat.oci.krungsri.tech/ords/api/v1/customer/individual/searchprofile,36,0,21
1778856634749,688,CreateJoint,200,OK,CreateJoint 11-4,text,true,,1812,6083,5,24,https://api-scuda.uat.oci.krungsri.tech/ic/api/v1/customer/joint/createprofile,688,0,23
1778856634906,540,UpdateJuristic,200,OK,UpdateJuristic 8-4,text,true,,800,5799,5,23,https://api-scuda.uat.oci.krungsri.tech/ic/api/v1/customer/juristic/updateprofile,540,0,24
1778856634905,547,UpdateJuristic,200,OK,UpdateJuristic 8-3,text,true,,800,5782,4,22,https://api-scuda.uat.oci.krungsri.tech/ic/api/v1/customer/juristic/updateprofile,547,0,0
1778856634749,728,CreateJoint,200,OK,CreateJoint 11-3,text,true,,1813,6047,4,21,https://api-scuda.uat.oci.krungsri.tech/ic/api/v1/customer/joint/createprofile,728,0,0
1778856634905,581,UpdateJuristic,200,OK,UpdateJuristic 8-1,text,true,,800,5803,3,20,https://api-scuda.uat.oci.krungsri.tech/ic/api/v1/customer/juristic/updateprofile,581,0,0
1778856635204,288,GetJoint,200,OK,GetJoint 9-5,text,true,,1431,3530,1,19,https://api-scuda.uat.oci.krungsri.tech/ic/api/v1/customer/joint/getprofile,288,0,22
1778856634885,610,CreateJuristic,201,Created,CreateJuristic 7-2,text,true,,1172,7731,5,18,https://api-scuda.uat.oci.krungsri.tech/ic/api/v1/customer/juristic/createprofile,610,0,0
1778856634749,758,CreateJoint,200,OK,CreateJoint 11-2,text,true,,1813,5685,3,17,https://api-scuda.uat.oci.krungsri.tech/ic/api/v1/customer/joint/createprofile,758,0,0
1778856634907,635,UpdateJuristic,200,OK,UpdateJuristic 8-2,text,true,,800,5756,2,16,https://api-scuda.uat.oci.krungsri.tech/ic/api/v1/customer/juristic/updateprofile,635,0,0
1778856634749,847,CreateJoint,200,OK,CreateJoint 11-1,text,true,,1813,5688,2,15,https://api-scuda.uat.oci.krungsri.tech/ic/api/v1/customer/joint/createprofile,847,0,0
1778856634921,690,CreateIndividual,201,Created,CreateIndividual 3-5,text,true,,1172,8453,5,14,https://api-scuda.uat.oci.krungsri.tech/ic/api/v1/customer/individual/createprofile,690,0,11
1778856634888,739,UpdateIndividual,200,OK,UpdateIndividual 4-3,text,true,,799,5550,1,13,https://api-scuda.uat.oci.krungsri.tech/ic/api/v1/customer/individual/updateprofile,739,0,16
1778856635215,458,UpdateJoint,200,OK,UpdateJoint 12-5,text,true,,800,3614,1,12,https://api-scuda.uat.oci.krungsri.tech/ic/api/v1/customer/joint/updateprofile,458,0,20
1778856634876,824,CreateIndividual,201,Created,CreateIndividual 3-3,text,true,,1172,8315,4,12,https://api-scuda.uat.oci.krungsri.tech/ic/api/v1/customer/individual/createprofile,824,0,0
1778856635295,424,UpdateJuristic,200,OK,UpdateJuristic 8-5,text,true,,800,5772,1,11,https://api-scuda.uat.oci.krungsri.tech/ic/api/v1/customer/juristic/updateprofile,424,0,20
1778856634768,961,CreateJoint,200,OK,CreateJoint 11-5,text,true,,1813,5671,1,10,https://api-scuda.uat.oci.krungsri.tech/ic/api/v1/customer/joint/createprofile,961,0,17
1778856635137,593,GetIndividual,200,OK,GetIndividual 1-5,text,true,,3848,3588,1,10,https://api-scuda.uat.oci.krungsri.tech/ic/api/v1/customer/individual/getprofile,592,0,16
1778856634885,903,CreateJuristic,201,Created,CreateJuristic 7-3,text,true,,1172,7847,4,10,https://api-scuda.uat.oci.krungsri.tech/ic/api/v1/customer/juristic/createprofile,903,0,0
1778856634885,906,CreateJuristic,201,Created,CreateJuristic 7-1,text,true,,1172,8568,3,9,https://api-scuda.uat.oci.krungsri.tech/ic/api/v1/customer/juristic/createprofile,906,0,0
1778856635049,776,CreateJuristic,201,Created,CreateJuristic 7-5,text,true,,1172,7610,2,8,https://api-scuda.uat.oci.krungsri.tech/ic/api/v1/customer/juristic/createprofile,776,0,17
1778856634877,964,CreateIndividual,201,Created,CreateIndividual 3-1,text,true,,1172,8704,3,7,https://api-scuda.uat.oci.krungsri.tech/ic/api/v1/customer/individual/createprofile,964,0,0
1778856634876,982,CreateIndividual,201,Created,CreateIndividual 3-4,text,true,,1172,8328,2,6,https://api-scuda.uat.oci.krungsri.tech/ic/api/v1/customer/individual/createprofile,982,0,13
1778856635778,122,GetIndividual,200,OK,GetIndividual 1-6,text,true,,3811,3588,1,8,https://api-scuda.uat.oci.krungsri.tech/ic/api/v1/customer/individual/getprofile,122,0,29
1778856635883,27,SearchJuristic,200,OK,SearchJuristic 6-6,text,true,,621,2604,1,7,https://api-scuda.uat.oci.krungsri.tech/ords/api/v1/customer/juristic/searchprofile,27,0,15
1778856634877,1071,CreateIndividual,201,Created,CreateIndividual 3-2,text,true,,1163,8118,1,6,https://api-scuda.uat.oci.krungsri.tech/ic/api/v1/customer/individual/createprofile,1071,0,0
1778856634886,1065,CreateJuristic,201,Created,CreateJuristic 7-4,text,true,,1163,7975,2,5,https://api-scuda.uat.oci.krungsri.tech/ic/api/v1/customer/juristic/createprofile,1065,0,36
1778856635767,256,GetJuristic,200,OK,GetJuristic 5-6,text,true,,3501,3533,2,5,https://api-scuda.uat.oci.krungsri.tech/ic/api/v1/customer/juristic/getprofile,256,0,18
1778856636004,34,SearchJoint,200,OK,SearchJoint 10-6,text,true,,621,2627,1,4,https://api-scuda.uat.oci.krungsri.tech/ords/api/v1/customer/joint/searchprofile,34,0,22
1778856635688,366,GetJuristic,200,OK,GetJuristic 5-5,text,true,,3449,3533,1,3,https://api-scuda.uat.oci.krungsri.tech/ic/api/v1/customer/juristic/getprofile,366,0,24
1778856635870,368,CreateJuristic,201,Created,CreateJuristic 7-6,text,true,,1170,8170,1,4,https://api-scuda.uat.oci.krungsri.tech/ic/api/v1/customer/juristic/createprofile,368,0,16
1778856635880,380,UpdateJuristic,200,OK,UpdateJuristic 8-6,text,true,,800,5754,1,3,https://api-scuda.uat.oci.krungsri.tech/ic/api/v1/customer/juristic/updateprofile,380,0,18
1778856636363,34,SearchIndividual,200,OK,SearchIndividual 2-6,text,true,,621,2602,1,4,https://api-scuda.uat.oci.krungsri.tech/ords/api/v1/customer/individual/searchprofile,34,0,21
1778856636117,322,UpdateIndividual,200,OK,UpdateIndividual 4-6,text,true,,800,4228,1,4,https://api-scuda.uat.oci.krungsri.tech/ic/api/v1/customer/individual/updateprofile,322,0,15
1778856636203,376,GetJoint,200,OK,GetJoint 9-6,text,true,,1431,3530,1,3,https://api-scuda.uat.oci.krungsri.tech/ic/api/v1/customer/joint/getprofile,376,0,20
1778856636818,33,SearchJuristic,200,OK,SearchJuristic 6-7,text,true,,621,2611,1,6,https://api-scuda.uat.oci.krungsri.tech/ords/api/v1/customer/juristic/searchprofile,33,0,17
1778856636431,486,CreateJoint,200,OK,CreateJoint 11-6,text,true,,1813,5945,1,5,https://api-scuda.uat.oci.krungsri.tech/ic/api/v1/customer/joint/createprofile,486,0,14
1778856636609,318,UpdateJoint,200,OK,UpdateJoint 12-6,text,true,,800,3614,1,4,https://api-scuda.uat.oci.krungsri.tech/ic/api/v1/customer/joint/updateprofile,318,0,14
1778856636727,244,GetIndividual,200,OK,GetIndividual 1-7,text,true,,3818,3588,1,4,https://api-scuda.uat.oci.krungsri.tech/ic/api/v1/customer/individual/getprofile,244,0,20
1778856636384,667,CreateIndividual,201,Created,CreateIndividual 3-6,text,true,,1172,8565,1,4,https://api-scuda.uat.oci.krungsri.tech/ic/api/v1/customer/individual/createprofile,667,0,13
1778856636789,277,UpdateIndividual,200,OK,UpdateIndividual 4-7,text,true,,800,4229,1,5,https://api-scuda.uat.oci.krungsri.tech/ic/api/v1/customer/individual/updateprofile,277,0,20
1778856637062,35,SearchIndividual,200,OK,SearchIndividual 2-7,text,true,,621,2613,1,5,https://api-scuda.uat.oci.krungsri.tech/ords/api/v1/customer/individual/searchprofile,35,0,22
1778856637108,27,SearchJoint,200,OK,SearchJoint 10-7,text,true,,621,2627,1,5,https://api-scuda.uat.oci.krungsri.tech/ords/api/v1/customer/joint/searchprofile,27,0,16
1778856636956,247,GetJoint,200,OK,GetJoint 9-7,text,true,,1429,3530,1,4,https://api-scuda.uat.oci.krungsri.tech/ic/api/v1/customer/joint/getprofile,247,0,16
1778856637068,254,UpdateJoint,200,OK,UpdateJoint 12-7,text,true,,800,4511,1,4,https://api-scuda.uat.oci.krungsri.tech/ic/api/v1/customer/joint/updateprofile,254,0,22
1778856637013,456,CreateJoint,200,OK,CreateJoint 11-7,text,true,,1813,6096,1,4,https://api-scuda.uat.oci.krungsri.tech/ic/api/v1/customer/joint/createprofile,456,0,10
1778856637075,419,CreateIndividual,201,Created,CreateIndividual 3-7,text,true,,1172,8398,1,3,https://api-scuda.uat.oci.krungsri.tech/ic/api/v1/customer/individual/createprofile,419,0,23
1778856637366,258,GetJuristic,200,OK,GetJuristic 5-7,text,true,,3509,3533,1,2,https://api-scuda.uat.oci.krungsri.tech/ic/api/v1/customer/juristic/getprofile,258,0,27
1778856637263,618,CreateJuristic,201,Created,CreateJuristic 7-7,text,true,,1170,8014,1,3,https://api-scuda.uat.oci.krungsri.tech/ic/api/v1/customer/juristic/createprofile,618,0,20
1778856637657,310,UpdateJuristic,200,OK,UpdateJuristic 8-7,text,true,,800,5816,1,4,https://api-scuda.uat.oci.krungsri.tech/ic/api/v1/customer/juristic/updateprofile,310,0,18
1778856638020,24,SearchJuristic,200,OK,SearchJuristic 6-8,text,true,,621,2633,1,5,https://api-scuda.uat.oci.krungsri.tech/ords/api/v1/customer/juristic/searchprofile,24,0,13
1778856637916,159,UpdateIndividual,200,OK,UpdateIndividual 4-8,text,true,,800,5539,1,5,https://api-scuda.uat.oci.krungsri.tech/ic/api/v1/customer/individual/updateprofile,159,0,15
1778856638147,33,SearchJoint,200,OK,SearchJoint 10-8,text,true,,621,2627,1,6,https://api-scuda.uat.oci.krungsri.tech/ords/api/v1/customer/joint/searchprofile,33,0,20
1778856638209,22,SearchJoint,200,OK,SearchJoint 10-9,text,true,,621,2627,1,8,https://api-scuda.uat.oci.krungsri.tech/ords/api/v1/customer/joint/searchprofile,22,0,11
1778856638213,77,GetJuristic,200,OK,GetJuristic 5-8,text,true,,3524,3531,1,7,https://api-scuda.uat.oci.krungsri.tech/ic/api/v1/customer/juristic/getprofile,77,0,10
1778856637883,424,CreateJoint,200,OK,CreateJoint 11-8,text,true,,1813,6119,2,7,https://api-scuda.uat.oci.krungsri.tech/ic/api/v1/customer/joint/createprofile,424,0,15
1778856638345,87,GetJoint,200,OK,GetJoint 9-8,text,true,,1431,3530,2,12,https://api-scuda.uat.oci.krungsri.tech/ic/api/v1/customer/joint/getprofile,87,0,16
1778856637941,520,GetIndividual,200,OK,GetIndividual 1-8,text,true,,3833,3588,1,11,https://api-scuda.uat.oci.krungsri.tech/ic/api/v1/customer/individual/getprofile,520,0,28
1778856638078,404,UpdateJoint,200,OK,UpdateJoint 12-8,text,true,,800,3614,1,11,https://api-scuda.uat.oci.krungsri.tech/ic/api/v1/customer/joint/updateprofile,404,0,50
1778856638500,34,SearchIndividual,200,OK,SearchIndividual 2-8,text,true,,14301,2604,2,13,https://api-scuda.uat.oci.krungsri.tech/ords/api/v1/customer/individual/searchprofile,34,0,17
1778856638510,31,SearchIndividual,200,OK,SearchIndividual 2-9,text,true,,621,2613,1,12,https://api-scuda.uat.oci.krungsri.tech/ords/api/v1/customer/individual/searchprofile,31,0,16
1778856638381,167,UpdateIndividual,200,OK,UpdateIndividual 4-9,text,true,,800,5558,1,11,https://api-scuda.uat.oci.krungsri.tech/ic/api/v1/customer/individual/updateprofile,167,0,20
1778856638193,413,CreateJuristic,201,Created,CreateJuristic 7-9,text,true,,1172,7830,2,10,https://api-scuda.uat.oci.krungsri.tech/ic/api/v1/customer/juristic/createprofile,413,0,15
1778856638323,311,UpdateJuristic,200,OK,UpdateJuristic 8-9,text,true,,800,4430,2,11,https://api-scuda.uat.oci.krungsri.tech/ic/api/v1/customer/juristic/updateprofile,311,0,13
1778856638609,29,SearchJuristic,200,OK,SearchJuristic 6-9,text,true,,621,2621,1,10,https://api-scuda.uat.oci.krungsri.tech/ords/api/v1/customer/juristic/searchprofile,29,0,19
1778856638299,340,CreateIndividual,201,Created,CreateIndividual 3-8,text,true,,1172,8093,2,9,https://api-scuda.uat.oci.krungsri.tech/ic/api/v1/customer/individual/createprofile,340,0,14
1778856637977,671,CreateJuristic,201,Created,CreateJuristic 7-8,text,true,,1172,7656,1,8,https://api-scuda.uat.oci.krungsri.tech/ic/api/v1/customer/juristic/createprofile,671,0,18
1778856638391,284,GetJoint,200,OK,GetJoint 9-9,text,true,,1428,3529,1,7,https://api-scuda.uat.oci.krungsri.tech/ic/api/v1/customer/joint/getprofile,284,0,20
1778856638499,225,GetIndividual,200,OK,GetIndividual 1-9,text,true,,3839,3588,1,7,https://api-scuda.uat.oci.krungsri.tech/ic/api/v1/customer/individual/getprofile,224,0,12
1778856638109,642,CreateJoint,200,OK,CreateJoint 11-9,text,true,,1813,6125,2,9,https://api-scuda.uat.oci.krungsri.tech/ic/api/v1/customer/joint/createprofile,642,0,16
1778856638727,28,SearchJuristic,200,OK,SearchJuristic 6-10,text,true,,621,2606,1,8,https://api-scuda.uat.oci.krungsri.tech/ords/api/v1/customer/juristic/searchprofile,28,0,18
1778856638724,36,SearchJoint,200,OK,SearchJoint 10-10,text,true,,621,2627,1,7,https://api-scuda.uat.oci.krungsri.tech/ords/api/v1/customer/joint/searchprofile,36,0,22
1778856638631,148,UpdateJoint,200,OK,UpdateJoint 12-9,text,true,,800,4568,1,6,https://api-scuda.uat.oci.krungsri.tech/ic/api/v1/customer/joint/updateprofile,148,0,23
1778856638468,329,GetJuristic,200,OK,GetJuristic 5-9,text,true,,3476,3533,1,6,https://api-scuda.uat.oci.krungsri.tech/ic/api/v1/customer/juristic/getprofile,329,0,26
1778856638795,30,SearchIndividual,200,OK,SearchIndividual 2-10,text,true,,621,2613,1,5,https://api-scuda.uat.oci.krungsri.tech/ords/api/v1/customer/individual/searchprofile,30,0,19
1778856638315,511,UpdateJuristic,200,OK,UpdateJuristic 8-8,text,true,,798,5836,1,4,https://api-scuda.uat.oci.krungsri.tech/ic/api/v1/customer/juristic/updateprofile,511,0,14
1778856638915,86,GetJuristic,200,OK,GetJuristic 5-11,text,true,,3477,3533,2,9,https://api-scuda.uat.oci.krungsri.tech/ic/api/v1/customer/juristic/getprofile,86,0,13
1778856638409,602,CreateIndividual,201,Created,CreateIndividual 3-9,text,true,,1172,8385,1,8,https://api-scuda.uat.oci.krungsri.tech/ic/api/v1/customer/individual/createprofile,602,0,13
1778856638941,121,UpdateIndividual,200,OK,UpdateIndividual 4-10,text,true,,800,4230,2,8,https://api-scuda.uat.oci.krungsri.tech/ic/api/v1/customer/individual/updateprofile,121,0,22
1778856638937,157,UpdateJuristic,200,OK,UpdateJuristic 8-10,text,true,,800,4426,2,7,https://api-scuda.uat.oci.krungsri.tech/ic/api/v1/customer/juristic/updateprofile,156,0,23
1778856639020,98,GetIndividual,200,OK,GetIndividual 1-10,text,true,,3822,3588,1,6,https://api-scuda.uat.oci.krungsri.tech/ic/api/v1/customer/individual/getprofile,98,0,21
1778856638898,269,GetJuristic,200,OK,GetJuristic 5-10,text,true,,3458,3533,1,6,https://api-scuda.uat.oci.krungsri.tech/ic/api/v1/customer/juristic/getprofile,269,0,15
1778856639166,31,SearchJoint,200,OK,SearchJoint 10-11,text,true,,621,2627,1,5,https://api-scuda.uat.oci.krungsri.tech/ords/api/v1/customer/joint/searchprofile,31,0,21
1778856638974,317,UpdateIndividual,200,OK,UpdateIndividual 4-11,text,true,,800,5620,1,5,https://api-scuda.uat.oci.krungsri.tech/ic/api/v1/customer/individual/updateprofile,316,0,19
1778856638991,310,UpdateJuristic,200,OK,UpdateJuristic 8-11,text,true,,800,4430,1,4,https://api-scuda.uat.oci.krungsri.tech/ic/api/v1/customer/juristic/updateprofile,310,0,14
1778856639313,32,SearchIndividual,200,OK,SearchIndividual 2-11,text,true,,621,2647,1,5,https://api-scuda.uat.oci.krungsri.tech/ords/api/v1/customer/individual/searchprofile,32,0,21
1778856638736,652,CreateJoint,200,OK,CreateJoint 11-10,text,true,,1813,5730,1,4,https://api-scuda.uat.oci.krungsri.tech/ic/api/v1/customer/joint/createprofile,652,0,24
1778856638740,651,CreateJuristic,201,Created,CreateJuristic 7-10,text,true,,1172,8268,2,3,https://api-scuda.uat.oci.krungsri.tech/ic/api/v1/customer/juristic/createprofile,651,0,23
1778856639480,35,SearchJuristic,200,OK,SearchJuristic 6-11,text,true,,621,2611,1,5,https://api-scuda.uat.oci.krungsri.tech/ords/api/v1/customer/juristic/searchprofile,34,0,23
1778856639290,304,CreateIndividual,201,Created,CreateIndividual 3-10,text,true,,1172,7981,2,5,https://api-scuda.uat.oci.krungsri.tech/ic/api/v1/customer/individual/createprofile,304,0,17
1778856639429,214,CreateJoint,200,OK,CreateJoint 11-11,text,true,,1813,5786,1,6,https://api-scuda.uat.oci.krungsri.tech/ic/api/v1/customer/joint/createprofile,214,0,21
1778856639709,21,SearchIndividual,200,OK,SearchIndividual 2-12,text,true,,621,2613,1,9,https://api-scuda.uat.oci.krungsri.tech/ords/api/v1/customer/individual/searchprofile,21,0,10
1778856639411,320,CreateIndividual,201,Created,CreateIndividual 3-11,text,true,,1171,8220,1,9,https://api-scuda.uat.oci.krungsri.tech/ic/api/v1/customer/individual/createprofile,320,0,22
1778856639731,94,GetIndividual,200,OK,GetIndividual 1-12,text,true,,3851,3588,2,9,https://api-scuda.uat.oci.krungsri.tech/ic/api/v1/customer/individual/getprofile,94,0,20
1778856639799,34,SearchJuristic,200,OK,SearchJuristic 6-12,text,true,,621,2607,1,9,https://api-scuda.uat.oci.krungsri.tech/ords/api/v1/customer/juristic/searchprofile,34,0,19
1778856639810,31,SearchJoint,200,OK,SearchJoint 10-12,text,true,,621,2627,1,8,https://api-scuda.uat.oci.krungsri.tech/ords/api/v1/customer/joint/searchprofile,31,0,19
1778856639656,208,GetJoint,200,OK,GetJoint 9-10,text,true,,1429,3530,2,7,https://api-scuda.uat.oci.krungsri.tech/ic/api/v1/customer/joint/getprofile,208,0,18
1778856639585,291,GetIndividual,200,OK,GetIndividual 1-11,text,true,,3832,3588,1,6,https://api-scuda.uat.oci.krungsri.tech/ic/api/v1/customer/individual/getprofile,291,0,21
1778856639344,559,CreateJuristic,201,Created,CreateJuristic 7-11,text,true,,1172,7941,1,8,https://api-scuda.uat.oci.krungsri.tech/ic/api/v1/customer/juristic/createprofile,559,0,20
1778856639633,283,UpdateJoint,200,OK,UpdateJoint 12-11,text,true,,800,4508,2,7,https://api-scuda.uat.oci.krungsri.tech/ic/api/v1/customer/joint/updateprofile,283,0,15
1778856639902,36,SearchJuristic,200,OK,SearchJuristic 6-13,text,true,,621,2611,1,6,https://api-scuda.uat.oci.krungsri.tech/ords/api/v1/customer/juristic/searchprofile,35,0,22
1778856639702,252,GetJoint,200,OK,GetJoint 9-11,text,true,,1431,3530,1,6,https://api-scuda.uat.oci.krungsri.tech/ic/api/v1/customer/joint/getprofile,252,0,10
1778856639613,351,UpdateJoint,200,OK,UpdateJoint 12-10,text,true,,800,4513,1,5,https://api-scuda.uat.oci.krungsri.tech/ic/api/v1/customer/joint/updateprofile,351,0,19
1778856639897,131,UpdateIndividual,200,OK,UpdateIndividual 4-12,text,true,,800,4227,2,7,https://api-scuda.uat.oci.krungsri.tech/ic/api/v1/customer/individual/updateprofile,131,0,24
1778856639897,243,CreateJoint,200,OK,CreateJoint 11-12,text,true,,1813,5873,2,7,https://api-scuda.uat.oci.krungsri.tech/ic/api/v1/customer/joint/createprofile,243,0,29
1778856640020,205,CreateJoint,200,OK,CreateJoint 11-13,text,true,,1812,6024,1,8,https://api-scuda.uat.oci.krungsri.tech/ic/api/v1/customer/joint/createprofile,205,0,14
1778856639835,418,UpdateJuristic,200,OK,UpdateJuristic 8-12,text,true,,800,5842,2,7,https://api-scuda.uat.oci.krungsri.tech/ic/api/v1/customer/juristic/updateprofile,418,0,12
1778856639958,327,CreateIndividual,201,Created,CreateIndividual 3-12,text,true,,1172,8349,2,6,https://api-scuda.uat.oci.krungsri.tech/ic/api/v1/customer/individual/createprofile,327,0,21
1778856640197,94,GetIndividual,200,OK,GetIndividual 1-13,text,true,,3869,3588,1,6,https://api-scuda.uat.oci.krungsri.tech/ic/api/v1/customer/individual/getprofile,94,0,17
1778856640017,307,CreateIndividual,201,Created,CreateIndividual 3-13,text,true,,1172,8599,1,6,https://api-scuda.uat.oci.krungsri.tech/ic/api/v1/customer/individual/createprofile,307,0,12
1778856640029,311,UpdateIndividual,200,OK,UpdateIndividual 4-13,text,true,,800,4228,1,6,https://api-scuda.uat.oci.krungsri.tech/ic/api/v1/customer/individual/updateprofile,311,0,20
1778856640323,26,SearchJoint,200,OK,SearchJoint 10-13,text,true,,621,2627,1,5,https://api-scuda.uat.oci.krungsri.tech/ords/api/v1/customer/joint/searchprofile,26,0,15
1778856640152,198,UpdateJuristic,200,OK,UpdateJuristic 8-13,text,true,,800,5817,1,4,https://api-scuda.uat.oci.krungsri.tech/ic/api/v1/customer/juristic/updateprofile,198,0,20
1778856640293,87,GetJuristic,200,OK,GetJuristic 5-12,text,true,,3524,3533,1,3,https://api-scuda.uat.oci.krungsri.tech/ic/api/v1/customer/juristic/getprofile,87,0,17
1778856640397,102,UpdateJoint,200,OK,UpdateJoint 12-13,text,true,,800,3614,2,4,https://api-scuda.uat.oci.krungsri.tech/ic/api/v1/customer/joint/updateprofile,102,0,20
1778856640482,92,GetJoint,200,OK,GetJoint 9-12,text,true,,1431,3530,1,4,https://api-scuda.uat.oci.krungsri.tech/ic/api/v1/customer/joint/getprofile,92,0,12
1778856640332,319,UpdateJoint,200,OK,UpdateJoint 12-12,text,true,,800,3614,1,3,https://api-scuda.uat.oci.krungsri.tech/ic/api/v1/customer/joint/updateprofile,319,0,15
1778856640088,608,CreateJuristic,201,Created,CreateJuristic 7-12,text,true,,1172,8050,2,5,https://api-scuda.uat.oci.krungsri.tech/ic/api/v1/customer/juristic/createprofile,608,0,15
1778856640684,21,SearchIndividual,200,OK,SearchIndividual 2-13,text,true,,621,2613,1,4,https://api-scuda.uat.oci.krungsri.tech/ords/api/v1/customer/individual/searchprofile,21,0,11
1778856640534,207,GetJuristic,200,OK,GetJuristic 5-13,text,true,,3470,3533,1,5,https://api-scuda.uat.oci.krungsri.tech/ic/api/v1/customer/juristic/getprofile,207,0,14
1778856640658,103,GetJoint,200,OK,GetJoint 9-13,text,true,,1429,3530,1,4,https://api-scuda.uat.oci.krungsri.tech/ic/api/v1/customer/joint/getprofile,103,0,21
1778856640734,31,SearchJuristic,200,OK,SearchJuristic 6-14,text,true,,621,2624,1,3,https://api-scuda.uat.oci.krungsri.tech/ords/api/v1/customer/juristic/searchprofile,31,0,19
1778856640789,82,GetIndividual,200,OK,GetIndividual 1-14,text,true,,3843,3587,1,3,https://api-scuda.uat.oci.krungsri.tech/ic/api/v1/customer/individual/getprofile,82,0,16
1778856640881,25,SearchJoint,200,OK,SearchJoint 10-14,text,true,,621,2627,1,4,https://api-scuda.uat.oci.krungsri.tech/ords/api/v1/customer/joint/searchprofile,25,0,13
1778856640877,34,SearchIndividual,200,OK,SearchIndividual 2-14,text,true,,14451,2614,1,3,https://api-scuda.uat.oci.krungsri.tech/ords/api/v1/customer/individual/searchprofile,34,0,18
1778856640663,352,CreateJuristic,201,Created,CreateJuristic 7-13,text,true,,1171,8092,2,4,https://api-scuda.uat.oci.krungsri.tech/ic/api/v1/customer/juristic/createprofile,352,0,16
1778856640734,351,CreateJuristic,201,Created,CreateJuristic 7-14,text,true,,1172,7885,1,5,https://api-scuda.uat.oci.krungsri.tech/ic/api/v1/customer/juristic/createprofile,351,0,12
1778856641048,86,GetJuristic,200,OK,GetJuristic 5-14,text,true,,3520,3533,1,4,https://api-scuda.uat.oci.krungsri.tech/ic/api/v1/customer/juristic/getprofile,86,0,10
1778856640928,239,GetIndividual,200,OK,GetIndividual 1-15,text,true,,3848,3588,1,4,https://api-scuda.uat.oci.krungsri.tech/ic/api/v1/customer/individual/getprofile,239,0,18
1778856641025,148,UpdateJuristic,200,OK,UpdateJuristic 8-14,text,true,,800,4423,1,3,https://api-scuda.uat.oci.krungsri.tech/ic/api/v1/customer/juristic/updateprofile,148,0,12
1778856641266,29,SearchJuristic,200,OK,SearchJuristic 6-15,text,true,,621,2609,1,5,https://api-scuda.uat.oci.krungsri.tech/ords/api/v1/customer/juristic/searchprofile,29,0,19
1778856640971,422,CreateJoint,200,OK,CreateJoint 11-14,text,true,,1813,5765,2,5,https://api-scuda.uat.oci.krungsri.tech/ic/api/v1/customer/joint/createprofile,422,0,12
1778856641145,295,CreateJoint,200,OK,CreateJoint 11-15,text,true,,1812,6092,1,4,https://api-scuda.uat.oci.krungsri.tech/ic/api/v1/customer/joint/createprofile,295,0,13
1778856641355,105,GetJoint,200,OK,GetJoint 9-15,text,true,,1429,3530,2,4,https://api-scuda.uat.oci.krungsri.tech/ic/api/v1/customer/joint/getprofile,105,0,20
1778856641219,261,GetJoint,200,OK,GetJoint 9-14,text,true,,1431,3530,1,3,https://api-scuda.uat.oci.krungsri.tech/ic/api/v1/customer/joint/getprofile,261,0,17
1778856641238,262,UpdateJoint,200,OK,UpdateJoint 12-14,text,true,,800,3614,1,4,https://api-scuda.uat.oci.krungsri.tech/ic/api/v1/customer/joint/updateprofile,262,0,19
1778856641553,25,SearchIndividual,200,OK,SearchIndividual 2-15,text,true,,621,2613,1,5,https://api-scuda.uat.oci.krungsri.tech/ords/api/v1/customer/individual/searchprofile,25,0,13
1778856641618,26,SearchJoint,200,OK,SearchJoint 10-15,text,true,,621,2627,1,6,https://api-scuda.uat.oci.krungsri.tech/ords/api/v1/customer/joint/searchprofile,26,0,16
1778856641497,157,UpdateJuristic,200,OK,UpdateJuristic 8-15,text,true,,800,4427,1,5,https://api-scuda.uat.oci.krungsri.tech/ic/api/v1/customer/juristic/updateprofile,157,0,21
1778856641457,256,GetJuristic,200,OK,GetJuristic 5-15,text,true,,3468,3533,1,7,https://api-scuda.uat.oci.krungsri.tech/ic/api/v1/customer/juristic/getprofile,256,0,23
1778856641595,157,UpdateIndividual,200,OK,UpdateIndividual 4-14,text,true,,800,5551,2,7,https://api-scuda.uat.oci.krungsri.tech/ic/api/v1/customer/individual/updateprofile,157,0,16
1778856641669,108,UpdateJoint,200,OK,UpdateJoint 12-15,text,true,,800,3614,1,6,https://api-scuda.uat.oci.krungsri.tech/ic/api/v1/customer/joint/updateprofile,107,0,13
1778856641675,103,UpdateIndividual,200,OK,UpdateIndividual 4-15,text,true,,800,4227,1,5,https://api-scuda.uat.oci.krungsri.tech/ic/api/v1/customer/individual/updateprofile,103,0,11
1778856641809,36,SearchIndividual,200,OK,SearchIndividual 2-16,text,true,,621,2634,1,8,https://api-scuda.uat.oci.krungsri.tech/ords/api/v1/customer/individual/searchprofile,36,0,23
1778856641545,320,CreateIndividual,201,Created,CreateIndividual 3-15,text,true,,1171,8423,2,7,https://api-scuda.uat.oci.krungsri.tech/ic/api/v1/customer/individual/createprofile,320,0,19
1778856641816,154,GetJoint,200,OK,GetJoint 9-16,text,true,,1431,3530,1,9,https://api-scuda.uat.oci.krungsri.tech/ic/api/v1/customer/joint/getprofile,154,0,21
1778856641674,363,CreateJuristic,201,Created,CreateJuristic 7-15,text,true,,1172,7937,2,11,https://api-scuda.uat.oci.krungsri.tech/ic/api/v1/customer/juristic/createprofile,363,0,14
1778856641942,109,UpdateJoint,200,OK,UpdateJoint 12-17,text,true,,800,3614,3,11,https://api-scuda.uat.oci.krungsri.tech/ic/api/v1/customer/joint/updateprofile,109,0,20
1778856642028,27,SearchIndividual,200,OK,SearchIndividual 2-17,text,true,,621,2613,1,10,https://api-scuda.uat.oci.krungsri.tech/ords/api/v1/customer/individual/searchprofile,27,0,17
1778856641802,285,GetIndividual,200,OK,GetIndividual 1-16,text,true,,3831,3588,1,10,https://api-scuda.uat.oci.krungsri.tech/ic/api/v1/customer/individual/getprofile,285,0,24
1778856641485,613,CreateIndividual,201,Created,CreateIndividual 3-14,text,true,,1172,8473,1,9,https://api-scuda.uat.oci.krungsri.tech/ic/api/v1/customer/individual/createprofile,613,0,20
1778856642074,32,SearchJuristic,200,OK,SearchJuristic 6-16,text,true,,621,2639,1,8,https://api-scuda.uat.oci.krungsri.tech/ords/api/v1/customer/juristic/searchprofile,32,0,20
1778856641941,192,GetJuristic,200,OK,GetJuristic 5-16,text,true,,3453,3533,1,8,https://api-scuda.uat.oci.krungsri.tech/ic/api/v1/customer/juristic/getprofile,192,0,13
1778856641965,168,UpdateJuristic,200,OK,UpdateJuristic 8-16,text,true,,800,4425,1,8,https://api-scuda.uat.oci.krungsri.tech/ic/api/v1/customer/juristic/updateprofile,168,0,13
1778856641819,360,UpdateJoint,200,OK,UpdateJoint 12-16,text,true,,800,4591,2,7,https://api-scuda.uat.oci.krungsri.tech/ic/api/v1/customer/joint/updateprofile,360,0,20
1778856642184,27,SearchJoint,200,OK,SearchJoint 10-16,text,true,,621,2627,1,7,https://api-scuda.uat.oci.krungsri.tech/ords/api/v1/customer/joint/searchprofile,27,0,17
1778856642130,83,GetJoint,200,OK,GetJoint 9-17,text,true,,1431,3530,1,6,https://api-scuda.uat.oci.krungsri.tech/ic/api/v1/customer/joint/getprofile,83,0,10
1778856642140,93,GetIndividual,200,OK,GetIndividual 1-17,text,true,,3875,3588,1,6,https://api-scuda.uat.oci.krungsri.tech/ic/api/v1/customer/individual/getprofile,93,0,21
1778856642042,222,CreateJoint,200,OK,CreateJoint 11-17,text,true,,1813,5864,2,6,https://api-scuda.uat.oci.krungsri.tech/ic/api/v1/customer/joint/createprofile,222,0,22
1778856642296,21,SearchJoint,200,OK,SearchJoint 10-17,text,true,,621,2627,1,6,https://api-scuda.uat.oci.krungsri.tech/ords/api/v1/customer/joint/searchprofile,21,0,9
1778856641753,566,CreateJuristic,201,Created,CreateJuristic 7-16,text,true,,1172,7938,1,5,https://api-scuda.uat.oci.krungsri.tech/ic/api/v1/customer/juristic/createprofile,566,0,14
1778856642228,148,UpdateJuristic,200,OK,UpdateJuristic 8-17,text,true,,800,4417,2,7,https://api-scuda.uat.oci.krungsri.tech/ic/api/v1/customer/juristic/updateprofile,148,0,18
1778856642018,360,UpdateJoint,200,OK,UpdateJoint 12-18,text,true,,800,4467,1,8,https://api-scuda.uat.oci.krungsri.tech/ic/api/v1/customer/joint/updateprofile,360,0,17
1778856642379,31,SearchJoint,200,OK,SearchJoint 10-18,text,true,,621,2627,1,11,https://api-scuda.uat.oci.krungsri.tech/ords/api/v1/customer/joint/searchprofile,31,0,19
1778856642353,155,UpdateIndividual,200,OK,UpdateIndividual 4-16,text,true,,800,5606,3,12,https://api-scuda.uat.oci.krungsri.tech/ic/api/v1/customer/individual/updateprofile,154,0,16
1778856642412,122,UpdateIndividual,200,OK,UpdateIndividual 4-18,text,true,,800,4227,2,12,https://api-scuda.uat.oci.krungsri.tech/ic/api/v1/customer/individual/updateprofile,122,0,14
1778856642566,31,SearchIndividual,200,OK,SearchIndividual 2-18,text,true,,621,2638,1,13,https://api-scuda.uat.oci.krungsri.tech/ords/api/v1/customer/individual/searchprofile,31,0,20
1778856642382,239,CreateJoint,200,OK,CreateJoint 11-18,text,true,,1813,6104,2,13,https://api-scuda.uat.oci.krungsri.tech/ic/api/v1/customer/joint/createprofile,239,0,12
1778856642268,376,UpdateJuristic,200,OK,UpdateJuristic 8-18,text,true,,800,5757,1,12,https://api-scuda.uat.oci.krungsri.tech/ic/api/v1/customer/juristic/updateprofile,376,0,20
1778856642615,33,SearchJuristic,200,OK,SearchJuristic 6-17,text,true,,621,2611,1,11,https://api-scuda.uat.oci.krungsri.tech/ords/api/v1/customer/juristic/searchprofile,33,0,21
1778856642339,317,CreateIndividual,201,Created,CreateIndividual 3-16,text,true,,1172,8281,3,11,https://api-scuda.uat.oci.krungsri.tech/ic/api/v1/customer/individual/createprofile,317,0,20
1778856642416,248,GetJuristic,200,OK,GetJuristic 5-17,text,true,,3530,3532,2,10,https://api-scuda.uat.oci.krungsri.tech/ic/api/v1/customer/juristic/getprofile,248,0,20
1778856642391,274,GetIndividual,200,OK,GetIndividual 1-18,text,true,,3877,3588,1,10,https://api-scuda.uat.oci.krungsri.tech/ic/api/v1/customer/individual/getprofile,274,0,17
1778856642034,651,CreateJoint,200,OK,CreateJoint 11-16,text,true,,1813,5908,1,9,https://api-scuda.uat.oci.krungsri.tech/ic/api/v1/customer/joint/createprofile,651,0,19
1778856642595,96,GetJuristic,200,OK,GetJuristic 5-18,text,true,,3510,3533,1,8,https://api-scuda.uat.oci.krungsri.tech/ic/api/v1/customer/juristic/getprofile,96,0,22
1778856642669,29,SearchJuristic,200,OK,SearchJuristic 6-18,text,true,,8135,2612,1,7,https://api-scuda.uat.oci.krungsri.tech/ords/api/v1/customer/juristic/searchprofile,29,0,18
1778856642526,208,GetJoint,200,OK,GetJoint 9-18,text,true,,1429,3530,1,8,https://api-scuda.uat.oci.krungsri.tech/ic/api/v1/customer/joint/getprofile,208,0,14
1778856642719,22,SearchIndividual,200,OK,SearchIndividual 2-19,text,true,,621,2613,1,7,https://api-scuda.uat.oci.krungsri.tech/ords/api/v1/customer/individual/searchprofile,22,0,12
1778856642395,383,CreateJuristic,201,Created,CreateJuristic 7-17,text,true,,1172,7959,3,7,https://api-scuda.uat.oci.krungsri.tech/ic/api/v1/customer/juristic/createprofile,383,0,19
1778856642364,428,UpdateIndividual,200,OK,UpdateIndividual 4-17,text,true,,798,5556,1,7,https://api-scuda.uat.oci.krungsri.tech/ic/api/v1/customer/individual/updateprofile,428,0,13
1778856642810,35,SearchIndividual,200,OK,SearchIndividual 2-20,text,true,,621,2602,1,9,https://api-scuda.uat.oci.krungsri.tech/ords/api/v1/customer/individual/searchprofile,35,0,23
1778856642469,415,CreateJuristic,201,Created,CreateJuristic 7-18,text,true,,1172,7687,3,9,https://api-scuda.uat.oci.krungsri.tech/ic/api/v1/customer/juristic/createprofile,415,0,16
1778856642904,25,SearchJoint,200,OK,SearchJoint 10-19,text,true,,621,2627,1,11,https://api-scuda.uat.oci.krungsri.tech/ords/api/v1/customer/joint/searchprofile,25,0,11
1778856642913,35,SearchJuristic,200,OK,SearchJuristic 6-19,text,true,,620,2606,1,10,https://api-scuda.uat.oci.krungsri.tech/ords/api/v1/customer/juristic/searchprofile,35,0,23
1778856642866,84,GetJuristic,200,OK,GetJuristic 5-19,text,true,,3456,3533,1,9,https://api-scuda.uat.oci.krungsri.tech/ic/api/v1/customer/juristic/getprofile,84,0,14
1778856642956,29,SearchJuristic,200,OK,SearchJuristic 6-20,text,true,,621,2621,1,10,https://api-scuda.uat.oci.krungsri.tech/ords/api/v1/customer/juristic/searchprofile,29,0,18
1778856642889,135,UpdateJoint,200,OK,UpdateJoint 12-19,text,true,,800,4598,1,11,https://api-scuda.uat.oci.krungsri.tech/ic/api/v1/customer/joint/updateprofile,135,0,14
1778856643010,26,SearchJoint,200,OK,SearchJoint 10-20,text,true,,621,2627,1,11,https://api-scuda.uat.oci.krungsri.tech/ords/api/v1/customer/joint/searchprofile,26,0,16
1778856642785,282,UpdateJuristic,200,OK,UpdateJuristic 8-19,text,true,,799,4426,2,11,https://api-scuda.uat.oci.krungsri.tech/ic/api/v1/customer/juristic/updateprofile,282,0,14
1778856642818,285,GetIndividual,200,OK,GetIndividual 1-19,text,true,,3844,3588,1,10,https://api-scuda.uat.oci.krungsri.tech/ic/api/v1/customer/individual/getprofile,285,0,14
1778856642729,384,CreateJuristic,201,Created,CreateJuristic 7-19,text,true,,1172,7655,2,10,https://api-scuda.uat.oci.krungsri.tech/ic/api/v1/customer/juristic/createprofile,384,0,22
1778856642408,722,CreateIndividual,201,Created,CreateIndividual 3-17,text,true,,1172,8839,4,9,https://api-scuda.uat.oci.krungsri.tech/ic/api/v1/customer/individual/createprofile,722,0,20
1778856643034,98,UpdateJoint,200,OK,UpdateJoint 12-20,text,true,,800,3614,1,8,https://api-scuda.uat.oci.krungsri.tech/ic/api/v1/customer/joint/updateprofile,98,0,13
1778856642800,377,CreateJuristic,201,Created,CreateJuristic 7-20,text,true,,1172,8251,1,7,https://api-scuda.uat.oci.krungsri.tech/ic/api/v1/customer/juristic/createprofile,377,0,15
1778856643067,148,UpdateJuristic,200,OK,UpdateJuristic 8-20,text,true,,800,4425,2,8,https://api-scuda.uat.oci.krungsri.tech/ic/api/v1/customer/juristic/updateprofile,148,0,20
1778856643190,25,SearchIndividual,200,OK,SearchIndividual 2-21,text,true,,621,2635,1,8,https://api-scuda.uat.oci.krungsri.tech/ords/api/v1/customer/individual/searchprofile,25,0,13
1778856642969,253,UpdateIndividual,200,OK,UpdateIndividual 4-19,text,true,,799,4227,1,6,https://api-scuda.uat.oci.krungsri.tech/ic/api/v1/customer/individual/updateprofile,253,0,17
1778856642764,494,CreateJoint,200,OK,CreateJoint 11-19,text,true,,1813,5735,2,6,https://api-scuda.uat.oci.krungsri.tech/ic/api/v1/customer/joint/createprofile,494,0,20
1778856642657,612,CreateIndividual,201,Created,CreateIndividual 3-18,text,true,,1172,7976,3,6,https://api-scuda.uat.oci.krungsri.tech/ic/api/v1/customer/individual/createprofile,612,0,12
1778856643265,95,GetJuristic,200,OK,GetJuristic 5-20,text,true,,3496,3533,1,5,https://api-scuda.uat.oci.krungsri.tech/ic/api/v1/customer/juristic/getprofile,95,0,23
1778856643367,23,SearchJuristic,200,OK,SearchJuristic 6-21,text,true,,621,2645,1,5,https://api-scuda.uat.oci.krungsri.tech/ords/api/v1/customer/juristic/searchprofile,23,0,12
1778856643418,88,GetJuristic,200,OK,GetJuristic 5-21,text,true,,3521,3533,1,9,https://api-scuda.uat.oci.krungsri.tech/ic/api/v1/customer/juristic/getprofile,88,0,18
1778856643398,117,GetIndividual,200,OK,GetIndividual 1-20,text,true,,3872,3588,2,9,https://api-scuda.uat.oci.krungsri.tech/ic/api/v1/customer/individual/getprofile,117,0,15
1778856643020,532,CreateIndividual,201,Created,CreateIndividual 3-19,text,true,,1172,8562,2,9,https://api-scuda.uat.oci.krungsri.tech/ic/api/v1/customer/individual/createprofile,532,0,16
1778856643398,155,UpdateJoint,200,OK,UpdateJoint 12-21,text,true,,800,4614,1,9,https://api-scuda.uat.oci.krungsri.tech/ic/api/v1/customer/joint/updateprofile,155,0,24
1778856643260,336,CreateJoint,200,OK,CreateJoint 11-20,text,true,,1813,5968,2,9,https://api-scuda.uat.oci.krungsri.tech/ic/api/v1/customer/joint/createprofile,336,0,12
1778856643513,93,GetIndividual,200,OK,GetIndividual 1-21,text,true,,3909,3588,1,8,https://api-scuda.uat.oci.krungsri.tech/ic/api/v1/customer/individual/getprofile,93,0,17
1778856643115,497,CreateIndividual,201,Created,CreateIndividual 3-20,text,true,,1172,8020,1,7,https://api-scuda.uat.oci.krungsri.tech/ic/api/v1/customer/individual/createprofile,496,0,14
1778856643411,201,CreateJoint,200,OK,CreateJoint 11-21,text,true,,1812,6063,1,6,https://api-scuda.uat.oci.krungsri.tech/ic/api/v1/customer/joint/createprofile,201,0,21
1778856643536,120,UpdateIndividual,200,OK,UpdateIndividual 4-20,text,true,,800,4227,2,8,https://api-scuda.uat.oci.krungsri.tech/ic/api/v1/customer/individual/updateprofile,119,0,21
1778856643568,93,GetJoint,200,OK,GetJoint 9-20,text,true,,1431,3530,3,7,https://api-scuda.uat.oci.krungsri.tech/ic/api/v1/customer/joint/getprofile,93,0,20
1778856643636,87,GetJoint,200,OK,GetJoint 9-21,text,true,,1429,3530,2,8,https://api-scuda.uat.oci.krungsri.tech/ic/api/v1/customer/joint/getprofile,87,0,17
1778856643214,519,UpdateJuristic,200,OK,UpdateJuristic 8-21,text,true,,800,5788,1,7,https://api-scuda.uat.oci.krungsri.tech/ic/api/v1/customer/juristic/updateprofile,519,0,18
1778856643709,26,SearchJoint,200,OK,SearchJoint 10-21,text,true,,621,2627,1,7,https://api-scuda.uat.oci.krungsri.tech/ords/api/v1/customer/joint/searchprofile,26,0,13
1778856643556,206,GetJoint,200,OK,GetJoint 9-19,text,true,,1431,3530,1,7,https://api-scuda.uat.oci.krungsri.tech/ic/api/v1/customer/joint/getprofile,206,0,21
1778856643626,149,UpdateIndividual,200,OK,UpdateIndividual 4-21,text,true,,799,5536,1,6,https://api-scuda.uat.oci.krungsri.tech/ic/api/v1/customer/individual/updateprofile,149,0,20
1778856643718,93,GetJuristic,200,OK,GetJuristic 5-22,text,true,,3457,3533,1,5,https://api-scuda.uat.oci.krungsri.tech/ic/api/v1/customer/juristic/getprofile,93,0,20
1778856643407,449,CreateJuristic,201,Created,CreateJuristic 7-21,text,true,,1171,7950,1,5,https://api-scuda.uat.oci.krungsri.tech/ic/api/v1/customer/juristic/createprofile,449,0,22
1778856643740,187,UpdateJuristic,200,OK,UpdateJuristic 8-22,text,true,,800,5847,1,6,https://api-scuda.uat.oci.krungsri.tech/ic/api/v1/customer/juristic/updateprofile,187,0,23
1778856643660,290,CreateIndividual,201,Created,CreateIndividual 3-21,text,true,,1172,8587,2,5,https://api-scuda.uat.oci.krungsri.tech/ic/api/v1/customer/individual/createprofile,290,0,17
1778856643859,118,UpdateIndividual,200,OK,UpdateIndividual 4-22,text,true,,800,4227,2,6,https://api-scuda.uat.oci.krungsri.tech/ic/api/v1/customer/individual/updateprofile,118,0,21
1778856643982,25,SearchIndividual,200,OK,SearchIndividual 2-22,text,true,,621,2637,1,5,https://api-scuda.uat.oci.krungsri.tech/ords/api/v1/customer/individual/searchprofile,25,0,11
1778856643974,98,GetJoint,200,OK,GetJoint 9-22,text,true,,1429,3530,1,6,https://api-scuda.uat.oci.krungsri.tech/ic/api/v1/customer/joint/getprofile,98,0,23
1778856643921,161,UpdateIndividual,200,OK,UpdateIndividual 4-23,text,true,,800,5573,1,6,https://api-scuda.uat.oci.krungsri.tech/ic/api/v1/customer/individual/updateprofile,161,0,22
1778856643767,317,CreateIndividual,201,Created,CreateIndividual 3-22,text,true,,1172,8377,1,5,https://api-scuda.uat.oci.krungsri.tech/ic/api/v1/customer/individual/createprofile,317,0,30
1778856644072,124,UpdateJoint,200,OK,UpdateJoint 12-22,text,true,,799,3613,3,8,https://api-scuda.uat.oci.krungsri.tech/ic/api/v1/customer/joint/updateprofile,124,0,26
1778856644085,120,UpdateJoint,200,OK,UpdateJoint 12-23,text,true,,800,3614,2,7,https://api-scuda.uat.oci.krungsri.tech/ic/api/v1/customer/joint/updateprofile,120,0,26
1778856643875,350,CreateJuristic,201,Created,CreateJuristic 7-22,text,true,,1172,7688,1,6,https://api-scuda.uat.oci.krungsri.tech/ic/api/v1/customer/juristic/createprofile,350,0,25
1778856644144,97,GetJuristic,200,OK,GetJuristic 5-23,text,true,,3470,3533,1,6,https://api-scuda.uat.oci.krungsri.tech/ic/api/v1/customer/juristic/getprofile,97,0,22
1778856644033,209,CreateJoint,200,OK,CreateJoint 11-22,text,true,,1813,5737,1,5,https://api-scuda.uat.oci.krungsri.tech/ic/api/v1/customer/joint/createprofile,209,0,24
1778856644158,89,GetJoint,200,OK,GetJoint 9-23,text,true,,1431,3530,1,4,https://api-scuda.uat.oci.krungsri.tech/ic/api/v1/customer/joint/getprofile,89,0,19
1778856644164,107,UpdateJoint,200,OK,UpdateJoint 12-24,text,true,,799,3613,1,5,https://api-scuda.uat.oci.krungsri.tech/ic/api/v1/customer/joint/updateprofile,107,0,21
1778856644241,93,GetIndividual,200,OK,GetIndividual 1-22,text,true,,3887,3588,1,4,https://api-scuda.uat.oci.krungsri.tech/ic/api/v1/customer/individual/getprofile,93,0,20
1778856644272,90,GetJoint,200,OK,GetJoint 9-24,text,true,,1428,3529,1,4,https://api-scuda.uat.oci.krungsri.tech/ic/api/v1/customer/joint/getprofile,90,0,15
1778856644350,36,SearchJoint,200,OK,SearchJoint 10-22,text,true,,620,2626,1,4,https://api-scuda.uat.oci.krungsri.tech/ords/api/v1/customer/joint/searchprofile,36,0,22
1778856644402,34,SearchJuristic,200,OK,SearchJuristic 6-22,text,true,,621,2611,1,6,https://api-scuda.uat.oci.krungsri.tech/ords/api/v1/customer/juristic/searchprofile,34,0,19
1778856644185,304,UpdateIndividual,200,OK,UpdateIndividual 4-24,text,true,,800,4228,1,5,https://api-scuda.uat.oci.krungsri.tech/ic/api/v1/customer/individual/updateprofile,304,0,15
1778856644426,91,GetIndividual,200,OK,GetIndividual 1-23,text,true,,3926,3588,1,6,https://api-scuda.uat.oci.krungsri.tech/ic/api/v1/customer/individual/getprofile,91,0,22
1778856644516,36,SearchIndividual,200,OK,SearchIndividual 2-23,text,true,,621,2613,1,9,https://api-scuda.uat.oci.krungsri.tech/ords/api/v1/customer/individual/searchprofile,36,0,20
1778856644531,28,SearchJoint,200,OK,SearchJoint 10-23,text,true,,621,2627,1,8,https://api-scuda.uat.oci.krungsri.tech/ords/api/v1/customer/joint/searchprofile,28,0,19
1778856644543,91,GetJuristic,200,OK,GetJuristic 5-24,text,true,,3523,3533,1,8,https://api-scuda.uat.oci.krungsri.tech/ic/api/v1/customer/juristic/getprofile,91,0,16
1778856644258,401,CreateJoint,200,OK,CreateJoint 11-23,text,true,,1813,6123,2,8,https://api-scuda.uat.oci.krungsri.tech/ic/api/v1/customer/joint/createprofile,401,0,17
1778856644510,156,UpdateJuristic,200,OK,UpdateJuristic 8-23,text,true,,800,4427,1,7,https://api-scuda.uat.oci.krungsri.tech/ic/api/v1/customer/juristic/updateprofile,156,0,13
1778856644637,37,SearchIndividual,200,OK,SearchIndividual 2-24,text,true,,620,2612,1,6,https://api-scuda.uat.oci.krungsri.tech/ords/api/v1/customer/individual/searchprofile,37,0,20
1778856644414,264,CreateJoint,200,OK,CreateJoint 11-24,text,true,,1813,5902,1,5,https://api-scuda.uat.oci.krungsri.tech/ic/api/v1/customer/joint/createprofile,264,0,21
1778856644711,48,SearchJoint,200,OK,SearchJoint 10-24,text,true,,621,2627,2,13,https://api-scuda.uat.oci.krungsri.tech/ords/api/v1/customer/joint/searchprofile,48,0,25
1778856644711,48,SearchJuristic,200,OK,SearchJuristic 6-23,text,true,,621,2612,3,13,https://api-scuda.uat.oci.krungsri.tech/ords/api/v1/customer/juristic/searchprofile,48,0,36
1778856644758,36,SearchJuristic,200,OK,SearchJuristic 6-25,text,true,,621,2611,2,12,https://api-scuda.uat.oci.krungsri.tech/ords/api/v1/customer/juristic/searchprofile,36,0,21
1778856644762,35,SearchJoint,200,OK,SearchJoint 10-25,text,true,,621,2627,1,11,https://api-scuda.uat.oci.krungsri.tech/ords/api/v1/customer/joint/searchprofile,35,0,24
1778856644709,102,SearchJuristic,200,OK,SearchJuristic 6-24,text,true,,621,2605,1,10,https://api-scuda.uat.oci.krungsri.tech/ords/api/v1/customer/juristic/searchprofile,102,0,22
1778856644785,46,SearchIndividual,200,OK,SearchIndividual 2-25,text,true,,620,2612,1,9,https://api-scuda.uat.oci.krungsri.tech/ords/api/v1/customer/individual/searchprofile,46,0,32
1778856644740,98,GetIndividual,200,OK,GetIndividual 1-25,text,true,,3815,3588,2,8,https://api-scuda.uat.oci.krungsri.tech/ic/api/v1/customer/individual/getprofile,98,0,24
1778856644692,173,UpdateJuristic,200,OK,UpdateJuristic 8-24,text,true,,800,5811,2,7,https://api-scuda.uat.oci.krungsri.tech/ic/api/v1/customer/juristic/updateprofile,173,0,10
1778856644773,201,UpdateJuristic,200,OK,UpdateJuristic 8-25,text,true,,800,5799,2,10,https://api-scuda.uat.oci.krungsri.tech/ic/api/v1/customer/juristic/updateprofile,201,0,29
1778856644699,286,GetIndividual,200,OK,GetIndividual 1-24,text,true,,3848,3588,1,9,https://api-scuda.uat.oci.krungsri.tech/ic/api/v1/customer/individual/getprofile,286,0,30
1778856644966,38,SearchJoint,200,OK,SearchJoint 10-26,text,true,,621,2627,1,9,https://api-scuda.uat.oci.krungsri.tech/ords/api/v1/customer/joint/searchprofile,38,0,24
1778856644930,151,UpdateIndividual,200,OK,UpdateIndividual 4-25,text,true,,800,5549,1,11,https://api-scuda.uat.oci.krungsri.tech/ic/api/v1/customer/individual/updateprofile,151,0,14
1778856645056,81,SearchIndividual,200,OK,SearchIndividual 2-26,text,true,,621,2613,1,10,https://api-scuda.uat.oci.krungsri.tech/ords/api/v1/customer/individual/searchprofile,81,0,64
1778856645025,120,GetJuristic,200,OK,GetJuristic 5-25,text,true,,3505,3533,2,9,https://api-scuda.uat.oci.krungsri.tech/ic/api/v1/customer/juristic/getprofile,120,0,15
1778856645033,129,GetJuristic,200,OK,GetJuristic 5-26,text,true,,3450,3533,1,10,https://api-scuda.uat.oci.krungsri.tech/ic/api/v1/customer/juristic/getprofile,129,0,51
1778856644533,637,CreateJuristic,201,Created,CreateJuristic 7-23,text,true,,1172,8099,2,9,https://api-scuda.uat.oci.krungsri.tech/ic/api/v1/customer/juristic/createprofile,637,0,19
1778856645148,30,SearchIndividual,200,OK,SearchIndividual 2-27,text,true,,14288,2604,1,8,https://api-scuda.uat.oci.krungsri.tech/ords/api/v1/customer/individual/searchprofile,30,0,17
1778856644557,634,CreateIndividual,201,Created,CreateIndividual 3-24,text,true,,1172,8547,3,7,https://api-scuda.uat.oci.krungsri.tech/ic/api/v1/customer/individual/createprofile,634,0,24
1778856645149,92,GetJoint,200,OK,GetJoint 9-25,text,true,,1431,3530,1,8,https://api-scuda.uat.oci.krungsri.tech/ic/api/v1/customer/joint/getprofile,92,0,21
1778856644880,372,UpdateJuristic,200,OK,UpdateJuristic 8-26,text,true,,800,4428,1,7,https://api-scuda.uat.oci.krungsri.tech/ic/api/v1/customer/juristic/updateprofile,372,0,16
1778856644961,295,CreateIndividual,201,Created,CreateIndividual 3-25,text,true,,1172,8370,3,6,https://api-scuda.uat.oci.krungsri.tech/ic/api/v1/customer/individual/createprofile,295,0,13
1778856644956,314,CreateIndividual,201,Created,CreateIndividual 3-23,text,true,,1172,8533,2,5,https://api-scuda.uat.oci.krungsri.tech/ic/api/v1/customer/individual/createprofile,314,0,19
1778856644658,636,CreateJuristic,201,Created,CreateJuristic 7-24,text,true,,1172,7854,1,4,https://api-scuda.uat.oci.krungsri.tech/ic/api/v1/customer/juristic/createprofile,636,0,21
1778856645236,123,UpdateIndividual,200,OK,UpdateIndividual 4-26,text,true,,800,4226,1,7,https://api-scuda.uat.oci.krungsri.tech/ic/api/v1/customer/individual/updateprofile,123,0,18
1778856645323,89,GetIndividual,200,OK,GetIndividual 1-26,text,true,,3820,3588,2,10,https://api-scuda.uat.oci.krungsri.tech/ic/api/v1/customer/individual/getprofile,89,0,16
1778856645407,24,SearchJoint,200,OK,SearchJoint 10-27,text,true,,621,2627,1,9,https://api-scuda.uat.oci.krungsri.tech/ords/api/v1/customer/joint/searchprofile,24,0,13
1778856645397,86,GetIndividual,200,OK,GetIndividual 1-27,text,true,,3819,3588,1,8,https://api-scuda.uat.oci.krungsri.tech/ic/api/v1/customer/individual/getprofile,86,0,16
1778856645361,144,UpdateJuristic,200,OK,UpdateJuristic 8-27,text,true,,800,4420,1,9,https://api-scuda.uat.oci.krungsri.tech/ic/api/v1/customer/juristic/updateprofile,144,0,22
1778856645401,105,UpdateJoint,200,OK,UpdateJoint 12-25,text,true,,800,3614,1,8,https://api-scuda.uat.oci.krungsri.tech/ic/api/v1/customer/joint/updateprofile,105,0,14
1778856645243,302,CreateIndividual,201,Created,CreateIndividual 3-26,text,true,,1172,8143,2,10,https://api-scuda.uat.oci.krungsri.tech/ic/api/v1/customer/individual/createprofile,302,0,22
1778856644998,559,CreateJoint,200,OK,CreateJoint 11-25,text,true,,1813,5951,3,9,https://api-scuda.uat.oci.krungsri.tech/ic/api/v1/customer/joint/createprofile,559,0,20
1778856645342,217,CreateJoint,200,OK,CreateJoint 11-26,text,true,,1813,5828,2,9,https://api-scuda.uat.oci.krungsri.tech/ic/api/v1/customer/joint/createprofile,217,0,14
1778856645514,87,GetJoint,200,OK,GetJoint 9-27,text,true,,1429,3530,2,10,https://api-scuda.uat.oci.krungsri.tech/ic/api/v1/customer/joint/getprofile,87,0,20
1778856645362,240,GetJoint,200,OK,GetJoint 9-26,text,true,,1431,3530,2,10,https://api-scuda.uat.oci.krungsri.tech/ic/api/v1/customer/joint/getprofile,240,0,19
1778856645561,84,GetJuristic,200,OK,GetJuristic 5-27,text,true,,3500,3533,1,11,https://api-scuda.uat.oci.krungsri.tech/ic/api/v1/customer/juristic/getprofile,84,0,14
1778856645622,32,SearchJuristic,200,OK,SearchJuristic 6-26,text,true,,619,2640,2,10,https://api-scuda.uat.oci.krungsri.tech/ords/api/v1/customer/juristic/searchprofile,32,0,22
1778856645624,31,SearchJuristic,200,OK,SearchJuristic 6-27,text,true,,621,2611,1,9,https://api-scuda.uat.oci.krungsri.tech/ords/api/v1/customer/juristic/searchprofile,31,0,14
1778856645347,355,CreateJuristic,201,Created,CreateJuristic 7-25,text,true,,1172,7509,3,8,https://api-scuda.uat.oci.krungsri.tech/ic/api/v1/customer/juristic/createprofile,355,0,25
1778856645512,207,CreateJoint,200,OK,CreateJoint 11-27,text,true,,1813,6119,1,8,https://api-scuda.uat.oci.krungsri.tech/ic/api/v1/customer/joint/createprofile,207,0,22
1778856645599,150,UpdateIndividual,200,OK,UpdateIndividual 4-27,text,true,,800,5628,1,9,https://api-scuda.uat.oci.krungsri.tech/ic/api/v1/customer/individual/updateprofile,150,0,13
1778856645738,32,SearchJoint,200,OK,SearchJoint 10-28,text,true,,621,2627,1,10,https://api-scuda.uat.oci.krungsri.tech/ords/api/v1/customer/joint/searchprofile,32,0,22
1778856645511,267,UpdateJoint,200,OK,UpdateJoint 12-26,text,true,,800,3614,3,10,https://api-scuda.uat.oci.krungsri.tech/ic/api/v1/customer/joint/updateprofile,267,0,13
1778856645507,317,CreateIndividual,201,Created,CreateIndividual 3-27,text,true,,1172,8219,2,10,https://api-scuda.uat.oci.krungsri.tech/ic/api/v1/customer/individual/createprofile,316,0,21
1778856645738,95,GetJuristic,200,OK,GetJuristic 5-28,text,true,,3509,3533,1,9,https://api-scuda.uat.oci.krungsri.tech/ic/api/v1/customer/juristic/getprofile,95,0,18
1778856645623,229,UpdateJoint,200,OK,UpdateJoint 12-27,text,true,,800,4596,2,10,https://api-scuda.uat.oci.krungsri.tech/ic/api/v1/customer/joint/updateprofile,229,0,13
1778856645807,78,GetJoint,200,OK,GetJoint 9-28,text,true,,1429,3530,2,13,https://api-scuda.uat.oci.krungsri.tech/ic/api/v1/customer/joint/getprofile,78,0,13
1778856645865,32,SearchIndividual,200,OK,SearchIndividual 2-28,text,true,,621,2628,1,12,https://api-scuda.uat.oci.krungsri.tech/ords/api/v1/customer/individual/searchprofile,32,0,21
1778856645885,22,SearchJuristic,200,OK,SearchJuristic 6-28,text,true,,621,2611,1,11,https://api-scuda.uat.oci.krungsri.tech/ords/api/v1/customer/juristic/searchprofile,22,0,12
1778856645768,155,UpdateJoint,200,OK,UpdateJoint 12-28,text,true,,800,4511,1,11,https://api-scuda.uat.oci.krungsri.tech/ic/api/v1/customer/joint/updateprofile,155,0,14
1778856645914,26,SearchJoint,200,OK,SearchJoint 10-29,text,true,,621,2627,1,10,https://api-scuda.uat.oci.krungsri.tech/ords/api/v1/customer/joint/searchprofile,25,0,15
1778856645587,360,CreateJuristic,201,Created,CreateJuristic 7-27,text,true,,1172,7741,4,9,https://api-scuda.uat.oci.krungsri.tech/ic/api/v1/customer/juristic/createprofile,360,0,19
1778856645840,118,GetIndividual,200,OK,GetIndividual 1-28,text,true,,3841,3588,1,8,https://api-scuda.uat.oci.krungsri.tech/ic/api/v1/customer/individual/getprofile,118,0,14
1778856645974,26,SearchJuristic,200,OK,SearchJuristic 6-29,text,true,,621,2612,1,10,https://api-scuda.uat.oci.krungsri.tech/ords/api/v1/customer/juristic/searchprofile,26,0,14
1778856645854,221,GetJoint,200,OK,GetJoint 9-29,text,true,,1429,3530,1,9,https://api-scuda.uat.oci.krungsri.tech/ic/api/v1/customer/joint/getprofile,221,0,15
1778856645873,204,CreateJoint,200,OK,CreateJoint 11-28,text,true,,1813,6121,1,8,https://api-scuda.uat.oci.krungsri.tech/ic/api/v1/customer/joint/createprofile,204,0,19
1778856645766,366,CreateJuristic,201,Created,CreateJuristic 7-29,text,true,,1172,7859,3,10,https://api-scuda.uat.oci.krungsri.tech/ic/api/v1/customer/juristic/createprofile,366,0,16
1778856645506,636,CreateJuristic,201,Created,CreateJuristic 7-26,text,true,,1172,8201,2,10,https://api-scuda.uat.oci.krungsri.tech/ic/api/v1/customer/juristic/createprofile,636,0,19
1778856646114,37,SearchJuristic,200,OK,SearchJuristic 6-30,text,true,,621,2611,1,9,https://api-scuda.uat.oci.krungsri.tech/ords/api/v1/customer/juristic/searchprofile,37,0,23
1778856645880,308,CreateIndividual,201,Created,CreateIndividual 3-29,text,true,,1172,8096,4,10,https://api-scuda.uat.oci.krungsri.tech/ic/api/v1/customer/individual/createprofile,308,0,25
1778856646162,39,SearchJoint,200,OK,SearchJoint 10-30,text,true,,621,2627,1,9,https://api-scuda.uat.oci.krungsri.tech/ords/api/v1/customer/joint/searchprofile,39,0,20
1778856645719,502,CreateJuristic,201,Created,CreateJuristic 7-28,text,true,,1172,7740,1,8,https://api-scuda.uat.oci.krungsri.tech/ic/api/v1/customer/juristic/createprofile,502,0,18
1778856645775,449,CreateIndividual,201,Created,CreateIndividual 3-28,text,true,,1172,8313,3,7,https://api-scuda.uat.oci.krungsri.tech/ic/api/v1/customer/individual/createprofile,449,0,14
1778856645980,305,CreateIndividual,201,Created,CreateIndividual 3-30,text,true,,1171,8516,2,6,https://api-scuda.uat.oci.krungsri.tech/ic/api/v1/customer/individual/createprofile,305,0,18
1778856646145,149,UpdateIndividual,200,OK,UpdateIndividual 4-28,text,true,,799,5665,1,7,https://api-scuda.uat.oci.krungsri.tech/ic/api/v1/customer/individual/updateprofile,149,0,21
1778856646162,149,UpdateJoint,200,OK,UpdateJoint 12-30,text,true,,800,4611,2,6,https://api-scuda.uat.oci.krungsri.tech/ic/api/v1/customer/joint/updateprofile,149,0,24
1778856645980,369,CreateIndividual,201,Created,CreateIndividual 3-31,text,true,,1172,8703,1,11,https://api-scuda.uat.oci.krungsri.tech/ic/api/v1/customer/individual/createprofile,369,0,22
1778856646374,28,SearchIndividual,200,OK,SearchIndividual 2-29,text,true,,621,2600,2,13,https://api-scuda.uat.oci.krungsri.tech/ords/api/v1/customer/individual/searchprofile,28,0,16
1778856646114,298,UpdateJuristic,200,OK,UpdateJuristic 8-28,text,true,,800,4430,3,13,https://api-scuda.uat.oci.krungsri.tech/ic/api/v1/customer/juristic/updateprofile,298,0,27
1778856646346,90,GetIndividual,200,OK,GetIndividual 1-29,text,true,,3843,3588,2,13,https://api-scuda.uat.oci.krungsri.tech/ic/api/v1/customer/individual/getprofile,90,0,23
1778856646403,35,SearchJuristic,200,OK,SearchJuristic 6-31,text,true,,621,2611,1,13,https://api-scuda.uat.oci.krungsri.tech/ords/api/v1/customer/juristic/searchprofile,35,0,23
1778856646406,35,SearchIndividual,200,OK,SearchIndividual 2-30,text,true,,621,2655,2,13,https://api-scuda.uat.oci.krungsri.tech/ords/api/v1/customer/individual/searchprofile,35,0,25
1778856646340,104,UpdateIndividual,200,OK,UpdateIndividual 4-29,text,true,,800,4227,3,13,https://api-scuda.uat.oci.krungsri.tech/ic/api/v1/customer/individual/updateprofile,104,0,15
1778856646296,151,UpdateJuristic,200,OK,UpdateJuristic 8-30,text,true,,800,4425,3,13,https://api-scuda.uat.oci.krungsri.tech/ic/api/v1/customer/juristic/updateprofile,151,0,17
1778856646296,151,UpdateJuristic,200,OK,UpdateJuristic 8-29,text,true,,800,4427,3,13,https://api-scuda.uat.oci.krungsri.tech/ic/api/v1/customer/juristic/updateprofile,151,0,22
1778856646115,345,UpdateJoint,200,OK,UpdateJoint 12-29,text,true,,800,4568,1,13,https://api-scuda.uat.oci.krungsri.tech/ic/api/v1/customer/joint/updateprofile,345,0,16
1778856646346,131,GetIndividual,200,OK,GetIndividual 1-30,text,true,,3811,3588,2,13,https://api-scuda.uat.oci.krungsri.tech/ic/api/v1/customer/individual/getprofile,131,0,13
1778856646348,194,CreateJoint,200,OK,CreateJoint 11-29,text,true,,1813,5883,2,7,https://api-scuda.uat.oci.krungsri.tech/ic/api/v1/customer/joint/createprofile,194,0,13
1778856646529,54,SearchJoint,200,OK,SearchJoint 10-31,text,true,,620,2626,1,11,https://api-scuda.uat.oci.krungsri.tech/ords/api/v1/customer/joint/searchprofile,54,0,42
1778856646340,253,UpdateIndividual,200,OK,UpdateIndividual 4-30,text,true,,800,4229,2,10,https://api-scuda.uat.oci.krungsri.tech/ic/api/v1/customer/individual/updateprofile,253,0,14
1778856646588,33,SearchIndividual,200,OK,SearchIndividual 2-31,text,true,,621,2602,1,11,https://api-scuda.uat.oci.krungsri.tech/ords/api/v1/customer/individual/searchprofile,33,0,22
1778856646553,92,GetJoint,200,OK,GetJoint 9-30,text,true,,1429,3530,2,11,https://api-scuda.uat.oci.krungsri.tech/ic/api/v1/customer/joint/getprofile,92,0,20
1778856646568,90,GetJuristic,200,OK,GetJuristic 5-29,text,true,,3511,3533,2,11,https://api-scuda.uat.oci.krungsri.tech/ic/api/v1/customer/juristic/getprofile,90,0,20
1778856646604,90,GetJoint,200,OK,GetJoint 9-31,text,true,,1429,3530,1,11,https://api-scuda.uat.oci.krungsri.tech/ic/api/v1/customer/joint/getprofile,90,0,17
1778856646340,364,UpdateIndividual,200,OK,UpdateIndividual 4-31,text,true,,800,5564,1,10,https://api-scuda.uat.oci.krungsri.tech/ic/api/v1/customer/individual/updateprofile,364,0,24
1778856646617,90,GetIndividual,200,OK,GetIndividual 1-31,text,true,,3895,3588,1,9,https://api-scuda.uat.oci.krungsri.tech/ic/api/v1/customer/individual/getprofile,90,0,22
1778856646726,35,SearchJuristic,200,OK,SearchJuristic 6-32,text,true,,621,2607,1,10,https://api-scuda.uat.oci.krungsri.tech/ords/api/v1/customer/juristic/searchprofile,35,0,22
1778856646544,217,UpdateJuristic,200,OK,UpdateJuristic 8-31,text,true,,800,5797,1,10,https://api-scuda.uat.oci.krungsri.tech/ic/api/v1/customer/juristic/updateprofile,217,0,22
1778856646664,97,GetJuristic,200,OK,GetJuristic 5-31,text,true,,3516,3533,3,10,https://api-scuda.uat.oci.krungsri.tech/ic/api/v1/customer/juristic/getprofile,96,0,20
1778856646547,241,CreateJoint,200,OK,CreateJoint 11-30,text,true,,1812,5876,2,7,https://api-scuda.uat.oci.krungsri.tech/ic/api/v1/customer/joint/createprofile,241,0,18
1778856646570,249,GetJuristic,200,OK,GetJuristic 5-30,text,true,,3476,3533,2,8,https://api-scuda.uat.oci.krungsri.tech/ic/api/v1/customer/juristic/getprofile,249,0,17
1778856646740,88,GetJuristic,200,OK,GetJuristic 5-32,text,true,,3500,3532,1,8,https://api-scuda.uat.oci.krungsri.tech/ic/api/v1/customer/juristic/getprofile,88,0,21
1778856646654,205,CreateJoint,200,OK,CreateJoint 11-31,text,true,,1813,5904,2,11,https://api-scuda.uat.oci.krungsri.tech/ic/api/v1/customer/joint/createprofile,205,0,21
1778856646825,37,SearchIndividual,200,OK,SearchIndividual 2-32,text,true,,621,2635,1,10,https://api-scuda.uat.oci.krungsri.tech/ords/api/v1/customer/individual/searchprofile,36,0,25
1778856646628,301,UpdateJoint,200,OK,UpdateJoint 12-31,text,true,,800,4506,1,9,https://api-scuda.uat.oci.krungsri.tech/ic/api/v1/customer/joint/updateprofile,301,0,19
1778856646548,395,CreateJuristic,201,Created,CreateJuristic 7-30,text,true,,1172,7680,3,9,https://api-scuda.uat.oci.krungsri.tech/ic/api/v1/customer/juristic/createprofile,395,0,22
1778856646858,93,GetJoint,200,OK,GetJoint 9-33,text,true,,1431,3530,3,9,https://api-scuda.uat.oci.krungsri.tech/ic/api/v1/customer/joint/getprofile,93,0,21
1778856646942,32,SearchJuristic,200,OK,SearchJuristic 6-33,text,true,,621,2611,1,8,https://api-scuda.uat.oci.krungsri.tech/ords/api/v1/customer/juristic/searchprofile,32,0,19
1778856646807,212,GetJoint,200,OK,GetJoint 9-32,text,true,,1431,3530,2,12,https://api-scuda.uat.oci.krungsri.tech/ic/api/v1/customer/joint/getprofile,212,0,24
1778856646995,37,SearchJuristic,200,OK,SearchJuristic 6-34,text,true,,621,2611,1,11,https://api-scuda.uat.oci.krungsri.tech/ords/api/v1/customer/juristic/searchprofile,37,0,24
1778856646949,86,GetJoint,200,OK,GetJoint 9-34,text,true,,1429,3530,1,10,https://api-scuda.uat.oci.krungsri.tech/ic/api/v1/customer/joint/getprofile,86,0,18
1778856646987,99,GetIndividual,200,OK,GetIndividual 1-32,text,true,,3824,3588,1,12,https://api-scuda.uat.oci.krungsri.tech/ic/api/v1/customer/individual/getprofile,99,0,21
1778856646990,113,UpdateIndividual,200,OK,UpdateIndividual 4-32,text,true,,799,4232,1,12,https://api-scuda.uat.oci.krungsri.tech/ic/api/v1/customer/individual/updateprofile,113,0,14
1778856647003,116,UpdateJoint,200,OK,UpdateJoint 12-32,text,true,,800,3614,2,11,https://api-scuda.uat.oci.krungsri.tech/ic/api/v1/customer/joint/updateprofile,116,0,24
1778856646842,289,CreateJoint,200,OK,CreateJoint 11-32,text,true,,1813,5666,1,10,https://api-scuda.uat.oci.krungsri.tech/ic/api/v1/customer/joint/createprofile,289,0,20
1778856646795,374,CreateJuristic,201,Created,CreateJuristic 7-32,text,true,,1172,8058,4,11,https://api-scuda.uat.oci.krungsri.tech/ic/api/v1/customer/juristic/createprofile,374,0,21
1778856646858,323,CreateIndividual,201,Created,CreateIndividual 3-33,text,true,,1172,8455,3,10,https://api-scuda.uat.oci.krungsri.tech/ic/api/v1/customer/individual/createprofile,323,0,19
1778856647101,85,GetIndividual,200,OK,GetIndividual 1-33,text,true,,3829,3588,1,10,https://api-scuda.uat.oci.krungsri.tech/ic/api/v1/customer/individual/getprofile,85,0,19
1778856646854,335,CreateIndividual,201,Created,CreateIndividual 3-32,text,true,,1171,7897,2,9,https://api-scuda.uat.oci.krungsri.tech/ic/api/v1/customer/individual/createprofile,335,0,14
1778856647144,81,GetJuristic,200,OK,GetJuristic 5-33,text,true,,3471,3533,1,9,https://api-scuda.uat.oci.krungsri.tech/ic/api/v1/customer/juristic/getprofile,81,0,12
1778856646587,662,CreateJuristic,201,Created,CreateJuristic 7-31,text,true,,1172,7816,4,11,https://api-scuda.uat.oci.krungsri.tech/ic/api/v1/customer/juristic/createprofile,662,0,17
1778856647216,34,SearchIndividual,200,OK,SearchIndividual 2-33,text,true,,621,2619,1,10,https://api-scuda.uat.oci.krungsri.tech/ords/api/v1/customer/individual/searchprofile,34,0,21
1778856647243,29,SearchJoint,200,OK,SearchJoint 10-32,text,true,,621,2627,1,9,https://api-scuda.uat.oci.krungsri.tech/ords/api/v1/customer/joint/searchprofile,29,0,13
1778856647163,135,UpdateJoint,200,OK,UpdateJoint 12-34,text,true,,800,4613,2,9,https://api-scuda.uat.oci.krungsri.tech/ic/api/v1/customer/joint/updateprofile,135,0,18
1778856647229,93,GetJuristic,200,OK,GetJuristic 5-34,text,true,,3508,3533,2,10,https://api-scuda.uat.oci.krungsri.tech/ic/api/v1/customer/juristic/getprofile,93,0,19
1778856647005,337,UpdateJoint,200,OK,UpdateJoint 12-33,text,true,,800,3614,1,10,https://api-scuda.uat.oci.krungsri.tech/ic/api/v1/customer/joint/updateprofile,337,0,26
1778856647064,289,CreateIndividual,201,Created,CreateIndividual 3-34,text,true,,1172,8244,1,9,https://api-scuda.uat.oci.krungsri.tech/ic/api/v1/customer/individual/createprofile,289,0,14
1778856647324,31,SearchJoint,200,OK,SearchJoint 10-33,text,true,,621,2627,1,8,https://api-scuda.uat.oci.krungsri.tech/ords/api/v1/customer/joint/searchprofile,31,0,19
1778856647299,90,GetJuristic,200,OK,GetJuristic 5-35,text,true,,3484,3533,1,7,https://api-scuda.uat.oci.krungsri.tech/ic/api/v1/customer/juristic/getprofile,90,0,14
1778856647048,349,CreateJuristic,201,Created,CreateJuristic 7-33,text,true,,1172,7731,3,6,https://api-scuda.uat.oci.krungsri.tech/ic/api/v1/customer/juristic/createprofile,349,0,21
1778856647320,125,UpdateIndividual,200,OK,UpdateIndividual 4-34,text,true,,800,4230,2,7,https://api-scuda.uat.oci.krungsri.tech/ic/api/v1/customer/individual/updateprofile,124,0,24
1778856647057,388,CreateJuristic,201,Created,CreateJuristic 7-34,text,true,,1172,7913,2,7,https://api-scuda.uat.oci.krungsri.tech/ic/api/v1/customer/juristic/createprofile,388,0,20
1778856647488,24,SearchIndividual,200,OK,SearchIndividual 2-34,text,true,,621,2606,1,9,https://api-scuda.uat.oci.krungsri.tech/ords/api/v1/customer/individual/searchprofile,24,0,12
1778856647423,89,GetIndividual,200,OK,GetIndividual 1-34,text,true,,3885,3588,2,9,https://api-scuda.uat.oci.krungsri.tech/ic/api/v1/customer/individual/getprofile,89,0,18
1778856647478,38,SearchJoint,200,OK,SearchJoint 10-34,text,true,,621,2627,1,7,https://api-scuda.uat.oci.krungsri.tech/ords/api/v1/customer/joint/searchprofile,38,0,22
1778856647187,358,CreateJuristic,201,Created,CreateJuristic 7-35,text,true,,1172,7828,1,8,https://api-scuda.uat.oci.krungsri.tech/ic/api/v1/customer/juristic/createprofile,358,0,15
1778856647536,25,SearchJuristic,200,OK,SearchJuristic 6-35,text,true,,621,2611,1,7,https://api-scuda.uat.oci.krungsri.tech/ords/api/v1/customer/juristic/searchprofile,25,0,15
1778856647492,91,GetIndividual,200,OK,GetIndividual 1-35,text,true,,3841,3588,1,6,https://api-scuda.uat.oci.krungsri.tech/ic/api/v1/customer/individual/getprofile,90,0,16
1778856647256,336,CreateJoint,200,OK,CreateJoint 11-33,text,true,,1813,5852,1,6,https://api-scuda.uat.oci.krungsri.tech/ic/api/v1/customer/joint/createprofile,336,0,15
1778856647310,318,UpdateIndividual,200,OK,UpdateIndividual 4-33,text,true,,799,4226,1,8,https://api-scuda.uat.oci.krungsri.tech/ic/api/v1/customer/individual/updateprofile,318,0,21
1778856647541,121,UpdateJoint,200,OK,UpdateJoint 12-35,text,true,,800,4584,1,10,https://api-scuda.uat.oci.krungsri.tech/ic/api/v1/customer/joint/updateprofile,121,0,11
1778856647634,81,SearchIndividual,200,OK,SearchIndividual 2-35,text,true,,14179,2610,1,11,https://api-scuda.uat.oci.krungsri.tech/ords/api/v1/customer/individual/searchprofile,80,0,21
1778856647696,34,SearchJoint,200,OK,SearchJoint 10-35,text,true,,621,2627,1,11,https://api-scuda.uat.oci.krungsri.tech/ords/api/v1/customer/joint/searchprofile,34,0,22
1778856647593,139,GetJoint,200,OK,GetJoint 9-35,text,true,,1429,3530,1,10,https://api-scuda.uat.oci.krungsri.tech/ic/api/v1/customer/joint/getprofile,139,0,22
1778856647503,237,UpdateJuristic,200,OK,UpdateJuristic 8-32,text,true,,800,5725,4,9,https://api-scuda.uat.oci.krungsri.tech/ic/api/v1/customer/juristic/updateprofile,237,0,38
1778856647659,179,UpdateIndividual,200,OK,UpdateIndividual 4-35,text,true,,800,4228,1,13,https://api-scuda.uat.oci.krungsri.tech/ic/api/v1/customer/individual/updateprofile,179,0,21
1778856647829,26,SearchJuristic,200,OK,SearchJuristic 6-36,text,true,,621,2612,1,12,https://api-scuda.uat.oci.krungsri.tech/ords/api/v1/customer/juristic/searchprofile,26,0,15
1778856647448,418,CreateIndividual,201,Created,CreateIndividual 3-35,text,true,,1171,8359,2,11,https://api-scuda.uat.oci.krungsri.tech/ic/api/v1/customer/individual/createprofile,418,0,24
1778856647743,182,GetJuristic,200,OK,GetJuristic 5-36,text,true,,3534,3532,2,14,https://api-scuda.uat.oci.krungsri.tech/ic/api/v1/customer/juristic/getprofile,182,0,23
1778856647746,179,GetJoint,200,OK,GetJoint 9-36,text,true,,1429,3530,2,14,https://api-scuda.uat.oci.krungsri.tech/ic/api/v1/customer/joint/getprofile,179,0,23
1778856647896,31,SearchIndividual,200,OK,SearchIndividual 2-36,text,true,,1171,2609,1,12,https://api-scuda.uat.oci.krungsri.tech/ords/api/v1/customer/individual/searchprofile,31,0,17
1778856647896,34,SearchJoint,200,OK,SearchJoint 10-36,text,true,,621,2627,1,11,https://api-scuda.uat.oci.krungsri.tech/ords/api/v1/customer/joint/searchprofile,34,0,22
1778856647622,319,UpdateJuristic,200,OK,UpdateJuristic 8-33,text,true,,800,5749,3,10,https://api-scuda.uat.oci.krungsri.tech/ic/api/v1/customer/juristic/updateprofile,319,0,14
1778856647822,162,GetJuristic,200,OK,GetJuristic 5-37,text,true,,3465,3533,1,15,https://api-scuda.uat.oci.krungsri.tech/ic/api/v1/customer/juristic/getprofile,162,0,14
1778856647658,330,UpdateJuristic,200,OK,UpdateJuristic 8-35,text,true,,800,5776,2,14,https://api-scuda.uat.oci.krungsri.tech/ic/api/v1/customer/juristic/updateprofile,330,0,80
1778856647956,43,SearchJuristic,200,OK,SearchJuristic 6-37,text,true,,621,2621,1,13,https://api-scuda.uat.oci.krungsri.tech/ords/api/v1/customer/juristic/searchprofile,42,0,28
1778856647706,327,CreateJoint,200,OK,CreateJoint 11-35,text,true,,1812,5872,3,13,https://api-scuda.uat.oci.krungsri.tech/ic/api/v1/customer/joint/createprofile,327,0,10
1778856647908,164,GetJoint,200,OK,GetJoint 9-37,text,true,,1431,3530,1,14,https://api-scuda.uat.oci.krungsri.tech/ic/api/v1/customer/joint/getprofile,164,0,19
1778856647631,452,UpdateJuristic,200,OK,UpdateJuristic 8-34,text,true,,799,4427,1,13,https://api-scuda.uat.oci.krungsri.tech/ic/api/v1/customer/juristic/updateprofile,452,0,57
1778856647987,107,UpdateJoint,200,OK,UpdateJoint 12-38,text,true,,800,3614,3,13,https://api-scuda.uat.oci.krungsri.tech/ic/api/v1/customer/joint/updateprofile,107,0,22
1778856647950,147,UpdateJoint,200,OK,UpdateJoint 12-36,text,true,,800,4566,2,12,https://api-scuda.uat.oci.krungsri.tech/ic/api/v1/customer/joint/updateprofile,147,0,21
1778856647950,151,UpdateJoint,200,OK,UpdateJoint 12-37,text,true,,800,4528,1,11,https://api-scuda.uat.oci.krungsri.tech/ic/api/v1/customer/joint/updateprofile,151,0,15
1778856647982,169,GetIndividual,200,OK,GetIndividual 1-36,text,true,,3870,3588,1,12,https://api-scuda.uat.oci.krungsri.tech/ic/api/v1/customer/individual/getprofile,169,0,28
1778856647789,369,CreateJoint,200,OK,CreateJoint 11-36,text,true,,1813,5672,3,11,https://api-scuda.uat.oci.krungsri.tech/ic/api/v1/customer/joint/createprofile,369,0,16
1778856647608,557,CreateJoint,200,OK,CreateJoint 11-34,text,true,,1813,5694,2,11,https://api-scuda.uat.oci.krungsri.tech/ic/api/v1/customer/joint/createprofile,557,0,16
1778856648137,29,SearchJuristic,200,OK,SearchJuristic 6-38,text,true,,621,2642,1,10,https://api-scuda.uat.oci.krungsri.tech/ords/api/v1/customer/juristic/searchprofile,29,0,19
1778856647723,451,CreateIndividual,201,Created,CreateIndividual 3-36,text,true,,1172,8408,2,9,https://api-scuda.uat.oci.krungsri.tech/ic/api/v1/customer/individual/createprofile,451,0,18
1778856648160,39,SearchIndividual,200,OK,SearchIndividual 2-37,text,true,,621,2605,3,11,https://api-scuda.uat.oci.krungsri.tech/ords/api/v1/customer/individual/searchprofile,39,0,28
1778856647901,315,CreateIndividual,201,Created,CreateIndividual 3-37,text,true,,1172,8085,1,10,https://api-scuda.uat.oci.krungsri.tech/ic/api/v1/customer/individual/createprofile,315,0,19
1778856648195,29,SearchIndividual,200,OK,SearchIndividual 2-39,text,true,,13973,2605,2,9,https://api-scuda.uat.oci.krungsri.tech/ords/api/v1/customer/individual/searchprofile,29,0,19
1778856648194,32,SearchIndividual,200,OK,SearchIndividual 2-38,text,true,,621,2613,1,8,https://api-scuda.uat.oci.krungsri.tech/ords/api/v1/customer/individual/searchprofile,32,0,22
1778856648098,145,UpdateJuristic,200,OK,UpdateJuristic 8-36,text,true,,799,4423,2,7,https://api-scuda.uat.oci.krungsri.tech/ic/api/v1/customer/juristic/updateprofile,145,0,21
1778856648114,174,UpdateJuristic,200,OK,UpdateJuristic 8-37,text,true,,798,4422,2,10,https://api-scuda.uat.oci.krungsri.tech/ic/api/v1/customer/juristic/updateprofile,174,0,17
1778856647965,351,UpdateIndividual,200,OK,UpdateIndividual 4-36,text,true,,799,5609,3,10,https://api-scuda.uat.oci.krungsri.tech/ic/api/v1/customer/individual/updateprofile,351,0,16
1778856648073,251,CreateJoint,200,OK,CreateJoint 11-37,text,true,,1813,5736,3,11,https://api-scuda.uat.oci.krungsri.tech/ic/api/v1/customer/joint/createprofile,251,0,19
1778856648246,93,GetJuristic,200,OK,GetJuristic 5-38,text,true,,3487,3533,1,10,https://api-scuda.uat.oci.krungsri.tech/ic/api/v1/customer/juristic/getprofile,93,0,24
1778856648316,30,SearchJoint,200,OK,SearchJoint 10-37,text,true,,621,2627,1,9,https://api-scuda.uat.oci.krungsri.tech/ords/api/v1/customer/joint/searchprofile,29,0,19
1778856648192,154,UpdateIndividual,200,OK,UpdateIndividual 4-37,text,true,,800,5590,2,8,https://api-scuda.uat.oci.krungsri.tech/ic/api/v1/customer/individual/updateprofile,154,0,19
1778856648288,107,UpdateIndividual,200,OK,UpdateIndividual 4-38,text,true,,800,4227,1,7,https://api-scuda.uat.oci.krungsri.tech/ic/api/v1/customer/individual/updateprofile,107,0,22
1778856648026,397,CreateJuristic,201,Created,CreateJuristic 7-36,text,true,,1172,8057,2,6,https://api-scuda.uat.oci.krungsri.tech/ic/api/v1/customer/juristic/createprofile,396,0,26
1778856648444,42,SearchJoint,200,OK,SearchJoint 10-38,text,true,,621,2627,1,8,https://api-scuda.uat.oci.krungsri.tech/ords/api/v1/customer/joint/searchprofile,42,0,32
1778856648433,82,GetIndividual,200,OK,GetIndividual 1-37,text,true,,3913,3588,1,8,https://api-scuda.uat.oci.krungsri.tech/ic/api/v1/customer/individual/getprofile,82,0,15
1778856648322,222,CreateJoint,200,OK,CreateJoint 11-39,text,true,,1813,5687,2,8,https://api-scuda.uat.oci.krungsri.tech/ic/api/v1/customer/joint/createprofile,222,0,15
1778856648513,32,SearchJuristic,200,OK,SearchJuristic 6-39,text,true,,621,2610,1,7,https://api-scuda.uat.oci.krungsri.tech/ords/api/v1/customer/juristic/searchprofile,32,0,19
1778856648256,310,CreateIndividual,201,Created,CreateIndividual 3-38,text,true,,1170,8321,1,7,https://api-scuda.uat.oci.krungsri.tech/ic/api/v1/customer/individual/createprofile,310,0,24
1778856648441,130,UpdateJoint,200,OK,UpdateJoint 12-39,text,true,,800,3614,1,6,https://api-scuda.uat.oci.krungsri.tech/ic/api/v1/customer/joint/updateprofile,130,0,36
1778856648279,310,UpdateJuristic,200,OK,UpdateJuristic 8-38,text,true,,800,4426,1,5,https://api-scuda.uat.oci.krungsri.tech/ic/api/v1/customer/juristic/updateprofile,310,0,13
1778856648536,80,GetJuristic,200,OK,GetJuristic 5-39,text,true,,3471,3532,1,7,https://api-scuda.uat.oci.krungsri.tech/ic/api/v1/customer/juristic/getprofile,80,0,11
1778856648567,92,GetJoint,200,OK,GetJoint 9-38,text,true,,1429,3528,2,10,https://api-scuda.uat.oci.krungsri.tech/ic/api/v1/customer/joint/getprofile,92,0,16
1778856648322,340,CreateJoint,200,OK,CreateJoint 11-38,text,true,,1813,5863,1,10,https://api-scuda.uat.oci.krungsri.tech/ic/api/v1/customer/joint/createprofile,340,0,14
1778856648631,32,SearchJoint,200,OK,SearchJoint 10-39,text,true,,621,2627,1,9,https://api-scuda.uat.oci.krungsri.tech/ords/api/v1/customer/joint/searchprofile,32,0,19
1778856648615,88,GetIndividual,200,OK,GetIndividual 1-38,text,true,,3825,3588,2,9,https://api-scuda.uat.oci.krungsri.tech/ic/api/v1/customer/individual/getprofile,88,0,17
1778856648629,89,GetJoint,200,OK,GetJoint 9-39,text,true,,1429,3530,1,8,https://api-scuda.uat.oci.krungsri.tech/ic/api/v1/customer/joint/getprofile,89,0,19
1778856648636,110,GetIndividual,200,OK,GetIndividual 1-39,text,true,,3841,3588,1,9,https://api-scuda.uat.oci.krungsri.tech/ic/api/v1/customer/individual/getprofile,110,0,19
1778856648598,153,UpdateIndividual,200,OK,UpdateIndividual 4-39,text,true,,800,5634,2,8,https://api-scuda.uat.oci.krungsri.tech/ic/api/v1/customer/individual/updateprofile,153,0,18
1778856648762,26,SearchJoint,200,OK,SearchJoint 10-40,text,true,,620,2626,1,11,https://api-scuda.uat.oci.krungsri.tech/ords/api/v1/customer/joint/searchprofile,26,0,15
1778856648047,762,CreateJuristic,201,Created,CreateJuristic 7-37,text,true,,1172,7948,4,10,https://api-scuda.uat.oci.krungsri.tech/ic/api/v1/customer/juristic/createprofile,762,0,21
1778856648757,82,GetJoint,200,OK,GetJoint 9-40,text,true,,1431,3530,2,11,https://api-scuda.uat.oci.krungsri.tech/ic/api/v1/customer/joint/getprofile,82,0,19
1778856648729,118,UpdateJoint,200,OK,UpdateJoint 12-40,text,true,,800,3614,2,10,https://api-scuda.uat.oci.krungsri.tech/ic/api/v1/customer/joint/updateprofile,118,0,19
1778856648731,119,UpdateIndividual,200,OK,UpdateIndividual 4-40,text,true,,800,4227,1,10,https://api-scuda.uat.oci.krungsri.tech/ic/api/v1/customer/individual/updateprofile,119,0,15
1778856648598,264,UpdateJuristic,200,OK,UpdateJuristic 8-39,text,true,,800,5731,1,9,https://api-scuda.uat.oci.krungsri.tech/ic/api/v1/customer/juristic/updateprofile,264,0,21
1778856648812,86,GetJoint,200,OK,GetJoint 9-41,text,true,,1431,3530,2,9,https://api-scuda.uat.oci.krungsri.tech/ic/api/v1/customer/joint/getprofile,86,0,16
1778856648772,139,UpdateJoint,200,OK,UpdateJoint 12-41,text,true,,800,4464,1,9,https://api-scuda.uat.oci.krungsri.tech/ic/api/v1/customer/joint/updateprofile,139,0,15
1778856648849,82,GetJoint,200,OK,GetJoint 9-42,text,true,,1429,3530,1,8,https://api-scuda.uat.oci.krungsri.tech/ic/api/v1/customer/joint/getprofile,82,0,16
1778856648898,37,SearchJoint,200,OK,SearchJoint 10-41,text,true,,621,2627,1,7,https://api-scuda.uat.oci.krungsri.tech/ords/api/v1/customer/joint/searchprofile,37,0,24
1778856648665,306,CreateIndividual,201,Created,CreateIndividual 3-39,text,true,,1172,8378,2,6,https://api-scuda.uat.oci.krungsri.tech/ic/api/v1/customer/individual/createprofile,306,0,20
1778856648660,371,CreateJuristic,201,Created,CreateJuristic 7-38,text,true,,1171,7716,4,7,https://api-scuda.uat.oci.krungsri.tech/ic/api/v1/customer/juristic/createprofile,371,0,22
1778856648691,387,CreateJuristic,201,Created,CreateJuristic 7-39,text,true,,1172,8272,4,10,https://api-scuda.uat.oci.krungsri.tech/ic/api/v1/customer/juristic/createprofile,387,0,19
1778856648757,360,CreateJuristic,201,Created,CreateJuristic 7-40,text,true,,1172,8300,3,10,https://api-scuda.uat.oci.krungsri.tech/ic/api/v1/customer/juristic/createprofile,360,0,16
1778856649046,86,GetIndividual,200,OK,GetIndividual 1-41,text,true,,3887,3588,2,9,https://api-scuda.uat.oci.krungsri.tech/ic/api/v1/customer/individual/getprofile,86,0,21
1778856649026,161,UpdateJuristic,200,OK,UpdateJuristic 8-40,text,true,,800,4423,1,8,https://api-scuda.uat.oci.krungsri.tech/ic/api/v1/customer/juristic/updateprofile,161,0,21
1778856649109,121,UpdateJoint,200,OK,UpdateJoint 12-42,text,true,,800,3614,1,9,https://api-scuda.uat.oci.krungsri.tech/ic/api/v1/customer/joint/updateprofile,121,0,18
1778856649199,32,SearchJuristic,200,OK,SearchJuristic 6-40,text,true,,621,2611,1,8,https://api-scuda.uat.oci.krungsri.tech/ords/api/v1/customer/juristic/searchprofile,32,0,20
1778856649045,214,CreateJoint,200,OK,CreateJoint 11-40,text,true,,1813,5666,1,9,https://api-scuda.uat.oci.krungsri.tech/ic/api/v1/customer/joint/createprofile,214,0,16
1778856648906,358,CreateJuristic,201,Created,CreateJuristic 7-41,text,true,,1172,7948,2,8,https://api-scuda.uat.oci.krungsri.tech/ic/api/v1/customer/juristic/createprofile,358,0,19
1778856649236,33,SearchJoint,200,OK,SearchJoint 10-42,text,true,,621,2627,1,8,https://api-scuda.uat.oci.krungsri.tech/ords/api/v1/customer/joint/searchprofile,33,0,21
1778856649271,26,SearchIndividual,200,OK,SearchIndividual 2-40,text,true,,621,2613,1,9,https://api-scuda.uat.oci.krungsri.tech/ords/api/v1/customer/individual/searchprofile,26,0,15
1778856649027,283,GetJuristic,200,OK,GetJuristic 5-40,text,true,,3553,3533,3,9,https://api-scuda.uat.oci.krungsri.tech/ic/api/v1/customer/juristic/getprofile,283,0,23
1778856649226,85,GetJuristic,200,OK,GetJuristic 5-41,text,true,,3452,3533,2,8,https://api-scuda.uat.oci.krungsri.tech/ic/api/v1/customer/juristic/getprofile,85,0,16
1778856649040,272,GetIndividual,200,OK,GetIndividual 1-40,text,true,,3789,3588,1,7,https://api-scuda.uat.oci.krungsri.tech/ic/api/v1/customer/individual/getprofile,272,0,18
1778856649268,84,GetJuristic,200,OK,GetJuristic 5-42,text,true,,3520,3533,1,8,https://api-scuda.uat.oci.krungsri.tech/ic/api/v1/customer/juristic/getprofile,84,0,13
1778856649237,143,UpdateIndividual,200,OK,UpdateIndividual 4-41,text,true,,799,5501,2,8,https://api-scuda.uat.oci.krungsri.tech/ic/api/v1/customer/individual/updateprofile,143,0,14
1778856649038,355,CreateJuristic,201,Created,CreateJuristic 7-42,text,true,,1172,7881,1,8,https://api-scuda.uat.oci.krungsri.tech/ic/api/v1/customer/juristic/createprofile,355,0,24
1778856649391,28,SearchIndividual,200,OK,SearchIndividual 2-41,text,true,,621,2613,1,9,https://api-scuda.uat.oci.krungsri.tech/ords/api/v1/customer/individual/searchprofile,28,0,16
1778856649411,27,SearchJuristic,200,OK,SearchJuristic 6-41,text,true,,621,2630,1,9,https://api-scuda.uat.oci.krungsri.tech/ords/api/v1/customer/juristic/searchprofile,27,0,16
1778856649312,139,UpdateIndividual,200,OK,UpdateIndividual 4-42,text,true,,800,5597,1,8,https://api-scuda.uat.oci.krungsri.tech/ic/api/v1/customer/individual/updateprofile,139,0,14
1778856649425,30,SearchIndividual,200,OK,SearchIndividual 2-42,text,true,,621,2613,1,7,https://api-scuda.uat.oci.krungsri.tech/ords/api/v1/customer/individual/searchprofile,30,0,20
1778856648815,656,CreateIndividual,201,Created,CreateIndividual 3-40,text,true,,1172,8022,2,7,https://api-scuda.uat.oci.krungsri.tech/ic/api/v1/customer/individual/createprofile,656,0,16
1778856649403,83,GetJoint,200,OK,GetJoint 9-43,text,true,,1429,3530,1,9,https://api-scuda.uat.oci.krungsri.tech/ic/api/v1/customer/joint/getprofile,83,0,20
1778856649476,33,SearchJoint,200,OK,SearchJoint 10-43,text,true,,621,2627,1,9,https://api-scuda.uat.oci.krungsri.tech/ords/api/v1/customer/joint/searchprofile,33,0,21
1778856649341,184,UpdateJuristic,200,OK,UpdateJuristic 8-41,text,true,,800,5762,2,8,https://api-scuda.uat.oci.krungsri.tech/ic/api/v1/customer/juristic/updateprofile,184,0,17
1778856649314,221,GetIndividual,200,OK,GetIndividual 1-42,text,true,,3807,3588,1,7,https://api-scuda.uat.oci.krungsri.tech/ic/api/v1/customer/individual/getprofile,221,0,13
1778856649465,79,GetJuristic,200,OK,GetJuristic 5-43,text,true,,3479,3532,1,7,https://api-scuda.uat.oci.krungsri.tech/ic/api/v1/customer/juristic/getprofile,79,0,12
1778856649361,204,CreateJoint,200,OK,CreateJoint 11-41,text,true,,1812,5826,2,7,https://api-scuda.uat.oci.krungsri.tech/ic/api/v1/customer/joint/createprofile,204,0,16
1778856649281,293,CreateIndividual,201,Created,CreateIndividual 3-41,text,true,,1172,8179,2,6,https://api-scuda.uat.oci.krungsri.tech/ic/api/v1/customer/individual/createprofile,293,0,15
1778856649602,30,SearchJuristic,200,OK,SearchJuristic 6-42,text,true,,9454,2606,1,8,https://api-scuda.uat.oci.krungsri.tech/ords/api/v1/customer/juristic/searchprofile,30,0,18
1778856649540,154,UpdateIndividual,200,OK,UpdateIndividual 4-43,text,true,,799,5630,1,11,https://api-scuda.uat.oci.krungsri.tech/ic/api/v1/customer/individual/updateprofile,154,0,17
1778856649495,204,UpdateJuristic,200,OK,UpdateJuristic 8-42,text,true,,800,5785,2,11,https://api-scuda.uat.oci.krungsri.tech/ic/api/v1/customer/juristic/updateprofile,204,0,17
1778856649687,30,SearchJuristic,200,OK,SearchJuristic 6-43,text,true,,621,2621,1,11,https://api-scuda.uat.oci.krungsri.tech/ords/api/v1/customer/juristic/searchprofile,30,0,20
1778856649696,29,SearchIndividual,200,OK,SearchIndividual 2-43,text,true,,621,2625,1,10,https://api-scuda.uat.oci.krungsri.tech/ords/api/v1/customer/individual/searchprofile,29,0,18
1778856649716,29,SearchJoint,200,OK,SearchJoint 10-44,text,true,,620,2626,1,9,https://api-scuda.uat.oci.krungsri.tech/ords/api/v1/customer/joint/searchprofile,29,0,18
1778856649602,144,UpdateJuristic,200,OK,UpdateJuristic 8-43,text,true,,800,4426,1,8,https://api-scuda.uat.oci.krungsri.tech/ic/api/v1/customer/juristic/updateprofile,144,0,18
1778856649551,215,CreateJoint,200,OK,CreateJoint 11-42,text,true,,1813,6074,2,8,https://api-scuda.uat.oci.krungsri.tech/ic/api/v1/customer/joint/createprofile,215,0,14
1778856649482,301,CreateIndividual,201,Created,CreateIndividual 3-42,text,true,,1172,8104,2,7,https://api-scuda.uat.oci.krungsri.tech/ic/api/v1/customer/individual/createprofile,301,0,18
1778856649661,129,GetIndividual,200,OK,GetIndividual 1-43,text,true,,3852,3588,1,6,https://api-scuda.uat.oci.krungsri.tech/ic/api/v1/customer/individual/getprofile,129,0,18
1778856649651,149,UpdateJoint,200,OK,UpdateJoint 12-43,text,true,,800,4574,1,5,https://api-scuda.uat.oci.krungsri.tech/ic/api/v1/customer/joint/updateprofile,149,0,19
1778856649482,355,CreateJuristic,201,Created,CreateJuristic 7-43,text,true,,1172,8193,4,10,https://api-scuda.uat.oci.krungsri.tech/ic/api/v1/customer/juristic/createprofile,355,0,14
1778856649857,38,SearchJoint,200,OK,SearchJoint 10-45,text,true,,621,2627,2,13,https://api-scuda.uat.oci.krungsri.tech/ords/api/v1/customer/joint/searchprofile,38,0,12
1778856649806,94,GetIndividual,200,OK,GetIndividual 1-44,text,true,,3756,3588,2,12,https://api-scuda.uat.oci.krungsri.tech/ic/api/v1/customer/individual/getprofile,94,0,13
1778856649825,86,GetJoint,200,OK,GetJoint 9-44,text,true,,1429,3530,2,13,https://api-scuda.uat.oci.krungsri.tech/ic/api/v1/customer/joint/getprofile,86,0,24
1778856649890,32,SearchJoint,200,OK,SearchJoint 10-46,text,true,,621,2627,1,12,https://api-scuda.uat.oci.krungsri.tech/ords/api/v1/customer/joint/searchprofile,31,0,20
1778856649605,331,CreateIndividual,201,Created,CreateIndividual 3-43,text,true,,1172,8290,2,13,https://api-scuda.uat.oci.krungsri.tech/ic/api/v1/customer/individual/createprofile,330,0,16
1778856649667,277,CreateJoint,200,OK,CreateJoint 11-43,text,true,,1813,5730,1,12,https://api-scuda.uat.oci.krungsri.tech/ic/api/v1/customer/joint/createprofile,277,0,11
1778856649832,114,GetIndividual,200,OK,GetIndividual 1-45,text,true,,3848,3588,1,11,https://api-scuda.uat.oci.krungsri.tech/ic/api/v1/customer/individual/getprofile,114,0,23
1778856649923,31,SearchJoint,200,OK,SearchJoint 10-47,text,true,,621,2627,1,10,https://api-scuda.uat.oci.krungsri.tech/ords/api/v1/customer/joint/searchprofile,31,0,19
1778856649829,140,UpdateJoint,200,OK,UpdateJoint 12-44,text,true,,800,4549,3,12,https://api-scuda.uat.oci.krungsri.tech/ic/api/v1/customer/joint/updateprofile,140,0,13
1778856649909,78,GetJoint,200,OK,GetJoint 9-45,text,true,,1429,3530,1,12,https://api-scuda.uat.oci.krungsri.tech/ic/api/v1/customer/joint/getprofile,78,0,13
1778856649969,32,SearchIndividual,200,OK,SearchIndividual 2-45,text,true,,621,2614,2,12,https://api-scuda.uat.oci.krungsri.tech/ords/api/v1/customer/individual/searchprofile,32,0,22
1778856649904,102,UpdateJoint,200,OK,UpdateJoint 12-45,text,true,,800,3614,2,11,https://api-scuda.uat.oci.krungsri.tech/ic/api/v1/customer/joint/updateprofile,102,0,22
1778856649930,86,GetJuristic,200,OK,GetJuristic 5-44,text,true,,3460,3533,1,10,https://api-scuda.uat.oci.krungsri.tech/ic/api/v1/customer/juristic/getprofile,86,0,15
1778856649969,54,SearchIndividual,200,OK,SearchIndividual 2-44,text,true,,621,2614,1,9,https://api-scuda.uat.oci.krungsri.tech/ords/api/v1/customer/individual/searchprofile,54,0,36
1778856649895,157,UpdateIndividual,200,OK,UpdateIndividual 4-44,text,true,,800,5595,1,11,https://api-scuda.uat.oci.krungsri.tech/ic/api/v1/customer/individual/updateprofile,157,0,29
1778856650026,35,SearchJuristic,200,OK,SearchJuristic 6-44,text,true,,621,2611,1,10,https://api-scuda.uat.oci.krungsri.tech/ords/api/v1/customer/juristic/searchprofile,35,0,22
1778856649753,371,CreateJuristic,201,Created,CreateJuristic 7-44,text,true,,1172,7720,3,11,https://api-scuda.uat.oci.krungsri.tech/ic/api/v1/customer/juristic/createprofile,371,0,20
1778856649960,166,UpdateJoint,200,OK,UpdateJoint 12-46,text,true,,800,4504,2,10,https://api-scuda.uat.oci.krungsri.tech/ic/api/v1/customer/joint/updateprofile,166,0,41
1778856650118,26,SearchJuristic,200,OK,SearchJuristic 6-45,text,true,,621,2627,1,9,https://api-scuda.uat.oci.krungsri.tech/ords/api/v1/customer/juristic/searchprofile,26,0,15
1778856649824,361,CreateJuristic,201,Created,CreateJuristic 7-45,text,true,,1171,8286,3,10,https://api-scuda.uat.oci.krungsri.tech/ic/api/v1/customer/juristic/createprofile,361,0,15
1778856650158,31,SearchIndividual,200,OK,SearchIndividual 2-46,text,true,,13816,2605,1,9,https://api-scuda.uat.oci.krungsri.tech/ords/api/v1/customer/individual/searchprofile,31,0,19
1778856650051,141,UpdateJoint,200,OK,UpdateJoint 12-47,text,true,,800,4606,1,9,https://api-scuda.uat.oci.krungsri.tech/ic/api/v1/customer/joint/updateprofile,141,0,19
1778856649881,319,CreateIndividual,201,Created,CreateIndividual 3-44,text,true,,1172,7831,3,10,https://api-scuda.uat.oci.krungsri.tech/ic/api/v1/customer/individual/createprofile,319,0,22
1778856649973,257,CreateJoint,200,OK,CreateJoint 11-44,text,true,,1813,5725,1,9,https://api-scuda.uat.oci.krungsri.tech/ic/api/v1/customer/joint/createprofile,257,0,19
1778856650050,201,UpdateJuristic,200,OK,UpdateJuristic 8-44,text,true,,800,5840,2,9,https://api-scuda.uat.oci.krungsri.tech/ic/api/v1/customer/juristic/updateprofile,201,0,21
1778856649837,414,CreateJuristic,201,Created,CreateJuristic 7-46,text,true,,1172,7989,3,9,https://api-scuda.uat.oci.krungsri.tech/ic/api/v1/customer/juristic/createprofile,414,0,30
1778856649998,262,GetIndividual,200,OK,GetIndividual 1-46,text,true,,3893,3588,1,8,https://api-scuda.uat.oci.krungsri.tech/ic/api/v1/customer/individual/getprofile,262,0,23
1778856650283,31,SearchJuristic,200,OK,SearchJuristic 6-46,text,true,,621,2642,1,11,https://api-scuda.uat.oci.krungsri.tech/ords/api/v1/customer/juristic/searchprofile,31,0,20
1778856650255,90,GetJoint,200,OK,GetJoint 9-46,text,true,,1431,3530,1,12,https://api-scuda.uat.oci.krungsri.tech/ic/api/v1/customer/joint/getprofile,90,0,13
1778856650199,150,UpdateIndividual,200,OK,UpdateIndividual 4-45,text,true,,800,5598,1,11,https://api-scuda.uat.oci.krungsri.tech/ic/api/v1/customer/individual/updateprofile,150,0,12
1778856650331,32,SearchJoint,200,OK,SearchJoint 10-48,text,true,,620,2626,1,10,https://api-scuda.uat.oci.krungsri.tech/ords/api/v1/customer/joint/searchprofile,31,0,20
1778856650081,302,CreateIndividual,201,Created,CreateIndividual 3-45,text,true,,1172,8157,3,11,https://api-scuda.uat.oci.krungsri.tech/ic/api/v1/customer/individual/createprofile,302,0,19
1778856650240,147,UpdateJuristic,200,OK,UpdateJuristic 8-45,text,true,,800,4425,1,10,https://api-scuda.uat.oci.krungsri.tech/ic/api/v1/customer/juristic/updateprofile,147,0,14
1778856650310,85,GetJuristic,200,OK,GetJuristic 5-45,text,true,,3454,3533,1,9,https://api-scuda.uat.oci.krungsri.tech/ic/api/v1/customer/juristic/getprofile,85,0,14
1778856650373,27,SearchJuristic,200,OK,SearchJuristic 6-47,text,true,,621,2611,1,9,https://api-scuda.uat.oci.krungsri.tech/ords/api/v1/customer/juristic/searchprofile,26,0,16
1778856650373,77,GetIndividual,200,OK,GetIndividual 1-47,text,true,,3790,3588,1,11,https://api-scuda.uat.oci.krungsri.tech/ic/api/v1/customer/individual/getprofile,77,0,16
1778856650459,30,SearchIndividual,200,OK,SearchIndividual 2-47,text,true,,621,2606,1,14,https://api-scuda.uat.oci.krungsri.tech/ords/api/v1/customer/individual/searchprofile,30,0,19
1778856650197,300,CreateIndividual,201,Created,CreateIndividual 3-46,text,true,,1172,8336,2,14,https://api-scuda.uat.oci.krungsri.tech/ic/api/v1/customer/individual/createprofile,300,0,16
1778856650480,27,SearchJuristic,200,OK,SearchJuristic 6-48,text,true,,620,2644,1,13,https://api-scuda.uat.oci.krungsri.tech/ords/api/v1/customer/juristic/searchprofile,26,0,15
1778856650300,212,CreateJoint,200,OK,CreateJoint 11-46,text,true,,1813,5995,3,12,https://api-scuda.uat.oci.krungsri.tech/ic/api/v1/customer/joint/createprofile,212,0,17
1778856650450,86,GetJoint,200,OK,GetJoint 9-47,text,true,,1431,3530,2,14,https://api-scuda.uat.oci.krungsri.tech/ic/api/v1/customer/joint/getprofile,86,0,19
1778856650450,88,GetJuristic,200,OK,GetJuristic 5-46,text,true,,3525,3532,3,13,https://api-scuda.uat.oci.krungsri.tech/ic/api/v1/customer/juristic/getprofile,88,0,19
1778856650186,361,CreateJuristic,201,Created,CreateJuristic 7-47,text,true,,1172,8206,2,12,https://api-scuda.uat.oci.krungsri.tech/ic/api/v1/customer/juristic/createprofile,361,0,16
1778856650283,274,CreateJoint,200,OK,CreateJoint 11-45,text,true,,1813,6090,2,14,https://api-scuda.uat.oci.krungsri.tech/ic/api/v1/customer/joint/createprofile,274,0,18
1778856650402,160,UpdateIndividual,200,OK,UpdateIndividual 4-46,text,true,,800,5528,2,13,https://api-scuda.uat.oci.krungsri.tech/ic/api/v1/customer/individual/updateprofile,160,0,20
1778856650533,29,SearchIndividual,200,OK,SearchIndividual 2-48,text,true,,621,2613,1,13,https://api-scuda.uat.oci.krungsri.tech/ords/api/v1/customer/individual/searchprofile,29,0,18
1778856650480,82,GetIndividual,200,OK,GetIndividual 1-48,text,true,,3855,3587,1,11,https://api-scuda.uat.oci.krungsri.tech/ic/api/v1/customer/individual/getprofile,82,0,12
1778856650468,108,UpdateIndividual,200,OK,UpdateIndividual 4-47,text,true,,800,4227,2,12,https://api-scuda.uat.oci.krungsri.tech/ic/api/v1/customer/individual/updateprofile,108,0,16
1778856650493,87,GetJuristic,200,OK,GetJuristic 5-47,text,true,,3485,3533,2,11,https://api-scuda.uat.oci.krungsri.tech/ic/api/v1/customer/juristic/getprofile,87,0,12
1778856650521,88,GetJoint,200,OK,GetJoint 9-48,text,true,,1428,3529,1,11,https://api-scuda.uat.oci.krungsri.tech/ic/api/v1/customer/joint/getprofile,88,0,14
1778856650530,80,GetJuristic,200,OK,GetJuristic 5-48,text,true,,3477,3533,1,10,https://api-scuda.uat.oci.krungsri.tech/ic/api/v1/customer/juristic/getprofile,80,0,11
1778856650202,415,CreateJuristic,201,Created,CreateJuristic 7-48,text,true,,1172,8416,1,9,https://api-scuda.uat.oci.krungsri.tech/ic/api/v1/customer/juristic/createprofile,415,0,19
1778856650333,313,CreateIndividual,201,Created,CreateIndividual 3-47,text,true,,1172,8500,2,8,https://api-scuda.uat.oci.krungsri.tech/ic/api/v1/customer/individual/createprofile,313,0,16
1778856650406,262,CreateJoint,200,OK,CreateJoint 11-47,text,true,,1813,5871,2,8,https://api-scuda.uat.oci.krungsri.tech/ic/api/v1/customer/joint/createprofile,262,0,16
1778856650558,115,UpdateJoint,200,OK,UpdateJoint 12-48,text,true,,800,3614,1,7,https://api-scuda.uat.oci.krungsri.tech/ic/api/v1/customer/joint/updateprofile,115,0,17
1778856650576,111,UpdateIndividual,200,OK,UpdateIndividual 4-48,text,true,,800,4229,1,6,https://api-scuda.uat.oci.krungsri.tech/ic/api/v1/customer/individual/updateprofile,111,0,13
1778856650560,143,UpdateJuristic,200,OK,UpdateJuristic 8-47,text,true,,800,4434,3,5,https://api-scuda.uat.oci.krungsri.tech/ic/api/v1/customer/juristic/updateprofile,143,0,14
