timeStamp,elapsed,label,responseCode,responseMessage,threadName,dataType,success,failureMessage,bytes,sentBytes,grpThreads,allThreads,URL,Latency,IdleTime,Connect
1778856741526,177,Get Token,200,OK,CreateJoint 11-3,text,true,,3684,522,3,30,https://api-scuda.uat.oci.krungsri.tech/oauth2/v1/token,163,0,106
1778856741223,481,Get Token,200,OK,GetJuristic 5-2,text,true,,3684,522,2,30,https://api-scuda.uat.oci.krungsri.tech/oauth2/v1/token,467,0,409
1778856741223,481,Get Token,200,OK,SearchIndividual 2-2,text,true,,2894,426,3,30,https://api-scuda.uat.oci.krungsri.tech/oauth2/v1/token,466,0,427
1778856741222,482,Get Token,200,OK,GetJoint 9-2,text,true,,3684,522,2,30,https://api-scuda.uat.oci.krungsri.tech/oauth2/v1/token,468,0,415
1778856741223,481,Get Token,200,OK,UpdateJoint 12-2,text,true,,3684,522,3,30,https://api-scuda.uat.oci.krungsri.tech/oauth2/v1/token,466,0,414
1778856741222,482,Get Token,200,OK,GetJoint 9-1,text,true,,3684,522,2,30,https://api-scuda.uat.oci.krungsri.tech/oauth2/v1/token,471,0,417
1778856741223,480,Get Token,200,OK,CreateJuristic 7-1,text,true,,3684,522,3,30,https://api-scuda.uat.oci.krungsri.tech/oauth2/v1/token,479,0,435
1778856741223,480,Get Token,200,OK,UpdateJuristic 8-2,text,true,,3684,522,2,30,https://api-scuda.uat.oci.krungsri.tech/oauth2/v1/token,472,0,426
1778856741222,481,Get Token,200,OK,GetIndividual 1-1,text,true,,3684,522,3,30,https://api-scuda.uat.oci.krungsri.tech/oauth2/v1/token,474,0,427
1778856741223,480,Get Token,200,OK,SearchJoint 10-2,text,true,,2894,426,3,30,https://api-scuda.uat.oci.krungsri.tech/oauth2/v1/token,472,0,428
1778856741223,481,Get Token,200,OK,GetJuristic 5-1,text,true,,3684,522,2,30,https://api-scuda.uat.oci.krungsri.tech/oauth2/v1/token,471,0,417
1778856741222,481,Get Token,200,OK,GetIndividual 1-2,text,true,,3684,522,3,30,https://api-scuda.uat.oci.krungsri.tech/oauth2/v1/token,473,0,430
1778856741223,480,Get Token,200,OK,GetIndividual 1-3,text,true,,3684,522,3,30,https://api-scuda.uat.oci.krungsri.tech/oauth2/v1/token,480,0,428
1778856741658,52,Get Token,200,OK,SearchIndividual 2-3,text,true,,2894,426,3,30,https://api-scuda.uat.oci.krungsri.tech/oauth2/v1/token,52,0,17
1778856741481,223,Get Token,200,OK,CreateJuristic 7-3,text,true,,3684,522,3,30,https://api-scuda.uat.oci.krungsri.tech/oauth2/v1/token,212,0,154
1778856741223,480,Get Token,200,OK,UpdateJoint 12-1,text,true,,3684,522,3,30,https://api-scuda.uat.oci.krungsri.tech/oauth2/v1/token,471,0,427
1778856741223,481,Get Token,200,OK,UpdateIndividual 4-2,text,true,,3684,522,2,30,https://api-scuda.uat.oci.krungsri.tech/oauth2/v1/token,468,0,415
1778856741223,481,Get Token,200,OK,CreateJuristic 7-2,text,true,,3684,522,3,30,https://api-scuda.uat.oci.krungsri.tech/oauth2/v1/token,476,0,430
1778856741222,482,Get Token,200,OK,SearchJoint 10-1,text,true,,2894,426,3,30,https://api-scuda.uat.oci.krungsri.tech/oauth2/v1/token,468,0,415
1778856741335,369,Get Token,200,OK,SearchJoint 10-3,text,true,,2894,426,3,30,https://api-scuda.uat.oci.krungsri.tech/oauth2/v1/token,355,0,305
1778856741223,481,Get Token,200,OK,CreateIndividual 3-2,text,true,,3684,522,2,30,https://api-scuda.uat.oci.krungsri.tech/oauth2/v1/token,481,0,431
1778856741223,481,Get Token,200,OK,UpdateJuristic 8-1,text,true,,3684,522,2,30,https://api-scuda.uat.oci.krungsri.tech/oauth2/v1/token,470,0,416
1778856741223,481,Get Token,200,OK,SearchJuristic 6-2,text,true,,2894,426,2,30,https://api-scuda.uat.oci.krungsri.tech/oauth2/v1/token,470,0,425
1778856741223,480,Get Token,200,OK,UpdateIndividual 4-1,text,true,,3684,522,2,30,https://api-scuda.uat.oci.krungsri.tech/oauth2/v1/token,480,0,434
1778856741223,480,Get Token,200,OK,CreateIndividual 3-1,text,true,,3684,522,2,30,https://api-scuda.uat.oci.krungsri.tech/oauth2/v1/token,473,0,416
1778856741223,481,Get Token,200,OK,CreateJoint 11-1,text,true,,3684,522,3,30,https://api-scuda.uat.oci.krungsri.tech/oauth2/v1/token,470,0,410
1778856741222,482,Get Token,200,OK,SearchIndividual 2-1,text,true,,2894,426,3,30,https://api-scuda.uat.oci.krungsri.tech/oauth2/v1/token,468,0,410
1778856741222,482,Get Token,200,OK,SearchJuristic 6-1,text,true,,2894,426,2,30,https://api-scuda.uat.oci.krungsri.tech/oauth2/v1/token,470,0,417
1778856741223,480,Get Token,200,OK,CreateJoint 11-2,text,true,,3684,522,3,30,https://api-scuda.uat.oci.krungsri.tech/oauth2/v1/token,472,0,433
1778856741702,54,Get Token,200,OK,UpdateJoint 12-3,text,true,,3684,522,3,31,https://api-scuda.uat.oci.krungsri.tech/oauth2/v1/token,54,0,23
1778856742443,50,SearchJuristic,200,OK,SearchJuristic 6-3,text,true,,621,2612,3,39,https://api-scuda.uat.oci.krungsri.tech/ords/api/v1/customer/juristic/searchprofile,50,0,24
1778856742458,35,SearchJuristic,200,OK,SearchJuristic 6-1,text,true,,621,2610,3,39,https://api-scuda.uat.oci.krungsri.tech/ords/api/v1/customer/juristic/searchprofile,35,0,0
1778856742454,38,SearchJoint,200,OK,SearchJoint 10-3,text,true,,621,2627,3,39,https://api-scuda.uat.oci.krungsri.tech/ords/api/v1/customer/joint/searchprofile,36,0,0
1778856742456,36,SearchIndividual,200,OK,SearchIndividual 2-3,text,true,,621,2612,3,39,https://api-scuda.uat.oci.krungsri.tech/ords/api/v1/customer/individual/searchprofile,33,0,0
1778856742450,42,SearchJoint,200,OK,SearchJoint 10-1,text,true,,621,2627,3,39,https://api-scuda.uat.oci.krungsri.tech/ords/api/v1/customer/joint/searchprofile,39,0,0
1778856742443,49,SearchJuristic,200,OK,SearchJuristic 6-2,text,true,,621,2607,3,39,https://api-scuda.uat.oci.krungsri.tech/ords/api/v1/customer/juristic/searchprofile,46,0,0
1778856742452,44,SearchIndividual,200,OK,SearchIndividual 2-2,text,true,,621,2610,3,39,https://api-scuda.uat.oci.krungsri.tech/ords/api/v1/customer/individual/searchprofile,44,0,0
1778856742450,42,SearchIndividual,200,OK,SearchIndividual 2-1,text,true,,621,2601,3,39,https://api-scuda.uat.oci.krungsri.tech/ords/api/v1/customer/individual/searchprofile,39,0,0
1778856742452,40,SearchJoint,200,OK,SearchJoint 10-2,text,true,,621,2627,3,39,https://api-scuda.uat.oci.krungsri.tech/ords/api/v1/customer/joint/searchprofile,38,0,0
1778856742683,35,SearchIndividual,200,OK,SearchIndividual 2-4,text,true,,621,2605,1,33,https://api-scuda.uat.oci.krungsri.tech/ords/api/v1/customer/individual/searchprofile,35,0,23
1778856742861,31,SearchJuristic,200,OK,SearchJuristic 6-4,text,true,,621,2611,1,33,https://api-scuda.uat.oci.krungsri.tech/ords/api/v1/customer/juristic/searchprofile,31,0,17
1778856742460,416,GetJuristic,200,OK,GetJuristic 5-2,text,true,,3483,3533,3,33,https://api-scuda.uat.oci.krungsri.tech/ic/api/v1/customer/juristic/getprofile,416,0,0
1778856742456,187,GetJuristic,200,OK,GetJuristic 5-1,text,true,,3528,3533,3,30,https://api-scuda.uat.oci.krungsri.tech/ic/api/v1/customer/juristic/getprofile,187,0,0
1778856742453,385,GetJuristic,200,OK,GetJuristic 5-3,text,true,,3515,3533,3,33,https://api-scuda.uat.oci.krungsri.tech/ic/api/v1/customer/juristic/getprofile,385,0,22
1778856742446,406,GetJoint,200,OK,GetJoint 9-1,text,true,,1429,3530,3,33,https://api-scuda.uat.oci.krungsri.tech/ic/api/v1/customer/joint/getprofile,406,0,0
1778856742463,401,GetJoint,200,OK,GetJoint 9-3,text,true,,1431,3530,3,33,https://api-scuda.uat.oci.krungsri.tech/ic/api/v1/customer/joint/getprofile,401,0,14
1778856742448,330,GetJoint,200,OK,GetJoint 9-2,text,true,,1431,3530,3,33,https://api-scuda.uat.oci.krungsri.tech/ic/api/v1/customer/joint/getprofile,330,0,0
1778856742487,356,GetIndividual,200,OK,GetIndividual 1-4,text,true,,3859,3587,4,33,https://api-scuda.uat.oci.krungsri.tech/ic/api/v1/customer/individual/getprofile,356,0,17
1778856742454,421,GetIndividual,200,OK,GetIndividual 1-3,text,true,,3855,3588,4,33,https://api-scuda.uat.oci.krungsri.tech/ic/api/v1/customer/individual/getprofile,421,0,0
1778856742444,315,GetIndividual,200,OK,GetIndividual 1-2,text,true,,3850,3588,4,33,https://api-scuda.uat.oci.krungsri.tech/ic/api/v1/customer/individual/getprofile,315,0,0
1778856742458,432,GetIndividual,200,OK,GetIndividual 1-1,text,true,,3876,3588,4,33,https://api-scuda.uat.oci.krungsri.tech/ic/api/v1/customer/individual/getprofile,432,0,0
1778856743033,35,SearchJoint,200,OK,SearchJoint 10-4,text,true,,621,2627,1,27,https://api-scuda.uat.oci.krungsri.tech/ords/api/v1/customer/joint/searchprofile,35,0,18
1778856743033,309,GetJoint,200,OK,GetJoint 9-4,text,true,,1431,3530,1,28,https://api-scuda.uat.oci.krungsri.tech/ic/api/v1/customer/joint/getprofile,309,0,18
1778856743033,311,GetJuristic,200,OK,GetJuristic 5-4,text,true,,3484,3533,1,28,https://api-scuda.uat.oci.krungsri.tech/ic/api/v1/customer/juristic/getprofile,311,0,29
1778856743361,36,SearchJuristic,200,OK,SearchJuristic 6-5,text,true,,621,2630,1,27,https://api-scuda.uat.oci.krungsri.tech/ords/api/v1/customer/juristic/searchprofile,36,0,22
1778856743260,225,UpdateJoint,200,OK,UpdateJoint 12-2,text,true,,800,4529,4,26,https://api-scuda.uat.oci.krungsri.tech/ic/api/v1/customer/joint/updateprofile,225,0,0
1778856743259,296,UpdateJoint,200,OK,UpdateJoint 12-1,text,true,,800,4550,3,26,https://api-scuda.uat.oci.krungsri.tech/ic/api/v1/customer/joint/updateprofile,296,0,0
1778856743260,303,UpdateJoint,200,OK,UpdateJoint 12-3,text,true,,800,4598,2,25,https://api-scuda.uat.oci.krungsri.tech/ic/api/v1/customer/joint/updateprofile,303,0,0
1778856743273,307,CreateJoint,200,OK,CreateJoint 11-2,text,true,,1813,5635,4,24,https://api-scuda.uat.oci.krungsri.tech/ic/api/v1/customer/joint/createprofile,307,0,0
1778856743260,377,UpdateJoint,200,OK,UpdateJoint 12-4,text,true,,800,4599,1,23,https://api-scuda.uat.oci.krungsri.tech/ic/api/v1/customer/joint/updateprofile,377,0,23
1778856743273,372,CreateJoint,200,OK,CreateJoint 11-1,text,true,,1813,5873,3,22,https://api-scuda.uat.oci.krungsri.tech/ic/api/v1/customer/joint/createprofile,372,0,0
1778856743658,33,SearchJoint,200,OK,SearchJoint 10-5,text,true,,621,2627,1,23,https://api-scuda.uat.oci.krungsri.tech/ords/api/v1/customer/joint/searchprofile,33,0,21
1778856743526,167,UpdateIndividual,200,OK,UpdateIndividual 4-1,text,true,,800,5597,4,22,https://api-scuda.uat.oci.krungsri.tech/ic/api/v1/customer/individual/updateprofile,167,0,0
1778856743525,181,UpdateIndividual,200,OK,UpdateIndividual 4-2,text,true,,800,5538,3,22,https://api-scuda.uat.oci.krungsri.tech/ic/api/v1/customer/individual/updateprofile,181,0,0
1778856743528,227,UpdateJuristic,200,OK,UpdateJuristic 8-4,text,true,,800,5799,5,21,https://api-scuda.uat.oci.krungsri.tech/ic/api/v1/customer/juristic/updateprofile,227,0,23
1778856743658,96,GetJuristic,200,OK,GetJuristic 5-5,text,true,,3510,3533,1,21,https://api-scuda.uat.oci.krungsri.tech/ic/api/v1/customer/juristic/getprofile,96,0,20
1778856743528,229,UpdateJuristic,200,OK,UpdateJuristic 8-2,text,true,,800,5844,4,19,https://api-scuda.uat.oci.krungsri.tech/ic/api/v1/customer/juristic/updateprofile,229,0,0
1778856743528,247,UpdateJuristic,200,OK,UpdateJuristic 8-5,text,true,,800,4422,3,18,https://api-scuda.uat.oci.krungsri.tech/ic/api/v1/customer/juristic/updateprofile,247,0,22
1778856743273,533,CreateJoint,200,OK,CreateJoint 11-3,text,true,,1813,5925,2,17,https://api-scuda.uat.oci.krungsri.tech/ic/api/v1/customer/joint/createprofile,533,0,0
1778856743527,348,UpdateJuristic,200,OK,UpdateJuristic 8-1,text,true,,800,5691,2,18,https://api-scuda.uat.oci.krungsri.tech/ic/api/v1/customer/juristic/updateprofile,348,0,0
1778856743847,35,SearchIndividual,200,OK,SearchIndividual 2-5,text,true,,621,2601,1,17,https://api-scuda.uat.oci.krungsri.tech/ords/api/v1/customer/individual/searchprofile,35,0,23
1778856743696,192,GetIndividual,200,OK,GetIndividual 1-5,text,true,,3851,3588,1,16,https://api-scuda.uat.oci.krungsri.tech/ic/api/v1/customer/individual/getprofile,192,0,22
1778856743526,369,UpdateIndividual,200,OK,UpdateIndividual 4-4,text,true,,800,5495,2,15,https://api-scuda.uat.oci.krungsri.tech/ic/api/v1/customer/individual/updateprofile,369,0,24
1778856743529,387,UpdateJuristic,200,OK,UpdateJuristic 8-3,text,true,,800,5792,1,14,https://api-scuda.uat.oci.krungsri.tech/ic/api/v1/customer/juristic/updateprofile,387,0,25
1778856743519,398,GetJoint,200,OK,GetJoint 9-5,text,true,,1431,3530,1,13,https://api-scuda.uat.oci.krungsri.tech/ic/api/v1/customer/joint/getprofile,398,0,12
1778856743515,425,CreateJuristic,201,Created,CreateJuristic 7-2,text,true,,1172,8106,4,12,https://api-scuda.uat.oci.krungsri.tech/ic/api/v1/customer/juristic/createprofile,425,0,0
1778856743502,447,CreateIndividual,201,Created,CreateIndividual 3-3,text,true,,1172,8697,5,11,https://api-scuda.uat.oci.krungsri.tech/ic/api/v1/customer/individual/createprofile,447,0,23
1778856743502,458,CreateIndividual,201,Created,CreateIndividual 3-4,text,true,,1172,8719,4,10,https://api-scuda.uat.oci.krungsri.tech/ic/api/v1/customer/individual/createprofile,458,0,26
1778856743847,122,UpdateJoint,200,OK,UpdateJoint 12-5,text,true,,800,3614,1,9,https://api-scuda.uat.oci.krungsri.tech/ic/api/v1/customer/joint/updateprofile,122,0,23
1778856743273,710,CreateJoint,200,OK,CreateJoint 11-4,text,true,,1813,5909,1,9,https://api-scuda.uat.oci.krungsri.tech/ic/api/v1/customer/joint/createprofile,710,0,22
1778856743526,469,UpdateIndividual,200,OK,UpdateIndividual 4-3,text,true,,800,5513,1,8,https://api-scuda.uat.oci.krungsri.tech/ic/api/v1/customer/individual/updateprofile,469,0,19
1778856743502,498,CreateIndividual,201,Created,CreateIndividual 3-2,text,true,,1172,8599,3,7,https://api-scuda.uat.oci.krungsri.tech/ic/api/v1/customer/individual/createprofile,498,0,0
1778856743502,540,CreateIndividual,201,Created,CreateIndividual 3-1,text,true,,1172,8511,2,6,https://api-scuda.uat.oci.krungsri.tech/ic/api/v1/customer/individual/createprofile,540,0,0
1778856743515,541,CreateJuristic,201,Created,CreateJuristic 7-1,text,true,,1172,7422,4,5,https://api-scuda.uat.oci.krungsri.tech/ic/api/v1/customer/juristic/createprofile,541,0,0
1778856743502,580,CreateIndividual,201,Created,CreateIndividual 3-5,text,true,,1171,8298,1,4,https://api-scuda.uat.oci.krungsri.tech/ic/api/v1/customer/individual/createprofile,580,0,26
1778856743514,579,CreateJuristic,201,Created,CreateJuristic 7-3,text,true,,1172,8104,3,5,https://api-scuda.uat.oci.krungsri.tech/ic/api/v1/customer/juristic/createprofile,579,0,0
1778856743514,692,CreateJuristic,201,Created,CreateJuristic 7-4,text,true,,1172,7975,2,6,https://api-scuda.uat.oci.krungsri.tech/ic/api/v1/customer/juristic/createprofile,692,0,25
1778856744098,116,UpdateIndividual,200,OK,UpdateIndividual 4-5,text,true,,800,4227,1,5,https://api-scuda.uat.oci.krungsri.tech/ic/api/v1/customer/individual/updateprofile,116,0,21
1778856744095,216,CreateJoint,200,OK,CreateJoint 11-5,text,true,,1812,5831,1,4,https://api-scuda.uat.oci.krungsri.tech/ic/api/v1/customer/joint/createprofile,216,0,18
1778856743980,396,CreateJuristic,201,Created,CreateJuristic 7-5,text,true,,1172,8307,1,4,https://api-scuda.uat.oci.krungsri.tech/ic/api/v1/customer/juristic/createprofile,396,0,21
1778856744154,248,GetIndividual,200,OK,GetIndividual 1-6,text,true,,3863,3588,1,3,https://api-scuda.uat.oci.krungsri.tech/ic/api/v1/customer/individual/getprofile,247,0,14
1778856744366,89,GetJoint,200,OK,GetJoint 9-6,text,true,,1431,3530,1,3,https://api-scuda.uat.oci.krungsri.tech/ic/api/v1/customer/joint/getprofile,89,0,23
1778856744165,328,CreateIndividual,201,Created,CreateIndividual 3-6,text,true,,1172,8489,1,2,https://api-scuda.uat.oci.krungsri.tech/ic/api/v1/customer/individual/createprofile,328,0,17
1778856744428,158,UpdateIndividual,200,OK,UpdateIndividual 4-6,text,true,,800,5562,1,1,https://api-scuda.uat.oci.krungsri.tech/ic/api/v1/customer/individual/updateprofile,158,0,24
1778856744796,28,SearchIndividual,200,OK,SearchIndividual 2-6,text,true,,621,2631,1,5,https://api-scuda.uat.oci.krungsri.tech/ords/api/v1/customer/individual/searchprofile,28,0,16
1778856744888,30,SearchJuristic,200,OK,SearchJuristic 6-6,text,true,,621,2645,1,6,https://api-scuda.uat.oci.krungsri.tech/ords/api/v1/customer/juristic/searchprofile,30,0,18
1778856744776,143,UpdateJoint,200,OK,UpdateJoint 12-6,text,true,,800,4532,1,6,https://api-scuda.uat.oci.krungsri.tech/ic/api/v1/customer/joint/updateprofile,143,0,21
1778856744884,41,SearchJoint,200,OK,SearchJoint 10-6,text,true,,621,2627,1,4,https://api-scuda.uat.oci.krungsri.tech/ords/api/v1/customer/joint/searchprofile,41,0,21
1778856744782,174,GetJuristic,200,OK,GetJuristic 5-6,text,true,,3462,3533,1,3,https://api-scuda.uat.oci.krungsri.tech/ic/api/v1/customer/juristic/getprofile,174,0,24
1778856744815,164,UpdateJuristic,200,OK,UpdateJuristic 8-6,text,true,,800,4426,1,3,https://api-scuda.uat.oci.krungsri.tech/ic/api/v1/customer/juristic/updateprofile,164,0,14
1778856744771,430,CreateJuristic,201,Created,CreateJuristic 7-6,text,true,,1172,7710,1,3,https://api-scuda.uat.oci.krungsri.tech/ic/api/v1/customer/juristic/createprofile,430,0,21
1778856745188,32,SearchJuristic,200,OK,SearchJuristic 6-7,text,true,,620,2610,1,2,https://api-scuda.uat.oci.krungsri.tech/ords/api/v1/customer/juristic/searchprofile,32,0,20
1778856744965,297,CreateJoint,200,OK,CreateJoint 11-6,text,true,,1812,5642,1,1,https://api-scuda.uat.oci.krungsri.tech/ic/api/v1/customer/joint/createprofile,297,0,18
1778856745329,87,GetJoint,200,OK,GetJoint 9-7,text,true,,1429,3530,1,4,https://api-scuda.uat.oci.krungsri.tech/ic/api/v1/customer/joint/getprofile,87,0,14
1778856745382,163,UpdateIndividual,200,OK,UpdateIndividual 4-7,text,true,,800,5574,1,4,https://api-scuda.uat.oci.krungsri.tech/ic/api/v1/customer/individual/updateprofile,162,0,16
1778856745482,137,UpdateJoint,200,OK,UpdateJoint 12-7,text,true,,799,4515,1,4,https://api-scuda.uat.oci.krungsri.tech/ic/api/v1/customer/joint/updateprofile,137,0,13
1778856745303,380,CreateJuristic,201,Created,CreateJuristic 7-7,text,true,,1172,7719,1,3,https://api-scuda.uat.oci.krungsri.tech/ic/api/v1/customer/juristic/createprofile,380,0,18
1778856745392,330,CreateJoint,200,OK,CreateJoint 11-7,text,true,,1813,5768,1,4,https://api-scuda.uat.oci.krungsri.tech/ic/api/v1/customer/joint/createprofile,330,0,14
1778856745748,28,SearchIndividual,200,OK,SearchIndividual 2-7,text,true,,620,2602,1,4,https://api-scuda.uat.oci.krungsri.tech/ords/api/v1/customer/individual/searchprofile,27,0,17
1778856745688,108,GetJuristic,200,OK,GetJuristic 5-7,text,true,,3520,3533,1,3,https://api-scuda.uat.oci.krungsri.tech/ic/api/v1/customer/juristic/getprofile,108,0,17
1778856745690,173,UpdateJuristic,200,OK,UpdateJuristic 8-7,text,true,,800,5819,1,2,https://api-scuda.uat.oci.krungsri.tech/ic/api/v1/customer/juristic/updateprofile,173,0,17
1778856745580,304,CreateIndividual,201,Created,CreateIndividual 3-7,text,true,,1172,8624,1,1,https://api-scuda.uat.oci.krungsri.tech/ic/api/v1/customer/individual/createprofile,304,0,19
1778856745910,136,GetIndividual,200,OK,GetIndividual 1-7,text,true,,3839,3588,1,1,https://api-scuda.uat.oci.krungsri.tech/ic/api/v1/customer/individual/getprofile,136,0,19
1778856746069,23,SearchJoint,200,OK,SearchJoint 10-7,text,true,,621,2627,1,1,https://api-scuda.uat.oci.krungsri.tech/ords/api/v1/customer/joint/searchprofile,22,0,11
1778856746231,35,SearchJuristic,200,OK,SearchJuristic 6-8,text,true,,620,2610,1,3,https://api-scuda.uat.oci.krungsri.tech/ords/api/v1/customer/juristic/searchprofile,35,0,21
1778856746160,107,UpdateJoint,200,OK,UpdateJoint 12-8,text,true,,800,3614,1,2,https://api-scuda.uat.oci.krungsri.tech/ic/api/v1/customer/joint/updateprofile,107,0,13
1778856746256,150,UpdateIndividual,200,OK,UpdateIndividual 4-8,text,true,,800,5642,1,5,https://api-scuda.uat.oci.krungsri.tech/ic/api/v1/customer/individual/updateprofile,150,0,14
1778856746304,177,UpdateJuristic,200,OK,UpdateJuristic 8-8,text,true,,800,5741,1,5,https://api-scuda.uat.oci.krungsri.tech/ic/api/v1/customer/juristic/updateprofile,177,0,19
1778856746547,27,SearchJoint,200,OK,SearchJoint 10-8,text,true,,621,2627,1,7,https://api-scuda.uat.oci.krungsri.tech/ords/api/v1/customer/joint/searchprofile,27,0,15
1778856746462,142,UpdateJoint,200,OK,UpdateJoint 12-9,text,true,,800,4581,1,9,https://api-scuda.uat.oci.krungsri.tech/ic/api/v1/customer/joint/updateprofile,142,0,11
1778856746587,30,SearchIndividual,200,OK,SearchIndividual 2-8,text,true,,621,2613,1,8,https://api-scuda.uat.oci.krungsri.tech/ords/api/v1/customer/individual/searchprofile,30,0,12
1778856746534,89,GetJoint,200,OK,GetJoint 9-8,text,true,,1431,3530,2,7,https://api-scuda.uat.oci.krungsri.tech/ic/api/v1/customer/joint/getprofile,89,0,18
1778856746298,330,GetIndividual,200,OK,GetIndividual 1-8,text,true,,3829,3588,1,6,https://api-scuda.uat.oci.krungsri.tech/ic/api/v1/customer/individual/getprofile,330,0,17
1778856746500,155,UpdateIndividual,200,OK,UpdateIndividual 4-9,text,true,,800,5644,1,7,https://api-scuda.uat.oci.krungsri.tech/ic/api/v1/customer/individual/updateprofile,155,0,19
1778856746292,366,CreateJuristic,201,Created,CreateJuristic 7-8,text,true,,1172,8460,2,6,https://api-scuda.uat.oci.krungsri.tech/ic/api/v1/customer/juristic/createprofile,366,0,16
1778856746639,30,SearchJuristic,200,OK,SearchJuristic 6-9,text,true,,621,2611,1,5,https://api-scuda.uat.oci.krungsri.tech/ords/api/v1/customer/juristic/searchprofile,30,0,19
1778856746585,88,GetJoint,200,OK,GetJoint 9-9,text,true,,1429,3530,1,4,https://api-scuda.uat.oci.krungsri.tech/ic/api/v1/customer/joint/getprofile,87,0,17
1778856746652,28,SearchIndividual,200,OK,SearchIndividual 2-9,text,true,,621,2613,1,3,https://api-scuda.uat.oci.krungsri.tech/ords/api/v1/customer/individual/searchprofile,27,0,18
1778856746394,306,CreateIndividual,201,Created,CreateIndividual 3-8,text,true,,1172,8171,1,3,https://api-scuda.uat.oci.krungsri.tech/ic/api/v1/customer/individual/createprofile,306,0,12
1778856746686,26,SearchJoint,200,OK,SearchJoint 10-9,text,true,,621,2627,1,3,https://api-scuda.uat.oci.krungsri.tech/ords/api/v1/customer/joint/searchprofile,25,0,13
1778856746709,91,GetJuristic,200,OK,GetJuristic 5-8,text,true,,3500,3533,1,3,https://api-scuda.uat.oci.krungsri.tech/ic/api/v1/customer/juristic/getprofile,91,0,17
1778856746831,101,GetIndividual,200,OK,GetIndividual 1-9,text,true,,3856,3587,1,5,https://api-scuda.uat.oci.krungsri.tech/ic/api/v1/customer/individual/getprofile,101,0,13
1778856746584,363,CreateJuristic,201,Created,CreateJuristic 7-9,text,true,,1172,7986,1,4,https://api-scuda.uat.oci.krungsri.tech/ic/api/v1/customer/juristic/createprofile,363,0,12
1778856746748,250,CreateJoint,200,OK,CreateJoint 11-8,text,true,,1813,6111,1,3,https://api-scuda.uat.oci.krungsri.tech/ic/api/v1/customer/joint/createprofile,250,0,11
1778856746862,193,UpdateJuristic,200,OK,UpdateJuristic 8-9,text,true,,800,5739,1,4,https://api-scuda.uat.oci.krungsri.tech/ic/api/v1/customer/juristic/updateprofile,193,0,18
1778856747023,91,GetJuristic,200,OK,GetJuristic 5-9,text,true,,3509,3533,1,3,https://api-scuda.uat.oci.krungsri.tech/ic/api/v1/customer/juristic/getprofile,91,0,16
1778856746914,307,CreateIndividual,201,Created,CreateIndividual 3-9,text,true,,1172,8489,2,6,https://api-scuda.uat.oci.krungsri.tech/ic/api/v1/customer/individual/createprofile,307,0,15
1778856747225,34,SearchJoint,200,OK,SearchJoint 10-10,text,true,,621,2627,1,8,https://api-scuda.uat.oci.krungsri.tech/ords/api/v1/customer/joint/searchprofile,34,0,22
1778856747045,269,CreateJoint,200,OK,CreateJoint 11-9,text,true,,1813,5894,2,9,https://api-scuda.uat.oci.krungsri.tech/ic/api/v1/customer/joint/createprofile,269,0,12
1778856747224,107,GetJuristic,200,OK,GetJuristic 5-10,text,true,,3510,3533,1,8,https://api-scuda.uat.oci.krungsri.tech/ic/api/v1/customer/juristic/getprofile,107,0,19
1778856747254,92,GetJoint,200,OK,GetJoint 9-10,text,true,,1429,3530,2,8,https://api-scuda.uat.oci.krungsri.tech/ic/api/v1/customer/joint/getprofile,92,0,13
1778856747191,175,UpdateIndividual,200,OK,UpdateIndividual 4-10,text,true,,799,5529,1,7,https://api-scuda.uat.oci.krungsri.tech/ic/api/v1/customer/individual/updateprofile,175,0,19
1778856747344,80,GetJoint,200,OK,GetJoint 9-11,text,true,,1429,3530,1,8,https://api-scuda.uat.oci.krungsri.tech/ic/api/v1/customer/joint/getprofile,80,0,14
1778856747296,146,UpdateJuristic,200,OK,UpdateJuristic 8-10,text,true,,800,4423,1,7,https://api-scuda.uat.oci.krungsri.tech/ic/api/v1/customer/juristic/updateprofile,146,0,22
1778856747415,34,SearchJoint,200,OK,SearchJoint 10-11,text,true,,620,2626,1,6,https://api-scuda.uat.oci.krungsri.tech/ords/api/v1/customer/joint/searchprofile,34,0,23
1778856747181,295,CreateIndividual,201,Created,CreateIndividual 3-10,text,true,,1172,8025,1,5,https://api-scuda.uat.oci.krungsri.tech/ic/api/v1/customer/individual/createprofile,295,0,21
1778856747124,366,CreateJuristic,201,Created,CreateJuristic 7-10,text,true,,1172,8331,2,4,https://api-scuda.uat.oci.krungsri.tech/ic/api/v1/customer/juristic/createprofile,366,0,19
1778856747317,195,CreateJoint,200,OK,CreateJoint 11-10,text,true,,1813,6085,1,4,https://api-scuda.uat.oci.krungsri.tech/ic/api/v1/customer/joint/createprofile,195,0,15
1778856747179,364,CreateJuristic,201,Created,CreateJuristic 7-11,text,true,,1172,8116,1,4,https://api-scuda.uat.oci.krungsri.tech/ic/api/v1/customer/juristic/createprofile,364,0,21
1778856747427,156,UpdateIndividual,200,OK,UpdateIndividual 4-11,text,true,,799,5539,1,3,https://api-scuda.uat.oci.krungsri.tech/ic/api/v1/customer/individual/updateprofile,156,0,24
1778856747596,145,GetJuristic,200,OK,GetJuristic 5-11,text,true,,3452,3532,1,4,https://api-scuda.uat.oci.krungsri.tech/ic/api/v1/customer/juristic/getprofile,145,0,11
1778856747726,24,SearchIndividual,200,OK,SearchIndividual 2-10,text,true,,621,2626,1,3,https://api-scuda.uat.oci.krungsri.tech/ords/api/v1/customer/individual/searchprofile,24,0,12
1778856747773,24,SearchJuristic,200,OK,SearchJuristic 6-10,text,true,,620,2610,1,3,https://api-scuda.uat.oci.krungsri.tech/ords/api/v1/customer/juristic/searchprofile,24,0,11
1778856747509,300,CreateIndividual,201,Created,CreateIndividual 3-11,text,true,,1171,8222,1,2,https://api-scuda.uat.oci.krungsri.tech/ic/api/v1/customer/individual/createprofile,300,0,14
1778856747536,274,CreateJoint,200,OK,CreateJoint 11-11,text,true,,1813,5644,1,1,https://api-scuda.uat.oci.krungsri.tech/ic/api/v1/customer/joint/createprofile,274,0,19
1778856747844,102,GetIndividual,200,OK,GetIndividual 1-10,text,true,,3777,3588,2,2,https://api-scuda.uat.oci.krungsri.tech/ic/api/v1/customer/individual/getprofile,102,0,16
1778856747899,102,GetIndividual,200,OK,GetIndividual 1-11,text,true,,3813,3587,1,2,https://api-scuda.uat.oci.krungsri.tech/ic/api/v1/customer/individual/getprofile,102,0,22
1778856748034,28,SearchIndividual,200,OK,SearchIndividual 2-11,text,true,,621,2613,1,3,https://api-scuda.uat.oci.krungsri.tech/ords/api/v1/customer/individual/searchprofile,28,0,17
1778856748032,32,SearchJuristic,200,OK,SearchJuristic 6-11,text,true,,621,2645,1,2,https://api-scuda.uat.oci.krungsri.tech/ords/api/v1/customer/juristic/searchprofile,31,0,20
1778856747956,195,UpdateJuristic,200,OK,UpdateJuristic 8-11,text,true,,799,5828,1,3,https://api-scuda.uat.oci.krungsri.tech/ic/api/v1/customer/juristic/updateprofile,195,0,21
1778856748093,124,UpdateJoint,200,OK,UpdateJoint 12-10,text,true,,800,3614,2,5,https://api-scuda.uat.oci.krungsri.tech/ic/api/v1/customer/joint/updateprofile,124,0,22
1778856748190,29,SearchJoint,200,OK,SearchJoint 10-12,text,true,,621,2627,1,4,https://api-scuda.uat.oci.krungsri.tech/ords/api/v1/customer/joint/searchprofile,29,0,18
1778856748201,24,SearchIndividual,200,OK,SearchIndividual 2-12,text,true,,621,2613,1,3,https://api-scuda.uat.oci.krungsri.tech/ords/api/v1/customer/individual/searchprofile,24,0,12
1778856748097,138,UpdateJoint,200,OK,UpdateJoint 12-11,text,true,,800,4590,1,2,https://api-scuda.uat.oci.krungsri.tech/ic/api/v1/customer/joint/updateprofile,138,0,23
1778856748294,26,SearchJuristic,200,OK,SearchJuristic 6-12,text,true,,621,2611,1,3,https://api-scuda.uat.oci.krungsri.tech/ords/api/v1/customer/juristic/searchprofile,26,0,15
1778856748394,115,UpdateIndividual,200,OK,UpdateIndividual 4-12,text,true,,800,4229,1,10,https://api-scuda.uat.oci.krungsri.tech/ic/api/v1/customer/individual/updateprofile,115,0,15
1778856748199,318,CreateIndividual,201,Created,CreateIndividual 3-12,text,true,,1172,8487,2,9,https://api-scuda.uat.oci.krungsri.tech/ic/api/v1/customer/individual/createprofile,318,0,21
1778856748279,272,CreateJoint,200,OK,CreateJoint 11-12,text,true,,1813,5895,1,10,https://api-scuda.uat.oci.krungsri.tech/ic/api/v1/customer/joint/createprofile,272,0,17
1778856748476,93,GetJuristic,200,OK,GetJuristic 5-12,text,true,,3499,3533,1,9,https://api-scuda.uat.oci.krungsri.tech/ic/api/v1/customer/juristic/getprofile,93,0,22
1778856748474,95,GetIndividual,200,OK,GetIndividual 1-12,text,true,,3850,3588,1,9,https://api-scuda.uat.oci.krungsri.tech/ic/api/v1/customer/individual/getprofile,95,0,21
1778856748539,36,SearchIndividual,200,OK,SearchIndividual 2-13,text,true,,621,2604,1,7,https://api-scuda.uat.oci.krungsri.tech/ords/api/v1/customer/individual/searchprofile,36,0,24
1778856748580,30,SearchJuristic,200,OK,SearchJuristic 6-13,text,true,,621,2611,1,7,https://api-scuda.uat.oci.krungsri.tech/ords/api/v1/customer/juristic/searchprofile,29,0,19
1778856748482,146,UpdateJoint,200,OK,UpdateJoint 12-12,text,true,,800,4621,1,6,https://api-scuda.uat.oci.krungsri.tech/ic/api/v1/customer/joint/updateprofile,146,0,23
1778856748550,91,GetJoint,200,OK,GetJoint 9-12,text,true,,1429,3530,1,6,https://api-scuda.uat.oci.krungsri.tech/ic/api/v1/customer/joint/getprofile,91,0,18
1778856748489,188,UpdateJuristic,200,OK,UpdateJuristic 8-12,text,true,,800,5831,2,6,https://api-scuda.uat.oci.krungsri.tech/ic/api/v1/customer/juristic/updateprofile,188,0,21
1778856748346,370,CreateJuristic,201,Created,CreateJuristic 7-12,text,true,,1172,8374,2,5,https://api-scuda.uat.oci.krungsri.tech/ic/api/v1/customer/juristic/createprofile,370,0,18
1778856748648,114,UpdateJoint,200,OK,UpdateJoint 12-13,text,true,,800,3614,1,4,https://api-scuda.uat.oci.krungsri.tech/ic/api/v1/customer/joint/updateprofile,114,0,21
1778856748414,360,CreateJuristic,201,Created,CreateJuristic 7-13,text,true,,1172,7825,1,4,https://api-scuda.uat.oci.krungsri.tech/ic/api/v1/customer/juristic/createprofile,360,0,14
1778856748641,188,UpdateJuristic,200,OK,UpdateJuristic 8-13,text,true,,800,5730,1,3,https://api-scuda.uat.oci.krungsri.tech/ic/api/v1/customer/juristic/updateprofile,188,0,22
1778856748419,501,CreateIndividual,201,Created,CreateIndividual 3-13,text,true,,1172,8360,1,3,https://api-scuda.uat.oci.krungsri.tech/ic/api/v1/customer/individual/createprofile,501,0,19
1778856748768,165,UpdateIndividual,200,OK,UpdateIndividual 4-13,text,true,,800,5582,1,3,https://api-scuda.uat.oci.krungsri.tech/ic/api/v1/customer/individual/updateprofile,165,0,26
1778856748841,96,GetIndividual,200,OK,GetIndividual 1-13,text,true,,3807,3588,1,2,https://api-scuda.uat.oci.krungsri.tech/ic/api/v1/customer/individual/getprofile,96,0,20
1778856749098,32,SearchJoint,200,OK,SearchJoint 10-13,text,true,,621,2627,1,4,https://api-scuda.uat.oci.krungsri.tech/ords/api/v1/customer/joint/searchprofile,32,0,21
1778856749063,93,GetJoint,200,OK,GetJoint 9-13,text,true,,1429,3530,1,3,https://api-scuda.uat.oci.krungsri.tech/ic/api/v1/customer/joint/getprofile,93,0,19
1778856749119,93,GetJuristic,200,OK,GetJuristic 5-13,text,true,,3526,3533,1,2,https://api-scuda.uat.oci.krungsri.tech/ic/api/v1/customer/juristic/getprofile,93,0,19
1778856748927,362,CreateJoint,200,OK,CreateJoint 11-13,text,true,,1812,5781,1,2,https://api-scuda.uat.oci.krungsri.tech/ic/api/v1/customer/joint/createprofile,362,0,17
1778856749262,152,UpdateJuristic,200,OK,UpdateJuristic 8-14,text,true,,800,4430,1,5,https://api-scuda.uat.oci.krungsri.tech/ic/api/v1/customer/juristic/updateprofile,152,0,22
1778856749402,31,SearchJoint,200,OK,SearchJoint 10-14,text,true,,621,2627,1,5,https://api-scuda.uat.oci.krungsri.tech/ords/api/v1/customer/joint/searchprofile,31,0,19
1778856749336,183,UpdateJoint,200,OK,UpdateJoint 12-14,text,true,,800,3614,1,5,https://api-scuda.uat.oci.krungsri.tech/ic/api/v1/customer/joint/updateprofile,183,0,17
1778856749430,92,GetIndividual,200,OK,GetIndividual 1-14,text,true,,3908,3588,1,4,https://api-scuda.uat.oci.krungsri.tech/ic/api/v1/customer/individual/getprofile,92,0,17
1778856749416,126,UpdateIndividual,200,OK,UpdateIndividual 4-14,text,true,,799,4228,1,4,https://api-scuda.uat.oci.krungsri.tech/ic/api/v1/customer/individual/updateprofile,126,0,20
1778856749525,29,SearchJoint,200,OK,SearchJoint 10-15,text,true,,621,2627,1,5,https://api-scuda.uat.oci.krungsri.tech/ords/api/v1/customer/joint/searchprofile,29,0,16
1778856749330,279,CreateJoint,200,OK,CreateJoint 11-14,text,true,,1813,5688,1,5,https://api-scuda.uat.oci.krungsri.tech/ic/api/v1/customer/joint/createprofile,279,0,17
1778856749549,84,GetJuristic,200,OK,GetJuristic 5-14,text,true,,3512,3533,2,5,https://api-scuda.uat.oci.krungsri.tech/ic/api/v1/customer/juristic/getprofile,84,0,15
1778856749554,93,GetJuristic,200,OK,GetJuristic 5-15,text,true,,3482,3533,1,5,https://api-scuda.uat.oci.krungsri.tech/ic/api/v1/customer/juristic/getprofile,93,0,21
1778856749635,28,SearchIndividual,200,OK,SearchIndividual 2-14,text,true,,620,2621,1,4,https://api-scuda.uat.oci.krungsri.tech/ords/api/v1/customer/individual/searchprofile,28,0,17
1778856749677,34,SearchJuristic,200,OK,SearchJuristic 6-14,text,true,,621,2621,2,6,https://api-scuda.uat.oci.krungsri.tech/ords/api/v1/customer/juristic/searchprofile,33,0,23
1778856749699,27,SearchJuristic,200,OK,SearchJuristic 6-15,text,true,,621,2609,1,6,https://api-scuda.uat.oci.krungsri.tech/ords/api/v1/customer/juristic/searchprofile,27,0,16
1778856749631,149,UpdateJuristic,200,OK,UpdateJuristic 8-15,text,true,,800,4420,1,6,https://api-scuda.uat.oci.krungsri.tech/ic/api/v1/customer/juristic/updateprofile,149,0,12
1778856749764,37,SearchIndividual,200,OK,SearchIndividual 2-15,text,true,,621,2610,1,5,https://api-scuda.uat.oci.krungsri.tech/ords/api/v1/customer/individual/searchprofile,37,0,19
1778856749506,299,CreateIndividual,201,Created,CreateIndividual 3-14,text,true,,1172,8313,1,4,https://api-scuda.uat.oci.krungsri.tech/ic/api/v1/customer/individual/createprofile,299,0,13
1778856749682,138,UpdateJoint,200,OK,UpdateJoint 12-15,text,true,,800,4591,1,4,https://api-scuda.uat.oci.krungsri.tech/ic/api/v1/customer/joint/updateprofile,138,0,23
1778856749608,263,GetIndividual,200,OK,GetIndividual 1-15,text,true,,3824,3588,1,4,https://api-scuda.uat.oci.krungsri.tech/ic/api/v1/customer/individual/getprofile,263,0,23
1778856749807,94,GetJoint,200,OK,GetJoint 9-14,text,true,,1429,3530,2,5,https://api-scuda.uat.oci.krungsri.tech/ic/api/v1/customer/joint/getprofile,94,0,21
1778856749872,103,GetJoint,200,OK,GetJoint 9-15,text,true,,1431,3530,1,5,https://api-scuda.uat.oci.krungsri.tech/ic/api/v1/customer/joint/getprofile,103,0,28
1778856749854,207,CreateJoint,200,OK,CreateJoint 11-15,text,true,,1813,5725,1,4,https://api-scuda.uat.oci.krungsri.tech/ic/api/v1/customer/joint/createprofile,206,0,24
1778856749721,351,CreateJuristic,201,Created,CreateJuristic 7-14,text,true,,1172,7947,2,3,https://api-scuda.uat.oci.krungsri.tech/ic/api/v1/customer/juristic/createprofile,351,0,17
1778856750150,31,SearchJoint,200,OK,SearchJoint 10-16,text,true,,621,2627,1,4,https://api-scuda.uat.oci.krungsri.tech/ords/api/v1/customer/joint/searchprofile,31,0,19
1778856749876,309,CreateIndividual,201,Created,CreateIndividual 3-15,text,true,,1171,8530,1,4,https://api-scuda.uat.oci.krungsri.tech/ic/api/v1/customer/individual/createprofile,309,0,20
1778856750091,172,UpdateIndividual,200,OK,UpdateIndividual 4-15,text,true,,800,5610,2,5,https://api-scuda.uat.oci.krungsri.tech/ic/api/v1/customer/individual/updateprofile,172,0,19
1778856750209,89,GetJoint,200,OK,GetJoint 9-16,text,true,,1431,3530,1,5,https://api-scuda.uat.oci.krungsri.tech/ic/api/v1/customer/joint/getprofile,89,0,17
1778856750188,115,UpdateIndividual,200,OK,UpdateIndividual 4-16,text,true,,800,4227,1,4,https://api-scuda.uat.oci.krungsri.tech/ic/api/v1/customer/individual/updateprofile,115,0,18
1778856750279,30,SearchJuristic,200,OK,SearchJuristic 6-16,text,true,,621,2610,1,3,https://api-scuda.uat.oci.krungsri.tech/ords/api/v1/customer/juristic/searchprofile,30,0,20
1778856750216,106,UpdateJoint,200,OK,UpdateJoint 12-16,text,true,,800,3614,1,2,https://api-scuda.uat.oci.krungsri.tech/ic/api/v1/customer/joint/updateprofile,106,0,14
1778856749943,473,CreateJuristic,201,Created,CreateJuristic 7-15,text,true,,1172,7953,1,5,https://api-scuda.uat.oci.krungsri.tech/ic/api/v1/customer/juristic/createprofile,473,0,13
1778856750331,147,UpdateJuristic,200,OK,UpdateJuristic 8-16,text,true,,800,4426,1,5,https://api-scuda.uat.oci.krungsri.tech/ic/api/v1/customer/juristic/updateprofile,147,0,21
1778856750384,95,GetIndividual,200,OK,GetIndividual 1-16,text,true,,3830,3588,1,4,https://api-scuda.uat.oci.krungsri.tech/ic/api/v1/customer/individual/getprofile,95,0,19
1778856750406,97,GetJoint,200,OK,GetJoint 9-17,text,true,,1429,3530,1,3,https://api-scuda.uat.oci.krungsri.tech/ic/api/v1/customer/joint/getprofile,97,0,17
1778856750336,195,CreateJoint,200,OK,CreateJoint 11-16,text,true,,1813,5954,1,5,https://api-scuda.uat.oci.krungsri.tech/ic/api/v1/customer/joint/createprofile,195,0,14
1778856750512,32,SearchJoint,200,OK,SearchJoint 10-17,text,true,,621,2627,2,5,https://api-scuda.uat.oci.krungsri.tech/ords/api/v1/customer/joint/searchprofile,32,0,19
1778856750517,30,SearchJoint,200,OK,SearchJoint 10-18,text,true,,621,2627,1,4,https://api-scuda.uat.oci.krungsri.tech/ords/api/v1/customer/joint/searchprofile,30,0,19
1778856750540,24,SearchIndividual,200,OK,SearchIndividual 2-16,text,true,,621,2602,1,3,https://api-scuda.uat.oci.krungsri.tech/ords/api/v1/customer/individual/searchprofile,24,0,14
1778856750585,94,GetIndividual,200,OK,GetIndividual 1-17,text,true,,3835,3588,1,7,https://api-scuda.uat.oci.krungsri.tech/ic/api/v1/customer/individual/getprofile,94,0,20
1778856750599,91,GetJuristic,200,OK,GetJuristic 5-16,text,true,,3530,3533,2,7,https://api-scuda.uat.oci.krungsri.tech/ic/api/v1/customer/juristic/getprofile,91,0,14
1778856750456,300,CreateIndividual,201,Created,CreateIndividual 3-16,text,true,,1172,8326,2,10,https://api-scuda.uat.oci.krungsri.tech/ic/api/v1/customer/individual/createprofile,300,0,20
1778856750669,130,UpdateJoint,200,OK,UpdateJoint 12-17,text,true,,800,4566,1,9,https://api-scuda.uat.oci.krungsri.tech/ic/api/v1/customer/joint/updateprofile,130,0,10
1778856750709,94,GetJuristic,200,OK,GetJuristic 5-18,text,true,,3528,3533,2,8,https://api-scuda.uat.oci.krungsri.tech/ic/api/v1/customer/juristic/getprofile,94,0,17
1778856750597,208,UpdateJuristic,200,OK,UpdateJuristic 8-17,text,true,,800,5774,2,7,https://api-scuda.uat.oci.krungsri.tech/ic/api/v1/customer/juristic/updateprofile,208,0,18
1778856750713,94,GetIndividual,200,OK,GetIndividual 1-18,text,true,,3876,3587,1,7,https://api-scuda.uat.oci.krungsri.tech/ic/api/v1/customer/individual/getprofile,94,0,17
1778856750508,325,CreateIndividual,201,Created,CreateIndividual 3-17,text,true,,1172,8233,2,8,https://api-scuda.uat.oci.krungsri.tech/ic/api/v1/customer/individual/createprofile,325,0,17
1778856750662,191,UpdateJuristic,200,OK,UpdateJuristic 8-18,text,true,,800,5646,1,7,https://api-scuda.uat.oci.krungsri.tech/ic/api/v1/customer/juristic/updateprofile,191,0,20
1778856750832,30,SearchJuristic,200,OK,SearchJuristic 6-17,text,true,,621,2611,1,6,https://api-scuda.uat.oci.krungsri.tech/ords/api/v1/customer/juristic/searchprofile,30,0,18
1778856750691,181,GetJuristic,200,OK,GetJuristic 5-17,text,true,,3494,3533,1,6,https://api-scuda.uat.oci.krungsri.tech/ic/api/v1/customer/juristic/getprofile,181,0,21
1778856750864,27,SearchIndividual,200,OK,SearchIndividual 2-17,text,true,,621,2613,1,6,https://api-scuda.uat.oci.krungsri.tech/ords/api/v1/customer/individual/searchprofile,27,0,15
1778856750702,200,CreateJoint,200,OK,CreateJoint 11-17,text,true,,1812,5754,2,6,https://api-scuda.uat.oci.krungsri.tech/ic/api/v1/customer/joint/createprofile,200,0,12
1778856750904,85,GetJoint,200,OK,GetJoint 9-18,text,true,,1429,3530,1,9,https://api-scuda.uat.oci.krungsri.tech/ic/api/v1/customer/joint/getprofile,85,0,13
1778856750951,38,SearchIndividual,200,OK,SearchIndividual 2-18,text,true,,621,2613,1,8,https://api-scuda.uat.oci.krungsri.tech/ords/api/v1/customer/individual/searchprofile,38,0,22
1778856750900,106,UpdateJoint,200,OK,UpdateJoint 12-18,text,true,,800,3614,1,7,https://api-scuda.uat.oci.krungsri.tech/ic/api/v1/customer/joint/updateprofile,106,0,17
1778856750960,112,UpdateIndividual,200,OK,UpdateIndividual 4-17,text,true,,799,4228,1,6,https://api-scuda.uat.oci.krungsri.tech/ic/api/v1/customer/individual/updateprofile,112,0,14
1778856750885,199,CreateJoint,200,OK,CreateJoint 11-18,text,true,,1813,5710,1,5,https://api-scuda.uat.oci.krungsri.tech/ic/api/v1/customer/joint/createprofile,199,0,12
1778856750728,375,CreateJuristic,201,Created,CreateJuristic 7-16,text,true,,1172,8275,3,5,https://api-scuda.uat.oci.krungsri.tech/ic/api/v1/customer/juristic/createprofile,375,0,19
1778856751089,31,SearchJuristic,200,OK,SearchJuristic 6-18,text,true,,9527,2606,1,5,https://api-scuda.uat.oci.krungsri.tech/ords/api/v1/customer/juristic/searchprofile,31,0,19
1778856750810,311,CreateIndividual,201,Created,CreateIndividual 3-18,text,true,,1172,8563,1,4,https://api-scuda.uat.oci.krungsri.tech/ic/api/v1/customer/individual/createprofile,311,0,16
1778856750831,372,CreateJuristic,201,Created,CreateJuristic 7-17,text,true,,1172,7916,3,6,https://api-scuda.uat.oci.krungsri.tech/ic/api/v1/customer/juristic/createprofile,372,0,12
1778856751219,27,SearchJoint,200,OK,SearchJoint 10-19,text,true,,621,2627,1,7,https://api-scuda.uat.oci.krungsri.tech/ords/api/v1/customer/joint/searchprofile,27,0,16
1778856751113,151,UpdateIndividual,200,OK,UpdateIndividual 4-18,text,true,,800,5589,1,6,https://api-scuda.uat.oci.krungsri.tech/ic/api/v1/customer/individual/updateprofile,151,0,20
1778856751237,32,SearchIndividual,200,OK,SearchIndividual 2-19,text,true,,621,2603,1,5,https://api-scuda.uat.oci.krungsri.tech/ords/api/v1/customer/individual/searchprofile,32,0,20
1778856750933,357,CreateJuristic,201,Created,CreateJuristic 7-18,text,true,,1172,7970,2,6,https://api-scuda.uat.oci.krungsri.tech/ic/api/v1/customer/juristic/createprofile,357,0,14
1778856751157,203,CreateJoint,200,OK,CreateJoint 11-19,text,true,,1813,5725,2,8,https://api-scuda.uat.oci.krungsri.tech/ic/api/v1/customer/joint/createprofile,203,0,14
1778856751347,27,SearchJuristic,200,OK,SearchJuristic 6-19,text,true,,620,2611,2,9,https://api-scuda.uat.oci.krungsri.tech/ords/api/v1/customer/juristic/searchprofile,27,0,17
1778856751280,94,GetIndividual,200,OK,GetIndividual 1-19,text,true,,3893,3588,2,9,https://api-scuda.uat.oci.krungsri.tech/ic/api/v1/customer/individual/getprofile,94,0,21
1778856751171,214,CreateJoint,200,OK,CreateJoint 11-20,text,true,,1813,5755,1,8,https://api-scuda.uat.oci.krungsri.tech/ic/api/v1/customer/joint/createprofile,214,0,18
1778856751367,29,SearchJuristic,200,OK,SearchJuristic 6-20,text,true,,621,2603,2,7,https://api-scuda.uat.oci.krungsri.tech/ords/api/v1/customer/juristic/searchprofile,29,0,17
1778856751384,23,SearchJuristic,200,OK,SearchJuristic 6-21,text,true,,621,2611,1,6,https://api-scuda.uat.oci.krungsri.tech/ords/api/v1/customer/juristic/searchprofile,23,0,14
1778856751367,91,GetIndividual,200,OK,GetIndividual 1-20,text,true,,3912,3588,1,5,https://api-scuda.uat.oci.krungsri.tech/ic/api/v1/customer/individual/getprofile,91,0,13
1778856751281,180,UpdateJuristic,200,OK,UpdateJuristic 8-19,text,true,,800,5795,1,5,https://api-scuda.uat.oci.krungsri.tech/ic/api/v1/customer/juristic/updateprofile,180,0,22
1778856751196,344,CreateJuristic,201,Created,CreateJuristic 7-19,text,true,,1171,7587,2,6,https://api-scuda.uat.oci.krungsri.tech/ic/api/v1/customer/juristic/createprofile,344,0,17
1778856751460,92,GetIndividual,200,OK,GetIndividual 1-21,text,true,,3824,3588,1,5,https://api-scuda.uat.oci.krungsri.tech/ic/api/v1/customer/individual/getprofile,92,0,16
1778856751474,91,GetJoint,200,OK,GetJoint 9-19,text,true,,1428,3529,1,6,https://api-scuda.uat.oci.krungsri.tech/ic/api/v1/customer/joint/getprofile,91,0,18
1778856751556,30,SearchJoint,200,OK,SearchJoint 10-20,text,true,,621,2627,1,6,https://api-scuda.uat.oci.krungsri.tech/ords/api/v1/customer/joint/searchprofile,30,0,19
1778856751537,113,UpdateIndividual,200,OK,UpdateIndividual 4-19,text,true,,800,4229,1,8,https://api-scuda.uat.oci.krungsri.tech/ic/api/v1/customer/individual/updateprofile,113,0,16
1778856751343,323,CreateIndividual,201,Created,CreateIndividual 3-19,text,true,,1172,8496,3,7,https://api-scuda.uat.oci.krungsri.tech/ic/api/v1/customer/individual/createprofile,323,0,21
1778856751641,27,SearchIndividual,200,OK,SearchIndividual 2-20,text,true,,621,2617,1,6,https://api-scuda.uat.oci.krungsri.tech/ords/api/v1/customer/individual/searchprofile,27,0,16
1778856751333,364,CreateJuristic,201,Created,CreateJuristic 7-20,text,true,,1172,7671,1,7,https://api-scuda.uat.oci.krungsri.tech/ic/api/v1/customer/juristic/createprofile,364,0,21
1778856751596,142,UpdateJoint,200,OK,UpdateJoint 12-19,text,true,,800,4581,1,6,https://api-scuda.uat.oci.krungsri.tech/ic/api/v1/customer/joint/updateprofile,142,0,17
1778856751680,92,GetJuristic,200,OK,GetJuristic 5-19,text,true,,3458,3533,1,5,https://api-scuda.uat.oci.krungsri.tech/ic/api/v1/customer/juristic/getprofile,92,0,17
1778856751685,92,GetJoint,200,OK,GetJoint 9-20,text,true,,1429,3530,1,4,https://api-scuda.uat.oci.krungsri.tech/ic/api/v1/customer/joint/getprofile,92,0,18
1778856751649,140,UpdateJuristic,200,OK,UpdateJuristic 8-20,text,true,,800,4425,2,5,https://api-scuda.uat.oci.krungsri.tech/ic/api/v1/customer/juristic/updateprofile,140,0,19
1778856751580,297,CreateIndividual,201,Created,CreateIndividual 3-21,text,true,,1172,8185,2,6,https://api-scuda.uat.oci.krungsri.tech/ic/api/v1/customer/individual/createprofile,297,0,22
1778856751567,310,CreateIndividual,201,Created,CreateIndividual 3-20,text,true,,1171,7980,2,6,https://api-scuda.uat.oci.krungsri.tech/ic/api/v1/customer/individual/createprofile,310,0,19
1778856751821,83,GetJuristic,200,OK,GetJuristic 5-20,text,true,,3480,3533,1,6,https://api-scuda.uat.oci.krungsri.tech/ic/api/v1/customer/juristic/getprofile,83,0,12
1778856751902,33,SearchJoint,200,OK,SearchJoint 10-21,text,true,,620,2626,1,5,https://api-scuda.uat.oci.krungsri.tech/ords/api/v1/customer/joint/searchprofile,32,0,20
1778856751856,113,UpdateIndividual,200,OK,UpdateIndividual 4-20,text,true,,800,4227,2,5,https://api-scuda.uat.oci.krungsri.tech/ic/api/v1/customer/individual/updateprofile,113,0,11
1778856751786,197,UpdateJuristic,200,OK,UpdateJuristic 8-21,text,true,,800,5711,1,4,https://api-scuda.uat.oci.krungsri.tech/ic/api/v1/customer/juristic/updateprofile,197,0,29
1778856751988,31,SearchIndividual,200,OK,SearchIndividual 2-21,text,true,,621,2600,1,5,https://api-scuda.uat.oci.krungsri.tech/ords/api/v1/customer/individual/searchprofile,31,0,20
1778856751960,90,GetJoint,200,OK,GetJoint 9-21,text,true,,1431,3530,1,6,https://api-scuda.uat.oci.krungsri.tech/ic/api/v1/customer/joint/getprofile,90,0,20
1778856751889,207,UpdateIndividual,200,OK,UpdateIndividual 4-21,text,true,,800,5655,1,6,https://api-scuda.uat.oci.krungsri.tech/ic/api/v1/customer/individual/updateprofile,207,0,22
1778856751792,350,CreateJuristic,201,Created,CreateJuristic 7-21,text,true,,1172,8297,1,5,https://api-scuda.uat.oci.krungsri.tech/ic/api/v1/customer/juristic/createprofile,350,0,13
1778856752039,142,UpdateJoint,200,OK,UpdateJoint 12-20,text,true,,800,3614,2,4,https://api-scuda.uat.oci.krungsri.tech/ic/api/v1/customer/joint/updateprofile,142,0,17
1778856752041,161,GetJuristic,200,OK,GetJuristic 5-21,text,true,,3517,3533,1,5,https://api-scuda.uat.oci.krungsri.tech/ic/api/v1/customer/juristic/getprofile,161,0,21
1778856752199,31,SearchJoint,200,OK,SearchJoint 10-22,text,true,,621,2627,1,5,https://api-scuda.uat.oci.krungsri.tech/ords/api/v1/customer/joint/searchprofile,31,0,20
1778856752071,177,UpdateJoint,200,OK,UpdateJoint 12-21,text,true,,800,4570,1,4,https://api-scuda.uat.oci.krungsri.tech/ic/api/v1/customer/joint/updateprofile,177,0,19
1778856752225,27,SearchJuristic,200,OK,SearchJuristic 6-22,text,true,,621,2608,1,3,https://api-scuda.uat.oci.krungsri.tech/ords/api/v1/customer/juristic/searchprofile,27,0,16
1778856752011,283,CreateJoint,200,OK,CreateJoint 11-21,text,true,,1813,5763,1,3,https://api-scuda.uat.oci.krungsri.tech/ic/api/v1/customer/joint/createprofile,283,0,21
1778856752376,119,UpdateIndividual,200,OK,UpdateIndividual 4-22,text,true,,800,4227,1,8,https://api-scuda.uat.oci.krungsri.tech/ic/api/v1/customer/individual/updateprofile,119,0,17
1778856752201,324,CreateIndividual,201,Created,CreateIndividual 3-22,text,true,,1172,8544,1,8,https://api-scuda.uat.oci.krungsri.tech/ic/api/v1/customer/individual/createprofile,324,0,17
1778856752490,96,GetIndividual,200,OK,GetIndividual 1-22,text,true,,3893,3588,1,8,https://api-scuda.uat.oci.krungsri.tech/ic/api/v1/customer/individual/getprofile,96,0,22
1778856752402,215,CreateJoint,200,OK,CreateJoint 11-22,text,true,,1813,5739,2,8,https://api-scuda.uat.oci.krungsri.tech/ic/api/v1/customer/joint/createprofile,215,0,17
1778856752278,372,CreateJuristic,201,Created,CreateJuristic 7-22,text,true,,1172,8009,3,8,https://api-scuda.uat.oci.krungsri.tech/ic/api/v1/customer/juristic/createprofile,372,0,19
1778856752564,147,UpdateJuristic,200,OK,UpdateJuristic 8-23,text,true,,800,4431,2,8,https://api-scuda.uat.oci.krungsri.tech/ic/api/v1/customer/juristic/updateprofile,147,0,21
1778856752610,105,GetJoint,200,OK,GetJoint 9-22,text,true,,1431,3530,2,8,https://api-scuda.uat.oci.krungsri.tech/ic/api/v1/customer/joint/getprofile,105,0,20
1778856752462,270,CreateJoint,200,OK,CreateJoint 11-23,text,true,,1813,5959,1,8,https://api-scuda.uat.oci.krungsri.tech/ic/api/v1/customer/joint/createprofile,270,0,21
1778856752490,242,UpdateJuristic,200,OK,UpdateJuristic 8-22,text,true,,799,4426,1,8,https://api-scuda.uat.oci.krungsri.tech/ic/api/v1/customer/juristic/updateprofile,242,0,23
1778856752626,135,UpdateJoint,200,OK,UpdateJoint 12-22,text,true,,800,4525,1,8,https://api-scuda.uat.oci.krungsri.tech/ic/api/v1/customer/joint/updateprofile,135,0,14
1778856752736,36,SearchJoint,200,OK,SearchJoint 10-23,text,true,,621,2627,1,7,https://api-scuda.uat.oci.krungsri.tech/ords/api/v1/customer/joint/searchprofile,36,0,20
1778856752742,44,SearchJuristic,200,OK,SearchJuristic 6-23,text,true,,621,2610,1,7,https://api-scuda.uat.oci.krungsri.tech/ords/api/v1/customer/juristic/searchprofile,44,0,27
1778856752713,87,GetJuristic,200,OK,GetJuristic 5-22,text,true,,3501,3533,1,6,https://api-scuda.uat.oci.krungsri.tech/ic/api/v1/customer/juristic/getprofile,87,0,17
1778856752786,48,SearchIndividual,200,OK,SearchIndividual 2-22,text,true,,620,2612,1,6,https://api-scuda.uat.oci.krungsri.tech/ords/api/v1/customer/individual/searchprofile,48,0,30
1778856752735,121,UpdateIndividual,200,OK,UpdateIndividual 4-23,text,true,,800,4230,1,5,https://api-scuda.uat.oci.krungsri.tech/ic/api/v1/customer/individual/updateprofile,121,0,15
1778856752693,168,GetJoint,200,OK,GetJoint 9-23,text,true,,1429,3530,1,4,https://api-scuda.uat.oci.krungsri.tech/ic/api/v1/customer/joint/getprofile,168,0,21
1778856752414,448,CreateJuristic,201,Created,CreateJuristic 7-23,text,true,,1172,7756,2,3,https://api-scuda.uat.oci.krungsri.tech/ic/api/v1/customer/juristic/createprofile,448,0,17
1778856752519,387,CreateJuristic,201,Created,CreateJuristic 7-24,text,true,,1172,7931,1,8,https://api-scuda.uat.oci.krungsri.tech/ic/api/v1/customer/juristic/createprofile,387,0,19
1778856752901,35,SearchIndividual,200,OK,SearchIndividual 2-23,text,true,,621,2614,2,8,https://api-scuda.uat.oci.krungsri.tech/ords/api/v1/customer/individual/searchprofile,35,0,20
1778856752901,36,SearchJuristic,200,OK,SearchJuristic 6-24,text,true,,621,2611,1,8,https://api-scuda.uat.oci.krungsri.tech/ords/api/v1/customer/juristic/searchprofile,36,0,19
1778856752918,27,SearchIndividual,200,OK,SearchIndividual 2-24,text,true,,621,2635,1,6,https://api-scuda.uat.oci.krungsri.tech/ords/api/v1/customer/individual/searchprofile,27,0,17
1778856752886,113,UpdateJoint,200,OK,UpdateJoint 12-23,text,true,,800,3614,2,9,https://api-scuda.uat.oci.krungsri.tech/ic/api/v1/customer/joint/updateprofile,113,0,18
1778856752906,97,GetJoint,200,OK,GetJoint 9-24,text,true,,1429,3530,1,8,https://api-scuda.uat.oci.krungsri.tech/ic/api/v1/customer/joint/getprofile,97,0,19
1778856752956,98,GetIndividual,200,OK,GetIndividual 1-23,text,true,,3816,3588,2,11,https://api-scuda.uat.oci.krungsri.tech/ic/api/v1/customer/individual/getprofile,98,0,20
1778856753037,31,SearchJoint,200,OK,SearchJoint 10-24,text,true,,621,2627,1,10,https://api-scuda.uat.oci.krungsri.tech/ords/api/v1/customer/joint/searchprofile,30,0,19
1778856752835,235,CreateJoint,200,OK,CreateJoint 11-24,text,true,,1812,5679,1,9,https://api-scuda.uat.oci.krungsri.tech/ic/api/v1/customer/joint/createprofile,235,0,21
1778856752996,95,GetIndividual,200,OK,GetIndividual 1-24,text,true,,3831,3588,1,8,https://api-scuda.uat.oci.krungsri.tech/ic/api/v1/customer/individual/getprofile,95,0,25
1778856752955,140,UpdateJoint,200,OK,UpdateJoint 12-24,text,true,,800,4563,1,7,https://api-scuda.uat.oci.krungsri.tech/ic/api/v1/customer/joint/updateprofile,140,0,19
1778856752978,153,UpdateIndividual,200,OK,UpdateIndividual 4-24,text,true,,799,5599,1,6,https://api-scuda.uat.oci.krungsri.tech/ic/api/v1/customer/individual/updateprofile,153,0,26
1778856753044,93,GetJuristic,200,OK,GetJuristic 5-24,text,true,,3517,3533,2,5,https://api-scuda.uat.oci.krungsri.tech/ic/api/v1/customer/juristic/getprofile,93,0,19
1778856752868,306,CreateIndividual,201,Created,CreateIndividual 3-23,text,true,,1171,8336,2,5,https://api-scuda.uat.oci.krungsri.tech/ic/api/v1/customer/individual/createprofile,306,0,22
1778856753043,145,GetJuristic,200,OK,GetJuristic 5-23,text,true,,3514,3533,2,5,https://api-scuda.uat.oci.krungsri.tech/ic/api/v1/customer/juristic/getprofile,145,0,16
1778856752872,344,CreateIndividual,201,Created,CreateIndividual 3-24,text,true,,1172,8258,1,9,https://api-scuda.uat.oci.krungsri.tech/ic/api/v1/customer/individual/createprofile,344,0,12
1778856753183,34,SearchJuristic,200,OK,SearchJuristic 6-25,text,true,,9402,2606,1,8,https://api-scuda.uat.oci.krungsri.tech/ords/api/v1/customer/juristic/searchprofile,34,0,21
1778856753026,197,UpdateJuristic,200,OK,UpdateJuristic 8-24,text,true,,800,5785,2,7,https://api-scuda.uat.oci.krungsri.tech/ic/api/v1/customer/juristic/updateprofile,197,0,22
1778856753170,97,GetJuristic,200,OK,GetJuristic 5-25,text,true,,3525,3533,2,8,https://api-scuda.uat.oci.krungsri.tech/ic/api/v1/customer/juristic/getprofile,97,0,18
1778856753203,85,GetJuristic,200,OK,GetJuristic 5-26,text,true,,3484,3533,1,7,https://api-scuda.uat.oci.krungsri.tech/ic/api/v1/customer/juristic/getprofile,85,0,11
1778856753209,109,UpdateJoint,200,OK,UpdateJoint 12-25,text,true,,800,3614,1,6,https://api-scuda.uat.oci.krungsri.tech/ic/api/v1/customer/joint/updateprofile,109,0,17
1778856753248,88,GetIndividual,200,OK,GetIndividual 1-25,text,true,,3839,3588,1,6,https://api-scuda.uat.oci.krungsri.tech/ic/api/v1/customer/individual/getprofile,88,0,21
1778856753336,25,SearchJuristic,200,OK,SearchJuristic 6-26,text,true,,621,2607,1,5,https://api-scuda.uat.oci.krungsri.tech/ords/api/v1/customer/juristic/searchprofile,25,0,13
1778856753216,154,UpdateIndividual,200,OK,UpdateIndividual 4-25,text,true,,799,5595,1,4,https://api-scuda.uat.oci.krungsri.tech/ic/api/v1/customer/individual/updateprofile,154,0,21
1778856753210,186,UpdateJuristic,200,OK,UpdateJuristic 8-25,text,true,,800,5708,2,4,https://api-scuda.uat.oci.krungsri.tech/ic/api/v1/customer/juristic/updateprofile,186,0,21
1778856753257,197,UpdateJuristic,200,OK,UpdateJuristic 8-26,text,true,,800,5790,1,4,https://api-scuda.uat.oci.krungsri.tech/ic/api/v1/customer/juristic/updateprofile,197,0,22
1778856753195,344,CreateJuristic,201,Created,CreateJuristic 7-25,text,true,,1172,8047,2,4,https://api-scuda.uat.oci.krungsri.tech/ic/api/v1/customer/juristic/createprofile,344,0,17
1778856753554,30,SearchIndividual,200,OK,SearchIndividual 2-25,text,true,,621,2604,1,6,https://api-scuda.uat.oci.krungsri.tech/ords/api/v1/customer/individual/searchprofile,30,0,19
1778856753513,95,GetJoint,200,OK,GetJoint 9-25,text,true,,1431,3530,1,5,https://api-scuda.uat.oci.krungsri.tech/ic/api/v1/customer/joint/getprofile,95,0,21
1778856753629,29,SearchJoint,200,OK,SearchJoint 10-25,text,true,,621,2627,1,6,https://api-scuda.uat.oci.krungsri.tech/ords/api/v1/customer/joint/searchprofile,29,0,16
1778856753553,109,UpdateIndividual,200,OK,UpdateIndividual 4-26,text,true,,799,4226,2,5,https://api-scuda.uat.oci.krungsri.tech/ic/api/v1/customer/individual/updateprofile,109,0,19
1778856753391,312,CreateIndividual,201,Created,CreateIndividual 3-25,text,true,,1172,8518,1,5,https://api-scuda.uat.oci.krungsri.tech/ic/api/v1/customer/individual/createprofile,312,0,20
1778856753564,193,CreateJoint,200,OK,CreateJoint 11-25,text,true,,1813,5919,1,4,https://api-scuda.uat.oci.krungsri.tech/ic/api/v1/customer/joint/createprofile,193,0,18
1778856753614,153,UpdateIndividual,200,OK,UpdateIndividual 4-27,text,true,,800,5596,1,4,https://api-scuda.uat.oci.krungsri.tech/ic/api/v1/customer/individual/updateprofile,153,0,18
1778856753677,92,GetIndividual,200,OK,GetIndividual 1-26,text,true,,3835,3588,1,4,https://api-scuda.uat.oci.krungsri.tech/ic/api/v1/customer/individual/getprofile,92,0,21
1778856753448,361,CreateJuristic,201,Created,CreateJuristic 7-26,text,true,,1172,7935,1,4,https://api-scuda.uat.oci.krungsri.tech/ic/api/v1/customer/juristic/createprofile,361,0,11
1778856753759,99,GetJoint,200,OK,GetJoint 9-26,text,true,,1429,3530,1,4,https://api-scuda.uat.oci.krungsri.tech/ic/api/v1/customer/joint/getprofile,99,0,19
1778856753804,131,UpdateJoint,200,OK,UpdateJoint 12-26,text,true,,800,4524,2,4,https://api-scuda.uat.oci.krungsri.tech/ic/api/v1/customer/joint/updateprofile,131,0,12
1778856753772,213,CreateJoint,200,OK,CreateJoint 11-26,text,true,,1813,5873,1,9,https://api-scuda.uat.oci.krungsri.tech/ic/api/v1/customer/joint/createprofile,213,0,22
1778856753981,29,SearchJoint,200,OK,SearchJoint 10-26,text,true,,621,2627,2,10,https://api-scuda.uat.oci.krungsri.tech/ords/api/v1/customer/joint/searchprofile,29,0,14
1778856753984,31,SearchIndividual,200,OK,SearchIndividual 2-26,text,true,,621,2613,1,9,https://api-scuda.uat.oci.krungsri.tech/ords/api/v1/customer/individual/searchprofile,31,0,17
1778856753986,35,SearchJoint,200,OK,SearchJoint 10-27,text,true,,621,2627,1,8,https://api-scuda.uat.oci.krungsri.tech/ords/api/v1/customer/joint/searchprofile,35,0,22
1778856753985,38,SearchJuristic,200,OK,SearchJuristic 6-27,text,true,,621,2605,1,7,https://api-scuda.uat.oci.krungsri.tech/ords/api/v1/customer/juristic/searchprofile,38,0,25
1778856753918,144,UpdateJoint,200,OK,UpdateJoint 12-27,text,true,,800,4630,1,8,https://api-scuda.uat.oci.krungsri.tech/ic/api/v1/customer/joint/updateprofile,144,0,17
1778856753977,93,GetJuristic,200,OK,GetJuristic 5-27,text,true,,3536,3533,1,7,https://api-scuda.uat.oci.krungsri.tech/ic/api/v1/customer/juristic/getprofile,93,0,22
1778856753987,99,GetJoint,200,OK,GetJoint 9-27,text,true,,1431,3530,1,6,https://api-scuda.uat.oci.krungsri.tech/ic/api/v1/customer/joint/getprofile,99,0,20
1778856754010,111,GetIndividual,200,OK,GetIndividual 1-27,text,true,,3860,3588,1,7,https://api-scuda.uat.oci.krungsri.tech/ic/api/v1/customer/individual/getprofile,111,0,24
1778856754113,30,SearchIndividual,200,OK,SearchIndividual 2-27,text,true,,621,2613,1,7,https://api-scuda.uat.oci.krungsri.tech/ords/api/v1/customer/individual/searchprofile,30,0,20
1778856753859,301,CreateIndividual,201,Created,CreateIndividual 3-26,text,true,,1172,8753,2,6,https://api-scuda.uat.oci.krungsri.tech/ic/api/v1/customer/individual/createprofile,301,0,17
1778856754063,146,UpdateJuristic,200,OK,UpdateJuristic 8-27,text,true,,800,4427,1,7,https://api-scuda.uat.oci.krungsri.tech/ic/api/v1/customer/juristic/updateprofile,145,0,20
1778856754206,27,SearchJuristic,200,OK,SearchJuristic 6-28,text,true,,621,2611,1,6,https://api-scuda.uat.oci.krungsri.tech/ords/api/v1/customer/juristic/searchprofile,27,0,17
1778856754089,199,CreateJoint,200,OK,CreateJoint 11-27,text,true,,1812,5936,1,9,https://api-scuda.uat.oci.krungsri.tech/ic/api/v1/customer/joint/createprofile,199,0,16
1778856754266,30,SearchJuristic,200,OK,SearchJuristic 6-29,text,true,,621,2611,1,10,https://api-scuda.uat.oci.krungsri.tech/ords/api/v1/customer/juristic/searchprofile,30,0,19
1778856754290,23,SearchIndividual,200,OK,SearchIndividual 2-28,text,true,,621,2613,2,10,https://api-scuda.uat.oci.krungsri.tech/ords/api/v1/customer/individual/searchprofile,23,0,12
1778856753974,346,CreateJuristic,201,Created,CreateJuristic 7-27,text,true,,1172,7992,3,10,https://api-scuda.uat.oci.krungsri.tech/ic/api/v1/customer/juristic/createprofile,346,0,15
1778856754306,31,SearchIndividual,200,OK,SearchIndividual 2-29,text,true,,621,2613,1,11,https://api-scuda.uat.oci.krungsri.tech/ords/api/v1/customer/individual/searchprofile,31,0,19
1778856754314,26,SearchJoint,200,OK,SearchJoint 10-28,text,true,,621,2627,1,10,https://api-scuda.uat.oci.krungsri.tech/ords/api/v1/customer/joint/searchprofile,26,0,15
1778856754243,115,UpdateIndividual,200,OK,UpdateIndividual 4-28,text,true,,800,4227,1,10,https://api-scuda.uat.oci.krungsri.tech/ic/api/v1/customer/individual/updateprofile,115,0,16
1778856754285,88,GetJoint,200,OK,GetJoint 9-28,text,true,,1427,3528,1,9,https://api-scuda.uat.oci.krungsri.tech/ic/api/v1/customer/joint/getprofile,88,0,13
1778856754352,28,SearchJuristic,200,OK,SearchJuristic 6-30,text,true,,621,2602,1,8,https://api-scuda.uat.oci.krungsri.tech/ords/api/v1/customer/juristic/searchprofile,28,0,16
1778856754178,218,GetJuristic,200,OK,GetJuristic 5-28,text,true,,3525,3533,1,7,https://api-scuda.uat.oci.krungsri.tech/ic/api/v1/customer/juristic/getprofile,218,0,18
1778856754050,374,CreateIndividual,201,Created,CreateIndividual 3-27,text,true,,1172,8257,1,7,https://api-scuda.uat.oci.krungsri.tech/ic/api/v1/customer/individual/createprofile,374,0,20
1778856754439,31,SearchJoint,200,OK,SearchJoint 10-29,text,true,,621,2627,2,8,https://api-scuda.uat.oci.krungsri.tech/ords/api/v1/customer/joint/searchprofile,31,0,19
1778856754444,29,SearchJoint,200,OK,SearchJoint 10-30,text,true,,621,2627,1,7,https://api-scuda.uat.oci.krungsri.tech/ords/api/v1/customer/joint/searchprofile,29,0,20
1778856754138,342,CreateJuristic,201,Created,CreateJuristic 7-28,text,true,,1172,8176,2,6,https://api-scuda.uat.oci.krungsri.tech/ic/api/v1/customer/juristic/createprofile,342,0,12
1778856754338,143,UpdateJuristic,200,OK,UpdateJuristic 8-28,text,true,,800,4428,1,5,https://api-scuda.uat.oci.krungsri.tech/ic/api/v1/customer/juristic/updateprofile,143,0,22
1778856754293,198,CreateJoint,200,OK,CreateJoint 11-28,text,true,,1813,6052,2,4,https://api-scuda.uat.oci.krungsri.tech/ic/api/v1/customer/joint/createprofile,198,0,19
1778856754328,207,CreateJoint,200,OK,CreateJoint 11-29,text,true,,1813,5851,1,4,https://api-scuda.uat.oci.krungsri.tech/ic/api/v1/customer/joint/createprofile,207,0,20
1778856754419,176,UpdateIndividual,200,OK,UpdateIndividual 4-29,text,true,,800,5571,1,7,https://api-scuda.uat.oci.krungsri.tech/ic/api/v1/customer/individual/updateprofile,176,0,26
1778856754535,96,GetJuristic,200,OK,GetJuristic 5-29,text,true,,3473,3533,1,8,https://api-scuda.uat.oci.krungsri.tech/ic/api/v1/customer/juristic/getprofile,96,0,21
1778856754289,360,CreateJuristic,201,Created,CreateJuristic 7-29,text,true,,1172,7977,2,9,https://api-scuda.uat.oci.krungsri.tech/ic/api/v1/customer/juristic/createprofile,360,0,17
1778856754604,110,UpdateJoint,200,OK,UpdateJoint 12-28,text,true,,800,3614,1,12,https://api-scuda.uat.oci.krungsri.tech/ic/api/v1/customer/joint/updateprofile,110,0,20
1778856754572,162,UpdateJuristic,200,OK,UpdateJuristic 8-29,text,true,,800,4426,1,12,https://api-scuda.uat.oci.krungsri.tech/ic/api/v1/customer/juristic/updateprofile,162,0,21
1778856754539,212,CreateJoint,200,OK,CreateJoint 11-30,text,true,,1813,5658,2,12,https://api-scuda.uat.oci.krungsri.tech/ic/api/v1/customer/joint/createprofile,212,0,15
1778856754674,87,GetJoint,200,OK,GetJoint 9-29,text,true,,1431,3530,2,12,https://api-scuda.uat.oci.krungsri.tech/ic/api/v1/customer/joint/getprofile,87,0,16
1778856754670,91,GetJuristic,200,OK,GetJuristic 5-30,text,true,,3547,3533,1,12,https://api-scuda.uat.oci.krungsri.tech/ic/api/v1/customer/juristic/getprofile,91,0,16
1778856754672,91,GetIndividual,200,OK,GetIndividual 1-28,text,true,,3853,3588,1,10,https://api-scuda.uat.oci.krungsri.tech/ic/api/v1/customer/individual/getprofile,91,0,19
1778856754639,152,UpdateIndividual,200,OK,UpdateIndividual 4-30,text,true,,800,5600,1,12,https://api-scuda.uat.oci.krungsri.tech/ic/api/v1/customer/individual/updateprofile,152,0,18
1778856754612,202,CreateJoint,200,OK,CreateJoint 11-31,text,true,,1813,5756,1,11,https://api-scuda.uat.oci.krungsri.tech/ic/api/v1/customer/joint/createprofile,202,0,19
1778856754751,83,GetJoint,200,OK,GetJoint 9-30,text,true,,1429,3530,2,11,https://api-scuda.uat.oci.krungsri.tech/ic/api/v1/customer/joint/getprofile,83,0,15
1778856754769,89,GetJoint,200,OK,GetJoint 9-31,text,true,,1431,3530,1,10,https://api-scuda.uat.oci.krungsri.tech/ic/api/v1/customer/joint/getprofile,89,0,20
1778856754828,31,SearchJoint,200,OK,SearchJoint 10-31,text,true,,621,2627,1,9,https://api-scuda.uat.oci.krungsri.tech/ords/api/v1/customer/joint/searchprofile,31,0,19
1778856754564,303,CreateIndividual,201,Created,CreateIndividual 3-28,text,true,,1172,7922,3,8,https://api-scuda.uat.oci.krungsri.tech/ic/api/v1/customer/individual/createprofile,303,0,15
1778856754905,30,SearchJuristic,200,OK,SearchJuristic 6-31,text,true,,621,2645,1,11,https://api-scuda.uat.oci.krungsri.tech/ords/api/v1/customer/juristic/searchprofile,29,0,16
1778856754772,165,UpdateJuristic,200,OK,UpdateJuristic 8-31,text,true,,800,4426,2,10,https://api-scuda.uat.oci.krungsri.tech/ic/api/v1/customer/juristic/updateprofile,165,0,23
1778856754761,183,UpdateJuristic,200,OK,UpdateJuristic 8-30,text,true,,800,5837,1,9,https://api-scuda.uat.oci.krungsri.tech/ic/api/v1/customer/juristic/updateprofile,183,0,18
1778856754638,307,CreateIndividual,201,Created,CreateIndividual 3-29,text,true,,1172,7971,2,9,https://api-scuda.uat.oci.krungsri.tech/ic/api/v1/customer/individual/createprofile,307,0,19
1778856754591,373,CreateJuristic,201,Created,CreateJuristic 7-30,text,true,,1172,8214,2,8,https://api-scuda.uat.oci.krungsri.tech/ic/api/v1/customer/juristic/createprofile,373,0,13
1778856754881,95,GetIndividual,200,OK,GetIndividual 1-29,text,true,,3855,3588,2,7,https://api-scuda.uat.oci.krungsri.tech/ic/api/v1/customer/individual/getprofile,95,0,22
1778856754895,93,GetIndividual,200,OK,GetIndividual 1-30,text,true,,3897,3587,1,7,https://api-scuda.uat.oci.krungsri.tech/ic/api/v1/customer/individual/getprofile,93,0,19
1778856754709,291,CreateIndividual,201,Created,CreateIndividual 3-30,text,true,,1171,8155,1,6,https://api-scuda.uat.oci.krungsri.tech/ic/api/v1/customer/individual/createprofile,291,0,12
1778856754986,22,SearchIndividual,200,OK,SearchIndividual 2-30,text,true,,621,2613,1,5,https://api-scuda.uat.oci.krungsri.tech/ords/api/v1/customer/individual/searchprofile,22,0,11
1778856754783,232,UpdateJoint,200,OK,UpdateJoint 12-29,text,true,,800,4573,3,5,https://api-scuda.uat.oci.krungsri.tech/ic/api/v1/customer/joint/updateprofile,232,0,20
1778856755014,30,SearchIndividual,200,OK,SearchIndividual 2-31,text,true,,621,2638,1,4,https://api-scuda.uat.oci.krungsri.tech/ords/api/v1/customer/individual/searchprofile,30,0,20
1778856754924,131,UpdateJoint,200,OK,UpdateJoint 12-30,text,true,,800,4559,2,5,https://api-scuda.uat.oci.krungsri.tech/ic/api/v1/customer/joint/updateprofile,131,0,16
1778856754725,350,CreateJuristic,201,Created,CreateJuristic 7-31,text,true,,1172,8090,1,5,https://api-scuda.uat.oci.krungsri.tech/ic/api/v1/customer/juristic/createprofile,350,0,18
1778856754966,135,UpdateJoint,200,OK,UpdateJoint 12-31,text,true,,799,4627,1,5,https://api-scuda.uat.oci.krungsri.tech/ic/api/v1/customer/joint/updateprofile,135,0,13
1778856755045,79,GetIndividual,200,OK,GetIndividual 1-31,text,true,,3810,3588,1,4,https://api-scuda.uat.oci.krungsri.tech/ic/api/v1/customer/individual/getprofile,79,0,13
1778856755050,88,GetJuristic,200,OK,GetJuristic 5-31,text,true,,3508,3533,1,5,https://api-scuda.uat.oci.krungsri.tech/ic/api/v1/customer/juristic/getprofile,88,0,12
1778856755083,142,UpdateIndividual,200,OK,UpdateIndividual 4-31,text,true,,799,5558,2,9,https://api-scuda.uat.oci.krungsri.tech/ic/api/v1/customer/individual/updateprofile,142,0,14
1778856755195,90,GetJoint,200,OK,GetJoint 9-32,text,true,,1431,3530,1,11,https://api-scuda.uat.oci.krungsri.tech/ic/api/v1/customer/joint/getprofile,90,0,17
1778856755262,36,SearchJoint,200,OK,SearchJoint 10-32,text,true,,620,2626,1,11,https://api-scuda.uat.oci.krungsri.tech/ords/api/v1/customer/joint/searchprofile,36,0,19
1778856755185,140,UpdateIndividual,200,OK,UpdateIndividual 4-32,text,true,,800,5590,1,10,https://api-scuda.uat.oci.krungsri.tech/ic/api/v1/customer/individual/updateprofile,140,0,18
1778856755246,133,UpdateJuristic,200,OK,UpdateJuristic 8-32,text,true,,800,4426,2,11,https://api-scuda.uat.oci.krungsri.tech/ic/api/v1/customer/juristic/updateprofile,133,0,11
1778856755077,318,CreateIndividual,201,Created,CreateIndividual 3-31,text,true,,1172,8202,3,10,https://api-scuda.uat.oci.krungsri.tech/ic/api/v1/customer/individual/createprofile,318,0,19
1778856755154,299,CreateJoint,200,OK,CreateJoint 11-32,text,true,,1813,5706,3,13,https://api-scuda.uat.oci.krungsri.tech/ic/api/v1/customer/joint/createprofile,299,0,14
1778856755164,297,CreateIndividual,201,Created,CreateIndividual 3-32,text,true,,1172,7867,3,12,https://api-scuda.uat.oci.krungsri.tech/ic/api/v1/customer/individual/createprofile,297,0,15
1778856755441,31,SearchIndividual,200,OK,SearchIndividual 2-32,text,true,,621,2613,1,12,https://api-scuda.uat.oci.krungsri.tech/ords/api/v1/customer/individual/searchprofile,31,0,19
1778856755136,339,CreateJuristic,201,Created,CreateJuristic 7-33,text,true,,1172,8020,2,12,https://api-scuda.uat.oci.krungsri.tech/ic/api/v1/customer/juristic/createprofile,339,0,17
1778856755128,361,CreateJuristic,201,Created,CreateJuristic 7-32,text,true,,1172,7817,1,11,https://api-scuda.uat.oci.krungsri.tech/ic/api/v1/customer/juristic/createprofile,361,0,16
1778856755285,207,CreateJoint,200,OK,CreateJoint 11-33,text,true,,1813,5904,2,10,https://api-scuda.uat.oci.krungsri.tech/ic/api/v1/customer/joint/createprofile,207,0,20
1778856755399,96,GetJoint,200,OK,GetJoint 9-33,text,true,,1431,3530,1,9,https://api-scuda.uat.oci.krungsri.tech/ic/api/v1/customer/joint/getprofile,96,0,18
1778856755183,327,CreateIndividual,201,Created,CreateIndividual 3-33,text,true,,1172,8491,2,8,https://api-scuda.uat.oci.krungsri.tech/ic/api/v1/customer/individual/createprofile,327,0,13
1778856755409,120,UpdateIndividual,200,OK,UpdateIndividual 4-33,text,true,,800,4228,2,8,https://api-scuda.uat.oci.krungsri.tech/ic/api/v1/customer/individual/updateprofile,120,0,21
1778856755382,147,UpdateJuristic,200,OK,UpdateJuristic 8-33,text,true,,800,4426,1,8,https://api-scuda.uat.oci.krungsri.tech/ic/api/v1/customer/juristic/updateprofile,147,0,18
1778856755289,250,CreateJoint,200,OK,CreateJoint 11-34,text,true,,1813,5712,1,7,https://api-scuda.uat.oci.krungsri.tech/ic/api/v1/customer/joint/createprofile,250,0,13
1778856755465,82,GetIndividual,200,OK,GetIndividual 1-32,text,true,,3879,3588,1,6,https://api-scuda.uat.oci.krungsri.tech/ic/api/v1/customer/individual/getprofile,82,0,13
1778856755353,227,GetJuristic,200,OK,GetJuristic 5-32,text,true,,3465,3533,1,6,https://api-scuda.uat.oci.krungsri.tech/ic/api/v1/customer/juristic/getprofile,227,0,20
1778856755476,158,UpdateIndividual,200,OK,UpdateIndividual 4-34,text,true,,800,5537,1,5,https://api-scuda.uat.oci.krungsri.tech/ic/api/v1/customer/individual/updateprofile,158,0,18
1778856755538,102,UpdateJoint,200,OK,UpdateJoint 12-33,text,true,,800,3614,2,4,https://api-scuda.uat.oci.krungsri.tech/ic/api/v1/customer/joint/updateprofile,102,0,18
1778856755530,111,UpdateJoint,200,OK,UpdateJoint 12-32,text,true,,800,3614,1,3,https://api-scuda.uat.oci.krungsri.tech/ic/api/v1/customer/joint/updateprofile,111,0,18
1778856755653,90,GetIndividual,200,OK,GetIndividual 1-33,text,true,,3819,3588,2,6,https://api-scuda.uat.oci.krungsri.tech/ic/api/v1/customer/individual/getprofile,90,0,15
1778856755452,302,CreateIndividual,201,Created,CreateIndividual 3-34,text,true,,1172,8757,1,6,https://api-scuda.uat.oci.krungsri.tech/ic/api/v1/customer/individual/createprofile,302,0,19
1778856755685,89,GetJuristic,200,OK,GetJuristic 5-33,text,true,,3504,3533,1,6,https://api-scuda.uat.oci.krungsri.tech/ic/api/v1/customer/juristic/getprofile,89,0,18
1778856755708,98,GetIndividual,200,OK,GetIndividual 1-34,text,true,,3818,3588,1,8,https://api-scuda.uat.oci.krungsri.tech/ic/api/v1/customer/individual/getprofile,98,0,24
1778856755781,28,SearchIndividual,200,OK,SearchIndividual 2-33,text,true,,621,2614,1,7,https://api-scuda.uat.oci.krungsri.tech/ords/api/v1/customer/individual/searchprofile,28,0,17
1778856755682,141,UpdateJoint,200,OK,UpdateJoint 12-34,text,true,,800,4517,1,7,https://api-scuda.uat.oci.krungsri.tech/ic/api/v1/customer/joint/updateprofile,141,0,18
1778856755784,39,SearchJuristic,200,OK,SearchJuristic 6-32,text,true,,621,2611,1,7,https://api-scuda.uat.oci.krungsri.tech/ords/api/v1/customer/juristic/searchprofile,39,0,25
1778856755819,31,SearchIndividual,200,OK,SearchIndividual 2-34,text,true,,621,2605,1,6,https://api-scuda.uat.oci.krungsri.tech/ords/api/v1/customer/individual/searchprofile,31,0,21
1778856755804,96,GetJuristic,200,OK,GetJuristic 5-34,text,true,,3513,3533,2,8,https://api-scuda.uat.oci.krungsri.tech/ic/api/v1/customer/juristic/getprofile,96,0,24
1778856755554,357,CreateJuristic,201,Created,CreateJuristic 7-34,text,true,,1171,8096,2,8,https://api-scuda.uat.oci.krungsri.tech/ic/api/v1/customer/juristic/createprofile,357,0,18
1778856755751,162,UpdateJuristic,200,OK,UpdateJuristic 8-34,text,true,,800,4425,2,7,https://api-scuda.uat.oci.krungsri.tech/ic/api/v1/customer/juristic/updateprofile,162,0,18
1778856755906,31,SearchIndividual,200,OK,SearchIndividual 2-35,text,true,,621,2600,1,6,https://api-scuda.uat.oci.krungsri.tech/ords/api/v1/customer/individual/searchprofile,31,0,19
1778856755842,96,GetIndividual,200,OK,GetIndividual 1-35,text,true,,3763,3588,1,6,https://api-scuda.uat.oci.krungsri.tech/ic/api/v1/customer/individual/getprofile,96,0,17
1778856755757,195,UpdateJuristic,200,OK,UpdateJuristic 8-35,text,true,,800,5710,1,6,https://api-scuda.uat.oci.krungsri.tech/ic/api/v1/customer/juristic/updateprofile,195,0,16
1778856755867,90,GetJuristic,200,OK,GetJuristic 5-35,text,true,,3478,3533,1,5,https://api-scuda.uat.oci.krungsri.tech/ic/api/v1/customer/juristic/getprofile,90,0,15
1778856755939,36,SearchJuristic,200,OK,SearchJuristic 6-33,text,true,,621,2611,2,5,https://api-scuda.uat.oci.krungsri.tech/ords/api/v1/customer/juristic/searchprofile,36,0,20
1778856755898,95,GetJoint,200,OK,GetJoint 9-34,text,true,,1431,3530,1,6,https://api-scuda.uat.oci.krungsri.tech/ic/api/v1/customer/joint/getprofile,95,0,19
1778856755964,37,SearchJuristic,200,OK,SearchJuristic 6-34,text,true,,621,2612,1,5,https://api-scuda.uat.oci.krungsri.tech/ords/api/v1/customer/juristic/searchprofile,37,0,18
1778856756041,26,SearchJuristic,200,OK,SearchJuristic 6-35,text,true,,620,2606,1,9,https://api-scuda.uat.oci.krungsri.tech/ords/api/v1/customer/juristic/searchprofile,26,0,14
1778856756053,32,SearchJoint,200,OK,SearchJoint 10-33,text,true,,621,2627,3,9,https://api-scuda.uat.oci.krungsri.tech/ords/api/v1/customer/joint/searchprofile,32,0,19
1778856756061,30,SearchJoint,200,OK,SearchJoint 10-34,text,true,,621,2627,2,8,https://api-scuda.uat.oci.krungsri.tech/ords/api/v1/customer/joint/searchprofile,30,0,13
1778856755987,121,UpdateIndividual,200,OK,UpdateIndividual 4-35,text,true,,800,4227,1,7,https://api-scuda.uat.oci.krungsri.tech/ic/api/v1/customer/individual/updateprofile,121,0,19
1778856756074,40,SearchJoint,200,OK,SearchJoint 10-35,text,true,,621,2627,1,6,https://api-scuda.uat.oci.krungsri.tech/ords/api/v1/customer/joint/searchprofile,39,0,19
1778856756017,107,UpdateJoint,200,OK,UpdateJoint 12-35,text,true,,800,3614,1,5,https://api-scuda.uat.oci.krungsri.tech/ic/api/v1/customer/joint/updateprofile,107,0,15
1778856756050,87,GetJoint,200,OK,GetJoint 9-35,text,true,,1431,3530,1,5,https://api-scuda.uat.oci.krungsri.tech/ic/api/v1/customer/joint/getprofile,87,0,17
1778856755944,221,CreateJoint,200,OK,CreateJoint 11-35,text,true,,1813,5947,2,5,https://api-scuda.uat.oci.krungsri.tech/ic/api/v1/customer/joint/createprofile,221,0,13
1778856756193,30,SearchIndividual,200,OK,SearchIndividual 2-36,text,true,,621,2613,1,7,https://api-scuda.uat.oci.krungsri.tech/ords/api/v1/customer/individual/searchprofile,30,0,18
1778856755872,362,CreateJuristic,201,Created,CreateJuristic 7-35,text,true,,1172,8023,1,6,https://api-scuda.uat.oci.krungsri.tech/ic/api/v1/customer/juristic/createprofile,362,0,17
1778856756247,37,SearchJuristic,200,OK,SearchJuristic 6-36,text,true,,621,2611,1,10,https://api-scuda.uat.oci.krungsri.tech/ords/api/v1/customer/juristic/searchprofile,37,0,22
1778856756259,34,SearchIndividual,200,OK,SearchIndividual 2-37,text,true,,620,2621,2,10,https://api-scuda.uat.oci.krungsri.tech/ords/api/v1/customer/individual/searchprofile,34,0,21
1778856756262,32,SearchIndividual,200,OK,SearchIndividual 2-38,text,true,,621,2613,1,9,https://api-scuda.uat.oci.krungsri.tech/ords/api/v1/customer/individual/searchprofile,32,0,20
1778856755993,317,CreateIndividual,201,Created,CreateIndividual 3-35,text,true,,1172,8221,3,8,https://api-scuda.uat.oci.krungsri.tech/ic/api/v1/customer/individual/createprofile,317,0,21
1778856756238,76,GetJuristic,200,OK,GetJuristic 5-36,text,true,,3467,3533,1,7,https://api-scuda.uat.oci.krungsri.tech/ic/api/v1/customer/juristic/getprofile,76,0,16
1778856756175,143,UpdateJuristic,200,OK,UpdateJuristic 8-36,text,true,,800,4425,2,7,https://api-scuda.uat.oci.krungsri.tech/ic/api/v1/customer/juristic/updateprofile,143,0,20
1778856756315,35,SearchJoint,200,OK,SearchJoint 10-36,text,true,,621,2627,1,7,https://api-scuda.uat.oci.krungsri.tech/ords/api/v1/customer/joint/searchprofile,35,0,18
1778856756139,211,CreateJoint,200,OK,CreateJoint 11-36,text,true,,1813,5845,1,6,https://api-scuda.uat.oci.krungsri.tech/ic/api/v1/customer/joint/createprofile,211,0,20
1778856756221,143,UpdateJuristic,200,OK,UpdateJuristic 8-37,text,true,,800,4426,1,5,https://api-scuda.uat.oci.krungsri.tech/ic/api/v1/customer/juristic/updateprofile,143,0,16
1778856756260,131,UpdateJoint,200,OK,UpdateJoint 12-36,text,true,,800,4543,1,4,https://api-scuda.uat.oci.krungsri.tech/ic/api/v1/customer/joint/updateprofile,131,0,20
1778856756398,36,SearchIndividual,200,OK,SearchIndividual 2-39,text,true,,14390,2607,1,7,https://api-scuda.uat.oci.krungsri.tech/ords/api/v1/customer/individual/searchprofile,36,0,22
1778856756144,304,CreateIndividual,201,Created,CreateIndividual 3-36,text,true,,1171,8217,2,7,https://api-scuda.uat.oci.krungsri.tech/ic/api/v1/customer/individual/createprofile,304,0,10
1778856756452,23,SearchJoint,200,OK,SearchJoint 10-37,text,true,,621,2627,1,7,https://api-scuda.uat.oci.krungsri.tech/ords/api/v1/customer/joint/searchprofile,23,0,11
1778856756413,94,GetIndividual,200,OK,GetIndividual 1-36,text,true,,3908,3588,2,8,https://api-scuda.uat.oci.krungsri.tech/ic/api/v1/customer/individual/getprofile,94,0,18
1778856756482,31,SearchJoint,200,OK,SearchJoint 10-38,text,true,,621,2627,1,8,https://api-scuda.uat.oci.krungsri.tech/ords/api/v1/customer/joint/searchprofile,31,0,19
1778856756438,94,GetIndividual,200,OK,GetIndividual 1-37,text,true,,3824,3588,2,7,https://api-scuda.uat.oci.krungsri.tech/ic/api/v1/customer/individual/getprofile,94,0,20
1778856756423,143,UpdateJoint,200,OK,UpdateJoint 12-37,text,true,,800,4554,1,6,https://api-scuda.uat.oci.krungsri.tech/ic/api/v1/customer/joint/updateprofile,143,0,23
1778856756489,96,GetJoint,200,OK,GetJoint 9-36,text,true,,1431,3530,1,6,https://api-scuda.uat.oci.krungsri.tech/ic/api/v1/customer/joint/getprofile,96,0,24
1778856756290,301,CreateIndividual,201,Created,CreateIndividual 3-37,text,true,,1172,8533,1,5,https://api-scuda.uat.oci.krungsri.tech/ic/api/v1/customer/individual/createprofile,301,0,21
1778856756514,87,GetIndividual,200,OK,GetIndividual 1-38,text,true,,3821,3588,1,4,https://api-scuda.uat.oci.krungsri.tech/ic/api/v1/customer/individual/getprofile,87,0,17
1778856756325,345,CreateJuristic,201,Created,CreateJuristic 7-36,text,true,,1172,7615,2,6,https://api-scuda.uat.oci.krungsri.tech/ic/api/v1/customer/juristic/createprofile,345,0,24
1778856756579,141,UpdateJuristic,200,OK,UpdateJuristic 8-38,text,true,,799,4426,2,6,https://api-scuda.uat.oci.krungsri.tech/ic/api/v1/customer/juristic/updateprofile,141,0,18
1778856756642,97,UpdateJoint,200,OK,UpdateJoint 12-38,text,true,,800,3614,1,5,https://api-scuda.uat.oci.krungsri.tech/ic/api/v1/customer/joint/updateprofile,97,0,11
1778856756404,348,CreateJuristic,201,Created,CreateJuristic 7-37,text,true,,1172,7632,1,4,https://api-scuda.uat.oci.krungsri.tech/ic/api/v1/customer/juristic/createprofile,348,0,21
1778856756686,90,GetJoint,200,OK,GetJoint 9-37,text,true,,1431,3530,1,3,https://api-scuda.uat.oci.krungsri.tech/ic/api/v1/customer/joint/getprofile,90,0,21
1778856756632,183,UpdateJuristic,200,OK,UpdateJuristic 8-39,text,true,,800,5752,1,5,https://api-scuda.uat.oci.krungsri.tech/ic/api/v1/customer/juristic/updateprofile,183,0,18
1778856756823,30,SearchJoint,200,OK,SearchJoint 10-39,text,true,,621,2627,1,6,https://api-scuda.uat.oci.krungsri.tech/ords/api/v1/customer/joint/searchprofile,30,0,19
1778856756798,101,GetJoint,200,OK,GetJoint 9-38,text,true,,1429,3530,1,8,https://api-scuda.uat.oci.krungsri.tech/ic/api/v1/customer/joint/getprofile,101,0,27
1778856756619,299,CreateJoint,200,OK,CreateJoint 11-37,text,true,,1813,5678,1,8,https://api-scuda.uat.oci.krungsri.tech/ic/api/v1/customer/joint/createprofile,299,0,21
1778856756780,177,UpdateIndividual,200,OK,UpdateIndividual 4-36,text,true,,800,5674,4,9,https://api-scuda.uat.oci.krungsri.tech/ic/api/v1/customer/individual/updateprofile,177,0,29
1778856756872,100,GetJuristic,200,OK,GetJuristic 5-37,text,true,,3491,3533,2,8,https://api-scuda.uat.oci.krungsri.tech/ic/api/v1/customer/juristic/getprofile,100,0,26
1778856756904,83,GetJoint,200,OK,GetJoint 9-39,text,true,,1429,3530,1,8,https://api-scuda.uat.oci.krungsri.tech/ic/api/v1/customer/joint/getprofile,83,0,18
1778856756852,142,UpdateIndividual,200,OK,UpdateIndividual 4-37,text,true,,800,5596,3,7,https://api-scuda.uat.oci.krungsri.tech/ic/api/v1/customer/individual/updateprofile,142,0,17
1778856756871,138,UpdateIndividual,200,OK,UpdateIndividual 4-39,text,true,,800,4227,2,6,https://api-scuda.uat.oci.krungsri.tech/ic/api/v1/customer/individual/updateprofile,138,0,32
1778856756868,144,UpdateIndividual,200,OK,UpdateIndividual 4-38,text,true,,800,4227,1,6,https://api-scuda.uat.oci.krungsri.tech/ic/api/v1/customer/individual/updateprofile,144,0,28
1778856756938,100,GetJuristic,200,OK,GetJuristic 5-38,text,true,,3473,3533,2,7,https://api-scuda.uat.oci.krungsri.tech/ic/api/v1/customer/juristic/getprofile,100,0,27
1778856756988,96,GetJuristic,200,OK,GetJuristic 5-39,text,true,,3463,3533,1,8,https://api-scuda.uat.oci.krungsri.tech/ic/api/v1/customer/juristic/getprofile,96,0,19
1778856757064,29,SearchJuristic,200,OK,SearchJuristic 6-37,text,true,,621,2615,2,9,https://api-scuda.uat.oci.krungsri.tech/ords/api/v1/customer/juristic/searchprofile,29,0,18
1778856756789,315,CreateIndividual,201,Created,CreateIndividual 3-38,text,true,,1172,7899,2,10,https://api-scuda.uat.oci.krungsri.tech/ic/api/v1/customer/individual/createprofile,315,0,17
1778856757086,26,SearchJuristic,200,OK,SearchJuristic 6-38,text,true,,621,2611,2,9,https://api-scuda.uat.oci.krungsri.tech/ords/api/v1/customer/juristic/searchprofile,26,0,16
1778856757095,29,SearchJuristic,200,OK,SearchJuristic 6-39,text,true,,621,2607,1,9,https://api-scuda.uat.oci.krungsri.tech/ords/api/v1/customer/juristic/searchprofile,29,0,19
1778856756940,207,CreateJoint,200,OK,CreateJoint 11-38,text,true,,1813,5717,2,8,https://api-scuda.uat.oci.krungsri.tech/ic/api/v1/customer/joint/createprofile,207,0,19
1778856757067,91,GetIndividual,200,OK,GetIndividual 1-39,text,true,,3828,3587,1,8,https://api-scuda.uat.oci.krungsri.tech/ic/api/v1/customer/individual/getprofile,91,0,20
1778856757151,25,SearchIndividual,200,OK,SearchIndividual 2-40,text,true,,621,2613,1,9,https://api-scuda.uat.oci.krungsri.tech/ords/api/v1/customer/individual/searchprofile,25,0,15
1778856757101,106,UpdateJoint,200,OK,UpdateJoint 12-39,text,true,,800,3614,1,10,https://api-scuda.uat.oci.krungsri.tech/ic/api/v1/customer/joint/updateprofile,106,0,18
1778856757123,89,GetJuristic,200,OK,GetJuristic 5-40,text,true,,3480,3533,1,9,https://api-scuda.uat.oci.krungsri.tech/ic/api/v1/customer/juristic/getprofile,89,0,20
1778856757189,29,SearchIndividual,200,OK,SearchIndividual 2-41,text,true,,621,2613,1,8,https://api-scuda.uat.oci.krungsri.tech/ords/api/v1/customer/individual/searchprofile,28,0,18
1778856757030,202,CreateJoint,200,OK,CreateJoint 11-39,text,true,,1813,5701,3,9,https://api-scuda.uat.oci.krungsri.tech/ic/api/v1/customer/joint/createprofile,202,0,13
1778856757260,33,SearchJuristic,200,OK,SearchJuristic 6-40,text,true,,621,2648,1,12,https://api-scuda.uat.oci.krungsri.tech/ords/api/v1/customer/juristic/searchprofile,32,0,20
1778856757279,26,SearchIndividual,200,OK,SearchIndividual 2-42,text,true,,620,2601,1,11,https://api-scuda.uat.oci.krungsri.tech/ords/api/v1/customer/individual/searchprofile,26,0,14
1778856757218,91,GetJuristic,200,OK,GetJuristic 5-41,text,true,,3525,3533,1,10,https://api-scuda.uat.oci.krungsri.tech/ic/api/v1/customer/juristic/getprofile,91,0,14
1778856757179,144,UpdateIndividual,200,OK,UpdateIndividual 4-40,text,true,,800,5580,2,9,https://api-scuda.uat.oci.krungsri.tech/ic/api/v1/customer/individual/updateprofile,144,0,14
1778856757014,309,CreateIndividual,201,Created,CreateIndividual 3-39,text,true,,1172,8388,2,8,https://api-scuda.uat.oci.krungsri.tech/ic/api/v1/customer/individual/createprofile,309,0,16
1778856757227,111,UpdateIndividual,200,OK,UpdateIndividual 4-41,text,true,,800,4229,1,8,https://api-scuda.uat.oci.krungsri.tech/ic/api/v1/customer/individual/updateprofile,111,0,17
1778856757328,34,SearchJuristic,200,OK,SearchJuristic 6-41,text,true,,621,2633,1,7,https://api-scuda.uat.oci.krungsri.tech/ords/api/v1/customer/juristic/searchprofile,34,0,21
1778856757175,215,CreateJoint,200,OK,CreateJoint 11-40,text,true,,1813,5862,2,9,https://api-scuda.uat.oci.krungsri.tech/ic/api/v1/customer/joint/createprofile,215,0,21
1778856757022,368,CreateJuristic,201,Created,CreateJuristic 7-38,text,true,,1172,8116,2,9,https://api-scuda.uat.oci.krungsri.tech/ic/api/v1/customer/juristic/createprofile,368,0,17
1778856757188,214,CreateJoint,200,OK,CreateJoint 11-41,text,true,,1813,6093,1,9,https://api-scuda.uat.oci.krungsri.tech/ic/api/v1/customer/joint/createprofile,214,0,20
1778856757398,21,SearchJoint,200,OK,SearchJoint 10-40,text,true,,621,2627,1,8,https://api-scuda.uat.oci.krungsri.tech/ords/api/v1/customer/joint/searchprofile,21,0,11
1778856757375,55,SearchJuristic,200,OK,SearchJuristic 6-42,text,true,,621,2630,1,9,https://api-scuda.uat.oci.krungsri.tech/ords/api/v1/customer/juristic/searchprofile,55,0,44
1778856757095,370,CreateJuristic,201,Created,CreateJuristic 7-39,text,true,,1171,7511,1,10,https://api-scuda.uat.oci.krungsri.tech/ic/api/v1/customer/juristic/createprofile,370,0,19
1778856757436,30,SearchJoint,200,OK,SearchJoint 10-41,text,true,,621,2627,1,9,https://api-scuda.uat.oci.krungsri.tech/ords/api/v1/customer/joint/searchprofile,30,0,19
1778856757390,99,GetIndividual,200,OK,GetIndividual 1-41,text,true,,3872,3588,3,10,https://api-scuda.uat.oci.krungsri.tech/ic/api/v1/customer/individual/getprofile,99,0,16
1778856757386,132,UpdateJoint,200,OK,UpdateJoint 12-40,text,true,,800,3614,2,10,https://api-scuda.uat.oci.krungsri.tech/ic/api/v1/customer/joint/updateprofile,132,0,36
1778856757424,96,GetIndividual,200,OK,GetIndividual 1-42,text,true,,3891,3588,2,9,https://api-scuda.uat.oci.krungsri.tech/ic/api/v1/customer/individual/getprofile,96,0,20
1778856757433,99,GetJuristic,200,OK,GetJuristic 5-42,text,true,,3514,3533,2,8,https://api-scuda.uat.oci.krungsri.tech/ic/api/v1/customer/juristic/getprofile,99,0,21
1778856757278,257,GetIndividual,200,OK,GetIndividual 1-40,text,true,,3813,3588,1,7,https://api-scuda.uat.oci.krungsri.tech/ic/api/v1/customer/individual/getprofile,257,0,20
1778856757401,137,UpdateJoint,200,OK,UpdateJoint 12-41,text,true,,800,4523,1,6,https://api-scuda.uat.oci.krungsri.tech/ic/api/v1/customer/joint/updateprofile,137,0,12
1778856757475,100,GetJuristic,200,OK,GetJuristic 5-43,text,true,,3505,3533,1,6,https://api-scuda.uat.oci.krungsri.tech/ic/api/v1/customer/juristic/getprofile,100,0,33
1778856757427,170,UpdateJuristic,200,OK,UpdateJuristic 8-40,text,true,,800,5782,1,6,https://api-scuda.uat.oci.krungsri.tech/ic/api/v1/customer/juristic/updateprofile,170,0,20
1778856757512,92,GetJoint,200,OK,GetJoint 9-40,text,true,,1431,3530,2,5,https://api-scuda.uat.oci.krungsri.tech/ic/api/v1/customer/joint/getprofile,92,0,18
1778856757540,99,GetJoint,200,OK,GetJoint 9-41,text,true,,1429,3530,1,6,https://api-scuda.uat.oci.krungsri.tech/ic/api/v1/customer/joint/getprofile,99,0,21
1778856757258,392,CreateIndividual,201,Created,CreateIndividual 3-40,text,true,,1172,8371,2,6,https://api-scuda.uat.oci.krungsri.tech/ic/api/v1/customer/individual/createprofile,392,0,23
1778856757641,82,GetIndividual,200,OK,GetIndividual 1-43,text,true,,3851,3588,1,6,https://api-scuda.uat.oci.krungsri.tech/ic/api/v1/customer/individual/getprofile,82,0,13
1778856757705,29,SearchJuristic,200,OK,SearchJuristic 6-43,text,true,,621,2611,1,6,https://api-scuda.uat.oci.krungsri.tech/ords/api/v1/customer/juristic/searchprofile,29,0,17
1778856757624,139,UpdateJoint,200,OK,UpdateJoint 12-42,text,true,,800,4623,1,6,https://api-scuda.uat.oci.krungsri.tech/ic/api/v1/customer/joint/updateprofile,139,0,19
1778856757727,107,UpdateIndividual,200,OK,UpdateIndividual 4-42,text,true,,800,4231,1,6,https://api-scuda.uat.oci.krungsri.tech/ic/api/v1/customer/individual/updateprofile,107,0,17
1778856757827,32,SearchJoint,200,OK,SearchJoint 10-42,text,true,,620,2626,1,7,https://api-scuda.uat.oci.krungsri.tech/ords/api/v1/customer/joint/searchprofile,32,0,21
1778856757492,377,CreateIndividual,201,Created,CreateIndividual 3-41,text,true,,1172,8456,1,7,https://api-scuda.uat.oci.krungsri.tech/ic/api/v1/customer/individual/createprofile,377,0,16
1778856757837,88,GetJoint,200,OK,GetJoint 9-42,text,true,,1429,3530,1,9,https://api-scuda.uat.oci.krungsri.tech/ic/api/v1/customer/joint/getprofile,88,0,15
1778856757611,342,CreateJuristic,201,Created,CreateJuristic 7-41,text,true,,1172,7965,4,9,https://api-scuda.uat.oci.krungsri.tech/ic/api/v1/customer/juristic/createprofile,342,0,15
1778856757597,360,CreateJuristic,201,Created,CreateJuristic 7-40,text,true,,1172,7843,3,8,https://api-scuda.uat.oci.krungsri.tech/ic/api/v1/customer/juristic/createprofile,360,0,18
1778856757765,202,CreateJoint,200,OK,CreateJoint 11-42,text,true,,1813,5728,1,7,https://api-scuda.uat.oci.krungsri.tech/ic/api/v1/customer/joint/createprofile,202,0,19
1778856757871,137,UpdateJuristic,200,OK,UpdateJuristic 8-42,text,true,,800,4426,3,7,https://api-scuda.uat.oci.krungsri.tech/ic/api/v1/customer/juristic/updateprofile,137,0,19
1778856757854,159,UpdateJuristic,200,OK,UpdateJuristic 8-41,text,true,,800,4419,2,6,https://api-scuda.uat.oci.krungsri.tech/ic/api/v1/customer/juristic/updateprofile,159,0,22
1778856757990,36,SearchJoint,200,OK,SearchJoint 10-43,text,true,,621,2627,1,6,https://api-scuda.uat.oci.krungsri.tech/ords/api/v1/customer/joint/searchprofile,36,0,19
1778856757874,189,UpdateJuristic,200,OK,UpdateJuristic 8-43,text,true,,800,5735,1,5,https://api-scuda.uat.oci.krungsri.tech/ic/api/v1/customer/juristic/updateprofile,189,0,14
1778856758024,79,GetJoint,200,OK,GetJoint 9-43,text,true,,1431,3530,1,7,https://api-scuda.uat.oci.krungsri.tech/ic/api/v1/customer/joint/getprofile,79,0,11
1778856758104,35,SearchIndividual,200,OK,SearchIndividual 2-43,text,true,,621,2611,1,11,https://api-scuda.uat.oci.krungsri.tech/ords/api/v1/customer/individual/searchprofile,35,0,14
1778856758139,35,SearchJoint,200,OK,SearchJoint 10-44,text,true,,621,2627,1,12,https://api-scuda.uat.oci.krungsri.tech/ords/api/v1/customer/joint/searchprofile,35,0,24
1778856758159,32,SearchJuristic,200,OK,SearchJuristic 6-44,text,true,,621,2607,1,13,https://api-scuda.uat.oci.krungsri.tech/ords/api/v1/customer/juristic/searchprofile,32,0,23
1778856757888,315,CreateIndividual,201,Created,CreateIndividual 3-42,text,true,,1172,8040,4,15,https://api-scuda.uat.oci.krungsri.tech/ic/api/v1/customer/individual/createprofile,315,0,26
1778856758078,137,UpdateJoint,200,OK,UpdateJoint 12-43,text,true,,800,4518,1,16,https://api-scuda.uat.oci.krungsri.tech/ic/api/v1/customer/joint/updateprofile,137,0,16
1778856758177,42,SearchJoint,200,OK,SearchJoint 10-45,text,true,,621,2627,1,15,https://api-scuda.uat.oci.krungsri.tech/ords/api/v1/customer/joint/searchprofile,41,0,25
1778856758192,39,SearchIndividual,200,OK,SearchIndividual 2-44,text,true,,621,2613,1,16,https://api-scuda.uat.oci.krungsri.tech/ords/api/v1/customer/individual/searchprofile,39,0,28
1778856758204,27,SearchJuristic,200,OK,SearchJuristic 6-45,text,true,,621,2621,1,15,https://api-scuda.uat.oci.krungsri.tech/ords/api/v1/customer/juristic/searchprofile,27,0,17
1778856758095,152,UpdateIndividual,200,OK,UpdateIndividual 4-43,text,true,,800,5615,1,15,https://api-scuda.uat.oci.krungsri.tech/ic/api/v1/customer/individual/updateprofile,152,0,22
1778856757916,363,CreateJuristic,201,Created,CreateJuristic 7-42,text,true,,1171,8323,3,16,https://api-scuda.uat.oci.krungsri.tech/ic/api/v1/customer/juristic/createprofile,363,0,11
1778856758186,93,GetJuristic,200,OK,GetJuristic 5-44,text,true,,3482,3532,2,16,https://api-scuda.uat.oci.krungsri.tech/ic/api/v1/customer/juristic/getprofile,93,0,25
1778856758193,96,GetIndividual,200,OK,GetIndividual 1-44,text,true,,3788,3588,1,14,https://api-scuda.uat.oci.krungsri.tech/ic/api/v1/customer/individual/getprofile,96,0,20
1778856758202,87,GetJuristic,200,OK,GetJuristic 5-45,text,true,,3530,3533,1,14,https://api-scuda.uat.oci.krungsri.tech/ic/api/v1/customer/juristic/getprofile,87,0,13
1778856757942,357,CreateJuristic,201,Created,CreateJuristic 7-43,text,true,,1171,7995,2,15,https://api-scuda.uat.oci.krungsri.tech/ic/api/v1/customer/juristic/createprofile,357,0,24
1778856758229,86,GetJoint,200,OK,GetJoint 9-44,text,true,,1431,3530,1,14,https://api-scuda.uat.oci.krungsri.tech/ic/api/v1/customer/joint/getprofile,86,0,18
1778856758113,226,CreateJoint,200,OK,CreateJoint 11-43,text,true,,1813,5985,3,14,https://api-scuda.uat.oci.krungsri.tech/ic/api/v1/customer/joint/createprofile,226,0,22
1778856758222,122,UpdateJoint,200,OK,UpdateJoint 12-44,text,true,,800,3614,1,15,https://api-scuda.uat.oci.krungsri.tech/ic/api/v1/customer/joint/updateprofile,122,0,27
1778856758295,96,GetIndividual,200,OK,GetIndividual 1-45,text,true,,3862,3588,1,14,https://api-scuda.uat.oci.krungsri.tech/ic/api/v1/customer/individual/getprofile,96,0,15
1778856758249,181,UpdateJuristic,200,OK,UpdateJuristic 8-44,text,true,,800,5709,2,15,https://api-scuda.uat.oci.krungsri.tech/ic/api/v1/customer/juristic/updateprofile,181,0,21
1778856758345,90,GetJoint,200,OK,GetJoint 9-45,text,true,,1431,3530,1,14,https://api-scuda.uat.oci.krungsri.tech/ic/api/v1/customer/joint/getprofile,90,0,21
1778856758294,152,UpdateIndividual,200,OK,UpdateIndividual 4-44,text,true,,800,5611,2,13,https://api-scuda.uat.oci.krungsri.tech/ic/api/v1/customer/individual/updateprofile,152,0,19
1778856758176,272,CreateJoint,200,OK,CreateJoint 11-44,text,true,,1813,5738,3,12,https://api-scuda.uat.oci.krungsri.tech/ic/api/v1/customer/joint/createprofile,272,0,15
1778856758301,157,UpdateIndividual,200,OK,UpdateIndividual 4-45,text,true,,799,5561,1,12,https://api-scuda.uat.oci.krungsri.tech/ic/api/v1/customer/individual/updateprofile,157,0,17
1778856758281,179,UpdateJuristic,200,OK,UpdateJuristic 8-45,text,true,,798,5825,1,11,https://api-scuda.uat.oci.krungsri.tech/ic/api/v1/customer/juristic/updateprofile,179,0,15
1778856758134,348,CreateIndividual,201,Created,CreateIndividual 3-45,text,true,,1172,8831,5,11,https://api-scuda.uat.oci.krungsri.tech/ic/api/v1/customer/individual/createprofile,348,0,32
1778856758453,32,SearchIndividual,200,OK,SearchIndividual 2-45,text,true,,621,2600,1,10,https://api-scuda.uat.oci.krungsri.tech/ords/api/v1/customer/individual/searchprofile,32,0,21
1778856758123,363,CreateIndividual,201,Created,CreateIndividual 3-43,text,true,,1172,8116,4,9,https://api-scuda.uat.oci.krungsri.tech/ic/api/v1/customer/individual/createprofile,363,0,33
1778856758464,29,SearchJuristic,200,OK,SearchJuristic 6-46,text,true,,621,2607,1,8,https://api-scuda.uat.oci.krungsri.tech/ords/api/v1/customer/juristic/searchprofile,29,0,19
1778856758212,294,CreateIndividual,201,Created,CreateIndividual 3-46,text,true,,1172,8017,3,8,https://api-scuda.uat.oci.krungsri.tech/ic/api/v1/customer/individual/createprofile,294,0,19
1778856758424,102,UpdateJoint,200,OK,UpdateJoint 12-45,text,true,,800,3614,1,8,https://api-scuda.uat.oci.krungsri.tech/ic/api/v1/customer/joint/updateprofile,102,0,20
1778856758521,30,SearchIndividual,200,OK,SearchIndividual 2-46,text,true,,621,2613,2,8,https://api-scuda.uat.oci.krungsri.tech/ords/api/v1/customer/individual/searchprofile,30,0,19
1778856758549,32,SearchIndividual,200,OK,SearchIndividual 2-47,text,true,,621,2613,1,8,https://api-scuda.uat.oci.krungsri.tech/ords/api/v1/customer/individual/searchprofile,32,0,21
1778856758330,266,CreateJoint,200,OK,CreateJoint 11-45,text,true,,1812,5946,2,7,https://api-scuda.uat.oci.krungsri.tech/ic/api/v1/customer/joint/createprofile,266,0,14
1778856758579,24,SearchJoint,200,OK,SearchJoint 10-46,text,true,,621,2627,2,7,https://api-scuda.uat.oci.krungsri.tech/ords/api/v1/customer/joint/searchprofile,24,0,14
1778856758600,34,SearchJoint,200,OK,SearchJoint 10-47,text,true,,621,2627,1,6,https://api-scuda.uat.oci.krungsri.tech/ords/api/v1/customer/joint/searchprofile,34,0,22
1778856758343,295,CreateJoint,200,OK,CreateJoint 11-46,text,true,,1813,5868,2,6,https://api-scuda.uat.oci.krungsri.tech/ic/api/v1/customer/joint/createprofile,295,0,21
1778856758504,172,UpdateJuristic,200,OK,UpdateJuristic 8-46,text,true,,800,5704,2,8,https://api-scuda.uat.oci.krungsri.tech/ic/api/v1/customer/juristic/updateprofile,172,0,18
1778856758405,316,CreateIndividual,201,Created,CreateIndividual 3-47,text,true,,1172,8721,2,13,https://api-scuda.uat.oci.krungsri.tech/ic/api/v1/customer/individual/createprofile,316,0,28
1778856758134,600,CreateIndividual,201,Created,CreateIndividual 3-44,text,true,,1172,8210,1,12,https://api-scuda.uat.oci.krungsri.tech/ic/api/v1/customer/individual/createprofile,600,0,24
1778856758702,33,SearchIndividual,200,OK,SearchIndividual 2-48,text,true,,621,2631,1,11,https://api-scuda.uat.oci.krungsri.tech/ords/api/v1/customer/individual/searchprofile,33,0,21
1778856758653,90,GetIndividual,200,OK,GetIndividual 1-46,text,true,,3853,3588,2,10,https://api-scuda.uat.oci.krungsri.tech/ic/api/v1/customer/individual/getprofile,90,0,22
1778856758272,491,CreateJuristic,201,Created,CreateJuristic 7-44,text,true,,1172,7975,2,10,https://api-scuda.uat.oci.krungsri.tech/ic/api/v1/customer/juristic/createprofile,491,0,18
1778856758688,90,GetJoint,200,OK,GetJoint 9-46,text,true,,1431,3530,1,9,https://api-scuda.uat.oci.krungsri.tech/ic/api/v1/customer/joint/getprofile,90,0,13
1778856758643,159,UpdateIndividual,200,OK,UpdateIndividual 4-46,text,true,,800,5622,2,9,https://api-scuda.uat.oci.krungsri.tech/ic/api/v1/customer/individual/updateprofile,159,0,20
1778856758700,106,GetIndividual,200,OK,GetIndividual 1-47,text,true,,3822,3588,1,8,https://api-scuda.uat.oci.krungsri.tech/ic/api/v1/customer/individual/getprofile,106,0,16
1778856758713,107,UpdateJoint,200,OK,UpdateJoint 12-46,text,true,,799,3613,1,7,https://api-scuda.uat.oci.krungsri.tech/ic/api/v1/customer/joint/updateprofile,107,0,19
1778856758666,162,UpdateJuristic,200,OK,UpdateJuristic 8-47,text,true,,800,4419,1,7,https://api-scuda.uat.oci.krungsri.tech/ic/api/v1/customer/juristic/updateprofile,162,0,16
1778856758757,86,GetJuristic,200,OK,GetJuristic 5-46,text,true,,3456,3533,1,7,https://api-scuda.uat.oci.krungsri.tech/ic/api/v1/customer/juristic/getprofile,86,0,18
1778856758703,157,UpdateIndividual,200,OK,UpdateIndividual 4-47,text,true,,800,5575,1,6,https://api-scuda.uat.oci.krungsri.tech/ic/api/v1/customer/individual/updateprofile,157,0,22
1778856758641,225,CreateJoint,200,OK,CreateJoint 11-47,text,true,,1813,5716,1,5,https://api-scuda.uat.oci.krungsri.tech/ic/api/v1/customer/joint/createprofile,225,0,23
1778856758835,92,GetJoint,200,OK,GetJoint 9-47,text,true,,1429,3530,1,7,https://api-scuda.uat.oci.krungsri.tech/ic/api/v1/customer/joint/getprofile,92,0,19
1778856758918,36,SearchJoint,200,OK,SearchJoint 10-48,text,true,,620,2626,1,8,https://api-scuda.uat.oci.krungsri.tech/ords/api/v1/customer/joint/searchprofile,36,0,21
1778856758938,34,SearchJuristic,200,OK,SearchJuristic 6-47,text,true,,621,2603,1,7,https://api-scuda.uat.oci.krungsri.tech/ords/api/v1/customer/juristic/searchprofile,33,0,19
1778856758899,97,GetJuristic,200,OK,GetJuristic 5-47,text,true,,3485,3533,1,7,https://api-scuda.uat.oci.krungsri.tech/ic/api/v1/customer/juristic/getprofile,97,0,17
1778856758930,121,UpdateJoint,200,OK,UpdateJoint 12-47,text,true,,800,3614,2,9,https://api-scuda.uat.oci.krungsri.tech/ic/api/v1/customer/joint/updateprofile,121,0,22
1778856758979,84,GetJoint,200,OK,GetJoint 9-48,text,true,,1429,3530,1,8,https://api-scuda.uat.oci.krungsri.tech/ic/api/v1/customer/joint/getprofile,84,0,15
1778856759049,21,SearchJuristic,200,OK,SearchJuristic 6-48,text,true,,621,2611,1,7,https://api-scuda.uat.oci.krungsri.tech/ords/api/v1/customer/juristic/searchprofile,20,0,10
1778856758706,366,CreateJuristic,201,Created,CreateJuristic 7-45,text,true,,1172,7622,3,6,https://api-scuda.uat.oci.krungsri.tech/ic/api/v1/customer/juristic/createprofile,366,0,21
1778856758885,213,CreateJoint,200,OK,CreateJoint 11-48,text,true,,1813,6091,1,9,https://api-scuda.uat.oci.krungsri.tech/ic/api/v1/customer/joint/createprofile,213,0,19
