timeStamp,elapsed,label,responseCode,responseMessage,threadName,dataType,success,failureMessage,bytes,sentBytes,grpThreads,allThreads,URL,Latency,IdleTime,Connect
1778851990060,809,Get Token,200,OK,SearchJuristic 6-2,text,true,,2894,426,4,40,https://api-scuda.uat.oci.krungsri.tech/oauth2/v1/token,809,0,689
1778851990060,773,Get Token,200,OK,SearchIndividual 2-2,text,true,,2894,426,3,40,https://api-scuda.uat.oci.krungsri.tech/oauth2/v1/token,770,0,693
1778851990783,86,Get Token,200,OK,UpdateIndividual 4-4,text,true,,3684,522,4,40,https://api-scuda.uat.oci.krungsri.tech/oauth2/v1/token,86,0,25
1778851990059,786,Get Token,200,OK,GetJuristic 5-1,text,true,,3684,522,3,40,https://api-scuda.uat.oci.krungsri.tech/oauth2/v1/token,786,0,693
1778851990060,797,Get Token,200,OK,CreateJoint 11-2,text,true,,3684,522,4,40,https://api-scuda.uat.oci.krungsri.tech/oauth2/v1/token,797,0,688
1778851990060,783,Get Token,200,OK,GetJoint 9-2,text,true,,3684,522,4,40,https://api-scuda.uat.oci.krungsri.tech/oauth2/v1/token,783,0,688
1778851990062,772,Get Token,200,OK,UpdateJoint 12-3,text,true,,3684,522,3,40,https://api-scuda.uat.oci.krungsri.tech/oauth2/v1/token,763,0,686
1778851990064,770,Get Token,200,OK,UpdateIndividual 4-2,text,true,,3684,522,4,40,https://api-scuda.uat.oci.krungsri.tech/oauth2/v1/token,763,0,684
1778851990063,796,Get Token,200,OK,UpdateJoint 12-1,text,true,,3684,522,3,40,https://api-scuda.uat.oci.krungsri.tech/oauth2/v1/token,796,0,686
1778851990060,798,Get Token,200,OK,SearchIndividual 2-1,text,true,,2894,426,3,40,https://api-scuda.uat.oci.krungsri.tech/oauth2/v1/token,798,0,689
1778851990061,793,Get Token,200,OK,GetJoint 9-3,text,true,,3684,522,4,40,https://api-scuda.uat.oci.krungsri.tech/oauth2/v1/token,793,0,687
1778851990060,783,Get Token,200,OK,SearchJoint 10-2,text,true,,2894,426,3,40,https://api-scuda.uat.oci.krungsri.tech/oauth2/v1/token,783,0,688
1778851990064,790,Get Token,200,OK,GetJuristic 5-2,text,true,,3684,522,3,40,https://api-scuda.uat.oci.krungsri.tech/oauth2/v1/token,790,0,685
1778851990062,808,Get Token,200,OK,UpdateJuristic 8-1,text,true,,3684,522,3,40,https://api-scuda.uat.oci.krungsri.tech/oauth2/v1/token,808,0,686
1778851990356,511,Get Token,200,OK,SearchJuristic 6-3,text,true,,2894,426,4,40,https://api-scuda.uat.oci.krungsri.tech/oauth2/v1/token,511,0,390
1778851990063,792,Get Token,200,OK,CreateJoint 11-1,text,true,,3684,522,4,40,https://api-scuda.uat.oci.krungsri.tech/oauth2/v1/token,792,0,685
1778851990064,795,Get Token,200,OK,UpdateJuristic 8-2,text,true,,3684,522,3,40,https://api-scuda.uat.oci.krungsri.tech/oauth2/v1/token,795,0,685
1778851990064,804,Get Token,200,OK,SearchJoint 10-3,text,true,,2894,426,3,40,https://api-scuda.uat.oci.krungsri.tech/oauth2/v1/token,804,0,684
1778851990059,790,Get Token,200,OK,SearchIndividual 2-3,text,true,,2894,426,3,40,https://api-scuda.uat.oci.krungsri.tech/oauth2/v1/token,790,0,690
1778851990060,774,Get Token,200,OK,GetJoint 9-1,text,true,,3684,522,4,40,https://api-scuda.uat.oci.krungsri.tech/oauth2/v1/token,758,0,697
1778851990060,774,Get Token,200,OK,UpdateIndividual 4-1,text,true,,3684,522,4,40,https://api-scuda.uat.oci.krungsri.tech/oauth2/v1/token,769,0,688
1778851990189,644,Get Token,200,OK,GetIndividual 1-3,text,true,,3684,522,3,40,https://api-scuda.uat.oci.krungsri.tech/oauth2/v1/token,641,0,562
1778851990060,772,Get Token,200,OK,CreateJoint 11-3,text,true,,3684,522,4,40,https://api-scuda.uat.oci.krungsri.tech/oauth2/v1/token,755,0,691
1778851990486,372,Get Token,200,OK,CreateJoint 11-4,text,true,,3684,522,4,40,https://api-scuda.uat.oci.krungsri.tech/oauth2/v1/token,372,0,265
1778851990060,796,Get Token,200,OK,CreateIndividual 3-1,text,true,,3684,522,3,40,https://api-scuda.uat.oci.krungsri.tech/oauth2/v1/token,796,0,688
1778851990064,810,Get Token,200,OK,GetIndividual 1-1,text,true,,3684,522,3,40,https://api-scuda.uat.oci.krungsri.tech/oauth2/v1/token,810,0,685
1778851990061,772,Get Token,200,OK,SearchJuristic 6-1,text,true,,2894,426,4,40,https://api-scuda.uat.oci.krungsri.tech/oauth2/v1/token,769,0,689
1778851990060,814,Get Token,200,OK,UpdateJoint 12-2,text,true,,3684,522,3,40,https://api-scuda.uat.oci.krungsri.tech/oauth2/v1/token,814,0,688
1778851990060,814,Get Token,200,OK,SearchJoint 10-1,text,true,,2894,426,3,40,https://api-scuda.uat.oci.krungsri.tech/oauth2/v1/token,814,0,694
1778851990059,775,Get Token,200,OK,CreateIndividual 3-2,text,true,,3684,522,3,40,https://api-scuda.uat.oci.krungsri.tech/oauth2/v1/token,768,0,689
1778851990064,828,Get Token,200,OK,CreateIndividual 3-3,text,true,,3684,522,3,40,https://api-scuda.uat.oci.krungsri.tech/oauth2/v1/token,828,0,685
1778851990480,413,Get Token,200,OK,GetJoint 9-4,text,true,,3684,522,4,40,https://api-scuda.uat.oci.krungsri.tech/oauth2/v1/token,413,0,269
1778851990757,137,Get Token,200,OK,SearchJuristic 6-4,text,true,,2894,426,4,40,https://api-scuda.uat.oci.krungsri.tech/oauth2/v1/token,137,0,33
1778851990063,836,Get Token,200,OK,GetIndividual 1-2,text,true,,3684,522,3,40,https://api-scuda.uat.oci.krungsri.tech/oauth2/v1/token,836,0,685
1778851990060,840,Get Token,200,OK,CreateJuristic 7-2,text,true,,3684,522,3,40,https://api-scuda.uat.oci.krungsri.tech/oauth2/v1/token,840,0,688
1778851990060,843,Get Token,200,OK,CreateJuristic 7-1,text,true,,3684,522,3,40,https://api-scuda.uat.oci.krungsri.tech/oauth2/v1/token,843,0,690
1778851990061,842,Get Token,200,OK,UpdateJuristic 8-3,text,true,,3684,522,3,40,https://api-scuda.uat.oci.krungsri.tech/oauth2/v1/token,842,0,687
1778851990359,548,Get Token,200,OK,CreateJuristic 7-3,text,true,,3684,522,3,40,https://api-scuda.uat.oci.krungsri.tech/oauth2/v1/token,548,0,390
1778851990357,552,Get Token,200,OK,GetJuristic 5-3,text,true,,3684,522,3,40,https://api-scuda.uat.oci.krungsri.tech/oauth2/v1/token,552,0,392
1778851990060,850,Get Token,200,OK,UpdateIndividual 4-3,text,true,,3684,522,4,40,https://api-scuda.uat.oci.krungsri.tech/oauth2/v1/token,850,0,692
1778851991981,49,SearchIndividual,200,OK,SearchIndividual 2-4,text,true,,621,2649,4,55,https://api-scuda.uat.oci.krungsri.tech/ords/api/v1/customer/individual/searchprofile,49,0,34
1778851992007,25,SearchJuristic,200,OK,SearchJuristic 6-3,text,true,,621,2611,5,55,https://api-scuda.uat.oci.krungsri.tech/ords/api/v1/customer/juristic/searchprofile,24,0,0
1778851992004,20,SearchIndividual,200,OK,SearchIndividual 2-3,text,true,,621,2613,4,55,https://api-scuda.uat.oci.krungsri.tech/ords/api/v1/customer/individual/searchprofile,20,0,0
1778851991986,40,SearchJoint,200,OK,SearchJoint 10-4,text,true,,621,2627,4,55,https://api-scuda.uat.oci.krungsri.tech/ords/api/v1/customer/joint/searchprofile,40,0,24
1778851992001,22,SearchJoint,200,OK,SearchJoint 10-1,text,true,,621,2627,4,55,https://api-scuda.uat.oci.krungsri.tech/ords/api/v1/customer/joint/searchprofile,22,0,0
1778851991983,39,SearchJoint,200,OK,SearchJoint 10-2,text,true,,621,2627,4,55,https://api-scuda.uat.oci.krungsri.tech/ords/api/v1/customer/joint/searchprofile,39,0,0
1778851991992,37,SearchJuristic,200,OK,SearchJuristic 6-5,text,true,,621,2605,5,55,https://api-scuda.uat.oci.krungsri.tech/ords/api/v1/customer/juristic/searchprofile,37,0,23
1778851992004,14,SearchJuristic,200,OK,SearchJuristic 6-2,text,true,,621,2645,5,55,https://api-scuda.uat.oci.krungsri.tech/ords/api/v1/customer/juristic/searchprofile,14,0,0
1778851992005,13,SearchIndividual,200,OK,SearchIndividual 2-1,text,true,,621,2613,4,55,https://api-scuda.uat.oci.krungsri.tech/ords/api/v1/customer/individual/searchprofile,13,0,0
1778851991980,34,SearchJuristic,200,OK,SearchJuristic 6-1,text,true,,621,2621,5,55,https://api-scuda.uat.oci.krungsri.tech/ords/api/v1/customer/juristic/searchprofile,31,0,0
1778851991981,40,SearchJuristic,200,OK,SearchJuristic 6-4,text,true,,621,2603,5,55,https://api-scuda.uat.oci.krungsri.tech/ords/api/v1/customer/juristic/searchprofile,40,0,0
1778851991984,30,SearchIndividual,200,OK,SearchIndividual 2-2,text,true,,621,2613,4,55,https://api-scuda.uat.oci.krungsri.tech/ords/api/v1/customer/individual/searchprofile,27,0,0
1778851992550,35,SearchIndividual,200,OK,SearchIndividual 2-5,text,true,,621,2613,5,60,https://api-scuda.uat.oci.krungsri.tech/ords/api/v1/customer/individual/searchprofile,35,0,24
1778851992550,27,SearchJoint,200,OK,SearchJoint 10-5,text,true,,621,2627,5,60,https://api-scuda.uat.oci.krungsri.tech/ords/api/v1/customer/joint/searchprofile,27,0,14
1778851991987,30,SearchJoint,200,OK,SearchJoint 10-3,text,true,,621,2627,4,55,https://api-scuda.uat.oci.krungsri.tech/ords/api/v1/customer/joint/searchprofile,30,0,0
1778851991996,73,GetJoint,200,OK,GetJoint 9-1,text,true,,1429,3530,5,55,https://api-scuda.uat.oci.krungsri.tech/ic/api/v1/customer/joint/getprofile,73,0,0
1778851991986,351,GetJoint,200,OK,GetJoint 9-4,text,true,,1431,3530,5,58,https://api-scuda.uat.oci.krungsri.tech/ic/api/v1/customer/joint/getprofile,350,0,0
1778851991999,113,GetJoint,200,OK,GetJoint 9-5,text,true,,1431,3530,5,56,https://api-scuda.uat.oci.krungsri.tech/ic/api/v1/customer/joint/getprofile,113,0,40
1778851991991,85,GetJoint,200,OK,GetJoint 9-3,text,true,,1429,3530,5,55,https://api-scuda.uat.oci.krungsri.tech/ic/api/v1/customer/joint/getprofile,85,0,0
1778851992002,77,GetJoint,200,OK,GetJoint 9-2,text,true,,1429,3530,5,56,https://api-scuda.uat.oci.krungsri.tech/ic/api/v1/customer/joint/getprofile,77,0,0
1778851991988,82,GetJuristic,200,OK,GetJuristic 5-3,text,true,,3460,3533,5,55,https://api-scuda.uat.oci.krungsri.tech/ic/api/v1/customer/juristic/getprofile,82,0,0
1778851991983,94,GetJuristic,200,OK,GetJuristic 5-2,text,true,,3512,3533,5,55,https://api-scuda.uat.oci.krungsri.tech/ic/api/v1/customer/juristic/getprofile,94,0,0
1778851991988,117,GetJuristic,200,OK,GetJuristic 5-5,text,true,,3487,3533,5,56,https://api-scuda.uat.oci.krungsri.tech/ic/api/v1/customer/juristic/getprofile,116,0,30
1778851991988,92,GetJuristic,200,OK,GetJuristic 5-1,text,true,,3476,3533,5,56,https://api-scuda.uat.oci.krungsri.tech/ic/api/v1/customer/juristic/getprofile,92,0,0
1778851992004,92,GetJuristic,200,OK,GetJuristic 5-4,text,true,,3534,3533,5,56,https://api-scuda.uat.oci.krungsri.tech/ic/api/v1/customer/juristic/getprofile,92,0,15
1778851992747,50,SearchJoint,200,OK,SearchJoint 10-6,text,true,,621,2627,1,36,https://api-scuda.uat.oci.krungsri.tech/ords/api/v1/customer/joint/searchprofile,50,0,28
1778851991997,83,GetIndividual,200,OK,GetIndividual 1-2,text,true,,3859,3588,5,56,https://api-scuda.uat.oci.krungsri.tech/ic/api/v1/customer/individual/getprofile,83,0,0
1778851992335,102,GetIndividual,200,OK,GetIndividual 1-5,text,true,,3893,3588,5,60,https://api-scuda.uat.oci.krungsri.tech/ic/api/v1/customer/individual/getprofile,102,0,24
1778851991992,110,GetIndividual,200,OK,GetIndividual 1-4,text,true,,3823,3588,5,56,https://api-scuda.uat.oci.krungsri.tech/ic/api/v1/customer/individual/getprofile,110,0,27
1778851991981,98,GetIndividual,200,OK,GetIndividual 1-1,text,true,,3854,3588,5,56,https://api-scuda.uat.oci.krungsri.tech/ic/api/v1/customer/individual/getprofile,98,0,0
1778851992004,79,GetIndividual,200,OK,GetIndividual 1-3,text,true,,3875,3588,5,56,https://api-scuda.uat.oci.krungsri.tech/ic/api/v1/customer/individual/getprofile,79,0,0
1778851992818,31,SearchIndividual,200,OK,SearchIndividual 2-6,text,true,,620,2645,1,34,https://api-scuda.uat.oci.krungsri.tech/ords/api/v1/customer/individual/searchprofile,31,0,21
1778851992824,124,GetJuristic,200,OK,GetJuristic 5-6,text,true,,3497,3533,1,33,https://api-scuda.uat.oci.krungsri.tech/ic/api/v1/customer/juristic/getprofile,124,0,41
1778851992811,266,GetIndividual,200,OK,GetIndividual 1-6,text,true,,3861,3588,1,33,https://api-scuda.uat.oci.krungsri.tech/ic/api/v1/customer/individual/getprofile,266,0,16
1778851993078,28,SearchJuristic,200,OK,SearchJuristic 6-6,text,true,,621,2624,1,32,https://api-scuda.uat.oci.krungsri.tech/ords/api/v1/customer/juristic/searchprofile,28,0,18
1778851992985,124,UpdateJoint,200,OK,UpdateJoint 12-3,text,true,,800,4485,5,32,https://api-scuda.uat.oci.krungsri.tech/ic/api/v1/customer/joint/updateprofile,124,0,0
1778851992985,137,UpdateJoint,200,OK,UpdateJoint 12-2,text,true,,800,4554,4,31,https://api-scuda.uat.oci.krungsri.tech/ic/api/v1/customer/joint/updateprofile,137,0,0
1778851992985,140,UpdateJoint,200,OK,UpdateJoint 12-1,text,true,,800,4558,4,31,https://api-scuda.uat.oci.krungsri.tech/ic/api/v1/customer/joint/updateprofile,140,0,0
1778851992985,144,UpdateJoint,200,OK,UpdateJoint 12-4,text,true,,800,4603,3,30,https://api-scuda.uat.oci.krungsri.tech/ic/api/v1/customer/joint/updateprofile,144,0,25
1778851993022,164,CreateJoint,200,OK,CreateJoint 11-3,text,true,,1813,6027,6,30,https://api-scuda.uat.oci.krungsri.tech/ic/api/v1/customer/joint/createprofile,164,0,0
1778851993022,184,CreateJoint,200,OK,CreateJoint 11-2,text,true,,1813,6007,5,29,https://api-scuda.uat.oci.krungsri.tech/ic/api/v1/customer/joint/createprofile,184,0,0
1778851993023,182,CreateJoint,200,OK,CreateJoint 11-4,text,true,,1813,6121,5,29,https://api-scuda.uat.oci.krungsri.tech/ic/api/v1/customer/joint/createprofile,182,0,0
1778851993024,191,CreateJoint,200,OK,CreateJoint 11-1,text,true,,1813,5701,3,27,https://api-scuda.uat.oci.krungsri.tech/ic/api/v1/customer/joint/createprofile,191,0,0
1778851993022,208,CreateJoint,200,OK,CreateJoint 11-6,text,true,,1813,5766,2,26,https://api-scuda.uat.oci.krungsri.tech/ic/api/v1/customer/joint/createprofile,208,0,26
1778851993022,208,CreateJoint,200,OK,CreateJoint 11-5,text,true,,1813,5875,2,26,https://api-scuda.uat.oci.krungsri.tech/ic/api/v1/customer/joint/createprofile,208,0,16
1778851993162,141,UpdateJoint,200,OK,UpdateJoint 12-6,text,true,,800,4632,2,25,https://api-scuda.uat.oci.krungsri.tech/ic/api/v1/customer/joint/updateprofile,141,0,26
1778851992985,353,UpdateJoint,200,OK,UpdateJoint 12-5,text,true,,800,4470,1,24,https://api-scuda.uat.oci.krungsri.tech/ic/api/v1/customer/joint/updateprofile,353,0,28
1778851993386,171,UpdateIndividual,200,OK,UpdateIndividual 4-4,text,true,,800,5508,6,26,https://api-scuda.uat.oci.krungsri.tech/ic/api/v1/customer/individual/updateprofile,171,0,0
1778851993406,176,GetJoint,200,OK,GetJoint 9-6,text,true,,1431,3530,1,25,https://api-scuda.uat.oci.krungsri.tech/ic/api/v1/customer/joint/getprofile,176,0,23
1778851993386,228,UpdateJuristic,200,OK,UpdateJuristic 8-3,text,true,,800,5836,6,24,https://api-scuda.uat.oci.krungsri.tech/ic/api/v1/customer/juristic/updateprofile,228,0,0
1778851993389,255,UpdateIndividual,200,OK,UpdateIndividual 4-3,text,true,,800,5613,5,23,https://api-scuda.uat.oci.krungsri.tech/ic/api/v1/customer/individual/updateprofile,255,0,0
1778851993388,268,UpdateIndividual,200,OK,UpdateIndividual 4-2,text,true,,800,5600,4,22,https://api-scuda.uat.oci.krungsri.tech/ic/api/v1/customer/individual/updateprofile,268,0,0
1778851993388,273,UpdateJuristic,200,OK,UpdateJuristic 8-2,text,true,,800,5832,5,21,https://api-scuda.uat.oci.krungsri.tech/ic/api/v1/customer/juristic/updateprofile,273,0,0
1778851993390,278,UpdateIndividual,200,OK,UpdateIndividual 4-5,text,true,,800,5618,3,20,https://api-scuda.uat.oci.krungsri.tech/ic/api/v1/customer/individual/updateprofile,278,0,20
1778851993391,284,UpdateIndividual,200,OK,UpdateIndividual 4-1,text,true,,800,5566,2,19,https://api-scuda.uat.oci.krungsri.tech/ic/api/v1/customer/individual/updateprofile,284,0,0
1778851993389,286,UpdateJuristic,200,OK,UpdateJuristic 8-4,text,true,,800,5711,4,19,https://api-scuda.uat.oci.krungsri.tech/ic/api/v1/customer/juristic/updateprofile,286,0,27
1778851993389,310,UpdateIndividual,200,OK,UpdateIndividual 4-6,text,true,,800,5597,1,17,https://api-scuda.uat.oci.krungsri.tech/ic/api/v1/customer/individual/updateprofile,310,0,23
1778851993388,336,UpdateJuristic,200,OK,UpdateJuristic 8-5,text,true,,800,5705,3,18,https://api-scuda.uat.oci.krungsri.tech/ic/api/v1/customer/juristic/updateprofile,336,0,29
1778851993342,391,CreateIndividual,201,Created,CreateIndividual 3-5,text,true,,1172,7862,6,17,https://api-scuda.uat.oci.krungsri.tech/ic/api/v1/customer/individual/createprofile,391,0,32
1778851993345,393,CreateIndividual,201,Created,CreateIndividual 3-3,text,true,,1172,7992,5,16,https://api-scuda.uat.oci.krungsri.tech/ic/api/v1/customer/individual/createprofile,393,0,0
1778851993342,397,CreateIndividual,201,Created,CreateIndividual 3-2,text,true,,1172,8215,5,16,https://api-scuda.uat.oci.krungsri.tech/ic/api/v1/customer/individual/createprofile,397,0,0
1778851993345,403,CreateIndividual,201,Created,CreateIndividual 3-1,text,true,,1172,8537,3,14,https://api-scuda.uat.oci.krungsri.tech/ic/api/v1/customer/individual/createprofile,403,0,0
1778851993730,25,SearchIndividual,200,OK,SearchIndividual 2-7,text,true,,621,2629,1,13,https://api-scuda.uat.oci.krungsri.tech/ords/api/v1/customer/individual/searchprofile,24,0,15
1778851993345,411,CreateIndividual,201,Created,CreateIndividual 3-4,text,true,,1172,8179,2,12,https://api-scuda.uat.oci.krungsri.tech/ic/api/v1/customer/individual/createprofile,411,0,26
1778851993528,241,UpdateJoint,200,OK,UpdateJoint 12-7,text,true,,800,4561,1,11,https://api-scuda.uat.oci.krungsri.tech/ic/api/v1/customer/joint/updateprofile,240,0,24
1778851993345,425,CreateIndividual,201,Created,CreateIndividual 3-6,text,true,,1172,8736,1,11,https://api-scuda.uat.oci.krungsri.tech/ic/api/v1/customer/individual/createprofile,424,0,17
1778851993373,447,CreateJuristic,201,Created,CreateJuristic 7-2,text,true,,1172,7929,6,9,https://api-scuda.uat.oci.krungsri.tech/ic/api/v1/customer/juristic/createprofile,447,0,0
1778851993372,450,CreateJuristic,201,Created,CreateJuristic 7-1,text,true,,1172,7728,6,9,https://api-scuda.uat.oci.krungsri.tech/ic/api/v1/customer/juristic/createprofile,450,0,0
1778851993719,154,UpdateIndividual,200,OK,UpdateIndividual 4-7,text,true,,800,5485,1,7,https://api-scuda.uat.oci.krungsri.tech/ic/api/v1/customer/individual/updateprofile,154,0,14
1778851993372,510,CreateJuristic,201,Created,CreateJuristic 7-3,text,true,,1172,8464,4,6,https://api-scuda.uat.oci.krungsri.tech/ic/api/v1/customer/juristic/createprofile,510,0,0
1778851993390,507,UpdateJuristic,200,OK,UpdateJuristic 8-1,text,true,,800,5834,2,5,https://api-scuda.uat.oci.krungsri.tech/ic/api/v1/customer/juristic/updateprofile,507,0,0
1778851993374,531,CreateJuristic,201,Created,CreateJuristic 7-4,text,true,,1172,7817,3,4,https://api-scuda.uat.oci.krungsri.tech/ic/api/v1/customer/juristic/createprofile,531,0,28
1778851993391,538,UpdateJuristic,200,OK,UpdateJuristic 8-6,text,true,,800,5755,1,3,https://api-scuda.uat.oci.krungsri.tech/ic/api/v1/customer/juristic/updateprofile,538,0,29
1778851993373,621,CreateJuristic,201,Created,CreateJuristic 7-6,text,true,,1172,8359,2,4,https://api-scuda.uat.oci.krungsri.tech/ic/api/v1/customer/juristic/createprofile,621,0,26
1778851993373,655,CreateJuristic,201,Created,CreateJuristic 7-5,text,true,,1171,7451,1,3,https://api-scuda.uat.oci.krungsri.tech/ic/api/v1/customer/juristic/createprofile,655,0,26
1778851993971,134,GetJoint,200,OK,GetJoint 9-7,text,true,,1429,3530,1,2,https://api-scuda.uat.oci.krungsri.tech/ic/api/v1/customer/joint/getprofile,134,0,50
1778851994145,40,SearchJoint,200,OK,SearchJoint 10-7,text,true,,621,2627,1,3,https://api-scuda.uat.oci.krungsri.tech/ords/api/v1/customer/joint/searchprofile,40,0,24
1778851993965,257,UpdateJuristic,200,OK,UpdateJuristic 8-7,text,true,,800,5863,1,3,https://api-scuda.uat.oci.krungsri.tech/ic/api/v1/customer/juristic/updateprofile,257,0,57
1778851994129,102,GetIndividual,200,OK,GetIndividual 1-7,text,true,,3847,3588,1,2,https://api-scuda.uat.oci.krungsri.tech/ic/api/v1/customer/individual/getprofile,102,0,29
1778851994295,54,SearchJuristic,200,OK,SearchJuristic 6-7,text,true,,9602,2615,1,4,https://api-scuda.uat.oci.krungsri.tech/ords/api/v1/customer/juristic/searchprofile,53,0,36
1778851994282,97,GetJuristic,200,OK,GetJuristic 5-7,text,true,,3494,3533,1,4,https://api-scuda.uat.oci.krungsri.tech/ic/api/v1/customer/juristic/getprofile,97,0,24
1778851994203,323,CreateIndividual,201,Created,CreateIndividual 3-7,text,true,,1172,8475,1,6,https://api-scuda.uat.oci.krungsri.tech/ic/api/v1/customer/individual/createprofile,323,0,21
1778851994446,123,UpdateIndividual,200,OK,UpdateIndividual 4-8,text,true,,800,4230,2,6,https://api-scuda.uat.oci.krungsri.tech/ic/api/v1/customer/individual/updateprofile,123,0,24
1778851994584,28,SearchJuristic,200,OK,SearchJuristic 6-8,text,true,,621,2627,1,7,https://api-scuda.uat.oci.krungsri.tech/ords/api/v1/customer/juristic/searchprofile,28,0,18
1778851994481,173,UpdateIndividual,200,OK,UpdateIndividual 4-9,text,true,,800,5641,1,6,https://api-scuda.uat.oci.krungsri.tech/ic/api/v1/customer/individual/updateprofile,173,0,24
1778851994386,305,CreateJoint,200,OK,CreateJoint 11-7,text,true,,1813,5708,2,7,https://api-scuda.uat.oci.krungsri.tech/ic/api/v1/customer/joint/createprofile,305,0,23
1778851994676,34,SearchIndividual,200,OK,SearchIndividual 2-8,text,true,,621,2605,1,6,https://api-scuda.uat.oci.krungsri.tech/ords/api/v1/customer/individual/searchprofile,34,0,24
1778851994688,32,SearchJoint,200,OK,SearchJoint 10-8,text,true,,621,2627,1,5,https://api-scuda.uat.oci.krungsri.tech/ords/api/v1/customer/joint/searchprofile,32,0,21
1778851994326,407,CreateJuristic,201,Created,CreateJuristic 7-7,text,true,,1172,7811,2,5,https://api-scuda.uat.oci.krungsri.tech/ic/api/v1/customer/juristic/createprofile,407,0,38
1778851994453,283,CreateJoint,200,OK,CreateJoint 11-8,text,true,,1813,5726,1,4,https://api-scuda.uat.oci.krungsri.tech/ic/api/v1/customer/joint/createprofile,283,0,19
1778851994747,95,GetIndividual,200,OK,GetIndividual 1-8,text,true,,3786,3588,1,6,https://api-scuda.uat.oci.krungsri.tech/ic/api/v1/customer/individual/getprofile,95,0,24
1778851994544,340,CreateIndividual,201,Created,CreateIndividual 3-8,text,true,,1172,8211,2,8,https://api-scuda.uat.oci.krungsri.tech/ic/api/v1/customer/individual/createprofile,340,0,20
1778851994865,28,SearchIndividual,200,OK,SearchIndividual 2-9,text,true,,621,2613,1,7,https://api-scuda.uat.oci.krungsri.tech/ords/api/v1/customer/individual/searchprofile,28,0,16
1778851994814,112,UpdateJoint,200,OK,UpdateJoint 12-8,text,true,,800,3614,1,6,https://api-scuda.uat.oci.krungsri.tech/ic/api/v1/customer/joint/updateprofile,112,0,18
1778851994837,109,GetJoint,200,OK,GetJoint 9-8,text,true,,1431,3530,2,5,https://api-scuda.uat.oci.krungsri.tech/ic/api/v1/customer/joint/getprofile,109,0,31
1778851994850,100,GetJuristic,200,OK,GetJuristic 5-8,text,true,,3489,3533,1,4,https://api-scuda.uat.oci.krungsri.tech/ic/api/v1/customer/juristic/getprofile,100,0,25
1778851994585,415,CreateJuristic,201,Created,CreateJuristic 7-8,text,true,,1171,8384,1,3,https://api-scuda.uat.oci.krungsri.tech/ic/api/v1/customer/juristic/createprofile,415,0,21
1778851994874,154,GetJoint,200,OK,GetJoint 9-9,text,true,,1429,3530,1,2,https://api-scuda.uat.oci.krungsri.tech/ic/api/v1/customer/joint/getprofile,154,0,22
1778851994730,472,CreateIndividual,201,Created,CreateIndividual 3-9,text,true,,1171,8166,1,5,https://api-scuda.uat.oci.krungsri.tech/ic/api/v1/customer/individual/createprofile,472,0,21
1778851995070,140,GetIndividual,200,OK,GetIndividual 1-9,text,true,,3883,3588,1,4,https://api-scuda.uat.oci.krungsri.tech/ic/api/v1/customer/individual/getprofile,140,0,57
1778851995216,38,SearchJuristic,200,OK,SearchJuristic 6-9,text,true,,621,2611,1,4,https://api-scuda.uat.oci.krungsri.tech/ords/api/v1/customer/juristic/searchprofile,38,0,27
1778851995177,113,UpdateJoint,200,OK,UpdateJoint 12-9,text,true,,800,3614,1,4,https://api-scuda.uat.oci.krungsri.tech/ic/api/v1/customer/joint/updateprofile,113,0,23
1778851995298,96,GetJuristic,200,OK,GetJuristic 5-9,text,true,,3514,3533,1,5,https://api-scuda.uat.oci.krungsri.tech/ic/api/v1/customer/juristic/getprofile,96,0,22
1778851995195,203,CreateJoint,200,OK,CreateJoint 11-9,text,true,,1813,5930,1,4,https://api-scuda.uat.oci.krungsri.tech/ic/api/v1/customer/joint/createprofile,203,0,18
1778851995395,33,SearchJoint,200,OK,SearchJoint 10-9,text,true,,621,2627,1,4,https://api-scuda.uat.oci.krungsri.tech/ords/api/v1/customer/joint/searchprofile,33,0,23
1778851995284,155,UpdateJuristic,200,OK,UpdateJuristic 8-8,text,true,,800,4431,2,3,https://api-scuda.uat.oci.krungsri.tech/ic/api/v1/customer/juristic/updateprofile,155,0,16
1778851995069,458,CreateJuristic,201,Created,CreateJuristic 7-9,text,true,,1172,8063,1,3,https://api-scuda.uat.oci.krungsri.tech/ic/api/v1/customer/juristic/createprofile,458,0,21
1778851995427,140,UpdateJuristic,200,OK,UpdateJuristic 8-9,text,true,,800,4432,1,2,https://api-scuda.uat.oci.krungsri.tech/ic/api/v1/customer/juristic/updateprofile,140,0,16
1778851995501,104,UpdateJoint,200,OK,UpdateJoint 12-10,text,true,,800,3614,1,4,https://api-scuda.uat.oci.krungsri.tech/ic/api/v1/customer/joint/updateprofile,104,0,19
1778851995604,111,UpdateIndividual,200,OK,UpdateIndividual 4-11,text,true,,800,4228,2,9,https://api-scuda.uat.oci.krungsri.tech/ic/api/v1/customer/individual/updateprofile,111,0,19
1778851995590,171,UpdateIndividual,200,OK,UpdateIndividual 4-10,text,true,,800,5569,1,9,https://api-scuda.uat.oci.krungsri.tech/ic/api/v1/customer/individual/updateprofile,171,0,16
1778851995591,173,UpdateJuristic,200,OK,UpdateJuristic 8-10,text,true,,800,5813,1,8,https://api-scuda.uat.oci.krungsri.tech/ic/api/v1/customer/juristic/updateprofile,173,0,13
1778851995735,29,SearchIndividual,200,OK,SearchIndividual 2-10,text,true,,621,2613,1,8,https://api-scuda.uat.oci.krungsri.tech/ords/api/v1/customer/individual/searchprofile,29,0,18
1778851995671,94,GetJoint,200,OK,GetJoint 9-10,text,true,,1431,3530,1,6,https://api-scuda.uat.oci.krungsri.tech/ic/api/v1/customer/joint/getprofile,94,0,20
1778851995717,97,GetJuristic,200,OK,GetJuristic 5-10,text,true,,3454,3533,2,6,https://api-scuda.uat.oci.krungsri.tech/ic/api/v1/customer/juristic/getprofile,97,0,24
1778851995718,116,UpdateJoint,200,OK,UpdateJoint 12-11,text,true,,800,3614,1,5,https://api-scuda.uat.oci.krungsri.tech/ic/api/v1/customer/joint/updateprofile,116,0,27
1778851995875,36,SearchJuristic,200,OK,SearchJuristic 6-10,text,true,,621,2611,1,5,https://api-scuda.uat.oci.krungsri.tech/ords/api/v1/customer/juristic/searchprofile,36,0,23
1778851995785,130,GetJuristic,200,OK,GetJuristic 5-11,text,true,,3483,3533,1,4,https://api-scuda.uat.oci.krungsri.tech/ic/api/v1/customer/juristic/getprofile,130,0,30
1778851995718,205,CreateJoint,200,OK,CreateJoint 11-10,text,true,,1813,5825,1,3,https://api-scuda.uat.oci.krungsri.tech/ic/api/v1/customer/joint/createprofile,205,0,32
1778851995628,323,CreateIndividual,201,Created,CreateIndividual 3-10,text,true,,1172,8215,2,3,https://api-scuda.uat.oci.krungsri.tech/ic/api/v1/customer/individual/createprofile,323,0,24
1778851995937,28,SearchJoint,200,OK,SearchJoint 10-10,text,true,,621,2627,1,2,https://api-scuda.uat.oci.krungsri.tech/ords/api/v1/customer/joint/searchprofile,28,0,17
1778851995993,30,SearchIndividual,200,OK,SearchIndividual 2-11,text,true,,620,2601,1,4,https://api-scuda.uat.oci.krungsri.tech/ords/api/v1/customer/individual/searchprofile,30,0,20
1778851996025,91,GetIndividual,200,OK,GetIndividual 1-10,text,true,,3883,3588,1,3,https://api-scuda.uat.oci.krungsri.tech/ic/api/v1/customer/individual/getprofile,91,0,23
1778851995720,409,CreateIndividual,201,Created,CreateIndividual 3-11,text,true,,1172,8516,1,2,https://api-scuda.uat.oci.krungsri.tech/ic/api/v1/customer/individual/createprofile,409,0,31
1778851996137,85,GetJoint,200,OK,GetJoint 9-11,text,true,,1429,3530,1,2,https://api-scuda.uat.oci.krungsri.tech/ic/api/v1/customer/joint/getprofile,85,0,14
1778851995987,248,CreateJoint,200,OK,CreateJoint 11-11,text,true,,1813,6036,1,2,https://api-scuda.uat.oci.krungsri.tech/ic/api/v1/customer/joint/createprofile,248,0,53
1778851996231,35,SearchJoint,200,OK,SearchJoint 10-11,text,true,,621,2627,1,1,https://api-scuda.uat.oci.krungsri.tech/ords/api/v1/customer/joint/searchprofile,35,0,24
1778851996283,32,SearchJuristic,200,OK,SearchJuristic 6-11,text,true,,621,2611,1,1,https://api-scuda.uat.oci.krungsri.tech/ords/api/v1/customer/juristic/searchprofile,32,0,15
1778851996426,92,GetIndividual,200,OK,GetIndividual 1-11,text,true,,3917,3588,1,7,https://api-scuda.uat.oci.krungsri.tech/ic/api/v1/customer/individual/getprofile,92,0,21
1778851996478,92,GetJuristic,200,OK,GetJuristic 5-12,text,true,,3533,3533,1,8,https://api-scuda.uat.oci.krungsri.tech/ic/api/v1/customer/juristic/getprofile,92,0,19
1778851996392,240,UpdateJuristic,200,OK,UpdateJuristic 8-11,text,true,,799,4425,2,7,https://api-scuda.uat.oci.krungsri.tech/ic/api/v1/customer/juristic/updateprofile,240,0,23
1778851996535,113,UpdateJoint,200,OK,UpdateJoint 12-12,text,true,,800,3614,1,6,https://api-scuda.uat.oci.krungsri.tech/ic/api/v1/customer/joint/updateprofile,113,0,27
1778851996559,94,GetIndividual,200,OK,GetIndividual 1-12,text,true,,3911,3588,1,5,https://api-scuda.uat.oci.krungsri.tech/ic/api/v1/customer/individual/getprofile,93,0,15
1778851996473,200,CreateJoint,200,OK,CreateJoint 11-12,text,true,,1813,5878,1,4,https://api-scuda.uat.oci.krungsri.tech/ic/api/v1/customer/joint/createprofile,200,0,23
1778851996514,202,UpdateJuristic,200,OK,UpdateJuristic 8-12,text,true,,800,4428,1,3,https://api-scuda.uat.oci.krungsri.tech/ic/api/v1/customer/juristic/updateprofile,202,0,18
1778851996402,366,CreateJuristic,201,Created,CreateJuristic 7-11,text,true,,1172,7824,2,3,https://api-scuda.uat.oci.krungsri.tech/ic/api/v1/customer/juristic/createprofile,366,0,21
1778851996769,38,SearchJoint,200,OK,SearchJoint 10-12,text,true,,621,2627,2,4,https://api-scuda.uat.oci.krungsri.tech/ords/api/v1/customer/joint/searchprofile,38,0,28
1778851996792,32,SearchJoint,200,OK,SearchJoint 10-13,text,true,,621,2627,1,3,https://api-scuda.uat.oci.krungsri.tech/ords/api/v1/customer/joint/searchprofile,32,0,21
1778851996783,87,GetIndividual,200,OK,GetIndividual 1-13,text,true,,3811,3588,1,4,https://api-scuda.uat.oci.krungsri.tech/ic/api/v1/customer/individual/getprofile,87,0,14
1778851996331,588,CreateJuristic,201,Created,CreateJuristic 7-10,text,true,,1172,8061,3,5,https://api-scuda.uat.oci.krungsri.tech/ic/api/v1/customer/juristic/createprofile,588,0,20
1778851996941,83,GetJoint,200,OK,GetJoint 9-12,text,true,,1431,3530,1,8,https://api-scuda.uat.oci.krungsri.tech/ic/api/v1/customer/joint/getprofile,83,0,14
1778851996854,172,UpdateIndividual,200,OK,UpdateIndividual 4-12,text,true,,800,5610,1,7,https://api-scuda.uat.oci.krungsri.tech/ic/api/v1/customer/individual/updateprofile,172,0,28
1778851997011,31,SearchIndividual,200,OK,SearchIndividual 2-12,text,true,,621,2610,1,6,https://api-scuda.uat.oci.krungsri.tech/ords/api/v1/customer/individual/searchprofile,31,0,22
1778851996988,97,GetJuristic,200,OK,GetJuristic 5-13,text,true,,3455,3533,1,6,https://api-scuda.uat.oci.krungsri.tech/ic/api/v1/customer/juristic/getprofile,97,0,32
1778851996854,278,CreateJoint,200,OK,CreateJoint 11-13,text,true,,1813,5958,1,5,https://api-scuda.uat.oci.krungsri.tech/ic/api/v1/customer/joint/createprofile,278,0,23
1778851997011,153,UpdateJuristic,200,OK,UpdateJuristic 8-13,text,true,,800,4420,1,5,https://api-scuda.uat.oci.krungsri.tech/ic/api/v1/customer/juristic/updateprofile,153,0,20
1778851997158,39,SearchJuristic,200,OK,SearchJuristic 6-12,text,true,,621,2607,1,5,https://api-scuda.uat.oci.krungsri.tech/ords/api/v1/customer/juristic/searchprofile,39,0,21
1778851997068,130,UpdateIndividual,200,OK,UpdateIndividual 4-13,text,true,,800,4227,1,5,https://api-scuda.uat.oci.krungsri.tech/ic/api/v1/customer/individual/updateprofile,130,0,23
1778851996881,386,CreateJuristic,201,Created,CreateJuristic 7-12,text,true,,1172,8255,2,5,https://api-scuda.uat.oci.krungsri.tech/ic/api/v1/customer/juristic/createprofile,386,0,21
1778851996910,372,CreateJuristic,201,Created,CreateJuristic 7-13,text,true,,1172,7709,1,4,https://api-scuda.uat.oci.krungsri.tech/ic/api/v1/customer/juristic/createprofile,372,0,20
1778851997198,109,UpdateJoint,200,OK,UpdateJoint 12-13,text,true,,799,3613,1,3,https://api-scuda.uat.oci.krungsri.tech/ic/api/v1/customer/joint/updateprofile,109,0,19
1778851997312,30,SearchIndividual,200,OK,SearchIndividual 2-13,text,true,,620,2605,1,4,https://api-scuda.uat.oci.krungsri.tech/ords/api/v1/customer/individual/searchprofile,30,0,19
1778851997324,102,GetJoint,200,OK,GetJoint 9-13,text,true,,1429,3530,1,4,https://api-scuda.uat.oci.krungsri.tech/ic/api/v1/customer/joint/getprofile,102,0,23
1778851997424,31,SearchJuristic,200,OK,SearchJuristic 6-13,text,true,,621,2610,1,3,https://api-scuda.uat.oci.krungsri.tech/ords/api/v1/customer/juristic/searchprofile,31,0,20
1778851997467,31,SearchIndividual,200,OK,SearchIndividual 2-14,text,true,,621,2629,1,3,https://api-scuda.uat.oci.krungsri.tech/ords/api/v1/customer/individual/searchprofile,31,0,21
1778851997211,321,CreateIndividual,201,Created,CreateIndividual 3-12,text,true,,1172,8756,2,4,https://api-scuda.uat.oci.krungsri.tech/ic/api/v1/customer/individual/createprofile,321,0,30
1778851997517,35,SearchJuristic,200,OK,SearchJuristic 6-14,text,true,,621,2611,1,3,https://api-scuda.uat.oci.krungsri.tech/ords/api/v1/customer/juristic/searchprofile,35,0,24
1778851997244,346,CreateIndividual,201,Created,CreateIndividual 3-13,text,true,,1172,8383,1,2,https://api-scuda.uat.oci.krungsri.tech/ic/api/v1/customer/individual/createprofile,346,0,19
1778851997526,116,UpdateIndividual,200,OK,UpdateIndividual 4-14,text,true,,800,4227,1,1,https://api-scuda.uat.oci.krungsri.tech/ic/api/v1/customer/individual/updateprofile,116,0,22
1778851997711,104,UpdateJoint,200,OK,UpdateJoint 12-14,text,true,,800,3614,1,5,https://api-scuda.uat.oci.krungsri.tech/ic/api/v1/customer/joint/updateprofile,104,0,23
1778851997788,50,SearchJuristic,200,OK,SearchJuristic 6-15,text,true,,687,2603,1,4,https://api-scuda.uat.oci.krungsri.tech/ords/api/v1/customer/juristic/searchprofile,50,0,12
1778851997760,103,GetIndividual,200,OK,GetIndividual 1-14,text,true,,3820,3588,2,3,https://api-scuda.uat.oci.krungsri.tech/ic/api/v1/customer/individual/getprofile,103,0,26
1778851997783,90,GetIndividual,200,OK,GetIndividual 1-15,text,true,,3858,3588,1,2,https://api-scuda.uat.oci.krungsri.tech/ic/api/v1/customer/individual/getprofile,90,0,19
1778851997807,192,UpdateJuristic,200,OK,UpdateJuristic 8-14,text,true,,798,5726,1,5,https://api-scuda.uat.oci.krungsri.tech/ic/api/v1/customer/juristic/updateprofile,192,0,20
1778851997941,98,GetJoint,200,OK,GetJoint 9-14,text,true,,1431,3530,1,5,https://api-scuda.uat.oci.krungsri.tech/ic/api/v1/customer/joint/getprofile,98,0,17
1778851998049,31,SearchJoint,200,OK,SearchJoint 10-14,text,true,,621,2627,1,5,https://api-scuda.uat.oci.krungsri.tech/ords/api/v1/customer/joint/searchprofile,31,0,18
1778851997976,149,UpdateIndividual,200,OK,UpdateIndividual 4-15,text,true,,800,5615,1,5,https://api-scuda.uat.oci.krungsri.tech/ic/api/v1/customer/individual/updateprofile,149,0,18
1778851997945,182,UpdateJoint,200,OK,UpdateJoint 12-15,text,true,,800,4497,1,4,https://api-scuda.uat.oci.krungsri.tech/ic/api/v1/customer/joint/updateprofile,182,0,62
1778851998116,29,SearchIndividual,200,OK,SearchIndividual 2-15,text,true,,621,2613,1,4,https://api-scuda.uat.oci.krungsri.tech/ords/api/v1/customer/individual/searchprofile,29,0,16
1778851997959,241,CreateJoint,200,OK,CreateJoint 11-14,text,true,,1813,5877,2,5,https://api-scuda.uat.oci.krungsri.tech/ic/api/v1/customer/joint/createprofile,241,0,55
1778851998182,85,GetJoint,200,OK,GetJoint 9-15,text,true,,1429,3530,1,7,https://api-scuda.uat.oci.krungsri.tech/ic/api/v1/customer/joint/getprofile,85,0,18
1778851998141,166,GetJuristic,200,OK,GetJuristic 5-14,text,true,,3496,3533,1,6,https://api-scuda.uat.oci.krungsri.tech/ic/api/v1/customer/juristic/getprofile,166,0,27
1778851998028,299,CreateJoint,200,OK,CreateJoint 11-15,text,true,,1813,6052,1,5,https://api-scuda.uat.oci.krungsri.tech/ic/api/v1/customer/joint/createprofile,299,0,29
1778851998182,154,UpdateJuristic,200,OK,UpdateJuristic 8-15,text,true,,800,4421,1,4,https://api-scuda.uat.oci.krungsri.tech/ic/api/v1/customer/juristic/updateprofile,154,0,20
1778851998373,33,SearchJoint,200,OK,SearchJoint 10-15,text,true,,620,2626,1,6,https://api-scuda.uat.oci.krungsri.tech/ords/api/v1/customer/joint/searchprofile,32,0,14
1778851998390,90,GetJuristic,200,OK,GetJuristic 5-15,text,true,,3498,3533,1,8,https://api-scuda.uat.oci.krungsri.tech/ic/api/v1/customer/juristic/getprofile,90,0,19
1778851998466,35,SearchIndividual,200,OK,SearchIndividual 2-16,text,true,,621,2613,1,7,https://api-scuda.uat.oci.krungsri.tech/ords/api/v1/customer/individual/searchprofile,35,0,23
1778851998212,299,CreateIndividual,201,Created,CreateIndividual 3-14,text,true,,1172,8350,3,7,https://api-scuda.uat.oci.krungsri.tech/ic/api/v1/customer/individual/createprofile,299,0,15
1778851998528,30,SearchJoint,200,OK,SearchJoint 10-16,text,true,,621,2627,1,11,https://api-scuda.uat.oci.krungsri.tech/ords/api/v1/customer/joint/searchprofile,30,0,20
1778851998209,366,CreateJuristic,201,Created,CreateJuristic 7-14,text,true,,1172,8243,2,10,https://api-scuda.uat.oci.krungsri.tech/ic/api/v1/customer/juristic/createprofile,366,0,21
1778851998475,110,GetIndividual,200,OK,GetIndividual 1-16,text,true,,3847,3588,2,9,https://api-scuda.uat.oci.krungsri.tech/ic/api/v1/customer/individual/getprofile,110,0,28
1778851998243,381,CreateIndividual,201,Created,CreateIndividual 3-15,text,true,,1172,8358,3,8,https://api-scuda.uat.oci.krungsri.tech/ic/api/v1/customer/individual/createprofile,381,0,20
1778851998533,95,GetIndividual,200,OK,GetIndividual 1-17,text,true,,3881,3588,1,7,https://api-scuda.uat.oci.krungsri.tech/ic/api/v1/customer/individual/getprofile,95,0,20
1778851998532,128,UpdateJoint,200,OK,UpdateJoint 12-16,text,true,,800,4686,1,8,https://api-scuda.uat.oci.krungsri.tech/ic/api/v1/customer/joint/updateprofile,128,0,16
1778851998642,31,SearchIndividual,200,OK,SearchIndividual 2-17,text,true,,621,2613,1,7,https://api-scuda.uat.oci.krungsri.tech/ords/api/v1/customer/individual/searchprofile,31,0,21
1778851998512,187,UpdateJuristic,200,OK,UpdateJuristic 8-16,text,true,,800,5830,1,6,https://api-scuda.uat.oci.krungsri.tech/ic/api/v1/customer/juristic/updateprofile,187,0,22
1778851998459,297,CreateIndividual,201,Created,CreateIndividual 3-16,text,true,,1172,8789,2,7,https://api-scuda.uat.oci.krungsri.tech/ic/api/v1/customer/individual/createprofile,297,0,13
1778851998380,376,CreateJuristic,201,Created,CreateJuristic 7-15,text,true,,1172,8227,2,7,https://api-scuda.uat.oci.krungsri.tech/ic/api/v1/customer/juristic/createprofile,376,0,18
1778851998549,208,CreateJoint,200,OK,CreateJoint 11-16,text,true,,1813,6060,1,7,https://api-scuda.uat.oci.krungsri.tech/ic/api/v1/customer/joint/createprofile,208,0,17
1778851998753,23,SearchJuristic,200,OK,SearchJuristic 6-16,text,true,,621,2648,1,5,https://api-scuda.uat.oci.krungsri.tech/ords/api/v1/customer/juristic/searchprofile,23,0,13
1778851998729,89,GetJoint,200,OK,GetJoint 9-16,text,true,,1429,3528,1,5,https://api-scuda.uat.oci.krungsri.tech/ic/api/v1/customer/joint/getprofile,89,0,21
1778851998562,293,CreateIndividual,201,Created,CreateIndividual 3-17,text,true,,1172,8111,1,6,https://api-scuda.uat.oci.krungsri.tech/ic/api/v1/customer/individual/createprofile,293,0,21
1778851998845,37,SearchJuristic,200,OK,SearchJuristic 6-17,text,true,,621,2605,2,6,https://api-scuda.uat.oci.krungsri.tech/ords/api/v1/customer/juristic/searchprofile,37,0,22
1778851998817,89,GetIndividual,200,OK,GetIndividual 1-18,text,true,,3917,3587,1,6,https://api-scuda.uat.oci.krungsri.tech/ic/api/v1/customer/individual/getprofile,89,0,16
1778851998771,148,UpdateJoint,200,OK,UpdateJoint 12-17,text,true,,800,4571,1,5,https://api-scuda.uat.oci.krungsri.tech/ic/api/v1/customer/joint/updateprofile,148,0,29
1778851998883,37,SearchJuristic,200,OK,SearchJuristic 6-18,text,true,,621,2603,1,4,https://api-scuda.uat.oci.krungsri.tech/ords/api/v1/customer/juristic/searchprofile,36,0,25
1778851998657,365,CreateJuristic,201,Created,CreateJuristic 7-16,text,true,,1172,7547,2,7,https://api-scuda.uat.oci.krungsri.tech/ic/api/v1/customer/juristic/createprofile,365,0,24
1778851998824,210,CreateJoint,200,OK,CreateJoint 11-17,text,true,,1813,5896,2,6,https://api-scuda.uat.oci.krungsri.tech/ic/api/v1/customer/joint/createprofile,210,0,21
1778851998942,110,UpdateIndividual,200,OK,UpdateIndividual 4-17,text,true,,800,4227,3,5,https://api-scuda.uat.oci.krungsri.tech/ic/api/v1/customer/individual/updateprofile,110,0,18
1778851998936,155,UpdateIndividual,200,OK,UpdateIndividual 4-16,text,true,,800,5578,2,5,https://api-scuda.uat.oci.krungsri.tech/ic/api/v1/customer/individual/updateprofile,155,0,17
1778851998897,210,CreateJoint,200,OK,CreateJoint 11-18,text,true,,1813,5953,1,6,https://api-scuda.uat.oci.krungsri.tech/ic/api/v1/customer/joint/createprofile,210,0,16
1778851999084,24,SearchJoint,200,OK,SearchJoint 10-17,text,true,,621,2627,1,5,https://api-scuda.uat.oci.krungsri.tech/ords/api/v1/customer/joint/searchprofile,24,0,14
1778851999098,33,SearchIndividual,200,OK,SearchIndividual 2-18,text,true,,621,2613,1,4,https://api-scuda.uat.oci.krungsri.tech/ords/api/v1/customer/individual/searchprofile,33,0,21
1778851999016,119,UpdateIndividual,200,OK,UpdateIndividual 4-18,text,true,,800,4230,1,3,https://api-scuda.uat.oci.krungsri.tech/ic/api/v1/customer/individual/updateprofile,119,0,19
1778851999093,86,GetJuristic,200,OK,GetJuristic 5-16,text,true,,3515,3533,1,3,https://api-scuda.uat.oci.krungsri.tech/ic/api/v1/customer/juristic/getprofile,86,0,19
1778851999221,31,SearchJoint,200,OK,SearchJoint 10-18,text,true,,621,2627,1,6,https://api-scuda.uat.oci.krungsri.tech/ords/api/v1/customer/joint/searchprofile,31,0,20
1778851999192,82,GetJuristic,200,OK,GetJuristic 5-18,text,true,,3461,3532,2,6,https://api-scuda.uat.oci.krungsri.tech/ic/api/v1/customer/juristic/getprofile,82,0,18
1778851999185,90,GetJuristic,200,OK,GetJuristic 5-17,text,true,,3477,3533,1,5,https://api-scuda.uat.oci.krungsri.tech/ic/api/v1/customer/juristic/getprofile,90,0,20
1778851999166,113,UpdateJoint,200,OK,UpdateJoint 12-18,text,true,,800,3614,1,4,https://api-scuda.uat.oci.krungsri.tech/ic/api/v1/customer/joint/updateprofile,112,0,18
1778851999266,85,GetJoint,200,OK,GetJoint 9-17,text,true,,1431,3530,2,6,https://api-scuda.uat.oci.krungsri.tech/ic/api/v1/customer/joint/getprofile,85,0,19
1778851999242,138,UpdateJuristic,200,OK,UpdateJuristic 8-17,text,true,,800,4423,1,5,https://api-scuda.uat.oci.krungsri.tech/ic/api/v1/customer/juristic/updateprofile,138,0,12
1778851998997,385,CreateJuristic,201,Created,CreateJuristic 7-17,text,true,,1172,8120,2,4,https://api-scuda.uat.oci.krungsri.tech/ic/api/v1/customer/juristic/createprofile,385,0,23
1778851999339,86,GetJoint,200,OK,GetJoint 9-18,text,true,,1429,3530,1,4,https://api-scuda.uat.oci.krungsri.tech/ic/api/v1/customer/joint/getprofile,86,0,19
1778851999390,138,UpdateJuristic,200,OK,UpdateJuristic 8-18,text,true,,799,4424,1,5,https://api-scuda.uat.oci.krungsri.tech/ic/api/v1/customer/juristic/updateprofile,138,0,17
1778851999473,104,GetJoint,200,OK,GetJoint 9-19,text,true,,1429,3530,1,6,https://api-scuda.uat.oci.krungsri.tech/ic/api/v1/customer/joint/getprofile,104,0,18
1778851999579,34,SearchJuristic,200,OK,SearchJuristic 6-19,text,true,,621,2611,1,5,https://api-scuda.uat.oci.krungsri.tech/ords/api/v1/customer/juristic/searchprofile,34,0,17
1778851999481,135,UpdateJoint,200,OK,UpdateJoint 12-19,text,true,,800,4556,1,6,https://api-scuda.uat.oci.krungsri.tech/ic/api/v1/customer/joint/updateprofile,135,0,23
1778851999332,295,CreateIndividual,201,Created,CreateIndividual 3-18,text,true,,1172,8190,2,5,https://api-scuda.uat.oci.krungsri.tech/ic/api/v1/customer/individual/createprofile,295,0,16
1778851999618,28,SearchJuristic,200,OK,SearchJuristic 6-20,text,true,,621,2608,1,5,https://api-scuda.uat.oci.krungsri.tech/ords/api/v1/customer/juristic/searchprofile,28,0,15
1778851999313,378,CreateJuristic,201,Created,CreateJuristic 7-18,text,true,,1172,7942,1,4,https://api-scuda.uat.oci.krungsri.tech/ic/api/v1/customer/juristic/createprofile,378,0,19
1778851999618,86,GetJuristic,200,OK,GetJuristic 5-19,text,true,,3487,3533,1,3,https://api-scuda.uat.oci.krungsri.tech/ic/api/v1/customer/juristic/getprofile,86,0,15
1778851999708,94,GetJoint,200,OK,GetJoint 9-20,text,true,,1431,3530,1,7,https://api-scuda.uat.oci.krungsri.tech/ic/api/v1/customer/joint/getprofile,94,0,20
1778851999738,103,UpdateIndividual,200,OK,UpdateIndividual 4-19,text,true,,800,4227,2,7,https://api-scuda.uat.oci.krungsri.tech/ic/api/v1/customer/individual/updateprofile,103,0,9
1778851999774,82,SearchJoint,200,OK,SearchJoint 10-19,text,true,,621,2627,1,7,https://api-scuda.uat.oci.krungsri.tech/ords/api/v1/customer/joint/searchprofile,81,0,64
1778851999545,322,CreateIndividual,201,Created,CreateIndividual 3-19,text,true,,1172,8732,1,6,https://api-scuda.uat.oci.krungsri.tech/ic/api/v1/customer/individual/createprofile,322,0,22
1778851999742,127,UpdateIndividual,200,OK,UpdateIndividual 4-20,text,true,,800,4228,1,6,https://api-scuda.uat.oci.krungsri.tech/ic/api/v1/customer/individual/updateprofile,127,0,23
1778851999632,272,CreateJoint,200,OK,CreateJoint 11-19,text,true,,1813,5679,1,8,https://api-scuda.uat.oci.krungsri.tech/ic/api/v1/customer/joint/createprofile,272,0,21
1778851999818,99,GetIndividual,200,OK,GetIndividual 1-19,text,true,,3913,3588,1,7,https://api-scuda.uat.oci.krungsri.tech/ic/api/v1/customer/individual/getprofile,99,0,21
1778851999853,108,GetJoint,200,OK,GetJoint 9-21,text,true,,1429,3530,1,8,https://api-scuda.uat.oci.krungsri.tech/ic/api/v1/customer/joint/getprofile,108,0,24
1778851999877,87,GetJuristic,200,OK,GetJuristic 5-20,text,true,,3477,3533,1,7,https://api-scuda.uat.oci.krungsri.tech/ic/api/v1/customer/juristic/getprofile,87,0,21
1778851999873,144,UpdateJoint,200,OK,UpdateJoint 12-20,text,true,,800,4600,2,8,https://api-scuda.uat.oci.krungsri.tech/ic/api/v1/customer/joint/updateprofile,144,0,20
1778851999761,261,UpdateJuristic,200,OK,UpdateJuristic 8-19,text,true,,799,5663,2,7,https://api-scuda.uat.oci.krungsri.tech/ic/api/v1/customer/juristic/updateprofile,261,0,75
1778851999907,144,UpdateJoint,200,OK,UpdateJoint 12-21,text,true,,800,4628,1,6,https://api-scuda.uat.oci.krungsri.tech/ic/api/v1/customer/joint/updateprofile,144,0,20
1778852000008,91,GetIndividual,200,OK,GetIndividual 1-20,text,true,,3916,3588,1,6,https://api-scuda.uat.oci.krungsri.tech/ic/api/v1/customer/individual/getprofile,91,0,23
1778852000098,33,SearchJoint,200,OK,SearchJoint 10-20,text,true,,621,2627,1,5,https://api-scuda.uat.oci.krungsri.tech/ords/api/v1/customer/joint/searchprofile,33,0,22
1778851999974,162,UpdateJuristic,200,OK,UpdateJuristic 8-20,text,true,,800,4428,1,4,https://api-scuda.uat.oci.krungsri.tech/ic/api/v1/customer/juristic/updateprofile,162,0,34
1778852000154,34,SearchIndividual,200,OK,SearchIndividual 2-19,text,true,,621,2613,2,8,https://api-scuda.uat.oci.krungsri.tech/ords/api/v1/customer/individual/searchprofile,34,0,24
1778852000186,30,SearchIndividual,200,OK,SearchIndividual 2-20,text,true,,14460,2610,2,8,https://api-scuda.uat.oci.krungsri.tech/ords/api/v1/customer/individual/searchprofile,30,0,18
1778852000203,28,SearchIndividual,200,OK,SearchIndividual 2-21,text,true,,621,2613,1,7,https://api-scuda.uat.oci.krungsri.tech/ords/api/v1/customer/individual/searchprofile,28,0,19
1778852000170,92,GetJuristic,200,OK,GetJuristic 5-21,text,true,,3552,3533,1,7,https://api-scuda.uat.oci.krungsri.tech/ic/api/v1/customer/juristic/getprofile,92,0,21
1778851999883,393,CreateJuristic,201,Created,CreateJuristic 7-19,text,true,,1172,7809,3,6,https://api-scuda.uat.oci.krungsri.tech/ic/api/v1/customer/juristic/createprofile,393,0,31
1778852000251,32,SearchJoint,200,OK,SearchJoint 10-21,text,true,,621,2627,1,5,https://api-scuda.uat.oci.krungsri.tech/ords/api/v1/customer/joint/searchprofile,32,0,19
1778852000187,117,UpdateIndividual,200,OK,UpdateIndividual 4-21,text,true,,800,4228,1,5,https://api-scuda.uat.oci.krungsri.tech/ic/api/v1/customer/individual/updateprofile,117,0,23
1778851999925,393,CreateJuristic,201,Created,CreateJuristic 7-20,text,true,,1171,8184,2,4,https://api-scuda.uat.oci.krungsri.tech/ic/api/v1/customer/juristic/createprofile,393,0,29
1778851999962,395,CreateJuristic,201,Created,CreateJuristic 7-21,text,true,,1172,8132,1,5,https://api-scuda.uat.oci.krungsri.tech/ic/api/v1/customer/juristic/createprofile,395,0,34
1778852000174,198,CreateJoint,200,OK,CreateJoint 11-20,text,true,,1813,5676,2,5,https://api-scuda.uat.oci.krungsri.tech/ic/api/v1/customer/joint/createprofile,198,0,19
1778852000336,116,GetIndividual,200,OK,GetIndividual 1-21,text,true,,3775,3588,1,7,https://api-scuda.uat.oci.krungsri.tech/ic/api/v1/customer/individual/getprofile,116,0,19
1778852000433,26,SearchJuristic,200,OK,SearchJuristic 6-21,text,true,,621,2603,1,7,https://api-scuda.uat.oci.krungsri.tech/ords/api/v1/customer/juristic/searchprofile,26,0,15
1778852000458,31,SearchJoint,200,OK,SearchJoint 10-22,text,true,,621,2627,1,8,https://api-scuda.uat.oci.krungsri.tech/ords/api/v1/customer/joint/searchprofile,31,0,19
1778852000475,80,GetJoint,200,OK,GetJoint 9-22,text,true,,1431,3530,2,12,https://api-scuda.uat.oci.krungsri.tech/ic/api/v1/customer/joint/getprofile,80,0,15
1778852000430,180,UpdateJuristic,200,OK,UpdateJuristic 8-21,text,true,,800,5781,2,13,https://api-scuda.uat.oci.krungsri.tech/ic/api/v1/customer/juristic/updateprofile,180,0,13
1778852000572,38,SearchJuristic,200,OK,SearchJuristic 6-22,text,true,,621,2611,1,13,https://api-scuda.uat.oci.krungsri.tech/ords/api/v1/customer/juristic/searchprofile,37,0,25
1778852000290,319,CreateIndividual,201,Created,CreateIndividual 3-20,text,true,,1172,8600,2,13,https://api-scuda.uat.oci.krungsri.tech/ic/api/v1/customer/individual/createprofile,319,0,18
1778852000516,94,GetJoint,200,OK,GetJoint 9-23,text,true,,1431,3530,1,13,https://api-scuda.uat.oci.krungsri.tech/ic/api/v1/customer/joint/getprofile,93,0,21
1778852000507,105,UpdateJoint,200,OK,UpdateJoint 12-22,text,true,,800,3614,1,9,https://api-scuda.uat.oci.krungsri.tech/ic/api/v1/customer/joint/updateprofile,105,0,15
1778852000531,90,GetJuristic,200,OK,GetJuristic 5-22,text,true,,3492,3533,1,10,https://api-scuda.uat.oci.krungsri.tech/ic/api/v1/customer/juristic/getprofile,90,0,20
1778852000507,129,GetIndividual,200,OK,GetIndividual 1-22,text,true,,3775,3588,2,10,https://api-scuda.uat.oci.krungsri.tech/ic/api/v1/customer/individual/getprofile,129,0,20
1778852000361,275,CreateJoint,200,OK,CreateJoint 11-21,text,true,,1813,5966,2,10,https://api-scuda.uat.oci.krungsri.tech/ic/api/v1/customer/joint/createprofile,275,0,15
1778852000527,112,UpdateIndividual,200,OK,UpdateIndividual 4-22,text,true,,800,4229,2,8,https://api-scuda.uat.oci.krungsri.tech/ic/api/v1/customer/individual/updateprofile,112,0,21
1778852000446,202,CreateJoint,200,OK,CreateJoint 11-22,text,true,,1813,6040,1,7,https://api-scuda.uat.oci.krungsri.tech/ic/api/v1/customer/joint/createprofile,202,0,19
1778852000340,309,CreateIndividual,201,Created,CreateIndividual 3-21,text,true,,1172,8145,1,6,https://api-scuda.uat.oci.krungsri.tech/ic/api/v1/customer/individual/createprofile,309,0,23
1778852000478,172,UpdateJuristic,200,OK,UpdateJuristic 8-22,text,true,,800,4428,1,5,https://api-scuda.uat.oci.krungsri.tech/ic/api/v1/customer/juristic/updateprofile,172,0,26
1778852000617,90,GetJoint,200,OK,GetJoint 9-24,text,true,,1431,3530,1,8,https://api-scuda.uat.oci.krungsri.tech/ic/api/v1/customer/joint/getprofile,90,0,13
1778852000631,101,GetIndividual,200,OK,GetIndividual 1-23,text,true,,3873,3587,1,8,https://api-scuda.uat.oci.krungsri.tech/ic/api/v1/customer/individual/getprofile,101,0,28
1778852000619,122,UpdateIndividual,200,OK,UpdateIndividual 4-23,text,true,,800,4227,2,7,https://api-scuda.uat.oci.krungsri.tech/ic/api/v1/customer/individual/updateprofile,122,0,28
1778852000663,86,GetJuristic,200,OK,GetJuristic 5-23,text,true,,3515,3533,2,6,https://api-scuda.uat.oci.krungsri.tech/ic/api/v1/customer/juristic/getprofile,86,0,19
1778852000725,90,GetJuristic,200,OK,GetJuristic 5-24,text,true,,3505,3533,1,8,https://api-scuda.uat.oci.krungsri.tech/ic/api/v1/customer/juristic/getprofile,90,0,17
1778852000781,36,SearchJoint,200,OK,SearchJoint 10-23,text,true,,621,2627,1,7,https://api-scuda.uat.oci.krungsri.tech/ords/api/v1/customer/joint/searchprofile,36,0,26
1778852000709,109,UpdateIndividual,200,OK,UpdateIndividual 4-24,text,true,,800,4229,1,7,https://api-scuda.uat.oci.krungsri.tech/ic/api/v1/customer/individual/updateprofile,109,0,14
1778852000699,164,UpdateJuristic,200,OK,UpdateJuristic 8-23,text,true,,800,4423,2,6,https://api-scuda.uat.oci.krungsri.tech/ic/api/v1/customer/juristic/updateprofile,164,0,16
1778852000759,132,UpdateJoint,200,OK,UpdateJoint 12-23,text,true,,800,4571,2,5,https://api-scuda.uat.oci.krungsri.tech/ic/api/v1/customer/joint/updateprofile,132,0,16
1778852000894,26,SearchJuristic,200,OK,SearchJuristic 6-23,text,true,,621,2607,1,6,https://api-scuda.uat.oci.krungsri.tech/ords/api/v1/customer/juristic/searchprofile,26,0,15
1778852000790,155,UpdateJuristic,200,OK,UpdateJuristic 8-24,text,true,,800,4425,1,7,https://api-scuda.uat.oci.krungsri.tech/ic/api/v1/customer/juristic/updateprofile,155,0,26
1778852000841,107,UpdateJoint,200,OK,UpdateJoint 12-24,text,true,,800,3614,1,6,https://api-scuda.uat.oci.krungsri.tech/ic/api/v1/customer/joint/updateprofile,107,0,21
1778852000575,373,CreateJuristic,201,Created,CreateJuristic 7-22,text,true,,1172,7994,2,6,https://api-scuda.uat.oci.krungsri.tech/ic/api/v1/customer/juristic/createprofile,373,0,15
1778852000919,32,SearchIndividual,200,OK,SearchIndividual 2-22,text,true,,621,2655,3,5,https://api-scuda.uat.oci.krungsri.tech/ords/api/v1/customer/individual/searchprofile,32,0,20
1778852000932,32,SearchIndividual,200,OK,SearchIndividual 2-23,text,true,,621,2658,2,5,https://api-scuda.uat.oci.krungsri.tech/ords/api/v1/customer/individual/searchprofile,32,0,16
1778852000950,38,SearchIndividual,200,OK,SearchIndividual 2-24,text,true,,621,2653,1,4,https://api-scuda.uat.oci.krungsri.tech/ords/api/v1/customer/individual/searchprofile,38,0,20
1778852000927,95,GetIndividual,200,OK,GetIndividual 1-24,text,true,,3905,3588,1,3,https://api-scuda.uat.oci.krungsri.tech/ic/api/v1/customer/individual/getprofile,95,0,27
1778852000694,374,CreateJuristic,201,Created,CreateJuristic 7-23,text,true,,1172,7927,1,3,https://api-scuda.uat.oci.krungsri.tech/ic/api/v1/customer/juristic/createprofile,374,0,18
1778852001182,33,SearchJoint,200,OK,SearchJoint 10-24,text,true,,621,2627,1,7,https://api-scuda.uat.oci.krungsri.tech/ords/api/v1/customer/joint/searchprofile,33,0,20
1778852000968,330,CreateIndividual,201,Created,CreateIndividual 3-22,text,true,,1172,8476,3,6,https://api-scuda.uat.oci.krungsri.tech/ic/api/v1/customer/individual/createprofile,330,0,17
1778852001091,214,CreateJoint,200,OK,CreateJoint 11-23,text,true,,1813,5719,2,5,https://api-scuda.uat.oci.krungsri.tech/ic/api/v1/customer/joint/createprofile,214,0,21
1778852001030,311,CreateIndividual,201,Created,CreateIndividual 3-23,text,true,,1172,8326,2,4,https://api-scuda.uat.oci.krungsri.tech/ic/api/v1/customer/individual/createprofile,311,0,19
1778852001365,31,SearchJuristic,200,OK,SearchJuristic 6-24,text,true,,621,2611,1,4,https://api-scuda.uat.oci.krungsri.tech/ords/api/v1/customer/juristic/searchprofile,31,0,15
1778852001191,235,CreateJoint,200,OK,CreateJoint 11-24,text,true,,1813,6060,1,3,https://api-scuda.uat.oci.krungsri.tech/ic/api/v1/customer/joint/createprofile,235,0,40
1778852001084,371,CreateJuristic,201,Created,CreateJuristic 7-24,text,true,,1172,7719,1,4,https://api-scuda.uat.oci.krungsri.tech/ic/api/v1/customer/juristic/createprofile,371,0,23
1778852001191,301,CreateIndividual,201,Created,CreateIndividual 3-24,text,true,,1172,8324,2,3,https://api-scuda.uat.oci.krungsri.tech/ic/api/v1/customer/individual/createprofile,300,0,20
1778852001438,92,GetIndividual,200,OK,GetIndividual 1-25,text,true,,3817,3587,1,3,https://api-scuda.uat.oci.krungsri.tech/ic/api/v1/customer/individual/getprofile,92,0,19
1778852001506,97,GetJuristic,200,OK,GetJuristic 5-25,text,true,,3532,3533,1,5,https://api-scuda.uat.oci.krungsri.tech/ic/api/v1/customer/juristic/getprofile,97,0,19
1778852001564,59,SearchJoint,200,OK,SearchJoint 10-25,text,true,,621,2627,1,5,https://api-scuda.uat.oci.krungsri.tech/ords/api/v1/customer/joint/searchprofile,59,0,44
1778852001538,111,UpdateJoint,200,OK,UpdateJoint 12-25,text,true,,800,3614,2,5,https://api-scuda.uat.oci.krungsri.tech/ic/api/v1/customer/joint/updateprofile,111,0,20
1778852001647,31,SearchIndividual,200,OK,SearchIndividual 2-25,text,true,,621,2613,1,4,https://api-scuda.uat.oci.krungsri.tech/ords/api/v1/customer/individual/searchprofile,31,0,20
1778852001441,282,CreateIndividual,201,Created,CreateIndividual 3-25,text,true,,1171,8299,2,6,https://api-scuda.uat.oci.krungsri.tech/ic/api/v1/customer/individual/createprofile,282,0,14
1778852001710,26,SearchJoint,200,OK,SearchJoint 10-26,text,true,,621,2627,1,6,https://api-scuda.uat.oci.krungsri.tech/ords/api/v1/customer/joint/searchprofile,26,0,14
1778852001602,145,UpdateJoint,200,OK,UpdateJoint 12-26,text,true,,800,4601,1,7,https://api-scuda.uat.oci.krungsri.tech/ic/api/v1/customer/joint/updateprofile,145,0,23
1778852001690,145,UpdateJuristic,200,OK,UpdateJuristic 8-25,text,true,,800,4427,1,9,https://api-scuda.uat.oci.krungsri.tech/ic/api/v1/customer/juristic/updateprofile,145,0,14
1778852001739,103,GetJuristic,200,OK,GetJuristic 5-26,text,true,,3502,3533,1,8,https://api-scuda.uat.oci.krungsri.tech/ic/api/v1/customer/juristic/getprofile,103,0,31
1778852001757,125,UpdateIndividual,200,OK,UpdateIndividual 4-26,text,true,,800,4227,3,10,https://api-scuda.uat.oci.krungsri.tech/ic/api/v1/customer/individual/updateprofile,125,0,20
1778852001829,57,SearchJoint,200,OK,SearchJoint 10-27,text,true,,621,2627,1,9,https://api-scuda.uat.oci.krungsri.tech/ords/api/v1/customer/joint/searchprofile,57,0,36
1778852001743,158,UpdateIndividual,200,OK,UpdateIndividual 4-25,text,true,,800,5603,2,8,https://api-scuda.uat.oci.krungsri.tech/ic/api/v1/customer/individual/updateprofile,158,0,21
1778852001882,49,SearchJuristic,200,OK,SearchJuristic 6-25,text,true,,620,2620,1,7,https://api-scuda.uat.oci.krungsri.tech/ords/api/v1/customer/juristic/searchprofile,49,0,37
1778852001859,105,GetIndividual,200,OK,GetIndividual 1-26,text,true,,3811,3588,1,6,https://api-scuda.uat.oci.krungsri.tech/ic/api/v1/customer/individual/getprofile,105,0,21
1778852001627,346,CreateIndividual,201,Created,CreateIndividual 3-26,text,true,,1171,8335,1,5,https://api-scuda.uat.oci.krungsri.tech/ic/api/v1/customer/individual/createprofile,346,0,29
1778852001712,263,GetJoint,200,OK,GetJoint 9-25,text,true,,1431,3530,1,4,https://api-scuda.uat.oci.krungsri.tech/ic/api/v1/customer/joint/getprofile,263,0,20
1778852001779,201,CreateJoint,200,OK,CreateJoint 11-25,text,true,,1813,6020,1,3,https://api-scuda.uat.oci.krungsri.tech/ic/api/v1/customer/joint/createprofile,201,0,19
1778852001985,35,SearchJuristic,200,OK,SearchJuristic 6-26,text,true,,621,2611,1,4,https://api-scuda.uat.oci.krungsri.tech/ords/api/v1/customer/juristic/searchprofile,35,0,26
1778852002010,88,GetIndividual,200,OK,GetIndividual 1-27,text,true,,3825,3588,1,6,https://api-scuda.uat.oci.krungsri.tech/ic/api/v1/customer/individual/getprofile,88,0,9
1778852002084,27,SearchJuristic,200,OK,SearchJuristic 6-27,text,true,,621,2615,1,5,https://api-scuda.uat.oci.krungsri.tech/ords/api/v1/customer/juristic/searchprofile,27,0,17
1778852001876,261,UpdateIndividual,200,OK,UpdateIndividual 4-27,text,true,,800,5627,1,4,https://api-scuda.uat.oci.krungsri.tech/ic/api/v1/customer/individual/updateprofile,261,0,34
1778852001732,425,CreateJuristic,201,Created,CreateJuristic 7-25,text,true,,1172,8040,1,3,https://api-scuda.uat.oci.krungsri.tech/ic/api/v1/customer/juristic/createprofile,425,0,25
1778852002174,29,SearchIndividual,200,OK,SearchIndividual 2-26,text,true,,621,2613,1,5,https://api-scuda.uat.oci.krungsri.tech/ords/api/v1/customer/individual/searchprofile,29,0,20
1778852002248,39,SearchIndividual,200,OK,SearchIndividual 2-27,text,true,,621,2629,1,6,https://api-scuda.uat.oci.krungsri.tech/ords/api/v1/customer/individual/searchprofile,39,0,26
1778852002040,273,CreateJoint,200,OK,CreateJoint 11-26,text,true,,1813,6052,2,8,https://api-scuda.uat.oci.krungsri.tech/ic/api/v1/customer/joint/createprofile,273,0,18
1778852002047,320,CreateIndividual,201,Created,CreateIndividual 3-27,text,true,,1172,8442,1,7,https://api-scuda.uat.oci.krungsri.tech/ic/api/v1/customer/individual/createprofile,320,0,21
1778852002306,89,GetJuristic,200,OK,GetJuristic 5-27,text,true,,3504,3532,1,8,https://api-scuda.uat.oci.krungsri.tech/ic/api/v1/customer/juristic/getprofile,89,0,14
1778852002300,141,UpdateJuristic,200,OK,UpdateJuristic 8-27,text,true,,800,4430,2,8,https://api-scuda.uat.oci.krungsri.tech/ic/api/v1/customer/juristic/updateprofile,141,0,22
1778852002372,84,GetJoint,200,OK,GetJoint 9-26,text,true,,1431,3530,2,8,https://api-scuda.uat.oci.krungsri.tech/ic/api/v1/customer/joint/getprofile,84,0,13
1778852002276,205,CreateJoint,200,OK,CreateJoint 11-27,text,true,,1813,6111,1,9,https://api-scuda.uat.oci.krungsri.tech/ic/api/v1/customer/joint/createprofile,205,0,24
1778852002397,108,GetJoint,200,OK,GetJoint 9-27,text,true,,1429,3530,1,11,https://api-scuda.uat.oci.krungsri.tech/ic/api/v1/customer/joint/getprofile,108,0,21
1778852002373,137,UpdateJoint,200,OK,UpdateJoint 12-27,text,true,,800,4559,1,10,https://api-scuda.uat.oci.krungsri.tech/ic/api/v1/customer/joint/updateprofile,137,0,15
1778852002506,31,SearchJuristic,200,OK,SearchJuristic 6-28,text,true,,621,2611,1,11,https://api-scuda.uat.oci.krungsri.tech/ords/api/v1/customer/juristic/searchprofile,31,0,20
1778852002169,374,CreateJuristic,201,Created,CreateJuristic 7-26,text,true,,1172,8059,3,10,https://api-scuda.uat.oci.krungsri.tech/ic/api/v1/customer/juristic/createprofile,374,0,19
1778852002163,381,UpdateJuristic,200,OK,UpdateJuristic 8-26,text,true,,800,5860,3,9,https://api-scuda.uat.oci.krungsri.tech/ic/api/v1/customer/juristic/updateprofile,381,0,69
1778852002535,28,SearchIndividual,200,OK,SearchIndividual 2-28,text,true,,621,2614,1,9,https://api-scuda.uat.oci.krungsri.tech/ords/api/v1/customer/individual/searchprofile,28,0,19
1778852002498,75,GetJuristic,200,OK,GetJuristic 5-28,text,true,,3477,3533,1,9,https://api-scuda.uat.oci.krungsri.tech/ic/api/v1/customer/juristic/getprofile,75,0,16
1778852002557,31,SearchJuristic,200,OK,SearchJuristic 6-29,text,true,,621,2611,1,9,https://api-scuda.uat.oci.krungsri.tech/ords/api/v1/customer/juristic/searchprofile,31,0,20
1778852002572,35,SearchJoint,200,OK,SearchJoint 10-28,text,true,,621,2627,1,8,https://api-scuda.uat.oci.krungsri.tech/ords/api/v1/customer/joint/searchprofile,34,0,19
1778852002462,200,UpdateJuristic,200,OK,UpdateJuristic 8-29,text,true,,800,5767,2,10,https://api-scuda.uat.oci.krungsri.tech/ic/api/v1/customer/juristic/updateprofile,200,0,20
1778852002538,140,UpdateJoint,200,OK,UpdateJoint 12-28,text,true,,800,4535,1,10,https://api-scuda.uat.oci.krungsri.tech/ic/api/v1/customer/joint/updateprofile,140,0,18
1778852002448,301,UpdateJuristic,200,OK,UpdateJuristic 8-28,text,true,,800,5779,1,13,https://api-scuda.uat.oci.krungsri.tech/ic/api/v1/customer/juristic/updateprofile,301,0,17
1778852002314,442,CreateJuristic,201,Created,CreateJuristic 7-27,text,true,,1172,8158,4,13,https://api-scuda.uat.oci.krungsri.tech/ic/api/v1/customer/juristic/createprofile,442,0,17
1778852002738,30,SearchJoint,200,OK,SearchJoint 10-29,text,true,,621,2627,1,12,https://api-scuda.uat.oci.krungsri.tech/ords/api/v1/customer/joint/searchprofile,30,0,19
1778852002683,91,GetJuristic,200,OK,GetJuristic 5-29,text,true,,3476,3533,2,12,https://api-scuda.uat.oci.krungsri.tech/ic/api/v1/customer/juristic/getprofile,91,0,23
1778852002711,98,GetJoint,200,OK,GetJoint 9-28,text,true,,1431,3530,1,12,https://api-scuda.uat.oci.krungsri.tech/ic/api/v1/customer/joint/getprofile,98,0,20
1778852002643,168,UpdateIndividual,200,OK,UpdateIndividual 4-28,text,true,,800,5625,1,11,https://api-scuda.uat.oci.krungsri.tech/ic/api/v1/customer/individual/updateprofile,168,0,21
1778852002781,38,SearchIndividual,200,OK,SearchIndividual 2-29,text,true,,621,2613,1,10,https://api-scuda.uat.oci.krungsri.tech/ords/api/v1/customer/individual/searchprofile,38,0,26
1778852002758,89,GetJuristic,200,OK,GetJuristic 5-30,text,true,,3526,3533,1,10,https://api-scuda.uat.oci.krungsri.tech/ic/api/v1/customer/juristic/getprofile,89,0,16
1778852002582,273,CreateJoint,200,OK,CreateJoint 11-28,text,true,,1813,6036,2,10,https://api-scuda.uat.oci.krungsri.tech/ic/api/v1/customer/joint/createprofile,273,0,19
1778852002482,384,CreateJuristic,201,Created,CreateJuristic 7-28,text,true,,1172,7831,3,9,https://api-scuda.uat.oci.krungsri.tech/ic/api/v1/customer/juristic/createprofile,384,0,22
1778852002487,392,CreateIndividual,201,Created,CreateIndividual 3-28,text,true,,1172,8278,2,8,https://api-scuda.uat.oci.krungsri.tech/ic/api/v1/customer/individual/createprofile,392,0,14
1778852002681,213,CreateJoint,200,OK,CreateJoint 11-29,text,true,,1812,6113,1,7,https://api-scuda.uat.oci.krungsri.tech/ic/api/v1/customer/joint/createprofile,213,0,23
1778852002773,156,UpdateJuristic,200,OK,UpdateJuristic 8-30,text,true,,800,4428,1,7,https://api-scuda.uat.oci.krungsri.tech/ic/api/v1/customer/juristic/updateprofile,156,0,33
1778852002855,152,UpdateIndividual,200,OK,UpdateIndividual 4-29,text,true,,800,5637,2,8,https://api-scuda.uat.oci.krungsri.tech/ic/api/v1/customer/individual/updateprofile,152,0,21
1778852002689,328,CreateIndividual,201,Created,CreateIndividual 3-29,text,true,,1172,8766,2,7,https://api-scuda.uat.oci.krungsri.tech/ic/api/v1/customer/individual/createprofile,328,0,16
1778852002647,377,CreateJuristic,201,Created,CreateJuristic 7-29,text,true,,1172,8137,2,6,https://api-scuda.uat.oci.krungsri.tech/ic/api/v1/customer/juristic/createprofile,377,0,22
1778852002841,196,UpdateJoint,200,OK,UpdateJoint 12-29,text,true,,800,3614,1,5,https://api-scuda.uat.oci.krungsri.tech/ic/api/v1/customer/joint/updateprofile,196,0,20
1778852002648,391,CreateJuristic,201,Created,CreateJuristic 7-30,text,true,,1172,8063,1,4,https://api-scuda.uat.oci.krungsri.tech/ic/api/v1/customer/juristic/createprofile,391,0,18
1778852002899,153,UpdateIndividual,200,OK,UpdateIndividual 4-30,text,true,,800,5605,1,4,https://api-scuda.uat.oci.krungsri.tech/ic/api/v1/customer/individual/updateprofile,153,0,20
1778852002988,85,GetJoint,200,OK,GetJoint 9-29,text,true,,1431,3530,1,3,https://api-scuda.uat.oci.krungsri.tech/ic/api/v1/customer/joint/getprofile,85,0,18
1778852003157,40,SearchJuristic,200,OK,SearchJuristic 6-30,text,true,,7330,2612,1,8,https://api-scuda.uat.oci.krungsri.tech/ords/api/v1/customer/juristic/searchprofile,40,0,15
1778852002968,304,CreateIndividual,201,Created,CreateIndividual 3-30,text,true,,1172,8224,2,13,https://api-scuda.uat.oci.krungsri.tech/ic/api/v1/customer/individual/createprofile,304,0,22
1778852003186,90,GetIndividual,200,OK,GetIndividual 1-29,text,true,,3846,3588,3,12,https://api-scuda.uat.oci.krungsri.tech/ic/api/v1/customer/individual/getprofile,90,0,16
1778852003127,167,UpdateJoint,200,OK,UpdateJoint 12-30,text,true,,800,4480,2,12,https://api-scuda.uat.oci.krungsri.tech/ic/api/v1/customer/joint/updateprofile,167,0,20
1778852003221,93,GetJoint,200,OK,GetJoint 9-30,text,true,,1429,3530,2,13,https://api-scuda.uat.oci.krungsri.tech/ic/api/v1/customer/joint/getprofile,93,0,28
1778852003218,115,UpdateJoint,200,OK,UpdateJoint 12-31,text,true,,800,3614,1,13,https://api-scuda.uat.oci.krungsri.tech/ic/api/v1/customer/joint/updateprofile,115,0,21
1778852003238,95,GetJoint,200,OK,GetJoint 9-31,text,true,,1428,3529,1,12,https://api-scuda.uat.oci.krungsri.tech/ic/api/v1/customer/joint/getprofile,95,0,24
1778852003302,33,SearchJoint,200,OK,SearchJoint 10-30,text,true,,621,2627,1,12,https://api-scuda.uat.oci.krungsri.tech/ords/api/v1/customer/joint/searchprofile,32,0,22
1778852003314,31,SearchIndividual,200,OK,SearchIndividual 2-30,text,true,,620,2611,1,11,https://api-scuda.uat.oci.krungsri.tech/ords/api/v1/customer/individual/searchprofile,31,0,20
1778852003256,91,GetIndividual,200,OK,GetIndividual 1-30,text,true,,3784,3588,2,10,https://api-scuda.uat.oci.krungsri.tech/ic/api/v1/customer/individual/getprofile,91,0,20
1778852003154,197,CreateJoint,200,OK,CreateJoint 11-30,text,true,,1813,5888,2,10,https://api-scuda.uat.oci.krungsri.tech/ic/api/v1/customer/joint/createprofile,197,0,23
1778852003331,28,SearchJuristic,200,OK,SearchJuristic 6-31,text,true,,620,2611,1,10,https://api-scuda.uat.oci.krungsri.tech/ords/api/v1/customer/juristic/searchprofile,28,0,18
1778852003179,187,UpdateJuristic,200,OK,UpdateJuristic 8-31,text,true,,800,5742,1,9,https://api-scuda.uat.oci.krungsri.tech/ic/api/v1/customer/juristic/updateprofile,187,0,17
1778852003053,321,CreateIndividual,201,Created,CreateIndividual 3-31,text,true,,1172,8538,1,8,https://api-scuda.uat.oci.krungsri.tech/ic/api/v1/customer/individual/createprofile,321,0,26
1778852003350,32,SearchIndividual,200,OK,SearchIndividual 2-31,text,true,,621,2613,1,7,https://api-scuda.uat.oci.krungsri.tech/ords/api/v1/customer/individual/searchprofile,32,0,22
1778852003266,118,UpdateIndividual,200,OK,UpdateIndividual 4-31,text,true,,800,4227,1,6,https://api-scuda.uat.oci.krungsri.tech/ic/api/v1/customer/individual/updateprofile,118,0,28
1778852003356,32,SearchJoint,200,OK,SearchJoint 10-31,text,true,,620,2626,1,6,https://api-scuda.uat.oci.krungsri.tech/ords/api/v1/customer/joint/searchprofile,32,0,20
1778852003288,101,GetJuristic,200,OK,GetJuristic 5-31,text,true,,3538,3533,1,5,https://api-scuda.uat.oci.krungsri.tech/ic/api/v1/customer/juristic/getprofile,101,0,24
1778852003104,331,GetIndividual,200,OK,GetIndividual 1-28,text,true,,3895,3588,2,4,https://api-scuda.uat.oci.krungsri.tech/ic/api/v1/customer/individual/getprofile,331,0,21
1778852003271,197,CreateJoint,200,OK,CreateJoint 11-31,text,true,,1813,5682,1,4,https://api-scuda.uat.oci.krungsri.tech/ic/api/v1/customer/joint/createprofile,197,0,22
1778852003386,82,GetIndividual,200,OK,GetIndividual 1-31,text,true,,3867,3587,1,4,https://api-scuda.uat.oci.krungsri.tech/ic/api/v1/customer/individual/getprofile,82,0,12
1778852003474,25,SearchJoint,200,OK,SearchJoint 10-32,text,true,,621,2627,1,6,https://api-scuda.uat.oci.krungsri.tech/ords/api/v1/customer/joint/searchprofile,25,0,15
1778852003479,32,SearchIndividual,200,OK,SearchIndividual 2-32,text,true,,621,2613,1,5,https://api-scuda.uat.oci.krungsri.tech/ords/api/v1/customer/individual/searchprofile,32,0,22
1778852003452,89,GetJoint,200,OK,GetJoint 9-32,text,true,,1431,3530,1,4,https://api-scuda.uat.oci.krungsri.tech/ic/api/v1/customer/joint/getprofile,89,0,15
1778852003499,101,GetIndividual,200,OK,GetIndividual 1-32,text,true,,3787,3587,2,5,https://api-scuda.uat.oci.krungsri.tech/ic/api/v1/customer/individual/getprofile,101,0,24
1778852003575,111,UpdateJoint,200,OK,UpdateJoint 12-32,text,true,,800,3614,2,8,https://api-scuda.uat.oci.krungsri.tech/ic/api/v1/customer/joint/updateprofile,111,0,14
1778852003595,91,GetIndividual,200,OK,GetIndividual 1-33,text,true,,3853,3588,1,8,https://api-scuda.uat.oci.krungsri.tech/ic/api/v1/customer/individual/getprofile,91,0,19
1778852003338,365,CreateJuristic,201,Created,CreateJuristic 7-31,text,true,,1171,7882,2,7,https://api-scuda.uat.oci.krungsri.tech/ic/api/v1/customer/juristic/createprofile,365,0,14
1778852003704,31,SearchJoint,200,OK,SearchJoint 10-33,text,true,,621,2627,1,10,https://api-scuda.uat.oci.krungsri.tech/ords/api/v1/customer/joint/searchprofile,31,0,20
1778852003730,22,SearchIndividual,200,OK,SearchIndividual 2-33,text,true,,621,2603,1,9,https://api-scuda.uat.oci.krungsri.tech/ords/api/v1/customer/individual/searchprofile,22,0,13
1778852003724,31,SearchJuristic,200,OK,SearchJuristic 6-32,text,true,,7710,2606,1,8,https://api-scuda.uat.oci.krungsri.tech/ords/api/v1/customer/juristic/searchprofile,31,0,20
1778852003481,318,CreateIndividual,201,Created,CreateIndividual 3-32,text,true,,1172,8885,2,7,https://api-scuda.uat.oci.krungsri.tech/ic/api/v1/customer/individual/createprofile,318,0,23
1778852003667,164,UpdateJoint,200,OK,UpdateJoint 12-33,text,true,,800,4456,1,7,https://api-scuda.uat.oci.krungsri.tech/ic/api/v1/customer/joint/updateprofile,164,0,29
1778852003823,32,SearchJuristic,200,OK,SearchJuristic 6-33,text,true,,621,2610,1,9,https://api-scuda.uat.oci.krungsri.tech/ords/api/v1/customer/juristic/searchprofile,31,0,22
1778852003630,274,CreateJoint,200,OK,CreateJoint 11-32,text,true,,1813,5910,2,10,https://api-scuda.uat.oci.krungsri.tech/ic/api/v1/customer/joint/createprofile,274,0,19
1778852003894,25,SearchIndividual,200,OK,SearchIndividual 2-34,text,true,,621,2613,1,10,https://api-scuda.uat.oci.krungsri.tech/ords/api/v1/customer/individual/searchprofile,25,0,15
1778852003619,325,CreateIndividual,201,Created,CreateIndividual 3-33,text,true,,1172,8347,1,12,https://api-scuda.uat.oci.krungsri.tech/ic/api/v1/customer/individual/createprofile,325,0,20
1778852003847,109,GetIndividual,200,OK,GetIndividual 1-34,text,true,,3889,3588,1,12,https://api-scuda.uat.oci.krungsri.tech/ic/api/v1/customer/individual/getprofile,109,0,29
1778852003847,111,UpdateIndividual,200,OK,UpdateIndividual 4-32,text,true,,800,4228,2,11,https://api-scuda.uat.oci.krungsri.tech/ic/api/v1/customer/individual/updateprofile,111,0,15
1778852003878,99,GetJuristic,200,OK,GetJuristic 5-32,text,true,,3468,3533,1,11,https://api-scuda.uat.oci.krungsri.tech/ic/api/v1/customer/juristic/getprofile,99,0,16
1778852003945,41,SearchJoint,200,OK,SearchJoint 10-34,text,true,,621,2627,1,10,https://api-scuda.uat.oci.krungsri.tech/ords/api/v1/customer/joint/searchprofile,41,0,25
1778852003705,300,CreateJoint,200,OK,CreateJoint 11-33,text,true,,1813,5866,2,10,https://api-scuda.uat.oci.krungsri.tech/ic/api/v1/customer/joint/createprofile,300,0,21
1778852003991,30,SearchJuristic,200,OK,SearchJuristic 6-34,text,true,,621,2611,1,9,https://api-scuda.uat.oci.krungsri.tech/ords/api/v1/customer/juristic/searchprofile,29,0,16
1778852003968,89,GetJoint,200,OK,GetJoint 9-33,text,true,,1431,3530,1,8,https://api-scuda.uat.oci.krungsri.tech/ic/api/v1/customer/joint/getprofile,89,0,19
1778852003930,148,UpdateIndividual,200,OK,UpdateIndividual 4-33,text,true,,800,4227,1,9,https://api-scuda.uat.oci.krungsri.tech/ic/api/v1/customer/individual/updateprofile,148,0,16
1778852003940,142,UpdateJoint,200,OK,UpdateJoint 12-34,text,true,,800,3614,1,9,https://api-scuda.uat.oci.krungsri.tech/ic/api/v1/customer/joint/updateprofile,142,0,22
1778852003647,444,CreateJuristic,201,Created,CreateJuristic 7-32,text,true,,1172,8105,3,8,https://api-scuda.uat.oci.krungsri.tech/ic/api/v1/customer/juristic/createprofile,444,0,17
1778852003707,443,CreateJuristic,201,Created,CreateJuristic 7-33,text,true,,1172,8322,2,9,https://api-scuda.uat.oci.krungsri.tech/ic/api/v1/customer/juristic/createprofile,443,0,13
1778852004072,81,GetJuristic,200,OK,GetJuristic 5-33,text,true,,3454,3533,2,9,https://api-scuda.uat.oci.krungsri.tech/ic/api/v1/customer/juristic/getprofile,81,0,16
1778852003940,280,CreateJoint,200,OK,CreateJoint 11-34,text,true,,1813,5923,2,12,https://api-scuda.uat.oci.krungsri.tech/ic/api/v1/customer/joint/createprofile,280,0,17
1778852004146,79,GetJuristic,200,OK,GetJuristic 5-34,text,true,,3487,3533,1,11,https://api-scuda.uat.oci.krungsri.tech/ic/api/v1/customer/juristic/getprofile,79,0,15
1778852004154,95,GetJoint,200,OK,GetJoint 9-34,text,true,,1429,3530,1,12,https://api-scuda.uat.oci.krungsri.tech/ic/api/v1/customer/joint/getprofile,95,0,20
1778852003843,411,UpdateJuristic,200,OK,UpdateJuristic 8-32,text,true,,800,5819,3,12,https://api-scuda.uat.oci.krungsri.tech/ic/api/v1/customer/juristic/updateprofile,411,0,22
1778852004077,191,UpdateJuristic,200,OK,UpdateJuristic 8-33,text,true,,800,5780,2,12,https://api-scuda.uat.oci.krungsri.tech/ic/api/v1/customer/juristic/updateprofile,191,0,16
1778852004220,49,SearchJoint,200,OK,SearchJoint 10-35,text,true,,621,2627,1,11,https://api-scuda.uat.oci.krungsri.tech/ords/api/v1/customer/joint/searchprofile,49,0,37
1778852004242,35,SearchIndividual,200,OK,SearchIndividual 2-35,text,true,,621,2641,1,10,https://api-scuda.uat.oci.krungsri.tech/ords/api/v1/customer/individual/searchprofile,35,0,25
1778852004085,196,CreateJoint,200,OK,CreateJoint 11-35,text,true,,1813,5859,1,9,https://api-scuda.uat.oci.krungsri.tech/ic/api/v1/customer/joint/createprofile,196,0,26
1778852004140,150,UpdateIndividual,200,OK,UpdateIndividual 4-34,text,true,,800,5616,2,8,https://api-scuda.uat.oci.krungsri.tech/ic/api/v1/customer/individual/updateprofile,150,0,21
1778852003916,399,CreateJuristic,201,Created,CreateJuristic 7-34,text,true,,1172,7837,1,7,https://api-scuda.uat.oci.krungsri.tech/ic/api/v1/customer/juristic/createprofile,399,0,18
1778852004187,148,UpdateJoint,200,OK,UpdateJoint 12-35,text,true,,800,4499,1,6,https://api-scuda.uat.oci.krungsri.tech/ic/api/v1/customer/joint/updateprofile,148,0,15
1778852004250,92,GetIndividual,200,OK,GetIndividual 1-35,text,true,,3857,3588,1,5,https://api-scuda.uat.oci.krungsri.tech/ic/api/v1/customer/individual/getprofile,92,0,18
1778852004266,117,UpdateIndividual,200,OK,UpdateIndividual 4-35,text,true,,800,4227,1,5,https://api-scuda.uat.oci.krungsri.tech/ic/api/v1/customer/individual/updateprofile,117,0,20
1778852004223,164,UpdateJuristic,200,OK,UpdateJuristic 8-34,text,true,,800,4429,2,5,https://api-scuda.uat.oci.krungsri.tech/ic/api/v1/customer/juristic/updateprofile,164,0,37
1778852004359,93,GetJuristic,200,OK,GetJuristic 5-35,text,true,,3485,3533,1,7,https://api-scuda.uat.oci.krungsri.tech/ic/api/v1/customer/juristic/getprofile,92,0,20
1778852004431,31,SearchJuristic,200,OK,SearchJuristic 6-35,text,true,,621,2611,1,7,https://api-scuda.uat.oci.krungsri.tech/ords/api/v1/customer/juristic/searchprofile,31,0,21
1778852004424,96,GetJoint,200,OK,GetJoint 9-35,text,true,,1429,3530,2,10,https://api-scuda.uat.oci.krungsri.tech/ic/api/v1/customer/joint/getprofile,96,0,23
1778852004389,144,UpdateJuristic,200,OK,UpdateJuristic 8-35,text,true,,800,4429,2,9,https://api-scuda.uat.oci.krungsri.tech/ic/api/v1/customer/juristic/updateprofile,144,0,16
1778852004519,33,SearchJuristic,200,OK,SearchJuristic 6-36,text,true,,9579,2615,1,8,https://api-scuda.uat.oci.krungsri.tech/ords/api/v1/customer/juristic/searchprofile,33,0,20
1778852004215,338,CreateIndividual,201,Created,CreateIndividual 3-34,text,true,,1172,8316,3,8,https://api-scuda.uat.oci.krungsri.tech/ic/api/v1/customer/individual/createprofile,338,0,22
1778852004258,305,CreateIndividual,201,Created,CreateIndividual 3-35,text,true,,1172,8610,2,6,https://api-scuda.uat.oci.krungsri.tech/ic/api/v1/customer/individual/createprofile,305,0,26
1778852004492,91,GetJoint,200,OK,GetJoint 9-36,text,true,,1431,3530,1,5,https://api-scuda.uat.oci.krungsri.tech/ic/api/v1/customer/joint/getprofile,91,0,23
1778852004509,203,UpdateJuristic,200,OK,UpdateJuristic 8-36,text,true,,800,5849,1,9,https://api-scuda.uat.oci.krungsri.tech/ic/api/v1/customer/juristic/updateprofile,203,0,21
1778852004625,98,GetIndividual,200,OK,GetIndividual 1-36,text,true,,3777,3588,1,10,https://api-scuda.uat.oci.krungsri.tech/ic/api/v1/customer/individual/getprofile,98,0,29
1778852004653,86,GetJuristic,200,OK,GetJuristic 5-36,text,true,,3479,3533,2,9,https://api-scuda.uat.oci.krungsri.tech/ic/api/v1/customer/juristic/getprofile,86,0,16
1778852004699,41,SearchIndividual,200,OK,SearchIndividual 2-36,text,true,,621,2623,1,8,https://api-scuda.uat.oci.krungsri.tech/ords/api/v1/customer/individual/searchprofile,41,0,29
1778852004513,228,UpdateJoint,200,OK,UpdateJoint 12-36,text,true,,800,4554,2,7,https://api-scuda.uat.oci.krungsri.tech/ic/api/v1/customer/joint/updateprofile,228,0,21
1778852004459,311,CreateIndividual,201,Created,CreateIndividual 3-36,text,true,,1172,8326,1,7,https://api-scuda.uat.oci.krungsri.tech/ic/api/v1/customer/individual/createprofile,311,0,10
1778852004682,99,GetJuristic,200,OK,GetJuristic 5-37,text,true,,3542,3533,1,6,https://api-scuda.uat.oci.krungsri.tech/ic/api/v1/customer/juristic/getprofile,99,0,21
1778852004437,365,CreateJuristic,201,Created,CreateJuristic 7-35,text,true,,1172,7765,3,5,https://api-scuda.uat.oci.krungsri.tech/ic/api/v1/customer/juristic/createprofile,365,0,17
1778852004725,111,UpdateJoint,200,OK,UpdateJoint 12-37,text,true,,800,3614,1,6,https://api-scuda.uat.oci.krungsri.tech/ic/api/v1/customer/joint/updateprofile,111,0,19
1778852004721,171,UpdateIndividual,200,OK,UpdateIndividual 4-36,text,true,,800,5644,1,8,https://api-scuda.uat.oci.krungsri.tech/ic/api/v1/customer/individual/updateprofile,171,0,22
1778852004830,85,GetJuristic,200,OK,GetJuristic 5-38,text,true,,3516,3533,2,13,https://api-scuda.uat.oci.krungsri.tech/ic/api/v1/customer/juristic/getprofile,85,0,20
1778852004887,35,SearchJuristic,200,OK,SearchJuristic 6-37,text,true,,621,2612,1,12,https://api-scuda.uat.oci.krungsri.tech/ords/api/v1/customer/juristic/searchprofile,35,0,17
1778852004898,48,SearchJoint,200,OK,SearchJoint 10-36,text,true,,621,2627,2,14,https://api-scuda.uat.oci.krungsri.tech/ords/api/v1/customer/joint/searchprofile,48,0,18
1778852004865,92,GetJuristic,200,OK,GetJuristic 5-39,text,true,,3524,3533,1,13,https://api-scuda.uat.oci.krungsri.tech/ic/api/v1/customer/juristic/getprofile,92,0,20
1778852004930,36,SearchJoint,200,OK,SearchJoint 10-37,text,true,,621,2627,1,13,https://api-scuda.uat.oci.krungsri.tech/ords/api/v1/customer/joint/searchprofile,36,0,21
1778852004938,34,SearchIndividual,200,OK,SearchIndividual 2-37,text,true,,621,2622,1,13,https://api-scuda.uat.oci.krungsri.tech/ords/api/v1/customer/individual/searchprofile,34,0,24
1778852004900,93,GetJoint,200,OK,GetJoint 9-37,text,true,,1429,3530,2,12,https://api-scuda.uat.oci.krungsri.tech/ic/api/v1/customer/joint/getprofile,93,0,23
1778852004600,399,CreateJuristic,201,Created,CreateJuristic 7-36,text,true,,1171,8045,2,11,https://api-scuda.uat.oci.krungsri.tech/ic/api/v1/customer/juristic/createprofile,399,0,13
1778852004824,186,CreateJoint,200,OK,CreateJoint 11-36,text,true,,1813,5875,3,11,https://api-scuda.uat.oci.krungsri.tech/ic/api/v1/customer/joint/createprofile,186,0,14
1778852004913,100,GetJoint,200,OK,GetJoint 9-38,text,true,,1431,3530,1,10,https://api-scuda.uat.oci.krungsri.tech/ic/api/v1/customer/joint/getprofile,100,0,30
1778852004912,161,UpdateIndividual,200,OK,UpdateIndividual 4-37,text,true,,800,5529,1,11,https://api-scuda.uat.oci.krungsri.tech/ic/api/v1/customer/individual/updateprofile,161,0,28
1778852004975,107,UpdateJoint,200,OK,UpdateJoint 12-39,text,true,,800,3614,2,10,https://api-scuda.uat.oci.krungsri.tech/ic/api/v1/customer/joint/updateprofile,107,0,15
1778852005002,86,GetIndividual,200,OK,GetIndividual 1-37,text,true,,3853,3588,1,9,https://api-scuda.uat.oci.krungsri.tech/ic/api/v1/customer/individual/getprofile,86,0,18
1778852005063,33,SearchJuristic,200,OK,SearchJuristic 6-38,text,true,,621,2611,1,8,https://api-scuda.uat.oci.krungsri.tech/ords/api/v1/customer/juristic/searchprofile,33,0,20
1778852004966,175,UpdateJoint,200,OK,UpdateJoint 12-38,text,true,,800,4514,1,10,https://api-scuda.uat.oci.krungsri.tech/ic/api/v1/customer/joint/updateprofile,175,0,38
1778852005119,26,SearchIndividual,200,OK,SearchIndividual 2-38,text,true,,621,2612,1,9,https://api-scuda.uat.oci.krungsri.tech/ords/api/v1/customer/individual/searchprofile,26,0,17
1778852005119,30,SearchJoint,200,OK,SearchJoint 10-38,text,true,,621,2627,1,8,https://api-scuda.uat.oci.krungsri.tech/ords/api/v1/customer/joint/searchprofile,30,0,21
1778852004850,301,UpdateJuristic,200,OK,UpdateJuristic 8-37,text,true,,800,5776,2,7,https://api-scuda.uat.oci.krungsri.tech/ic/api/v1/customer/juristic/updateprofile,301,0,17
1778852004943,218,CreateJoint,200,OK,CreateJoint 11-38,text,true,,1813,6057,3,7,https://api-scuda.uat.oci.krungsri.tech/ic/api/v1/customer/joint/createprofile,218,0,17
1778852005067,95,GetJoint,200,OK,GetJoint 9-39,text,true,,1431,3530,1,6,https://api-scuda.uat.oci.krungsri.tech/ic/api/v1/customer/joint/getprofile,95,0,29
1778852004759,420,CreateJuristic,201,Created,CreateJuristic 7-37,text,true,,1172,8354,1,6,https://api-scuda.uat.oci.krungsri.tech/ic/api/v1/customer/juristic/createprofile,420,0,15
1778852005180,30,SearchJuristic,200,OK,SearchJuristic 6-39,text,true,,621,2611,1,5,https://api-scuda.uat.oci.krungsri.tech/ords/api/v1/customer/juristic/searchprofile,30,0,16
1778852004917,297,CreateJoint,200,OK,CreateJoint 11-37,text,true,,1813,6050,2,4,https://api-scuda.uat.oci.krungsri.tech/ic/api/v1/customer/joint/createprofile,297,0,24
1778852005127,152,UpdateJuristic,200,OK,UpdateJuristic 8-38,text,true,,800,4428,2,6,https://api-scuda.uat.oci.krungsri.tech/ic/api/v1/customer/juristic/updateprofile,152,0,23
1778852004912,410,CreateIndividual,201,Created,CreateIndividual 3-37,text,true,,1172,8490,1,6,https://api-scuda.uat.oci.krungsri.tech/ic/api/v1/customer/individual/createprofile,410,0,20
1778852005236,124,UpdateIndividual,200,OK,UpdateIndividual 4-39,text,true,,800,4230,2,8,https://api-scuda.uat.oci.krungsri.tech/ic/api/v1/customer/individual/updateprofile,124,0,23
1778852005285,82,GetIndividual,200,OK,GetIndividual 1-38,text,true,,3766,3588,1,7,https://api-scuda.uat.oci.krungsri.tech/ic/api/v1/customer/individual/getprofile,82,0,16
1778852005360,31,SearchJoint,200,OK,SearchJoint 10-39,text,true,,621,2627,1,6,https://api-scuda.uat.oci.krungsri.tech/ords/api/v1/customer/joint/searchprofile,31,0,18
1778852005221,193,UpdateIndividual,200,OK,UpdateIndividual 4-38,text,true,,800,4231,1,8,https://api-scuda.uat.oci.krungsri.tech/ic/api/v1/customer/individual/updateprofile,193,0,16
1778852005398,28,SearchIndividual,200,OK,SearchIndividual 2-39,text,true,,620,2601,1,8,https://api-scuda.uat.oci.krungsri.tech/ords/api/v1/customer/individual/searchprofile,28,0,18
1778852005251,196,UpdateJuristic,200,OK,UpdateJuristic 8-39,text,true,,800,5851,1,7,https://api-scuda.uat.oci.krungsri.tech/ic/api/v1/customer/juristic/updateprofile,196,0,21
1778852005160,293,CreateJoint,200,OK,CreateJoint 11-39,text,true,,1813,6064,1,7,https://api-scuda.uat.oci.krungsri.tech/ic/api/v1/customer/joint/createprofile,293,0,36
1778852005454,27,SearchJoint,200,OK,SearchJoint 10-40,text,true,,621,2627,1,9,https://api-scuda.uat.oci.krungsri.tech/ords/api/v1/customer/joint/searchprofile,27,0,17
1778852005413,99,GetIndividual,200,OK,GetIndividual 1-39,text,true,,3841,3588,3,10,https://api-scuda.uat.oci.krungsri.tech/ic/api/v1/customer/individual/getprofile,99,0,18
1778852005489,31,SearchJoint,200,OK,SearchJoint 10-41,text,true,,621,2627,1,10,https://api-scuda.uat.oci.krungsri.tech/ords/api/v1/customer/joint/searchprofile,31,0,21
1778852005463,90,GetIndividual,200,OK,GetIndividual 1-40,text,true,,3816,3588,2,11,https://api-scuda.uat.oci.krungsri.tech/ic/api/v1/customer/individual/getprofile,90,0,18
1778852005468,86,GetIndividual,200,OK,GetIndividual 1-41,text,true,,3837,3588,1,10,https://api-scuda.uat.oci.krungsri.tech/ic/api/v1/customer/individual/getprofile,86,0,15
1778852005537,31,SearchJuristic,200,OK,SearchJuristic 6-40,text,true,,621,2621,1,10,https://api-scuda.uat.oci.krungsri.tech/ords/api/v1/customer/juristic/searchprofile,30,0,20
1778852005489,144,UpdateIndividual,200,OK,UpdateIndividual 4-40,text,true,,800,5562,2,13,https://api-scuda.uat.oci.krungsri.tech/ic/api/v1/customer/individual/updateprofile,144,0,20
1778852005454,181,UpdateJuristic,200,OK,UpdateJuristic 8-40,text,true,,800,5761,1,12,https://api-scuda.uat.oci.krungsri.tech/ic/api/v1/customer/juristic/updateprofile,181,0,20
1778852005522,115,UpdateJoint,200,OK,UpdateJoint 12-40,text,true,,800,3614,1,11,https://api-scuda.uat.oci.krungsri.tech/ic/api/v1/customer/joint/updateprofile,115,0,16
1778852005617,29,SearchIndividual,200,OK,SearchIndividual 2-40,text,true,,621,2637,1,10,https://api-scuda.uat.oci.krungsri.tech/ords/api/v1/customer/individual/searchprofile,29,0,18
1778852005567,83,GetJuristic,200,OK,GetJuristic 5-40,text,true,,3501,3532,3,9,https://api-scuda.uat.oci.krungsri.tech/ic/api/v1/customer/juristic/getprofile,83,0,18
1778852005544,112,UpdateIndividual,200,OK,UpdateIndividual 4-41,text,true,,800,4227,1,8,https://api-scuda.uat.oci.krungsri.tech/ic/api/v1/customer/individual/updateprofile,112,0,22
1778852005599,84,GetJuristic,200,OK,GetJuristic 5-41,text,true,,3445,3531,2,7,https://api-scuda.uat.oci.krungsri.tech/ic/api/v1/customer/juristic/getprofile,84,0,14
1778852005332,362,CreateJuristic,201,Created,CreateJuristic 7-38,text,true,,1172,7514,2,6,https://api-scuda.uat.oci.krungsri.tech/ic/api/v1/customer/juristic/createprofile,362,0,22
1778852005599,99,GetJuristic,200,OK,GetJuristic 5-42,text,true,,3485,3531,1,5,https://api-scuda.uat.oci.krungsri.tech/ic/api/v1/customer/juristic/getprofile,99,0,23
1778852005344,379,CreateJuristic,201,Created,CreateJuristic 7-39,text,true,,1172,7665,2,5,https://api-scuda.uat.oci.krungsri.tech/ic/api/v1/customer/juristic/createprofile,379,0,21
1778852005428,296,CreateIndividual,201,Created,CreateIndividual 3-39,text,true,,1172,8029,3,4,https://api-scuda.uat.oci.krungsri.tech/ic/api/v1/customer/individual/createprofile,296,0,18
1778852005750,32,SearchJuristic,200,OK,SearchJuristic 6-41,text,true,,9382,2605,1,8,https://api-scuda.uat.oci.krungsri.tech/ords/api/v1/customer/juristic/searchprofile,32,0,21
1778852005787,30,SearchJuristic,200,OK,SearchJuristic 6-42,text,true,,621,2603,1,8,https://api-scuda.uat.oci.krungsri.tech/ords/api/v1/customer/juristic/searchprofile,30,0,13
1778852005746,90,GetJoint,200,OK,GetJoint 9-40,text,true,,1431,3530,1,9,https://api-scuda.uat.oci.krungsri.tech/ic/api/v1/customer/joint/getprofile,90,0,22
1778852005761,127,UpdateJoint,200,OK,UpdateJoint 12-41,text,true,,800,4501,2,10,https://api-scuda.uat.oci.krungsri.tech/ic/api/v1/customer/joint/updateprofile,127,0,17
1778852005411,480,CreateIndividual,201,Created,CreateIndividual 3-38,text,true,,1172,8009,2,9,https://api-scuda.uat.oci.krungsri.tech/ic/api/v1/customer/individual/createprofile,480,0,20
1778852005583,318,CreateIndividual,201,Created,CreateIndividual 3-40,text,true,,1172,8556,1,9,https://api-scuda.uat.oci.krungsri.tech/ic/api/v1/customer/individual/createprofile,318,0,10
1778852005908,23,SearchJoint,200,OK,SearchJoint 10-43,text,true,,621,2627,2,12,https://api-scuda.uat.oci.krungsri.tech/ords/api/v1/customer/joint/searchprofile,23,0,10
1778852005892,48,SearchJoint,200,OK,SearchJoint 10-42,text,true,,621,2627,1,12,https://api-scuda.uat.oci.krungsri.tech/ords/api/v1/customer/joint/searchprofile,47,0,31
1778852005748,202,CreateJoint,200,OK,CreateJoint 11-40,text,true,,1813,5921,2,11,https://api-scuda.uat.oci.krungsri.tech/ic/api/v1/customer/joint/createprofile,202,0,16
1778852005730,225,UpdateJuristic,200,OK,UpdateJuristic 8-41,text,true,,800,5740,2,10,https://api-scuda.uat.oci.krungsri.tech/ic/api/v1/customer/juristic/updateprofile,225,0,20
1778852005859,113,GetJoint,200,OK,GetJoint 9-42,text,true,,1431,3530,2,9,https://api-scuda.uat.oci.krungsri.tech/ic/api/v1/customer/joint/getprofile,113,0,21
1778852005825,155,UpdateJoint,200,OK,UpdateJoint 12-42,text,true,,800,4513,2,8,https://api-scuda.uat.oci.krungsri.tech/ic/api/v1/customer/joint/updateprofile,155,0,22
1778852005902,103,GetJuristic,200,OK,GetJuristic 5-43,text,true,,3528,3533,1,8,https://api-scuda.uat.oci.krungsri.tech/ic/api/v1/customer/juristic/getprofile,103,0,21
1778852005938,113,UpdateJoint,200,OK,UpdateJoint 12-43,text,true,,800,3614,1,10,https://api-scuda.uat.oci.krungsri.tech/ic/api/v1/customer/joint/updateprofile,113,0,24
1778852005832,227,CreateJoint,200,OK,CreateJoint 11-41,text,true,,1812,6032,2,10,https://api-scuda.uat.oci.krungsri.tech/ic/api/v1/customer/joint/createprofile,227,0,19
1778852006012,86,GetJoint,200,OK,GetJoint 9-43,text,true,,1429,3530,2,10,https://api-scuda.uat.oci.krungsri.tech/ic/api/v1/customer/joint/getprofile,86,0,9
1778852005915,205,UpdateJuristic,200,OK,UpdateJuristic 8-42,text,true,,798,5821,1,11,https://api-scuda.uat.oci.krungsri.tech/ic/api/v1/customer/juristic/updateprofile,205,0,23
1778852005711,426,CreateJuristic,201,Created,CreateJuristic 7-40,text,true,,1172,7961,2,11,https://api-scuda.uat.oci.krungsri.tech/ic/api/v1/customer/juristic/createprofile,426,0,14
1778852006119,33,SearchIndividual,200,OK,SearchIndividual 2-41,text,true,,620,2612,1,11,https://api-scuda.uat.oci.krungsri.tech/ords/api/v1/customer/individual/searchprofile,33,0,22
1778852006118,35,SearchJuristic,200,OK,SearchJuristic 6-43,text,true,,621,2612,1,11,https://api-scuda.uat.oci.krungsri.tech/ords/api/v1/customer/juristic/searchprofile,34,0,23
1778852006051,107,UpdateIndividual,200,OK,UpdateIndividual 4-42,text,true,,800,4229,2,9,https://api-scuda.uat.oci.krungsri.tech/ic/api/v1/customer/individual/updateprofile,107,0,12
1778852005859,331,GetJoint,200,OK,GetJoint 9-41,text,true,,1431,3530,1,9,https://api-scuda.uat.oci.krungsri.tech/ic/api/v1/customer/joint/getprofile,331,0,25
1778852006175,34,SearchIndividual,200,OK,SearchIndividual 2-42,text,true,,621,2601,1,8,https://api-scuda.uat.oci.krungsri.tech/ords/api/v1/customer/individual/searchprofile,34,0,24
1778852006008,213,CreateJoint,200,OK,CreateJoint 11-42,text,true,,1813,5898,2,7,https://api-scuda.uat.oci.krungsri.tech/ic/api/v1/customer/joint/createprofile,213,0,16
1778852006150,86,GetIndividual,200,OK,GetIndividual 1-42,text,true,,3853,3588,1,6,https://api-scuda.uat.oci.krungsri.tech/ic/api/v1/customer/individual/getprofile,86,0,19
1778852006248,26,SearchIndividual,200,OK,SearchIndividual 2-43,text,true,,621,2613,1,6,https://api-scuda.uat.oci.krungsri.tech/ords/api/v1/customer/individual/searchprofile,26,0,16
1778852005932,385,CreateJuristic,201,Created,CreateJuristic 7-41,text,true,,1172,7449,2,6,https://api-scuda.uat.oci.krungsri.tech/ic/api/v1/customer/juristic/createprofile,385,0,12
1778852006130,216,CreateJoint,200,OK,CreateJoint 11-43,text,true,,1813,6067,1,6,https://api-scuda.uat.oci.krungsri.tech/ic/api/v1/customer/joint/createprofile,216,0,21
1778852006060,308,CreateIndividual,201,Created,CreateIndividual 3-42,text,true,,1172,8041,2,6,https://api-scuda.uat.oci.krungsri.tech/ic/api/v1/customer/individual/createprofile,308,0,22
1778852006048,326,CreateIndividual,201,Created,CreateIndividual 3-41,text,true,,1172,8315,1,5,https://api-scuda.uat.oci.krungsri.tech/ic/api/v1/customer/individual/createprofile,326,0,20
1778852006365,88,GetIndividual,200,OK,GetIndividual 1-43,text,true,,3845,3588,1,8,https://api-scuda.uat.oci.krungsri.tech/ic/api/v1/customer/individual/getprofile,88,0,17
1778852006446,33,SearchJoint,200,OK,SearchJoint 10-44,text,true,,621,2627,1,8,https://api-scuda.uat.oci.krungsri.tech/ords/api/v1/customer/joint/searchprofile,32,0,18
1778852006511,25,SearchJuristic,200,OK,SearchJuristic 6-44,text,true,,621,2610,1,8,https://api-scuda.uat.oci.krungsri.tech/ords/api/v1/customer/juristic/searchprofile,25,0,10
1778852006452,85,GetJoint,200,OK,GetJoint 9-44,text,true,,1429,3530,1,8,https://api-scuda.uat.oci.krungsri.tech/ic/api/v1/customer/joint/getprofile,85,0,18
1778852006454,114,UpdateIndividual,200,OK,UpdateIndividual 4-43,text,true,,800,4227,1,7,https://api-scuda.uat.oci.krungsri.tech/ic/api/v1/customer/individual/updateprofile,114,0,18
1778852006480,95,GetJuristic,200,OK,GetJuristic 5-44,text,true,,3511,3533,1,6,https://api-scuda.uat.oci.krungsri.tech/ic/api/v1/customer/juristic/getprofile,95,0,19
1778852006396,196,UpdateJuristic,200,OK,UpdateJuristic 8-43,text,true,,800,5777,1,6,https://api-scuda.uat.oci.krungsri.tech/ic/api/v1/customer/juristic/updateprofile,196,0,21
1778852006289,386,CreateJuristic,201,Created,CreateJuristic 7-42,text,true,,1172,7808,3,9,https://api-scuda.uat.oci.krungsri.tech/ic/api/v1/customer/juristic/createprofile,386,0,14
1778852006598,86,GetIndividual,200,OK,GetIndividual 1-45,text,true,,3846,3588,2,8,https://api-scuda.uat.oci.krungsri.tech/ic/api/v1/customer/individual/getprofile,86,0,12
1778852006597,88,GetIndividual,200,OK,GetIndividual 1-44,text,true,,3837,3588,1,7,https://api-scuda.uat.oci.krungsri.tech/ic/api/v1/customer/individual/getprofile,88,0,16
1778852006691,26,SearchIndividual,200,OK,SearchIndividual 2-44,text,true,,14122,2605,1,9,https://api-scuda.uat.oci.krungsri.tech/ords/api/v1/customer/individual/searchprofile,26,0,14
1778852006440,297,CreateIndividual,201,Created,CreateIndividual 3-43,text,true,,1172,8219,2,9,https://api-scuda.uat.oci.krungsri.tech/ic/api/v1/customer/individual/createprofile,297,0,14
1778852006548,190,UpdateJoint,200,OK,UpdateJoint 12-44,text,true,,800,3614,1,8,https://api-scuda.uat.oci.krungsri.tech/ic/api/v1/customer/joint/updateprofile,190,0,12
1778852006597,151,UpdateIndividual,200,OK,UpdateIndividual 4-44,text,true,,800,5511,1,7,https://api-scuda.uat.oci.krungsri.tech/ic/api/v1/customer/individual/updateprofile,151,0,20
1778852006700,88,GetJoint,200,OK,GetJoint 9-45,text,true,,1431,3530,1,6,https://api-scuda.uat.oci.krungsri.tech/ic/api/v1/customer/joint/getprofile,88,0,19
1778852006730,151,UpdateJuristic,200,OK,UpdateJuristic 8-44,text,true,,800,4428,1,11,https://api-scuda.uat.oci.krungsri.tech/ic/api/v1/customer/juristic/updateprofile,151,0,22
1778852006802,93,GetIndividual,200,OK,GetIndividual 1-46,text,true,,3809,3588,1,12,https://api-scuda.uat.oci.krungsri.tech/ic/api/v1/customer/individual/getprofile,93,0,18
1778852006799,111,UpdateJoint,200,OK,UpdateJoint 12-45,text,true,,800,3614,2,12,https://api-scuda.uat.oci.krungsri.tech/ic/api/v1/customer/joint/updateprofile,111,0,20
1778852006820,98,UpdateJoint,200,OK,UpdateJoint 12-46,text,true,,800,3614,1,12,https://api-scuda.uat.oci.krungsri.tech/ic/api/v1/customer/joint/updateprofile,98,0,15
1778852006614,305,CreateIndividual,201,Created,CreateIndividual 3-44,text,true,,1172,8715,1,12,https://api-scuda.uat.oci.krungsri.tech/ic/api/v1/customer/individual/createprofile,305,0,19
1778852006894,37,SearchIndividual,200,OK,SearchIndividual 2-45,text,true,,14408,2611,1,11,https://api-scuda.uat.oci.krungsri.tech/ords/api/v1/customer/individual/searchprofile,37,0,22
1778852006331,628,CreateJuristic,201,Created,CreateJuristic 7-43,text,true,,1172,7979,4,11,https://api-scuda.uat.oci.krungsri.tech/ic/api/v1/customer/juristic/createprofile,628,0,20
1778852006797,164,UpdateIndividual,200,OK,UpdateIndividual 4-45,text,true,,800,5586,3,10,https://api-scuda.uat.oci.krungsri.tech/ic/api/v1/customer/individual/updateprofile,164,0,14
1778852006855,114,UpdateIndividual,200,OK,UpdateIndividual 4-46,text,true,,800,4229,2,10,https://api-scuda.uat.oci.krungsri.tech/ic/api/v1/customer/individual/updateprofile,114,0,13
1778852006918,67,SearchJoint,200,OK,SearchJoint 10-45,text,true,,621,2627,1,10,https://api-scuda.uat.oci.krungsri.tech/ords/api/v1/customer/joint/searchprofile,67,0,49
1778852006919,86,GetJoint,200,OK,GetJoint 9-46,text,true,,1429,3530,1,10,https://api-scuda.uat.oci.krungsri.tech/ic/api/v1/customer/joint/getprofile,86,0,21
1778852006973,38,SearchJuristic,200,OK,SearchJuristic 6-45,text,true,,621,2611,1,10,https://api-scuda.uat.oci.krungsri.tech/ords/api/v1/customer/juristic/searchprofile,38,0,28
1778852007006,33,SearchIndividual,200,OK,SearchIndividual 2-46,text,true,,14109,2611,1,12,https://api-scuda.uat.oci.krungsri.tech/ords/api/v1/customer/individual/searchprofile,33,0,21
1778852006897,149,UpdateIndividual,200,OK,UpdateIndividual 4-47,text,true,,800,5625,1,11,https://api-scuda.uat.oci.krungsri.tech/ic/api/v1/customer/individual/updateprofile,149,0,19
1778852006671,375,CreateJuristic,201,Created,CreateJuristic 7-44,text,true,,1172,7820,3,11,https://api-scuda.uat.oci.krungsri.tech/ic/api/v1/customer/juristic/createprofile,375,0,19
1778852006711,384,CreateJuristic,201,Created,CreateJuristic 7-45,text,true,,1172,7858,2,13,https://api-scuda.uat.oci.krungsri.tech/ic/api/v1/customer/juristic/createprofile,384,0,18
1778852007070,27,SearchJuristic,200,OK,SearchJuristic 6-46,text,true,,621,2611,1,12,https://api-scuda.uat.oci.krungsri.tech/ords/api/v1/customer/juristic/searchprofile,27,0,17
1778852007016,89,GetJoint,200,OK,GetJoint 9-47,text,true,,1429,3530,1,11,https://api-scuda.uat.oci.krungsri.tech/ic/api/v1/customer/joint/getprofile,89,0,21
1778852006829,277,CreateJoint,200,OK,CreateJoint 11-44,text,true,,1813,5906,2,10,https://api-scuda.uat.oci.krungsri.tech/ic/api/v1/customer/joint/createprofile,277,0,24
1778852007091,28,SearchJoint,200,OK,SearchJoint 10-46,text,true,,621,2627,1,10,https://api-scuda.uat.oci.krungsri.tech/ords/api/v1/customer/joint/searchprofile,28,0,18
1778852007022,99,GetIndividual,200,OK,GetIndividual 1-48,text,true,,3863,3588,2,9,https://api-scuda.uat.oci.krungsri.tech/ic/api/v1/customer/individual/getprofile,99,0,20
1778852007052,91,GetJuristic,200,OK,GetJuristic 5-45,text,true,,3507,3533,2,8,https://api-scuda.uat.oci.krungsri.tech/ic/api/v1/customer/juristic/getprofile,91,0,23
1778852007065,86,GetJuristic,200,OK,GetJuristic 5-46,text,true,,3491,3533,1,7,https://api-scuda.uat.oci.krungsri.tech/ic/api/v1/customer/juristic/getprofile,86,0,19
1778852007022,179,UpdateJuristic,200,OK,UpdateJuristic 8-45,text,true,,799,5849,2,8,https://api-scuda.uat.oci.krungsri.tech/ic/api/v1/customer/juristic/updateprofile,179,0,18
1778852007111,143,UpdateJuristic,200,OK,UpdateJuristic 8-46,text,true,,800,4421,2,12,https://api-scuda.uat.oci.krungsri.tech/ic/api/v1/customer/juristic/updateprofile,143,0,19
1778852007252,25,SearchJoint,200,OK,SearchJoint 10-47,text,true,,621,2627,1,12,https://api-scuda.uat.oci.krungsri.tech/ords/api/v1/customer/joint/searchprofile,24,0,15
1778852007000,277,GetIndividual,200,OK,GetIndividual 1-47,text,true,,3942,3588,1,12,https://api-scuda.uat.oci.krungsri.tech/ic/api/v1/customer/individual/getprofile,276,0,21
1778852006939,351,CreateIndividual,201,Created,CreateIndividual 3-45,text,true,,1172,8026,2,11,https://api-scuda.uat.oci.krungsri.tech/ic/api/v1/customer/individual/createprofile,351,0,41
1778852007279,28,SearchIndividual,200,OK,SearchIndividual 2-47,text,true,,621,2604,1,12,https://api-scuda.uat.oci.krungsri.tech/ords/api/v1/customer/individual/searchprofile,28,0,18
1778852006969,351,CreateJoint,200,OK,CreateJoint 11-45,text,true,,1812,5697,3,11,https://api-scuda.uat.oci.krungsri.tech/ic/api/v1/customer/joint/createprofile,351,0,24
1778852006910,410,CreateJuristic,201,Created,CreateJuristic 7-46,text,true,,1172,7781,3,11,https://api-scuda.uat.oci.krungsri.tech/ic/api/v1/customer/juristic/createprofile,410,0,18
1778852007299,29,SearchJuristic,200,OK,SearchJuristic 6-47,text,true,,621,2611,1,10,https://api-scuda.uat.oci.krungsri.tech/ords/api/v1/customer/juristic/searchprofile,29,0,20
1778852007227,156,UpdateJuristic,200,OK,UpdateJuristic 8-47,text,true,,800,4426,2,13,https://api-scuda.uat.oci.krungsri.tech/ic/api/v1/customer/juristic/updateprofile,156,0,27
1778852007245,155,UpdateJoint,200,OK,UpdateJoint 12-47,text,true,,800,4491,2,13,https://api-scuda.uat.oci.krungsri.tech/ic/api/v1/customer/joint/updateprofile,155,0,19
1778852007332,84,GetJoint,200,OK,GetJoint 9-48,text,true,,1431,3530,1,13,https://api-scuda.uat.oci.krungsri.tech/ic/api/v1/customer/joint/getprofile,84,0,16
1778852007325,100,UpdateJoint,200,OK,UpdateJoint 12-48,text,true,,800,3614,1,15,https://api-scuda.uat.oci.krungsri.tech/ic/api/v1/customer/joint/updateprofile,100,0,14
1778852007280,150,UpdateJuristic,200,OK,UpdateJuristic 8-48,text,true,,800,4426,1,15,https://api-scuda.uat.oci.krungsri.tech/ic/api/v1/customer/juristic/updateprofile,150,0,23
