timeStamp,elapsed,label,responseCode,responseMessage,threadName,dataType,success,failureMessage,bytes,sentBytes,grpThreads,allThreads,URL,Latency,IdleTime,Connect
1779802144395,362,Get Token,200,OK,CreateIndividual 3-3,text,true,,3684,522,3,36,https://api-scuda.uat.oci.krungsri.tech/oauth2/v1/token,344,0,294
1779802144069,687,Get Token,200,OK,UpdateJoint 12-2,text,true,,3684,522,3,36,https://api-scuda.uat.oci.krungsri.tech/oauth2/v1/token,677,0,632
1779802144068,713,Get Token,200,OK,CreateIndividual 3-2,text,true,,3684,522,3,36,https://api-scuda.uat.oci.krungsri.tech/oauth2/v1/token,713,0,651
1779802144069,688,Get Token,200,OK,UpdateJuristic 8-1,text,true,,3684,522,3,36,https://api-scuda.uat.oci.krungsri.tech/oauth2/v1/token,688,0,646
1779802144068,703,Get Token,200,OK,SearchJoint 10-2,text,true,,2894,426,3,36,https://api-scuda.uat.oci.krungsri.tech/oauth2/v1/token,703,0,620
1779802144068,691,Get Token,200,OK,UpdateIndividual 4-2,text,true,,3684,522,3,36,https://api-scuda.uat.oci.krungsri.tech/oauth2/v1/token,691,0,651
1779802144068,688,Get Token,200,OK,CreateJuristic 7-1,text,true,,3684,522,3,36,https://api-scuda.uat.oci.krungsri.tech/oauth2/v1/token,674,0,620
1779802144182,601,Get Token,200,OK,CreateJoint 11-3,text,true,,3684,522,3,36,https://api-scuda.uat.oci.krungsri.tech/oauth2/v1/token,601,0,510
1779802144068,689,Get Token,200,OK,SearchIndividual 2-2,text,true,,2894,426,3,36,https://api-scuda.uat.oci.krungsri.tech/oauth2/v1/token,670,0,625
1779802144511,269,Get Token,200,OK,CreateJuristic 7-3,text,true,,3684,522,3,36,https://api-scuda.uat.oci.krungsri.tech/oauth2/v1/token,269,0,180
1779802144718,74,Get Token,200,OK,GetIndividual 1-3,text,true,,3684,522,3,36,https://api-scuda.uat.oci.krungsri.tech/oauth2/v1/token,74,0,38
1779802144068,689,Get Token,200,OK,SearchJuristic 6-2,text,true,,2894,426,3,36,https://api-scuda.uat.oci.krungsri.tech/oauth2/v1/token,668,0,617
1779802144210,561,Get Token,200,OK,SearchIndividual 2-3,text,true,,2894,426,3,36,https://api-scuda.uat.oci.krungsri.tech/oauth2/v1/token,561,0,476
1779802144068,688,Get Token,200,OK,UpdateJoint 12-1,text,true,,3684,522,3,36,https://api-scuda.uat.oci.krungsri.tech/oauth2/v1/token,676,0,620
1779802144514,244,Get Token,200,OK,UpdateIndividual 4-3,text,true,,3684,522,3,36,https://api-scuda.uat.oci.krungsri.tech/oauth2/v1/token,244,0,202
1779802144068,688,Get Token,200,OK,GetIndividual 1-2,text,true,,3684,522,3,36,https://api-scuda.uat.oci.krungsri.tech/oauth2/v1/token,671,0,625
1779802144069,706,Get Token,200,OK,GetJoint 9-1,text,true,,3684,522,3,36,https://api-scuda.uat.oci.krungsri.tech/oauth2/v1/token,706,0,621
1779802144068,692,Get Token,200,OK,CreateJoint 11-2,text,true,,3684,522,3,36,https://api-scuda.uat.oci.krungsri.tech/oauth2/v1/token,692,0,649
1779802144069,711,Get Token,200,OK,GetIndividual 1-1,text,true,,3684,522,3,36,https://api-scuda.uat.oci.krungsri.tech/oauth2/v1/token,711,0,623
1779802144158,599,Get Token,200,OK,UpdateJoint 12-3,text,true,,3684,522,3,36,https://api-scuda.uat.oci.krungsri.tech/oauth2/v1/token,583,0,532
1779802144068,712,Get Token,200,OK,GetJuristic 5-1,text,true,,3684,522,3,36,https://api-scuda.uat.oci.krungsri.tech/oauth2/v1/token,712,0,623
1779802144068,702,Get Token,200,OK,SearchJuristic 6-1,text,true,,2894,426,3,36,https://api-scuda.uat.oci.krungsri.tech/oauth2/v1/token,702,0,623
1779802144431,325,Get Token,200,OK,GetJuristic 5-3,text,true,,3684,522,3,36,https://api-scuda.uat.oci.krungsri.tech/oauth2/v1/token,318,0,274
1779802144226,530,Get Token,200,OK,SearchJoint 10-3,text,true,,2894,426,3,36,https://api-scuda.uat.oci.krungsri.tech/oauth2/v1/token,510,0,462
1779802144069,687,Get Token,200,OK,SearchJuristic 6-3,text,true,,2894,426,3,36,https://api-scuda.uat.oci.krungsri.tech/oauth2/v1/token,669,0,620
1779802144069,687,Get Token,200,OK,GetJoint 9-2,text,true,,3684,522,3,36,https://api-scuda.uat.oci.krungsri.tech/oauth2/v1/token,683,0,627
1779802144068,688,Get Token,200,OK,UpdateIndividual 4-1,text,true,,3684,522,3,36,https://api-scuda.uat.oci.krungsri.tech/oauth2/v1/token,675,0,620
1779802144069,687,Get Token,200,OK,CreateJoint 11-1,text,true,,3684,522,3,36,https://api-scuda.uat.oci.krungsri.tech/oauth2/v1/token,679,0,635
1779802144069,712,Get Token,200,OK,SearchIndividual 2-1,text,true,,2894,426,3,36,https://api-scuda.uat.oci.krungsri.tech/oauth2/v1/token,712,0,643
1779802144068,720,Get Token,200,OK,GetJuristic 5-2,text,true,,3684,522,3,36,https://api-scuda.uat.oci.krungsri.tech/oauth2/v1/token,720,0,647
1779802144069,688,Get Token,200,OK,CreateJuristic 7-2,text,true,,3684,522,3,36,https://api-scuda.uat.oci.krungsri.tech/oauth2/v1/token,688,0,645
1779802144068,691,Get Token,200,OK,UpdateJuristic 8-2,text,true,,3684,522,3,36,https://api-scuda.uat.oci.krungsri.tech/oauth2/v1/token,691,0,651
1779802144068,708,Get Token,200,OK,UpdateJuristic 8-3,text,true,,3684,522,3,36,https://api-scuda.uat.oci.krungsri.tech/oauth2/v1/token,708,0,624
1779802144069,703,Get Token,200,OK,SearchJoint 10-1,text,true,,2894,426,3,36,https://api-scuda.uat.oci.krungsri.tech/oauth2/v1/token,703,0,621
1779802144068,688,Get Token,200,OK,CreateIndividual 3-1,text,true,,3684,522,3,36,https://api-scuda.uat.oci.krungsri.tech/oauth2/v1/token,683,0,642
1779802144718,81,Get Token,200,OK,GetJoint 9-3,text,true,,3684,522,3,36,https://api-scuda.uat.oci.krungsri.tech/oauth2/v1/token,81,0,38
1779802145930,31,SearchIndividual,200,OK,SearchIndividual 2-3,text,true,,1191,2602,5,49,https://api-scuda.uat.oci.krungsri.tech/ords/api/v1/customer/individual/searchprofile,30,0,0
1779802145926,57,SearchJuristic,200,OK,SearchJuristic 6-4,text,true,,988,2600,4,49,https://api-scuda.uat.oci.krungsri.tech/ords/api/v1/customer/juristic/searchprofile,57,0,39
1779802145927,56,SearchJoint,200,OK,SearchJoint 10-4,text,true,,621,2627,4,49,https://api-scuda.uat.oci.krungsri.tech/ords/api/v1/customer/joint/searchprofile,56,0,38
1779802145930,38,SearchIndividual,200,OK,SearchIndividual 2-4,text,true,,1129,2602,5,49,https://api-scuda.uat.oci.krungsri.tech/ords/api/v1/customer/individual/searchprofile,38,0,27
1779802145924,58,SearchJoint,200,OK,SearchJoint 10-1,text,true,,621,2627,4,49,https://api-scuda.uat.oci.krungsri.tech/ords/api/v1/customer/joint/searchprofile,58,0,0
1779802145927,34,SearchJoint,200,OK,SearchJoint 10-2,text,true,,621,2627,4,49,https://api-scuda.uat.oci.krungsri.tech/ords/api/v1/customer/joint/searchprofile,33,0,0
1779802145925,36,SearchJuristic,200,OK,SearchJuristic 6-2,text,true,,976,2600,4,49,https://api-scuda.uat.oci.krungsri.tech/ords/api/v1/customer/juristic/searchprofile,35,0,0
1779802145928,33,SearchJuristic,200,OK,SearchJuristic 6-1,text,true,,993,2600,4,49,https://api-scuda.uat.oci.krungsri.tech/ords/api/v1/customer/juristic/searchprofile,31,0,0
1779802145929,32,SearchIndividual,200,OK,SearchIndividual 2-1,text,true,,1189,2602,5,49,https://api-scuda.uat.oci.krungsri.tech/ords/api/v1/customer/individual/searchprofile,30,0,0
1779802145927,34,SearchJoint,200,OK,SearchJoint 10-3,text,true,,621,2627,4,49,https://api-scuda.uat.oci.krungsri.tech/ords/api/v1/customer/joint/searchprofile,32,0,0
1779802145922,39,SearchIndividual,200,OK,SearchIndividual 2-2,text,true,,1169,2602,5,49,https://api-scuda.uat.oci.krungsri.tech/ords/api/v1/customer/individual/searchprofile,38,0,0
1779802145922,39,SearchJuristic,200,OK,SearchJuristic 6-3,text,true,,1010,2600,4,49,https://api-scuda.uat.oci.krungsri.tech/ords/api/v1/customer/juristic/searchprofile,38,0,0
1779802145926,42,SearchIndividual,200,OK,SearchIndividual 2-5,text,true,,1237,2602,5,49,https://api-scuda.uat.oci.krungsri.tech/ords/api/v1/customer/individual/searchprofile,42,0,19
1779802146148,39,SearchJuristic,200,OK,SearchJuristic 6-5,text,true,,1018,2600,1,39,https://api-scuda.uat.oci.krungsri.tech/ords/api/v1/customer/juristic/searchprofile,38,0,25
1779802145929,301,GetJoint,200,OK,GetJoint 9-1,text,true,,1431,3530,4,38,https://api-scuda.uat.oci.krungsri.tech/ic/api/v1/customer/joint/getprofile,301,0,0
1779802145930,417,GetJoint,200,OK,GetJoint 9-4,text,true,,1429,3530,4,39,https://api-scuda.uat.oci.krungsri.tech/ic/api/v1/customer/joint/getprofile,417,0,17
1779802145930,258,GetJoint,200,OK,GetJoint 9-3,text,true,,1431,3530,4,39,https://api-scuda.uat.oci.krungsri.tech/ic/api/v1/customer/joint/getprofile,258,0,0
1779802145925,417,GetJoint,200,OK,GetJoint 9-2,text,true,,1431,3530,4,39,https://api-scuda.uat.oci.krungsri.tech/ic/api/v1/customer/joint/getprofile,417,0,0
1779802145927,521,GetJuristic,200,OK,GetJuristic 5-1,text,true,,3463,3533,4,39,https://api-scuda.uat.oci.krungsri.tech/ic/api/v1/customer/juristic/getprofile,521,0,0
1779802145931,411,GetJuristic,200,OK,GetJuristic 5-2,text,true,,3442,3533,4,39,https://api-scuda.uat.oci.krungsri.tech/ic/api/v1/customer/juristic/getprofile,411,0,0
1779802145930,321,GetJuristic,200,OK,GetJuristic 5-4,text,true,,3485,3533,4,38,https://api-scuda.uat.oci.krungsri.tech/ic/api/v1/customer/juristic/getprofile,321,0,29
1779802145928,335,GetJuristic,200,OK,GetJuristic 5-3,text,true,,3452,3533,4,38,https://api-scuda.uat.oci.krungsri.tech/ic/api/v1/customer/juristic/getprofile,335,0,0
1779802145930,502,GetIndividual,200,OK,GetIndividual 1-1,text,true,,3792,3588,4,39,https://api-scuda.uat.oci.krungsri.tech/ic/api/v1/customer/individual/getprofile,502,0,0
1779802145924,579,GetIndividual,200,OK,GetIndividual 1-4,text,true,,3864,3588,4,35,https://api-scuda.uat.oci.krungsri.tech/ic/api/v1/customer/individual/getprofile,579,0,30
1779802145925,464,GetIndividual,200,OK,GetIndividual 1-3,text,true,,3853,3588,4,39,https://api-scuda.uat.oci.krungsri.tech/ic/api/v1/customer/individual/getprofile,464,0,0
1779802145925,309,GetIndividual,200,OK,GetIndividual 1-2,text,true,,3802,3588,4,38,https://api-scuda.uat.oci.krungsri.tech/ic/api/v1/customer/individual/getprofile,309,0,0
1779802146556,37,SearchJoint,200,OK,SearchJoint 10-5,text,true,,620,2626,1,29,https://api-scuda.uat.oci.krungsri.tech/ords/api/v1/customer/joint/searchprofile,37,0,24
1779802146518,381,GetJoint,200,OK,GetJoint 9-5,text,true,,1429,3530,1,34,https://api-scuda.uat.oci.krungsri.tech/ic/api/v1/customer/joint/getprofile,381,0,12
1779802146724,311,GetIndividual,200,OK,GetIndividual 1-5,text,true,,3827,3588,1,33,https://api-scuda.uat.oci.krungsri.tech/ic/api/v1/customer/individual/getprofile,311,0,32
1779802146836,273,GetJuristic,200,OK,GetJuristic 5-5,text,true,,3551,3533,2,32,https://api-scuda.uat.oci.krungsri.tech/ic/api/v1/customer/juristic/getprofile,273,0,31
1779802147128,34,SearchIndividual,200,OK,SearchIndividual 2-6,text,true,,1103,2602,1,36,https://api-scuda.uat.oci.krungsri.tech/ords/api/v1/customer/individual/searchprofile,34,0,22
1779802147160,46,SearchJuristic,200,OK,SearchJuristic 6-6,text,true,,1005,2600,1,35,https://api-scuda.uat.oci.krungsri.tech/ords/api/v1/customer/juristic/searchprofile,46,0,25
1779802146913,402,GetJuristic,200,OK,GetJuristic 5-6,text,true,,3508,3533,1,34,https://api-scuda.uat.oci.krungsri.tech/ic/api/v1/customer/juristic/getprofile,402,0,21
1779802147147,369,GetJoint,200,OK,GetJoint 9-6,text,true,,1429,3530,1,35,https://api-scuda.uat.oci.krungsri.tech/ic/api/v1/customer/joint/getprofile,369,0,17
1779802147694,33,SearchJoint,200,OK,SearchJoint 10-6,text,true,,621,2627,1,38,https://api-scuda.uat.oci.krungsri.tech/ords/api/v1/customer/joint/searchprofile,33,0,22
1779802147423,361,UpdateJoint,200,OK,UpdateJoint 12-1,text,true,,800,4502,6,37,https://api-scuda.uat.oci.krungsri.tech/ic/api/v1/customer/joint/updateprofile,361,0,0
1779802147423,433,UpdateJoint,200,OK,UpdateJoint 12-3,text,true,,800,4581,5,36,https://api-scuda.uat.oci.krungsri.tech/ic/api/v1/customer/joint/updateprofile,433,0,0
1779802147424,469,UpdateJoint,200,OK,UpdateJoint 12-4,text,true,,800,4611,4,35,https://api-scuda.uat.oci.krungsri.tech/ic/api/v1/customer/joint/updateprofile,469,0,31
1779802147423,492,UpdateJoint,200,OK,UpdateJoint 12-2,text,true,,800,4486,3,34,https://api-scuda.uat.oci.krungsri.tech/ic/api/v1/customer/joint/updateprofile,492,0,0
1779802147424,575,UpdateJoint,200,OK,UpdateJoint 12-5,text,true,,800,4491,2,35,https://api-scuda.uat.oci.krungsri.tech/ic/api/v1/customer/joint/updateprofile,575,0,14
1779802147662,343,UpdateJuristic,200,OK,UpdateJuristic 8-3,text,true,,800,5782,6,34,https://api-scuda.uat.oci.krungsri.tech/ic/api/v1/customer/juristic/updateprofile,343,0,0
1779802147662,354,UpdateJuristic,200,OK,UpdateJuristic 8-6,text,true,,800,4421,5,33,https://api-scuda.uat.oci.krungsri.tech/ic/api/v1/customer/juristic/updateprofile,354,0,17
1779802147990,34,SearchJoint,200,OK,SearchJoint 10-7,text,true,,621,2627,1,32,https://api-scuda.uat.oci.krungsri.tech/ords/api/v1/customer/joint/searchprofile,34,0,23
1779802147665,391,CreateIndividual,201,Created,CreateIndividual 3-3,text,true,,1172,7982,6,31,https://api-scuda.uat.oci.krungsri.tech/ic/api/v1/customer/individual/createprofile,391,0,0
1779802147662,405,UpdateJuristic,200,OK,UpdateJuristic 8-5,text,true,,800,5737,5,31,https://api-scuda.uat.oci.krungsri.tech/ic/api/v1/customer/juristic/updateprofile,405,0,21
1779802147727,357,GetIndividual,200,OK,GetIndividual 1-6,text,true,,3843,3588,1,30,https://api-scuda.uat.oci.krungsri.tech/ic/api/v1/customer/individual/getprofile,357,0,16
1779802147466,640,CreateJoint,200,OK,CreateJoint 11-4,text,true,,1772,5721,6,30,https://api-scuda.uat.oci.krungsri.tech/ic/api/v1/customer/joint/createprofile,640,0,28
1779802147661,463,UpdateJuristic,200,OK,UpdateJuristic 8-2,text,true,,800,5734,4,29,https://api-scuda.uat.oci.krungsri.tech/ic/api/v1/customer/juristic/updateprofile,463,0,0
1779802147703,437,UpdateIndividual,200,OK,UpdateIndividual 4-6,text,true,,800,5557,7,28,https://api-scuda.uat.oci.krungsri.tech/ic/api/v1/customer/individual/updateprofile,437,0,19
1779802147703,438,UpdateIndividual,200,OK,UpdateIndividual 4-4,text,true,,800,5630,7,28,https://api-scuda.uat.oci.krungsri.tech/ic/api/v1/customer/individual/updateprofile,438,0,27
1779802147703,444,UpdateIndividual,200,OK,UpdateIndividual 4-5,text,true,,800,5604,5,26,https://api-scuda.uat.oci.krungsri.tech/ic/api/v1/customer/individual/updateprofile,444,0,23
1779802147702,447,UpdateIndividual,200,OK,UpdateIndividual 4-1,text,true,,800,5645,4,25,https://api-scuda.uat.oci.krungsri.tech/ic/api/v1/customer/individual/updateprofile,447,0,0
1779802147662,489,UpdateJuristic,200,OK,UpdateJuristic 8-1,text,true,,800,5778,3,24,https://api-scuda.uat.oci.krungsri.tech/ic/api/v1/customer/juristic/updateprofile,489,0,0
1779802147467,721,CreateJoint,200,OK,CreateJoint 11-6,text,true,,1772,5723,5,23,https://api-scuda.uat.oci.krungsri.tech/ic/api/v1/customer/joint/createprofile,721,0,27
1779802147702,493,UpdateIndividual,200,OK,UpdateIndividual 4-2,text,true,,800,5601,3,23,https://api-scuda.uat.oci.krungsri.tech/ic/api/v1/customer/individual/updateprofile,493,0,0
1779802147465,778,CreateJoint,200,OK,CreateJoint 11-1,text,true,,1772,5686,4,22,https://api-scuda.uat.oci.krungsri.tech/ic/api/v1/customer/joint/createprofile,778,0,0
1779802147465,786,CreateJoint,200,OK,CreateJoint 11-2,text,true,,1772,6060,3,21,https://api-scuda.uat.oci.krungsri.tech/ic/api/v1/customer/joint/createprofile,786,0,0
1779802147679,588,UpdateJoint,200,OK,UpdateJoint 12-6,text,true,,800,4558,2,20,https://api-scuda.uat.oci.krungsri.tech/ic/api/v1/customer/joint/updateprofile,588,0,23
1779802147703,593,UpdateIndividual,200,OK,UpdateIndividual 4-3,text,true,,800,5580,2,19,https://api-scuda.uat.oci.krungsri.tech/ic/api/v1/customer/individual/updateprofile,593,0,0
1779802147465,855,CreateJoint,200,OK,CreateJoint 11-3,text,true,,1772,5708,2,18,https://api-scuda.uat.oci.krungsri.tech/ic/api/v1/customer/joint/createprofile,855,0,0
1779802147662,681,UpdateJuristic,200,OK,UpdateJuristic 8-4,text,true,,800,5803,2,18,https://api-scuda.uat.oci.krungsri.tech/ic/api/v1/customer/juristic/updateprofile,681,0,24
1779802147466,907,CreateJoint,200,OK,CreateJoint 11-5,text,true,,1772,5660,1,18,https://api-scuda.uat.oci.krungsri.tech/ic/api/v1/customer/joint/createprofile,907,0,26
1779802148341,37,SearchJuristic,200,OK,SearchJuristic 6-7,text,true,,973,2599,1,17,https://api-scuda.uat.oci.krungsri.tech/ords/api/v1/customer/juristic/searchprofile,37,0,23
1779802147596,790,CreateJuristic,201,Created,CreateJuristic 7-1,text,true,,1172,7628,6,16,https://api-scuda.uat.oci.krungsri.tech/ic/api/v1/customer/juristic/createprofile,790,0,0
1779802147666,724,CreateIndividual,201,Created,CreateIndividual 3-2,text,true,,1172,8864,5,15,https://api-scuda.uat.oci.krungsri.tech/ic/api/v1/customer/individual/createprofile,724,0,0
1779802147667,752,CreateIndividual,201,Created,CreateIndividual 3-6,text,true,,1171,8617,4,14,https://api-scuda.uat.oci.krungsri.tech/ic/api/v1/customer/individual/createprofile,752,0,25
1779802148089,356,GetJuristic,200,OK,GetJuristic 5-7,text,true,,3484,3533,1,13,https://api-scuda.uat.oci.krungsri.tech/ic/api/v1/customer/juristic/getprofile,355,0,20
1779802147667,781,CreateIndividual,201,Created,CreateIndividual 3-5,text,true,,1172,8668,3,12,https://api-scuda.uat.oci.krungsri.tech/ic/api/v1/customer/individual/createprofile,781,0,27
1779802147594,856,CreateJuristic,201,Created,CreateJuristic 7-5,text,true,,1172,7488,5,11,https://api-scuda.uat.oci.krungsri.tech/ic/api/v1/customer/juristic/createprofile,856,0,23
1779802147970,485,UpdateIndividual,200,OK,UpdateIndividual 4-7,text,true,,800,4227,1,10,https://api-scuda.uat.oci.krungsri.tech/ic/api/v1/customer/individual/updateprofile,485,0,23
1779802148073,397,UpdateJuristic,200,OK,UpdateJuristic 8-7,text,true,,800,4422,1,9,https://api-scuda.uat.oci.krungsri.tech/ic/api/v1/customer/juristic/updateprofile,397,0,23
1779802147596,930,CreateJuristic,201,Created,CreateJuristic 7-3,text,true,,1172,8000,4,8,https://api-scuda.uat.oci.krungsri.tech/ic/api/v1/customer/juristic/createprofile,930,0,0
1779802147596,936,CreateJuristic,201,Created,CreateJuristic 7-2,text,true,,1172,8250,3,7,https://api-scuda.uat.oci.krungsri.tech/ic/api/v1/customer/juristic/createprofile,936,0,0
1779802147594,978,CreateJuristic,201,Created,CreateJuristic 7-6,text,true,,1172,8100,2,6,https://api-scuda.uat.oci.krungsri.tech/ic/api/v1/customer/juristic/createprofile,978,0,20
1779802147667,920,CreateIndividual,201,Created,CreateIndividual 3-1,text,true,,1172,8202,2,5,https://api-scuda.uat.oci.krungsri.tech/ic/api/v1/customer/individual/createprofile,920,0,0
1779802147668,929,CreateIndividual,201,Created,CreateIndividual 3-4,text,true,,1172,8182,1,5,https://api-scuda.uat.oci.krungsri.tech/ic/api/v1/customer/individual/createprofile,929,0,26
1779802148203,437,UpdateJoint,200,OK,UpdateJoint 12-7,text,true,,800,4544,1,4,https://api-scuda.uat.oci.krungsri.tech/ic/api/v1/customer/joint/updateprofile,437,0,24
1779802147596,1079,CreateJuristic,201,Created,CreateJuristic 7-4,text,true,,1172,7673,1,4,https://api-scuda.uat.oci.krungsri.tech/ic/api/v1/customer/juristic/createprofile,1079,0,18
1779802148649,29,SearchIndividual,200,OK,SearchIndividual 2-7,text,true,,1200,2601,1,3,https://api-scuda.uat.oci.krungsri.tech/ords/api/v1/customer/individual/searchprofile,29,0,14
1779802148359,340,GetJoint,200,OK,GetJoint 9-7,text,true,,1429,3530,1,2,https://api-scuda.uat.oci.krungsri.tech/ic/api/v1/customer/joint/getprofile,340,0,15
1779802148591,132,GetIndividual,200,OK,GetIndividual 1-7,text,true,,3799,3588,1,3,https://api-scuda.uat.oci.krungsri.tech/ic/api/v1/customer/individual/getprofile,132,0,16
1779802148905,35,SearchJoint,200,OK,SearchJoint 10-8,text,true,,621,2627,1,9,https://api-scuda.uat.oci.krungsri.tech/ords/api/v1/customer/joint/searchprofile,35,0,19
1779802148996,44,SearchIndividual,200,OK,SearchIndividual 2-8,text,true,,1153,2602,1,12,https://api-scuda.uat.oci.krungsri.tech/ords/api/v1/customer/individual/searchprofile,44,0,23
1779802148894,255,GetIndividual,200,OK,GetIndividual 1-8,text,true,,3803,3588,1,11,https://api-scuda.uat.oci.krungsri.tech/ic/api/v1/customer/individual/getprofile,255,0,18
1779802148723,448,CreateJuristic,201,Created,CreateJuristic 7-7,text,true,,1171,8056,1,12,https://api-scuda.uat.oci.krungsri.tech/ic/api/v1/customer/juristic/createprofile,448,0,12
1779802148949,278,GetJoint,200,OK,GetJoint 9-8,text,true,,1429,3530,1,12,https://api-scuda.uat.oci.krungsri.tech/ic/api/v1/customer/joint/getprofile,278,0,20
1779802148930,333,UpdateJoint,200,OK,UpdateJoint 12-9,text,true,,800,4520,2,13,https://api-scuda.uat.oci.krungsri.tech/ic/api/v1/customer/joint/updateprofile,333,0,18
1779802149237,46,SearchJuristic,200,OK,SearchJuristic 6-8,text,true,,981,2600,1,12,https://api-scuda.uat.oci.krungsri.tech/ords/api/v1/customer/juristic/searchprofile,46,0,26
1779802149243,40,SearchJoint,200,OK,SearchJoint 10-9,text,true,,621,2627,1,12,https://api-scuda.uat.oci.krungsri.tech/ords/api/v1/customer/joint/searchprofile,40,0,21
1779802148905,387,UpdateJoint,200,OK,UpdateJoint 12-8,text,true,,799,3613,1,11,https://api-scuda.uat.oci.krungsri.tech/ic/api/v1/customer/joint/updateprofile,387,0,18
1779802148772,522,CreateJoint,200,OK,CreateJoint 11-7,text,true,,1772,6126,2,10,https://api-scuda.uat.oci.krungsri.tech/ic/api/v1/customer/joint/createprofile,522,0,18
1779802148915,401,UpdateJuristic,200,OK,UpdateJuristic 8-8,text,true,,800,5828,2,9,https://api-scuda.uat.oci.krungsri.tech/ic/api/v1/customer/juristic/updateprofile,401,0,20
1779802149011,312,UpdateIndividual,200,OK,UpdateIndividual 4-8,text,true,,800,4229,1,8,https://api-scuda.uat.oci.krungsri.tech/ic/api/v1/customer/individual/updateprofile,311,0,18
1779802148707,658,CreateIndividual,201,Created,CreateIndividual 3-7,text,true,,1172,7845,3,7,https://api-scuda.uat.oci.krungsri.tech/ic/api/v1/customer/individual/createprofile,657,0,19
1779802149008,392,CreateIndividual,201,Created,CreateIndividual 3-8,text,true,,1172,8100,2,6,https://api-scuda.uat.oci.krungsri.tech/ic/api/v1/customer/individual/createprofile,392,0,14
1779802149159,252,GetJuristic,200,OK,GetJuristic 5-8,text,true,,3475,3533,1,5,https://api-scuda.uat.oci.krungsri.tech/ic/api/v1/customer/juristic/getprofile,252,0,19
1779802149164,295,UpdateJuristic,200,OK,UpdateJuristic 8-9,text,true,,800,4425,1,5,https://api-scuda.uat.oci.krungsri.tech/ic/api/v1/customer/juristic/updateprofile,295,0,15
1779802148854,618,CreateJoint,200,OK,CreateJoint 11-8,text,true,,1772,6129,1,4,https://api-scuda.uat.oci.krungsri.tech/ic/api/v1/customer/joint/createprofile,618,0,18
1779802149225,393,CreateIndividual,201,Created,CreateIndividual 3-9,text,true,,1172,8541,1,5,https://api-scuda.uat.oci.krungsri.tech/ic/api/v1/customer/individual/createprofile,393,0,14
1779802149671,33,SearchJuristic,200,OK,SearchJuristic 6-9,text,true,,994,2600,1,6,https://api-scuda.uat.oci.krungsri.tech/ords/api/v1/customer/juristic/searchprofile,33,0,22
1779802149446,291,GetJuristic,200,OK,GetJuristic 5-9,text,true,,3500,3531,1,7,https://api-scuda.uat.oci.krungsri.tech/ic/api/v1/customer/juristic/getprofile,291,0,29
1779802149707,31,SearchIndividual,200,OK,SearchIndividual 2-9,text,true,,1153,2602,1,6,https://api-scuda.uat.oci.krungsri.tech/ords/api/v1/customer/individual/searchprofile,31,0,19
1779802149499,310,UpdateIndividual,200,OK,UpdateIndividual 4-9,text,true,,800,4229,1,6,https://api-scuda.uat.oci.krungsri.tech/ic/api/v1/customer/individual/updateprofile,310,0,20
1779802149930,30,SearchJuristic,200,OK,SearchJuristic 6-10,text,true,,989,2600,1,9,https://api-scuda.uat.oci.krungsri.tech/ords/api/v1/customer/juristic/searchprofile,30,0,19
1779802149289,702,CreateJuristic,201,Created,CreateJuristic 7-8,text,true,,1172,8240,4,8,https://api-scuda.uat.oci.krungsri.tech/ic/api/v1/customer/juristic/createprofile,701,0,24
1779802149731,261,GetIndividual,200,OK,GetIndividual 1-9,text,true,,3835,3588,1,7,https://api-scuda.uat.oci.krungsri.tech/ic/api/v1/customer/individual/getprofile,261,0,22
1779802149796,249,GetJoint,200,OK,GetJoint 9-9,text,true,,1430,3529,1,6,https://api-scuda.uat.oci.krungsri.tech/ic/api/v1/customer/joint/getprofile,249,0,13
1779802150087,33,SearchJuristic,200,OK,SearchJuristic 6-11,text,true,,1000,2600,1,8,https://api-scuda.uat.oci.krungsri.tech/ords/api/v1/customer/juristic/searchprofile,33,0,22
1779802149607,523,CreateJoint,200,OK,CreateJoint 11-9,text,true,,1772,5728,1,7,https://api-scuda.uat.oci.krungsri.tech/ic/api/v1/customer/joint/createprofile,523,0,12
1779802150111,32,SearchIndividual,200,OK,SearchIndividual 2-10,text,true,,1147,2602,1,7,https://api-scuda.uat.oci.krungsri.tech/ords/api/v1/customer/individual/searchprofile,32,0,20
1779802150097,181,UpdateJuristic,200,OK,UpdateJuristic 8-10,text,true,,800,5786,1,9,https://api-scuda.uat.oci.krungsri.tech/ic/api/v1/customer/juristic/updateprofile,181,0,18
1779802149869,440,CreateJuristic,201,Created,CreateJuristic 7-11,text,true,,1172,7781,3,8,https://api-scuda.uat.oci.krungsri.tech/ic/api/v1/customer/juristic/createprofile,440,0,13
1779802149628,681,CreateJuristic,201,Created,CreateJuristic 7-9,text,true,,1172,7839,3,8,https://api-scuda.uat.oci.krungsri.tech/ic/api/v1/customer/juristic/createprofile,681,0,22
1779802150136,324,GetJuristic,200,OK,GetJuristic 5-10,text,true,,3514,3533,1,11,https://api-scuda.uat.oci.krungsri.tech/ic/api/v1/customer/juristic/getprofile,324,0,20
1779802150188,311,UpdateJoint,200,OK,UpdateJoint 12-10,text,true,,799,3613,1,11,https://api-scuda.uat.oci.krungsri.tech/ic/api/v1/customer/joint/updateprofile,311,0,20
1779802150267,255,GetIndividual,200,OK,GetIndividual 1-10,text,true,,3853,3588,2,10,https://api-scuda.uat.oci.krungsri.tech/ic/api/v1/customer/individual/getprofile,255,0,20
1779802149839,756,CreateJuristic,201,Created,CreateJuristic 7-10,text,true,,1171,7980,1,9,https://api-scuda.uat.oci.krungsri.tech/ic/api/v1/customer/juristic/createprofile,756,0,22
1779802150602,21,SearchJoint,200,OK,SearchJoint 10-10,text,true,,621,2627,1,10,https://api-scuda.uat.oci.krungsri.tech/ords/api/v1/customer/joint/searchprofile,21,0,12
1779802149919,715,CreateIndividual,201,Created,CreateIndividual 3-10,text,true,,1172,8422,2,9,https://api-scuda.uat.oci.krungsri.tech/ic/api/v1/customer/individual/createprofile,715,0,11
1779802150454,220,GetJoint,200,OK,GetJoint 9-10,text,true,,1431,3530,2,9,https://api-scuda.uat.oci.krungsri.tech/ic/api/v1/customer/joint/getprofile,220,0,16
1779802150647,93,GetJoint,200,OK,GetJoint 9-11,text,true,,1429,3530,1,8,https://api-scuda.uat.oci.krungsri.tech/ic/api/v1/customer/joint/getprofile,93,0,21
1779802150387,356,GetIndividual,200,OK,GetIndividual 1-11,text,true,,3788,3588,1,7,https://api-scuda.uat.oci.krungsri.tech/ic/api/v1/customer/individual/getprofile,356,0,18
1779802150746,29,SearchJoint,200,OK,SearchJoint 10-11,text,true,,621,2627,1,7,https://api-scuda.uat.oci.krungsri.tech/ords/api/v1/customer/joint/searchprofile,29,0,12
1779802150783,33,SearchIndividual,200,OK,SearchIndividual 2-11,text,true,,1183,2602,1,9,https://api-scuda.uat.oci.krungsri.tech/ords/api/v1/customer/individual/searchprofile,33,0,19
1779802150465,383,CreateIndividual,201,Created,CreateIndividual 3-11,text,true,,1172,8278,1,8,https://api-scuda.uat.oci.krungsri.tech/ic/api/v1/customer/individual/createprofile,383,0,21
1779802150216,635,CreateJoint,200,OK,CreateJoint 11-10,text,true,,1772,6053,2,7,https://api-scuda.uat.oci.krungsri.tech/ic/api/v1/customer/joint/createprofile,635,0,13
1779802150461,446,UpdateIndividual,200,OK,UpdateIndividual 4-11,text,true,,800,5529,2,6,https://api-scuda.uat.oci.krungsri.tech/ic/api/v1/customer/individual/updateprofile,446,0,21
1779802150386,524,UpdateIndividual,200,OK,UpdateIndividual 4-10,text,true,,800,5582,1,5,https://api-scuda.uat.oci.krungsri.tech/ic/api/v1/customer/individual/updateprofile,524,0,19
1779802150920,23,SearchJoint,200,OK,SearchJoint 10-12,text,true,,621,2627,1,7,https://api-scuda.uat.oci.krungsri.tech/ords/api/v1/customer/joint/searchprofile,23,0,9
1779802150805,292,GetJuristic,200,OK,GetJuristic 5-11,text,true,,3463,3533,1,8,https://api-scuda.uat.oci.krungsri.tech/ic/api/v1/customer/juristic/getprofile,292,0,10
1779802151072,29,SearchJoint,200,OK,SearchJoint 10-13,text,true,,621,2627,1,7,https://api-scuda.uat.oci.krungsri.tech/ords/api/v1/customer/joint/searchprofile,29,0,14
1779802150604,519,UpdateJuristic,200,OK,UpdateJuristic 8-11,text,true,,800,5802,1,7,https://api-scuda.uat.oci.krungsri.tech/ic/api/v1/customer/juristic/updateprofile,519,0,16
1779802150808,372,UpdateJoint,200,OK,UpdateJoint 12-11,text,true,,800,3614,1,7,https://api-scuda.uat.oci.krungsri.tech/ic/api/v1/customer/joint/updateprofile,372,0,15
1779802151156,37,SearchIndividual,200,OK,SearchIndividual 2-12,text,true,,1159,2602,2,9,https://api-scuda.uat.oci.krungsri.tech/ords/api/v1/customer/individual/searchprofile,37,0,20
1779802151186,32,SearchIndividual,200,OK,SearchIndividual 2-13,text,true,,1151,2602,1,9,https://api-scuda.uat.oci.krungsri.tech/ords/api/v1/customer/individual/searchprofile,32,0,20
1779802150920,298,GetJoint,200,OK,GetJoint 9-12,text,true,,1429,3530,1,9,https://api-scuda.uat.oci.krungsri.tech/ic/api/v1/customer/joint/getprofile,298,0,16
1779802151187,34,SearchJuristic,200,OK,SearchJuristic 6-12,text,true,,1009,2600,1,7,https://api-scuda.uat.oci.krungsri.tech/ords/api/v1/customer/juristic/searchprofile,34,0,15
1779802150921,413,CreateIndividual,201,Created,CreateIndividual 3-12,text,true,,1172,8240,2,10,https://api-scuda.uat.oci.krungsri.tech/ic/api/v1/customer/individual/createprofile,413,0,45
1779802151289,104,GetJoint,200,OK,GetJoint 9-13,text,true,,1429,3530,1,9,https://api-scuda.uat.oci.krungsri.tech/ic/api/v1/customer/joint/getprofile,104,0,22
1779802151126,348,UpdateIndividual,200,OK,UpdateIndividual 4-12,text,true,,800,4229,2,9,https://api-scuda.uat.oci.krungsri.tech/ic/api/v1/customer/individual/updateprofile,348,0,18
1779802150345,1144,CreateJoint,200,OK,CreateJoint 11-11,text,true,,1772,6091,2,9,https://api-scuda.uat.oci.krungsri.tech/ic/api/v1/customer/joint/createprofile,1144,0,20
1779802151480,33,SearchJuristic,200,OK,SearchJuristic 6-13,text,true,,991,2600,1,9,https://api-scuda.uat.oci.krungsri.tech/ords/api/v1/customer/juristic/searchprofile,33,0,21
1779802151197,329,GetJuristic,200,OK,GetJuristic 5-12,text,true,,3460,3533,1,8,https://api-scuda.uat.oci.krungsri.tech/ic/api/v1/customer/juristic/getprofile,328,0,18
1779802151030,499,CreateJuristic,201,Created,CreateJuristic 7-12,text,true,,1172,7816,2,7,https://api-scuda.uat.oci.krungsri.tech/ic/api/v1/customer/juristic/createprofile,499,0,21
1779802151320,373,UpdateJoint,200,OK,UpdateJoint 12-12,text,true,,800,3614,2,8,https://api-scuda.uat.oci.krungsri.tech/ic/api/v1/customer/joint/updateprofile,373,0,20
1779802151260,470,CreateJuristic,201,Created,CreateJuristic 7-13,text,true,,1172,8135,1,10,https://api-scuda.uat.oci.krungsri.tech/ic/api/v1/customer/juristic/createprofile,470,0,22
1779802151411,348,UpdateIndividual,200,OK,UpdateIndividual 4-13,text,true,,800,5613,1,9,https://api-scuda.uat.oci.krungsri.tech/ic/api/v1/customer/individual/updateprofile,348,0,19
1779802151509,250,GetIndividual,200,OK,GetIndividual 1-12,text,true,,3815,3588,2,9,https://api-scuda.uat.oci.krungsri.tech/ic/api/v1/customer/individual/getprofile,250,0,19
1779802151225,662,CreateIndividual,201,Created,CreateIndividual 3-13,text,true,,1172,8077,1,9,https://api-scuda.uat.oci.krungsri.tech/ic/api/v1/customer/individual/createprofile,662,0,19
1779802151193,733,CreateJoint,200,OK,CreateJoint 11-12,text,true,,1772,6033,2,9,https://api-scuda.uat.oci.krungsri.tech/ic/api/v1/customer/joint/createprofile,733,0,20
1779802151702,236,GetJuristic,200,OK,GetJuristic 5-13,text,true,,3471,3533,1,8,https://api-scuda.uat.oci.krungsri.tech/ic/api/v1/customer/juristic/getprofile,236,0,20
1779802151641,299,UpdateJoint,200,OK,UpdateJoint 12-13,text,true,,800,3614,1,7,https://api-scuda.uat.oci.krungsri.tech/ic/api/v1/customer/joint/updateprofile,299,0,13
1779802151946,21,SearchJoint,200,OK,SearchJoint 10-14,text,true,,621,2627,1,8,https://api-scuda.uat.oci.krungsri.tech/ords/api/v1/customer/joint/searchprofile,21,0,12
1779802151709,337,GetIndividual,200,OK,GetIndividual 1-13,text,true,,3865,3588,2,12,https://api-scuda.uat.oci.krungsri.tech/ic/api/v1/customer/individual/getprofile,337,0,25
1779802151955,98,GetJuristic,200,OK,GetJuristic 5-14,text,true,,3500,3533,1,11,https://api-scuda.uat.oci.krungsri.tech/ic/api/v1/customer/juristic/getprofile,98,0,18
1779802151832,222,GetJoint,200,OK,GetJoint 9-14,text,true,,1431,3530,2,10,https://api-scuda.uat.oci.krungsri.tech/ic/api/v1/customer/joint/getprofile,222,0,13
1779802151723,385,UpdateJuristic,200,OK,UpdateJuristic 8-12,text,true,,800,4421,2,9,https://api-scuda.uat.oci.krungsri.tech/ic/api/v1/customer/juristic/updateprofile,385,0,15
1779802152045,92,GetJoint,200,OK,GetJoint 9-15,text,true,,1431,3530,1,9,https://api-scuda.uat.oci.krungsri.tech/ic/api/v1/customer/joint/getprofile,92,0,18
1779802151644,533,CreateJoint,200,OK,CreateJoint 11-13,text,true,,1772,6090,1,8,https://api-scuda.uat.oci.krungsri.tech/ic/api/v1/customer/joint/createprofile,533,0,9
1779802151806,388,UpdateJuristic,200,OK,UpdateJuristic 8-13,text,true,,800,4428,2,7,https://api-scuda.uat.oci.krungsri.tech/ic/api/v1/customer/juristic/updateprofile,388,0,16
1779802151923,280,GetIndividual,200,OK,GetIndividual 1-14,text,true,,3826,3588,1,6,https://api-scuda.uat.oci.krungsri.tech/ic/api/v1/customer/individual/getprofile,280,0,14
1779802152229,26,SearchIndividual,200,OK,SearchIndividual 2-14,text,true,,1179,2602,1,6,https://api-scuda.uat.oci.krungsri.tech/ords/api/v1/customer/individual/searchprofile,26,0,15
1779802152135,138,UpdateJuristic,200,OK,UpdateJuristic 8-14,text,true,,800,4427,1,6,https://api-scuda.uat.oci.krungsri.tech/ic/api/v1/customer/juristic/updateprofile,138,0,13
1779802151975,305,UpdateJoint,200,OK,UpdateJoint 12-14,text,true,,800,3614,1,5,https://api-scuda.uat.oci.krungsri.tech/ic/api/v1/customer/joint/updateprofile,305,0,14
1779802151993,381,CreateIndividual,201,Created,CreateIndividual 3-14,text,true,,1172,8218,2,6,https://api-scuda.uat.oci.krungsri.tech/ic/api/v1/customer/individual/createprofile,381,0,22
1779802152047,368,UpdateIndividual,200,OK,UpdateIndividual 4-15,text,true,,800,5598,2,6,https://api-scuda.uat.oci.krungsri.tech/ic/api/v1/customer/individual/updateprofile,368,0,12
1779802152015,423,UpdateIndividual,200,OK,UpdateIndividual 4-14,text,true,,800,4229,1,5,https://api-scuda.uat.oci.krungsri.tech/ic/api/v1/customer/individual/updateprofile,423,0,20
1779802152472,30,SearchJuristic,200,OK,SearchJuristic 6-14,text,true,,1015,2600,1,5,https://api-scuda.uat.oci.krungsri.tech/ords/api/v1/customer/juristic/searchprofile,30,0,20
1779802152524,27,SearchJoint,200,OK,SearchJoint 10-15,text,true,,621,2627,1,5,https://api-scuda.uat.oci.krungsri.tech/ords/api/v1/customer/joint/searchprofile,26,0,17
1779802152621,33,SearchIndividual,200,OK,SearchIndividual 2-15,text,true,,1179,2602,1,6,https://api-scuda.uat.oci.krungsri.tech/ords/api/v1/customer/individual/searchprofile,33,0,21
1779802152553,107,GetIndividual,200,OK,GetIndividual 1-15,text,true,,3792,3588,1,5,https://api-scuda.uat.oci.krungsri.tech/ic/api/v1/customer/individual/getprofile,107,0,19
1779802152265,464,CreateJoint,200,OK,CreateJoint 11-14,text,true,,1772,5851,1,6,https://api-scuda.uat.oci.krungsri.tech/ic/api/v1/customer/joint/createprofile,464,0,19
1779802152416,337,UpdateJoint,200,OK,UpdateJoint 12-15,text,true,,800,4618,1,7,https://api-scuda.uat.oci.krungsri.tech/ic/api/v1/customer/joint/updateprofile,337,0,9
1779802152311,465,CreateJuristic,201,Created,CreateJuristic 7-14,text,true,,1172,8185,1,6,https://api-scuda.uat.oci.krungsri.tech/ic/api/v1/customer/juristic/createprofile,465,0,18
1779802152754,29,SearchJuristic,200,OK,SearchJuristic 6-15,text,true,,987,2599,1,5,https://api-scuda.uat.oci.krungsri.tech/ords/api/v1/customer/juristic/searchprofile,29,0,18
1779802152835,23,SearchJoint,200,OK,SearchJoint 10-16,text,true,,621,2627,1,8,https://api-scuda.uat.oci.krungsri.tech/ords/api/v1/customer/joint/searchprofile,23,0,14
1779802152684,233,GetJuristic,200,OK,GetJuristic 5-15,text,true,,3534,3532,1,10,https://api-scuda.uat.oci.krungsri.tech/ic/api/v1/customer/juristic/getprofile,233,0,16
1779802152302,658,CreateIndividual,201,Created,CreateIndividual 3-15,text,true,,1172,7983,2,9,https://api-scuda.uat.oci.krungsri.tech/ic/api/v1/customer/individual/createprofile,658,0,23
1779802152677,333,UpdateJuristic,200,OK,UpdateJuristic 8-15,text,true,,799,4425,1,9,https://api-scuda.uat.oci.krungsri.tech/ic/api/v1/customer/juristic/updateprofile,333,0,19
1779802152883,160,UpdateJoint,200,OK,UpdateJoint 12-16,text,true,,799,4569,1,8,https://api-scuda.uat.oci.krungsri.tech/ic/api/v1/customer/joint/updateprofile,160,0,23
1779802153058,38,SearchJuristic,200,OK,SearchJuristic 6-16,text,true,,998,2600,1,12,https://api-scuda.uat.oci.krungsri.tech/ords/api/v1/customer/juristic/searchprofile,38,0,22
1779802152839,259,GetJoint,200,OK,GetJoint 9-16,text,true,,1429,3530,2,11,https://api-scuda.uat.oci.krungsri.tech/ic/api/v1/customer/joint/getprofile,259,0,17
1779802152893,237,GetJoint,200,OK,GetJoint 9-17,text,true,,1431,3530,1,12,https://api-scuda.uat.oci.krungsri.tech/ic/api/v1/customer/joint/getprofile,237,0,20
1779802153109,29,SearchJoint,200,OK,SearchJoint 10-17,text,true,,621,2627,1,11,https://api-scuda.uat.oci.krungsri.tech/ords/api/v1/customer/joint/searchprofile,29,0,18
1779802152844,373,CreateIndividual,201,Created,CreateIndividual 3-16,text,true,,1172,8394,2,14,https://api-scuda.uat.oci.krungsri.tech/ic/api/v1/customer/individual/createprofile,373,0,20
1779802152821,439,CreateJuristic,201,Created,CreateJuristic 7-15,text,true,,1172,8154,3,13,https://api-scuda.uat.oci.krungsri.tech/ic/api/v1/customer/juristic/createprofile,439,0,17
1779802152982,281,GetIndividual,200,OK,GetIndividual 1-16,text,true,,3845,3588,1,12,https://api-scuda.uat.oci.krungsri.tech/ic/api/v1/customer/individual/getprofile,281,0,14
1779802152870,398,UpdateIndividual,200,OK,UpdateIndividual 4-16,text,true,,800,4229,3,11,https://api-scuda.uat.oci.krungsri.tech/ic/api/v1/customer/individual/updateprofile,398,0,15
1779802152740,542,CreateJoint,200,OK,CreateJoint 11-15,text,true,,1772,5852,2,10,https://api-scuda.uat.oci.krungsri.tech/ic/api/v1/customer/joint/createprofile,541,0,21
1779802153126,177,UpdateIndividual,200,OK,UpdateIndividual 4-17,text,true,,800,5588,2,9,https://api-scuda.uat.oci.krungsri.tech/ic/api/v1/customer/individual/updateprofile,177,0,19
1779802153094,329,UpdateJuristic,200,OK,UpdateJuristic 8-17,text,true,,800,5803,2,12,https://api-scuda.uat.oci.krungsri.tech/ic/api/v1/customer/juristic/updateprofile,329,0,16
1779802153183,255,GetJuristic,200,OK,GetJuristic 5-16,text,true,,3493,3533,1,11,https://api-scuda.uat.oci.krungsri.tech/ic/api/v1/customer/juristic/getprofile,255,0,17
1779802153068,374,UpdateJuristic,200,OK,UpdateJuristic 8-16,text,true,,800,4425,1,10,https://api-scuda.uat.oci.krungsri.tech/ic/api/v1/customer/juristic/updateprofile,374,0,23
1779802153162,309,UpdateIndividual,200,OK,UpdateIndividual 4-18,text,true,,800,5617,1,9,https://api-scuda.uat.oci.krungsri.tech/ic/api/v1/customer/individual/updateprofile,309,0,21
1779802153190,291,CreateJoint,200,OK,CreateJoint 11-16,text,true,,1772,5855,3,8,https://api-scuda.uat.oci.krungsri.tech/ic/api/v1/customer/joint/createprofile,291,0,19
1779802153058,429,CreateJuristic,201,Created,CreateJuristic 7-16,text,true,,1172,8223,3,7,https://api-scuda.uat.oci.krungsri.tech/ic/api/v1/customer/juristic/createprofile,429,0,11
1779802153329,199,GetJoint,200,OK,GetJoint 9-18,text,true,,1431,3530,1,8,https://api-scuda.uat.oci.krungsri.tech/ic/api/v1/customer/joint/getprofile,199,0,11
1779802153563,32,SearchJuristic,200,OK,SearchJuristic 6-17,text,true,,973,2600,1,8,https://api-scuda.uat.oci.krungsri.tech/ords/api/v1/customer/juristic/searchprofile,32,0,21
1779802153189,459,CreateJuristic,201,Created,CreateJuristic 7-17,text,true,,1172,7554,2,7,https://api-scuda.uat.oci.krungsri.tech/ic/api/v1/customer/juristic/createprofile,459,0,20
1779802153675,29,SearchJoint,200,OK,SearchJoint 10-18,text,true,,621,2627,1,10,https://api-scuda.uat.oci.krungsri.tech/ords/api/v1/customer/joint/searchprofile,28,0,18
1779802153069,658,CreateIndividual,201,Created,CreateIndividual 3-17,text,true,,1172,8374,2,10,https://api-scuda.uat.oci.krungsri.tech/ic/api/v1/customer/individual/createprofile,658,0,18
1779802153764,31,SearchIndividual,200,OK,SearchIndividual 2-16,text,true,,1221,2602,1,12,https://api-scuda.uat.oci.krungsri.tech/ords/api/v1/customer/individual/searchprofile,31,0,15
1779802153790,33,SearchJuristic,200,OK,SearchJuristic 6-18,text,true,,984,2600,1,14,https://api-scuda.uat.oci.krungsri.tech/ords/api/v1/customer/juristic/searchprofile,33,0,20
1779802153508,316,GetJuristic,200,OK,GetJuristic 5-17,text,true,,3533,3533,2,14,https://api-scuda.uat.oci.krungsri.tech/ic/api/v1/customer/juristic/getprofile,316,0,11
1779802153801,28,SearchIndividual,200,OK,SearchIndividual 2-17,text,true,,1195,2602,2,13,https://api-scuda.uat.oci.krungsri.tech/ords/api/v1/customer/individual/searchprofile,28,0,18
1779802153528,305,GetIndividual,200,OK,GetIndividual 1-17,text,true,,3883,3588,3,12,https://api-scuda.uat.oci.krungsri.tech/ic/api/v1/customer/individual/getprofile,305,0,20
1779802153814,35,SearchIndividual,200,OK,SearchIndividual 2-18,text,true,,1193,2602,1,11,https://api-scuda.uat.oci.krungsri.tech/ords/api/v1/customer/individual/searchprofile,34,0,22
1779802153320,571,CreateJoint,200,OK,CreateJoint 11-17,text,true,,1771,5827,3,11,https://api-scuda.uat.oci.krungsri.tech/ic/api/v1/customer/joint/createprofile,571,0,30
1779802153900,27,SearchJoint,200,OK,SearchJoint 10-19,text,true,,620,2626,1,13,https://api-scuda.uat.oci.krungsri.tech/ords/api/v1/customer/joint/searchprofile,27,0,16
1779802153404,578,CreateJoint,200,OK,CreateJoint 11-18,text,true,,1772,5656,2,14,https://api-scuda.uat.oci.krungsri.tech/ic/api/v1/customer/joint/createprofile,578,0,18
1779802153978,26,SearchJoint,200,OK,SearchJoint 10-20,text,true,,621,2627,1,14,https://api-scuda.uat.oci.krungsri.tech/ords/api/v1/customer/joint/searchprofile,26,0,16
1779802153692,323,UpdateJoint,200,OK,UpdateJoint 12-17,text,true,,800,3614,2,13,https://api-scuda.uat.oci.krungsri.tech/ic/api/v1/customer/joint/updateprofile,323,0,17
1779802153911,108,GetJoint,200,OK,GetJoint 9-19,text,true,,1431,3530,2,13,https://api-scuda.uat.oci.krungsri.tech/ic/api/v1/customer/joint/getprofile,108,0,19
1779802153730,312,UpdateJoint,200,OK,UpdateJoint 12-18,text,true,,800,3614,1,12,https://api-scuda.uat.oci.krungsri.tech/ic/api/v1/customer/joint/updateprofile,312,0,19
1779802153778,275,GetIndividual,200,OK,GetIndividual 1-18,text,true,,3871,3588,3,13,https://api-scuda.uat.oci.krungsri.tech/ic/api/v1/customer/individual/getprofile,275,0,13
1779802153662,401,CreateIndividual,201,Created,CreateIndividual 3-18,text,true,,1172,8025,1,13,https://api-scuda.uat.oci.krungsri.tech/ic/api/v1/customer/individual/createprofile,401,0,23
1779802153701,399,UpdateJuristic,200,OK,UpdateJuristic 8-18,text,true,,800,5781,3,15,https://api-scuda.uat.oci.krungsri.tech/ic/api/v1/customer/juristic/updateprofile,399,0,22
1779802153801,299,GetJuristic,200,OK,GetJuristic 5-18,text,true,,3470,3533,3,15,https://api-scuda.uat.oci.krungsri.tech/ic/api/v1/customer/juristic/getprofile,299,0,24
1779802154092,32,SearchJuristic,200,OK,SearchJuristic 6-19,text,true,,1011,2600,1,13,https://api-scuda.uat.oci.krungsri.tech/ords/api/v1/customer/juristic/searchprofile,32,0,20
1779802153829,295,GetIndividual,200,OK,GetIndividual 1-19,text,true,,3898,3588,2,13,https://api-scuda.uat.oci.krungsri.tech/ic/api/v1/customer/individual/getprofile,295,0,24
1779802153408,749,CreateJuristic,201,Created,CreateJuristic 7-18,text,true,,1172,7964,2,15,https://api-scuda.uat.oci.krungsri.tech/ic/api/v1/customer/juristic/createprofile,749,0,17
1779802154142,31,SearchJuristic,200,OK,SearchJuristic 6-20,text,true,,977,2600,1,15,https://api-scuda.uat.oci.krungsri.tech/ords/api/v1/customer/juristic/searchprofile,31,0,22
1779802153927,256,GetIndividual,200,OK,GetIndividual 1-20,text,true,,3849,3588,2,15,https://api-scuda.uat.oci.krungsri.tech/ic/api/v1/customer/individual/getprofile,256,0,16
1779802154050,140,UpdateJuristic,200,OK,UpdateJuristic 8-19,text,true,,800,4427,2,14,https://api-scuda.uat.oci.krungsri.tech/ic/api/v1/customer/juristic/updateprofile,140,0,12
1779802153966,233,GetJoint,200,OK,GetJoint 9-20,text,true,,1429,3530,2,14,https://api-scuda.uat.oci.krungsri.tech/ic/api/v1/customer/joint/getprofile,233,0,18
1779802154174,36,SearchJoint,200,OK,SearchJoint 10-21,text,true,,621,2627,1,13,https://api-scuda.uat.oci.krungsri.tech/ords/api/v1/customer/joint/searchprofile,36,0,23
1779802154221,33,SearchIndividual,200,OK,SearchIndividual 2-19,text,true,,1191,2602,1,13,https://api-scuda.uat.oci.krungsri.tech/ords/api/v1/customer/individual/searchprofile,33,0,21
1779802154060,223,GetJuristic,200,OK,GetJuristic 5-19,text,true,,3485,3533,2,13,https://api-scuda.uat.oci.krungsri.tech/ic/api/v1/customer/juristic/getprofile,223,0,18
1779802153996,326,UpdateIndividual,200,OK,UpdateIndividual 4-19,text,true,,800,5552,1,13,https://api-scuda.uat.oci.krungsri.tech/ic/api/v1/customer/individual/updateprofile,326,0,18
1779802154082,259,GetJuristic,200,OK,GetJuristic 5-20,text,true,,3490,3532,2,13,https://api-scuda.uat.oci.krungsri.tech/ic/api/v1/customer/juristic/getprofile,259,0,18
1779802154349,24,SearchJuristic,200,OK,SearchJuristic 6-21,text,true,,1001,2600,1,13,https://api-scuda.uat.oci.krungsri.tech/ords/api/v1/customer/juristic/searchprofile,24,0,13
1779802154201,197,UpdateJoint,200,OK,UpdateJoint 12-19,text,true,,800,3614,1,12,https://api-scuda.uat.oci.krungsri.tech/ic/api/v1/customer/joint/updateprofile,197,0,20
1779802153870,530,CreateJoint,200,OK,CreateJoint 11-19,text,true,,1772,5640,3,11,https://api-scuda.uat.oci.krungsri.tech/ic/api/v1/customer/joint/createprofile,530,0,19
1779802154157,267,GetIndividual,200,OK,GetIndividual 1-21,text,true,,3869,3588,1,11,https://api-scuda.uat.oci.krungsri.tech/ic/api/v1/customer/individual/getprofile,267,0,22
1779802154176,252,GetJoint,200,OK,GetJoint 9-21,text,true,,1431,3530,1,11,https://api-scuda.uat.oci.krungsri.tech/ic/api/v1/customer/joint/getprofile,252,0,22
1779802154080,371,UpdateJuristic,200,OK,UpdateJuristic 8-20,text,true,,800,5774,1,10,https://api-scuda.uat.oci.krungsri.tech/ic/api/v1/customer/juristic/updateprofile,371,0,18
1779802154140,354,CreateJoint,200,OK,CreateJoint 11-21,text,true,,1772,5708,2,9,https://api-scuda.uat.oci.krungsri.tech/ic/api/v1/customer/joint/createprofile,354,0,19
1779802154020,515,CreateJoint,200,OK,CreateJoint 11-20,text,true,,1771,5640,1,10,https://api-scuda.uat.oci.krungsri.tech/ic/api/v1/customer/joint/createprofile,515,0,19
1779802154535,31,SearchIndividual,200,OK,SearchIndividual 2-20,text,true,,1142,2601,1,9,https://api-scuda.uat.oci.krungsri.tech/ords/api/v1/customer/individual/searchprofile,31,0,19
1779802154133,451,CreateIndividual,201,Created,CreateIndividual 3-19,text,true,,1172,7919,2,8,https://api-scuda.uat.oci.krungsri.tech/ic/api/v1/customer/individual/createprofile,451,0,21
1779802154304,350,GetJuristic,200,OK,GetJuristic 5-21,text,true,,3479,3533,1,8,https://api-scuda.uat.oci.krungsri.tech/ic/api/v1/customer/juristic/getprofile,350,0,21
1779802154411,288,UpdateJoint,200,OK,UpdateJoint 12-20,text,true,,800,3614,2,7,https://api-scuda.uat.oci.krungsri.tech/ic/api/v1/customer/joint/updateprofile,288,0,31
1779802154342,372,CreateIndividual,201,Created,CreateIndividual 3-20,text,true,,1172,8713,1,6,https://api-scuda.uat.oci.krungsri.tech/ic/api/v1/customer/individual/createprofile,372,0,19
1779802154050,692,CreateJuristic,201,Created,CreateJuristic 7-19,text,true,,1172,7961,3,6,https://api-scuda.uat.oci.krungsri.tech/ic/api/v1/customer/juristic/createprofile,692,0,19
1779802154529,295,UpdateJoint,200,OK,UpdateJoint 12-21,text,true,,800,3614,1,8,https://api-scuda.uat.oci.krungsri.tech/ic/api/v1/customer/joint/updateprofile,295,0,21
1779802154798,49,SearchIndividual,200,OK,SearchIndividual 2-21,text,true,,1185,2602,1,7,https://api-scuda.uat.oci.krungsri.tech/ords/api/v1/customer/individual/searchprofile,48,0,31
1779802154770,122,UpdateIndividual,200,OK,UpdateIndividual 4-21,text,true,,800,4229,2,8,https://api-scuda.uat.oci.krungsri.tech/ic/api/v1/customer/individual/updateprofile,122,0,20
1779802154608,310,UpdateIndividual,200,OK,UpdateIndividual 4-20,text,true,,800,4227,1,8,https://api-scuda.uat.oci.krungsri.tech/ic/api/v1/customer/individual/updateprofile,310,0,19
1779802154961,38,SearchJoint,200,OK,SearchJoint 10-22,text,true,,620,2626,1,9,https://api-scuda.uat.oci.krungsri.tech/ords/api/v1/customer/joint/searchprofile,38,0,23
1779802154897,106,GetIndividual,200,OK,GetIndividual 1-22,text,true,,3875,3588,1,9,https://api-scuda.uat.oci.krungsri.tech/ic/api/v1/customer/individual/getprofile,106,0,26
1779802155009,32,SearchJuristic,200,OK,SearchJuristic 6-22,text,true,,988,2600,1,11,https://api-scuda.uat.oci.krungsri.tech/ords/api/v1/customer/juristic/searchprofile,32,0,22
1779802154770,310,UpdateJuristic,200,OK,UpdateJuristic 8-21,text,true,,800,4425,2,11,https://api-scuda.uat.oci.krungsri.tech/ic/api/v1/customer/juristic/updateprofile,310,0,11
1779802154892,206,GetJoint,200,OK,GetJoint 9-23,text,true,,1429,3530,2,11,https://api-scuda.uat.oci.krungsri.tech/ic/api/v1/customer/joint/getprofile,206,0,22
1779802154279,861,CreateJuristic,201,Created,CreateJuristic 7-20,text,true,,1172,8059,2,14,https://api-scuda.uat.oci.krungsri.tech/ic/api/v1/customer/juristic/createprofile,861,0,16
1779802155055,151,UpdateJuristic,200,OK,UpdateJuristic 8-22,text,true,,800,4429,3,14,https://api-scuda.uat.oci.krungsri.tech/ic/api/v1/customer/juristic/updateprofile,151,0,23
1779802154429,805,CreateJuristic,201,Created,CreateJuristic 7-21,text,true,,1172,8157,1,14,https://api-scuda.uat.oci.krungsri.tech/ic/api/v1/customer/juristic/createprofile,805,0,20
1779802155149,96,GetIndividual,200,OK,GetIndividual 1-24,text,true,,3886,3588,2,13,https://api-scuda.uat.oci.krungsri.tech/ic/api/v1/customer/individual/getprofile,96,0,19
1779802154737,510,CreateIndividual,201,Created,CreateIndividual 3-21,text,true,,1172,8225,2,12,https://api-scuda.uat.oci.krungsri.tech/ic/api/v1/customer/individual/createprofile,510,0,17
1779802155028,284,GetIndividual,200,OK,GetIndividual 1-23,text,true,,3881,3588,1,12,https://api-scuda.uat.oci.krungsri.tech/ic/api/v1/customer/individual/getprofile,284,0,22
1779802155004,365,UpdateJoint,200,OK,UpdateJoint 12-22,text,true,,800,4519,2,11,https://api-scuda.uat.oci.krungsri.tech/ic/api/v1/customer/joint/updateprofile,365,0,18
1779802154867,511,GetJoint,200,OK,GetJoint 9-22,text,true,,1429,3530,1,11,https://api-scuda.uat.oci.krungsri.tech/ic/api/v1/customer/joint/getprofile,511,0,15
1779802155014,381,UpdateIndividual,200,OK,UpdateIndividual 4-22,text,true,,800,4229,2,10,https://api-scuda.uat.oci.krungsri.tech/ic/api/v1/customer/individual/updateprofile,381,0,19
1779802155118,294,UpdateIndividual,200,OK,UpdateIndividual 4-23,text,true,,800,4226,1,10,https://api-scuda.uat.oci.krungsri.tech/ic/api/v1/customer/individual/updateprofile,294,0,18
1779802155406,31,SearchJuristic,200,OK,SearchJuristic 6-23,text,true,,990,2600,1,11,https://api-scuda.uat.oci.krungsri.tech/ords/api/v1/customer/juristic/searchprofile,31,0,20
1779802155113,327,UpdateJuristic,200,OK,UpdateJuristic 8-23,text,true,,800,4419,2,10,https://api-scuda.uat.oci.krungsri.tech/ic/api/v1/customer/juristic/updateprofile,327,0,18
1779802155428,33,SearchJoint,200,OK,SearchJoint 10-23,text,true,,621,2627,1,11,https://api-scuda.uat.oci.krungsri.tech/ords/api/v1/customer/joint/searchprofile,33,0,19
1779802155454,30,SearchIndividual,200,OK,SearchIndividual 2-22,text,true,,1111,2602,1,10,https://api-scuda.uat.oci.krungsri.tech/ords/api/v1/customer/individual/searchprofile,30,0,16
1779802155493,32,SearchIndividual,200,OK,SearchIndividual 2-23,text,true,,1227,2602,1,11,https://api-scuda.uat.oci.krungsri.tech/ords/api/v1/customer/individual/searchprofile,32,0,22
1779802155098,431,UpdateJoint,200,OK,UpdateJoint 12-23,text,true,,800,4635,1,10,https://api-scuda.uat.oci.krungsri.tech/ic/api/v1/customer/joint/updateprofile,431,0,20
1779802155140,394,UpdateJuristic,200,OK,UpdateJuristic 8-24,text,true,,800,5755,1,9,https://api-scuda.uat.oci.krungsri.tech/ic/api/v1/customer/juristic/updateprofile,394,0,16
1779802155376,200,GetJuristic,200,OK,GetJuristic 5-23,text,true,,3523,3533,3,10,https://api-scuda.uat.oci.krungsri.tech/ic/api/v1/customer/juristic/getprofile,200,0,20
1779802155231,353,GetJuristic,200,OK,GetJuristic 5-22,text,true,,3539,3533,2,10,https://api-scuda.uat.oci.krungsri.tech/ic/api/v1/customer/juristic/getprofile,353,0,22
1779802155568,31,SearchIndividual,200,OK,SearchIndividual 2-24,text,true,,1208,2601,1,9,https://api-scuda.uat.oci.krungsri.tech/ords/api/v1/customer/individual/searchprofile,31,0,19
1779802155545,91,GetJuristic,200,OK,GetJuristic 5-24,text,true,,3472,3533,1,9,https://api-scuda.uat.oci.krungsri.tech/ic/api/v1/customer/juristic/getprofile,91,0,21
1779802155622,21,SearchJoint,200,OK,SearchJoint 10-24,text,true,,621,2627,1,8,https://api-scuda.uat.oci.krungsri.tech/ords/api/v1/customer/joint/searchprofile,21,0,12
1779802154966,694,CreateIndividual,201,Created,CreateIndividual 3-22,text,true,,1171,8422,1,7,https://api-scuda.uat.oci.krungsri.tech/ic/api/v1/customer/individual/createprofile,694,0,22
1779802155125,581,CreateJoint,200,OK,CreateJoint 11-22,text,true,,1772,5849,3,8,https://api-scuda.uat.oci.krungsri.tech/ic/api/v1/customer/joint/createprofile,581,0,17
1779802155436,282,GetJoint,200,OK,GetJoint 9-24,text,true,,1431,3530,1,7,https://api-scuda.uat.oci.krungsri.tech/ic/api/v1/customer/joint/getprofile,282,0,17
1779802155687,33,SearchJuristic,200,OK,SearchJuristic 6-24,text,true,,979,2600,1,6,https://api-scuda.uat.oci.krungsri.tech/ords/api/v1/customer/juristic/searchprofile,33,0,18
1779802155582,205,CreateJoint,200,OK,CreateJoint 11-24,text,true,,1772,5816,2,6,https://api-scuda.uat.oci.krungsri.tech/ic/api/v1/customer/joint/createprofile,205,0,18
1779802155445,344,UpdateIndividual,200,OK,UpdateIndividual 4-24,text,true,,800,5615,1,5,https://api-scuda.uat.oci.krungsri.tech/ic/api/v1/customer/individual/updateprofile,344,0,20
1779802155861,32,SearchJuristic,200,OK,SearchJuristic 6-25,text,true,,994,2600,1,9,https://api-scuda.uat.oci.krungsri.tech/ords/api/v1/customer/juristic/searchprofile,32,0,19
1779802155305,602,CreateJoint,200,OK,CreateJoint 11-23,text,true,,1772,6016,1,8,https://api-scuda.uat.oci.krungsri.tech/ic/api/v1/customer/joint/createprofile,602,0,20
1779802155513,426,CreateJuristic,201,Created,CreateJuristic 7-22,text,true,,1172,8097,4,12,https://api-scuda.uat.oci.krungsri.tech/ic/api/v1/customer/juristic/createprofile,426,0,19
1779802155940,29,SearchJoint,200,OK,SearchJoint 10-25,text,true,,621,2627,1,11,https://api-scuda.uat.oci.krungsri.tech/ords/api/v1/customer/joint/searchprofile,29,0,18
1779802155669,342,UpdateJoint,200,OK,UpdateJoint 12-24,text,true,,800,3614,2,13,https://api-scuda.uat.oci.krungsri.tech/ic/api/v1/customer/joint/updateprofile,342,0,20
1779802155931,92,GetJoint,200,OK,GetJoint 9-25,text,true,,1431,3530,1,12,https://api-scuda.uat.oci.krungsri.tech/ic/api/v1/customer/joint/getprofile,92,0,12
1779802156024,38,SearchJoint,200,OK,SearchJoint 10-26,text,true,,621,2627,1,14,https://api-scuda.uat.oci.krungsri.tech/ords/api/v1/customer/joint/searchprofile,38,0,23
1779802155923,161,UpdateIndividual,200,OK,UpdateIndividual 4-25,text,true,,800,5573,2,15,https://api-scuda.uat.oci.krungsri.tech/ic/api/v1/customer/individual/updateprofile,161,0,22
1779802155797,372,CreateIndividual,201,Created,CreateIndividual 3-23,text,true,,1171,8220,2,15,https://api-scuda.uat.oci.krungsri.tech/ic/api/v1/customer/individual/createprofile,372,0,17
1779802155831,361,UpdateJoint,200,OK,UpdateJoint 12-25,text,true,,800,4629,2,15,https://api-scuda.uat.oci.krungsri.tech/ic/api/v1/customer/joint/updateprofile,361,0,15
1779802155831,363,CreateIndividual,201,Created,CreateIndividual 3-24,text,true,,1172,8442,1,15,https://api-scuda.uat.oci.krungsri.tech/ic/api/v1/customer/individual/createprofile,363,0,19
1779802156173,28,SearchIndividual,200,OK,SearchIndividual 2-25,text,true,,1149,2602,1,15,https://api-scuda.uat.oci.krungsri.tech/ords/api/v1/customer/individual/searchprofile,28,0,17
1779802156197,31,SearchJuristic,200,OK,SearchJuristic 6-26,text,true,,990,2600,1,14,https://api-scuda.uat.oci.krungsri.tech/ords/api/v1/customer/juristic/searchprofile,31,0,16
1779802156135,108,UpdateJoint,200,OK,UpdateJoint 12-26,text,true,,798,3612,1,13,https://api-scuda.uat.oci.krungsri.tech/ic/api/v1/customer/joint/updateprofile,108,0,11
1779802155808,436,CreateJuristic,201,Created,CreateJuristic 7-24,text,true,,1172,8150,4,12,https://api-scuda.uat.oci.krungsri.tech/ic/api/v1/customer/juristic/createprofile,436,0,19
1779802155936,320,UpdateJuristic,200,OK,UpdateJuristic 8-25,text,true,,800,4427,2,11,https://api-scuda.uat.oci.krungsri.tech/ic/api/v1/customer/juristic/updateprofile,320,0,18
1779802156257,31,SearchIndividual,200,OK,SearchIndividual 2-26,text,true,,1183,2602,1,14,https://api-scuda.uat.oci.krungsri.tech/ords/api/v1/customer/individual/searchprofile,31,0,20
1779802156000,304,UpdateIndividual,200,OK,UpdateIndividual 4-26,text,true,,800,4228,1,13,https://api-scuda.uat.oci.krungsri.tech/ic/api/v1/customer/individual/updateprofile,304,0,20
1779802156059,246,GetIndividual,200,OK,GetIndividual 1-25,text,true,,3869,3588,2,12,https://api-scuda.uat.oci.krungsri.tech/ic/api/v1/customer/individual/getprofile,246,0,19
1779802156198,149,UpdateJuristic,200,OK,UpdateJuristic 8-26,text,true,,800,4431,1,13,https://api-scuda.uat.oci.krungsri.tech/ic/api/v1/customer/juristic/updateprofile,149,0,17
1779802156076,313,CreateJoint,200,OK,CreateJoint 11-27,text,true,,1770,6102,3,13,https://api-scuda.uat.oci.krungsri.tech/ic/api/v1/customer/joint/createprofile,313,0,16
1779802156402,26,SearchIndividual,200,OK,SearchIndividual 2-27,text,true,,1177,2602,1,13,https://api-scuda.uat.oci.krungsri.tech/ords/api/v1/customer/individual/searchprofile,26,0,15
1779802155744,692,CreateJuristic,201,Created,CreateJuristic 7-23,text,true,,1172,7724,4,12,https://api-scuda.uat.oci.krungsri.tech/ic/api/v1/customer/juristic/createprofile,692,0,24
1779802156285,162,UpdateJoint,200,OK,UpdateJoint 12-27,text,true,,800,4604,1,11,https://api-scuda.uat.oci.krungsri.tech/ic/api/v1/customer/joint/updateprofile,162,0,14
1779802156084,381,GetJuristic,200,OK,GetJuristic 5-25,text,true,,3477,3533,1,10,https://api-scuda.uat.oci.krungsri.tech/ic/api/v1/customer/juristic/getprofile,381,0,19
1779802156260,251,GetIndividual,200,OK,GetIndividual 1-26,text,true,,3810,3587,1,10,https://api-scuda.uat.oci.krungsri.tech/ic/api/v1/customer/individual/getprofile,251,0,21
1779802156027,487,CreateJoint,200,OK,CreateJoint 11-26,text,true,,1772,5881,2,9,https://api-scuda.uat.oci.krungsri.tech/ic/api/v1/customer/joint/createprofile,487,0,24
1779802156375,149,GetJoint,200,OK,GetJoint 9-26,text,true,,1430,3529,1,8,https://api-scuda.uat.oci.krungsri.tech/ic/api/v1/customer/joint/getprofile,149,0,29
1779802156578,29,SearchJuristic,200,OK,SearchJuristic 6-27,text,true,,982,2600,1,9,https://api-scuda.uat.oci.krungsri.tech/ords/api/v1/customer/juristic/searchprofile,29,0,18
1779802156582,36,SearchJoint,200,OK,SearchJoint 10-27,text,true,,621,2627,1,8,https://api-scuda.uat.oci.krungsri.tech/ords/api/v1/customer/joint/searchprofile,36,0,21
1779802155998,620,CreateJoint,200,OK,CreateJoint 11-25,text,true,,1772,6120,1,8,https://api-scuda.uat.oci.krungsri.tech/ic/api/v1/customer/joint/createprofile,620,0,14
1779802155933,779,CreateJuristic,201,Created,CreateJuristic 7-25,text,true,,1172,7630,3,9,https://api-scuda.uat.oci.krungsri.tech/ic/api/v1/customer/juristic/createprofile,779,0,21
1779802156313,463,CreateIndividual,201,Created,CreateIndividual 3-26,text,true,,1172,8143,3,11,https://api-scuda.uat.oci.krungsri.tech/ic/api/v1/customer/individual/createprofile,463,0,22
1779802156730,96,GetIndividual,200,OK,GetIndividual 1-27,text,true,,3864,3588,1,10,https://api-scuda.uat.oci.krungsri.tech/ic/api/v1/customer/individual/getprofile,96,0,12
1779802155996,851,CreateJuristic,201,Created,CreateJuristic 7-26,text,true,,1172,7762,2,11,https://api-scuda.uat.oci.krungsri.tech/ic/api/v1/customer/juristic/createprofile,851,0,21
1779802156839,28,SearchIndividual,200,OK,SearchIndividual 2-28,text,true,,1154,2601,1,11,https://api-scuda.uat.oci.krungsri.tech/ords/api/v1/customer/individual/searchprofile,28,0,11
1779802156910,31,SearchJoint,200,OK,SearchJoint 10-28,text,true,,621,2627,1,14,https://api-scuda.uat.oci.krungsri.tech/ords/api/v1/customer/joint/searchprofile,30,0,18
1779802156699,248,GetJuristic,200,OK,GetJuristic 5-26,text,true,,3509,3532,2,15,https://api-scuda.uat.oci.krungsri.tech/ic/api/v1/customer/juristic/getprofile,248,0,13
1779802156497,469,UpdateJuristic,200,OK,UpdateJuristic 8-27,text,true,,800,5710,3,15,https://api-scuda.uat.oci.krungsri.tech/ic/api/v1/customer/juristic/updateprofile,469,0,14
1779802156346,624,CreateJuristic,201,Created,CreateJuristic 7-27,text,true,,1172,7975,2,14,https://api-scuda.uat.oci.krungsri.tech/ic/api/v1/customer/juristic/createprofile,624,0,40
1779802156949,33,SearchJuristic,200,OK,SearchJuristic 6-28,text,true,,988,2600,1,13,https://api-scuda.uat.oci.krungsri.tech/ords/api/v1/customer/juristic/searchprofile,33,0,18
1779802156271,720,CreateIndividual,201,Created,CreateIndividual 3-25,text,true,,1172,8430,3,13,https://api-scuda.uat.oci.krungsri.tech/ic/api/v1/customer/individual/createprofile,720,0,16
1779802156852,145,UpdateJuristic,200,OK,UpdateJuristic 8-28,text,true,,800,4426,2,12,https://api-scuda.uat.oci.krungsri.tech/ic/api/v1/customer/juristic/updateprofile,145,0,20
1779802156726,273,GetJuristic,200,OK,GetJuristic 5-27,text,true,,3501,3533,2,11,https://api-scuda.uat.oci.krungsri.tech/ic/api/v1/customer/juristic/getprofile,273,0,21
1779802156733,268,GetJoint,200,OK,GetJoint 9-27,text,true,,1429,3530,2,10,https://api-scuda.uat.oci.krungsri.tech/ic/api/v1/customer/joint/getprofile,268,0,11
1779802156667,372,UpdateIndividual,200,OK,UpdateIndividual 4-27,text,true,,800,4229,1,9,https://api-scuda.uat.oci.krungsri.tech/ic/api/v1/customer/individual/updateprofile,372,0,15
1779802156925,122,GetJoint,200,OK,GetJoint 9-28,text,true,,1429,3530,1,8,https://api-scuda.uat.oci.krungsri.tech/ic/api/v1/customer/joint/getprofile,122,0,20
1779802156633,507,CreateIndividual,201,Created,CreateIndividual 3-27,text,true,,1170,7919,2,9,https://api-scuda.uat.oci.krungsri.tech/ic/api/v1/customer/individual/createprofile,507,0,29
1779802157148,22,SearchJuristic,200,OK,SearchJuristic 6-29,text,true,,1001,2600,1,10,https://api-scuda.uat.oci.krungsri.tech/ords/api/v1/customer/juristic/searchprofile,22,0,12
1779802157075,136,UpdateIndividual,200,OK,UpdateIndividual 4-28,text,true,,800,4229,2,11,https://api-scuda.uat.oci.krungsri.tech/ic/api/v1/customer/individual/updateprofile,136,0,15
1779802156847,369,CreateIndividual,201,Created,CreateIndividual 3-28,text,true,,1172,8020,1,10,https://api-scuda.uat.oci.krungsri.tech/ic/api/v1/customer/individual/createprofile,369,0,17
1779802157202,33,SearchJoint,200,OK,SearchJoint 10-29,text,true,,621,2627,1,9,https://api-scuda.uat.oci.krungsri.tech/ords/api/v1/customer/joint/searchprofile,33,0,18
1779802157096,164,UpdateIndividual,200,OK,UpdateIndividual 4-29,text,true,,800,5566,1,12,https://api-scuda.uat.oci.krungsri.tech/ic/api/v1/customer/individual/updateprofile,164,0,15
1779802157247,29,SearchJoint,200,OK,SearchJoint 10-30,text,true,,621,2627,1,12,https://api-scuda.uat.oci.krungsri.tech/ords/api/v1/customer/joint/searchprofile,28,0,18
1779802157170,112,UpdateJoint,200,OK,UpdateJoint 12-28,text,true,,800,3614,1,12,https://api-scuda.uat.oci.krungsri.tech/ic/api/v1/customer/joint/updateprofile,112,0,15
1779802156990,303,GetJuristic,200,OK,GetJuristic 5-28,text,true,,3461,3533,1,11,https://api-scuda.uat.oci.krungsri.tech/ic/api/v1/customer/juristic/getprofile,303,0,19
1779802157272,30,SearchJuristic,200,OK,SearchJuristic 6-30,text,true,,999,2600,1,10,https://api-scuda.uat.oci.krungsri.tech/ords/api/v1/customer/juristic/searchprofile,30,0,19
1779802157307,24,SearchIndividual,200,OK,SearchIndividual 2-29,text,true,,1171,2602,1,11,https://api-scuda.uat.oci.krungsri.tech/ords/api/v1/customer/individual/searchprofile,23,0,12
1779802156947,385,UpdateJuristic,200,OK,UpdateJuristic 8-29,text,true,,800,5734,1,10,https://api-scuda.uat.oci.krungsri.tech/ic/api/v1/customer/juristic/updateprofile,385,0,30
1779802157259,104,GetIndividual,200,OK,GetIndividual 1-29,text,true,,3837,3588,2,13,https://api-scuda.uat.oci.krungsri.tech/ic/api/v1/customer/individual/getprofile,104,0,21
1779802157277,103,GetJoint,200,OK,GetJoint 9-31,text,true,,1429,3530,3,12,https://api-scuda.uat.oci.krungsri.tech/ic/api/v1/customer/joint/getprofile,103,0,18
1779802157363,33,SearchJuristic,200,OK,SearchJuristic 6-31,text,true,,973,2600,1,13,https://api-scuda.uat.oci.krungsri.tech/ords/api/v1/customer/juristic/searchprofile,33,0,22
1779802157303,109,GetJuristic,200,OK,GetJuristic 5-29,text,true,,3460,3533,1,12,https://api-scuda.uat.oci.krungsri.tech/ic/api/v1/customer/juristic/getprofile,109,0,24
1779802156941,480,CreateJoint,200,OK,CreateJoint 11-28,text,true,,1772,5736,4,14,https://api-scuda.uat.oci.krungsri.tech/ic/api/v1/customer/joint/createprofile,480,0,15
1779802157208,245,GetJoint,200,OK,GetJoint 9-29,text,true,,1431,3530,2,14,https://api-scuda.uat.oci.krungsri.tech/ic/api/v1/customer/joint/getprofile,245,0,17
1779802157422,32,SearchIndividual,200,OK,SearchIndividual 2-31,text,true,,1223,2602,2,13,https://api-scuda.uat.oci.krungsri.tech/ords/api/v1/customer/individual/searchprofile,32,0,21
1779802157421,35,SearchIndividual,200,OK,SearchIndividual 2-30,text,true,,1207,2602,1,12,https://api-scuda.uat.oci.krungsri.tech/ords/api/v1/customer/individual/searchprofile,35,0,19
1779802157254,257,GetIndividual,200,OK,GetIndividual 1-28,text,true,,3807,3587,1,11,https://api-scuda.uat.oci.krungsri.tech/ic/api/v1/customer/individual/getprofile,257,0,21
1779802156946,566,CreateJoint,200,OK,CreateJoint 11-29,text,true,,1772,6114,3,10,https://api-scuda.uat.oci.krungsri.tech/ic/api/v1/customer/joint/createprofile,566,0,42
1779802157338,215,CreateJoint,200,OK,CreateJoint 11-30,text,true,,1772,5895,2,11,https://api-scuda.uat.oci.krungsri.tech/ic/api/v1/customer/joint/createprofile,215,0,15
1779802157356,209,UpdateJuristic,200,OK,UpdateJuristic 8-30,text,true,,800,5783,2,11,https://api-scuda.uat.oci.krungsri.tech/ic/api/v1/customer/juristic/updateprofile,209,0,17
1779802157537,115,GetIndividual,200,OK,GetIndividual 1-30,text,true,,3847,3587,1,11,https://api-scuda.uat.oci.krungsri.tech/ic/api/v1/customer/individual/getprofile,115,0,20
1779802156894,761,CreateJuristic,201,Created,CreateJuristic 7-28,text,true,,1172,7612,2,10,https://api-scuda.uat.oci.krungsri.tech/ic/api/v1/customer/juristic/createprofile,761,0,25
1779802157681,28,SearchJoint,200,OK,SearchJoint 10-31,text,true,,620,2626,1,13,https://api-scuda.uat.oci.krungsri.tech/ords/api/v1/customer/joint/searchprofile,28,0,14
1779802157260,450,GetJoint,200,OK,GetJoint 9-30,text,true,,1429,3530,1,13,https://api-scuda.uat.oci.krungsri.tech/ic/api/v1/customer/joint/getprofile,450,0,32
1779802157565,157,UpdateJuristic,200,OK,UpdateJuristic 8-31,text,true,,800,4428,1,11,https://api-scuda.uat.oci.krungsri.tech/ic/api/v1/customer/juristic/updateprofile,157,0,15
1779802157538,188,UpdateJoint,200,OK,UpdateJoint 12-31,text,true,,800,3614,3,11,https://api-scuda.uat.oci.krungsri.tech/ic/api/v1/customer/joint/updateprofile,188,0,29
1779802157387,362,UpdateJoint,200,OK,UpdateJoint 12-29,text,true,,800,4550,2,12,https://api-scuda.uat.oci.krungsri.tech/ic/api/v1/customer/joint/updateprofile,362,0,15
1779802157664,108,GetJuristic,200,OK,GetJuristic 5-30,text,true,,3498,3533,2,12,https://api-scuda.uat.oci.krungsri.tech/ic/api/v1/customer/juristic/getprofile,108,0,19
1779802157398,432,CreateJuristic,201,Created,CreateJuristic 7-29,text,true,,1172,8011,3,12,https://api-scuda.uat.oci.krungsri.tech/ic/api/v1/customer/juristic/createprofile,432,0,21
1779802157349,506,CreateJoint,200,OK,CreateJoint 11-31,text,true,,1772,5709,1,13,https://api-scuda.uat.oci.krungsri.tech/ic/api/v1/customer/joint/createprofile,506,0,15
1779802157452,419,UpdateJoint,200,OK,UpdateJoint 12-30,text,true,,800,4563,1,16,https://api-scuda.uat.oci.krungsri.tech/ic/api/v1/customer/joint/updateprofile,419,0,44
1779802157857,33,SearchJuristic,200,OK,SearchJuristic 6-32,text,true,,992,2600,2,15,https://api-scuda.uat.oci.krungsri.tech/ords/api/v1/customer/juristic/searchprofile,33,0,19
1779802157865,30,SearchJuristic,200,OK,SearchJuristic 6-33,text,true,,1005,2600,1,14,https://api-scuda.uat.oci.krungsri.tech/ords/api/v1/customer/juristic/searchprofile,30,0,19
1779802157871,31,SearchIndividual,200,OK,SearchIndividual 2-32,text,true,,1201,2602,1,13,https://api-scuda.uat.oci.krungsri.tech/ords/api/v1/customer/individual/searchprofile,31,0,20
1779802157684,225,GetJuristic,200,OK,GetJuristic 5-31,text,true,,3495,3533,1,12,https://api-scuda.uat.oci.krungsri.tech/ic/api/v1/customer/juristic/getprofile,225,0,17
1779802157642,272,UpdateIndividual,200,OK,UpdateIndividual 4-30,text,true,,800,4227,3,11,https://api-scuda.uat.oci.krungsri.tech/ic/api/v1/customer/individual/updateprofile,272,0,12
1779802157748,167,UpdateIndividual,200,OK,UpdateIndividual 4-31,text,true,,800,4231,2,10,https://api-scuda.uat.oci.krungsri.tech/ic/api/v1/customer/individual/updateprofile,167,0,24
1779802157921,32,SearchIndividual,200,OK,SearchIndividual 2-33,text,true,,1098,2601,1,13,https://api-scuda.uat.oci.krungsri.tech/ords/api/v1/customer/individual/searchprofile,31,0,21
1779802157852,149,UpdateIndividual,200,OK,UpdateIndividual 4-32,text,true,,800,5628,2,12,https://api-scuda.uat.oci.krungsri.tech/ic/api/v1/customer/individual/updateprofile,149,0,19
1779802157420,629,CreateIndividual,201,Created,CreateIndividual 3-29,text,true,,1172,8305,3,13,https://api-scuda.uat.oci.krungsri.tech/ic/api/v1/customer/individual/createprofile,629,0,19
1779802157943,116,UpdateIndividual,200,OK,UpdateIndividual 4-33,text,true,,800,4227,1,12,https://api-scuda.uat.oci.krungsri.tech/ic/api/v1/customer/individual/updateprofile,116,0,17
1779802157798,266,GetIndividual,200,OK,GetIndividual 1-31,text,true,,3907,3588,2,11,https://api-scuda.uat.oci.krungsri.tech/ic/api/v1/customer/individual/getprofile,266,0,14
1779802157733,381,CreateIndividual,201,Created,CreateIndividual 3-31,text,true,,1172,8263,2,11,https://api-scuda.uat.oci.krungsri.tech/ic/api/v1/customer/individual/createprofile,381,0,12
1779802158040,94,GetJuristic,200,OK,GetJuristic 5-32,text,true,,3448,3533,1,10,https://api-scuda.uat.oci.krungsri.tech/ic/api/v1/customer/juristic/getprofile,94,0,25
1779802157919,215,CreateJoint,200,OK,CreateJoint 11-32,text,true,,1772,5745,1,10,https://api-scuda.uat.oci.krungsri.tech/ic/api/v1/customer/joint/createprofile,215,0,19
1779802157866,268,GetIndividual,200,OK,GetIndividual 1-32,text,true,,3797,3588,1,10,https://api-scuda.uat.oci.krungsri.tech/ic/api/v1/customer/individual/getprofile,268,0,17
1779802157840,335,UpdateJuristic,200,OK,UpdateJuristic 8-32,text,true,,800,4428,3,11,https://api-scuda.uat.oci.krungsri.tech/ic/api/v1/customer/juristic/updateprofile,335,0,20
1779802158023,170,UpdateJuristic,200,OK,UpdateJuristic 8-33,text,true,,800,4428,2,11,https://api-scuda.uat.oci.krungsri.tech/ic/api/v1/customer/juristic/updateprofile,170,0,29
1779802158082,149,UpdateJuristic,200,OK,UpdateJuristic 8-34,text,true,,800,4424,1,11,https://api-scuda.uat.oci.krungsri.tech/ic/api/v1/customer/juristic/updateprofile,149,0,22
1779802158208,30,SearchJoint,200,OK,SearchJoint 10-32,text,true,,621,2627,1,10,https://api-scuda.uat.oci.krungsri.tech/ords/api/v1/customer/joint/searchprofile,30,0,21
1779802157935,364,UpdateJoint,200,OK,UpdateJoint 12-32,text,true,,800,3614,1,10,https://api-scuda.uat.oci.krungsri.tech/ic/api/v1/customer/joint/updateprofile,364,0,21
1779802157663,668,CreateIndividual,201,Created,CreateIndividual 3-30,text,true,,1172,8515,3,12,https://api-scuda.uat.oci.krungsri.tech/ic/api/v1/customer/individual/createprofile,668,0,15
1779802158264,98,GetJuristic,200,OK,GetJuristic 5-33,text,true,,3505,3533,1,12,https://api-scuda.uat.oci.krungsri.tech/ic/api/v1/customer/juristic/getprofile,98,0,19
1779802157774,628,CreateJuristic,201,Created,CreateJuristic 7-31,text,true,,1172,8067,3,13,https://api-scuda.uat.oci.krungsri.tech/ic/api/v1/customer/juristic/createprofile,628,0,18
1779802158155,252,GetJoint,200,OK,GetJoint 9-33,text,true,,1429,3530,2,13,https://api-scuda.uat.oci.krungsri.tech/ic/api/v1/customer/joint/getprofile,252,0,19
1779802158329,111,UpdateJoint,200,OK,UpdateJoint 12-33,text,true,,800,3614,2,12,https://api-scuda.uat.oci.krungsri.tech/ic/api/v1/customer/joint/updateprofile,111,0,20
1779802158407,40,SearchJoint,200,OK,SearchJoint 10-33,text,true,,621,2627,1,11,https://api-scuda.uat.oci.krungsri.tech/ords/api/v1/customer/joint/searchprofile,40,0,28
1779802158469,20,SearchIndividual,200,OK,SearchIndividual 2-34,text,true,,1181,2602,1,12,https://api-scuda.uat.oci.krungsri.tech/ords/api/v1/customer/individual/searchprofile,20,0,9
1779802158173,322,GetIndividual,200,OK,GetIndividual 1-33,text,true,,3835,3588,1,11,https://api-scuda.uat.oci.krungsri.tech/ic/api/v1/customer/individual/getprofile,322,0,14
1779802158142,378,CreateIndividual,201,Created,CreateIndividual 3-32,text,true,,1172,8728,2,11,https://api-scuda.uat.oci.krungsri.tech/ic/api/v1/customer/individual/createprofile,378,0,17
1779802158331,222,CreateJoint,200,OK,CreateJoint 11-33,text,true,,1772,5704,2,11,https://api-scuda.uat.oci.krungsri.tech/ic/api/v1/customer/joint/createprofile,222,0,18
1779802158154,414,GetJoint,200,OK,GetJoint 9-32,text,true,,1431,3530,1,10,https://api-scuda.uat.oci.krungsri.tech/ic/api/v1/customer/joint/getprofile,414,0,13
1779802158465,116,UpdateJoint,200,OK,UpdateJoint 12-35,text,true,,800,3614,2,9,https://api-scuda.uat.oci.krungsri.tech/ic/api/v1/customer/joint/updateprofile,116,0,23
1779802158375,221,GetJuristic,200,OK,GetJuristic 5-34,text,true,,3479,3533,1,9,https://api-scuda.uat.oci.krungsri.tech/ic/api/v1/customer/juristic/getprofile,221,0,29
1779802158585,31,SearchJuristic,200,OK,SearchJuristic 6-34,text,true,,977,2600,1,10,https://api-scuda.uat.oci.krungsri.tech/ords/api/v1/customer/juristic/searchprofile,31,0,19
1779802158604,26,SearchJoint,200,OK,SearchJoint 10-34,text,true,,620,2626,1,10,https://api-scuda.uat.oci.krungsri.tech/ords/api/v1/customer/joint/searchprofile,26,0,17
1779802157730,908,CreateJuristic,201,Created,CreateJuristic 7-30,text,true,,1172,8007,3,10,https://api-scuda.uat.oci.krungsri.tech/ic/api/v1/customer/juristic/createprofile,908,0,20
1779802158183,481,CreateJuristic,201,Created,CreateJuristic 7-32,text,true,,1171,7566,2,11,https://api-scuda.uat.oci.krungsri.tech/ic/api/v1/customer/juristic/createprofile,481,0,17
1779802158337,329,UpdateJoint,200,OK,UpdateJoint 12-34,text,true,,800,4593,1,10,https://api-scuda.uat.oci.krungsri.tech/ic/api/v1/customer/joint/updateprofile,329,0,19
1779802158304,383,CreateIndividual,201,Created,CreateIndividual 3-33,text,true,,1172,8525,1,10,https://api-scuda.uat.oci.krungsri.tech/ic/api/v1/customer/individual/createprofile,383,0,18
1779802158615,86,GetJoint,200,OK,GetJoint 9-34,text,true,,1429,3530,1,10,https://api-scuda.uat.oci.krungsri.tech/ic/api/v1/customer/joint/getprofile,86,0,20
1779802158687,22,SearchJuristic,200,OK,SearchJuristic 6-35,text,true,,981,2600,1,9,https://api-scuda.uat.oci.krungsri.tech/ords/api/v1/customer/juristic/searchprofile,22,0,11
1779802158510,210,CreateJoint,200,OK,CreateJoint 11-34,text,true,,1772,6015,2,9,https://api-scuda.uat.oci.krungsri.tech/ic/api/v1/customer/joint/createprofile,210,0,21
1779802158702,34,SearchJoint,200,OK,SearchJoint 10-35,text,true,,621,2627,1,8,https://api-scuda.uat.oci.krungsri.tech/ords/api/v1/customer/joint/searchprofile,33,0,17
1779802158379,403,UpdateJuristic,200,OK,UpdateJuristic 8-35,text,true,,800,5819,1,10,https://api-scuda.uat.oci.krungsri.tech/ic/api/v1/customer/juristic/updateprofile,403,0,32
1779802158639,158,UpdateIndividual,200,OK,UpdateIndividual 4-35,text,true,,800,5538,2,12,https://api-scuda.uat.oci.krungsri.tech/ic/api/v1/customer/individual/updateprofile,158,0,18
1779802158786,31,SearchIndividual,200,OK,SearchIndividual 2-35,text,true,,1157,2602,1,12,https://api-scuda.uat.oci.krungsri.tech/ords/api/v1/customer/individual/searchprofile,30,0,19
1779802158867,29,SearchJuristic,200,OK,SearchJuristic 6-36,text,true,,1014,2600,1,14,https://api-scuda.uat.oci.krungsri.tech/ords/api/v1/customer/juristic/searchprofile,29,0,18
1779802158644,297,CreateJoint,200,OK,CreateJoint 11-35,text,true,,1772,5910,2,16,https://api-scuda.uat.oci.krungsri.tech/ic/api/v1/customer/joint/createprofile,297,0,25
1779802158650,291,GetIndividual,200,OK,GetIndividual 1-34,text,true,,3829,3588,2,16,https://api-scuda.uat.oci.krungsri.tech/ic/api/v1/customer/individual/getprofile,291,0,15
1779802158524,435,CreateJuristic,201,Created,CreateJuristic 7-33,text,true,,1172,8074,4,14,https://api-scuda.uat.oci.krungsri.tech/ic/api/v1/customer/juristic/createprofile,435,0,20
1779802158625,334,UpdateIndividual,200,OK,UpdateIndividual 4-34,text,true,,800,5574,3,14,https://api-scuda.uat.oci.krungsri.tech/ic/api/v1/customer/individual/updateprofile,334,0,19
1779802158713,266,GetIndividual,200,OK,GetIndividual 1-35,text,true,,3899,3588,1,12,https://api-scuda.uat.oci.krungsri.tech/ic/api/v1/customer/individual/getprofile,266,0,17
1779802158870,123,UpdateIndividual,200,OK,UpdateIndividual 4-36,text,true,,800,4227,2,12,https://api-scuda.uat.oci.krungsri.tech/ic/api/v1/customer/individual/updateprofile,123,0,19
1779802158774,251,GetJuristic,200,OK,GetJuristic 5-35,text,true,,3460,3532,1,13,https://api-scuda.uat.oci.krungsri.tech/ic/api/v1/customer/juristic/getprofile,251,0,19
1779802158789,264,GetJoint,200,OK,GetJoint 9-35,text,true,,1430,3529,1,12,https://api-scuda.uat.oci.krungsri.tech/ic/api/v1/customer/joint/getprofile,264,0,10
1779802159025,119,UpdateJoint,200,OK,UpdateJoint 12-36,text,true,,800,3614,1,15,https://api-scuda.uat.oci.krungsri.tech/ic/api/v1/customer/joint/updateprofile,119,0,20
1779802158778,368,CreateIndividual,201,Created,CreateIndividual 3-34,text,true,,1172,8301,5,14,https://api-scuda.uat.oci.krungsri.tech/ic/api/v1/customer/individual/createprofile,368,0,21
1779802158802,360,CreateIndividual,201,Created,CreateIndividual 3-35,text,true,,1171,8025,4,14,https://api-scuda.uat.oci.krungsri.tech/ic/api/v1/customer/individual/createprofile,360,0,21
1779802158748,441,CreateJuristic,201,Created,CreateJuristic 7-34,text,true,,1172,7979,4,13,https://api-scuda.uat.oci.krungsri.tech/ic/api/v1/customer/juristic/createprofile,441,0,15
1779802159096,102,GetJuristic,200,OK,GetJuristic 5-36,text,true,,3457,3533,1,13,https://api-scuda.uat.oci.krungsri.tech/ic/api/v1/customer/juristic/getprofile,102,0,14
1779802158792,414,CreateJuristic,201,Created,CreateJuristic 7-35,text,true,,1172,7802,3,12,https://api-scuda.uat.oci.krungsri.tech/ic/api/v1/customer/juristic/createprofile,414,0,24
1779802159198,27,SearchIndividual,200,OK,SearchIndividual 2-36,text,true,,1141,2602,1,13,https://api-scuda.uat.oci.krungsri.tech/ords/api/v1/customer/individual/searchprofile,27,0,16
1779802158926,300,UpdateIndividual,200,OK,UpdateIndividual 4-37,text,true,,800,4227,2,12,https://api-scuda.uat.oci.krungsri.tech/ic/api/v1/customer/individual/updateprofile,300,0,19
1779802159240,32,SearchJoint,200,OK,SearchJoint 10-37,text,true,,621,2627,3,18,https://api-scuda.uat.oci.krungsri.tech/ords/api/v1/customer/joint/searchprofile,32,0,20
1779802159237,36,SearchJoint,200,OK,SearchJoint 10-36,text,true,,621,2627,2,17,https://api-scuda.uat.oci.krungsri.tech/ords/api/v1/customer/joint/searchprofile,36,0,27
1779802159252,37,SearchJoint,200,OK,SearchJoint 10-38,text,true,,621,2627,1,16,https://api-scuda.uat.oci.krungsri.tech/ords/api/v1/customer/joint/searchprofile,37,0,21
1779802158880,420,CreateJuristic,201,Created,CreateJuristic 7-36,text,true,,1172,7848,2,16,https://api-scuda.uat.oci.krungsri.tech/ic/api/v1/customer/juristic/createprofile,420,0,20
1779802159307,26,SearchIndividual,200,OK,SearchIndividual 2-37,text,true,,1191,2602,1,17,https://api-scuda.uat.oci.krungsri.tech/ords/api/v1/customer/individual/searchprofile,26,0,14
1779802158907,426,CreateJoint,200,OK,CreateJoint 11-36,text,true,,1772,5930,2,16,https://api-scuda.uat.oci.krungsri.tech/ic/api/v1/customer/joint/createprofile,426,0,28
1779802159241,103,GetJoint,200,OK,GetJoint 9-37,text,true,,1431,3530,2,15,https://api-scuda.uat.oci.krungsri.tech/ic/api/v1/customer/joint/getprofile,103,0,20
1779802159210,143,UpdateJoint,200,OK,UpdateJoint 12-37,text,true,,800,3614,1,14,https://api-scuda.uat.oci.krungsri.tech/ic/api/v1/customer/joint/updateprofile,143,0,36
1779802159166,189,UpdateJuristic,200,OK,UpdateJuristic 8-36,text,true,,800,5681,1,13,https://api-scuda.uat.oci.krungsri.tech/ic/api/v1/customer/juristic/updateprofile,189,0,17
1779802159119,282,CreateJoint,200,OK,CreateJoint 11-37,text,true,,1772,6018,1,15,https://api-scuda.uat.oci.krungsri.tech/ic/api/v1/customer/joint/createprofile,282,0,14
1779802159450,27,SearchJuristic,200,OK,SearchJuristic 6-37,text,true,,1011,2600,2,18,https://api-scuda.uat.oci.krungsri.tech/ords/api/v1/customer/juristic/searchprofile,27,0,16
1779802159228,255,GetJoint,200,OK,GetJoint 9-36,text,true,,1427,3528,1,17,https://api-scuda.uat.oci.krungsri.tech/ic/api/v1/customer/joint/getprofile,255,0,15
1779802159215,274,GetIndividual,200,OK,GetIndividual 1-36,text,true,,3890,3588,2,16,https://api-scuda.uat.oci.krungsri.tech/ic/api/v1/customer/individual/getprofile,274,0,10
1779802159099,394,UpdateIndividual,200,OK,UpdateIndividual 4-38,text,true,,800,4230,2,15,https://api-scuda.uat.oci.krungsri.tech/ic/api/v1/customer/individual/updateprofile,394,0,45
1779802159115,390,CreateIndividual,201,Created,CreateIndividual 3-38,text,true,,1172,8206,3,14,https://api-scuda.uat.oci.krungsri.tech/ic/api/v1/customer/individual/createprofile,390,0,16
1779802159477,34,SearchJuristic,200,OK,SearchJuristic 6-38,text,true,,1013,2600,1,13,https://api-scuda.uat.oci.krungsri.tech/ords/api/v1/customer/juristic/searchprofile,34,0,23
1779802159298,220,GetJuristic,200,OK,GetJuristic 5-38,text,true,,3468,3531,3,12,https://api-scuda.uat.oci.krungsri.tech/ic/api/v1/customer/juristic/getprofile,220,0,19
1779802159272,248,GetJuristic,200,OK,GetJuristic 5-37,text,true,,3532,3533,2,11,https://api-scuda.uat.oci.krungsri.tech/ic/api/v1/customer/juristic/getprofile,248,0,15
1779802159544,30,SearchIndividual,200,OK,SearchIndividual 2-38,text,true,,1227,2602,1,16,https://api-scuda.uat.oci.krungsri.tech/ords/api/v1/customer/individual/searchprofile,30,0,18
1779802159545,29,SearchJuristic,200,OK,SearchJuristic 6-39,text,true,,1013,2600,1,15,https://api-scuda.uat.oci.krungsri.tech/ords/api/v1/customer/juristic/searchprofile,29,0,19
1779802158929,645,CreateIndividual,201,Created,CreateIndividual 3-36,text,true,,1172,8092,2,15,https://api-scuda.uat.oci.krungsri.tech/ic/api/v1/customer/individual/createprofile,645,0,18
1779802159561,31,SearchJoint,200,OK,SearchJoint 10-39,text,true,,621,2627,1,13,https://api-scuda.uat.oci.krungsri.tech/ords/api/v1/customer/joint/searchprofile,31,0,20
1779802159408,207,CreateJoint,200,OK,CreateJoint 11-38,text,true,,1772,6104,1,12,https://api-scuda.uat.oci.krungsri.tech/ic/api/v1/customer/joint/createprofile,207,0,23
1779802158995,629,CreateIndividual,201,Created,CreateIndividual 3-37,text,true,,1172,8351,1,12,https://api-scuda.uat.oci.krungsri.tech/ic/api/v1/customer/individual/createprofile,629,0,15
1779802159254,384,UpdateIndividual,200,OK,UpdateIndividual 4-39,text,true,,800,5626,1,11,https://api-scuda.uat.oci.krungsri.tech/ic/api/v1/customer/individual/updateprofile,384,0,18
1779802158999,639,CreateJuristic,201,Created,CreateJuristic 7-37,text,true,,1170,7829,3,10,https://api-scuda.uat.oci.krungsri.tech/ic/api/v1/customer/juristic/createprofile,639,0,21
1779802159527,149,UpdateJuristic,200,OK,UpdateJuristic 8-37,text,true,,800,4432,1,9,https://api-scuda.uat.oci.krungsri.tech/ic/api/v1/customer/juristic/updateprofile,149,0,22
1779802159310,406,CreateJuristic,201,Created,CreateJuristic 7-38,text,true,,1172,7783,2,10,https://api-scuda.uat.oci.krungsri.tech/ic/api/v1/customer/juristic/createprofile,406,0,20
1779802159393,352,GetJuristic,200,OK,GetJuristic 5-39,text,true,,3487,3531,1,10,https://api-scuda.uat.oci.krungsri.tech/ic/api/v1/customer/juristic/getprofile,352,0,31
1779802159400,355,UpdateJoint,200,OK,UpdateJoint 12-38,text,true,,800,4590,1,9,https://api-scuda.uat.oci.krungsri.tech/ic/api/v1/customer/joint/updateprofile,355,0,16
1779802159729,31,SearchIndividual,200,OK,SearchIndividual 2-39,text,true,,1164,2601,1,8,https://api-scuda.uat.oci.krungsri.tech/ords/api/v1/customer/individual/searchprofile,31,0,21
1779802159524,238,GetJoint,200,OK,GetJoint 9-38,text,true,,1431,3530,2,7,https://api-scuda.uat.oci.krungsri.tech/ic/api/v1/customer/joint/getprofile,238,0,18
1779802159410,368,GetIndividual,200,OK,GetIndividual 1-37,text,true,,3862,3588,2,7,https://api-scuda.uat.oci.krungsri.tech/ic/api/v1/customer/individual/getprofile,368,0,19
1779802159535,259,GetIndividual,200,OK,GetIndividual 1-38,text,true,,3883,3588,1,6,https://api-scuda.uat.oci.krungsri.tech/ic/api/v1/customer/individual/getprofile,259,0,16
1779802159364,434,CreateJuristic,201,Created,CreateJuristic 7-39,text,true,,1172,7761,1,6,https://api-scuda.uat.oci.krungsri.tech/ic/api/v1/customer/juristic/createprofile,434,0,15
1779802159870,28,SearchJuristic,200,OK,SearchJuristic 6-40,text,true,,1000,2600,1,11,https://api-scuda.uat.oci.krungsri.tech/ords/api/v1/customer/juristic/searchprofile,28,0,18
1779802159876,22,SearchIndividual,200,OK,SearchIndividual 2-40,text,true,,1195,2602,1,10,https://api-scuda.uat.oci.krungsri.tech/ords/api/v1/customer/individual/searchprofile,22,0,11
1779802159808,96,GetIndividual,200,OK,GetIndividual 1-39,text,true,,3845,3588,1,9,https://api-scuda.uat.oci.krungsri.tech/ic/api/v1/customer/individual/getprofile,96,0,16
1779802159711,200,CreateJoint,200,OK,CreateJoint 11-39,text,true,,1772,5907,1,8,https://api-scuda.uat.oci.krungsri.tech/ic/api/v1/customer/joint/createprofile,200,0,14
1779802159621,305,GetJoint,200,OK,GetJoint 9-39,text,true,,1431,3530,1,7,https://api-scuda.uat.oci.krungsri.tech/ic/api/v1/customer/joint/getprofile,305,0,20
1779802159852,107,GetJuristic,200,OK,GetJuristic 5-40,text,true,,3483,3533,1,9,https://api-scuda.uat.oci.krungsri.tech/ic/api/v1/customer/juristic/getprofile,107,0,22
1779802159950,30,SearchIndividual,200,OK,SearchIndividual 2-41,text,true,,1119,2602,1,9,https://api-scuda.uat.oci.krungsri.tech/ords/api/v1/customer/individual/searchprofile,30,0,18
1779802159987,30,SearchJoint,200,OK,SearchJoint 10-40,text,true,,621,2627,1,10,https://api-scuda.uat.oci.krungsri.tech/ords/api/v1/customer/joint/searchprofile,30,0,20
1779802159953,89,GetIndividual,200,OK,GetIndividual 1-40,text,true,,3877,3588,1,11,https://api-scuda.uat.oci.krungsri.tech/ic/api/v1/customer/individual/getprofile,89,0,20
1779802159774,339,UpdateJuristic,200,OK,UpdateJuristic 8-39,text,true,,800,4431,3,13,https://api-scuda.uat.oci.krungsri.tech/ic/api/v1/customer/juristic/updateprofile,339,0,21
1779802159984,144,UpdateIndividual,200,OK,UpdateIndividual 4-40,text,true,,800,5517,1,13,https://api-scuda.uat.oci.krungsri.tech/ic/api/v1/customer/individual/updateprofile,144,0,11
1779802159712,416,UpdateJuristic,200,OK,UpdateJuristic 8-38,text,true,,800,5756,2,12,https://api-scuda.uat.oci.krungsri.tech/ic/api/v1/customer/juristic/updateprofile,416,0,20
1779802160124,28,SearchJuristic,200,OK,SearchJuristic 6-41,text,true,,980,2600,1,14,https://api-scuda.uat.oci.krungsri.tech/ords/api/v1/customer/juristic/searchprofile,27,0,14
1779802159857,300,UpdateJoint,200,OK,UpdateJoint 12-40,text,true,,800,3614,3,13,https://api-scuda.uat.oci.krungsri.tech/ic/api/v1/customer/joint/updateprofile,300,0,21
1779802160064,94,GetJoint,200,OK,GetJoint 9-41,text,true,,1431,3530,2,12,https://api-scuda.uat.oci.krungsri.tech/ic/api/v1/customer/joint/getprofile,94,0,20
1779802160134,36,SearchIndividual,200,OK,SearchIndividual 2-42,text,true,,1185,2602,1,11,https://api-scuda.uat.oci.krungsri.tech/ords/api/v1/customer/individual/searchprofile,36,0,21
1779802159807,374,CreateIndividual,201,Created,CreateIndividual 3-39,text,true,,1172,8059,2,11,https://api-scuda.uat.oci.krungsri.tech/ic/api/v1/customer/individual/createprofile,374,0,22
1779802160094,100,UpdateJoint,200,OK,UpdateJoint 12-41,text,true,,799,3613,2,11,https://api-scuda.uat.oci.krungsri.tech/ic/api/v1/customer/joint/updateprofile,100,0,9
1779802160200,28,SearchIndividual,200,OK,SearchIndividual 2-43,text,true,,1134,2601,1,13,https://api-scuda.uat.oci.krungsri.tech/ords/api/v1/customer/individual/searchprofile,28,0,13
1779802160217,31,SearchJuristic,200,OK,SearchJuristic 6-42,text,true,,991,2600,1,12,https://api-scuda.uat.oci.krungsri.tech/ords/api/v1/customer/juristic/searchprofile,31,0,20
1779802160040,226,GetJoint,200,OK,GetJoint 9-40,text,true,,1431,3530,2,12,https://api-scuda.uat.oci.krungsri.tech/ic/api/v1/customer/joint/getprofile,226,0,21
1779802159800,482,UpdateJoint,200,OK,UpdateJoint 12-39,text,true,,800,4555,1,11,https://api-scuda.uat.oci.krungsri.tech/ic/api/v1/customer/joint/updateprofile,482,0,20
1779802160209,105,GetIndividual,200,OK,GetIndividual 1-42,text,true,,3888,3587,2,10,https://api-scuda.uat.oci.krungsri.tech/ic/api/v1/customer/individual/getprofile,105,0,26
1779802160316,27,SearchJuristic,200,OK,SearchJuristic 6-43,text,true,,985,2600,1,14,https://api-scuda.uat.oci.krungsri.tech/ords/api/v1/customer/juristic/searchprofile,27,0,15
1779802159977,381,CreateIndividual,201,Created,CreateIndividual 3-40,text,true,,1172,8542,2,13,https://api-scuda.uat.oci.krungsri.tech/ic/api/v1/customer/individual/createprofile,381,0,20
1779802159961,444,UpdateJuristic,200,OK,UpdateJuristic 8-40,text,true,,799,5792,2,14,https://api-scuda.uat.oci.krungsri.tech/ic/api/v1/customer/juristic/updateprofile,444,0,16
1779802160329,101,GetIndividual,200,OK,GetIndividual 1-43,text,true,,3861,3588,2,13,https://api-scuda.uat.oci.krungsri.tech/ic/api/v1/customer/individual/getprofile,101,0,11
1779802160180,252,GetIndividual,200,OK,GetIndividual 1-41,text,true,,3826,3588,1,12,https://api-scuda.uat.oci.krungsri.tech/ic/api/v1/customer/individual/getprofile,252,0,17
1779802160147,296,UpdateIndividual,200,OK,UpdateIndividual 4-41,text,true,,800,4227,2,13,https://api-scuda.uat.oci.krungsri.tech/ic/api/v1/customer/individual/updateprofile,296,0,22
1779802160364,90,GetJuristic,200,OK,GetJuristic 5-42,text,true,,3521,3533,2,12,https://api-scuda.uat.oci.krungsri.tech/ic/api/v1/customer/juristic/getprofile,90,0,17
1779802160322,138,UpdateJoint,200,OK,UpdateJoint 12-42,text,true,,800,4528,1,11,https://api-scuda.uat.oci.krungsri.tech/ic/api/v1/customer/joint/updateprofile,138,0,18
1779802160258,236,GetJoint,200,OK,GetJoint 9-42,text,true,,1429,3530,1,11,https://api-scuda.uat.oci.krungsri.tech/ic/api/v1/customer/joint/getprofile,236,0,10
1779802160021,489,CreateJoint,200,OK,CreateJoint 11-40,text,true,,1772,6091,4,13,https://api-scuda.uat.oci.krungsri.tech/ic/api/v1/customer/joint/createprofile,489,0,23
1779802160091,434,CreateJuristic,201,Created,CreateJuristic 7-40,text,true,,1172,7980,2,12,https://api-scuda.uat.oci.krungsri.tech/ic/api/v1/customer/juristic/createprofile,434,0,21
1779802160321,206,UpdateJuristic,200,OK,UpdateJuristic 8-41,text,true,,800,5819,2,11,https://api-scuda.uat.oci.krungsri.tech/ic/api/v1/customer/juristic/updateprofile,206,0,22
1779802160506,28,SearchJoint,200,OK,SearchJoint 10-41,text,true,,621,2627,1,10,https://api-scuda.uat.oci.krungsri.tech/ords/api/v1/customer/joint/searchprofile,28,0,19
1779802160196,384,CreateIndividual,201,Created,CreateIndividual 3-41,text,true,,1172,8108,2,12,https://api-scuda.uat.oci.krungsri.tech/ic/api/v1/customer/individual/createprofile,384,0,19
1779802160145,439,CreateJoint,200,OK,CreateJoint 11-41,text,true,,1772,5873,3,11,https://api-scuda.uat.oci.krungsri.tech/ic/api/v1/customer/joint/createprofile,439,0,13
1779802160337,265,GetJuristic,200,OK,GetJuristic 5-41,text,true,,3542,3532,1,10,https://api-scuda.uat.oci.krungsri.tech/ic/api/v1/customer/juristic/getprofile,265,0,17
1779802160579,31,SearchJoint,200,OK,SearchJoint 10-42,text,true,,621,2627,1,9,https://api-scuda.uat.oci.krungsri.tech/ords/api/v1/customer/joint/searchprofile,31,0,21
1779802160616,31,SearchJoint,200,OK,SearchJoint 10-43,text,true,,621,2627,1,11,https://api-scuda.uat.oci.krungsri.tech/ords/api/v1/customer/joint/searchprofile,31,0,22
1779802160474,177,UpdateJoint,200,OK,UpdateJoint 12-43,text,true,,800,3614,1,11,https://api-scuda.uat.oci.krungsri.tech/ic/api/v1/customer/joint/updateprofile,177,0,15
1779802160445,212,CreateJoint,200,OK,CreateJoint 11-42,text,true,,1772,6129,2,10,https://api-scuda.uat.oci.krungsri.tech/ic/api/v1/customer/joint/createprofile,212,0,20
1779802160652,103,GetJoint,200,OK,GetJoint 9-43,text,true,,1431,3530,1,9,https://api-scuda.uat.oci.krungsri.tech/ic/api/v1/customer/joint/getprofile,103,0,20
1779802160504,328,UpdateJuristic,200,OK,UpdateJuristic 8-42,text,true,,800,4429,2,11,https://api-scuda.uat.oci.krungsri.tech/ic/api/v1/customer/juristic/updateprofile,328,0,16
1779802160392,467,CreateJuristic,201,Created,CreateJuristic 7-41,text,true,,1172,7589,3,11,https://api-scuda.uat.oci.krungsri.tech/ic/api/v1/customer/juristic/createprofile,467,0,14
1779802160761,151,UpdateJuristic,200,OK,UpdateJuristic 8-43,text,true,,800,4430,1,12,https://api-scuda.uat.oci.krungsri.tech/ic/api/v1/customer/juristic/updateprofile,151,0,13
1779802160513,413,CreateJoint,200,OK,CreateJoint 11-43,text,true,,1772,5904,1,12,https://api-scuda.uat.oci.krungsri.tech/ic/api/v1/customer/joint/createprofile,413,0,16
1779802160445,486,UpdateIndividual,200,OK,UpdateIndividual 4-42,text,true,,800,5647,2,11,https://api-scuda.uat.oci.krungsri.tech/ic/api/v1/customer/individual/updateprofile,486,0,22
1779802160779,165,GetJuristic,200,OK,GetJuristic 5-43,text,true,,3486,3533,2,12,https://api-scuda.uat.oci.krungsri.tech/ic/api/v1/customer/juristic/getprofile,165,0,19
1779802160917,33,SearchIndividual,200,OK,SearchIndividual 2-44,text,true,,1223,2602,1,14,https://api-scuda.uat.oci.krungsri.tech/ords/api/v1/customer/individual/searchprofile,33,0,18
1779802160946,25,SearchJuristic,200,OK,SearchJuristic 6-44,text,true,,994,2600,2,13,https://api-scuda.uat.oci.krungsri.tech/ords/api/v1/customer/juristic/searchprofile,25,0,14
1779802160950,28,SearchJuristic,200,OK,SearchJuristic 6-45,text,true,,974,2600,1,12,https://api-scuda.uat.oci.krungsri.tech/ords/api/v1/customer/juristic/searchprofile,28,0,18
1779802160557,441,UpdateIndividual,200,OK,UpdateIndividual 4-43,text,true,,799,4226,1,11,https://api-scuda.uat.oci.krungsri.tech/ic/api/v1/customer/individual/updateprofile,441,0,17
1779802160913,88,GetJuristic,200,OK,GetJuristic 5-44,text,true,,3478,3533,1,10,https://api-scuda.uat.oci.krungsri.tech/ic/api/v1/customer/juristic/getprofile,88,0,19
1779802160627,462,CreateJuristic,201,Created,CreateJuristic 7-42,text,true,,1172,7656,4,16,https://api-scuda.uat.oci.krungsri.tech/ic/api/v1/customer/juristic/createprofile,462,0,17
1779802161010,100,GetJuristic,200,OK,GetJuristic 5-45,text,true,,3511,3533,1,15,https://api-scuda.uat.oci.krungsri.tech/ic/api/v1/customer/juristic/getprofile,100,0,20
1779802160637,505,CreateIndividual,201,Created,CreateIndividual 3-43,text,true,,1172,8318,5,15,https://api-scuda.uat.oci.krungsri.tech/ic/api/v1/customer/individual/createprofile,505,0,18
1779802161066,89,GetJoint,200,OK,GetJoint 9-44,text,true,,1429,3530,1,14,https://api-scuda.uat.oci.krungsri.tech/ic/api/v1/customer/joint/getprofile,89,0,17
1779802161160,32,SearchJuristic,200,OK,SearchJuristic 6-46,text,true,,992,2600,1,15,https://api-scuda.uat.oci.krungsri.tech/ords/api/v1/customer/juristic/searchprofile,32,0,17
1779802161032,162,UpdateJuristic,200,OK,UpdateJuristic 8-44,text,true,,800,4429,2,14,https://api-scuda.uat.oci.krungsri.tech/ic/api/v1/customer/juristic/updateprofile,162,0,20
1779802161054,144,UpdateJuristic,200,OK,UpdateJuristic 8-45,text,true,,800,4421,1,13,https://api-scuda.uat.oci.krungsri.tech/ic/api/v1/customer/juristic/updateprofile,144,0,14
1779802160873,373,CreateIndividual,201,Created,CreateIndividual 3-45,text,true,,1172,8206,4,15,https://api-scuda.uat.oci.krungsri.tech/ic/api/v1/customer/individual/createprofile,373,0,19
1779802161251,28,SearchJoint,200,OK,SearchJoint 10-44,text,true,,621,2627,1,18,https://api-scuda.uat.oci.krungsri.tech/ords/api/v1/customer/joint/searchprofile,28,0,17
1779802160547,742,CreateIndividual,201,Created,CreateIndividual 3-42,text,true,,1172,8399,3,18,https://api-scuda.uat.oci.krungsri.tech/ic/api/v1/customer/individual/createprofile,742,0,15
1779802161261,34,SearchIndividual,200,OK,SearchIndividual 2-45,text,true,,1189,2602,1,17,https://api-scuda.uat.oci.krungsri.tech/ords/api/v1/customer/individual/searchprofile,34,0,19
1779802160939,365,GetIndividual,200,OK,GetIndividual 1-44,text,true,,3877,3588,1,16,https://api-scuda.uat.oci.krungsri.tech/ic/api/v1/customer/individual/getprofile,365,0,10
1779802160822,535,CreateJuristic,201,Created,CreateJuristic 7-43,text,true,,1172,7793,5,18,https://api-scuda.uat.oci.krungsri.tech/ic/api/v1/customer/juristic/createprofile,535,0,20
1779802161202,158,UpdateJuristic,200,OK,UpdateJuristic 8-46,text,true,,800,4422,1,17,https://api-scuda.uat.oci.krungsri.tech/ic/api/v1/customer/juristic/updateprofile,158,0,19
1779802161272,89,GetJuristic,200,OK,GetJuristic 5-47,text,true,,3462,3533,2,16,https://api-scuda.uat.oci.krungsri.tech/ic/api/v1/customer/juristic/getprofile,89,0,18
1779802161288,75,SearchJoint,200,OK,SearchJoint 10-45,text,true,,621,2627,1,15,https://api-scuda.uat.oci.krungsri.tech/ords/api/v1/customer/joint/searchprofile,75,0,49
1779802161166,224,CreateJoint,200,OK,CreateJoint 11-44,text,true,,1772,6067,2,16,https://api-scuda.uat.oci.krungsri.tech/ic/api/v1/customer/joint/createprofile,224,0,17
1779802161365,35,SearchIndividual,200,OK,SearchIndividual 2-46,text,true,,1147,2602,1,17,https://api-scuda.uat.oci.krungsri.tech/ords/api/v1/customer/individual/searchprofile,34,0,19
1779802160935,490,CreateJuristic,201,Created,CreateJuristic 7-44,text,true,,1172,8260,4,16,https://api-scuda.uat.oci.krungsri.tech/ic/api/v1/customer/juristic/createprofile,490,0,18
1779802161397,43,SearchJuristic,200,OK,SearchJuristic 6-47,text,true,,999,2600,1,15,https://api-scuda.uat.oci.krungsri.tech/ords/api/v1/customer/juristic/searchprofile,43,0,24
1779802161076,366,UpdateIndividual,200,OK,UpdateIndividual 4-45,text,true,,800,4229,3,14,https://api-scuda.uat.oci.krungsri.tech/ic/api/v1/customer/individual/updateprofile,366,0,18
1779802160948,497,CreateIndividual,201,Created,CreateIndividual 3-46,text,true,,1172,8451,2,13,https://api-scuda.uat.oci.krungsri.tech/ic/api/v1/customer/individual/createprofile,497,0,14
1779802161068,381,UpdateIndividual,200,OK,UpdateIndividual 4-44,text,true,,800,5590,2,13,https://api-scuda.uat.oci.krungsri.tech/ic/api/v1/customer/individual/updateprofile,381,0,16
1779802161334,129,UpdateJoint,200,OK,UpdateJoint 12-44,text,true,,799,3613,1,14,https://api-scuda.uat.oci.krungsri.tech/ic/api/v1/customer/joint/updateprofile,129,0,18
1779802161320,153,UpdateIndividual,200,OK,UpdateIndividual 4-46,text,true,,800,5535,1,13,https://api-scuda.uat.oci.krungsri.tech/ic/api/v1/customer/individual/updateprofile,153,0,18
1779802161259,222,CreateJoint,200,OK,CreateJoint 11-45,text,true,,1772,5713,3,12,https://api-scuda.uat.oci.krungsri.tech/ic/api/v1/customer/joint/createprofile,222,0,18
1779802161235,253,GetJuristic,200,OK,GetJuristic 5-46,text,true,,3495,3533,2,12,https://api-scuda.uat.oci.krungsri.tech/ic/api/v1/customer/juristic/getprofile,253,0,14
1779802161455,38,SearchIndividual,200,OK,SearchIndividual 2-47,text,true,,1161,2602,1,11,https://api-scuda.uat.oci.krungsri.tech/ords/api/v1/customer/individual/searchprofile,38,0,27
1779802161059,444,CreateJuristic,201,Created,CreateJuristic 7-45,text,true,,1172,8366,3,10,https://api-scuda.uat.oci.krungsri.tech/ic/api/v1/customer/juristic/createprofile,444,0,16
1779802161326,211,GetJoint,200,OK,GetJoint 9-45,text,true,,1431,3530,2,13,https://api-scuda.uat.oci.krungsri.tech/ic/api/v1/customer/joint/getprofile,211,0,18
1779802161514,32,SearchJuristic,200,OK,SearchJuristic 6-48,text,true,,977,2600,1,13,https://api-scuda.uat.oci.krungsri.tech/ords/api/v1/customer/juristic/searchprofile,32,0,18
1779802161122,426,CreateJuristic,201,Created,CreateJuristic 7-46,text,true,,1172,7998,2,12,https://api-scuda.uat.oci.krungsri.tech/ic/api/v1/customer/juristic/createprofile,426,0,22
1779802161452,96,GetJuristic,200,OK,GetJuristic 5-48,text,true,,3507,3533,1,12,https://api-scuda.uat.oci.krungsri.tech/ic/api/v1/customer/juristic/getprofile,96,0,16
1779802161532,29,SearchJoint,200,OK,SearchJoint 10-46,text,true,,621,2627,1,10,https://api-scuda.uat.oci.krungsri.tech/ords/api/v1/customer/joint/searchprofile,29,0,20
1779802160846,730,CreateIndividual,201,Created,CreateIndividual 3-44,text,true,,1172,8171,1,11,https://api-scuda.uat.oci.krungsri.tech/ic/api/v1/customer/individual/createprofile,730,0,18
1779802161563,33,SearchJoint,200,OK,SearchJoint 10-47,text,true,,621,2627,1,13,https://api-scuda.uat.oci.krungsri.tech/ords/api/v1/customer/joint/searchprofile,32,0,21
1779802161400,200,CreateJoint,200,OK,CreateJoint 11-46,text,true,,1772,5799,2,12,https://api-scuda.uat.oci.krungsri.tech/ic/api/v1/customer/joint/createprofile,200,0,20
1779802161487,121,UpdateJoint,200,OK,UpdateJoint 12-45,text,true,,800,3614,3,12,https://api-scuda.uat.oci.krungsri.tech/ic/api/v1/customer/joint/updateprofile,121,0,19
1779802161578,92,GetIndividual,200,OK,GetIndividual 1-46,text,true,,3794,3588,3,14,https://api-scuda.uat.oci.krungsri.tech/ic/api/v1/customer/individual/getprofile,92,0,16
1779802161573,99,GetIndividual,200,OK,GetIndividual 1-45,text,true,,3815,3588,2,13,https://api-scuda.uat.oci.krungsri.tech/ic/api/v1/customer/individual/getprofile,99,0,17
1779802161531,149,UpdateJuristic,200,OK,UpdateJuristic 8-47,text,true,,800,4427,1,12,https://api-scuda.uat.oci.krungsri.tech/ic/api/v1/customer/juristic/updateprofile,149,0,19
1779802161585,110,UpdateJoint,200,OK,UpdateJoint 12-47,text,true,,800,3614,2,11,https://api-scuda.uat.oci.krungsri.tech/ic/api/v1/customer/joint/updateprofile,110,0,18
1779802161603,99,GetJoint,200,OK,GetJoint 9-47,text,true,,1429,3530,2,10,https://api-scuda.uat.oci.krungsri.tech/ic/api/v1/customer/joint/getprofile,99,0,27
1779802161549,170,UpdateIndividual,200,OK,UpdateIndividual 4-47,text,true,,800,5554,2,11,https://api-scuda.uat.oci.krungsri.tech/ic/api/v1/customer/individual/updateprofile,170,0,21
1779802161704,28,SearchIndividual,200,OK,SearchIndividual 2-48,text,true,,1193,2602,1,11,https://api-scuda.uat.oci.krungsri.tech/ords/api/v1/customer/individual/searchprofile,28,0,17
1779802161449,284,CreateJoint,200,OK,CreateJoint 11-47,text,true,,1772,5728,1,10,https://api-scuda.uat.oci.krungsri.tech/ic/api/v1/customer/joint/createprofile,284,0,16
1779802161618,121,UpdateIndividual,200,OK,UpdateIndividual 4-48,text,true,,799,4226,1,9,https://api-scuda.uat.oci.krungsri.tech/ic/api/v1/customer/individual/updateprofile,121,0,18
1779802161366,379,GetJoint,200,OK,GetJoint 9-46,text,true,,1431,3530,2,9,https://api-scuda.uat.oci.krungsri.tech/ic/api/v1/customer/joint/getprofile,379,0,22
1779802161731,26,SearchJoint,200,OK,SearchJoint 10-48,text,true,,621,2627,1,9,https://api-scuda.uat.oci.krungsri.tech/ords/api/v1/customer/joint/searchprofile,25,0,16
1779802161662,100,GetIndividual,200,OK,GetIndividual 1-47,text,true,,3883,3588,2,8,https://api-scuda.uat.oci.krungsri.tech/ic/api/v1/customer/individual/getprofile,100,0,23
1779802161745,79,GetJoint,200,OK,GetJoint 9-48,text,true,,1429,3530,1,10,https://api-scuda.uat.oci.krungsri.tech/ic/api/v1/customer/joint/getprofile,79,0,16
