timeStamp,elapsed,label,responseCode,responseMessage,threadName,dataType,success,failureMessage,bytes,sentBytes,grpThreads,allThreads,URL,Latency,IdleTime,Connect
1778849869101,845,Get Token,200,OK,UpdateJuristic 8-2,text,true,,3684,522,2,56,https://api-scuda.uat.oci.krungsri.tech/oauth2/v1/token,845,0,720
1778849869694,283,Get Token,200,OK,SearchIndividual 2-10,text,true,,2894,426,18,57,https://api-scuda.uat.oci.krungsri.tech/oauth2/v1/token,283,0,126
1778849869101,876,Get Token,200,OK,SearchIndividual 2-5,text,true,,2894,426,18,57,https://api-scuda.uat.oci.krungsri.tech/oauth2/v1/token,876,0,720
1778849869833,141,Get Token,200,OK,SearchIndividual 2-15,text,true,,2894,426,18,56,https://api-scuda.uat.oci.krungsri.tech/oauth2/v1/token,141,0,49
1778849869100,850,Get Token,200,OK,GetJuristic 5-1,text,true,,3684,522,2,56,https://api-scuda.uat.oci.krungsri.tech/oauth2/v1/token,850,0,720
1778849869100,845,Get Token,200,OK,CreateJoint 11-2,text,true,,3684,522,2,56,https://api-scuda.uat.oci.krungsri.tech/oauth2/v1/token,839,0,721
1778849869242,704,Get Token,200,OK,SearchIndividual 2-9,text,true,,2894,426,18,56,https://api-scuda.uat.oci.krungsri.tech/oauth2/v1/token,695,0,579
1778849869100,867,Get Token,200,OK,CreateIndividual 3-2,text,true,,3684,522,3,56,https://api-scuda.uat.oci.krungsri.tech/oauth2/v1/token,867,0,720
1778849869101,845,Get Token,200,OK,SearchIndividual 2-6,text,true,,2894,426,18,56,https://api-scuda.uat.oci.krungsri.tech/oauth2/v1/token,837,0,720
1778849869101,864,Get Token,200,OK,GetIndividual 1-3,text,true,,3684,522,11,56,https://api-scuda.uat.oci.krungsri.tech/oauth2/v1/token,864,0,720
1778849869100,868,Get Token,200,OK,SearchJuristic 6-1,text,true,,2894,426,2,56,https://api-scuda.uat.oci.krungsri.tech/oauth2/v1/token,868,0,720
1778849869100,864,Get Token,200,OK,SearchIndividual 2-8,text,true,,2894,426,18,56,https://api-scuda.uat.oci.krungsri.tech/oauth2/v1/token,864,0,720
1778849869210,735,Get Token,200,OK,GetIndividual 1-7,text,true,,3684,522,11,56,https://api-scuda.uat.oci.krungsri.tech/oauth2/v1/token,729,0,610
1778849869930,50,Get Token,200,OK,SearchJoint 10-3,text,true,,2894,426,3,57,https://api-scuda.uat.oci.krungsri.tech/oauth2/v1/token,50,0,20
1778849869101,881,Get Token,200,OK,UpdateJuristic 8-1,text,true,,3684,522,2,57,https://api-scuda.uat.oci.krungsri.tech/oauth2/v1/token,881,0,719
1778849869100,882,Get Token,200,OK,GetIndividual 1-4,text,true,,3684,522,12,57,https://api-scuda.uat.oci.krungsri.tech/oauth2/v1/token,882,0,721
1778849869401,549,Get Token,200,OK,CreateJuristic 7-2,text,true,,3684,522,2,56,https://api-scuda.uat.oci.krungsri.tech/oauth2/v1/token,549,0,419
1778849869697,249,Get Token,200,OK,GetIndividual 1-11,text,true,,3684,522,11,56,https://api-scuda.uat.oci.krungsri.tech/oauth2/v1/token,239,0,123
1778849869101,844,Get Token,200,OK,UpdateJoint 12-1,text,true,,3684,522,2,56,https://api-scuda.uat.oci.krungsri.tech/oauth2/v1/token,844,0,719
1778849869697,249,Get Token,200,OK,SearchIndividual 2-12,text,true,,2894,426,18,56,https://api-scuda.uat.oci.krungsri.tech/oauth2/v1/token,240,0,123
1778849869100,873,Get Token,200,OK,SearchIndividual 2-4,text,true,,2894,426,18,56,https://api-scuda.uat.oci.krungsri.tech/oauth2/v1/token,873,0,720
1778849869726,219,Get Token,200,OK,SearchIndividual 2-13,text,true,,2894,426,18,56,https://api-scuda.uat.oci.krungsri.tech/oauth2/v1/token,210,0,95
1778849869100,845,Get Token,200,OK,UpdateIndividual 4-1,text,true,,3684,522,7,56,https://api-scuda.uat.oci.krungsri.tech/oauth2/v1/token,839,0,720
1778849869180,767,Get Token,200,OK,GetJuristic 5-2,text,true,,3684,522,2,56,https://api-scuda.uat.oci.krungsri.tech/oauth2/v1/token,757,0,640
1778849869696,288,Get Token,200,OK,SearchIndividual 2-11,text,true,,2894,426,18,57,https://api-scuda.uat.oci.krungsri.tech/oauth2/v1/token,288,0,124
1778849869747,199,Get Token,200,OK,UpdateIndividual 4-6,text,true,,3684,522,7,56,https://api-scuda.uat.oci.krungsri.tech/oauth2/v1/token,189,0,73
1778849869101,845,Get Token,200,OK,SearchIndividual 2-7,text,true,,2894,426,18,56,https://api-scuda.uat.oci.krungsri.tech/oauth2/v1/token,836,0,719
1778849869834,111,Get Token,200,OK,SearchIndividual 2-17,text,true,,2894,426,18,56,https://api-scuda.uat.oci.krungsri.tech/oauth2/v1/token,101,0,25
1778849869101,845,Get Token,200,OK,SearchIndividual 2-1,text,true,,2894,426,18,56,https://api-scuda.uat.oci.krungsri.tech/oauth2/v1/token,836,0,719
1778849869100,864,Get Token,200,OK,GetJoint 9-1,text,true,,3684,522,2,56,https://api-scuda.uat.oci.krungsri.tech/oauth2/v1/token,864,0,720
1778849869101,846,Get Token,200,OK,SearchJoint 10-1,text,true,,2894,426,3,56,https://api-scuda.uat.oci.krungsri.tech/oauth2/v1/token,836,0,720
1778849869499,450,Get Token,200,OK,SearchJoint 10-2,text,true,,2894,426,3,56,https://api-scuda.uat.oci.krungsri.tech/oauth2/v1/token,450,0,321
1778849869530,445,Get Token,200,OK,GetIndividual 1-9,text,true,,3684,522,11,56,https://api-scuda.uat.oci.krungsri.tech/oauth2/v1/token,445,0,290
1778849869833,142,Get Token,200,OK,SearchIndividual 2-16,text,true,,2894,426,18,56,https://api-scuda.uat.oci.krungsri.tech/oauth2/v1/token,142,0,43
1778849869101,862,Get Token,200,OK,UpdateIndividual 4-2,text,true,,3684,522,7,56,https://api-scuda.uat.oci.krungsri.tech/oauth2/v1/token,862,0,720
1778849869552,432,Get Token,200,OK,UpdateJoint 12-2,text,true,,3684,522,2,57,https://api-scuda.uat.oci.krungsri.tech/oauth2/v1/token,432,0,268
1778849869101,846,Get Token,200,OK,GetIndividual 1-5,text,true,,3684,522,11,56,https://api-scuda.uat.oci.krungsri.tech/oauth2/v1/token,836,0,720
1778849869100,863,Get Token,200,OK,GetIndividual 1-2,text,true,,3684,522,11,56,https://api-scuda.uat.oci.krungsri.tech/oauth2/v1/token,863,0,721
1778849869101,883,Get Token,200,OK,CreateJoint 11-1,text,true,,3684,522,2,57,https://api-scuda.uat.oci.krungsri.tech/oauth2/v1/token,883,0,719
1778849869133,852,Get Token,200,OK,UpdateIndividual 4-3,text,true,,3684,522,7,57,https://api-scuda.uat.oci.krungsri.tech/oauth2/v1/token,852,0,687
1778849869745,241,Get Token,200,OK,SearchIndividual 2-14,text,true,,2894,426,18,57,https://api-scuda.uat.oci.krungsri.tech/oauth2/v1/token,241,0,76
1778849869100,887,Get Token,200,OK,SearchIndividual 2-3,text,true,,2894,426,18,57,https://api-scuda.uat.oci.krungsri.tech/oauth2/v1/token,887,0,721
1778849869101,886,Get Token,200,OK,CreateIndividual 3-1,text,true,,3684,522,3,57,https://api-scuda.uat.oci.krungsri.tech/oauth2/v1/token,886,0,719
1778849869296,692,Get Token,200,OK,UpdateIndividual 4-4,text,true,,3684,522,7,57,https://api-scuda.uat.oci.krungsri.tech/oauth2/v1/token,692,0,524
1778849869101,888,Get Token,200,OK,SearchJuristic 6-2,text,true,,2894,426,2,57,https://api-scuda.uat.oci.krungsri.tech/oauth2/v1/token,888,0,720
1778849869100,890,Get Token,200,OK,CreateJuristic 7-1,text,true,,3684,522,2,57,https://api-scuda.uat.oci.krungsri.tech/oauth2/v1/token,890,0,720
1778849869363,636,Get Token,200,OK,GetIndividual 1-8,text,true,,3684,522,12,57,https://api-scuda.uat.oci.krungsri.tech/oauth2/v1/token,636,0,458
1778849869944,59,Get Token,200,OK,CreateIndividual 3-3,text,true,,3684,522,3,57,https://api-scuda.uat.oci.krungsri.tech/oauth2/v1/token,59,0,17
1778849869101,905,Get Token,200,OK,GetIndividual 1-1,text,true,,3684,522,12,57,https://api-scuda.uat.oci.krungsri.tech/oauth2/v1/token,905,0,719
1778849869692,315,Get Token,200,OK,GetIndividual 1-10,text,true,,3684,522,12,57,https://api-scuda.uat.oci.krungsri.tech/oauth2/v1/token,315,0,129
1778849869242,769,Get Token,200,OK,GetJoint 9-2,text,true,,3684,522,2,58,https://api-scuda.uat.oci.krungsri.tech/oauth2/v1/token,769,0,578
1778849869100,911,Get Token,200,OK,SearchIndividual 2-2,text,true,,2894,426,19,58,https://api-scuda.uat.oci.krungsri.tech/oauth2/v1/token,911,0,720
1778849869325,686,Get Token,200,OK,UpdateIndividual 4-5,text,true,,3684,522,7,58,https://api-scuda.uat.oci.krungsri.tech/oauth2/v1/token,686,0,496
1778849869155,853,Get Token,200,OK,GetIndividual 1-6,text,true,,3684,522,12,58,https://api-scuda.uat.oci.krungsri.tech/oauth2/v1/token,853,0,666
1778849869949,50,Get Token,429,Too Many Requests,SearchIndividual 2-18,text,false,,1158,426,18,57,https://api-scuda.uat.oci.krungsri.tech/oauth2/v1/token,50,0,33
1778849869899,130,Get Token,200,OK,UpdateIndividual 4-7,text,true,,3684,522,7,58,https://api-scuda.uat.oci.krungsri.tech/oauth2/v1/token,130,0,30
1778849871042,166,SearchIndividual,200,OK,SearchIndividual 2-18,text,true,,14388,2611,41,110,https://api-scuda.uat.oci.krungsri.tech/ords/api/v1/customer/individual/searchprofile,165,0,0
1778849871068,93,SearchIndividual,200,OK,SearchIndividual 2-8,text,true,,621,2614,41,110,https://api-scuda.uat.oci.krungsri.tech/ords/api/v1/customer/individual/searchprofile,92,0,0
1778849871150,114,SearchIndividual,200,OK,SearchIndividual 2-41,text,true,,620,2611,43,114,https://api-scuda.uat.oci.krungsri.tech/ords/api/v1/customer/individual/searchprofile,114,0,80
1778849870967,194,SearchIndividual,200,OK,SearchIndividual 2-9,text,true,,621,2612,41,110,https://api-scuda.uat.oci.krungsri.tech/ords/api/v1/customer/individual/searchprofile,175,0,0
1778849871077,192,SearchIndividual,200,OK,SearchIndividual 2-38,text,true,,621,2634,43,114,https://api-scuda.uat.oci.krungsri.tech/ords/api/v1/customer/individual/searchprofile,191,0,47
1778849870974,196,SearchIndividual,200,OK,SearchIndividual 2-1,text,true,,621,2644,41,110,https://api-scuda.uat.oci.krungsri.tech/ords/api/v1/customer/individual/searchprofile,185,0,0
1778849871057,184,SearchIndividual,200,OK,SearchIndividual 2-15,text,true,,621,2641,43,113,https://api-scuda.uat.oci.krungsri.tech/ords/api/v1/customer/individual/searchprofile,183,0,0
1778849871089,186,SearchIndividual,200,OK,SearchIndividual 2-24,text,true,,621,2641,43,114,https://api-scuda.uat.oci.krungsri.tech/ords/api/v1/customer/individual/searchprofile,186,0,85
1778849871072,204,SearchIndividual,200,OK,SearchIndividual 2-39,text,true,,621,2606,43,114,https://api-scuda.uat.oci.krungsri.tech/ords/api/v1/customer/individual/searchprofile,203,0,51
1778849871082,195,SearchIndividual,200,OK,SearchIndividual 2-19,text,true,,621,2613,43,114,https://api-scuda.uat.oci.krungsri.tech/ords/api/v1/customer/individual/searchprofile,194,0,81
1778849871096,181,SearchIndividual,200,OK,SearchIndividual 2-10,text,true,,621,2605,43,114,https://api-scuda.uat.oci.krungsri.tech/ords/api/v1/customer/individual/searchprofile,180,0,0
1778849871101,66,SearchIndividual,200,OK,SearchIndividual 2-33,text,true,,620,2603,41,110,https://api-scuda.uat.oci.krungsri.tech/ords/api/v1/customer/individual/searchprofile,65,0,24
1778849871072,94,SearchIndividual,200,OK,SearchIndividual 2-5,text,true,,621,2606,41,110,https://api-scuda.uat.oci.krungsri.tech/ords/api/v1/customer/individual/searchprofile,94,0,0
1778849871236,44,SearchIndividual,200,OK,SearchIndividual 2-43,text,true,,621,2634,43,114,https://api-scuda.uat.oci.krungsri.tech/ords/api/v1/customer/individual/searchprofile,43,0,29
1778849870974,187,SearchIndividual,200,OK,SearchIndividual 2-16,text,true,,621,2640,41,110,https://api-scuda.uat.oci.krungsri.tech/ords/api/v1/customer/individual/searchprofile,168,0,0
1778849871233,49,SearchIndividual,200,OK,SearchIndividual 2-42,text,true,,621,2600,30,101,https://api-scuda.uat.oci.krungsri.tech/ords/api/v1/customer/individual/searchprofile,49,0,27
1778849870974,187,SearchIndividual,200,OK,SearchIndividual 2-34,text,true,,621,2610,41,110,https://api-scuda.uat.oci.krungsri.tech/ords/api/v1/customer/individual/searchprofile,180,0,62
1778849871097,76,SearchIndividual,200,OK,SearchIndividual 2-11,text,true,,621,2601,41,110,https://api-scuda.uat.oci.krungsri.tech/ords/api/v1/customer/individual/searchprofile,75,0,0
1778849871054,155,SearchIndividual,200,OK,SearchIndividual 2-7,text,true,,621,2609,41,110,https://api-scuda.uat.oci.krungsri.tech/ords/api/v1/customer/individual/searchprofile,152,0,0
1778849870971,323,SearchIndividual,200,OK,SearchIndividual 2-25,text,true,,620,2631,24,95,https://api-scuda.uat.oci.krungsri.tech/ords/api/v1/customer/individual/searchprofile,323,0,89
1778849871129,166,SearchIndividual,200,OK,SearchIndividual 2-32,text,true,,621,2612,24,95,https://api-scuda.uat.oci.krungsri.tech/ords/api/v1/customer/individual/searchprofile,166,0,113
1778849871056,263,SearchIndividual,200,OK,SearchIndividual 2-36,text,true,,621,2604,23,95,https://api-scuda.uat.oci.krungsri.tech/ords/api/v1/customer/individual/searchprofile,263,0,49
1778849871090,230,SearchIndividual,200,OK,SearchIndividual 2-17,text,true,,619,2635,23,95,https://api-scuda.uat.oci.krungsri.tech/ords/api/v1/customer/individual/searchprofile,230,0,0
1778849871117,204,SearchIndividual,200,OK,SearchIndividual 2-31,text,true,,621,2604,23,95,https://api-scuda.uat.oci.krungsri.tech/ords/api/v1/customer/individual/searchprofile,203,0,87
1778849871092,236,SearchJuristic,200,OK,SearchJuristic 6-3,text,true,,621,2610,4,94,https://api-scuda.uat.oci.krungsri.tech/ords/api/v1/customer/juristic/searchprofile,236,0,66
1778849871098,232,SearchIndividual,200,OK,SearchIndividual 2-26,text,true,,620,2601,22,94,https://api-scuda.uat.oci.krungsri.tech/ords/api/v1/customer/individual/searchprofile,231,0,118
1778849871091,266,SearchJuristic,200,OK,SearchJuristic 6-1,text,true,,621,2608,4,94,https://api-scuda.uat.oci.krungsri.tech/ords/api/v1/customer/juristic/searchprofile,266,0,0
1778849871092,273,SearchIndividual,200,OK,SearchIndividual 2-30,text,true,,14025,2604,21,91,https://api-scuda.uat.oci.krungsri.tech/ords/api/v1/customer/individual/searchprofile,273,0,88
1778849871117,260,SearchIndividual,200,OK,SearchIndividual 2-13,text,true,,621,2603,20,91,https://api-scuda.uat.oci.krungsri.tech/ords/api/v1/customer/individual/searchprofile,260,0,0
1778849871364,47,SearchIndividual,200,OK,SearchIndividual 2-45,text,true,,620,2602,21,93,https://api-scuda.uat.oci.krungsri.tech/ords/api/v1/customer/individual/searchprofile,47,0,31
1778849871366,46,SearchIndividual,200,OK,SearchIndividual 2-46,text,true,,620,2611,21,93,https://api-scuda.uat.oci.krungsri.tech/ords/api/v1/customer/individual/searchprofile,46,0,29
1778849871083,338,SearchIndividual,200,OK,SearchIndividual 2-27,text,true,,621,2613,20,92,https://api-scuda.uat.oci.krungsri.tech/ords/api/v1/customer/individual/searchprofile,338,0,122
1778849871323,99,SearchIndividual,200,OK,SearchIndividual 2-44,text,true,,621,2613,20,92,https://api-scuda.uat.oci.krungsri.tech/ords/api/v1/customer/individual/searchprofile,98,0,54
1778849871095,327,SearchIndividual,200,OK,SearchIndividual 2-4,text,true,,621,2613,20,92,https://api-scuda.uat.oci.krungsri.tech/ords/api/v1/customer/individual/searchprofile,327,0,0
1778849870972,450,SearchIndividual,200,OK,SearchIndividual 2-28,text,true,,620,2612,20,92,https://api-scuda.uat.oci.krungsri.tech/ords/api/v1/customer/individual/searchprofile,450,0,64
1778849871129,294,SearchIndividual,200,OK,SearchIndividual 2-14,text,true,,621,2613,20,92,https://api-scuda.uat.oci.krungsri.tech/ords/api/v1/customer/individual/searchprofile,293,0,0
1778849871060,363,SearchIndividual,200,OK,SearchIndividual 2-6,text,true,,621,2613,19,91,https://api-scuda.uat.oci.krungsri.tech/ords/api/v1/customer/individual/searchprofile,363,0,0
1778849871090,335,SearchIndividual,200,OK,SearchIndividual 2-3,text,true,,620,2612,15,87,https://api-scuda.uat.oci.krungsri.tech/ords/api/v1/customer/individual/searchprofile,335,0,0
1778849871089,336,SearchIndividual,200,OK,SearchIndividual 2-40,text,true,,621,2613,14,86,https://api-scuda.uat.oci.krungsri.tech/ords/api/v1/customer/individual/searchprofile,336,0,110
1778849870968,458,SearchIndividual,200,OK,SearchIndividual 2-23,text,true,,621,2613,14,86,https://api-scuda.uat.oci.krungsri.tech/ords/api/v1/customer/individual/searchprofile,458,0,83
1778849871057,370,SearchIndividual,200,OK,SearchIndividual 2-37,text,true,,621,2613,12,84,https://api-scuda.uat.oci.krungsri.tech/ords/api/v1/customer/individual/searchprofile,368,0,67
1778849871093,335,SearchIndividual,200,OK,SearchIndividual 2-21,text,true,,621,2613,12,84,https://api-scuda.uat.oci.krungsri.tech/ords/api/v1/customer/individual/searchprofile,334,0,58
1778849871102,326,SearchIndividual,200,OK,SearchIndividual 2-35,text,true,,621,2613,12,84,https://api-scuda.uat.oci.krungsri.tech/ords/api/v1/customer/individual/searchprofile,325,0,78
1778849871093,335,SearchIndividual,200,OK,SearchIndividual 2-2,text,true,,621,2613,11,83,https://api-scuda.uat.oci.krungsri.tech/ords/api/v1/customer/individual/searchprofile,335,0,0
1778849871113,320,SearchIndividual,200,OK,SearchIndividual 2-29,text,true,,621,2613,7,80,https://api-scuda.uat.oci.krungsri.tech/ords/api/v1/customer/individual/searchprofile,319,0,124
1778849871071,362,SearchIndividual,200,OK,SearchIndividual 2-20,text,true,,621,2613,7,80,https://api-scuda.uat.oci.krungsri.tech/ords/api/v1/customer/individual/searchprofile,361,0,162
1778849871092,342,SearchIndividual,200,OK,SearchIndividual 2-12,text,true,,621,2613,7,80,https://api-scuda.uat.oci.krungsri.tech/ords/api/v1/customer/individual/searchprofile,340,0,0
1778849871110,325,SearchIndividual,200,OK,SearchIndividual 2-22,text,true,,621,2613,6,79,https://api-scuda.uat.oci.krungsri.tech/ords/api/v1/customer/individual/searchprofile,324,0,128
1778849871397,40,SearchIndividual,200,OK,SearchIndividual 2-48,text,true,,14112,2605,3,76,https://api-scuda.uat.oci.krungsri.tech/ords/api/v1/customer/individual/searchprofile,40,0,18
1778849871397,48,SearchIndividual,200,OK,SearchIndividual 2-47,text,true,,621,2609,2,75,https://api-scuda.uat.oci.krungsri.tech/ords/api/v1/customer/individual/searchprofile,48,0,28
1778849871304,169,SearchJuristic,200,OK,SearchJuristic 6-4,text,true,,621,2611,2,74,https://api-scuda.uat.oci.krungsri.tech/ords/api/v1/customer/juristic/searchprofile,169,0,74
1778849871092,381,SearchJuristic,200,OK,SearchJuristic 6-2,text,true,,621,2611,2,74,https://api-scuda.uat.oci.krungsri.tech/ords/api/v1/customer/juristic/searchprofile,381,0,0
1778849871418,81,SearchIndividual,200,OK,SearchIndividual 2-49,text,true,,14306,2608,2,73,https://api-scuda.uat.oci.krungsri.tech/ords/api/v1/customer/individual/searchprofile,81,0,64
1778849871496,44,SearchIndividual,200,OK,SearchIndividual 2-50,text,true,,621,2613,1,73,https://api-scuda.uat.oci.krungsri.tech/ords/api/v1/customer/individual/searchprofile,43,0,28
1778849871052,508,SearchJoint,200,OK,SearchJoint 10-1,text,true,,621,2627,4,72,https://api-scuda.uat.oci.krungsri.tech/ords/api/v1/customer/joint/searchprofile,508,0,0
1778849871095,464,SearchJoint,200,OK,SearchJoint 10-3,text,true,,621,2627,4,73,https://api-scuda.uat.oci.krungsri.tech/ords/api/v1/customer/joint/searchprofile,463,0,0
1778849871042,516,SearchJoint,200,OK,SearchJoint 10-2,text,true,,621,2627,4,73,https://api-scuda.uat.oci.krungsri.tech/ords/api/v1/customer/joint/searchprofile,516,0,0
1778849871156,422,SearchJoint,200,OK,SearchJoint 10-4,text,true,,621,2627,1,71,https://api-scuda.uat.oci.krungsri.tech/ords/api/v1/customer/joint/searchprofile,421,0,87
1778849871583,51,SearchIndividual,200,OK,SearchIndividual 2-51,text,true,,620,2610,2,71,https://api-scuda.uat.oci.krungsri.tech/ords/api/v1/customer/individual/searchprofile,49,0,34
1778849871583,53,SearchIndividual,200,OK,SearchIndividual 2-52,text,true,,620,2603,2,71,https://api-scuda.uat.oci.krungsri.tech/ords/api/v1/customer/individual/searchprofile,52,0,29
1778849871717,43,SearchIndividual,200,OK,SearchIndividual 2-53,text,true,,621,2643,1,79,https://api-scuda.uat.oci.krungsri.tech/ords/api/v1/customer/individual/searchprofile,43,0,28
1778849871943,37,SearchIndividual,200,OK,SearchIndividual 2-54,text,true,,621,2613,1,84,https://api-scuda.uat.oci.krungsri.tech/ords/api/v1/customer/individual/searchprofile,36,0,16
1778849872001,44,SearchIndividual,200,OK,SearchIndividual 2-55,text,true,,621,2613,3,87,https://api-scuda.uat.oci.krungsri.tech/ords/api/v1/customer/individual/searchprofile,44,0,27
1778849872049,36,SearchIndividual,200,OK,SearchIndividual 2-56,text,true,,621,2613,2,89,https://api-scuda.uat.oci.krungsri.tech/ords/api/v1/customer/individual/searchprofile,35,0,15
1778849872049,40,SearchIndividual,200,OK,SearchIndividual 2-57,text,true,,621,2613,2,90,https://api-scuda.uat.oci.krungsri.tech/ords/api/v1/customer/individual/searchprofile,39,0,25
1778849872090,44,SearchIndividual,200,OK,SearchIndividual 2-58,text,true,,621,2619,4,92,https://api-scuda.uat.oci.krungsri.tech/ords/api/v1/customer/individual/searchprofile,44,0,28
1778849872108,38,SearchIndividual,200,OK,SearchIndividual 2-59,text,true,,621,2628,4,93,https://api-scuda.uat.oci.krungsri.tech/ords/api/v1/customer/individual/searchprofile,38,0,24
1778849872091,56,SearchJoint,200,OK,SearchJoint 10-5,text,true,,621,2627,1,93,https://api-scuda.uat.oci.krungsri.tech/ords/api/v1/customer/joint/searchprofile,55,0,35
1778849872115,38,SearchIndividual,200,OK,SearchIndividual 2-60,text,true,,621,2619,3,92,https://api-scuda.uat.oci.krungsri.tech/ords/api/v1/customer/individual/searchprofile,38,0,24
1778849872122,56,SearchIndividual,200,OK,SearchIndividual 2-61,text,true,,621,2604,2,92,https://api-scuda.uat.oci.krungsri.tech/ords/api/v1/customer/individual/searchprofile,56,0,16
1778849872148,38,SearchIndividual,200,OK,SearchIndividual 2-62,text,true,,621,2613,1,91,https://api-scuda.uat.oci.krungsri.tech/ords/api/v1/customer/individual/searchprofile,38,0,22
1778849872296,40,SearchIndividual,200,OK,SearchIndividual 2-64,text,true,,621,2613,4,97,https://api-scuda.uat.oci.krungsri.tech/ords/api/v1/customer/individual/searchprofile,39,0,21
1778849872296,41,SearchIndividual,200,OK,SearchIndividual 2-63,text,true,,621,2613,4,97,https://api-scuda.uat.oci.krungsri.tech/ords/api/v1/customer/individual/searchprofile,40,0,22
1778849872336,37,SearchIndividual,200,OK,SearchIndividual 2-66,text,true,,621,2641,4,99,https://api-scuda.uat.oci.krungsri.tech/ords/api/v1/customer/individual/searchprofile,37,0,25
1778849872336,40,SearchIndividual,200,OK,SearchIndividual 2-65,text,true,,621,2613,3,98,https://api-scuda.uat.oci.krungsri.tech/ords/api/v1/customer/individual/searchprofile,40,0,26
1778849872353,28,SearchIndividual,200,OK,SearchIndividual 2-68,text,true,,621,2613,2,98,https://api-scuda.uat.oci.krungsri.tech/ords/api/v1/customer/individual/searchprofile,28,0,13
1778849872344,40,SearchIndividual,200,OK,SearchIndividual 2-67,text,true,,13832,2604,1,97,https://api-scuda.uat.oci.krungsri.tech/ords/api/v1/customer/individual/searchprofile,40,0,24
1778849871091,1299,GetIndividual,200,OK,GetIndividual 1-4,text,true,,3856,3588,38,96,https://api-scuda.uat.oci.krungsri.tech/ic/api/v1/customer/individual/getprofile,1299,0,0
1778849871045,1344,GetIndividual,200,OK,GetIndividual 1-2,text,true,,3824,3588,38,96,https://api-scuda.uat.oci.krungsri.tech/ic/api/v1/customer/individual/getprofile,1344,0,0
1778849872395,35,SearchIndividual,200,OK,SearchIndividual 2-69,text,true,,621,2613,1,97,https://api-scuda.uat.oci.krungsri.tech/ords/api/v1/customer/individual/searchprofile,35,0,23
1778849872506,38,SearchIndividual,200,OK,SearchIndividual 2-70,text,true,,621,2613,2,101,https://api-scuda.uat.oci.krungsri.tech/ords/api/v1/customer/individual/searchprofile,38,0,25
1778849872546,39,SearchIndividual,200,OK,SearchIndividual 2-71,text,true,,621,2604,3,103,https://api-scuda.uat.oci.krungsri.tech/ords/api/v1/customer/individual/searchprofile,38,0,23
1778849872569,37,SearchIndividual,200,OK,SearchIndividual 2-72,text,true,,621,2613,2,102,https://api-scuda.uat.oci.krungsri.tech/ords/api/v1/customer/individual/searchprofile,37,0,24
1778849872578,49,SearchIndividual,200,OK,SearchIndividual 2-73,text,true,,621,2613,1,101,https://api-scuda.uat.oci.krungsri.tech/ords/api/v1/customer/individual/searchprofile,49,0,32
1778849872640,38,SearchIndividual,200,OK,SearchIndividual 2-74,text,true,,14115,2611,2,103,https://api-scuda.uat.oci.krungsri.tech/ords/api/v1/customer/individual/searchprofile,37,0,22
1778849872663,46,SearchIndividual,200,OK,SearchIndividual 2-75,text,true,,14132,2604,1,105,https://api-scuda.uat.oci.krungsri.tech/ords/api/v1/customer/individual/searchprofile,46,0,23
1778849872718,30,SearchIndividual,200,OK,SearchIndividual 2-76,text,true,,620,2612,1,109,https://api-scuda.uat.oci.krungsri.tech/ords/api/v1/customer/individual/searchprofile,30,0,14
1778849872757,50,SearchIndividual,200,OK,SearchIndividual 2-77,text,true,,621,2613,2,113,https://api-scuda.uat.oci.krungsri.tech/ords/api/v1/customer/individual/searchprofile,49,0,25
1778849872695,114,SearchJuristic,200,OK,SearchJuristic 6-5,text,true,,621,2624,1,112,https://api-scuda.uat.oci.krungsri.tech/ords/api/v1/customer/juristic/searchprofile,114,0,20
1778849872808,46,SearchIndividual,200,OK,SearchIndividual 2-78,text,true,,621,2601,1,112,https://api-scuda.uat.oci.krungsri.tech/ords/api/v1/customer/individual/searchprofile,46,0,23
1778849872867,35,SearchIndividual,200,OK,SearchIndividual 2-79,text,true,,621,2623,2,116,https://api-scuda.uat.oci.krungsri.tech/ords/api/v1/customer/individual/searchprofile,34,0,15
1778849872899,36,SearchIndividual,200,OK,SearchIndividual 2-80,text,true,,621,2625,4,120,https://api-scuda.uat.oci.krungsri.tech/ords/api/v1/customer/individual/searchprofile,36,0,21
1778849872917,24,SearchIndividual,200,OK,SearchIndividual 2-83,text,true,,621,2601,3,119,https://api-scuda.uat.oci.krungsri.tech/ords/api/v1/customer/individual/searchprofile,24,0,10
1778849872912,45,SearchIndividual,200,OK,SearchIndividual 2-81,text,true,,621,2605,3,119,https://api-scuda.uat.oci.krungsri.tech/ords/api/v1/customer/individual/searchprofile,45,0,15
1778849872916,43,SearchIndividual,200,OK,SearchIndividual 2-82,text,true,,621,2613,2,118,https://api-scuda.uat.oci.krungsri.tech/ords/api/v1/customer/individual/searchprofile,43,0,24
1778849872914,50,SearchJoint,200,OK,SearchJoint 10-6,text,true,,621,2627,1,117,https://api-scuda.uat.oci.krungsri.tech/ords/api/v1/customer/joint/searchprofile,49,0,34
1778849872958,50,SearchIndividual,200,OK,SearchIndividual 2-84,text,true,,621,2617,2,118,https://api-scuda.uat.oci.krungsri.tech/ords/api/v1/customer/individual/searchprofile,50,0,33
1778849872977,48,SearchIndividual,200,OK,SearchIndividual 2-85,text,true,,621,2613,1,117,https://api-scuda.uat.oci.krungsri.tech/ords/api/v1/customer/individual/searchprofile,47,0,26
1778849873004,43,SearchJuristic,200,OK,SearchJuristic 6-6,text,true,,621,2612,1,116,https://api-scuda.uat.oci.krungsri.tech/ords/api/v1/customer/juristic/searchprofile,43,0,21
1778849873126,28,SearchIndividual,200,OK,SearchIndividual 2-86,text,true,,621,2632,3,123,https://api-scuda.uat.oci.krungsri.tech/ords/api/v1/customer/individual/searchprofile,28,0,13
1778849873138,31,SearchIndividual,200,OK,SearchIndividual 2-88,text,true,,621,2613,2,122,https://api-scuda.uat.oci.krungsri.tech/ords/api/v1/customer/individual/searchprofile,30,0,16
1778849873132,53,SearchIndividual,200,OK,SearchIndividual 2-87,text,true,,621,2613,1,121,https://api-scuda.uat.oci.krungsri.tech/ords/api/v1/customer/individual/searchprofile,53,0,25
1778849873207,33,SearchIndividual,200,OK,SearchIndividual 2-90,text,true,,621,2603,2,123,https://api-scuda.uat.oci.krungsri.tech/ords/api/v1/customer/individual/searchprofile,32,0,19
1778849873190,50,SearchIndividual,200,OK,SearchIndividual 2-89,text,true,,621,2604,2,123,https://api-scuda.uat.oci.krungsri.tech/ords/api/v1/customer/individual/searchprofile,50,0,30
1778849873307,37,SearchIndividual,200,OK,SearchIndividual 2-91,text,true,,13853,2604,2,127,https://api-scuda.uat.oci.krungsri.tech/ords/api/v1/customer/individual/searchprofile,36,0,14
1778849873314,35,SearchIndividual,200,OK,SearchIndividual 2-92,text,true,,621,2611,1,126,https://api-scuda.uat.oci.krungsri.tech/ords/api/v1/customer/individual/searchprofile,35,0,21
1778849873394,29,SearchIndividual,200,OK,SearchIndividual 2-94,text,true,,621,2601,3,128,https://api-scuda.uat.oci.krungsri.tech/ords/api/v1/customer/individual/searchprofile,29,0,14
1778849873392,43,SearchIndividual,200,OK,SearchIndividual 2-93,text,true,,621,2619,2,127,https://api-scuda.uat.oci.krungsri.tech/ords/api/v1/customer/individual/searchprofile,43,0,24
1778849873406,66,SearchIndividual,200,OK,SearchIndividual 2-95,text,true,,621,2613,1,127,https://api-scuda.uat.oci.krungsri.tech/ords/api/v1/customer/individual/searchprofile,65,0,49
1778849873502,42,SearchIndividual,200,OK,SearchIndividual 2-96,text,true,,621,2601,5,134,https://api-scuda.uat.oci.krungsri.tech/ords/api/v1/customer/individual/searchprofile,42,0,24
1778849873521,42,SearchIndividual,200,OK,SearchIndividual 2-99,text,true,,620,2646,6,138,https://api-scuda.uat.oci.krungsri.tech/ords/api/v1/customer/individual/searchprofile,41,0,22
1778849873504,61,SearchIndividual,200,OK,SearchIndividual 2-97,text,true,,620,2612,5,137,https://api-scuda.uat.oci.krungsri.tech/ords/api/v1/customer/individual/searchprofile,61,0,39
1778849873533,34,SearchIndividual,200,OK,SearchIndividual 2-100,text,true,,621,2602,4,136,https://api-scuda.uat.oci.krungsri.tech/ords/api/v1/customer/individual/searchprofile,34,0,20
1778849873505,62,SearchIndividual,200,OK,SearchIndividual 2-98,text,true,,620,2616,4,136,https://api-scuda.uat.oci.krungsri.tech/ords/api/v1/customer/individual/searchprofile,61,0,39
1778849873547,46,SearchIndividual,200,OK,SearchIndividual 2-101,text,true,,621,2634,3,139,https://api-scuda.uat.oci.krungsri.tech/ords/api/v1/customer/individual/searchprofile,46,0,33
1778849873563,46,SearchIndividual,200,OK,SearchIndividual 2-102,text,true,,621,2613,2,138,https://api-scuda.uat.oci.krungsri.tech/ords/api/v1/customer/individual/searchprofile,45,0,21
1778849873586,42,SearchIndividual,200,OK,SearchIndividual 2-103,text,true,,620,2612,1,138,https://api-scuda.uat.oci.krungsri.tech/ords/api/v1/customer/individual/searchprofile,42,0,21
1778849873708,42,SearchIndividual,200,OK,SearchIndividual 2-104,text,true,,621,2613,1,145,https://api-scuda.uat.oci.krungsri.tech/ords/api/v1/customer/individual/searchprofile,41,0,25
1778849873784,29,SearchIndividual,200,OK,SearchIndividual 2-105,text,true,,621,2601,3,149,https://api-scuda.uat.oci.krungsri.tech/ords/api/v1/customer/individual/searchprofile,28,0,13
1778849870975,2821,GetJuristic,200,OK,GetJuristic 5-2,text,true,,3452,3533,6,149,https://api-scuda.uat.oci.krungsri.tech/ic/api/v1/customer/juristic/getprofile,2821,0,0
1778849873795,46,SearchIndividual,200,OK,SearchIndividual 2-107,text,true,,14193,2607,3,150,https://api-scuda.uat.oci.krungsri.tech/ords/api/v1/customer/individual/searchprofile,45,0,24
1778849873787,54,SearchIndividual,200,OK,SearchIndividual 2-106,text,true,,14616,2609,3,150,https://api-scuda.uat.oci.krungsri.tech/ords/api/v1/customer/individual/searchprofile,54,0,36
1778849873827,41,SearchIndividual,200,OK,SearchIndividual 2-108,text,true,,621,2613,1,148,https://api-scuda.uat.oci.krungsri.tech/ords/api/v1/customer/individual/searchprofile,40,0,25
1778849871094,2795,GetIndividual,200,OK,GetIndividual 1-18,text,true,,3896,3585,65,149,https://api-scuda.uat.oci.krungsri.tech/ic/api/v1/customer/individual/getprofile,2795,0,50
1778849871074,2818,GetIndividual,200,OK,GetIndividual 1-7,text,true,,3873,3588,64,148,https://api-scuda.uat.oci.krungsri.tech/ic/api/v1/customer/individual/getprofile,2818,0,0
1778849870975,2929,GetIndividual,200,OK,GetIndividual 1-8,text,true,,3838,3587,63,147,https://api-scuda.uat.oci.krungsri.tech/ic/api/v1/customer/individual/getprofile,2929,0,0
1778849873873,51,SearchIndividual,200,OK,SearchIndividual 2-109,text,true,,621,2622,2,149,https://api-scuda.uat.oci.krungsri.tech/ords/api/v1/customer/individual/searchprofile,50,0,37
1778849873910,53,SearchIndividual,200,OK,SearchIndividual 2-110,text,true,,14086,2605,2,150,https://api-scuda.uat.oci.krungsri.tech/ords/api/v1/customer/individual/searchprofile,52,0,21
1778849873936,50,SearchIndividual,200,OK,SearchIndividual 2-111,text,true,,621,2613,1,149,https://api-scuda.uat.oci.krungsri.tech/ords/api/v1/customer/individual/searchprofile,49,0,12
1778849871158,2832,GetIndividual,200,OK,GetIndividual 1-24,text,true,,3834,3588,64,148,https://api-scuda.uat.oci.krungsri.tech/ic/api/v1/customer/individual/getprofile,2832,0,80
1778849871129,2884,GetIndividual,200,OK,GetIndividual 1-21,text,true,,3862,3588,63,148,https://api-scuda.uat.oci.krungsri.tech/ic/api/v1/customer/individual/getprofile,2884,0,19
1778849874043,31,SearchIndividual,200,OK,SearchIndividual 2-112,text,true,,621,2613,3,155,https://api-scuda.uat.oci.krungsri.tech/ords/api/v1/customer/individual/searchprofile,30,0,15
1778849874068,37,SearchIndividual,200,OK,SearchIndividual 2-113,text,true,,621,2619,3,156,https://api-scuda.uat.oci.krungsri.tech/ords/api/v1/customer/individual/searchprofile,36,0,21
1778849874072,59,SearchIndividual,200,OK,SearchIndividual 2-114,text,true,,619,2617,2,158,https://api-scuda.uat.oci.krungsri.tech/ords/api/v1/customer/individual/searchprofile,54,0,29
1778849874095,45,SearchIndividual,200,OK,SearchIndividual 2-115,text,true,,621,2613,2,158,https://api-scuda.uat.oci.krungsri.tech/ords/api/v1/customer/individual/searchprofile,45,0,31
1778849874139,37,SearchIndividual,200,OK,SearchIndividual 2-116,text,true,,621,2613,5,165,https://api-scuda.uat.oci.krungsri.tech/ords/api/v1/customer/individual/searchprofile,36,0,23
1778849871107,3072,GetJuristic,200,OK,GetJuristic 5-3,text,true,,3535,3533,6,164,https://api-scuda.uat.oci.krungsri.tech/ic/api/v1/customer/juristic/getprofile,3072,0,103
1778849874155,43,SearchIndividual,200,OK,SearchIndividual 2-117,text,true,,621,2602,4,163,https://api-scuda.uat.oci.krungsri.tech/ords/api/v1/customer/individual/searchprofile,43,0,23
1778849871200,3013,GetIndividual,200,OK,GetIndividual 1-25,text,true,,3917,3587,68,165,https://api-scuda.uat.oci.krungsri.tech/ic/api/v1/customer/individual/getprofile,3013,0,24
1778849874164,52,SearchIndividual,200,OK,SearchIndividual 2-119,text,true,,621,2603,4,164,https://api-scuda.uat.oci.krungsri.tech/ords/api/v1/customer/individual/searchprofile,52,0,38
1778849874161,59,SearchIndividual,200,OK,SearchIndividual 2-118,text,true,,14079,2604,3,163,https://api-scuda.uat.oci.krungsri.tech/ords/api/v1/customer/individual/searchprofile,58,0,41
1778849874177,49,SearchIndividual,200,OK,SearchIndividual 2-120,text,true,,621,2602,3,164,https://api-scuda.uat.oci.krungsri.tech/ords/api/v1/customer/individual/searchprofile,49,0,34
1778849874203,29,SearchIndividual,200,OK,SearchIndividual 2-121,text,true,,620,2612,2,163,https://api-scuda.uat.oci.krungsri.tech/ords/api/v1/customer/individual/searchprofile,28,0,15
1778849870978,3300,GetIndividual,200,OK,GetIndividual 1-17,text,true,,3823,3588,70,167,https://api-scuda.uat.oci.krungsri.tech/ic/api/v1/customer/individual/getprofile,3300,0,61
1778849871095,3193,GetIndividual,200,OK,GetIndividual 1-6,text,true,,3837,3588,69,167,https://api-scuda.uat.oci.krungsri.tech/ic/api/v1/customer/individual/getprofile,3193,0,0
1778849874266,35,SearchIndividual,200,OK,SearchIndividual 2-123,text,true,,621,2613,4,167,https://api-scuda.uat.oci.krungsri.tech/ords/api/v1/customer/individual/searchprofile,35,0,23
1778849871078,3227,GetIndividual,200,OK,GetIndividual 1-10,text,true,,3831,3588,68,166,https://api-scuda.uat.oci.krungsri.tech/ic/api/v1/customer/individual/getprofile,3227,0,0
1778849874227,77,SearchIndividual,200,OK,SearchIndividual 2-122,text,true,,621,2634,3,166,https://api-scuda.uat.oci.krungsri.tech/ords/api/v1/customer/individual/searchprofile,77,0,45
1778849874275,54,SearchIndividual,200,OK,SearchIndividual 2-124,text,true,,621,2613,3,165,https://api-scuda.uat.oci.krungsri.tech/ords/api/v1/customer/individual/searchprofile,53,0,25
1778849874285,49,SearchIndividual,200,OK,SearchIndividual 2-125,text,true,,620,2636,2,164,https://api-scuda.uat.oci.krungsri.tech/ords/api/v1/customer/individual/searchprofile,43,0,25
1778849874314,39,SearchIndividual,200,OK,SearchIndividual 2-126,text,true,,14336,2607,2,164,https://api-scuda.uat.oci.krungsri.tech/ords/api/v1/customer/individual/searchprofile,39,0,23
1778849871079,3303,GetIndividual,200,OK,GetIndividual 1-23,text,true,,3893,3587,68,166,https://api-scuda.uat.oci.krungsri.tech/ic/api/v1/customer/individual/getprofile,3303,0,128
1778849874338,46,SearchIndividual,200,OK,SearchIndividual 2-127,text,true,,14331,2604,3,166,https://api-scuda.uat.oci.krungsri.tech/ords/api/v1/customer/individual/searchprofile,46,0,22
1778849872889,1499,GetIndividual,200,OK,GetIndividual 1-49,text,true,,3827,3588,68,165,https://api-scuda.uat.oci.krungsri.tech/ic/api/v1/customer/individual/getprofile,1499,0,31
1778849872728,1662,GetIndividual,200,OK,GetIndividual 1-44,text,true,,3814,3587,67,164,https://api-scuda.uat.oci.krungsri.tech/ic/api/v1/customer/individual/getprofile,1662,0,22
1778849871037,3364,GetIndividual,200,OK,GetIndividual 1-1,text,true,,3828,3588,66,163,https://api-scuda.uat.oci.krungsri.tech/ic/api/v1/customer/individual/getprofile,3364,0,0
1778849874364,39,SearchIndividual,200,OK,SearchIndividual 2-129,text,true,,621,2605,2,162,https://api-scuda.uat.oci.krungsri.tech/ords/api/v1/customer/individual/searchprofile,39,0,25
1778849874364,40,SearchIndividual,200,OK,SearchIndividual 2-128,text,true,,621,2602,2,162,https://api-scuda.uat.oci.krungsri.tech/ords/api/v1/customer/individual/searchprofile,40,0,23
1778849874435,38,SearchIndividual,200,OK,SearchIndividual 2-130,text,true,,621,2613,1,165,https://api-scuda.uat.oci.krungsri.tech/ords/api/v1/customer/individual/searchprofile,37,0,24
1778849874461,37,SearchJoint,200,OK,SearchJoint 10-7,text,true,,621,2627,1,165,https://api-scuda.uat.oci.krungsri.tech/ords/api/v1/customer/joint/searchprofile,36,0,22
1778849874516,38,SearchIndividual,200,OK,SearchIndividual 2-131,text,true,,621,2613,1,169,https://api-scuda.uat.oci.krungsri.tech/ords/api/v1/customer/individual/searchprofile,38,0,24
1778849872144,2431,GetIndividual,200,OK,GetIndividual 1-35,text,true,,3815,3588,68,168,https://api-scuda.uat.oci.krungsri.tech/ic/api/v1/customer/individual/getprofile,2431,0,23
1778849871125,3453,GetIndividual,200,OK,GetIndividual 1-3,text,true,,3774,3588,67,167,https://api-scuda.uat.oci.krungsri.tech/ic/api/v1/customer/individual/getprofile,3453,0,0
1778849870974,3633,GetJuristic,200,OK,GetJuristic 5-1,text,true,,3465,3533,5,166,https://api-scuda.uat.oci.krungsri.tech/ic/api/v1/customer/juristic/getprofile,3633,0,0
1778849874622,37,SearchIndividual,200,OK,SearchIndividual 2-132,text,true,,621,2629,4,169,https://api-scuda.uat.oci.krungsri.tech/ords/api/v1/customer/individual/searchprofile,36,0,22
1778849874628,34,SearchIndividual,200,OK,SearchIndividual 2-134,text,true,,621,2606,3,168,https://api-scuda.uat.oci.krungsri.tech/ords/api/v1/customer/individual/searchprofile,34,0,20
1778849874627,37,SearchIndividual,200,OK,SearchIndividual 2-133,text,true,,621,2605,2,167,https://api-scuda.uat.oci.krungsri.tech/ords/api/v1/customer/individual/searchprofile,37,0,25
1778849874658,39,SearchIndividual,200,OK,SearchIndividual 2-135,text,true,,14522,2613,1,169,https://api-scuda.uat.oci.krungsri.tech/ords/api/v1/customer/individual/searchprofile,39,0,23
1778849874675,34,SearchJuristic,200,OK,SearchJuristic 6-7,text,true,,621,2608,1,168,https://api-scuda.uat.oci.krungsri.tech/ords/api/v1/customer/juristic/searchprofile,34,0,20
1778849874720,29,SearchIndividual,200,OK,SearchIndividual 2-136,text,true,,621,2605,5,174,https://api-scuda.uat.oci.krungsri.tech/ords/api/v1/customer/individual/searchprofile,29,0,15
1778849874723,29,SearchIndividual,200,OK,SearchIndividual 2-137,text,true,,621,2610,5,174,https://api-scuda.uat.oci.krungsri.tech/ords/api/v1/customer/individual/searchprofile,29,0,11
1778849874721,43,SearchIndividual,200,OK,SearchIndividual 2-138,text,true,,621,2613,5,175,https://api-scuda.uat.oci.krungsri.tech/ords/api/v1/customer/individual/searchprofile,43,0,28
1778849874737,39,SearchIndividual,200,OK,SearchIndividual 2-140,text,true,,620,2610,2,172,https://api-scuda.uat.oci.krungsri.tech/ords/api/v1/customer/individual/searchprofile,39,0,24
1778849874730,67,SearchIndividual,200,OK,SearchIndividual 2-139,text,true,,621,2603,1,172,https://api-scuda.uat.oci.krungsri.tech/ords/api/v1/customer/individual/searchprofile,67,0,43
1778849871953,2851,UpdateIndividual,200,OK,UpdateIndividual 4-12,text,true,,800,5559,56,171,https://api-scuda.uat.oci.krungsri.tech/ic/api/v1/customer/individual/updateprofile,2851,0,54
1778849871064,3746,GetIndividual,200,OK,GetIndividual 1-16,text,true,,3835,3587,69,171,https://api-scuda.uat.oci.krungsri.tech/ic/api/v1/customer/individual/getprofile,3746,0,42
1778849872687,2128,GetIndividual,200,OK,GetIndividual 1-42,text,true,,3843,3588,68,171,https://api-scuda.uat.oci.krungsri.tech/ic/api/v1/customer/individual/getprofile,2128,0,14
1778849874809,34,SearchIndividual,200,OK,SearchIndividual 2-141,text,true,,14009,2611,2,170,https://api-scuda.uat.oci.krungsri.tech/ords/api/v1/customer/individual/searchprofile,34,0,17
1778849874816,42,SearchIndividual,200,OK,SearchIndividual 2-142,text,true,,621,2620,2,171,https://api-scuda.uat.oci.krungsri.tech/ords/api/v1/customer/individual/searchprofile,41,0,23
1778849873556,1319,GetIndividual,200,OK,GetIndividual 1-58,text,true,,3794,3588,69,174,https://api-scuda.uat.oci.krungsri.tech/ic/api/v1/customer/individual/getprofile,1319,0,14
1778849871533,3345,GetIndividual,200,OK,GetIndividual 1-27,text,true,,3836,3588,69,174,https://api-scuda.uat.oci.krungsri.tech/ic/api/v1/customer/individual/getprofile,3345,0,53
1778849870970,3910,GetIndividual,200,OK,GetIndividual 1-5,text,true,,3798,3588,67,172,https://api-scuda.uat.oci.krungsri.tech/ic/api/v1/customer/individual/getprofile,3909,0,0
1778849874850,44,SearchIndividual,200,OK,SearchIndividual 2-143,text,true,,620,2601,4,171,https://api-scuda.uat.oci.krungsri.tech/ords/api/v1/customer/individual/searchprofile,44,0,27
1778849874867,39,SearchIndividual,200,OK,SearchIndividual 2-145,text,true,,621,2619,4,172,https://api-scuda.uat.oci.krungsri.tech/ords/api/v1/customer/individual/searchprofile,38,0,21
1778849874867,41,SearchIndividual,200,OK,SearchIndividual 2-146,text,true,,621,2604,3,171,https://api-scuda.uat.oci.krungsri.tech/ords/api/v1/customer/individual/searchprofile,41,0,27
1778849873284,1624,GetIndividual,200,OK,GetIndividual 1-54,text,true,,3820,3588,67,171,https://api-scuda.uat.oci.krungsri.tech/ic/api/v1/customer/individual/getprofile,1624,0,31
1778849874867,43,SearchIndividual,200,OK,SearchIndividual 2-144,text,true,,621,2602,2,169,https://api-scuda.uat.oci.krungsri.tech/ords/api/v1/customer/individual/searchprofile,42,0,23
1778849870977,3940,GetIndividual,200,OK,GetIndividual 1-20,text,true,,3883,3588,66,169,https://api-scuda.uat.oci.krungsri.tech/ic/api/v1/customer/individual/getprofile,3940,0,83
1778849874902,38,SearchIndividual,200,OK,SearchIndividual 2-147,text,true,,621,2605,3,171,https://api-scuda.uat.oci.krungsri.tech/ords/api/v1/customer/individual/searchprofile,38,0,23
1778849874915,46,SearchIndividual,200,OK,SearchIndividual 2-148,text,true,,621,2613,3,172,https://api-scuda.uat.oci.krungsri.tech/ords/api/v1/customer/individual/searchprofile,46,0,21
1778849874924,47,SearchJoint,200,OK,SearchJoint 10-8,text,true,,621,2627,1,172,https://api-scuda.uat.oci.krungsri.tech/ords/api/v1/customer/joint/searchprofile,46,0,31
1778849874934,41,SearchIndividual,200,OK,SearchIndividual 2-149,text,true,,621,2662,3,171,https://api-scuda.uat.oci.krungsri.tech/ords/api/v1/customer/individual/searchprofile,41,0,26
1778849872724,2252,GetIndividual,200,OK,GetIndividual 1-43,text,true,,3824,3587,67,171,https://api-scuda.uat.oci.krungsri.tech/ic/api/v1/customer/individual/getprofile,2252,0,27
1778849871949,3028,UpdateIndividual,200,OK,UpdateIndividual 4-17,text,true,,800,5591,55,171,https://api-scuda.uat.oci.krungsri.tech/ic/api/v1/customer/individual/updateprofile,3028,0,50
1778849872776,2203,GetIndividual,200,OK,GetIndividual 1-47,text,true,,3888,3588,66,168,https://api-scuda.uat.oci.krungsri.tech/ic/api/v1/customer/individual/getprofile,2203,0,17
1778849872383,2598,GetIndividual,200,OK,GetIndividual 1-38,text,true,,3865,3588,65,168,https://api-scuda.uat.oci.krungsri.tech/ic/api/v1/customer/individual/getprofile,2598,0,26
1778849871952,3031,UpdateIndividual,200,OK,UpdateIndividual 4-19,text,true,,800,5601,54,168,https://api-scuda.uat.oci.krungsri.tech/ic/api/v1/customer/individual/updateprofile,3031,0,63
1778849874947,48,SearchIndividual,200,OK,SearchIndividual 2-150,text,true,,621,2613,5,168,https://api-scuda.uat.oci.krungsri.tech/ords/api/v1/customer/individual/searchprofile,47,0,27
1778849874970,34,SearchIndividual,200,OK,SearchIndividual 2-151,text,true,,621,2604,4,167,https://api-scuda.uat.oci.krungsri.tech/ords/api/v1/customer/individual/searchprofile,33,0,14
1778849871080,3904,GetJoint,200,OK,GetJoint 9-3,text,true,,1429,3530,7,167,https://api-scuda.uat.oci.krungsri.tech/ic/api/v1/customer/joint/getprofile,3904,0,99
1778849874985,37,SearchIndividual,200,OK,SearchIndividual 2-154,text,true,,621,2604,4,169,https://api-scuda.uat.oci.krungsri.tech/ords/api/v1/customer/individual/searchprofile,36,0,23
1778849874985,46,SearchIndividual,200,OK,SearchIndividual 2-153,text,true,,621,2614,3,168,https://api-scuda.uat.oci.krungsri.tech/ords/api/v1/customer/individual/searchprofile,46,0,16
1778849874983,55,SearchIndividual,200,OK,SearchIndividual 2-152,text,true,,621,2613,2,167,https://api-scuda.uat.oci.krungsri.tech/ords/api/v1/customer/individual/searchprofile,52,0,15
1778849875014,42,SearchIndividual,200,OK,SearchIndividual 2-155,text,true,,621,2613,1,166,https://api-scuda.uat.oci.krungsri.tech/ords/api/v1/customer/individual/searchprofile,42,0,24
1778849872924,2154,GetIndividual,200,OK,GetIndividual 1-50,text,true,,3847,3588,67,167,https://api-scuda.uat.oci.krungsri.tech/ic/api/v1/customer/individual/getprofile,2154,0,16
1778849873497,1579,GetIndividual,200,OK,GetIndividual 1-57,text,true,,3804,3588,67,167,https://api-scuda.uat.oci.krungsri.tech/ic/api/v1/customer/individual/getprofile,1579,0,16
1778849872768,2311,GetIndividual,200,OK,GetIndividual 1-46,text,true,,3841,3588,67,167,https://api-scuda.uat.oci.krungsri.tech/ic/api/v1/customer/individual/getprofile,2311,0,22
1778849871050,4037,GetIndividual,200,OK,GetIndividual 1-22,text,true,,3875,3588,64,165,https://api-scuda.uat.oci.krungsri.tech/ic/api/v1/customer/individual/getprofile,4037,0,43
1778849871097,4005,GetIndividual,200,OK,GetIndividual 1-12,text,true,,3879,3588,63,164,https://api-scuda.uat.oci.krungsri.tech/ic/api/v1/customer/individual/getprofile,4005,0,50
1778849875075,35,SearchIndividual,200,OK,SearchIndividual 2-156,text,true,,621,2609,1,164,https://api-scuda.uat.oci.krungsri.tech/ords/api/v1/customer/individual/searchprofile,35,0,21
1778849875124,45,SearchIndividual,200,OK,SearchIndividual 2-157,text,true,,621,2646,3,169,https://api-scuda.uat.oci.krungsri.tech/ords/api/v1/customer/individual/searchprofile,45,0,25
1778849873685,1499,GetIndividual,200,OK,GetIndividual 1-62,text,true,,3863,3588,65,168,https://api-scuda.uat.oci.krungsri.tech/ic/api/v1/customer/individual/getprofile,1499,0,20
1778849873580,1618,GetIndividual,200,OK,GetIndividual 1-61,text,true,,3829,3587,64,168,https://api-scuda.uat.oci.krungsri.tech/ic/api/v1/customer/individual/getprofile,1618,0,15
1778849875147,56,SearchIndividual,200,OK,SearchIndividual 2-158,text,true,,620,2625,3,167,https://api-scuda.uat.oci.krungsri.tech/ords/api/v1/customer/individual/searchprofile,55,0,38
1778849871602,3606,GetJuristic,200,OK,GetJuristic 5-4,text,true,,3476,3532,4,166,https://api-scuda.uat.oci.krungsri.tech/ic/api/v1/customer/juristic/getprofile,3606,0,28
1778849874031,1176,GetIndividual,200,OK,GetIndividual 1-71,text,true,,3784,3588,63,166,https://api-scuda.uat.oci.krungsri.tech/ic/api/v1/customer/individual/getprofile,1176,0,13
1778849875168,51,SearchIndividual,200,OK,SearchIndividual 2-159,text,true,,14708,2607,2,164,https://api-scuda.uat.oci.krungsri.tech/ords/api/v1/customer/individual/searchprofile,51,0,23
1778849875188,34,SearchIndividual,200,OK,SearchIndividual 2-160,text,true,,620,2612,1,163,https://api-scuda.uat.oci.krungsri.tech/ords/api/v1/customer/individual/searchprofile,34,0,20
1778849871950,3324,UpdateIndividual,200,OK,UpdateIndividual 4-6,text,true,,798,5555,55,163,https://api-scuda.uat.oci.krungsri.tech/ic/api/v1/customer/individual/updateprofile,3324,0,0
1778849873138,2140,GetIndividual,200,OK,GetIndividual 1-51,text,true,,3821,3588,63,162,https://api-scuda.uat.oci.krungsri.tech/ic/api/v1/customer/individual/getprofile,2140,0,39
1778849873224,2054,GetIndividual,200,OK,GetIndividual 1-53,text,true,,3841,3588,63,162,https://api-scuda.uat.oci.krungsri.tech/ic/api/v1/customer/individual/getprofile,2054,0,13
1778849872132,3148,UpdateJuristic,200,OK,UpdateJuristic 8-1,text,true,,800,5749,7,160,https://api-scuda.uat.oci.krungsri.tech/ic/api/v1/customer/juristic/updateprofile,3148,0,0
1778849871111,4179,GetIndividual,200,OK,GetIndividual 1-9,text,true,,3844,3588,61,160,https://api-scuda.uat.oci.krungsri.tech/ic/api/v1/customer/individual/getprofile,4179,0,0
1778849872445,2857,UpdateIndividual,200,OK,UpdateIndividual 4-28,text,true,,800,5577,56,162,https://api-scuda.uat.oci.krungsri.tech/ic/api/v1/customer/individual/updateprofile,2857,0,15
1778849873558,1761,GetIndividual,200,OK,GetIndividual 1-59,text,true,,3816,3588,61,161,https://api-scuda.uat.oci.krungsri.tech/ic/api/v1/customer/individual/getprofile,1761,0,24
1778849875296,71,SearchIndividual,200,OK,SearchIndividual 2-161,text,true,,621,2613,4,165,https://api-scuda.uat.oci.krungsri.tech/ords/api/v1/customer/individual/searchprofile,71,0,34
1778849875335,38,SearchIndividual,200,OK,SearchIndividual 2-162,text,true,,621,2643,4,165,https://api-scuda.uat.oci.krungsri.tech/ords/api/v1/customer/individual/searchprofile,38,0,15
1778849873697,1678,GetIndividual,200,OK,GetIndividual 1-63,text,true,,3841,3588,61,164,https://api-scuda.uat.oci.krungsri.tech/ic/api/v1/customer/individual/getprofile,1678,0,21
1778849871949,3427,UpdateIndividual,200,OK,UpdateIndividual 4-7,text,true,,799,5620,56,164,https://api-scuda.uat.oci.krungsri.tech/ic/api/v1/customer/individual/updateprofile,3427,0,0
1778849871947,3429,UpdateIndividual,200,OK,UpdateIndividual 4-20,text,true,,800,5618,56,164,https://api-scuda.uat.oci.krungsri.tech/ic/api/v1/customer/individual/updateprofile,3429,0,41
1778849871948,3431,UpdateIndividual,200,OK,UpdateIndividual 4-1,text,true,,800,5632,55,162,https://api-scuda.uat.oci.krungsri.tech/ic/api/v1/customer/individual/updateprofile,3431,0,0
1778849871972,3415,GetIndividual,200,OK,GetIndividual 1-34,text,true,,3867,3588,60,161,https://api-scuda.uat.oci.krungsri.tech/ic/api/v1/customer/individual/getprofile,3415,0,65
1778849875358,31,SearchIndividual,200,OK,SearchIndividual 2-164,text,true,,621,2638,3,160,https://api-scuda.uat.oci.krungsri.tech/ords/api/v1/customer/individual/searchprofile,31,0,16
1778849875358,36,SearchIndividual,200,OK,SearchIndividual 2-163,text,true,,13979,2605,2,159,https://api-scuda.uat.oci.krungsri.tech/ords/api/v1/customer/individual/searchprofile,36,0,16
1778849873469,1932,GetIndividual,200,OK,GetIndividual 1-56,text,true,,3852,3588,59,158,https://api-scuda.uat.oci.krungsri.tech/ic/api/v1/customer/individual/getprofile,1932,0,16
1778849875373,36,SearchIndividual,200,OK,SearchIndividual 2-165,text,true,,621,2613,2,158,https://api-scuda.uat.oci.krungsri.tech/ords/api/v1/customer/individual/searchprofile,36,0,23
1778849875410,27,SearchIndividual,200,OK,SearchIndividual 2-166,text,true,,621,2613,1,161,https://api-scuda.uat.oci.krungsri.tech/ords/api/v1/customer/individual/searchprofile,27,0,13
1778849875435,38,SearchJuristic,200,OK,SearchJuristic 6-8,text,true,,621,2611,1,166,https://api-scuda.uat.oci.krungsri.tech/ords/api/v1/customer/juristic/searchprofile,37,0,22
1778849873291,2186,GetIndividual,200,OK,GetIndividual 1-55,text,true,,3818,3588,60,165,https://api-scuda.uat.oci.krungsri.tech/ic/api/v1/customer/individual/getprofile,2186,0,31
1778849872134,3351,UpdateJuristic,200,OK,UpdateJuristic 8-4,text,true,,800,5729,7,165,https://api-scuda.uat.oci.krungsri.tech/ic/api/v1/customer/juristic/updateprofile,3351,0,14
1778849873821,1666,GetIndividual,200,OK,GetIndividual 1-65,text,true,,3851,3588,60,165,https://api-scuda.uat.oci.krungsri.tech/ic/api/v1/customer/individual/getprofile,1666,0,23
1778849875454,41,SearchIndividual,200,OK,SearchIndividual 2-167,text,true,,14061,2604,2,166,https://api-scuda.uat.oci.krungsri.tech/ords/api/v1/customer/individual/searchprofile,40,0,22
1778849875458,40,SearchIndividual,200,OK,SearchIndividual 2-168,text,true,,621,2613,1,165,https://api-scuda.uat.oci.krungsri.tech/ords/api/v1/customer/individual/searchprofile,40,0,22
1778849871067,4435,GetIndividual,200,OK,GetIndividual 1-13,text,true,,3853,3588,61,165,https://api-scuda.uat.oci.krungsri.tech/ic/api/v1/customer/individual/getprofile,4435,0,15
1778849875511,38,SearchIndividual,200,OK,SearchIndividual 2-169,text,true,,621,2610,1,167,https://api-scuda.uat.oci.krungsri.tech/ords/api/v1/customer/individual/searchprofile,38,0,22
1778849871096,4481,GetIndividual,200,OK,GetIndividual 1-15,text,true,,3819,3588,61,169,https://api-scuda.uat.oci.krungsri.tech/ic/api/v1/customer/individual/getprofile,4481,0,59
1778849873938,1639,GetIndividual,200,OK,GetIndividual 1-69,text,true,,3884,3587,60,168,https://api-scuda.uat.oci.krungsri.tech/ic/api/v1/customer/individual/getprofile,1639,0,22
1778849874204,1374,GetIndividual,200,OK,GetIndividual 1-75,text,true,,3854,3587,61,169,https://api-scuda.uat.oci.krungsri.tech/ic/api/v1/customer/individual/getprofile,1374,0,18
1778849871700,3883,GetIndividual,200,OK,GetIndividual 1-29,text,true,,3799,3588,59,167,https://api-scuda.uat.oci.krungsri.tech/ic/api/v1/customer/individual/getprofile,3883,0,14
1778849871062,4538,GetIndividual,200,OK,GetIndividual 1-11,text,true,,3812,3588,58,167,https://api-scuda.uat.oci.krungsri.tech/ic/api/v1/customer/individual/getprofile,4538,0,0
1778849872724,2877,UpdateIndividual,200,OK,UpdateIndividual 4-30,text,true,,800,4231,62,167,https://api-scuda.uat.oci.krungsri.tech/ic/api/v1/customer/individual/updateprofile,2877,0,25
1778849872439,3163,UpdateIndividual,200,OK,UpdateIndividual 4-27,text,true,,800,4228,61,165,https://api-scuda.uat.oci.krungsri.tech/ic/api/v1/customer/individual/updateprofile,3163,0,13
1778849875585,31,SearchIndividual,200,OK,SearchIndividual 2-170,text,true,,621,2635,3,167,https://api-scuda.uat.oci.krungsri.tech/ords/api/v1/customer/individual/searchprofile,31,0,18
1778849875605,45,SearchIndividual,200,OK,SearchIndividual 2-171,text,true,,621,2628,3,169,https://api-scuda.uat.oci.krungsri.tech/ords/api/v1/customer/individual/searchprofile,45,0,31
1778849875635,36,SearchIndividual,200,OK,SearchIndividual 2-172,text,true,,621,2613,3,169,https://api-scuda.uat.oci.krungsri.tech/ords/api/v1/customer/individual/searchprofile,36,0,22
1778849875637,36,SearchIndividual,200,OK,SearchIndividual 2-173,text,true,,621,2612,2,168,https://api-scuda.uat.oci.krungsri.tech/ords/api/v1/customer/individual/searchprofile,36,0,21
1778849872093,3582,UpdateIndividual,200,OK,UpdateIndividual 4-23,text,true,,800,5540,60,168,https://api-scuda.uat.oci.krungsri.tech/ic/api/v1/customer/individual/updateprofile,3582,0,47
1778849871260,4419,GetIndividual,200,OK,GetIndividual 1-26,text,true,,3836,3588,59,166,https://api-scuda.uat.oci.krungsri.tech/ic/api/v1/customer/individual/getprofile,4419,0,33
1778849874227,1454,GetIndividual,200,OK,GetIndividual 1-76,text,true,,3776,3588,58,165,https://api-scuda.uat.oci.krungsri.tech/ic/api/v1/customer/individual/getprofile,1454,0,23
1778849873877,1804,GetIndividual,200,OK,GetIndividual 1-67,text,true,,3855,3588,58,165,https://api-scuda.uat.oci.krungsri.tech/ic/api/v1/customer/individual/getprofile,1804,0,24
1778849874049,1640,GetJuristic,200,OK,GetJuristic 5-7,text,true,,3496,3533,4,163,https://api-scuda.uat.oci.krungsri.tech/ic/api/v1/customer/juristic/getprofile,1640,0,22
1778849875661,29,SearchIndividual,200,OK,SearchIndividual 2-174,text,true,,621,2613,1,162,https://api-scuda.uat.oci.krungsri.tech/ords/api/v1/customer/individual/searchprofile,29,0,10
1778849874021,1676,GetIndividual,200,OK,GetIndividual 1-70,text,true,,3874,3588,56,162,https://api-scuda.uat.oci.krungsri.tech/ic/api/v1/customer/individual/getprofile,1676,0,21
1778849872249,3450,UpdateIndividual,200,OK,UpdateIndividual 4-25,text,true,,800,5619,59,161,https://api-scuda.uat.oci.krungsri.tech/ic/api/v1/customer/individual/updateprofile,3450,0,38
1778849875708,40,SearchIndividual,200,OK,SearchIndividual 2-175,text,true,,621,2622,2,162,https://api-scuda.uat.oci.krungsri.tech/ords/api/v1/customer/individual/searchprofile,40,0,28
1778849875735,30,SearchIndividual,200,OK,SearchIndividual 2-176,text,true,,621,2610,3,163,https://api-scuda.uat.oci.krungsri.tech/ords/api/v1/customer/individual/searchprofile,30,0,15
1778849871951,3827,UpdateIndividual,200,OK,UpdateIndividual 4-10,text,true,,800,5588,58,164,https://api-scuda.uat.oci.krungsri.tech/ic/api/v1/customer/individual/updateprofile,3827,0,33
1778849875763,35,SearchIndividual,200,OK,SearchIndividual 2-177,text,true,,621,2610,4,165,https://api-scuda.uat.oci.krungsri.tech/ords/api/v1/customer/individual/searchprofile,35,0,19
1778849872132,3671,UpdateJuristic,200,OK,UpdateJuristic 8-2,text,true,,798,5818,6,164,https://api-scuda.uat.oci.krungsri.tech/ic/api/v1/customer/juristic/updateprofile,3671,0,0
1778849871770,4036,GetIndividual,200,OK,GetIndividual 1-31,text,true,,3844,3587,55,163,https://api-scuda.uat.oci.krungsri.tech/ic/api/v1/customer/individual/getprofile,4036,0,30
1778849875763,45,SearchIndividual,200,OK,SearchIndividual 2-178,text,true,,14227,2610,3,163,https://api-scuda.uat.oci.krungsri.tech/ords/api/v1/customer/individual/searchprofile,45,0,26
1778849871706,4106,GetIndividual,200,OK,GetIndividual 1-30,text,true,,3861,3588,55,162,https://api-scuda.uat.oci.krungsri.tech/ic/api/v1/customer/individual/getprofile,4106,0,59
1778849875777,34,SearchIndividual,200,OK,SearchIndividual 2-179,text,true,,621,2649,2,162,https://api-scuda.uat.oci.krungsri.tech/ords/api/v1/customer/individual/searchprofile,34,0,17
1778849873781,2030,GetJuristic,200,OK,GetJuristic 5-6,text,true,,3522,3532,3,162,https://api-scuda.uat.oci.krungsri.tech/ic/api/v1/customer/juristic/getprofile,2030,0,22
1778849875785,40,SearchIndividual,200,OK,SearchIndividual 2-180,text,true,,621,2611,2,161,https://api-scuda.uat.oci.krungsri.tech/ords/api/v1/customer/individual/searchprofile,39,0,26
1778849875819,39,SearchIndividual,200,OK,SearchIndividual 2-181,text,true,,621,2612,4,164,https://api-scuda.uat.oci.krungsri.tech/ords/api/v1/customer/individual/searchprofile,39,0,26
1778849871951,3921,UpdateIndividual,200,OK,UpdateIndividual 4-13,text,true,,800,5605,59,163,https://api-scuda.uat.oci.krungsri.tech/ic/api/v1/customer/individual/updateprofile,3921,0,20
1778849872670,3202,UpdateIndividual,200,OK,UpdateIndividual 4-29,text,true,,800,4229,59,163,https://api-scuda.uat.oci.krungsri.tech/ic/api/v1/customer/individual/updateprofile,3202,0,28
1778849871050,4833,GetIndividual,200,OK,GetIndividual 1-14,text,true,,3871,3588,55,162,https://api-scuda.uat.oci.krungsri.tech/ic/api/v1/customer/individual/getprofile,4833,0,16
1778849875855,37,SearchIndividual,200,OK,SearchIndividual 2-183,text,true,,621,2603,4,162,https://api-scuda.uat.oci.krungsri.tech/ords/api/v1/customer/individual/searchprofile,37,0,24
1778849875855,39,SearchIndividual,200,OK,SearchIndividual 2-182,text,true,,621,2613,3,161,https://api-scuda.uat.oci.krungsri.tech/ords/api/v1/customer/individual/searchprofile,39,0,25
1778849871951,3945,UpdateIndividual,200,OK,UpdateIndividual 4-4,text,true,,800,5567,57,161,https://api-scuda.uat.oci.krungsri.tech/ic/api/v1/customer/individual/updateprofile,3945,0,0
1778849875855,41,SearchIndividual,200,OK,SearchIndividual 2-184,text,true,,620,2612,3,160,https://api-scuda.uat.oci.krungsri.tech/ords/api/v1/customer/individual/searchprofile,41,0,27
1778849874076,1823,GetIndividual,200,OK,GetIndividual 1-72,text,true,,3795,3588,56,161,https://api-scuda.uat.oci.krungsri.tech/ic/api/v1/customer/individual/getprofile,1823,0,27
1778849871951,3950,UpdateIndividual,200,OK,UpdateIndividual 4-15,text,true,,799,5622,56,160,https://api-scuda.uat.oci.krungsri.tech/ic/api/v1/customer/individual/updateprofile,3950,0,28
1778849871692,4214,GetIndividual,200,OK,GetIndividual 1-28,text,true,,3846,3587,55,159,https://api-scuda.uat.oci.krungsri.tech/ic/api/v1/customer/individual/getprofile,4214,0,52
1778849871842,4068,GetIndividual,200,OK,GetIndividual 1-32,text,true,,3806,3588,54,158,https://api-scuda.uat.oci.krungsri.tech/ic/api/v1/customer/individual/getprofile,4068,0,28
1778849875897,31,SearchIndividual,200,OK,SearchIndividual 2-186,text,true,,621,2635,2,158,https://api-scuda.uat.oci.krungsri.tech/ords/api/v1/customer/individual/searchprofile,31,0,15
1778849875892,42,SearchIndividual,200,OK,SearchIndividual 2-185,text,true,,621,2613,1,157,https://api-scuda.uat.oci.krungsri.tech/ords/api/v1/customer/individual/searchprofile,41,0,27
1778849871946,4024,UpdateIndividual,200,OK,UpdateIndividual 4-21,text,true,,800,5618,55,159,https://api-scuda.uat.oci.krungsri.tech/ic/api/v1/customer/individual/updateprofile,4024,0,36
1778849872181,3793,UpdateIndividual,200,OK,UpdateIndividual 4-24,text,true,,800,5553,54,158,https://api-scuda.uat.oci.krungsri.tech/ic/api/v1/customer/individual/updateprofile,3793,0,24
1778849874301,1673,UpdateIndividual,200,OK,UpdateIndividual 4-50,text,true,,800,4229,54,158,https://api-scuda.uat.oci.krungsri.tech/ic/api/v1/customer/individual/updateprofile,1673,0,26
1778849873504,2494,UpdateIndividual,200,OK,UpdateIndividual 4-36,text,true,,800,4228,52,158,https://api-scuda.uat.oci.krungsri.tech/ic/api/v1/customer/individual/updateprofile,2494,0,15
1778849874152,1847,GetIndividual,200,OK,GetIndividual 1-74,text,true,,3808,3588,57,158,https://api-scuda.uat.oci.krungsri.tech/ic/api/v1/customer/individual/getprofile,1847,0,26
1778849874555,1446,GetIndividual,200,OK,GetIndividual 1-83,text,true,,3857,3588,56,156,https://api-scuda.uat.oci.krungsri.tech/ic/api/v1/customer/individual/getprofile,1446,0,27
1778849873926,2077,GetIndividual,200,OK,GetIndividual 1-68,text,true,,3830,3587,55,155,https://api-scuda.uat.oci.krungsri.tech/ic/api/v1/customer/individual/getprofile,2077,0,14
1778849875970,48,SearchIndividual,200,OK,SearchIndividual 2-187,text,true,,621,2613,1,155,https://api-scuda.uat.oci.krungsri.tech/ords/api/v1/customer/individual/searchprofile,48,0,21
1778849872383,3697,UpdateIndividual,200,OK,UpdateIndividual 4-26,text,true,,1753,5584,53,159,https://api-scuda.uat.oci.krungsri.tech/ic/api/v1/customer/individual/updateprofile,3697,0,27
1778849874272,1811,GetIndividual,200,OK,GetIndividual 1-77,text,true,,3790,3588,54,159,https://api-scuda.uat.oci.krungsri.tech/ic/api/v1/customer/individual/getprofile,1811,0,31
1778849873594,2507,UpdateIndividual,200,OK,UpdateIndividual 4-38,text,true,,800,4229,53,160,https://api-scuda.uat.oci.krungsri.tech/ic/api/v1/customer/individual/updateprofile,2507,0,23
1778849876082,30,SearchIndividual,200,OK,SearchIndividual 2-191,text,true,,621,2613,5,160,https://api-scuda.uat.oci.krungsri.tech/ords/api/v1/customer/individual/searchprofile,29,0,16
1778849876079,36,SearchIndividual,200,OK,SearchIndividual 2-190,text,true,,621,2652,4,159,https://api-scuda.uat.oci.krungsri.tech/ords/api/v1/customer/individual/searchprofile,36,0,22
1778849876094,30,SearchIndividual,200,OK,SearchIndividual 2-192,text,true,,14303,2604,3,159,https://api-scuda.uat.oci.krungsri.tech/ords/api/v1/customer/individual/searchprofile,30,0,16
1778849876075,56,SearchIndividual,200,OK,SearchIndividual 2-189,text,true,,621,2613,2,158,https://api-scuda.uat.oci.krungsri.tech/ords/api/v1/customer/individual/searchprofile,55,0,36
1778849876071,76,SearchIndividual,200,OK,SearchIndividual 2-188,text,true,,621,2631,1,157,https://api-scuda.uat.oci.krungsri.tech/ords/api/v1/customer/individual/searchprofile,76,0,41
1778849872132,4041,UpdateJuristic,200,OK,UpdateJuristic 8-3,text,true,,800,5741,5,160,https://api-scuda.uat.oci.krungsri.tech/ic/api/v1/customer/juristic/updateprofile,4041,0,26
1778849873537,2637,UpdateIndividual,200,OK,UpdateIndividual 4-37,text,true,,800,5615,54,159,https://api-scuda.uat.oci.krungsri.tech/ic/api/v1/customer/individual/updateprofile,2637,0,13
1778849872853,3323,UpdateIndividual,200,OK,UpdateIndividual 4-31,text,true,,800,4229,53,158,https://api-scuda.uat.oci.krungsri.tech/ic/api/v1/customer/individual/updateprofile,3323,0,29
1778849873275,2901,UpdateIndividual,200,OK,UpdateIndividual 4-35,text,true,,800,5651,52,157,https://api-scuda.uat.oci.krungsri.tech/ic/api/v1/customer/individual/updateprofile,2901,0,23
1778849874278,1904,GetIndividual,200,OK,GetIndividual 1-78,text,true,,3846,3588,54,156,https://api-scuda.uat.oci.krungsri.tech/ic/api/v1/customer/individual/getprofile,1904,0,23
1778849872887,3304,UpdateJuristic,200,OK,UpdateJuristic 8-6,text,true,,800,5847,4,157,https://api-scuda.uat.oci.krungsri.tech/ic/api/v1/customer/juristic/updateprofile,3304,0,25
1778849872724,3471,UpdateJuristic,200,OK,UpdateJuristic 8-5,text,true,,800,5756,3,156,https://api-scuda.uat.oci.krungsri.tech/ic/api/v1/customer/juristic/updateprofile,3471,0,26
1778849876162,35,SearchIndividual,200,OK,SearchIndividual 2-193,text,true,,621,2613,3,155,https://api-scuda.uat.oci.krungsri.tech/ords/api/v1/customer/individual/searchprofile,35,0,22
1778849874433,1766,GetIndividual,200,OK,GetIndividual 1-81,text,true,,3845,3588,53,155,https://api-scuda.uat.oci.krungsri.tech/ic/api/v1/customer/individual/getprofile,1766,0,26
1778849876166,47,SearchIndividual,200,OK,SearchIndividual 2-194,text,true,,621,2613,3,156,https://api-scuda.uat.oci.krungsri.tech/ords/api/v1/customer/individual/searchprofile,47,0,33
1778849876190,23,SearchIndividual,200,OK,SearchIndividual 2-195,text,true,,621,2609,3,156,https://api-scuda.uat.oci.krungsri.tech/ords/api/v1/customer/individual/searchprofile,23,0,11
1778849876200,34,SearchIndividual,200,OK,SearchIndividual 2-196,text,true,,621,2605,1,156,https://api-scuda.uat.oci.krungsri.tech/ords/api/v1/customer/individual/searchprofile,34,0,22
1778849871947,4328,UpdateIndividual,200,OK,UpdateIndividual 4-18,text,true,,800,5600,52,158,https://api-scuda.uat.oci.krungsri.tech/ic/api/v1/customer/individual/updateprofile,4328,0,73
1778849874683,1591,GetIndividual,200,OK,GetIndividual 1-85,text,true,,3887,3588,54,158,https://api-scuda.uat.oci.krungsri.tech/ic/api/v1/customer/individual/getprofile,1591,0,24
1778849873652,2624,UpdateIndividual,200,OK,UpdateIndividual 4-40,text,true,,800,4227,51,156,https://api-scuda.uat.oci.krungsri.tech/ic/api/v1/customer/individual/updateprofile,2624,0,23
1778849874897,1382,GetIndividual,200,OK,GetIndividual 1-89,text,true,,3855,3588,53,155,https://api-scuda.uat.oci.krungsri.tech/ic/api/v1/customer/individual/getprofile,1382,0,44
1778849872010,4285,UpdateIndividual,200,OK,UpdateIndividual 4-22,text,true,,800,5634,50,154,https://api-scuda.uat.oci.krungsri.tech/ic/api/v1/customer/individual/updateprofile,4285,0,26
1778849876258,39,SearchIndividual,200,OK,SearchIndividual 2-197,text,true,,14221,2610,3,153,https://api-scuda.uat.oci.krungsri.tech/ords/api/v1/customer/individual/searchprofile,39,0,23
1778849874121,2177,GetIndividual,200,OK,GetIndividual 1-73,text,true,,3839,3588,52,152,https://api-scuda.uat.oci.krungsri.tech/ic/api/v1/customer/individual/getprofile,2177,0,16
1778849874383,1917,GetIndividual,200,OK,GetIndividual 1-80,text,true,,3831,3588,51,151,https://api-scuda.uat.oci.krungsri.tech/ic/api/v1/customer/individual/getprofile,1917,0,28
1778849876269,36,SearchIndividual,200,OK,SearchIndividual 2-199,text,true,,621,2640,2,151,https://api-scuda.uat.oci.krungsri.tech/ords/api/v1/customer/individual/searchprofile,35,0,24
1778849876268,37,SearchIndividual,200,OK,SearchIndividual 2-198,text,true,,621,2613,2,151,https://api-scuda.uat.oci.krungsri.tech/ords/api/v1/customer/individual/searchprofile,37,0,26
1778849874358,1960,GetIndividual,200,OK,GetIndividual 1-79,text,true,,3857,3588,50,150,https://api-scuda.uat.oci.krungsri.tech/ic/api/v1/customer/individual/getprofile,1960,0,13
1778849876311,28,SearchIndividual,200,OK,SearchIndividual 2-200,text,true,,621,2629,4,154,https://api-scuda.uat.oci.krungsri.tech/ords/api/v1/customer/individual/searchprofile,27,0,15
1778849876337,27,SearchIndividual,200,OK,SearchIndividual 2-203,text,true,,621,2602,4,155,https://api-scuda.uat.oci.krungsri.tech/ords/api/v1/customer/individual/searchprofile,27,0,13
1778849876324,40,SearchIndividual,200,OK,SearchIndividual 2-202,text,true,,621,2606,4,155,https://api-scuda.uat.oci.krungsri.tech/ords/api/v1/customer/individual/searchprofile,40,0,26
1778849876321,46,SearchIndividual,200,OK,SearchIndividual 2-201,text,true,,621,2602,2,154,https://api-scuda.uat.oci.krungsri.tech/ords/api/v1/customer/individual/searchprofile,46,0,30
1778849874056,2317,UpdateIndividual,200,OK,UpdateIndividual 4-44,text,true,,800,5526,52,153,https://api-scuda.uat.oci.krungsri.tech/ic/api/v1/customer/individual/updateprofile,2317,0,25
1778849875149,1225,GetIndividual,200,OK,GetIndividual 1-97,text,true,,3827,3588,50,152,https://api-scuda.uat.oci.krungsri.tech/ic/api/v1/customer/individual/getprofile,1225,0,22
1778849873623,2752,UpdateIndividual,200,OK,UpdateIndividual 4-39,text,true,,800,5557,51,151,https://api-scuda.uat.oci.krungsri.tech/ic/api/v1/customer/individual/updateprofile,2752,0,21
1778849874208,2168,UpdateIndividual,200,OK,UpdateIndividual 4-48,text,true,,800,4231,51,151,https://api-scuda.uat.oci.krungsri.tech/ic/api/v1/customer/individual/updateprofile,2168,0,30
1778849874485,1895,UpdateIndividual,200,OK,UpdateIndividual 4-53,text,true,,800,4231,49,150,https://api-scuda.uat.oci.krungsri.tech/ic/api/v1/customer/individual/updateprofile,1895,0,22
1778849875017,1364,GetIndividual,200,OK,GetIndividual 1-93,text,true,,3854,3588,49,149,https://api-scuda.uat.oci.krungsri.tech/ic/api/v1/customer/individual/getprofile,1364,0,12
1778849875061,1320,GetIndividual,200,OK,GetIndividual 1-94,text,true,,3868,3588,49,149,https://api-scuda.uat.oci.krungsri.tech/ic/api/v1/customer/individual/getprofile,1320,0,32
1778849872888,3495,GetIndividual,200,OK,GetIndividual 1-48,text,true,,3810,3588,48,148,https://api-scuda.uat.oci.krungsri.tech/ic/api/v1/customer/individual/getprofile,3495,0,15
1778849874113,2271,UpdateIndividual,200,OK,UpdateIndividual 4-45,text,true,,799,5582,48,146,https://api-scuda.uat.oci.krungsri.tech/ic/api/v1/customer/individual/updateprofile,2271,0,29
1778849876353,40,SearchIndividual,200,OK,SearchIndividual 2-204,text,true,,621,2613,2,147,https://api-scuda.uat.oci.krungsri.tech/ords/api/v1/customer/individual/searchprofile,39,0,24
1778849876380,36,SearchIndividual,200,OK,SearchIndividual 2-205,text,true,,621,2613,4,150,https://api-scuda.uat.oci.krungsri.tech/ords/api/v1/customer/individual/searchprofile,36,0,23
1778849876403,28,SearchIndividual,200,OK,SearchIndividual 2-206,text,true,,621,2605,3,149,https://api-scuda.uat.oci.krungsri.tech/ords/api/v1/customer/individual/searchprofile,28,0,16
1778849876410,35,SearchIndividual,200,OK,SearchIndividual 2-208,text,true,,621,2613,2,150,https://api-scuda.uat.oci.krungsri.tech/ords/api/v1/customer/individual/searchprofile,34,0,22
1778849876405,47,SearchIndividual,200,OK,SearchIndividual 2-207,text,true,,621,2640,1,150,https://api-scuda.uat.oci.krungsri.tech/ords/api/v1/customer/individual/searchprofile,46,0,29
1778849873155,3320,UpdateIndividual,200,OK,UpdateIndividual 4-34,text,true,,800,4227,48,151,https://api-scuda.uat.oci.krungsri.tech/ic/api/v1/customer/individual/updateprofile,3320,0,21
1778849873792,2712,UpdateIndividual,200,OK,UpdateIndividual 4-42,text,true,,800,5537,47,154,https://api-scuda.uat.oci.krungsri.tech/ic/api/v1/customer/individual/updateprofile,2712,0,32
1778849872439,4066,GetIndividual,200,OK,GetIndividual 1-41,text,true,,3893,3588,54,154,https://api-scuda.uat.oci.krungsri.tech/ic/api/v1/customer/individual/getprofile,4066,0,25
1778849876477,52,SearchIndividual,200,OK,SearchIndividual 2-209,text,true,,621,2619,5,156,https://api-scuda.uat.oci.krungsri.tech/ords/api/v1/customer/individual/searchprofile,51,0,25
1778849876502,35,SearchIndividual,200,OK,SearchIndividual 2-210,text,true,,621,2650,4,155,https://api-scuda.uat.oci.krungsri.tech/ords/api/v1/customer/individual/searchprofile,35,0,23
1778849876510,36,SearchIndividual,200,OK,SearchIndividual 2-212,text,true,,621,2602,3,154,https://api-scuda.uat.oci.krungsri.tech/ords/api/v1/customer/individual/searchprofile,36,0,15
1778849871947,4624,UpdateIndividual,200,OK,UpdateIndividual 4-5,text,true,,800,5608,47,153,https://api-scuda.uat.oci.krungsri.tech/ic/api/v1/customer/individual/updateprofile,4624,0,0
1778849876502,50,SearchIndividual,200,OK,SearchIndividual 2-211,text,true,,621,2613,2,153,https://api-scuda.uat.oci.krungsri.tech/ords/api/v1/customer/individual/searchprofile,47,0,21
1778849876513,38,SearchIndividual,200,OK,SearchIndividual 2-213,text,true,,620,2612,2,153,https://api-scuda.uat.oci.krungsri.tech/ords/api/v1/customer/individual/searchprofile,37,0,25
1778849871950,4650,UpdateIndividual,200,OK,UpdateIndividual 4-9,text,true,,797,5597,48,155,https://api-scuda.uat.oci.krungsri.tech/ic/api/v1/customer/individual/updateprofile,4650,0,40
1778849875274,1325,GetIndividual,200,OK,GetIndividual 1-98,text,true,,3866,3588,54,155,https://api-scuda.uat.oci.krungsri.tech/ic/api/v1/customer/individual/getprofile,1325,0,26
1778849871085,5517,GetIndividual,200,OK,GetIndividual 1-19,text,true,,3809,3588,53,153,https://api-scuda.uat.oci.krungsri.tech/ic/api/v1/customer/individual/getprofile,5517,0,66
1778849874518,2084,GetIndividual,200,OK,GetIndividual 1-82,text,true,,3788,3588,52,152,https://api-scuda.uat.oci.krungsri.tech/ic/api/v1/customer/individual/getprofile,2084,0,23
1778849871665,4944,GetJoint,200,OK,GetJoint 9-4,text,true,,1429,3530,8,153,https://api-scuda.uat.oci.krungsri.tech/ic/api/v1/customer/joint/getprofile,4944,0,40
1778849876577,46,SearchIndividual,200,OK,SearchIndividual 2-214,text,true,,621,2638,3,153,https://api-scuda.uat.oci.krungsri.tech/ords/api/v1/customer/individual/searchprofile,45,0,24
1778849876587,38,SearchIndividual,200,OK,SearchIndividual 2-215,text,true,,621,2623,2,153,https://api-scuda.uat.oci.krungsri.tech/ords/api/v1/customer/individual/searchprofile,38,0,25
1778849876592,35,SearchJuristic,200,OK,SearchJuristic 6-9,text,true,,621,2611,1,152,https://api-scuda.uat.oci.krungsri.tech/ords/api/v1/customer/juristic/searchprofile,35,0,21
1778849876606,36,SearchJoint,200,OK,SearchJoint 10-9,text,true,,620,2626,1,152,https://api-scuda.uat.oci.krungsri.tech/ords/api/v1/customer/joint/searchprofile,36,0,23
1778849876616,31,SearchIndividual,200,OK,SearchIndividual 2-216,text,true,,621,2613,1,151,https://api-scuda.uat.oci.krungsri.tech/ords/api/v1/customer/individual/searchprofile,31,0,19
1778849873734,2934,UpdateIndividual,200,OK,UpdateIndividual 4-41,text,true,,800,4227,48,151,https://api-scuda.uat.oci.krungsri.tech/ic/api/v1/customer/individual/updateprofile,2934,0,16
1778849872434,4241,GetIndividual,200,OK,GetIndividual 1-40,text,true,,3778,3588,54,150,https://api-scuda.uat.oci.krungsri.tech/ic/api/v1/customer/individual/getprofile,4241,0,29
1778849874928,1749,GetIndividual,200,OK,GetIndividual 1-90,text,true,,3803,3587,53,149,https://api-scuda.uat.oci.krungsri.tech/ic/api/v1/customer/individual/getprofile,1749,0,22
1778849874772,1905,GetIndividual,200,OK,GetIndividual 1-86,text,true,,3863,3588,53,149,https://api-scuda.uat.oci.krungsri.tech/ic/api/v1/customer/individual/getprofile,1905,0,44
1778849870972,5721,GetJoint,200,OK,GetJoint 9-2,text,true,,1429,3530,7,149,https://api-scuda.uat.oci.krungsri.tech/ic/api/v1/customer/joint/getprofile,5721,0,0
1778849874675,2022,GetIndividual,200,OK,GetIndividual 1-84,text,true,,3860,3588,52,148,https://api-scuda.uat.oci.krungsri.tech/ic/api/v1/customer/individual/getprofile,2021,0,21
1778849875121,1579,GetIndividual,200,OK,GetIndividual 1-96,text,true,,3867,3588,51,147,https://api-scuda.uat.oci.krungsri.tech/ic/api/v1/customer/individual/getprofile,1579,0,20
1778849872324,4378,GetJoint,200,OK,GetJoint 9-5,text,true,,1429,3530,6,147,https://api-scuda.uat.oci.krungsri.tech/ic/api/v1/customer/joint/getprofile,4378,0,25
1778849872400,4302,GetIndividual,200,OK,GetIndividual 1-39,text,true,,3845,3588,51,147,https://api-scuda.uat.oci.krungsri.tech/ic/api/v1/customer/individual/getprofile,4302,0,23
1778849871957,4748,GetIndividual,200,OK,GetIndividual 1-33,text,true,,3844,3588,49,145,https://api-scuda.uat.oci.krungsri.tech/ic/api/v1/customer/individual/getprofile,4748,0,34
1778849876705,32,SearchIndividual,200,OK,SearchIndividual 2-217,text,true,,621,2616,2,147,https://api-scuda.uat.oci.krungsri.tech/ords/api/v1/customer/individual/searchprofile,31,0,18
1778849876715,33,SearchIndividual,200,OK,SearchIndividual 2-218,text,true,,621,2603,1,146,https://api-scuda.uat.oci.krungsri.tech/ords/api/v1/customer/individual/searchprofile,33,0,21
1778849872344,4429,GetIndividual,200,OK,GetIndividual 1-37,text,true,,3831,3588,50,149,https://api-scuda.uat.oci.krungsri.tech/ic/api/v1/customer/individual/getprofile,4429,0,25
1778849871948,4828,UpdateIndividual,200,OK,UpdateIndividual 4-3,text,true,,800,5519,50,149,https://api-scuda.uat.oci.krungsri.tech/ic/api/v1/customer/individual/updateprofile,4828,0,0
1778849875430,1344,GetIndividual,200,OK,GetIndividual 1-101,text,true,,3874,3588,49,149,https://api-scuda.uat.oci.krungsri.tech/ic/api/v1/customer/individual/getprofile,1344,0,23
1778849875333,1444,GetIndividual,200,OK,GetIndividual 1-100,text,true,,3794,3588,48,147,https://api-scuda.uat.oci.krungsri.tech/ic/api/v1/customer/individual/getprofile,1444,0,18
1778849874846,1954,GetIndividual,200,OK,GetIndividual 1-87,text,true,,3862,3588,47,150,https://api-scuda.uat.oci.krungsri.tech/ic/api/v1/customer/individual/getprofile,1954,0,32
1778849872077,4726,GetJuristic,200,OK,GetJuristic 5-5,text,true,,3468,3533,3,150,https://api-scuda.uat.oci.krungsri.tech/ic/api/v1/customer/juristic/getprofile,4726,0,24
1778849876768,45,SearchIndividual,200,OK,SearchIndividual 2-219,text,true,,621,2617,7,150,https://api-scuda.uat.oci.krungsri.tech/ords/api/v1/customer/individual/searchprofile,45,0,21
1778849876776,37,SearchIndividual,200,OK,SearchIndividual 2-221,text,true,,621,2601,7,150,https://api-scuda.uat.oci.krungsri.tech/ords/api/v1/customer/individual/searchprofile,37,0,18
1778849876772,42,SearchIndividual,200,OK,SearchIndividual 2-220,text,true,,621,2613,5,148,https://api-scuda.uat.oci.krungsri.tech/ords/api/v1/customer/individual/searchprofile,41,0,16
1778849876789,43,SearchIndividual,200,OK,SearchIndividual 2-224,text,true,,621,2612,4,147,https://api-scuda.uat.oci.krungsri.tech/ords/api/v1/customer/individual/searchprofile,43,0,16
1778849876787,45,SearchIndividual,200,OK,SearchIndividual 2-223,text,true,,621,2626,4,147,https://api-scuda.uat.oci.krungsri.tech/ords/api/v1/customer/individual/searchprofile,45,0,27
1778849876782,51,SearchIndividual,200,OK,SearchIndividual 2-222,text,true,,621,2625,3,146,https://api-scuda.uat.oci.krungsri.tech/ords/api/v1/customer/individual/searchprofile,51,0,20
1778849874417,2454,UpdateIndividual,200,OK,UpdateIndividual 4-51,text,true,,800,5564,51,145,https://api-scuda.uat.oci.krungsri.tech/ic/api/v1/customer/individual/updateprofile,2454,0,24
1778849876805,68,SearchIndividual,200,OK,SearchIndividual 2-225,text,true,,621,2643,2,145,https://api-scuda.uat.oci.krungsri.tech/ords/api/v1/customer/individual/searchprofile,66,0,46
1778849871946,4928,UpdateIndividual,200,OK,UpdateIndividual 4-14,text,true,,800,5659,50,144,https://api-scuda.uat.oci.krungsri.tech/ic/api/v1/customer/individual/updateprofile,4928,0,32
1778849875495,1378,GetIndividual,200,OK,GetIndividual 1-105,text,true,,3813,3588,47,144,https://api-scuda.uat.oci.krungsri.tech/ic/api/v1/customer/individual/getprofile,1378,0,23
1778849871948,4950,UpdateIndividual,200,OK,UpdateIndividual 4-11,text,true,,800,5639,49,142,https://api-scuda.uat.oci.krungsri.tech/ic/api/v1/customer/individual/updateprofile,4950,0,21
1778849872290,4608,GetIndividual,200,OK,GetIndividual 1-36,text,true,,3800,3588,46,142,https://api-scuda.uat.oci.krungsri.tech/ic/api/v1/customer/individual/getprofile,4608,0,26
1778849872763,4136,GetIndividual,200,OK,GetIndividual 1-45,text,true,,3844,3587,45,140,https://api-scuda.uat.oci.krungsri.tech/ic/api/v1/customer/individual/getprofile,4136,0,22
1778849874508,2391,UpdateIndividual,200,OK,UpdateIndividual 4-54,text,true,,800,5676,48,139,https://api-scuda.uat.oci.krungsri.tech/ic/api/v1/customer/individual/updateprofile,2391,0,26
1778849875108,1793,GetIndividual,200,OK,GetIndividual 1-95,text,true,,3821,3588,44,138,https://api-scuda.uat.oci.krungsri.tech/ic/api/v1/customer/individual/getprofile,1793,0,21
1778849874171,2730,UpdateIndividual,200,OK,UpdateIndividual 4-46,text,true,,800,4229,47,138,https://api-scuda.uat.oci.krungsri.tech/ic/api/v1/customer/individual/updateprofile,2730,0,46
1778849873923,2979,UpdateIndividual,200,OK,UpdateIndividual 4-43,text,true,,800,4229,46,136,https://api-scuda.uat.oci.krungsri.tech/ic/api/v1/customer/individual/updateprofile,2979,0,22
1778849876872,53,SearchIndividual,200,OK,SearchIndividual 2-226,text,true,,14290,2604,1,138,https://api-scuda.uat.oci.krungsri.tech/ords/api/v1/customer/individual/searchprofile,53,0,31
1778849874075,2898,UpdateJuristic,200,OK,UpdateJuristic 8-7,text,true,,800,5727,3,142,https://api-scuda.uat.oci.krungsri.tech/ic/api/v1/customer/juristic/updateprofile,2898,0,24
1778849871949,5027,UpdateIndividual,200,OK,UpdateIndividual 4-16,text,true,,800,5582,48,141,https://api-scuda.uat.oci.krungsri.tech/ic/api/v1/customer/individual/updateprofile,5027,0,14
1778849871948,5030,UpdateIndividual,200,OK,UpdateIndividual 4-2,text,true,,800,5567,47,141,https://api-scuda.uat.oci.krungsri.tech/ic/api/v1/customer/individual/updateprofile,5030,0,0
1778849875024,1976,UpdateIndividual,200,OK,UpdateIndividual 4-57,text,true,,800,4227,46,141,https://api-scuda.uat.oci.krungsri.tech/ic/api/v1/customer/individual/updateprofile,1976,0,24
1778849876978,24,SearchIndividual,200,OK,SearchIndividual 2-228,text,true,,621,2612,2,140,https://api-scuda.uat.oci.krungsri.tech/ords/api/v1/customer/individual/searchprofile,24,0,13
1778849876961,43,SearchIndividual,200,OK,SearchIndividual 2-227,text,true,,621,2635,1,139,https://api-scuda.uat.oci.krungsri.tech/ords/api/v1/customer/individual/searchprofile,42,0,23
1778849873571,3436,GetJoint,200,OK,GetJoint 9-6,text,true,,1429,3530,5,138,https://api-scuda.uat.oci.krungsri.tech/ic/api/v1/customer/joint/getprofile,3436,0,24
1778849876974,34,SearchJoint,200,OK,SearchJoint 10-10,text,true,,621,2627,1,137,https://api-scuda.uat.oci.krungsri.tech/ords/api/v1/customer/joint/searchprofile,34,0,20
1778849874876,2127,GetIndividual,200,OK,GetIndividual 1-88,text,true,,3829,3588,47,140,https://api-scuda.uat.oci.krungsri.tech/ic/api/v1/customer/individual/getprofile,2127,0,22
1778849874949,2053,GetIndividual,200,OK,GetIndividual 1-91,text,true,,3861,3588,47,140,https://api-scuda.uat.oci.krungsri.tech/ic/api/v1/customer/individual/getprofile,2053,0,25
1778849877056,28,SearchIndividual,200,OK,SearchIndividual 2-231,text,true,,620,2612,5,142,https://api-scuda.uat.oci.krungsri.tech/ords/api/v1/customer/individual/searchprofile,28,0,15
1778849875579,1499,GetIndividual,200,OK,GetIndividual 1-107,text,true,,3790,3588,47,141,https://api-scuda.uat.oci.krungsri.tech/ic/api/v1/customer/individual/getprofile,1499,0,22
1778849875645,1433,GetIndividual,200,OK,GetIndividual 1-108,text,true,,3859,3588,47,141,https://api-scuda.uat.oci.krungsri.tech/ic/api/v1/customer/individual/getprofile,1433,0,23
1778849875900,1177,GetIndividual,200,OK,GetIndividual 1-113,text,true,,3881,3588,47,141,https://api-scuda.uat.oci.krungsri.tech/ic/api/v1/customer/individual/getprofile,1177,0,14
1778849877045,27,SearchIndividual,200,OK,SearchIndividual 2-230,text,true,,621,2613,4,140,https://api-scuda.uat.oci.krungsri.tech/ords/api/v1/customer/individual/searchprofile,27,0,15
1778849877035,30,SearchIndividual,200,OK,SearchIndividual 2-229,text,true,,621,2625,4,140,https://api-scuda.uat.oci.krungsri.tech/ords/api/v1/customer/individual/searchprofile,30,0,15
1778849877056,35,SearchIndividual,200,OK,SearchIndividual 2-232,text,true,,620,2612,2,136,https://api-scuda.uat.oci.krungsri.tech/ords/api/v1/customer/individual/searchprofile,35,0,22
1778849875014,2080,GetIndividual,200,OK,GetIndividual 1-92,text,true,,3821,3588,45,136,https://api-scuda.uat.oci.krungsri.tech/ic/api/v1/customer/individual/getprofile,2080,0,26
1778849874256,2839,UpdateIndividual,200,OK,UpdateIndividual 4-49,text,true,,799,5627,45,135,https://api-scuda.uat.oci.krungsri.tech/ic/api/v1/customer/individual/updateprofile,2839,0,24
1778849877077,27,SearchIndividual,200,OK,SearchIndividual 2-233,text,true,,621,2644,2,134,https://api-scuda.uat.oci.krungsri.tech/ords/api/v1/customer/individual/searchprofile,27,0,14
1778849877095,35,SearchIndividual,200,OK,SearchIndividual 2-234,text,true,,621,2613,5,139,https://api-scuda.uat.oci.krungsri.tech/ords/api/v1/customer/individual/searchprofile,35,0,22
1778849877116,27,SearchIndividual,200,OK,SearchIndividual 2-235,text,true,,621,2614,5,139,https://api-scuda.uat.oci.krungsri.tech/ords/api/v1/customer/individual/searchprofile,27,0,14
1778849877125,35,SearchIndividual,200,OK,SearchIndividual 2-236,text,true,,621,2600,6,142,https://api-scuda.uat.oci.krungsri.tech/ords/api/v1/customer/individual/searchprofile,35,0,20
1778849877127,36,SearchIndividual,200,OK,SearchIndividual 2-237,text,true,,621,2613,5,142,https://api-scuda.uat.oci.krungsri.tech/ords/api/v1/customer/individual/searchprofile,36,0,24
1778849877130,39,SearchIndividual,200,OK,SearchIndividual 2-238,text,true,,14549,2614,4,141,https://api-scuda.uat.oci.krungsri.tech/ords/api/v1/customer/individual/searchprofile,38,0,22
1778849875090,2081,UpdateIndividual,200,OK,UpdateIndividual 4-58,text,true,,799,5632,46,140,https://api-scuda.uat.oci.krungsri.tech/ic/api/v1/customer/individual/updateprofile,2081,0,25
1778849871948,5226,UpdateIndividual,200,OK,UpdateIndividual 4-8,text,true,,797,5590,45,140,https://api-scuda.uat.oci.krungsri.tech/ic/api/v1/customer/individual/updateprofile,5226,0,13
1778849874776,2397,UpdateIndividual,200,OK,UpdateIndividual 4-56,text,true,,800,5531,45,140,https://api-scuda.uat.oci.krungsri.tech/ic/api/v1/customer/individual/updateprofile,2397,0,14
1778849875944,1229,GetIndividual,200,OK,GetIndividual 1-115,text,true,,3850,3588,47,140,https://api-scuda.uat.oci.krungsri.tech/ic/api/v1/customer/individual/getprofile,1229,0,16
1778849875810,1366,GetIndividual,200,OK,GetIndividual 1-110,text,true,,3866,3588,46,137,https://api-scuda.uat.oci.krungsri.tech/ic/api/v1/customer/individual/getprofile,1366,0,16
1778849875834,1344,GetIndividual,200,OK,GetIndividual 1-111,text,true,,3835,3588,45,136,https://api-scuda.uat.oci.krungsri.tech/ic/api/v1/customer/individual/getprofile,1344,0,31
1778849875445,1735,GetIndividual,200,OK,GetIndividual 1-102,text,true,,3862,3588,44,136,https://api-scuda.uat.oci.krungsri.tech/ic/api/v1/customer/individual/getprofile,1735,0,19
1778849877142,43,SearchIndividual,200,OK,SearchIndividual 2-239,text,true,,620,2610,3,136,https://api-scuda.uat.oci.krungsri.tech/ords/api/v1/customer/individual/searchprofile,42,0,21
1778849877159,34,SearchIndividual,200,OK,SearchIndividual 2-241,text,true,,621,2613,2,136,https://api-scuda.uat.oci.krungsri.tech/ords/api/v1/customer/individual/searchprofile,34,0,15
1778849877152,44,SearchIndividual,200,OK,SearchIndividual 2-240,text,true,,621,2641,2,136,https://api-scuda.uat.oci.krungsri.tech/ords/api/v1/customer/individual/searchprofile,43,0,22
1778849874461,2737,UpdateIndividual,200,OK,UpdateIndividual 4-52,text,true,,800,4232,44,136,https://api-scuda.uat.oci.krungsri.tech/ic/api/v1/customer/individual/updateprofile,2737,0,18
1778849875293,1936,GetIndividual,200,OK,GetIndividual 1-99,text,true,,3877,3588,46,139,https://api-scuda.uat.oci.krungsri.tech/ic/api/v1/customer/individual/getprofile,1936,0,22
1778849877196,40,SearchIndividual,200,OK,SearchIndividual 2-242,text,true,,621,2612,3,138,https://api-scuda.uat.oci.krungsri.tech/ords/api/v1/customer/individual/searchprofile,39,0,24
1778849877208,31,SearchIndividual,200,OK,SearchIndividual 2-243,text,true,,621,2631,3,138,https://api-scuda.uat.oci.krungsri.tech/ords/api/v1/customer/individual/searchprofile,31,0,18
1778849877219,33,SearchIndividual,200,OK,SearchIndividual 2-244,text,true,,621,2604,2,138,https://api-scuda.uat.oci.krungsri.tech/ords/api/v1/customer/individual/searchprofile,33,0,21
1778849875647,1627,GetIndividual,200,OK,GetIndividual 1-109,text,true,,3868,3588,46,137,https://api-scuda.uat.oci.krungsri.tech/ic/api/v1/customer/individual/getprofile,1627,0,22
1778849875981,1297,GetIndividual,200,OK,GetIndividual 1-116,text,true,,3865,3588,45,136,https://api-scuda.uat.oci.krungsri.tech/ic/api/v1/customer/individual/getprofile,1297,0,23
1778849875558,1721,UpdateIndividual,200,OK,UpdateIndividual 4-69,text,true,,800,4227,44,136,https://api-scuda.uat.oci.krungsri.tech/ic/api/v1/customer/individual/updateprofile,1721,0,20
1778849877237,48,SearchIndividual,200,OK,SearchIndividual 2-245,text,true,,621,2640,1,134,https://api-scuda.uat.oci.krungsri.tech/ords/api/v1/customer/individual/searchprofile,48,0,29
1778849873157,4141,UpdateIndividual,200,OK,UpdateIndividual 4-33,text,true,,800,5532,43,134,https://api-scuda.uat.oci.krungsri.tech/ic/api/v1/customer/individual/updateprofile,4141,0,26
1778849871873,5425,CreateIndividual,201,Created,CreateIndividual 3-4,text,true,,1172,8305,9,134,https://api-scuda.uat.oci.krungsri.tech/ic/api/v1/customer/individual/createprofile,5425,0,31
1778849875615,1686,GetJuristic,200,OK,GetJuristic 5-8,text,true,,3500,3532,2,134,https://api-scuda.uat.oci.krungsri.tech/ic/api/v1/customer/juristic/getprofile,1686,0,28
1778849874175,3162,UpdateIndividual,200,OK,UpdateIndividual 4-47,text,true,,797,5570,44,137,https://api-scuda.uat.oci.krungsri.tech/ic/api/v1/customer/individual/updateprofile,3162,0,52
1778849877304,33,SearchIndividual,200,OK,SearchIndividual 2-246,text,true,,621,2635,2,137,https://api-scuda.uat.oci.krungsri.tech/ords/api/v1/customer/individual/searchprofile,33,0,19
1778849877336,24,SearchIndividual,200,OK,SearchIndividual 2-247,text,true,,621,2613,3,137,https://api-scuda.uat.oci.krungsri.tech/ords/api/v1/customer/individual/searchprofile,24,0,11
1778849875484,1888,UpdateIndividual,200,OK,UpdateIndividual 4-66,text,true,,800,5536,43,136,https://api-scuda.uat.oci.krungsri.tech/ic/api/v1/customer/individual/updateprofile,1888,0,23
1778849875302,2071,UpdateIndividual,200,OK,UpdateIndividual 4-60,text,true,,800,5640,42,135,https://api-scuda.uat.oci.krungsri.tech/ic/api/v1/customer/individual/updateprofile,2071,0,46
1778849877346,28,SearchIndividual,200,OK,SearchIndividual 2-248,text,true,,621,2602,2,134,https://api-scuda.uat.oci.krungsri.tech/ords/api/v1/customer/individual/searchprofile,28,0,15
1778849877351,30,SearchIndividual,200,OK,SearchIndividual 2-249,text,true,,621,2604,2,136,https://api-scuda.uat.oci.krungsri.tech/ords/api/v1/customer/individual/searchprofile,30,0,17
1778849876206,1179,GetJuristic,200,OK,GetJuristic 5-9,text,true,,3520,3533,1,136,https://api-scuda.uat.oci.krungsri.tech/ic/api/v1/customer/juristic/getprofile,1179,0,15
1778849875384,2014,UpdateIndividual,200,OK,UpdateIndividual 4-62,text,true,,800,4230,41,136,https://api-scuda.uat.oci.krungsri.tech/ic/api/v1/customer/individual/updateprofile,2014,0,21
1778849873735,3663,GetIndividual,200,OK,GetIndividual 1-64,text,true,,3852,3588,49,136,https://api-scuda.uat.oci.krungsri.tech/ic/api/v1/customer/individual/getprofile,3663,0,23
1778849875982,1419,GetIndividual,200,OK,GetIndividual 1-117,text,true,,3850,3588,48,134,https://api-scuda.uat.oci.krungsri.tech/ic/api/v1/customer/individual/getprofile,1419,0,26
1778849875488,1916,GetIndividual,200,OK,GetIndividual 1-104,text,true,,3851,3588,48,134,https://api-scuda.uat.oci.krungsri.tech/ic/api/v1/customer/individual/getprofile,1916,0,23
1778849877378,35,SearchIndividual,200,OK,SearchIndividual 2-250,text,true,,621,2638,3,134,https://api-scuda.uat.oci.krungsri.tech/ords/api/v1/customer/individual/searchprofile,28,0,14
1778849877385,33,SearchIndividual,200,OK,SearchIndividual 2-251,text,true,,621,2613,3,134,https://api-scuda.uat.oci.krungsri.tech/ords/api/v1/customer/individual/searchprofile,32,0,13
1778849877410,29,SearchIndividual,200,OK,SearchIndividual 2-252,text,true,,621,2653,4,136,https://api-scuda.uat.oci.krungsri.tech/ords/api/v1/customer/individual/searchprofile,29,0,17
1778849873144,4303,GetIndividual,200,OK,GetIndividual 1-52,text,true,,3837,3588,47,135,https://api-scuda.uat.oci.krungsri.tech/ic/api/v1/customer/individual/getprofile,4303,0,24
1778849877416,40,SearchIndividual,200,OK,SearchIndividual 2-253,text,true,,621,2629,3,135,https://api-scuda.uat.oci.krungsri.tech/ords/api/v1/customer/individual/searchprofile,39,0,19
1778849877425,34,SearchIndividual,200,OK,SearchIndividual 2-254,text,true,,621,2613,3,135,https://api-scuda.uat.oci.krungsri.tech/ords/api/v1/customer/individual/searchprofile,34,0,21
1778849877425,36,SearchIndividual,200,OK,SearchIndividual 2-255,text,true,,621,2613,2,135,https://api-scuda.uat.oci.krungsri.tech/ords/api/v1/customer/individual/searchprofile,36,0,23
1778849875917,1557,GetIndividual,200,OK,GetIndividual 1-114,text,true,,3871,3588,47,136,https://api-scuda.uat.oci.krungsri.tech/ic/api/v1/customer/individual/getprofile,1557,0,26
1778849876111,1365,GetIndividual,200,OK,GetIndividual 1-118,text,true,,3838,3588,46,135,https://api-scuda.uat.oci.krungsri.tech/ic/api/v1/customer/individual/getprofile,1365,0,15
1778849877459,33,SearchIndividual,200,OK,SearchIndividual 2-256,text,true,,621,2602,2,135,https://api-scuda.uat.oci.krungsri.tech/ords/api/v1/customer/individual/searchprofile,33,0,21
1778849877467,27,SearchIndividual,200,OK,SearchIndividual 2-257,text,true,,621,2613,1,134,https://api-scuda.uat.oci.krungsri.tech/ords/api/v1/customer/individual/searchprofile,26,0,14
1778849875466,2035,UpdateJuristic,200,OK,UpdateJuristic 8-8,text,true,,800,5848,3,134,https://api-scuda.uat.oci.krungsri.tech/ic/api/v1/customer/juristic/updateprofile,2035,0,22
1778849875500,2009,GetJoint,200,OK,GetJoint 9-8,text,true,,1429,3530,5,133,https://api-scuda.uat.oci.krungsri.tech/ic/api/v1/customer/joint/getprofile,2009,0,27
1778849877511,34,SearchIndividual,200,OK,SearchIndividual 2-258,text,true,,621,2613,1,133,https://api-scuda.uat.oci.krungsri.tech/ords/api/v1/customer/individual/searchprofile,34,0,22
1778849876217,1361,GetIndividual,200,OK,GetIndividual 1-120,text,true,,3835,3588,47,138,https://api-scuda.uat.oci.krungsri.tech/ic/api/v1/customer/individual/getprofile,1361,0,23
1778849877553,29,SearchIndividual,200,OK,SearchIndividual 2-259,text,true,,621,2613,3,138,https://api-scuda.uat.oci.krungsri.tech/ords/api/v1/customer/individual/searchprofile,28,0,15
1778849877547,34,SearchJuristic,200,OK,SearchJuristic 6-10,text,true,,621,2611,1,138,https://api-scuda.uat.oci.krungsri.tech/ords/api/v1/customer/juristic/searchprofile,33,0,18
1778849875558,2014,UpdateIndividual,200,OK,UpdateIndividual 4-70,text,true,,800,4228,43,138,https://api-scuda.uat.oci.krungsri.tech/ic/api/v1/customer/individual/updateprofile,2014,0,14
1778849875216,2358,UpdateIndividual,200,OK,UpdateIndividual 4-55,text,true,,800,4227,43,138,https://api-scuda.uat.oci.krungsri.tech/ic/api/v1/customer/individual/updateprofile,2358,0,20
1778849875418,2175,UpdateIndividual,200,OK,UpdateIndividual 4-63,text,true,,800,4226,42,134,https://api-scuda.uat.oci.krungsri.tech/ic/api/v1/customer/individual/updateprofile,2175,0,25
1778849877557,36,SearchIndividual,200,OK,SearchIndividual 2-260,text,true,,621,2612,2,134,https://api-scuda.uat.oci.krungsri.tech/ords/api/v1/customer/individual/searchprofile,36,0,23
1778849873076,4519,UpdateIndividual,200,OK,UpdateIndividual 4-32,text,true,,799,5683,41,132,https://api-scuda.uat.oci.krungsri.tech/ic/api/v1/customer/individual/updateprofile,4519,0,22
1778849876213,1382,GetIndividual,200,OK,GetIndividual 1-119,text,true,,3818,3588,46,131,https://api-scuda.uat.oci.krungsri.tech/ic/api/v1/customer/individual/getprofile,1382,0,27
1778849875563,2039,GetIndividual,200,OK,GetIndividual 1-106,text,true,,3861,3588,45,130,https://api-scuda.uat.oci.krungsri.tech/ic/api/v1/customer/individual/getprofile,2038,0,27
1778849875898,1707,GetIndividual,200,OK,GetIndividual 1-112,text,true,,3847,3588,44,129,https://api-scuda.uat.oci.krungsri.tech/ic/api/v1/customer/individual/getprofile,1707,0,19
1778849877586,34,SearchIndividual,200,OK,SearchIndividual 2-261,text,true,,621,2629,3,130,https://api-scuda.uat.oci.krungsri.tech/ords/api/v1/customer/individual/searchprofile,34,0,22
1778849877616,28,SearchIndividual,200,OK,SearchIndividual 2-262,text,true,,621,2626,4,132,https://api-scuda.uat.oci.krungsri.tech/ords/api/v1/customer/individual/searchprofile,27,0,14
1778849877627,25,SearchIndividual,200,OK,SearchIndividual 2-264,text,true,,621,2620,3,132,https://api-scuda.uat.oci.krungsri.tech/ords/api/v1/customer/individual/searchprofile,24,0,12
1778849877619,36,SearchIndividual,200,OK,SearchIndividual 2-263,text,true,,621,2613,2,131,https://api-scuda.uat.oci.krungsri.tech/ords/api/v1/customer/individual/searchprofile,36,0,24
1778849877635,36,SearchIndividual,200,OK,SearchIndividual 2-265,text,true,,621,2613,2,131,https://api-scuda.uat.oci.krungsri.tech/ords/api/v1/customer/individual/searchprofile,35,0,23
1778849876690,983,GetIndividual,200,OK,GetIndividual 1-134,text,true,,3874,3587,45,130,https://api-scuda.uat.oci.krungsri.tech/ic/api/v1/customer/individual/getprofile,983,0,11
1778849876469,1208,GetIndividual,200,OK,GetIndividual 1-128,text,true,,3837,3588,44,129,https://api-scuda.uat.oci.krungsri.tech/ic/api/v1/customer/individual/getprofile,1208,0,26
1778849873562,4116,GetIndividual,200,OK,GetIndividual 1-60,text,true,,3855,3587,43,128,https://api-scuda.uat.oci.krungsri.tech/ic/api/v1/customer/individual/getprofile,4116,0,21
1778849875463,2229,UpdateIndividual,200,OK,UpdateIndividual 4-65,text,true,,800,4228,40,129,https://api-scuda.uat.oci.krungsri.tech/ic/api/v1/customer/individual/updateprofile,2229,0,34
1778849877667,46,SearchIndividual,200,OK,SearchIndividual 2-266,text,true,,621,2613,4,130,https://api-scuda.uat.oci.krungsri.tech/ords/api/v1/customer/individual/searchprofile,46,0,15
1778849875489,2224,GetIndividual,200,OK,GetIndividual 1-103,text,true,,3841,3588,43,130,https://api-scuda.uat.oci.krungsri.tech/ic/api/v1/customer/individual/getprofile,2224,0,22
1778849876477,1236,GetIndividual,200,OK,GetIndividual 1-129,text,true,,3827,3588,43,130,https://api-scuda.uat.oci.krungsri.tech/ic/api/v1/customer/individual/getprofile,1236,0,48
1778849877715,27,SearchIndividual,200,OK,SearchIndividual 2-268,text,true,,620,2637,6,135,https://api-scuda.uat.oci.krungsri.tech/ords/api/v1/customer/individual/searchprofile,27,0,16
1778849877688,56,SearchIndividual,200,OK,SearchIndividual 2-267,text,true,,621,2641,5,134,https://api-scuda.uat.oci.krungsri.tech/ords/api/v1/customer/individual/searchprofile,56,0,40
1778849877715,36,SearchIndividual,200,OK,SearchIndividual 2-269,text,true,,620,2603,4,134,https://api-scuda.uat.oci.krungsri.tech/ords/api/v1/customer/individual/searchprofile,35,0,24
1778849877720,35,SearchIndividual,200,OK,SearchIndividual 2-271,text,true,,621,2609,4,135,https://api-scuda.uat.oci.krungsri.tech/ords/api/v1/customer/individual/searchprofile,35,0,24
1778849877719,36,SearchIndividual,200,OK,SearchIndividual 2-270,text,true,,621,2605,4,135,https://api-scuda.uat.oci.krungsri.tech/ords/api/v1/customer/individual/searchprofile,36,0,24
1778849877733,34,SearchIndividual,200,OK,SearchIndividual 2-272,text,true,,621,2604,2,133,https://api-scuda.uat.oci.krungsri.tech/ords/api/v1/customer/individual/searchprofile,34,0,22
1778849876016,1754,UpdateIndividual,200,OK,UpdateIndividual 4-73,text,true,,800,4227,42,132,https://api-scuda.uat.oci.krungsri.tech/ic/api/v1/customer/individual/updateprofile,1754,0,26
1778849876433,1342,GetIndividual,200,OK,GetIndividual 1-124,text,true,,3780,3588,44,132,https://api-scuda.uat.oci.krungsri.tech/ic/api/v1/customer/individual/getprofile,1342,0,16
1778849877754,36,SearchIndividual,200,OK,SearchIndividual 2-273,text,true,,621,2602,1,131,https://api-scuda.uat.oci.krungsri.tech/ords/api/v1/customer/individual/searchprofile,36,0,22
1778849875294,2501,UpdateIndividual,200,OK,UpdateIndividual 4-59,text,true,,800,4227,42,130,https://api-scuda.uat.oci.krungsri.tech/ic/api/v1/customer/individual/updateprofile,2501,0,20
1778849872163,5637,CreateJuristic,201,Created,CreateJuristic 7-5,text,true,,1172,7810,9,129,https://api-scuda.uat.oci.krungsri.tech/ic/api/v1/customer/juristic/createprofile,5637,0,29
1778849877829,33,SearchIndividual,200,OK,SearchIndividual 2-275,text,true,,621,2606,5,136,https://api-scuda.uat.oci.krungsri.tech/ords/api/v1/customer/individual/searchprofile,33,0,19
1778849877828,41,SearchIndividual,200,OK,SearchIndividual 2-274,text,true,,621,2613,4,136,https://api-scuda.uat.oci.krungsri.tech/ords/api/v1/customer/individual/searchprofile,41,0,23
1778849877836,41,SearchIndividual,200,OK,SearchIndividual 2-277,text,true,,621,2613,4,136,https://api-scuda.uat.oci.krungsri.tech/ords/api/v1/customer/individual/searchprofile,40,0,24
1778849876803,1076,GetIndividual,200,OK,GetIndividual 1-137,text,true,,3855,3587,43,135,https://api-scuda.uat.oci.krungsri.tech/ic/api/v1/customer/individual/getprofile,1076,0,38
1778849877836,46,SearchIndividual,200,OK,SearchIndividual 2-276,text,true,,621,2604,3,134,https://api-scuda.uat.oci.krungsri.tech/ords/api/v1/customer/individual/searchprofile,45,0,25
1778849877860,29,SearchIndividual,200,OK,SearchIndividual 2-278,text,true,,621,2613,3,134,https://api-scuda.uat.oci.krungsri.tech/ords/api/v1/customer/individual/searchprofile,28,0,15
1778849876441,1460,GetIndividual,200,OK,GetIndividual 1-125,text,true,,3859,3588,43,134,https://api-scuda.uat.oci.krungsri.tech/ic/api/v1/customer/individual/getprofile,1460,0,29
1778849877874,40,SearchIndividual,200,OK,SearchIndividual 2-279,text,true,,621,2622,2,134,https://api-scuda.uat.oci.krungsri.tech/ords/api/v1/customer/individual/searchprofile,40,0,23
1778849877885,40,SearchIndividual,200,OK,SearchIndividual 2-280,text,true,,620,2612,1,133,https://api-scuda.uat.oci.krungsri.tech/ords/api/v1/customer/individual/searchprofile,40,0,22
1778849876080,1890,UpdateIndividual,200,OK,UpdateIndividual 4-74,text,true,,800,5555,44,133,https://api-scuda.uat.oci.krungsri.tech/ic/api/v1/customer/individual/updateprofile,1890,0,24
1778849875789,2186,UpdateIndividual,200,OK,UpdateIndividual 4-71,text,true,,800,5542,43,132,https://api-scuda.uat.oci.krungsri.tech/ic/api/v1/customer/individual/updateprofile,2186,0,26
1778849876708,1270,GetIndividual,200,OK,GetIndividual 1-135,text,true,,3893,3588,44,133,https://api-scuda.uat.oci.krungsri.tech/ic/api/v1/customer/individual/getprofile,1270,0,21
1778849876387,1591,GetIndividual,200,OK,GetIndividual 1-122,text,true,,3856,3588,44,133,https://api-scuda.uat.oci.krungsri.tech/ic/api/v1/customer/individual/getprofile,1591,0,29
1778849875551,2427,UpdateIndividual,200,OK,UpdateIndividual 4-68,text,true,,800,5603,42,133,https://api-scuda.uat.oci.krungsri.tech/ic/api/v1/customer/individual/updateprofile,2427,0,22
1778849876658,1321,GetIndividual,200,OK,GetIndividual 1-133,text,true,,3851,3588,42,130,https://api-scuda.uat.oci.krungsri.tech/ic/api/v1/customer/individual/getprofile,1321,0,23
1778849876407,1594,GetIndividual,200,OK,GetIndividual 1-123,text,true,,3821,3588,41,130,https://api-scuda.uat.oci.krungsri.tech/ic/api/v1/customer/individual/getprofile,1594,0,19
1778849876453,1548,GetIndividual,200,OK,GetIndividual 1-126,text,true,,3829,3588,41,130,https://api-scuda.uat.oci.krungsri.tech/ic/api/v1/customer/individual/getprofile,1548,0,13
1778849871872,6132,CreateIndividual,201,Created,CreateIndividual 3-2,text,true,,1172,8187,9,128,https://api-scuda.uat.oci.krungsri.tech/ic/api/v1/customer/individual/createprofile,6132,0,0
1778849876339,1665,GetIndividual,200,OK,GetIndividual 1-121,text,true,,3843,3588,39,128,https://api-scuda.uat.oci.krungsri.tech/ic/api/v1/customer/individual/getprofile,1664,0,24
1778849876162,1843,UpdateIndividual,200,OK,UpdateIndividual 4-77,text,true,,800,5515,42,127,https://api-scuda.uat.oci.krungsri.tech/ic/api/v1/customer/individual/updateprofile,1843,0,19
1778849873840,4168,GetIndividual,200,OK,GetIndividual 1-66,text,true,,3829,3588,38,126,https://api-scuda.uat.oci.krungsri.tech/ic/api/v1/customer/individual/getprofile,4168,0,22
1778849877978,49,SearchIndividual,200,OK,SearchIndividual 2-281,text,true,,621,2613,2,125,https://api-scuda.uat.oci.krungsri.tech/ords/api/v1/customer/individual/searchprofile,49,0,35
1778849878001,47,SearchIndividual,200,OK,SearchIndividual 2-282,text,true,,14104,2608,3,126,https://api-scuda.uat.oci.krungsri.tech/ords/api/v1/customer/individual/searchprofile,47,0,29
1778849878045,35,SearchIndividual,200,OK,SearchIndividual 2-284,text,true,,621,2613,5,131,https://api-scuda.uat.oci.krungsri.tech/ords/api/v1/customer/individual/searchprofile,33,0,18
1778849878040,39,SearchIndividual,200,OK,SearchIndividual 2-283,text,true,,621,2602,5,130,https://api-scuda.uat.oci.krungsri.tech/ords/api/v1/customer/individual/searchprofile,36,0,22
1778849875521,2555,UpdateIndividual,200,OK,UpdateIndividual 4-67,text,true,,800,4227,42,129,https://api-scuda.uat.oci.krungsri.tech/ic/api/v1/customer/individual/updateprofile,2555,0,24
1778849876642,1434,GetIndividual,200,OK,GetIndividual 1-132,text,true,,3829,3586,38,129,https://api-scuda.uat.oci.krungsri.tech/ic/api/v1/customer/individual/getprofile,1434,0,22
1778849876940,1135,GetIndividual,200,OK,GetIndividual 1-139,text,true,,3826,3588,38,129,https://api-scuda.uat.oci.krungsri.tech/ic/api/v1/customer/individual/getprofile,1135,0,22
1778849876390,1684,UpdateIndividual,200,OK,UpdateIndividual 4-82,text,true,,800,5575,42,129,https://api-scuda.uat.oci.krungsri.tech/ic/api/v1/customer/individual/updateprofile,1684,0,14
1778849875335,2739,UpdateIndividual,200,OK,UpdateIndividual 4-61,text,true,,800,4227,42,129,https://api-scuda.uat.oci.krungsri.tech/ic/api/v1/customer/individual/updateprofile,2739,0,25
1778849878051,44,SearchIndividual,200,OK,SearchIndividual 2-285,text,true,,621,2613,4,126,https://api-scuda.uat.oci.krungsri.tech/ords/api/v1/customer/individual/searchprofile,44,0,30
1778849876460,1644,GetIndividual,200,OK,GetIndividual 1-127,text,true,,3896,3588,38,128,https://api-scuda.uat.oci.krungsri.tech/ic/api/v1/customer/individual/getprofile,1644,0,23
1778849876520,1585,GetIndividual,200,OK,GetIndividual 1-130,text,true,,3853,3588,37,127,https://api-scuda.uat.oci.krungsri.tech/ic/api/v1/customer/individual/getprofile,1585,0,33
1778849878079,37,SearchIndividual,200,OK,SearchIndividual 2-287,text,true,,621,2600,5,127,https://api-scuda.uat.oci.krungsri.tech/ords/api/v1/customer/individual/searchprofile,37,0,24
1778849878094,34,SearchIndividual,200,OK,SearchIndividual 2-288,text,true,,621,2649,4,126,https://api-scuda.uat.oci.krungsri.tech/ords/api/v1/customer/individual/searchprofile,33,0,20
1778849878102,27,SearchIndividual,200,OK,SearchIndividual 2-289,text,true,,621,2609,3,125,https://api-scuda.uat.oci.krungsri.tech/ords/api/v1/customer/individual/searchprofile,27,0,15
1778849878073,60,SearchIndividual,200,OK,SearchIndividual 2-286,text,true,,621,2601,3,125,https://api-scuda.uat.oci.krungsri.tech/ords/api/v1/customer/individual/searchprofile,60,0,27
1778849878115,32,SearchIndividual,200,OK,SearchIndividual 2-290,text,true,,621,2613,3,127,https://api-scuda.uat.oci.krungsri.tech/ords/api/v1/customer/individual/searchprofile,32,0,21
1778849878132,33,SearchIndividual,200,OK,SearchIndividual 2-291,text,true,,621,2601,2,126,https://api-scuda.uat.oci.krungsri.tech/ords/api/v1/customer/individual/searchprofile,32,0,21
1778849877162,1008,GetIndividual,200,OK,GetIndividual 1-146,text,true,,3825,3588,37,125,https://api-scuda.uat.oci.krungsri.tech/ic/api/v1/customer/individual/getprofile,1008,0,20
1778849876630,1544,UpdateIndividual,200,OK,UpdateIndividual 4-86,text,true,,800,4227,41,124,https://api-scuda.uat.oci.krungsri.tech/ic/api/v1/customer/individual/updateprofile,1544,0,26
1778849872069,6108,CreateJuristic,201,Created,CreateJuristic 7-3,text,true,,1172,8133,9,123,https://api-scuda.uat.oci.krungsri.tech/ic/api/v1/customer/juristic/createprofile,6108,0,32
1778849878144,33,SearchIndividual,200,OK,SearchIndividual 2-292,text,true,,621,2634,1,122,https://api-scuda.uat.oci.krungsri.tech/ords/api/v1/customer/individual/searchprofile,33,0,21
1778849876373,1822,UpdateIndividual,200,OK,UpdateIndividual 4-81,text,true,,800,4232,40,123,https://api-scuda.uat.oci.krungsri.tech/ic/api/v1/customer/individual/updateprofile,1822,0,14
1778849875964,2233,GetJoint,200,OK,GetJoint 9-9,text,true,,1431,3530,4,122,https://api-scuda.uat.oci.krungsri.tech/ic/api/v1/customer/joint/getprofile,2233,0,27
1778849878188,42,SearchIndividual,200,OK,SearchIndividual 2-293,text,true,,621,2611,5,129,https://api-scuda.uat.oci.krungsri.tech/ords/api/v1/customer/individual/searchprofile,42,0,22
1778849878201,43,SearchIndividual,200,OK,SearchIndividual 2-294,text,true,,621,2613,5,129,https://api-scuda.uat.oci.krungsri.tech/ords/api/v1/customer/individual/searchprofile,40,0,20
1778849878206,44,SearchIndividual,200,OK,SearchIndividual 2-295,text,true,,621,2604,5,129,https://api-scuda.uat.oci.krungsri.tech/ords/api/v1/customer/individual/searchprofile,44,0,21
1778849878218,33,SearchIndividual,200,OK,SearchIndividual 2-296,text,true,,621,2613,5,129,https://api-scuda.uat.oci.krungsri.tech/ords/api/v1/customer/individual/searchprofile,32,0,21
1778849878229,34,SearchJuristic,200,OK,SearchJuristic 6-11,text,true,,621,2611,1,128,https://api-scuda.uat.oci.krungsri.tech/ords/api/v1/customer/juristic/searchprofile,34,0,20
1778849878236,30,SearchIndividual,200,OK,SearchIndividual 2-298,text,true,,621,2613,3,127,https://api-scuda.uat.oci.krungsri.tech/ords/api/v1/customer/individual/searchprofile,30,0,14
1778849878227,39,SearchIndividual,200,OK,SearchIndividual 2-297,text,true,,621,2613,3,127,https://api-scuda.uat.oci.krungsri.tech/ords/api/v1/customer/individual/searchprofile,38,0,25
1778849876094,2175,UpdateIndividual,200,OK,UpdateIndividual 4-75,text,true,,800,4227,41,125,https://api-scuda.uat.oci.krungsri.tech/ic/api/v1/customer/individual/updateprofile,2175,0,22
1778849876309,1962,UpdateIndividual,200,OK,UpdateIndividual 4-79,text,true,,800,4227,40,124,https://api-scuda.uat.oci.krungsri.tech/ic/api/v1/customer/individual/updateprofile,1962,0,25
1778849875820,2454,UpdateIndividual,200,OK,UpdateIndividual 4-72,text,true,,799,5574,39,123,https://api-scuda.uat.oci.krungsri.tech/ic/api/v1/customer/individual/updateprofile,2454,0,17
1778849876924,1351,UpdateIndividual,200,OK,UpdateIndividual 4-93,text,true,,800,4227,39,123,https://api-scuda.uat.oci.krungsri.tech/ic/api/v1/customer/individual/updateprofile,1351,0,20
1778849877085,1191,GetIndividual,200,OK,GetIndividual 1-144,text,true,,3869,3588,38,121,https://api-scuda.uat.oci.krungsri.tech/ic/api/v1/customer/individual/getprofile,1191,0,24
1778849877193,1084,GetIndividual,200,OK,GetIndividual 1-149,text,true,,3805,3587,37,120,https://api-scuda.uat.oci.krungsri.tech/ic/api/v1/customer/individual/getprofile,1084,0,32
1778849878248,38,SearchIndividual,200,OK,SearchIndividual 2-299,text,true,,14263,2611,1,119,https://api-scuda.uat.oci.krungsri.tech/ords/api/v1/customer/individual/searchprofile,37,0,21
1778849877176,1118,GetIndividual,200,OK,GetIndividual 1-147,text,true,,3898,3588,37,119,https://api-scuda.uat.oci.krungsri.tech/ic/api/v1/customer/individual/getprofile,1118,0,25
1778849876607,1692,GetIndividual,200,OK,GetIndividual 1-131,text,true,,3839,3587,36,118,https://api-scuda.uat.oci.krungsri.tech/ic/api/v1/customer/individual/getprofile,1692,0,26
1778849876223,2078,UpdateJuristic,200,OK,UpdateJuristic 8-9,text,true,,800,5796,3,117,https://api-scuda.uat.oci.krungsri.tech/ic/api/v1/customer/juristic/updateprofile,2078,0,16
1778849878333,27,SearchIndividual,200,OK,SearchIndividual 2-301,text,true,,621,2610,5,124,https://api-scuda.uat.oci.krungsri.tech/ords/api/v1/customer/individual/searchprofile,26,0,13
1778849878342,33,SearchIndividual,200,OK,SearchIndividual 2-302,text,true,,621,2613,4,124,https://api-scuda.uat.oci.krungsri.tech/ords/api/v1/customer/individual/searchprofile,33,0,21
1778849874534,3841,GetJoint,200,OK,GetJoint 9-7,text,true,,1429,3530,4,124,https://api-scuda.uat.oci.krungsri.tech/ic/api/v1/customer/joint/getprofile,3841,0,15
1778849876999,1377,GetIndividual,200,OK,GetIndividual 1-141,text,true,,3871,3588,38,124,https://api-scuda.uat.oci.krungsri.tech/ic/api/v1/customer/individual/getprofile,1377,0,22
1778849877183,1194,GetIndividual,200,OK,GetIndividual 1-148,text,true,,3847,3588,38,123,https://api-scuda.uat.oci.krungsri.tech/ic/api/v1/customer/individual/getprofile,1194,0,28
1778849878326,52,SearchIndividual,200,OK,SearchIndividual 2-300,text,true,,14223,2605,4,122,https://api-scuda.uat.oci.krungsri.tech/ords/api/v1/customer/individual/searchprofile,52,0,22
1778849873596,4783,CreateIndividual,201,Created,CreateIndividual 3-6,text,true,,1172,8558,8,120,https://api-scuda.uat.oci.krungsri.tech/ic/api/v1/customer/individual/createprofile,4783,0,35
1778849877218,1163,GetIndividual,200,OK,GetIndividual 1-150,text,true,,3943,3588,36,119,https://api-scuda.uat.oci.krungsri.tech/ic/api/v1/customer/individual/getprofile,1163,0,20
1778849878354,34,SearchIndividual,200,OK,SearchIndividual 2-303,text,true,,621,2629,3,119,https://api-scuda.uat.oci.krungsri.tech/ords/api/v1/customer/individual/searchprofile,34,0,23
1778849878361,29,SearchIndividual,200,OK,SearchIndividual 2-304,text,true,,621,2613,3,119,https://api-scuda.uat.oci.krungsri.tech/ords/api/v1/customer/individual/searchprofile,29,0,14
1778849875444,2947,UpdateIndividual,200,OK,UpdateIndividual 4-64,text,true,,800,5581,38,118,https://api-scuda.uat.oci.krungsri.tech/ic/api/v1/customer/individual/updateprofile,2947,0,13
1778849876913,1486,GetIndividual,200,OK,GetIndividual 1-138,text,true,,3896,3588,35,118,https://api-scuda.uat.oci.krungsri.tech/ic/api/v1/customer/individual/getprofile,1486,0,24
1778849878377,45,SearchIndividual,200,OK,SearchIndividual 2-305,text,true,,621,2613,3,120,https://api-scuda.uat.oci.krungsri.tech/ords/api/v1/customer/individual/searchprofile,45,0,26
1778849878391,34,SearchIndividual,200,OK,SearchIndividual 2-306,text,true,,621,2613,2,119,https://api-scuda.uat.oci.krungsri.tech/ords/api/v1/customer/individual/searchprofile,34,0,21
1778849878429,29,SearchIndividual,200,OK,SearchIndividual 2-308,text,true,,621,2614,2,123,https://api-scuda.uat.oci.krungsri.tech/ords/api/v1/customer/individual/searchprofile,28,0,16
1778849878422,40,SearchIndividual,200,OK,SearchIndividual 2-307,text,true,,620,2625,1,122,https://api-scuda.uat.oci.krungsri.tech/ords/api/v1/customer/individual/searchprofile,40,0,25
1778849876131,2340,UpdateIndividual,200,OK,UpdateIndividual 4-76,text,true,,800,5596,40,122,https://api-scuda.uat.oci.krungsri.tech/ic/api/v1/customer/individual/updateprofile,2340,0,14
1778849876805,1668,UpdateIndividual,200,OK,UpdateIndividual 4-90,text,true,,800,5593,39,121,https://api-scuda.uat.oci.krungsri.tech/ic/api/v1/customer/individual/updateprofile,1668,0,41
1778849876525,1949,UpdateIndividual,200,OK,UpdateIndividual 4-83,text,true,,799,4226,38,121,https://api-scuda.uat.oci.krungsri.tech/ic/api/v1/customer/individual/updateprofile,1949,0,29
1778849877382,1095,GetIndividual,200,OK,GetIndividual 1-155,text,true,,3893,3588,39,121,https://api-scuda.uat.oci.krungsri.tech/ic/api/v1/customer/individual/getprofile,1095,0,23
1778849876846,1632,UpdateIndividual,200,OK,UpdateIndividual 4-91,text,true,,800,5612,38,120,https://api-scuda.uat.oci.krungsri.tech/ic/api/v1/customer/individual/updateprofile,1632,0,29
1778849877047,1454,GetIndividual,200,OK,GetIndividual 1-142,text,true,,3819,3588,40,123,https://api-scuda.uat.oci.krungsri.tech/ic/api/v1/customer/individual/getprofile,1454,0,12
1778849878481,37,SearchIndividual,200,OK,SearchIndividual 2-309,text,true,,621,2610,3,124,https://api-scuda.uat.oci.krungsri.tech/ords/api/v1/customer/individual/searchprofile,37,0,23
1778849878492,36,SearchIndividual,200,OK,SearchIndividual 2-310,text,true,,621,2613,2,126,https://api-scuda.uat.oci.krungsri.tech/ords/api/v1/customer/individual/searchprofile,36,0,23
1778849871872,6704,CreateIndividual,201,Created,CreateIndividual 3-3,text,true,,1172,8075,8,128,https://api-scuda.uat.oci.krungsri.tech/ic/api/v1/customer/individual/createprofile,6704,0,0
1778849871872,6703,CreateIndividual,201,Created,CreateIndividual 3-1,text,true,,1172,8282,8,128,https://api-scuda.uat.oci.krungsri.tech/ic/api/v1/customer/individual/createprofile,6703,0,0
1778849876774,1799,UpdateIndividual,200,OK,UpdateIndividual 4-89,text,true,,800,5572,40,128,https://api-scuda.uat.oci.krungsri.tech/ic/api/v1/customer/individual/updateprofile,1799,0,22
1778849878532,37,SearchIndividual,200,OK,SearchIndividual 2-312,text,true,,621,2616,2,128,https://api-scuda.uat.oci.krungsri.tech/ords/api/v1/customer/individual/searchprofile,37,0,24
1778849878519,40,SearchIndividual,200,OK,SearchIndividual 2-311,text,true,,621,2613,2,127,https://api-scuda.uat.oci.krungsri.tech/ords/api/v1/customer/individual/searchprofile,39,0,21
1778849872071,6509,CreateJuristic,201,Created,CreateJuristic 7-4,text,true,,1171,7792,8,125,https://api-scuda.uat.oci.krungsri.tech/ic/api/v1/customer/juristic/createprofile,6509,0,13
1778849876767,1834,GetIndividual,200,OK,GetIndividual 1-136,text,true,,3870,3588,42,125,https://api-scuda.uat.oci.krungsri.tech/ic/api/v1/customer/individual/getprofile,1834,0,19
1778849877317,1285,GetIndividual,200,OK,GetIndividual 1-153,text,true,,3831,3587,43,126,https://api-scuda.uat.oci.krungsri.tech/ic/api/v1/customer/individual/getprofile,1285,0,23
1778849876689,1914,UpdateIndividual,200,OK,UpdateIndividual 4-87,text,true,,800,5570,40,124,https://api-scuda.uat.oci.krungsri.tech/ic/api/v1/customer/individual/updateprofile,1914,0,21
1778849871076,7531,GetJoint,200,OK,GetJoint 9-1,text,true,,1431,3530,3,123,https://api-scuda.uat.oci.krungsri.tech/ic/api/v1/customer/joint/getprofile,7531,0,0
1778849876964,1644,GetIndividual,200,OK,GetIndividual 1-140,text,true,,3854,3588,41,122,https://api-scuda.uat.oci.krungsri.tech/ic/api/v1/customer/individual/getprofile,1644,0,22
1778849877251,1358,GetIndividual,200,OK,GetIndividual 1-151,text,true,,3914,3588,40,121,https://api-scuda.uat.oci.krungsri.tech/ic/api/v1/customer/individual/getprofile,1358,0,21
1778849878579,35,SearchIndividual,200,OK,SearchIndividual 2-313,text,true,,621,2613,2,120,https://api-scuda.uat.oci.krungsri.tech/ords/api/v1/customer/individual/searchprofile,35,0,20
1778849878588,36,SearchIndividual,200,OK,SearchIndividual 2-314,text,true,,621,2628,2,120,https://api-scuda.uat.oci.krungsri.tech/ords/api/v1/customer/individual/searchprofile,36,0,22
1778849878618,34,SearchIndividual,200,OK,SearchIndividual 2-315,text,true,,621,2613,2,122,https://api-scuda.uat.oci.krungsri.tech/ords/api/v1/customer/individual/searchprofile,33,0,21
1778849878636,33,SearchIndividual,200,OK,SearchIndividual 2-316,text,true,,621,2604,1,125,https://api-scuda.uat.oci.krungsri.tech/ords/api/v1/customer/individual/searchprofile,33,0,19
1778849876945,1726,UpdateIndividual,200,OK,UpdateIndividual 4-94,text,true,,800,5622,41,124,https://api-scuda.uat.oci.krungsri.tech/ic/api/v1/customer/individual/updateprofile,1726,0,13
1778849877404,1267,GetIndividual,200,OK,GetIndividual 1-157,text,true,,3803,3588,43,124,https://api-scuda.uat.oci.krungsri.tech/ic/api/v1/customer/individual/getprofile,1267,0,19
1778849877156,1518,GetIndividual,200,OK,GetIndividual 1-145,text,true,,3901,3588,42,122,https://api-scuda.uat.oci.krungsri.tech/ic/api/v1/customer/individual/getprofile,1518,0,18
1778849876591,2102,UpdateIndividual,200,OK,UpdateIndividual 4-84,text,true,,800,4227,41,127,https://api-scuda.uat.oci.krungsri.tech/ic/api/v1/customer/individual/updateprofile,2102,0,23
1778849877378,1316,GetIndividual,200,OK,GetIndividual 1-154,text,true,,3825,3588,43,127,https://api-scuda.uat.oci.krungsri.tech/ic/api/v1/customer/individual/getprofile,1316,0,14
1778849876326,2369,UpdateIndividual,200,OK,UpdateIndividual 4-80,text,true,,800,5544,40,127,https://api-scuda.uat.oci.krungsri.tech/ic/api/v1/customer/individual/updateprofile,2369,0,25
1778849877050,1648,GetIndividual,200,OK,GetIndividual 1-143,text,true,,3896,3588,42,126,https://api-scuda.uat.oci.krungsri.tech/ic/api/v1/customer/individual/getprofile,1648,0,15
1778849878679,34,SearchIndividual,200,OK,SearchIndividual 2-317,text,true,,621,2613,4,126,https://api-scuda.uat.oci.krungsri.tech/ords/api/v1/customer/individual/searchprofile,33,0,22
1778849878688,34,SearchIndividual,200,OK,SearchIndividual 2-318,text,true,,620,2622,4,126,https://api-scuda.uat.oci.krungsri.tech/ords/api/v1/customer/individual/searchprofile,34,0,21
1778849878696,33,SearchIndividual,200,OK,SearchIndividual 2-320,text,true,,621,2613,3,125,https://api-scuda.uat.oci.krungsri.tech/ords/api/v1/customer/individual/searchprofile,32,0,21
1778849878696,34,SearchIndividual,200,OK,SearchIndividual 2-319,text,true,,621,2604,2,124,https://api-scuda.uat.oci.krungsri.tech/ords/api/v1/customer/individual/searchprofile,34,0,24
1778849878717,34,SearchIndividual,200,OK,SearchIndividual 2-321,text,true,,621,2634,1,123,https://api-scuda.uat.oci.krungsri.tech/ords/api/v1/customer/individual/searchprofile,34,0,21
1778849874166,4609,CreateIndividual,201,Created,CreateIndividual 3-7,text,true,,1172,8246,6,125,https://api-scuda.uat.oci.krungsri.tech/ic/api/v1/customer/individual/createprofile,4609,0,42
1778849872072,6727,CreateJuristic,201,Created,CreateJuristic 7-1,text,true,,1172,7843,7,126,https://api-scuda.uat.oci.krungsri.tech/ic/api/v1/customer/juristic/createprofile,6727,0,0
1778849878756,45,SearchIndividual,200,OK,SearchIndividual 2-322,text,true,,621,2613,3,125,https://api-scuda.uat.oci.krungsri.tech/ords/api/v1/customer/individual/searchprofile,44,0,20
1778849877203,1600,UpdateIndividual,200,OK,UpdateIndividual 4-98,text,true,,799,4226,40,125,https://api-scuda.uat.oci.krungsri.tech/ic/api/v1/customer/individual/updateprofile,1600,0,21
1778849878763,44,SearchIndividual,200,OK,SearchIndividual 2-323,text,true,,621,2613,2,124,https://api-scuda.uat.oci.krungsri.tech/ords/api/v1/customer/individual/searchprofile,43,0,23
1778849877499,1309,GetIndividual,200,OK,GetIndividual 1-159,text,true,,3851,3588,43,123,https://api-scuda.uat.oci.krungsri.tech/ic/api/v1/customer/individual/getprofile,1309,0,23
1778849878782,39,SearchIndividual,200,OK,SearchIndividual 2-324,text,true,,621,2647,1,123,https://api-scuda.uat.oci.krungsri.tech/ords/api/v1/customer/individual/searchprofile,39,0,25
1778849878804,44,SearchJoint,200,OK,SearchJoint 10-11,text,true,,621,2627,1,126,https://api-scuda.uat.oci.krungsri.tech/ords/api/v1/customer/joint/searchprofile,43,0,29
1778849878823,32,SearchIndividual,200,OK,SearchIndividual 2-326,text,true,,621,2613,3,126,https://api-scuda.uat.oci.krungsri.tech/ords/api/v1/customer/individual/searchprofile,31,0,20
1778849878823,32,SearchIndividual,200,OK,SearchIndividual 2-325,text,true,,621,2613,3,126,https://api-scuda.uat.oci.krungsri.tech/ords/api/v1/customer/individual/searchprofile,31,0,20
1778849877444,1427,UpdateIndividual,200,OK,UpdateIndividual 4-101,text,true,,800,4227,40,126,https://api-scuda.uat.oci.krungsri.tech/ic/api/v1/customer/individual/updateprofile,1427,0,16
1778849877692,1182,GetIndividual,200,OK,GetIndividual 1-163,text,true,,3847,3588,44,125,https://api-scuda.uat.oci.krungsri.tech/ic/api/v1/customer/individual/getprofile,1182,0,30
1778849877718,1157,GetIndividual,200,OK,GetIndividual 1-164,text,true,,3860,3588,44,126,https://api-scuda.uat.oci.krungsri.tech/ic/api/v1/customer/individual/getprofile,1157,0,26
1778849878851,32,SearchJuristic,200,OK,SearchJuristic 6-12,text,true,,621,2612,1,124,https://api-scuda.uat.oci.krungsri.tech/ords/api/v1/customer/juristic/searchprofile,32,0,13
1778849877721,1164,GetIndividual,200,OK,GetIndividual 1-165,text,true,,3851,3588,42,123,https://api-scuda.uat.oci.krungsri.tech/ic/api/v1/customer/individual/getprofile,1164,0,24
1778849876191,2704,UpdateIndividual,200,OK,UpdateIndividual 4-78,text,true,,800,4227,40,124,https://api-scuda.uat.oci.krungsri.tech/ic/api/v1/customer/individual/updateprofile,2704,0,23
1778849878844,58,SearchIndividual,200,OK,SearchIndividual 2-327,text,true,,621,2629,3,123,https://api-scuda.uat.oci.krungsri.tech/ords/api/v1/customer/individual/searchprofile,57,0,28
1778849877153,1751,GetJoint,200,OK,GetJoint 9-10,text,true,,1429,3530,2,122,https://api-scuda.uat.oci.krungsri.tech/ic/api/v1/customer/joint/getprofile,1751,0,26
1778849878877,34,SearchIndividual,200,OK,SearchIndividual 2-328,text,true,,621,2613,4,123,https://api-scuda.uat.oci.krungsri.tech/ords/api/v1/customer/individual/searchprofile,34,0,20
1778849878909,42,SearchIndividual,200,OK,SearchIndividual 2-331,text,true,,621,2609,7,128,https://api-scuda.uat.oci.krungsri.tech/ords/api/v1/customer/individual/searchprofile,41,0,29
1778849878913,41,SearchIndividual,200,OK,SearchIndividual 2-332,text,true,,621,2629,6,128,https://api-scuda.uat.oci.krungsri.tech/ords/api/v1/customer/individual/searchprofile,41,0,24
1778849878894,61,SearchIndividual,200,OK,SearchIndividual 2-329,text,true,,14870,2608,5,127,https://api-scuda.uat.oci.krungsri.tech/ords/api/v1/customer/individual/searchprofile,60,0,37
1778849878917,39,SearchIndividual,200,OK,SearchIndividual 2-333,text,true,,621,2605,5,128,https://api-scuda.uat.oci.krungsri.tech/ords/api/v1/customer/individual/searchprofile,38,0,24
1778849878918,39,SearchIndividual,200,OK,SearchIndividual 2-334,text,true,,621,2613,3,126,https://api-scuda.uat.oci.krungsri.tech/ords/api/v1/customer/individual/searchprofile,39,0,22
1778849878909,49,SearchIndividual,200,OK,SearchIndividual 2-330,text,true,,621,2605,2,125,https://api-scuda.uat.oci.krungsri.tech/ords/api/v1/customer/individual/searchprofile,48,0,29
1778849877185,1788,UpdateIndividual,200,OK,UpdateIndividual 4-97,text,true,,800,4229,41,126,https://api-scuda.uat.oci.krungsri.tech/ic/api/v1/customer/individual/updateprofile,1788,0,17
1778849877560,1419,GetIndividual,200,OK,GetIndividual 1-160,text,true,,3859,3587,44,125,https://api-scuda.uat.oci.krungsri.tech/ic/api/v1/customer/individual/getprofile,1419,0,21
1778849877648,1331,GetIndividual,200,OK,GetIndividual 1-162,text,true,,3796,3588,44,125,https://api-scuda.uat.oci.krungsri.tech/ic/api/v1/customer/individual/getprofile,1331,0,22
1778849878948,49,SearchIndividual,200,OK,SearchIndividual 2-335,text,true,,621,2625,2,123,https://api-scuda.uat.oci.krungsri.tech/ords/api/v1/customer/individual/searchprofile,48,0,27
1778849877391,1608,GetIndividual,200,OK,GetIndividual 1-156,text,true,,3819,3588,42,122,https://api-scuda.uat.oci.krungsri.tech/ic/api/v1/customer/individual/getprofile,1608,0,24
1778849877310,1688,GetIndividual,200,OK,GetIndividual 1-152,text,true,,3841,3587,42,122,https://api-scuda.uat.oci.krungsri.tech/ic/api/v1/customer/individual/getprofile,1688,0,23
1778849877721,1279,UpdateIndividual,200,OK,UpdateIndividual 4-105,text,true,,800,4231,40,120,https://api-scuda.uat.oci.krungsri.tech/ic/api/v1/customer/individual/updateprofile,1279,0,14
1778849872068,6933,CreateJuristic,201,Created,CreateJuristic 7-2,text,true,,1171,7947,7,120,https://api-scuda.uat.oci.krungsri.tech/ic/api/v1/customer/juristic/createprofile,6933,0,0
1778849877931,1070,GetIndividual,200,OK,GetIndividual 1-169,text,true,,3797,3587,40,118,https://api-scuda.uat.oci.krungsri.tech/ic/api/v1/customer/individual/getprofile,1070,0,28
1778849877474,1529,GetIndividual,200,OK,GetIndividual 1-158,text,true,,3864,3588,39,118,https://api-scuda.uat.oci.krungsri.tech/ic/api/v1/customer/individual/getprofile,1529,0,19
1778849877302,1705,UpdateIndividual,200,OK,UpdateIndividual 4-99,text,true,,799,4226,40,118,https://api-scuda.uat.oci.krungsri.tech/ic/api/v1/customer/individual/updateprofile,1705,0,32
1778849878974,45,SearchIndividual,200,OK,SearchIndividual 2-336,text,true,,621,2603,2,118,https://api-scuda.uat.oci.krungsri.tech/ords/api/v1/customer/individual/searchprofile,45,0,27
1778849879010,39,SearchIndividual,200,OK,SearchIndividual 2-337,text,true,,621,2613,3,123,https://api-scuda.uat.oci.krungsri.tech/ords/api/v1/customer/individual/searchprofile,39,0,21
1778849879040,40,SearchIndividual,200,OK,SearchIndividual 2-338,text,true,,621,2613,5,127,https://api-scuda.uat.oci.krungsri.tech/ords/api/v1/customer/individual/searchprofile,40,0,24
1778849879046,34,SearchIndividual,200,OK,SearchIndividual 2-339,text,true,,621,2602,5,127,https://api-scuda.uat.oci.krungsri.tech/ords/api/v1/customer/individual/searchprofile,34,0,22
1778849877498,1576,UpdateIndividual,200,OK,UpdateIndividual 4-103,text,true,,800,5587,43,127,https://api-scuda.uat.oci.krungsri.tech/ic/api/v1/customer/individual/updateprofile,1576,0,18
1778849879054,32,SearchIndividual,200,OK,SearchIndividual 2-340,text,true,,621,2646,3,124,https://api-scuda.uat.oci.krungsri.tech/ords/api/v1/customer/individual/searchprofile,31,0,20
1778849879061,36,SearchIndividual,200,OK,SearchIndividual 2-341,text,true,,621,2647,4,125,https://api-scuda.uat.oci.krungsri.tech/ords/api/v1/customer/individual/searchprofile,36,0,16
1778849879068,35,SearchIndividual,200,OK,SearchIndividual 2-342,text,true,,621,2610,3,124,https://api-scuda.uat.oci.krungsri.tech/ords/api/v1/customer/individual/searchprofile,34,0,22
1778849879089,31,SearchIndividual,200,OK,SearchIndividual 2-343,text,true,,621,2620,4,126,https://api-scuda.uat.oci.krungsri.tech/ords/api/v1/customer/individual/searchprofile,31,0,20
1778849879096,37,SearchIndividual,200,OK,SearchIndividual 2-344,text,true,,14118,2609,8,130,https://api-scuda.uat.oci.krungsri.tech/ords/api/v1/customer/individual/searchprofile,37,0,22
1778849879105,33,SearchIndividual,200,OK,SearchIndividual 2-345,text,true,,621,2613,7,129,https://api-scuda.uat.oci.krungsri.tech/ords/api/v1/customer/individual/searchprofile,32,0,22
1778849879124,25,SearchIndividual,200,OK,SearchIndividual 2-347,text,true,,621,2613,6,128,https://api-scuda.uat.oci.krungsri.tech/ords/api/v1/customer/individual/searchprofile,25,0,13
1778849879116,37,SearchIndividual,200,OK,SearchIndividual 2-346,text,true,,621,2613,5,128,https://api-scuda.uat.oci.krungsri.tech/ords/api/v1/customer/individual/searchprofile,37,0,20
1778849879133,28,SearchIndividual,200,OK,SearchIndividual 2-351,text,true,,621,2643,5,129,https://api-scuda.uat.oci.krungsri.tech/ords/api/v1/customer/individual/searchprofile,28,0,14
1778849879129,34,SearchIndividual,200,OK,SearchIndividual 2-349,text,true,,621,2613,4,128,https://api-scuda.uat.oci.krungsri.tech/ords/api/v1/customer/individual/searchprofile,34,0,20
1778849879133,39,SearchIndividual,200,OK,SearchIndividual 2-350,text,true,,621,2619,3,127,https://api-scuda.uat.oci.krungsri.tech/ords/api/v1/customer/individual/searchprofile,39,0,18
1778849876735,2439,UpdateIndividual,200,OK,UpdateIndividual 4-88,text,true,,800,5583,43,126,https://api-scuda.uat.oci.krungsri.tech/ic/api/v1/customer/individual/updateprofile,2439,0,26
1778849879126,51,SearchIndividual,200,OK,SearchIndividual 2-348,text,true,,621,2600,2,125,https://api-scuda.uat.oci.krungsri.tech/ords/api/v1/customer/individual/searchprofile,50,0,27
1778849879157,31,SearchIndividual,200,OK,SearchIndividual 2-352,text,true,,621,2613,2,129,https://api-scuda.uat.oci.krungsri.tech/ords/api/v1/customer/individual/searchprofile,31,0,19
1778849876591,2601,UpdateIndividual,200,OK,UpdateIndividual 4-85,text,true,,800,5589,44,128,https://api-scuda.uat.oci.krungsri.tech/ic/api/v1/customer/individual/updateprofile,2601,0,12
1778849877129,2070,UpdateIndividual,200,OK,UpdateIndividual 4-96,text,true,,800,4227,43,128,https://api-scuda.uat.oci.krungsri.tech/ic/api/v1/customer/individual/updateprofile,2070,0,20
1778849872075,7125,CreateIndividual,201,Created,CreateIndividual 3-5,text,true,,1172,8719,5,128,https://api-scuda.uat.oci.krungsri.tech/ic/api/v1/customer/individual/createprofile,7125,0,30
1778849876921,2278,UpdateIndividual,200,OK,UpdateIndividual 4-92,text,true,,800,5634,42,127,https://api-scuda.uat.oci.krungsri.tech/ic/api/v1/customer/individual/updateprofile,2278,0,25
1778849879185,55,SearchIndividual,200,OK,SearchIndividual 2-353,text,true,,621,2613,5,129,https://api-scuda.uat.oci.krungsri.tech/ords/api/v1/customer/individual/searchprofile,54,0,31
1778849879221,39,SearchIndividual,200,OK,SearchIndividual 2-354,text,true,,621,2603,5,129,https://api-scuda.uat.oci.krungsri.tech/ords/api/v1/customer/individual/searchprofile,38,0,20
1778849879227,33,SearchIndividual,200,OK,SearchIndividual 2-356,text,true,,621,2613,5,129,https://api-scuda.uat.oci.krungsri.tech/ords/api/v1/customer/individual/searchprofile,32,0,21
1778849879227,35,SearchIndividual,200,OK,SearchIndividual 2-355,text,true,,14332,2611,3,127,https://api-scuda.uat.oci.krungsri.tech/ords/api/v1/customer/individual/searchprofile,35,0,15
1778849879240,32,SearchIndividual,200,OK,SearchIndividual 2-357,text,true,,621,2613,2,127,https://api-scuda.uat.oci.krungsri.tech/ords/api/v1/customer/individual/searchprofile,31,0,18
1778849878336,939,GetIndividual,200,OK,GetIndividual 1-178,text,true,,3906,3587,45,126,https://api-scuda.uat.oci.krungsri.tech/ic/api/v1/customer/individual/getprofile,939,0,20
1778849878144,1131,GetIndividual,200,OK,GetIndividual 1-173,text,true,,3793,3588,44,125,https://api-scuda.uat.oci.krungsri.tech/ic/api/v1/customer/individual/getprofile,1131,0,23
1778849877467,1809,UpdateJuristic,200,OK,UpdateJuristic 8-10,text,true,,800,4428,2,124,https://api-scuda.uat.oci.krungsri.tech/ic/api/v1/customer/juristic/updateprofile,1809,0,20
1778849878082,1195,GetIndividual,200,OK,GetIndividual 1-171,text,true,,3847,3588,43,123,https://api-scuda.uat.oci.krungsri.tech/ic/api/v1/customer/individual/getprofile,1195,0,24
1778849879246,33,SearchIndividual,200,OK,SearchIndividual 2-358,text,true,,621,2602,1,122,https://api-scuda.uat.oci.krungsri.tech/ords/api/v1/customer/individual/searchprofile,32,0,20
1778849877909,1370,GetIndividual,200,OK,GetIndividual 1-168,text,true,,3798,3588,42,121,https://api-scuda.uat.oci.krungsri.tech/ic/api/v1/customer/individual/getprofile,1370,0,23
1778849877751,1547,GetIndividual,200,OK,GetIndividual 1-166,text,true,,3814,3587,42,124,https://api-scuda.uat.oci.krungsri.tech/ic/api/v1/customer/individual/getprofile,1547,0,20
1778849875878,3422,UpdateJoint,200,OK,UpdateJoint 12-9,text,true,,800,3614,11,123,https://api-scuda.uat.oci.krungsri.tech/ic/api/v1/customer/joint/updateprofile,3422,0,25
1778849879299,34,SearchIndividual,200,OK,SearchIndividual 2-359,text,true,,621,2613,2,125,https://api-scuda.uat.oci.krungsri.tech/ords/api/v1/customer/individual/searchprofile,34,0,21
1778849879324,34,SearchIndividual,200,OK,SearchIndividual 2-360,text,true,,621,2628,1,125,https://api-scuda.uat.oci.krungsri.tech/ords/api/v1/customer/individual/searchprofile,34,0,22
1778849877590,1781,UpdateIndividual,200,OK,UpdateIndividual 4-104,text,true,,800,5636,44,125,https://api-scuda.uat.oci.krungsri.tech/ic/api/v1/customer/individual/updateprofile,1780,0,26
1778849878405,970,GetIndividual,200,OK,GetIndividual 1-180,text,true,,3812,3588,44,124,https://api-scuda.uat.oci.krungsri.tech/ic/api/v1/customer/individual/getprofile,970,0,24
1778849871599,7797,UpdateJoint,200,OK,UpdateJoint 12-3,text,true,,800,4565,10,124,https://api-scuda.uat.oci.krungsri.tech/ic/api/v1/customer/joint/updateprofile,7797,0,37
1778849877120,2277,UpdateIndividual,200,OK,UpdateIndividual 4-95,text,true,,800,5623,44,124,https://api-scuda.uat.oci.krungsri.tech/ic/api/v1/customer/individual/updateprofile,2277,0,24
1778849875774,3623,UpdateJoint,200,OK,UpdateJoint 12-8,text,true,,800,4603,9,124,https://api-scuda.uat.oci.krungsri.tech/ic/api/v1/customer/joint/updateprofile,3623,0,16
1778849879365,34,SearchIndividual,200,OK,SearchIndividual 2-361,text,true,,620,2601,2,124,https://api-scuda.uat.oci.krungsri.tech/ords/api/v1/customer/individual/searchprofile,33,0,21
1778849873338,6061,UpdateJoint,200,OK,UpdateJoint 12-6,text,true,,800,4585,8,121,https://api-scuda.uat.oci.krungsri.tech/ic/api/v1/customer/joint/updateprofile,6061,0,21
1778849877626,1775,GetIndividual,200,OK,GetIndividual 1-161,text,true,,3797,3587,43,120,https://api-scuda.uat.oci.krungsri.tech/ic/api/v1/customer/individual/getprofile,1775,0,15
1778849878441,962,GetIndividual,200,OK,GetIndividual 1-184,text,true,,3813,3588,42,119,https://api-scuda.uat.oci.krungsri.tech/ic/api/v1/customer/individual/getprofile,962,0,23
1778849879398,36,SearchIndividual,200,OK,SearchIndividual 2-362,text,true,,621,2641,2,122,https://api-scuda.uat.oci.krungsri.tech/ords/api/v1/customer/individual/searchprofile,36,0,23
1778849879424,30,SearchIndividual,200,OK,SearchIndividual 2-363,text,true,,621,2600,1,124,https://api-scuda.uat.oci.krungsri.tech/ords/api/v1/customer/individual/searchprofile,30,0,19
1778849878252,1221,GetJoint,200,OK,GetJoint 9-11,text,true,,1431,3530,2,130,https://api-scuda.uat.oci.krungsri.tech/ic/api/v1/customer/joint/getprofile,1221,0,14
1778849873711,5766,CreateJuristic,201,Created,CreateJuristic 7-6,text,true,,1172,8081,6,129,https://api-scuda.uat.oci.krungsri.tech/ic/api/v1/customer/juristic/createprofile,5766,0,16
1778849877723,1773,UpdateIndividual,200,OK,UpdateIndividual 4-106,text,true,,800,5549,45,129,https://api-scuda.uat.oci.krungsri.tech/ic/api/v1/customer/individual/updateprofile,1773,0,23
1778849872566,6932,UpdateJoint,200,OK,UpdateJoint 12-5,text,true,,800,4577,8,128,https://api-scuda.uat.oci.krungsri.tech/ic/api/v1/customer/joint/updateprofile,6932,0,25
1778849879457,42,SearchIndividual,200,OK,SearchIndividual 2-364,text,true,,621,2613,2,128,https://api-scuda.uat.oci.krungsri.tech/ords/api/v1/customer/individual/searchprofile,41,0,27
1778849879467,33,SearchJoint,200,OK,SearchJoint 10-12,text,true,,621,2627,1,126,https://api-scuda.uat.oci.krungsri.tech/ords/api/v1/customer/joint/searchprofile,32,0,20
1778849879468,35,SearchIndividual,200,OK,SearchIndividual 2-365,text,true,,620,2611,1,125,https://api-scuda.uat.oci.krungsri.tech/ords/api/v1/customer/individual/searchprofile,34,0,22
1778849877719,1783,GetJuristic,200,OK,GetJuristic 5-10,text,true,,3510,3533,3,125,https://api-scuda.uat.oci.krungsri.tech/ic/api/v1/customer/juristic/getprofile,1783,0,24
1778849879528,28,SearchIndividual,200,OK,SearchIndividual 2-366,text,true,,621,2616,4,131,https://api-scuda.uat.oci.krungsri.tech/ords/api/v1/customer/individual/searchprofile,27,0,15
1778849874783,4791,CreateJuristic,201,Created,CreateJuristic 7-7,text,true,,1172,7970,5,130,https://api-scuda.uat.oci.krungsri.tech/ic/api/v1/customer/juristic/createprofile,4791,0,14
1778849879534,32,SearchIndividual,200,OK,SearchIndividual 2-367,text,true,,621,2603,3,130,https://api-scuda.uat.oci.krungsri.tech/ords/api/v1/customer/individual/searchprofile,32,0,20
1778849879541,30,SearchIndividual,200,OK,SearchIndividual 2-369,text,true,,621,2613,3,130,https://api-scuda.uat.oci.krungsri.tech/ords/api/v1/customer/individual/searchprofile,30,0,18
1778849877461,2108,UpdateIndividual,200,OK,UpdateIndividual 4-102,text,true,,799,4226,46,130,https://api-scuda.uat.oci.krungsri.tech/ic/api/v1/customer/individual/updateprofile,2108,0,13
1778849878662,913,GetIndividual,200,OK,GetIndividual 1-193,text,true,,3846,3588,49,130,https://api-scuda.uat.oci.krungsri.tech/ic/api/v1/customer/individual/getprofile,913,0,14
1778849879538,33,SearchIndividual,200,OK,SearchIndividual 2-368,text,true,,13981,2605,3,130,https://api-scuda.uat.oci.krungsri.tech/ords/api/v1/customer/individual/searchprofile,32,0,18
1778849878436,1141,GetIndividual,200,OK,GetIndividual 1-183,text,true,,3900,3588,49,131,https://api-scuda.uat.oci.krungsri.tech/ic/api/v1/customer/individual/getprofile,1141,0,24
1778849878316,1282,GetIndividual,200,OK,GetIndividual 1-177,text,true,,3814,3588,47,124,https://api-scuda.uat.oci.krungsri.tech/ic/api/v1/customer/individual/getprofile,1282,0,21
1778849878185,1413,GetIndividual,200,OK,GetIndividual 1-174,text,true,,3939,3588,46,123,https://api-scuda.uat.oci.krungsri.tech/ic/api/v1/customer/individual/getprofile,1413,0,14
1778849878057,1543,GetIndividual,200,OK,GetIndividual 1-170,text,true,,3808,3588,45,122,https://api-scuda.uat.oci.krungsri.tech/ic/api/v1/customer/individual/getprofile,1543,0,18
1778849878663,943,GetIndividual,200,OK,GetIndividual 1-194,text,true,,3824,3588,44,121,https://api-scuda.uat.oci.krungsri.tech/ic/api/v1/customer/individual/getprofile,943,0,22
1778849879631,37,SearchIndividual,200,OK,SearchIndividual 2-370,text,true,,621,2613,2,127,https://api-scuda.uat.oci.krungsri.tech/ords/api/v1/customer/individual/searchprofile,36,0,21
1778849871600,8074,UpdateJoint,200,OK,UpdateJoint 12-1,text,true,,800,4486,7,127,https://api-scuda.uat.oci.krungsri.tech/ic/api/v1/customer/joint/updateprofile,8074,0,0
1778849874006,5669,UpdateJoint,200,OK,UpdateJoint 12-7,text,true,,800,4584,6,126,https://api-scuda.uat.oci.krungsri.tech/ic/api/v1/customer/joint/updateprofile,5669,0,22
1778849877874,1802,UpdateIndividual,200,OK,UpdateIndividual 4-111,text,true,,800,5598,46,126,https://api-scuda.uat.oci.krungsri.tech/ic/api/v1/customer/individual/updateprofile,1802,0,25
1778849878350,1327,GetIndividual,200,OK,GetIndividual 1-179,text,true,,3868,3587,46,126,https://api-scuda.uat.oci.krungsri.tech/ic/api/v1/customer/individual/getprofile,1327,0,13
1778849871599,8080,UpdateJoint,200,OK,UpdateJoint 12-4,text,true,,800,4529,5,123,https://api-scuda.uat.oci.krungsri.tech/ic/api/v1/customer/joint/updateprofile,8080,0,30
1778849878428,1251,GetIndividual,200,OK,GetIndividual 1-182,text,true,,3909,3588,45,123,https://api-scuda.uat.oci.krungsri.tech/ic/api/v1/customer/individual/getprofile,1251,0,11
1778849878202,1476,GetIndividual,200,OK,GetIndividual 1-175,text,true,,3876,3588,45,123,https://api-scuda.uat.oci.krungsri.tech/ic/api/v1/customer/individual/getprofile,1476,0,38
1778849878484,1199,GetIndividual,200,OK,GetIndividual 1-185,text,true,,3797,3588,44,123,https://api-scuda.uat.oci.krungsri.tech/ic/api/v1/customer/individual/getprofile,1199,0,26
1778849879650,38,SearchIndividual,200,OK,SearchIndividual 2-371,text,true,,621,2613,4,122,https://api-scuda.uat.oci.krungsri.tech/ords/api/v1/customer/individual/searchprofile,38,0,22
1778849878519,1178,GetIndividual,200,OK,GetIndividual 1-187,text,true,,3796,3588,44,123,https://api-scuda.uat.oci.krungsri.tech/ic/api/v1/customer/individual/getprofile,1178,0,21
1778849877334,2364,UpdateIndividual,200,OK,UpdateIndividual 4-100,text,true,,800,4229,45,122,https://api-scuda.uat.oci.krungsri.tech/ic/api/v1/customer/individual/updateprofile,2364,0,20
1778849877890,1810,GetIndividual,200,OK,GetIndividual 1-167,text,true,,3816,3587,44,122,https://api-scuda.uat.oci.krungsri.tech/ic/api/v1/customer/individual/getprofile,1810,0,29
1778849878222,1479,UpdateIndividual,200,OK,UpdateIndividual 4-117,text,true,,800,4227,44,122,https://api-scuda.uat.oci.krungsri.tech/ic/api/v1/customer/individual/updateprofile,1479,0,19
1778849878662,1041,GetIndividual,200,OK,GetIndividual 1-192,text,true,,3822,3587,43,120,https://api-scuda.uat.oci.krungsri.tech/ic/api/v1/customer/individual/getprofile,1041,0,29
1778849879674,36,SearchIndividual,200,OK,SearchIndividual 2-372,text,true,,621,2613,5,120,https://api-scuda.uat.oci.krungsri.tech/ords/api/v1/customer/individual/searchprofile,36,0,22
1778849879681,34,SearchIndividual,200,OK,SearchIndividual 2-373,text,true,,621,2613,5,120,https://api-scuda.uat.oci.krungsri.tech/ords/api/v1/customer/individual/searchprofile,34,0,21
1778849879684,32,SearchIndividual,200,OK,SearchIndividual 2-374,text,true,,621,2652,4,119,https://api-scuda.uat.oci.krungsri.tech/ords/api/v1/customer/individual/searchprofile,32,0,21
1778849879696,40,SearchIndividual,200,OK,SearchIndividual 2-375,text,true,,619,2615,5,120,https://api-scuda.uat.oci.krungsri.tech/ords/api/v1/customer/individual/searchprofile,39,0,25
1778849879711,32,SearchIndividual,200,OK,SearchIndividual 2-377,text,true,,621,2613,4,120,https://api-scuda.uat.oci.krungsri.tech/ords/api/v1/customer/individual/searchprofile,32,0,21
1778849879711,33,SearchIndividual,200,OK,SearchIndividual 2-376,text,true,,621,2613,3,119,https://api-scuda.uat.oci.krungsri.tech/ords/api/v1/customer/individual/searchprofile,33,0,22
1778849879722,41,SearchIndividual,200,OK,SearchIndividual 2-378,text,true,,621,2609,3,120,https://api-scuda.uat.oci.krungsri.tech/ords/api/v1/customer/individual/searchprofile,41,0,24
1778849877289,2484,UpdateJoint,200,OK,UpdateJoint 12-10,text,true,,800,3614,4,123,https://api-scuda.uat.oci.krungsri.tech/ic/api/v1/customer/joint/updateprofile,2484,0,23
1778849879736,39,SearchIndividual,200,OK,SearchIndividual 2-379,text,true,,621,2613,3,122,https://api-scuda.uat.oci.krungsri.tech/ords/api/v1/customer/individual/searchprofile,38,0,24
1778849878409,1366,GetIndividual,200,OK,GetIndividual 1-181,text,true,,3834,3588,45,122,https://api-scuda.uat.oci.krungsri.tech/ic/api/v1/customer/individual/getprofile,1366,0,21
1778849878364,1411,GetJuristic,200,OK,GetJuristic 5-11,text,true,,3472,3533,2,121,https://api-scuda.uat.oci.krungsri.tech/ic/api/v1/customer/juristic/getprofile,1411,0,16
1778849878529,1250,GetIndividual,200,OK,GetIndividual 1-188,text,true,,3796,3588,44,119,https://api-scuda.uat.oci.krungsri.tech/ic/api/v1/customer/individual/getprofile,1250,0,21
1778849878712,1067,GetIndividual,200,OK,GetIndividual 1-197,text,true,,3824,3588,44,119,https://api-scuda.uat.oci.krungsri.tech/ic/api/v1/customer/individual/getprofile,1067,0,20
1778849878563,1237,GetIndividual,200,OK,GetIndividual 1-189,text,true,,3903,3588,43,120,https://api-scuda.uat.oci.krungsri.tech/ic/api/v1/customer/individual/getprofile,1237,0,24
1778849878102,1697,GetIndividual,200,OK,GetIndividual 1-172,text,true,,3818,3588,43,120,https://api-scuda.uat.oci.krungsri.tech/ic/api/v1/customer/individual/getprofile,1697,0,34
1778849879759,54,SearchIndividual,200,OK,SearchIndividual 2-380,text,true,,621,2613,4,119,https://api-scuda.uat.oci.krungsri.tech/ords/api/v1/customer/individual/searchprofile,54,0,24
1778849879772,59,SearchIndividual,200,OK,SearchIndividual 2-381,text,true,,621,2613,5,121,https://api-scuda.uat.oci.krungsri.tech/ords/api/v1/customer/individual/searchprofile,56,0,39
1778849879787,46,SearchIndividual,200,OK,SearchIndividual 2-382,text,true,,621,2611,4,120,https://api-scuda.uat.oci.krungsri.tech/ords/api/v1/customer/individual/searchprofile,45,0,28
1778849879802,54,SearchIndividual,200,OK,SearchIndividual 2-383,text,true,,621,2602,6,124,https://api-scuda.uat.oci.krungsri.tech/ords/api/v1/customer/individual/searchprofile,54,0,40
1778849879822,38,SearchIndividual,200,OK,SearchIndividual 2-384,text,true,,621,2613,6,124,https://api-scuda.uat.oci.krungsri.tech/ords/api/v1/customer/individual/searchprofile,37,0,23
1778849879829,45,SearchIndividual,200,OK,SearchIndividual 2-385,text,true,,621,2626,5,123,https://api-scuda.uat.oci.krungsri.tech/ords/api/v1/customer/individual/searchprofile,45,0,14
1778849877825,2048,UpdateIndividual,200,OK,UpdateIndividual 4-109,text,true,,800,4229,45,123,https://api-scuda.uat.oci.krungsri.tech/ic/api/v1/customer/individual/updateprofile,2048,0,24
1778849878547,1334,UpdateIndividual,200,OK,UpdateIndividual 4-125,text,true,,800,4229,44,121,https://api-scuda.uat.oci.krungsri.tech/ic/api/v1/customer/individual/updateprofile,1334,0,22
1778849878756,1127,GetIndividual,200,OK,GetIndividual 1-198,text,true,,3914,3588,44,120,https://api-scuda.uat.oci.krungsri.tech/ic/api/v1/customer/individual/getprofile,1127,0,13
1778849878863,1020,GetIndividual,200,OK,GetIndividual 1-199,text,true,,3873,3588,44,120,https://api-scuda.uat.oci.krungsri.tech/ic/api/v1/customer/individual/getprofile,1020,0,33
1778849878604,1280,GetIndividual,200,OK,GetIndividual 1-190,text,true,,3848,3588,42,118,https://api-scuda.uat.oci.krungsri.tech/ic/api/v1/customer/individual/getprofile,1280,0,25
1778849878678,1206,GetIndividual,200,OK,GetIndividual 1-195,text,true,,3867,3588,42,118,https://api-scuda.uat.oci.krungsri.tech/ic/api/v1/customer/individual/getprofile,1206,0,22
1778849879837,56,SearchIndividual,200,OK,SearchIndividual 2-386,text,true,,621,2628,4,117,https://api-scuda.uat.oci.krungsri.tech/ords/api/v1/customer/individual/searchprofile,56,0,27
1778849878296,1603,GetIndividual,200,OK,GetIndividual 1-176,text,true,,3853,3588,40,117,https://api-scuda.uat.oci.krungsri.tech/ic/api/v1/customer/individual/getprofile,1603,0,22
1778849879852,49,SearchIndividual,200,OK,SearchIndividual 2-388,text,true,,621,2613,3,116,https://api-scuda.uat.oci.krungsri.tech/ords/api/v1/customer/individual/searchprofile,48,0,27
1778849879859,43,SearchIndividual,200,OK,SearchIndividual 2-389,text,true,,620,2612,2,115,https://api-scuda.uat.oci.krungsri.tech/ords/api/v1/customer/individual/searchprofile,43,0,18
1778849878489,1415,GetIndividual,200,OK,GetIndividual 1-186,text,true,,3867,3588,39,114,https://api-scuda.uat.oci.krungsri.tech/ic/api/v1/customer/individual/getprofile,1415,0,27
1778849878685,1219,GetIndividual,200,OK,GetIndividual 1-196,text,true,,3833,3588,39,114,https://api-scuda.uat.oci.krungsri.tech/ic/api/v1/customer/individual/getprofile,1219,0,22
1778849879838,80,SearchIndividual,200,OK,SearchIndividual 2-387,text,true,,621,2613,1,113,https://api-scuda.uat.oci.krungsri.tech/ords/api/v1/customer/individual/searchprofile,79,0,38
1778849878146,1824,UpdateIndividual,200,OK,UpdateIndividual 4-115,text,true,,800,4227,46,118,https://api-scuda.uat.oci.krungsri.tech/ic/api/v1/customer/individual/updateprofile,1824,0,13
1778849877757,2220,UpdateIndividual,200,OK,UpdateIndividual 4-107,text,true,,800,4229,45,117,https://api-scuda.uat.oci.krungsri.tech/ic/api/v1/customer/individual/updateprofile,2220,0,25
1778849879927,52,SearchIndividual,200,OK,SearchIndividual 2-390,text,true,,621,2604,3,116,https://api-scuda.uat.oci.krungsri.tech/ords/api/v1/customer/individual/searchprofile,52,0,29
1778849879937,47,SearchIndividual,200,OK,SearchIndividual 2-391,text,true,,621,2613,4,117,https://api-scuda.uat.oci.krungsri.tech/ords/api/v1/customer/individual/searchprofile,46,0,28
1778849879937,57,SearchIndividual,200,OK,SearchIndividual 2-392,text,true,,621,2613,4,118,https://api-scuda.uat.oci.krungsri.tech/ords/api/v1/customer/individual/searchprofile,57,0,42
1778849878083,1917,UpdateJoint,200,OK,UpdateJoint 12-11,text,true,,800,4507,3,117,https://api-scuda.uat.oci.krungsri.tech/ic/api/v1/customer/joint/updateprofile,1917,0,23
1778849878640,1368,GetIndividual,200,OK,GetIndividual 1-191,text,true,,3840,3588,40,116,https://api-scuda.uat.oci.krungsri.tech/ic/api/v1/customer/individual/getprofile,1368,0,23
1778849879981,40,SearchIndividual,200,OK,SearchIndividual 2-393,text,true,,621,2640,4,116,https://api-scuda.uat.oci.krungsri.tech/ords/api/v1/customer/individual/searchprofile,39,0,23
1778849879982,46,SearchIndividual,200,OK,SearchIndividual 2-394,text,true,,621,2613,3,115,https://api-scuda.uat.oci.krungsri.tech/ords/api/v1/customer/individual/searchprofile,45,0,26
1778849879995,42,SearchIndividual,200,OK,SearchIndividual 2-395,text,true,,621,2631,3,116,https://api-scuda.uat.oci.krungsri.tech/ords/api/v1/customer/individual/searchprofile,42,0,25
1778849880016,37,SearchIndividual,200,OK,SearchIndividual 2-396,text,true,,621,2629,2,117,https://api-scuda.uat.oci.krungsri.tech/ords/api/v1/customer/individual/searchprofile,36,0,25
1778849877980,2094,UpdateJuristic,200,OK,UpdateJuristic 8-11,text,true,,800,4426,2,119,https://api-scuda.uat.oci.krungsri.tech/ic/api/v1/customer/juristic/updateprofile,2094,0,17
1778849879157,920,GetIndividual,200,OK,GetIndividual 1-208,text,true,,3855,3588,42,120,https://api-scuda.uat.oci.krungsri.tech/ic/api/v1/customer/individual/getprofile,920,0,15
1778849878107,1970,UpdateIndividual,200,OK,UpdateIndividual 4-114,text,true,,799,4226,45,120,https://api-scuda.uat.oci.krungsri.tech/ic/api/v1/customer/individual/updateprofile,1970,0,19
1778849878529,1550,UpdateIndividual,200,OK,UpdateIndividual 4-124,text,true,,800,4229,44,118,https://api-scuda.uat.oci.krungsri.tech/ic/api/v1/customer/individual/updateprofile,1550,0,22
1778849879467,611,GetIndividual,200,OK,GetIndividual 1-218,text,true,,3823,3588,41,118,https://api-scuda.uat.oci.krungsri.tech/ic/api/v1/customer/individual/getprofile,611,0,16
1778849879408,672,GetIndividual,200,OK,GetIndividual 1-215,text,true,,3821,3588,40,116,https://api-scuda.uat.oci.krungsri.tech/ic/api/v1/customer/individual/getprofile,672,0,23
1778849878606,1492,UpdateIndividual,200,OK,UpdateIndividual 4-126,text,true,,800,4226,43,117,https://api-scuda.uat.oci.krungsri.tech/ic/api/v1/customer/individual/updateprofile,1492,0,22
1778849878010,2089,UpdateIndividual,200,OK,UpdateIndividual 4-112,text,true,,800,5603,42,116,https://api-scuda.uat.oci.krungsri.tech/ic/api/v1/customer/individual/updateprofile,2089,0,26
1778849880037,67,SearchIndividual,200,OK,SearchIndividual 2-397,text,true,,621,2613,6,115,https://api-scuda.uat.oci.krungsri.tech/ords/api/v1/customer/individual/searchprofile,67,0,46
1778849878390,1720,UpdateIndividual,200,OK,UpdateIndividual 4-118,text,true,,800,5591,42,116,https://api-scuda.uat.oci.krungsri.tech/ic/api/v1/customer/individual/updateprofile,1720,0,25
1778849878929,1182,GetIndividual,200,OK,GetIndividual 1-202,text,true,,3798,3588,39,115,https://api-scuda.uat.oci.krungsri.tech/ic/api/v1/customer/individual/getprofile,1182,0,23
1778849877854,2257,UpdateIndividual,200,OK,UpdateIndividual 4-110,text,true,,800,5641,41,114,https://api-scuda.uat.oci.krungsri.tech/ic/api/v1/customer/individual/updateprofile,2257,0,23
1778849880087,27,SearchIndividual,200,OK,SearchIndividual 2-402,text,true,,620,2612,6,113,https://api-scuda.uat.oci.krungsri.tech/ords/api/v1/customer/individual/searchprofile,27,0,15
1778849880080,45,SearchIndividual,200,OK,SearchIndividual 2-400,text,true,,621,2613,7,115,https://api-scuda.uat.oci.krungsri.tech/ords/api/v1/customer/individual/searchprofile,45,0,28
1778849880072,59,SearchIndividual,200,OK,SearchIndividual 2-398,text,true,,621,2607,7,115,https://api-scuda.uat.oci.krungsri.tech/ords/api/v1/customer/individual/searchprofile,59,0,42
1778849880083,56,SearchIndividual,200,OK,SearchIndividual 2-401,text,true,,620,2609,6,114,https://api-scuda.uat.oci.krungsri.tech/ords/api/v1/customer/individual/searchprofile,56,0,41
1778849880076,64,SearchIndividual,200,OK,SearchIndividual 2-399,text,true,,621,2605,5,113,https://api-scuda.uat.oci.krungsri.tech/ords/api/v1/customer/individual/searchprofile,62,0,47
1778849880110,45,SearchIndividual,200,OK,SearchIndividual 2-403,text,true,,621,2613,4,114,https://api-scuda.uat.oci.krungsri.tech/ords/api/v1/customer/individual/searchprofile,44,0,22
1778849880120,48,SearchIndividual,200,OK,SearchIndividual 2-404,text,true,,618,2610,5,116,https://api-scuda.uat.oci.krungsri.tech/ords/api/v1/customer/individual/searchprofile,48,0,30
1778849875699,4469,CreateJuristic,201,Created,CreateJuristic 7-8,text,true,,1172,7965,6,117,https://api-scuda.uat.oci.krungsri.tech/ic/api/v1/customer/juristic/createprofile,4469,0,23
1778849878671,1502,UpdateIndividual,200,OK,UpdateIndividual 4-128,text,true,,800,5582,43,117,https://api-scuda.uat.oci.krungsri.tech/ic/api/v1/customer/individual/updateprofile,1502,0,22
1778849879195,981,GetJuristic,200,OK,GetJuristic 5-12,text,true,,3487,3533,1,116,https://api-scuda.uat.oci.krungsri.tech/ic/api/v1/customer/juristic/getprofile,981,0,21
1778849878219,1957,UpdateIndividual,200,OK,UpdateIndividual 4-116,text,true,,800,4229,42,116,https://api-scuda.uat.oci.krungsri.tech/ic/api/v1/customer/individual/updateprofile,1957,0,19
1778849879464,720,GetIndividual,200,OK,GetIndividual 1-217,text,true,,3881,3588,43,117,https://api-scuda.uat.oci.krungsri.tech/ic/api/v1/customer/individual/getprofile,720,0,16
1778849880166,36,SearchIndividual,200,OK,SearchIndividual 2-407,text,true,,621,2613,5,117,https://api-scuda.uat.oci.krungsri.tech/ords/api/v1/customer/individual/searchprofile,35,0,22
1778849879186,1018,GetIndividual,200,OK,GetIndividual 1-209,text,true,,3858,3588,43,116,https://api-scuda.uat.oci.krungsri.tech/ic/api/v1/customer/individual/getprofile,1018,0,13
1778849880170,46,SearchIndividual,200,OK,SearchIndividual 2-409,text,true,,621,2602,6,119,https://api-scuda.uat.oci.krungsri.tech/ords/api/v1/customer/individual/searchprofile,46,0,27
1778849880124,93,SearchIndividual,200,OK,SearchIndividual 2-405,text,true,,621,2643,6,119,https://api-scuda.uat.oci.krungsri.tech/ords/api/v1/customer/individual/searchprofile,93,0,63
1778849880166,51,SearchIndividual,200,OK,SearchIndividual 2-408,text,true,,621,2613,6,119,https://api-scuda.uat.oci.krungsri.tech/ords/api/v1/customer/individual/searchprofile,49,0,26
1778849880130,90,SearchIndividual,200,OK,SearchIndividual 2-406,text,true,,621,2600,4,117,https://api-scuda.uat.oci.krungsri.tech/ords/api/v1/customer/individual/searchprofile,89,0,40
1778849880213,32,SearchIndividual,200,OK,SearchIndividual 2-410,text,true,,621,2613,4,118,https://api-scuda.uat.oci.krungsri.tech/ords/api/v1/customer/individual/searchprofile,31,0,20
1778849880214,32,SearchIndividual,200,OK,SearchIndividual 2-411,text,true,,621,2604,3,117,https://api-scuda.uat.oci.krungsri.tech/ords/api/v1/customer/individual/searchprofile,32,0,18
1778849880218,35,SearchIndividual,200,OK,SearchIndividual 2-412,text,true,,621,2613,2,117,https://api-scuda.uat.oci.krungsri.tech/ords/api/v1/customer/individual/searchprofile,35,0,23
1778849878638,1636,UpdateIndividual,200,OK,UpdateIndividual 4-127,text,true,,800,4227,42,120,https://api-scuda.uat.oci.krungsri.tech/ic/api/v1/customer/individual/updateprofile,1636,0,15
1778849878481,1795,UpdateIndividual,200,OK,UpdateIndividual 4-122,text,true,,800,5611,41,119,https://api-scuda.uat.oci.krungsri.tech/ic/api/v1/customer/individual/updateprofile,1795,0,24
1778849879305,973,GetIndividual,200,OK,GetIndividual 1-212,text,true,,3865,3588,48,119,https://api-scuda.uat.oci.krungsri.tech/ic/api/v1/customer/individual/getprofile,973,0,24
1778849880237,43,SearchIndividual,200,OK,SearchIndividual 2-413,text,true,,621,2604,3,119,https://api-scuda.uat.oci.krungsri.tech/ords/api/v1/customer/individual/searchprofile,43,0,23
1778849878528,1769,UpdateIndividual,200,OK,UpdateIndividual 4-123,text,true,,800,4229,40,118,https://api-scuda.uat.oci.krungsri.tech/ic/api/v1/customer/individual/updateprofile,1769,0,12
1778849878863,1440,GetIndividual,200,OK,GetIndividual 1-200,text,true,,3879,3588,48,119,https://api-scuda.uat.oci.krungsri.tech/ic/api/v1/customer/individual/getprofile,1440,0,16
1778849879026,1278,GetIndividual,200,OK,GetIndividual 1-205,text,true,,3796,3588,48,119,https://api-scuda.uat.oci.krungsri.tech/ic/api/v1/customer/individual/getprofile,1278,0,32
1778849879187,1124,GetIndividual,200,OK,GetIndividual 1-210,text,true,,3853,3588,46,117,https://api-scuda.uat.oci.krungsri.tech/ic/api/v1/customer/individual/getprofile,1124,0,30
1778849880271,44,SearchIndividual,200,OK,SearchIndividual 2-414,text,true,,621,2643,3,116,https://api-scuda.uat.oci.krungsri.tech/ords/api/v1/customer/individual/searchprofile,43,0,27
1778849880279,39,SearchIndividual,200,OK,SearchIndividual 2-415,text,true,,621,2603,2,115,https://api-scuda.uat.oci.krungsri.tech/ords/api/v1/customer/individual/searchprofile,38,0,22
1778849880304,28,SearchIndividual,200,OK,SearchIndividual 2-416,text,true,,621,2613,1,116,https://api-scuda.uat.oci.krungsri.tech/ords/api/v1/customer/individual/searchprofile,28,0,16
1778849880280,55,SearchJoint,200,OK,SearchJoint 10-13,text,true,,621,2627,1,115,https://api-scuda.uat.oci.krungsri.tech/ords/api/v1/customer/joint/searchprofile,54,0,39
1778849878835,1535,UpdateIndividual,200,OK,UpdateIndividual 4-131,text,true,,800,4227,42,121,https://api-scuda.uat.oci.krungsri.tech/ic/api/v1/customer/individual/updateprofile,1535,0,14
1778849878692,1680,UpdateIndividual,200,OK,UpdateIndividual 4-129,text,true,,800,5583,41,120,https://api-scuda.uat.oci.krungsri.tech/ic/api/v1/customer/individual/updateprofile,1680,0,21
1778849878401,1971,UpdateIndividual,200,OK,UpdateIndividual 4-119,text,true,,800,4229,41,120,https://api-scuda.uat.oci.krungsri.tech/ic/api/v1/customer/individual/updateprofile,1971,0,26
1778849879019,1355,UpdateIndividual,200,OK,UpdateIndividual 4-136,text,true,,800,4231,39,118,https://api-scuda.uat.oci.krungsri.tech/ic/api/v1/customer/individual/updateprofile,1355,0,16
1778849879322,1053,GetIndividual,200,OK,GetIndividual 1-213,text,true,,3805,3588,48,117,https://api-scuda.uat.oci.krungsri.tech/ic/api/v1/customer/individual/getprofile,1053,0,24
1778849880352,37,SearchIndividual,200,OK,SearchIndividual 2-418,text,true,,621,2622,3,117,https://api-scuda.uat.oci.krungsri.tech/ords/api/v1/customer/individual/searchprofile,37,0,19
1778849877777,2620,UpdateIndividual,200,OK,UpdateIndividual 4-108,text,true,,800,5624,39,119,https://api-scuda.uat.oci.krungsri.tech/ic/api/v1/customer/individual/updateprofile,2620,0,21
1778849880370,31,SearchIndividual,200,OK,SearchIndividual 2-419,text,true,,621,2613,2,119,https://api-scuda.uat.oci.krungsri.tech/ords/api/v1/customer/individual/searchprofile,31,0,19
1778849879024,1379,GetIndividual,200,OK,GetIndividual 1-204,text,true,,3873,3588,50,118,https://api-scuda.uat.oci.krungsri.tech/ic/api/v1/customer/individual/getprofile,1379,0,39
1778849880352,54,SearchIndividual,200,OK,SearchIndividual 2-417,text,true,,621,2613,1,117,https://api-scuda.uat.oci.krungsri.tech/ords/api/v1/customer/individual/searchprofile,53,0,37
1778849880421,24,SearchIndividual,200,OK,SearchIndividual 2-420,text,true,,621,2622,4,122,https://api-scuda.uat.oci.krungsri.tech/ords/api/v1/customer/individual/searchprofile,24,0,12
1778849880431,46,SearchIndividual,200,OK,SearchIndividual 2-421,text,true,,621,2614,6,126,https://api-scuda.uat.oci.krungsri.tech/ords/api/v1/customer/individual/searchprofile,45,0,29
1778849879506,971,GetIndividual,200,OK,GetIndividual 1-221,text,true,,3878,3588,51,126,https://api-scuda.uat.oci.krungsri.tech/ic/api/v1/customer/individual/getprofile,971,0,22
1778849876049,4427,CreateJuristic,201,Created,CreateJuristic 7-9,text,true,,1172,8271,5,125,https://api-scuda.uat.oci.krungsri.tech/ic/api/v1/customer/juristic/createprofile,4427,0,23
1778849880436,42,SearchIndividual,200,OK,SearchIndividual 2-422,text,true,,621,2613,5,123,https://api-scuda.uat.oci.krungsri.tech/ords/api/v1/customer/individual/searchprofile,39,0,15
1778849880440,47,SearchIndividual,200,OK,SearchIndividual 2-423,text,true,,621,2619,4,122,https://api-scuda.uat.oci.krungsri.tech/ords/api/v1/customer/individual/searchprofile,47,0,31
1778849878454,2045,UpdateIndividual,200,OK,UpdateIndividual 4-120,text,true,,800,4226,40,121,https://api-scuda.uat.oci.krungsri.tech/ic/api/v1/customer/individual/updateprofile,2045,0,25
1778849880474,26,SearchIndividual,200,OK,SearchIndividual 2-426,text,true,,621,2610,3,120,https://api-scuda.uat.oci.krungsri.tech/ords/api/v1/customer/individual/searchprofile,25,0,14
1778849879120,1380,GetIndividual,200,OK,GetIndividual 1-207,text,true,,3831,3588,50,120,https://api-scuda.uat.oci.krungsri.tech/ic/api/v1/customer/individual/getprofile,1380,0,12
1778849880470,34,SearchIndividual,200,OK,SearchIndividual 2-424,text,true,,621,2631,2,118,https://api-scuda.uat.oci.krungsri.tech/ords/api/v1/customer/individual/searchprofile,34,0,19
1778849880470,62,SearchIndividual,200,OK,SearchIndividual 2-425,text,true,,621,2602,3,120,https://api-scuda.uat.oci.krungsri.tech/ords/api/v1/customer/individual/searchprofile,62,0,40
1778849880514,35,SearchIndividual,200,OK,SearchIndividual 2-427,text,true,,621,2606,2,122,https://api-scuda.uat.oci.krungsri.tech/ords/api/v1/customer/individual/searchprofile,34,0,22
1778849878982,1594,UpdateIndividual,200,OK,UpdateIndividual 4-134,text,true,,800,5523,40,124,https://api-scuda.uat.oci.krungsri.tech/ic/api/v1/customer/individual/updateprofile,1594,0,40
1778849879846,729,GetIndividual,200,OK,GetIndividual 1-235,text,true,,3841,3588,52,124,https://api-scuda.uat.oci.krungsri.tech/ic/api/v1/customer/individual/getprofile,729,0,16
1778849879630,945,GetIndividual,200,OK,GetIndividual 1-223,text,true,,3742,3588,52,124,https://api-scuda.uat.oci.krungsri.tech/ic/api/v1/customer/individual/getprofile,945,0,22
1778849878894,1677,UpdateIndividual,200,OK,UpdateIndividual 4-132,text,true,,800,5509,40,123,https://api-scuda.uat.oci.krungsri.tech/ic/api/v1/customer/individual/updateprofile,1677,0,30
1778849880530,31,SearchIndividual,200,OK,SearchIndividual 2-428,text,true,,621,2602,3,123,https://api-scuda.uat.oci.krungsri.tech/ords/api/v1/customer/individual/searchprofile,31,0,20
1778849880557,31,SearchIndividual,200,OK,SearchIndividual 2-429,text,true,,621,2632,4,122,https://api-scuda.uat.oci.krungsri.tech/ords/api/v1/customer/individual/searchprofile,30,0,19
1778849880562,32,SearchIndividual,200,OK,SearchIndividual 2-430,text,true,,621,2613,4,122,https://api-scuda.uat.oci.krungsri.tech/ords/api/v1/customer/individual/searchprofile,32,0,19
1778849879051,1546,GetIndividual,200,OK,GetIndividual 1-206,text,true,,3827,3588,51,121,https://api-scuda.uat.oci.krungsri.tech/ic/api/v1/customer/individual/getprofile,1546,0,19
1778849879423,1181,GetIndividual,200,OK,GetIndividual 1-216,text,true,,3798,3588,50,122,https://api-scuda.uat.oci.krungsri.tech/ic/api/v1/customer/individual/getprofile,1181,0,24
1778849879693,911,GetIndividual,200,OK,GetIndividual 1-227,text,true,,3837,3588,50,122,https://api-scuda.uat.oci.krungsri.tech/ic/api/v1/customer/individual/getprofile,911,0,20
1778849880579,25,SearchIndividual,200,OK,SearchIndividual 2-432,text,true,,621,2603,4,122,https://api-scuda.uat.oci.krungsri.tech/ords/api/v1/customer/individual/searchprofile,25,0,13
1778849880574,32,SearchIndividual,200,OK,SearchIndividual 2-431,text,true,,621,2613,3,119,https://api-scuda.uat.oci.krungsri.tech/ords/api/v1/customer/individual/searchprofile,32,0,20
1778849878929,1682,GetIndividual,200,OK,GetIndividual 1-201,text,true,,3897,3588,48,118,https://api-scuda.uat.oci.krungsri.tech/ic/api/v1/customer/individual/getprofile,1682,0,31
1778849880594,38,SearchIndividual,200,OK,SearchIndividual 2-433,text,true,,621,2601,2,119,https://api-scuda.uat.oci.krungsri.tech/ords/api/v1/customer/individual/searchprofile,37,0,19
1778849880599,35,SearchIndividual,200,OK,SearchIndividual 2-434,text,true,,621,2628,1,118,https://api-scuda.uat.oci.krungsri.tech/ords/api/v1/customer/individual/searchprofile,34,0,21
1778849879451,1221,UpdateIndividual,200,OK,UpdateIndividual 4-148,text,true,,800,5582,43,119,https://api-scuda.uat.oci.krungsri.tech/ic/api/v1/customer/individual/updateprofile,1221,0,17
1778849879540,1139,GetIndividual,200,OK,GetIndividual 1-222,text,true,,3776,3587,48,119,https://api-scuda.uat.oci.krungsri.tech/ic/api/v1/customer/individual/getprofile,1139,0,22
1778849879814,864,GetIndividual,200,OK,GetIndividual 1-233,text,true,,3832,3588,48,119,https://api-scuda.uat.oci.krungsri.tech/ic/api/v1/customer/individual/getprofile,864,0,15
1778849879024,1676,UpdateIndividual,200,OK,UpdateIndividual 4-137,text,true,,800,4226,42,121,https://api-scuda.uat.oci.krungsri.tech/ic/api/v1/customer/individual/updateprofile,1676,0,22
1778849878955,1748,GetIndividual,200,OK,GetIndividual 1-203,text,true,,3830,3587,47,121,https://api-scuda.uat.oci.krungsri.tech/ic/api/v1/customer/individual/getprofile,1748,0,25
1778849879473,1231,GetIndividual,200,OK,GetIndividual 1-219,text,true,,3794,3588,46,120,https://api-scuda.uat.oci.krungsri.tech/ic/api/v1/customer/individual/getprofile,1231,0,20
1778849880684,26,SearchIndividual,200,OK,SearchIndividual 2-435,text,true,,621,2613,4,120,https://api-scuda.uat.oci.krungsri.tech/ords/api/v1/customer/individual/searchprofile,24,0,12
1778849880700,35,SearchIndividual,200,OK,SearchIndividual 2-436,text,true,,621,2602,5,124,https://api-scuda.uat.oci.krungsri.tech/ords/api/v1/customer/individual/searchprofile,35,0,22
1778849880703,35,SearchIndividual,200,OK,SearchIndividual 2-437,text,true,,621,2603,4,123,https://api-scuda.uat.oci.krungsri.tech/ords/api/v1/customer/individual/searchprofile,35,0,23
1778849880719,31,SearchIndividual,200,OK,SearchIndividual 2-439,text,true,,621,2601,5,125,https://api-scuda.uat.oci.krungsri.tech/ords/api/v1/customer/individual/searchprofile,31,0,19
1778849880709,42,SearchIndividual,200,OK,SearchIndividual 2-438,text,true,,621,2613,4,124,https://api-scuda.uat.oci.krungsri.tech/ords/api/v1/customer/individual/searchprofile,42,0,27
1778849880713,51,SearchJuristic,200,OK,SearchJuristic 6-13,text,true,,621,2639,1,123,https://api-scuda.uat.oci.krungsri.tech/ords/api/v1/customer/juristic/searchprofile,51,0,29
1778849880732,44,SearchIndividual,200,OK,SearchIndividual 2-440,text,true,,621,2613,5,124,https://api-scuda.uat.oci.krungsri.tech/ords/api/v1/customer/individual/searchprofile,43,0,27
1778849871599,9177,UpdateJoint,200,OK,UpdateJoint 12-2,text,true,,800,4619,3,124,https://api-scuda.uat.oci.krungsri.tech/ic/api/v1/customer/joint/updateprofile,9177,0,0
1778849879057,1720,UpdateIndividual,200,OK,UpdateIndividual 4-139,text,true,,800,5614,42,122,https://api-scuda.uat.oci.krungsri.tech/ic/api/v1/customer/individual/updateprofile,1720,0,16
1778849879302,1476,UpdateIndividual,200,OK,UpdateIndividual 4-145,text,true,,800,5557,41,121,https://api-scuda.uat.oci.krungsri.tech/ic/api/v1/customer/individual/updateprofile,1476,0,31
1778849879800,980,GetIndividual,200,OK,GetIndividual 1-232,text,true,,3884,3588,46,120,https://api-scuda.uat.oci.krungsri.tech/ic/api/v1/customer/individual/getprofile,980,0,16
1778849876349,4431,CreateIndividual,201,Created,CreateIndividual 3-9,text,true,,1172,8140,6,119,https://api-scuda.uat.oci.krungsri.tech/ic/api/v1/customer/individual/createprofile,4431,0,23
1778849879962,820,GetIndividual,200,OK,GetIndividual 1-237,text,true,,3839,3588,45,118,https://api-scuda.uat.oci.krungsri.tech/ic/api/v1/customer/individual/getprofile,820,0,18
1778849880748,35,SearchIndividual,200,OK,SearchIndividual 2-442,text,true,,621,2646,4,118,https://api-scuda.uat.oci.krungsri.tech/ords/api/v1/customer/individual/searchprofile,34,0,21
1778849880748,45,SearchIndividual,200,OK,SearchIndividual 2-441,text,true,,621,2613,3,118,https://api-scuda.uat.oci.krungsri.tech/ords/api/v1/customer/individual/searchprofile,44,0,25
1778849878793,2003,UpdateIndividual,200,OK,UpdateIndividual 4-130,text,true,,800,4229,42,117,https://api-scuda.uat.oci.krungsri.tech/ic/api/v1/customer/individual/updateprofile,2003,0,23
1778849875134,5663,CreateIndividual,201,Created,CreateIndividual 3-8,text,true,,1172,8409,5,117,https://api-scuda.uat.oci.krungsri.tech/ic/api/v1/customer/individual/createprofile,5663,0,13
1778849878067,2731,UpdateIndividual,200,OK,UpdateIndividual 4-113,text,true,,800,5627,41,116,https://api-scuda.uat.oci.krungsri.tech/ic/api/v1/customer/individual/updateprofile,2731,0,26
1778849880774,32,SearchIndividual,200,OK,SearchIndividual 2-443,text,true,,621,2613,3,115,https://api-scuda.uat.oci.krungsri.tech/ords/api/v1/customer/individual/searchprofile,32,0,20
1778849880775,56,SearchIndividual,200,OK,SearchIndividual 2-444,text,true,,621,2613,3,118,https://api-scuda.uat.oci.krungsri.tech/ords/api/v1/customer/individual/searchprofile,56,0,21
1778849880800,36,SearchIndividual,200,OK,SearchIndividual 2-445,text,true,,620,2636,3,118,https://api-scuda.uat.oci.krungsri.tech/ords/api/v1/customer/individual/searchprofile,36,0,24
1778849880808,38,SearchIndividual,200,OK,SearchIndividual 2-446,text,true,,621,2605,3,118,https://api-scuda.uat.oci.krungsri.tech/ords/api/v1/customer/individual/searchprofile,38,0,22
1778849880833,38,SearchIndividual,200,OK,SearchIndividual 2-447,text,true,,621,2613,2,119,https://api-scuda.uat.oci.krungsri.tech/ords/api/v1/customer/individual/searchprofile,37,0,23
1778849879423,1449,UpdateIndividual,200,OK,UpdateIndividual 4-147,text,true,,800,4231,42,118,https://api-scuda.uat.oci.krungsri.tech/ic/api/v1/customer/individual/updateprofile,1449,0,22
1778849879019,1854,UpdateIndividual,200,OK,UpdateIndividual 4-135,text,true,,800,4228,41,117,https://api-scuda.uat.oci.krungsri.tech/ic/api/v1/customer/individual/updateprofile,1854,0,16
1778849880033,841,GetIndividual,200,OK,GetIndividual 1-239,text,true,,3869,3588,47,116,https://api-scuda.uat.oci.krungsri.tech/ic/api/v1/customer/individual/getprofile,841,0,17
1778849879934,942,GetIndividual,200,OK,GetIndividual 1-236,text,true,,3884,3588,46,115,https://api-scuda.uat.oci.krungsri.tech/ic/api/v1/customer/individual/getprofile,942,0,28
1778849880847,33,SearchIndividual,200,OK,SearchIndividual 2-448,text,true,,621,2613,1,114,https://api-scuda.uat.oci.krungsri.tech/ords/api/v1/customer/individual/searchprofile,32,0,20
1778849879681,1198,GetIndividual,200,OK,GetIndividual 1-226,text,true,,3815,3588,45,114,https://api-scuda.uat.oci.krungsri.tech/ic/api/v1/customer/individual/getprofile,1198,0,20
1778849879651,1228,GetIndividual,200,OK,GetIndividual 1-225,text,true,,3880,3587,45,114,https://api-scuda.uat.oci.krungsri.tech/ic/api/v1/customer/individual/getprofile,1228,0,28
1778849879638,1244,GetIndividual,200,OK,GetIndividual 1-224,text,true,,3799,3588,43,111,https://api-scuda.uat.oci.krungsri.tech/ic/api/v1/customer/individual/getprofile,1244,0,29
1778849879353,1546,GetIndividual,200,OK,GetIndividual 1-214,text,true,,3865,3588,42,112,https://api-scuda.uat.oci.krungsri.tech/ic/api/v1/customer/individual/getprofile,1546,0,21
1778849880187,714,GetIndividual,200,OK,GetIndividual 1-247,text,true,,3876,3588,41,111,https://api-scuda.uat.oci.krungsri.tech/ic/api/v1/customer/individual/getprofile,714,0,14
1778849880923,28,SearchIndividual,200,OK,SearchIndividual 2-450,text,true,,621,2613,3,117,https://api-scuda.uat.oci.krungsri.tech/ords/api/v1/customer/individual/searchprofile,27,0,15
1778849880911,61,SearchIndividual,200,OK,SearchIndividual 2-449,text,true,,621,2604,4,121,https://api-scuda.uat.oci.krungsri.tech/ords/api/v1/customer/individual/searchprofile,61,0,32
1778849880055,924,GetIndividual,200,OK,GetIndividual 1-240,text,true,,3840,3588,44,123,https://api-scuda.uat.oci.krungsri.tech/ic/api/v1/customer/individual/getprofile,924,0,28
1778849880936,49,SearchIndividual,200,OK,SearchIndividual 2-451,text,true,,621,2606,5,125,https://api-scuda.uat.oci.krungsri.tech/ords/api/v1/customer/individual/searchprofile,48,0,30
1778849879487,1512,GetIndividual,200,OK,GetIndividual 1-220,text,true,,3845,3588,44,125,https://api-scuda.uat.oci.krungsri.tech/ic/api/v1/customer/individual/getprofile,1512,0,22
1778849879298,1708,GetIndividual,200,OK,GetIndividual 1-211,text,true,,3825,3588,43,125,https://api-scuda.uat.oci.krungsri.tech/ic/api/v1/customer/individual/getprofile,1708,0,21
1778849880967,43,SearchIndividual,200,OK,SearchIndividual 2-452,text,true,,621,2604,6,124,https://api-scuda.uat.oci.krungsri.tech/ords/api/v1/customer/individual/searchprofile,42,0,20
1778849878962,2051,UpdateIndividual,200,OK,UpdateIndividual 4-133,text,true,,800,4227,46,123,https://api-scuda.uat.oci.krungsri.tech/ic/api/v1/customer/individual/updateprofile,2051,0,22
1778849880992,28,SearchIndividual,200,OK,SearchIndividual 2-456,text,true,,621,2613,5,122,https://api-scuda.uat.oci.krungsri.tech/ords/api/v1/customer/individual/searchprofile,27,0,15
1778849880977,48,SearchJuristic,200,OK,SearchJuristic 6-14,text,true,,621,2611,1,123,https://api-scuda.uat.oci.krungsri.tech/ords/api/v1/customer/juristic/searchprofile,47,0,30
1778849880969,59,SearchIndividual,200,OK,SearchIndividual 2-453,text,true,,621,2611,6,122,https://api-scuda.uat.oci.krungsri.tech/ords/api/v1/customer/individual/searchprofile,58,0,24
1778849880974,55,SearchIndividual,200,OK,SearchIndividual 2-454,text,true,,621,2613,5,121,https://api-scuda.uat.oci.krungsri.tech/ords/api/v1/customer/individual/searchprofile,55,0,35
1778849881002,38,SearchIndividual,200,OK,SearchIndividual 2-457,text,true,,621,2613,4,121,https://api-scuda.uat.oci.krungsri.tech/ords/api/v1/customer/individual/searchprofile,38,0,19
1778849880986,57,SearchIndividual,200,OK,SearchIndividual 2-455,text,true,,621,2613,3,120,https://api-scuda.uat.oci.krungsri.tech/ords/api/v1/customer/individual/searchprofile,56,0,40
1778849881026,33,SearchIndividual,200,OK,SearchIndividual 2-459,text,true,,621,2619,2,119,https://api-scuda.uat.oci.krungsri.tech/ords/api/v1/customer/individual/searchprofile,33,0,21
1778849880121,956,GetIndividual,200,OK,GetIndividual 1-242,text,true,,3855,3588,44,120,https://api-scuda.uat.oci.krungsri.tech/ic/api/v1/customer/individual/getprofile,956,0,25
1778849878473,2618,UpdateIndividual,200,OK,UpdateIndividual 4-121,text,true,,800,4227,47,120,https://api-scuda.uat.oci.krungsri.tech/ic/api/v1/customer/individual/updateprofile,2618,0,21
1778849880148,947,GetIndividual,200,OK,GetIndividual 1-243,text,true,,3847,3588,43,120,https://api-scuda.uat.oci.krungsri.tech/ic/api/v1/customer/individual/getprofile,947,0,42
1778849879774,1321,GetIndividual,200,OK,GetIndividual 1-230,text,true,,3837,3588,43,120,https://api-scuda.uat.oci.krungsri.tech/ic/api/v1/customer/individual/getprofile,1321,0,25
1778849879645,1451,UpdateIndividual,200,OK,UpdateIndividual 4-151,text,true,,800,4229,46,118,https://api-scuda.uat.oci.krungsri.tech/ic/api/v1/customer/individual/updateprofile,1451,0,21
1778849879192,1906,UpdateIndividual,200,OK,UpdateIndividual 4-142,text,true,,799,5585,45,117,https://api-scuda.uat.oci.krungsri.tech/ic/api/v1/customer/individual/updateprofile,1906,0,20
1778849879155,1945,UpdateIndividual,200,OK,UpdateIndividual 4-140,text,true,,800,4229,44,116,https://api-scuda.uat.oci.krungsri.tech/ic/api/v1/customer/individual/updateprofile,1945,0,13
1778849879836,1266,GetIndividual,200,OK,GetIndividual 1-234,text,true,,3866,3588,41,117,https://api-scuda.uat.oci.krungsri.tech/ic/api/v1/customer/individual/getprofile,1266,0,24
1778849879747,1357,GetIndividual,200,OK,GetIndividual 1-229,text,true,,3842,3588,40,116,https://api-scuda.uat.oci.krungsri.tech/ic/api/v1/customer/individual/getprofile,1357,0,15
1778849881023,105,SearchIndividual,200,OK,SearchIndividual 2-458,text,true,,621,2649,7,118,https://api-scuda.uat.oci.krungsri.tech/ords/api/v1/customer/individual/searchprofile,105,0,22
1778849879986,1145,GetIndividual,200,OK,GetIndividual 1-238,text,true,,3864,3588,39,117,https://api-scuda.uat.oci.krungsri.tech/ic/api/v1/customer/individual/getprofile,1145,0,49
1778849881103,32,SearchIndividual,200,OK,SearchIndividual 2-461,text,true,,14413,2604,6,116,https://api-scuda.uat.oci.krungsri.tech/ords/api/v1/customer/individual/searchprofile,32,0,13
1778849881108,32,SearchIndividual,200,OK,SearchIndividual 2-463,text,true,,14353,2605,5,116,https://api-scuda.uat.oci.krungsri.tech/ords/api/v1/customer/individual/searchprofile,32,0,12
1778849881104,37,SearchIndividual,200,OK,SearchIndividual 2-462,text,true,,621,2613,5,116,https://api-scuda.uat.oci.krungsri.tech/ords/api/v1/customer/individual/searchprofile,37,0,20
1778849881126,44,SearchIndividual,200,OK,SearchIndividual 2-465,text,true,,620,2612,6,119,https://api-scuda.uat.oci.krungsri.tech/ords/api/v1/customer/individual/searchprofile,44,0,19
1778849879785,1388,UpdateIndividual,200,OK,UpdateIndividual 4-153,text,true,,800,5579,45,120,https://api-scuda.uat.oci.krungsri.tech/ic/api/v1/customer/individual/updateprofile,1388,0,16
1778849879741,1433,UpdateIndividual,200,OK,UpdateIndividual 4-152,text,true,,800,5626,44,119,https://api-scuda.uat.oci.krungsri.tech/ic/api/v1/customer/individual/updateprofile,1433,0,19
1778849881144,32,SearchIndividual,200,OK,SearchIndividual 2-466,text,true,,621,2611,6,118,https://api-scuda.uat.oci.krungsri.tech/ords/api/v1/customer/individual/searchprofile,31,0,16
1778849880077,1099,GetIndividual,200,OK,GetIndividual 1-241,text,true,,3812,3588,40,117,https://api-scuda.uat.oci.krungsri.tech/ic/api/v1/customer/individual/getprofile,1099,0,63
1778849880262,918,GetIndividual,200,OK,GetIndividual 1-251,text,true,,3821,3588,39,116,https://api-scuda.uat.oci.krungsri.tech/ic/api/v1/customer/individual/getprofile,918,0,24
1778849880262,920,GetIndividual,200,OK,GetIndividual 1-252,text,true,,3843,3588,38,115,https://api-scuda.uat.oci.krungsri.tech/ic/api/v1/customer/individual/getprofile,920,0,25
1778849881150,34,SearchIndividual,200,OK,SearchIndividual 2-468,text,true,,621,2600,5,114,https://api-scuda.uat.oci.krungsri.tech/ords/api/v1/customer/individual/searchprofile,34,0,20
1778849881096,95,SearchIndividual,200,OK,SearchIndividual 2-460,text,true,,621,2601,5,114,https://api-scuda.uat.oci.krungsri.tech/ords/api/v1/customer/individual/searchprofile,95,0,66
1778849879478,1720,UpdateJoint,200,OK,UpdateJoint 12-12,text,true,,800,3614,3,114,https://api-scuda.uat.oci.krungsri.tech/ic/api/v1/customer/joint/updateprofile,1720,0,21
1778849881126,73,SearchIndividual,200,OK,SearchIndividual 2-464,text,true,,620,2612,4,113,https://api-scuda.uat.oci.krungsri.tech/ords/api/v1/customer/individual/searchprofile,73,0,48
1778849880179,1020,GetIndividual,200,OK,GetIndividual 1-245,text,true,,3860,3588,37,113,https://api-scuda.uat.oci.krungsri.tech/ic/api/v1/customer/individual/getprofile,1020,0,20
1778849881173,35,SearchIndividual,200,OK,SearchIndividual 2-469,text,true,,621,2611,4,114,https://api-scuda.uat.oci.krungsri.tech/ords/api/v1/customer/individual/searchprofile,35,0,22
1778849879453,1755,GetJoint,200,OK,GetJoint 9-12,text,true,,1429,3530,2,114,https://api-scuda.uat.oci.krungsri.tech/ic/api/v1/customer/joint/getprofile,1755,0,20
1778849881212,28,SearchIndividual,200,OK,SearchIndividual 2-473,text,true,,621,2605,7,117,https://api-scuda.uat.oci.krungsri.tech/ords/api/v1/customer/individual/searchprofile,27,0,15
1778849881203,37,SearchIndividual,200,OK,SearchIndividual 2-471,text,true,,621,2606,7,117,https://api-scuda.uat.oci.krungsri.tech/ords/api/v1/customer/individual/searchprofile,37,0,20
1778849881210,30,SearchIndividual,200,OK,SearchIndividual 2-472,text,true,,621,2613,7,117,https://api-scuda.uat.oci.krungsri.tech/ords/api/v1/customer/individual/searchprofile,30,0,19
1778849881144,97,SearchIndividual,200,OK,SearchIndividual 2-467,text,true,,621,2614,7,117,https://api-scuda.uat.oci.krungsri.tech/ords/api/v1/customer/individual/searchprofile,96,0,58
1778849881215,31,SearchIndividual,200,OK,SearchIndividual 2-474,text,true,,621,2604,3,113,https://api-scuda.uat.oci.krungsri.tech/ords/api/v1/customer/individual/searchprofile,31,0,21
1778849881225,33,SearchIndividual,200,OK,SearchIndividual 2-475,text,true,,618,2610,2,113,https://api-scuda.uat.oci.krungsri.tech/ords/api/v1/customer/individual/searchprofile,33,0,20
1778849881186,73,SearchIndividual,200,OK,SearchIndividual 2-470,text,true,,621,2602,1,112,https://api-scuda.uat.oci.krungsri.tech/ords/api/v1/customer/individual/searchprofile,73,0,58
1778849877561,3714,CreateIndividual,201,Created,CreateIndividual 3-10,text,true,,1172,8756,5,115,https://api-scuda.uat.oci.krungsri.tech/ic/api/v1/customer/individual/createprofile,3714,0,38
1778849880206,1071,GetIndividual,200,OK,GetIndividual 1-248,text,true,,3819,3588,41,114,https://api-scuda.uat.oci.krungsri.tech/ic/api/v1/customer/individual/getprofile,1071,0,22
1778849880183,1095,GetIndividual,200,OK,GetIndividual 1-246,text,true,,3817,3588,40,114,https://api-scuda.uat.oci.krungsri.tech/ic/api/v1/customer/individual/getprofile,1095,0,17
1778849880265,1013,GetIndividual,200,OK,GetIndividual 1-253,text,true,,3809,3588,40,114,https://api-scuda.uat.oci.krungsri.tech/ic/api/v1/customer/individual/getprofile,1013,0,11
1778849880304,974,GetIndividual,200,OK,GetIndividual 1-254,text,true,,3842,3588,39,113,https://api-scuda.uat.oci.krungsri.tech/ic/api/v1/customer/individual/getprofile,974,0,15
1778849879270,2024,UpdateIndividual,200,OK,UpdateIndividual 4-143,text,true,,800,4227,46,112,https://api-scuda.uat.oci.krungsri.tech/ic/api/v1/customer/individual/updateprofile,2024,0,25
1778849880160,1143,GetIndividual,200,OK,GetIndividual 1-244,text,true,,3815,3588,38,113,https://api-scuda.uat.oci.krungsri.tech/ic/api/v1/customer/individual/getprofile,1143,0,33
1778849881277,40,SearchIndividual,200,OK,SearchIndividual 2-476,text,true,,14347,2608,3,115,https://api-scuda.uat.oci.krungsri.tech/ords/api/v1/customer/individual/searchprofile,39,0,24
1778849881314,33,SearchIndividual,200,OK,SearchIndividual 2-478,text,true,,621,2605,6,120,https://api-scuda.uat.oci.krungsri.tech/ords/api/v1/customer/individual/searchprofile,33,0,19
1778849881336,31,SearchIndividual,200,OK,SearchIndividual 2-481,text,true,,621,2613,8,123,https://api-scuda.uat.oci.krungsri.tech/ords/api/v1/customer/individual/searchprofile,30,0,18
1778849881322,53,SearchIndividual,200,OK,SearchIndividual 2-479,text,true,,621,2601,7,122,https://api-scuda.uat.oci.krungsri.tech/ords/api/v1/customer/individual/searchprofile,53,0,32
1778849881304,81,SearchIndividual,200,OK,SearchIndividual 2-477,text,true,,621,2650,6,121,https://api-scuda.uat.oci.krungsri.tech/ords/api/v1/customer/individual/searchprofile,80,0,56
1778849881356,37,SearchIndividual,200,OK,SearchIndividual 2-483,text,true,,621,2635,5,120,https://api-scuda.uat.oci.krungsri.tech/ords/api/v1/customer/individual/searchprofile,37,0,20
1778849879287,2108,UpdateIndividual,200,OK,UpdateIndividual 4-144,text,true,,800,4227,47,119,https://api-scuda.uat.oci.krungsri.tech/ic/api/v1/customer/individual/updateprofile,2108,0,18
1778849881333,67,SearchIndividual,200,OK,SearchIndividual 2-480,text,true,,620,2602,5,119,https://api-scuda.uat.oci.krungsri.tech/ords/api/v1/customer/individual/searchprofile,66,0,53
1778849881368,33,SearchIndividual,200,OK,SearchIndividual 2-485,text,true,,621,2604,5,119,https://api-scuda.uat.oci.krungsri.tech/ords/api/v1/customer/individual/searchprofile,33,0,21
1778849879184,2219,UpdateIndividual,200,OK,UpdateIndividual 4-141,text,true,,800,4229,46,118,https://api-scuda.uat.oci.krungsri.tech/ic/api/v1/customer/individual/updateprofile,2219,0,25
1778849880249,1158,GetIndividual,200,OK,GetIndividual 1-250,text,true,,3896,3588,39,117,https://api-scuda.uat.oci.krungsri.tech/ic/api/v1/customer/individual/getprofile,1158,0,46
1778849879053,2364,UpdateIndividual,200,OK,UpdateIndividual 4-138,text,true,,800,4229,45,117,https://api-scuda.uat.oci.krungsri.tech/ic/api/v1/customer/individual/updateprofile,2364,0,23
1778849881360,58,SearchIndividual,200,OK,SearchIndividual 2-484,text,true,,621,2611,4,116,https://api-scuda.uat.oci.krungsri.tech/ords/api/v1/customer/individual/searchprofile,58,0,31
1778849881399,35,SearchIndividual,200,OK,SearchIndividual 2-486,text,true,,621,2623,4,117,https://api-scuda.uat.oci.krungsri.tech/ords/api/v1/customer/individual/searchprofile,35,0,22
1778849881338,97,SearchIndividual,200,OK,SearchIndividual 2-482,text,true,,621,2601,4,117,https://api-scuda.uat.oci.krungsri.tech/ords/api/v1/customer/individual/searchprofile,96,0,34
1778849881402,33,SearchIndividual,200,OK,SearchIndividual 2-487,text,true,,621,2613,2,115,https://api-scuda.uat.oci.krungsri.tech/ords/api/v1/customer/individual/searchprofile,32,0,18
1778849881424,36,SearchIndividual,200,OK,SearchIndividual 2-488,text,true,,621,2638,4,118,https://api-scuda.uat.oci.krungsri.tech/ords/api/v1/customer/individual/searchprofile,36,0,24
1778849879927,1543,UpdateIndividual,200,OK,UpdateIndividual 4-156,text,true,,800,5622,45,118,https://api-scuda.uat.oci.krungsri.tech/ic/api/v1/customer/individual/updateprofile,1543,0,28
1778849879521,1951,UpdateIndividual,200,OK,UpdateIndividual 4-149,text,true,,800,4227,44,117,https://api-scuda.uat.oci.krungsri.tech/ic/api/v1/customer/individual/updateprofile,1951,0,22
1778849881441,33,SearchIndividual,200,OK,SearchIndividual 2-489,text,true,,621,2620,3,116,https://api-scuda.uat.oci.krungsri.tech/ords/api/v1/customer/individual/searchprofile,33,0,21
1778849880225,1250,GetIndividual,200,OK,GetIndividual 1-249,text,true,,3784,3588,41,115,https://api-scuda.uat.oci.krungsri.tech/ic/api/v1/customer/individual/getprofile,1250,0,22
1778849880391,1088,GetIndividual,200,OK,GetIndividual 1-258,text,true,,3867,3588,40,114,https://api-scuda.uat.oci.krungsri.tech/ic/api/v1/customer/individual/getprofile,1088,0,24
1778849881443,51,SearchIndividual,200,OK,SearchIndividual 2-490,text,true,,621,2600,3,116,https://api-scuda.uat.oci.krungsri.tech/ords/api/v1/customer/individual/searchprofile,50,0,23
1778849880395,1103,GetIndividual,200,OK,GetIndividual 1-259,text,true,,3896,3588,40,115,https://api-scuda.uat.oci.krungsri.tech/ic/api/v1/customer/individual/getprofile,1103,0,28
1778849879447,2053,UpdateJuristic,200,OK,UpdateJuristic 8-12,text,true,,800,4424,2,114,https://api-scuda.uat.oci.krungsri.tech/ic/api/v1/customer/juristic/updateprofile,2053,0,22
1778849879775,1727,GetIndividual,200,OK,GetIndividual 1-231,text,true,,3852,3588,39,114,https://api-scuda.uat.oci.krungsri.tech/ic/api/v1/customer/individual/getprofile,1727,0,26
1778849881455,56,SearchIndividual,200,OK,SearchIndividual 2-491,text,true,,621,2603,5,117,https://api-scuda.uat.oci.krungsri.tech/ords/api/v1/customer/individual/searchprofile,56,0,43
1778849881492,30,SearchIndividual,200,OK,SearchIndividual 2-492,text,true,,621,2613,4,116,https://api-scuda.uat.oci.krungsri.tech/ords/api/v1/customer/individual/searchprofile,30,0,19
1778849881501,33,SearchIndividual,200,OK,SearchIndividual 2-493,text,true,,621,2617,3,115,https://api-scuda.uat.oci.krungsri.tech/ords/api/v1/customer/individual/searchprofile,33,0,19
1778849881509,37,SearchIndividual,200,OK,SearchIndividual 2-495,text,true,,621,2612,3,116,https://api-scuda.uat.oci.krungsri.tech/ords/api/v1/customer/individual/searchprofile,37,0,23
1778849881505,43,SearchIndividual,200,OK,SearchIndividual 2-494,text,true,,621,2606,2,116,https://api-scuda.uat.oci.krungsri.tech/ords/api/v1/customer/individual/searchprofile,42,0,29
1778849880338,1245,GetIndividual,200,OK,GetIndividual 1-255,text,true,,3866,3588,42,119,https://api-scuda.uat.oci.krungsri.tech/ic/api/v1/customer/individual/getprofile,1245,0,28
1778849880358,1226,GetIndividual,200,OK,GetIndividual 1-257,text,true,,3794,3588,42,119,https://api-scuda.uat.oci.krungsri.tech/ic/api/v1/customer/individual/getprofile,1226,0,33
1778849880051,1530,UpdateIndividual,200,OK,UpdateIndividual 4-157,text,true,,800,4227,46,119,https://api-scuda.uat.oci.krungsri.tech/ic/api/v1/customer/individual/updateprofile,1530,0,25
1778849880683,895,GetIndividual,200,OK,GetIndividual 1-268,text,true,,3855,3588,42,118,https://api-scuda.uat.oci.krungsri.tech/ic/api/v1/customer/individual/getprofile,895,0,13
1778849881544,55,SearchIndividual,200,OK,SearchIndividual 2-496,text,true,,621,2613,3,117,https://api-scuda.uat.oci.krungsri.tech/ords/api/v1/customer/individual/searchprofile,54,0,34
1778849881577,43,SearchIndividual,200,OK,SearchIndividual 2-497,text,true,,620,2627,3,118,https://api-scuda.uat.oci.krungsri.tech/ords/api/v1/customer/individual/searchprofile,43,0,22
1778849881600,47,SearchIndividual,200,OK,SearchIndividual 2-498,text,true,,621,2613,3,121,https://api-scuda.uat.oci.krungsri.tech/ords/api/v1/customer/individual/searchprofile,47,0,33
1778849881628,34,SearchIndividual,200,OK,SearchIndividual 2-500,text,true,,621,2623,3,124,https://api-scuda.uat.oci.krungsri.tech/ords/api/v1/customer/individual/searchprofile,34,0,20
1778849881621,43,SearchIndividual,200,OK,SearchIndividual 2-499,text,true,,621,2605,2,123,https://api-scuda.uat.oci.krungsri.tech/ords/api/v1/customer/individual/searchprofile,43,0,29
1778849879902,1770,UpdateIndividual,200,OK,UpdateIndividual 4-155,text,true,,800,5603,48,124,https://api-scuda.uat.oci.krungsri.tech/ic/api/v1/customer/individual/updateprofile,1770,0,17
1778849880326,1349,UpdateIndividual,200,OK,UpdateIndividual 4-164,text,true,,800,5552,47,124,https://api-scuda.uat.oci.krungsri.tech/ic/api/v1/customer/individual/updateprofile,1349,0,12
1778849880465,1210,GetIndividual,200,OK,GetIndividual 1-262,text,true,,3893,3588,45,124,https://api-scuda.uat.oci.krungsri.tech/ic/api/v1/customer/individual/getprofile,1210,0,23
1778849880538,1138,GetIndividual,200,OK,GetIndividual 1-264,text,true,,3859,3588,45,123,https://api-scuda.uat.oci.krungsri.tech/ic/api/v1/customer/individual/getprofile,1138,0,13
1778849880401,1275,GetIndividual,200,OK,GetIndividual 1-260,text,true,,3838,3587,44,123,https://api-scuda.uat.oci.krungsri.tech/ic/api/v1/customer/individual/getprofile,1275,0,13
1778849880659,1018,GetIndividual,200,OK,GetIndividual 1-267,text,true,,3841,3588,42,121,https://api-scuda.uat.oci.krungsri.tech/ic/api/v1/customer/individual/getprofile,1018,0,20
1778849880426,1273,GetIndividual,200,OK,GetIndividual 1-261,text,true,,3869,3588,41,121,https://api-scuda.uat.oci.krungsri.tech/ic/api/v1/customer/individual/getprofile,1273,0,24
1778849881657,47,SearchIndividual,200,OK,SearchIndividual 2-501,text,true,,621,2603,2,121,https://api-scuda.uat.oci.krungsri.tech/ords/api/v1/customer/individual/searchprofile,46,0,26
1778849880515,1196,GetIndividual,200,OK,GetIndividual 1-263,text,true,,3906,3587,40,120,https://api-scuda.uat.oci.krungsri.tech/ic/api/v1/customer/individual/getprofile,1196,0,15
1778849881679,44,SearchIndividual,200,OK,SearchIndividual 2-502,text,true,,621,2613,3,121,https://api-scuda.uat.oci.krungsri.tech/ords/api/v1/customer/individual/searchprofile,44,0,23
1778849881714,30,SearchIndividual,200,OK,SearchIndividual 2-503,text,true,,620,2610,2,121,https://api-scuda.uat.oci.krungsri.tech/ords/api/v1/customer/individual/searchprofile,30,0,13
1778849881714,33,SearchIndividual,200,OK,SearchIndividual 2-504,text,true,,621,2632,2,121,https://api-scuda.uat.oci.krungsri.tech/ords/api/v1/customer/individual/searchprofile,32,0,14
1778849880110,1662,UpdateIndividual,200,OK,UpdateIndividual 4-158,text,true,,800,5577,49,122,https://api-scuda.uat.oci.krungsri.tech/ic/api/v1/customer/individual/updateprofile,1662,0,16
1778849881747,38,SearchIndividual,200,OK,SearchIndividual 2-505,text,true,,621,2611,4,127,https://api-scuda.uat.oci.krungsri.tech/ords/api/v1/customer/individual/searchprofile,37,0,19
1778849881769,27,SearchIndividual,200,OK,SearchIndividual 2-507,text,true,,621,2629,6,130,https://api-scuda.uat.oci.krungsri.tech/ords/api/v1/customer/individual/searchprofile,27,0,12
1778849880814,986,GetIndividual,200,OK,GetIndividual 1-270,text,true,,3815,3588,45,130,https://api-scuda.uat.oci.krungsri.tech/ic/api/v1/customer/individual/getprofile,986,0,35
1778849880183,1621,GetJoint,200,OK,GetJoint 9-13,text,true,,1429,3530,2,132,https://api-scuda.uat.oci.krungsri.tech/ic/api/v1/customer/joint/getprofile,1621,0,13
1778849880545,1260,GetIndividual,200,OK,GetIndividual 1-265,text,true,,3832,3588,46,132,https://api-scuda.uat.oci.krungsri.tech/ic/api/v1/customer/individual/getprofile,1260,0,13
1778849881764,42,SearchIndividual,200,OK,SearchIndividual 2-506,text,true,,621,2602,7,132,https://api-scuda.uat.oci.krungsri.tech/ords/api/v1/customer/individual/searchprofile,39,0,20
1778849881778,31,SearchJoint,200,OK,SearchJoint 10-14,text,true,,621,2627,1,131,https://api-scuda.uat.oci.krungsri.tech/ords/api/v1/customer/joint/searchprofile,31,0,16
1778849881786,28,SearchIndividual,200,OK,SearchIndividual 2-508,text,true,,621,2604,6,130,https://api-scuda.uat.oci.krungsri.tech/ords/api/v1/customer/individual/searchprofile,28,0,14
1778849881791,54,SearchIndividual,200,OK,SearchIndividual 2-509,text,true,,620,2613,5,134,https://api-scuda.uat.oci.krungsri.tech/ords/api/v1/customer/individual/searchprofile,54,0,37
1778849881796,59,SearchIndividual,200,OK,SearchIndividual 2-511,text,true,,621,2613,5,134,https://api-scuda.uat.oci.krungsri.tech/ords/api/v1/customer/individual/searchprofile,59,0,35
1778849881805,51,SearchIndividual,200,OK,SearchIndividual 2-513,text,true,,621,2604,5,134,https://api-scuda.uat.oci.krungsri.tech/ords/api/v1/customer/individual/searchprofile,50,0,35
1778849881803,54,SearchIndividual,200,OK,SearchIndividual 2-512,text,true,,621,2603,3,132,https://api-scuda.uat.oci.krungsri.tech/ords/api/v1/customer/individual/searchprofile,54,0,29
1778849881791,71,SearchIndividual,200,OK,SearchIndividual 2-510,text,true,,621,2613,2,132,https://api-scuda.uat.oci.krungsri.tech/ords/api/v1/customer/individual/searchprofile,71,0,47
1778849880369,1506,UpdateIndividual,200,OK,UpdateIndividual 4-165,text,true,,800,4228,51,131,https://api-scuda.uat.oci.krungsri.tech/ic/api/v1/customer/individual/updateprofile,1506,0,38
1778849880929,950,GetIndividual,200,OK,GetIndividual 1-274,text,true,,3841,3588,48,131,https://api-scuda.uat.oci.krungsri.tech/ic/api/v1/customer/individual/getprofile,950,0,43
1778849879890,1991,UpdateIndividual,200,OK,UpdateIndividual 4-154,text,true,,800,4227,50,130,https://api-scuda.uat.oci.krungsri.tech/ic/api/v1/customer/individual/updateprofile,1991,0,48
1778849880851,1031,GetIndividual,200,OK,GetIndividual 1-272,text,true,,3819,3588,47,129,https://api-scuda.uat.oci.krungsri.tech/ic/api/v1/customer/individual/getprofile,1031,0,35
1778849881848,39,SearchIndividual,200,OK,SearchIndividual 2-514,text,true,,621,2612,3,129,https://api-scuda.uat.oci.krungsri.tech/ords/api/v1/customer/individual/searchprofile,39,0,23
1778849881836,56,SearchJoint,200,OK,SearchJoint 10-15,text,true,,621,2627,1,129,https://api-scuda.uat.oci.krungsri.tech/ords/api/v1/customer/joint/searchprofile,56,0,36
1778849880156,1738,UpdateIndividual,200,OK,UpdateIndividual 4-159,text,true,,800,5622,49,128,https://api-scuda.uat.oci.krungsri.tech/ic/api/v1/customer/individual/updateprofile,1738,0,30
1778849879524,2370,UpdateIndividual,200,OK,UpdateIndividual 4-150,text,true,,800,4230,49,128,https://api-scuda.uat.oci.krungsri.tech/ic/api/v1/customer/individual/updateprofile,2370,0,22
1778849880587,1310,GetIndividual,200,OK,GetIndividual 1-266,text,true,,3829,3588,46,126,https://api-scuda.uat.oci.krungsri.tech/ic/api/v1/customer/individual/getprofile,1310,0,23
1778849880174,1727,UpdateIndividual,200,OK,UpdateIndividual 4-160,text,true,,800,4226,47,125,https://api-scuda.uat.oci.krungsri.tech/ic/api/v1/customer/individual/updateprofile,1727,0,54
1778849881887,27,SearchIndividual,200,OK,SearchIndividual 2-516,text,true,,621,2613,5,127,https://api-scuda.uat.oci.krungsri.tech/ords/api/v1/customer/individual/searchprofile,26,0,13
1778849881877,39,SearchIndividual,200,OK,SearchIndividual 2-515,text,true,,621,2622,4,126,https://api-scuda.uat.oci.krungsri.tech/ords/api/v1/customer/individual/searchprofile,38,0,21
1778849880340,1584,GetIndividual,200,OK,GetIndividual 1-256,text,true,,3806,3588,45,125,https://api-scuda.uat.oci.krungsri.tech/ic/api/v1/customer/individual/getprofile,1584,0,30
1778849881889,39,SearchIndividual,200,OK,SearchIndividual 2-517,text,true,,14051,2608,4,125,https://api-scuda.uat.oci.krungsri.tech/ords/api/v1/customer/individual/searchprofile,39,0,23
1778849881911,27,SearchIndividual,200,OK,SearchIndividual 2-518,text,true,,621,2611,3,127,https://api-scuda.uat.oci.krungsri.tech/ords/api/v1/customer/individual/searchprofile,27,0,11
1778849881912,33,SearchIndividual,200,OK,SearchIndividual 2-519,text,true,,621,2614,2,126,https://api-scuda.uat.oci.krungsri.tech/ords/api/v1/customer/individual/searchprofile,33,0,21
1778849881926,47,SearchIndividual,200,OK,SearchIndividual 2-520,text,true,,621,2611,4,130,https://api-scuda.uat.oci.krungsri.tech/ords/api/v1/customer/individual/searchprofile,46,0,31
1778849880733,1241,GetIndividual,200,OK,GetIndividual 1-269,text,true,,3829,3588,46,129,https://api-scuda.uat.oci.krungsri.tech/ic/api/v1/customer/individual/getprofile,1241,0,13
1778849881949,48,SearchIndividual,200,OK,SearchIndividual 2-521,text,true,,621,2613,3,129,https://api-scuda.uat.oci.krungsri.tech/ords/api/v1/customer/individual/searchprofile,48,0,30
1778849881965,33,SearchIndividual,200,OK,SearchIndividual 2-523,text,true,,621,2629,2,128,https://api-scuda.uat.oci.krungsri.tech/ords/api/v1/customer/individual/searchprofile,33,0,17
1778849881962,38,SearchIndividual,200,OK,SearchIndividual 2-522,text,true,,621,2601,1,127,https://api-scuda.uat.oci.krungsri.tech/ords/api/v1/customer/individual/searchprofile,38,0,27
1778849882002,31,SearchIndividual,200,OK,SearchIndividual 2-524,text,true,,621,2613,7,136,https://api-scuda.uat.oci.krungsri.tech/ords/api/v1/customer/individual/searchprofile,30,0,12
1778849882013,30,SearchIndividual,200,OK,SearchIndividual 2-525,text,true,,621,2613,8,137,https://api-scuda.uat.oci.krungsri.tech/ords/api/v1/customer/individual/searchprofile,30,0,17
1778849882016,40,SearchIndividual,200,OK,SearchIndividual 2-526,text,true,,621,2613,7,138,https://api-scuda.uat.oci.krungsri.tech/ords/api/v1/customer/individual/searchprofile,37,0,24
1778849882034,24,SearchIndividual,200,OK,SearchIndividual 2-530,text,true,,621,2602,6,138,https://api-scuda.uat.oci.krungsri.tech/ords/api/v1/customer/individual/searchprofile,24,0,13
1778849882021,38,SearchIndividual,200,OK,SearchIndividual 2-528,text,true,,621,2613,6,138,https://api-scuda.uat.oci.krungsri.tech/ords/api/v1/customer/individual/searchprofile,37,0,18
1778849882016,43,SearchIndividual,200,OK,SearchIndividual 2-527,text,true,,14202,2610,4,136,https://api-scuda.uat.oci.krungsri.tech/ords/api/v1/customer/individual/searchprofile,42,0,24
1778849882035,45,SearchIndividual,200,OK,SearchIndividual 2-531,text,true,,621,2613,4,137,https://api-scuda.uat.oci.krungsri.tech/ords/api/v1/customer/individual/searchprofile,44,0,24
1778849880929,1147,GetIndividual,200,OK,GetIndividual 1-275,text,true,,3795,3588,50,135,https://api-scuda.uat.oci.krungsri.tech/ic/api/v1/customer/individual/getprofile,1147,0,38
1778849882036,37,SearchIndividual,200,OK,SearchIndividual 2-532,text,true,,621,2613,3,135,https://api-scuda.uat.oci.krungsri.tech/ords/api/v1/customer/individual/searchprofile,37,0,21
1778849880962,1113,GetIndividual,200,OK,GetIndividual 1-276,text,true,,3874,3588,50,135,https://api-scuda.uat.oci.krungsri.tech/ic/api/v1/customer/individual/getprofile,1113,0,18
1778849882027,42,SearchIndividual,200,OK,SearchIndividual 2-529,text,true,,621,2604,3,135,https://api-scuda.uat.oci.krungsri.tech/ords/api/v1/customer/individual/searchprofile,41,0,28
1778849880606,1504,UpdateIndividual,200,OK,UpdateIndividual 4-171,text,true,,800,4229,52,137,https://api-scuda.uat.oci.krungsri.tech/ic/api/v1/customer/individual/updateprofile,1504,0,17
1778849882078,33,SearchIndividual,200,OK,SearchIndividual 2-533,text,true,,13958,2608,5,136,https://api-scuda.uat.oci.krungsri.tech/ords/api/v1/customer/individual/searchprofile,33,0,19
1778849880476,1643,UpdateIndividual,200,OK,UpdateIndividual 4-168,text,true,,800,4228,51,135,https://api-scuda.uat.oci.krungsri.tech/ic/api/v1/customer/individual/updateprofile,1643,0,20
1778849882087,40,SearchIndividual,200,OK,SearchIndividual 2-534,text,true,,14287,2611,4,134,https://api-scuda.uat.oci.krungsri.tech/ords/api/v1/customer/individual/searchprofile,39,0,21
1778849882099,31,SearchIndividual,200,OK,SearchIndividual 2-535,text,true,,621,2609,3,135,https://api-scuda.uat.oci.krungsri.tech/ords/api/v1/customer/individual/searchprofile,31,0,17
1778849882104,34,SearchIndividual,200,OK,SearchIndividual 2-537,text,true,,621,2629,2,135,https://api-scuda.uat.oci.krungsri.tech/ords/api/v1/customer/individual/searchprofile,34,0,20
1778849882104,48,SearchIndividual,200,OK,SearchIndividual 2-536,text,true,,621,2613,2,137,https://api-scuda.uat.oci.krungsri.tech/ords/api/v1/customer/individual/searchprofile,48,0,32
1778849880903,1274,GetIndividual,200,OK,GetIndividual 1-273,text,true,,3852,3588,52,139,https://api-scuda.uat.oci.krungsri.tech/ic/api/v1/customer/individual/getprofile,1274,0,20
1778849880984,1194,GetIndividual,200,OK,GetIndividual 1-277,text,true,,3867,3588,52,139,https://api-scuda.uat.oci.krungsri.tech/ic/api/v1/customer/individual/getprofile,1194,0,47
1778849882142,47,SearchIndividual,200,OK,SearchIndividual 2-538,text,true,,621,2613,4,143,https://api-scuda.uat.oci.krungsri.tech/ords/api/v1/customer/individual/searchprofile,46,0,28
1778849882160,32,SearchIndividual,200,OK,SearchIndividual 2-539,text,true,,621,2613,3,142,https://api-scuda.uat.oci.krungsri.tech/ords/api/v1/customer/individual/searchprofile,32,0,20
1778849882182,43,SearchIndividual,200,OK,SearchIndividual 2-540,text,true,,621,2613,4,146,https://api-scuda.uat.oci.krungsri.tech/ords/api/v1/customer/individual/searchprofile,43,0,28
1778849882190,43,SearchIndividual,200,OK,SearchIndividual 2-541,text,true,,621,2613,3,145,https://api-scuda.uat.oci.krungsri.tech/ords/api/v1/customer/individual/searchprofile,43,0,27
1778849882194,45,SearchIndividual,200,OK,SearchIndividual 2-542,text,true,,621,2641,3,145,https://api-scuda.uat.oci.krungsri.tech/ords/api/v1/customer/individual/searchprofile,44,0,32
1778849882207,37,SearchIndividual,200,OK,SearchIndividual 2-543,text,true,,621,2635,2,144,https://api-scuda.uat.oci.krungsri.tech/ords/api/v1/customer/individual/searchprofile,36,0,21
1778849882237,33,SearchIndividual,200,OK,SearchIndividual 2-544,text,true,,621,2613,3,147,https://api-scuda.uat.oci.krungsri.tech/ords/api/v1/customer/individual/searchprofile,33,0,21
1778849880214,2057,UpdateIndividual,200,OK,UpdateIndividual 4-162,text,true,,800,4227,54,147,https://api-scuda.uat.oci.krungsri.tech/ic/api/v1/customer/individual/updateprofile,2057,0,24
1778849877809,4468,CreateJuristic,201,Created,CreateJuristic 7-10,text,true,,1172,7778,6,147,https://api-scuda.uat.oci.krungsri.tech/ic/api/v1/customer/juristic/createprofile,4468,0,28
1778849880827,1451,GetIndividual,200,OK,GetIndividual 1-271,text,true,,3873,3588,56,146,https://api-scuda.uat.oci.krungsri.tech/ic/api/v1/customer/individual/getprofile,1451,0,27
1778849881311,973,GetIndividual,200,OK,GetIndividual 1-288,text,true,,3813,3588,55,146,https://api-scuda.uat.oci.krungsri.tech/ic/api/v1/customer/individual/getprofile,973,0,52
1778849882257,33,SearchIndividual,200,OK,SearchIndividual 2-546,text,true,,619,2611,3,145,https://api-scuda.uat.oci.krungsri.tech/ords/api/v1/customer/individual/searchprofile,33,0,20
1778849882246,53,SearchIndividual,200,OK,SearchIndividual 2-545,text,true,,621,2613,4,148,https://api-scuda.uat.oci.krungsri.tech/ords/api/v1/customer/individual/searchprofile,53,0,28
1778849882283,33,SearchIndividual,200,OK,SearchIndividual 2-547,text,true,,621,2613,3,151,https://api-scuda.uat.oci.krungsri.tech/ords/api/v1/customer/individual/searchprofile,33,0,21
1778849882293,56,SearchIndividual,200,OK,SearchIndividual 2-549,text,true,,621,2613,4,153,https://api-scuda.uat.oci.krungsri.tech/ords/api/v1/customer/individual/searchprofile,55,0,38
1778849882292,59,SearchIndividual,200,OK,SearchIndividual 2-548,text,true,,620,2599,4,153,https://api-scuda.uat.oci.krungsri.tech/ords/api/v1/customer/individual/searchprofile,59,0,43
1778849882337,31,SearchIndividual,200,OK,SearchIndividual 2-550,text,true,,621,2613,7,156,https://api-scuda.uat.oci.krungsri.tech/ords/api/v1/customer/individual/searchprofile,31,0,19
1778849882350,23,SearchIndividual,200,OK,SearchIndividual 2-551,text,true,,621,2613,6,155,https://api-scuda.uat.oci.krungsri.tech/ords/api/v1/customer/individual/searchprofile,23,0,12
1778849882350,31,SearchIndividual,200,OK,SearchIndividual 2-552,text,true,,621,2605,5,154,https://api-scuda.uat.oci.krungsri.tech/ords/api/v1/customer/individual/searchprofile,31,0,19
1778849882363,32,SearchIndividual,200,OK,SearchIndividual 2-554,text,true,,621,2610,5,156,https://api-scuda.uat.oci.krungsri.tech/ords/api/v1/customer/individual/searchprofile,31,0,20
1778849882359,37,SearchIndividual,200,OK,SearchIndividual 2-553,text,true,,621,2623,4,155,https://api-scuda.uat.oci.krungsri.tech/ords/api/v1/customer/individual/searchprofile,37,0,23
1778849882363,34,SearchIndividual,200,OK,SearchIndividual 2-555,text,true,,621,2613,3,155,https://api-scuda.uat.oci.krungsri.tech/ords/api/v1/customer/individual/searchprofile,34,0,21
1778849882367,33,SearchIndividual,200,OK,SearchIndividual 2-556,text,true,,621,2613,3,155,https://api-scuda.uat.oci.krungsri.tech/ords/api/v1/customer/individual/searchprofile,33,0,21
1778849880323,2079,UpdateIndividual,200,OK,UpdateIndividual 4-163,text,true,,800,4227,60,154,https://api-scuda.uat.oci.krungsri.tech/ic/api/v1/customer/individual/updateprofile,2079,0,25
1778849882391,48,SearchIndividual,200,OK,SearchIndividual 2-557,text,true,,621,2650,3,155,https://api-scuda.uat.oci.krungsri.tech/ords/api/v1/customer/individual/searchprofile,47,0,34
1778849882399,45,SearchIndividual,200,OK,SearchIndividual 2-558,text,true,,621,2612,2,154,https://api-scuda.uat.oci.krungsri.tech/ords/api/v1/customer/individual/searchprofile,45,0,27
1778849880440,2034,UpdateIndividual,200,OK,UpdateIndividual 4-167,text,true,,800,4227,60,159,https://api-scuda.uat.oci.krungsri.tech/ic/api/v1/customer/individual/updateprofile,2034,0,22
1778849882440,37,SearchIndividual,200,OK,SearchIndividual 2-559,text,true,,620,2612,6,160,https://api-scuda.uat.oci.krungsri.tech/ords/api/v1/customer/individual/searchprofile,37,0,23
1778849881141,1336,GetIndividual,200,OK,GetIndividual 1-280,text,true,,3793,3588,61,159,https://api-scuda.uat.oci.krungsri.tech/ic/api/v1/customer/individual/getprofile,1336,0,29
1778849880688,1793,GetJuristic,200,OK,GetJuristic 5-13,text,true,,3547,3533,2,158,https://api-scuda.uat.oci.krungsri.tech/ic/api/v1/customer/juristic/getprofile,1793,0,21
1778849882460,25,SearchIndividual,200,OK,SearchIndividual 2-561,text,true,,621,2613,5,157,https://api-scuda.uat.oci.krungsri.tech/ords/api/v1/customer/individual/searchprofile,25,0,13
1778849878479,4016,CreateIndividual,201,Created,CreateIndividual 3-11,text,true,,1172,8231,5,158,https://api-scuda.uat.oci.krungsri.tech/ic/api/v1/customer/individual/createprofile,4016,0,25
1778849880176,2319,UpdateIndividual,200,OK,UpdateIndividual 4-161,text,true,,800,4229,60,158,https://api-scuda.uat.oci.krungsri.tech/ic/api/v1/customer/individual/updateprofile,2319,0,24
1778849882460,42,SearchIndividual,200,OK,SearchIndividual 2-562,text,true,,14013,2607,5,156,https://api-scuda.uat.oci.krungsri.tech/ords/api/v1/customer/individual/searchprofile,41,0,27
1778849882451,51,SearchIndividual,200,OK,SearchIndividual 2-560,text,true,,621,2649,5,156,https://api-scuda.uat.oci.krungsri.tech/ords/api/v1/customer/individual/searchprofile,51,0,34
1778849881205,1302,GetIndividual,200,OK,GetIndividual 1-282,text,true,,3829,3588,60,155,https://api-scuda.uat.oci.krungsri.tech/ic/api/v1/customer/individual/getprofile,1302,0,19
1778849882477,32,SearchIndividual,200,OK,SearchIndividual 2-564,text,true,,621,2613,4,154,https://api-scuda.uat.oci.krungsri.tech/ords/api/v1/customer/individual/searchprofile,32,0,20
1778849882473,49,SearchIndividual,200,OK,SearchIndividual 2-563,text,true,,621,2613,5,156,https://api-scuda.uat.oci.krungsri.tech/ords/api/v1/customer/individual/searchprofile,49,0,37
1778849882489,39,SearchIndividual,200,OK,SearchIndividual 2-565,text,true,,621,2613,5,156,https://api-scuda.uat.oci.krungsri.tech/ords/api/v1/customer/individual/searchprofile,39,0,28
1778849882507,34,SearchIndividual,200,OK,SearchIndividual 2-566,text,true,,621,2613,5,158,https://api-scuda.uat.oci.krungsri.tech/ords/api/v1/customer/individual/searchprofile,33,0,21
1778849882511,44,SearchIndividual,200,OK,SearchIndividual 2-567,text,true,,621,2619,4,157,https://api-scuda.uat.oci.krungsri.tech/ords/api/v1/customer/individual/searchprofile,44,0,24
1778849882522,34,SearchIndividual,200,OK,SearchIndividual 2-568,text,true,,621,2613,4,158,https://api-scuda.uat.oci.krungsri.tech/ords/api/v1/customer/individual/searchprofile,34,0,21
1778849882528,30,SearchIndividual,200,OK,SearchIndividual 2-569,text,true,,620,2612,2,156,https://api-scuda.uat.oci.krungsri.tech/ords/api/v1/customer/individual/searchprofile,30,0,16
1778849881304,1273,GetIndividual,200,OK,GetIndividual 1-287,text,true,,3849,3588,63,157,https://api-scuda.uat.oci.krungsri.tech/ic/api/v1/customer/individual/getprofile,1273,0,40
1778849880793,1782,UpdateIndividual,200,OK,UpdateIndividual 4-177,text,true,,800,5562,61,157,https://api-scuda.uat.oci.krungsri.tech/ic/api/v1/customer/individual/updateprofile,1782,0,25
1778849881543,1031,GetIndividual,200,OK,GetIndividual 1-295,text,true,,3780,3588,63,157,https://api-scuda.uat.oci.krungsri.tech/ic/api/v1/customer/individual/getprofile,1031,0,21
1778849880393,2180,UpdateIndividual,200,OK,UpdateIndividual 4-166,text,true,,800,4227,61,157,https://api-scuda.uat.oci.krungsri.tech/ic/api/v1/customer/individual/updateprofile,2180,0,29
1778849880623,1951,UpdateIndividual,200,OK,UpdateIndividual 4-172,text,true,,800,4229,61,157,https://api-scuda.uat.oci.krungsri.tech/ic/api/v1/customer/individual/updateprofile,1951,0,19
1778849882536,36,SearchIndividual,200,OK,SearchIndividual 2-570,text,true,,13957,2604,1,157,https://api-scuda.uat.oci.krungsri.tech/ords/api/v1/customer/individual/searchprofile,35,0,17
1778849881061,1538,GetIndividual,200,OK,GetIndividual 1-278,text,true,,3842,3588,64,155,https://api-scuda.uat.oci.krungsri.tech/ic/api/v1/customer/individual/getprofile,1538,0,23
1778849881506,1099,GetIndividual,200,OK,GetIndividual 1-294,text,true,,3863,3588,63,154,https://api-scuda.uat.oci.krungsri.tech/ic/api/v1/customer/individual/getprofile,1099,0,21
1778849882608,39,SearchIndividual,200,OK,SearchIndividual 2-571,text,true,,14319,2607,4,160,https://api-scuda.uat.oci.krungsri.tech/ords/api/v1/customer/individual/searchprofile,39,0,21
1778849882630,31,SearchIndividual,200,OK,SearchIndividual 2-572,text,true,,621,2619,4,160,https://api-scuda.uat.oci.krungsri.tech/ords/api/v1/customer/individual/searchprofile,30,0,16
1778849880752,1918,UpdateJoint,200,OK,UpdateJoint 12-13,text,true,,800,3614,3,161,https://api-scuda.uat.oci.krungsri.tech/ic/api/v1/customer/joint/updateprofile,1918,0,19
1778849880398,2272,UpdateJuristic,200,OK,UpdateJuristic 8-13,text,true,,800,4426,3,161,https://api-scuda.uat.oci.krungsri.tech/ic/api/v1/customer/juristic/updateprofile,2272,0,30
1778849882639,37,SearchIndividual,200,OK,SearchIndividual 2-573,text,true,,621,2644,4,162,https://api-scuda.uat.oci.krungsri.tech/ords/api/v1/customer/individual/searchprofile,36,0,25
1778849882646,31,SearchIndividual,200,OK,SearchIndividual 2-574,text,true,,621,2629,3,162,https://api-scuda.uat.oci.krungsri.tech/ords/api/v1/customer/individual/searchprofile,30,0,18
1778849881592,1085,GetIndividual,200,OK,GetIndividual 1-298,text,true,,3833,3588,65,162,https://api-scuda.uat.oci.krungsri.tech/ic/api/v1/customer/individual/getprofile,1085,0,28
1778849882651,31,SearchIndividual,200,OK,SearchIndividual 2-575,text,true,,621,2628,3,161,https://api-scuda.uat.oci.krungsri.tech/ords/api/v1/customer/individual/searchprofile,31,0,21
1778849880589,2098,UpdateIndividual,200,OK,UpdateIndividual 4-170,text,true,,800,4227,62,162,https://api-scuda.uat.oci.krungsri.tech/ic/api/v1/customer/individual/updateprofile,2098,0,16
1778849881073,1623,GetIndividual,200,OK,GetIndividual 1-279,text,true,,3778,3588,66,162,https://api-scuda.uat.oci.krungsri.tech/ic/api/v1/customer/individual/getprofile,1623,0,13
1778849881207,1492,GetIndividual,200,OK,GetIndividual 1-283,text,true,,3861,3587,66,162,https://api-scuda.uat.oci.krungsri.tech/ic/api/v1/customer/individual/getprofile,1492,0,43
1778849882676,41,SearchIndividual,200,OK,SearchIndividual 2-576,text,true,,621,2601,3,162,https://api-scuda.uat.oci.krungsri.tech/ords/api/v1/customer/individual/searchprofile,41,0,26
1778849882680,45,SearchIndividual,200,OK,SearchIndividual 2-577,text,true,,621,2613,2,161,https://api-scuda.uat.oci.krungsri.tech/ords/api/v1/customer/individual/searchprofile,45,0,26
1778849882688,38,SearchIndividual,200,OK,SearchIndividual 2-578,text,true,,621,2613,2,161,https://api-scuda.uat.oci.krungsri.tech/ords/api/v1/customer/individual/searchprofile,38,0,21
1778849882727,30,SearchIndividual,200,OK,SearchIndividual 2-579,text,true,,621,2616,1,163,https://api-scuda.uat.oci.krungsri.tech/ords/api/v1/customer/individual/searchprofile,29,0,17
1778849882760,22,SearchIndividual,200,OK,SearchIndividual 2-580,text,true,,621,2613,2,165,https://api-scuda.uat.oci.krungsri.tech/ords/api/v1/customer/individual/searchprofile,21,0,10
1778849880859,1937,UpdateIndividual,200,OK,UpdateIndividual 4-179,text,true,,800,4227,62,166,https://api-scuda.uat.oci.krungsri.tech/ic/api/v1/customer/individual/updateprofile,1937,0,32
1778849882760,36,SearchIndividual,200,OK,SearchIndividual 2-581,text,true,,621,2613,2,166,https://api-scuda.uat.oci.krungsri.tech/ords/api/v1/customer/individual/searchprofile,36,0,23
1778849882786,39,SearchIndividual,200,OK,SearchIndividual 2-582,text,true,,621,2604,4,169,https://api-scuda.uat.oci.krungsri.tech/ords/api/v1/customer/individual/searchprofile,39,0,24
1778849882795,43,SearchJuristic,200,OK,SearchJuristic 6-15,text,true,,621,2611,1,170,https://api-scuda.uat.oci.krungsri.tech/ords/api/v1/customer/juristic/searchprofile,42,0,23
1778849882798,40,SearchIndividual,200,OK,SearchIndividual 2-583,text,true,,621,2625,5,170,https://api-scuda.uat.oci.krungsri.tech/ords/api/v1/customer/individual/searchprofile,39,0,23
1778849882803,43,SearchIndividual,200,OK,SearchIndividual 2-584,text,true,,621,2613,5,172,https://api-scuda.uat.oci.krungsri.tech/ords/api/v1/customer/individual/searchprofile,43,0,23
1778849882819,36,SearchIndividual,200,OK,SearchIndividual 2-585,text,true,,621,2605,5,173,https://api-scuda.uat.oci.krungsri.tech/ords/api/v1/customer/individual/searchprofile,35,0,23
1778849882836,37,SearchIndividual,200,OK,SearchIndividual 2-586,text,true,,621,2658,5,174,https://api-scuda.uat.oci.krungsri.tech/ords/api/v1/customer/individual/searchprofile,37,0,23
1778849880980,1894,UpdateIndividual,200,OK,UpdateIndividual 4-184,text,true,,800,4228,63,174,https://api-scuda.uat.oci.krungsri.tech/ic/api/v1/customer/individual/updateprofile,1894,0,39
1778849881224,1650,GetIndividual,200,OK,GetIndividual 1-284,text,true,,3838,3585,73,174,https://api-scuda.uat.oci.krungsri.tech/ic/api/v1/customer/individual/getprofile,1650,0,23
1778849882836,40,SearchIndividual,200,OK,SearchIndividual 2-587,text,true,,621,2601,5,172,https://api-scuda.uat.oci.krungsri.tech/ords/api/v1/customer/individual/searchprofile,39,0,24
1778849881264,1611,GetIndividual,200,OK,GetIndividual 1-285,text,true,,3894,3588,72,172,https://api-scuda.uat.oci.krungsri.tech/ic/api/v1/customer/individual/getprofile,1611,0,16
1778849880720,2156,UpdateIndividual,200,OK,UpdateIndividual 4-175,text,true,,800,5576,62,171,https://api-scuda.uat.oci.krungsri.tech/ic/api/v1/customer/individual/updateprofile,2156,0,25
1778849881409,1473,GetIndividual,200,OK,GetIndividual 1-290,text,true,,3861,3588,72,170,https://api-scuda.uat.oci.krungsri.tech/ic/api/v1/customer/individual/getprofile,1473,0,22
1778849880549,2347,UpdateIndividual,200,OK,UpdateIndividual 4-169,text,true,,800,4227,61,172,https://api-scuda.uat.oci.krungsri.tech/ic/api/v1/customer/individual/updateprofile,2347,0,20
1778849880819,2079,UpdateIndividual,200,OK,UpdateIndividual 4-178,text,true,,800,5568,60,172,https://api-scuda.uat.oci.krungsri.tech/ic/api/v1/customer/individual/updateprofile,2079,0,22
1778849881492,1406,GetIndividual,200,OK,GetIndividual 1-293,text,true,,3810,3588,72,172,https://api-scuda.uat.oci.krungsri.tech/ic/api/v1/customer/individual/getprofile,1406,0,30
1778849881198,1701,UpdateJoint,200,OK,UpdateJoint 12-14,text,true,,800,3614,2,170,https://api-scuda.uat.oci.krungsri.tech/ic/api/v1/customer/joint/updateprofile,1701,0,18
1778849880989,1912,UpdateIndividual,200,OK,UpdateIndividual 4-185,text,true,,800,5584,59,169,https://api-scuda.uat.oci.krungsri.tech/ic/api/v1/customer/individual/updateprofile,1912,0,48
1778849881149,1753,GetIndividual,200,OK,GetIndividual 1-281,text,true,,3831,3588,71,168,https://api-scuda.uat.oci.krungsri.tech/ic/api/v1/customer/individual/getprofile,1753,0,27
1778849880788,2116,UpdateIndividual,200,OK,UpdateIndividual 4-176,text,true,,799,4228,58,167,https://api-scuda.uat.oci.krungsri.tech/ic/api/v1/customer/individual/updateprofile,2116,0,20
1778849879393,3513,UpdateIndividual,200,OK,UpdateIndividual 4-146,text,true,,1753,5507,57,166,https://api-scuda.uat.oci.krungsri.tech/ic/api/v1/customer/individual/updateprofile,3513,0,19
1778849879700,3207,GetIndividual,200,OK,GetIndividual 1-228,text,true,,3842,3588,70,165,https://api-scuda.uat.oci.krungsri.tech/ic/api/v1/customer/individual/getprofile,3207,0,23
1778849882854,55,SearchJoint,200,OK,SearchJoint 10-16,text,true,,621,2627,1,165,https://api-scuda.uat.oci.krungsri.tech/ords/api/v1/customer/joint/searchprofile,55,0,26
1778849882871,42,SearchIndividual,200,OK,SearchIndividual 2-590,text,true,,14568,2611,7,164,https://api-scuda.uat.oci.krungsri.tech/ords/api/v1/customer/individual/searchprofile,41,0,28
1778849882845,69,SearchIndividual,200,OK,SearchIndividual 2-588,text,true,,621,2604,6,163,https://api-scuda.uat.oci.krungsri.tech/ords/api/v1/customer/individual/searchprofile,68,0,32
1778849882848,76,SearchIndividual,200,OK,SearchIndividual 2-589,text,true,,621,2604,5,163,https://api-scuda.uat.oci.krungsri.tech/ords/api/v1/customer/individual/searchprofile,76,0,53
1778849882899,38,SearchIndividual,200,OK,SearchIndividual 2-594,text,true,,621,2614,4,163,https://api-scuda.uat.oci.krungsri.tech/ords/api/v1/customer/individual/searchprofile,38,0,20
1778849882875,65,SearchIndividual,200,OK,SearchIndividual 2-591,text,true,,621,2613,3,162,https://api-scuda.uat.oci.krungsri.tech/ords/api/v1/customer/individual/searchprofile,65,0,52
1778849882891,58,SearchIndividual,200,OK,SearchIndividual 2-592,text,true,,621,2640,2,162,https://api-scuda.uat.oci.krungsri.tech/ords/api/v1/customer/individual/searchprofile,57,0,38
1778849882893,58,SearchIndividual,200,OK,SearchIndividual 2-593,text,true,,621,2613,1,161,https://api-scuda.uat.oci.krungsri.tech/ords/api/v1/customer/individual/searchprofile,57,0,45
1778849881036,1936,UpdateIndividual,200,OK,UpdateIndividual 4-186,text,true,,799,5552,57,162,https://api-scuda.uat.oci.krungsri.tech/ic/api/v1/customer/individual/updateprofile,1936,0,105
1778849880896,2103,UpdateIndividual,200,OK,UpdateIndividual 4-180,text,true,,800,4229,58,169,https://api-scuda.uat.oci.krungsri.tech/ic/api/v1/customer/individual/updateprofile,2103,0,20
1778849881271,1731,GetIndividual,200,OK,GetIndividual 1-286,text,true,,3818,3588,77,168,https://api-scuda.uat.oci.krungsri.tech/ic/api/v1/customer/individual/getprofile,1731,0,17
1778849882992,42,SearchIndividual,200,OK,SearchIndividual 2-595,text,true,,14370,2613,3,170,https://api-scuda.uat.oci.krungsri.tech/ords/api/v1/customer/individual/searchprofile,42,0,27
1778849883005,34,SearchIndividual,200,OK,SearchIndividual 2-596,text,true,,621,2632,2,170,https://api-scuda.uat.oci.krungsri.tech/ords/api/v1/customer/individual/searchprofile,34,0,22
1778849883035,43,SearchIndividual,200,OK,SearchIndividual 2-597,text,true,,621,2602,6,175,https://api-scuda.uat.oci.krungsri.tech/ords/api/v1/customer/individual/searchprofile,43,0,24
1778849881443,1635,GetIndividual,200,OK,GetIndividual 1-292,text,true,,3789,3588,76,175,https://api-scuda.uat.oci.krungsri.tech/ic/api/v1/customer/individual/getprofile,1635,0,28
1778849881647,1428,GetJuristic,200,OK,GetJuristic 5-14,text,true,,3502,3533,2,175,https://api-scuda.uat.oci.krungsri.tech/ic/api/v1/customer/juristic/getprofile,1428,0,20
1778849880896,2177,UpdateIndividual,200,OK,UpdateIndividual 4-181,text,true,,800,4226,60,175,https://api-scuda.uat.oci.krungsri.tech/ic/api/v1/customer/individual/updateprofile,2177,0,19
1778849883063,55,SearchIndividual,200,OK,SearchIndividual 2-602,text,true,,621,2613,5,176,https://api-scuda.uat.oci.krungsri.tech/ords/api/v1/customer/individual/searchprofile,55,0,25
1778849881650,1468,GetIndividual,200,OK,GetIndividual 1-301,text,true,,3849,3588,78,176,https://api-scuda.uat.oci.krungsri.tech/ic/api/v1/customer/individual/getprofile,1468,0,16
1778849881780,1338,GetIndividual,200,OK,GetIndividual 1-306,text,true,,3800,3588,78,176,https://api-scuda.uat.oci.krungsri.tech/ic/api/v1/customer/individual/getprofile,1338,0,28
1778849883044,76,SearchIndividual,200,OK,SearchIndividual 2-598,text,true,,621,2650,5,176,https://api-scuda.uat.oci.krungsri.tech/ords/api/v1/customer/individual/searchprofile,76,0,27
1778849883057,61,SearchIndividual,200,OK,SearchIndividual 2-601,text,true,,621,2601,5,176,https://api-scuda.uat.oci.krungsri.tech/ords/api/v1/customer/individual/searchprofile,61,0,21
1778849881434,1684,GetIndividual,200,OK,GetIndividual 1-291,text,true,,3825,3588,78,176,https://api-scuda.uat.oci.krungsri.tech/ic/api/v1/customer/individual/getprofile,1684,0,24
1778849883047,71,SearchIndividual,200,OK,SearchIndividual 2-599,text,true,,621,2609,5,176,https://api-scuda.uat.oci.krungsri.tech/ords/api/v1/customer/individual/searchprofile,71,0,26
1778849883126,31,SearchIndividual,200,OK,SearchIndividual 2-605,text,true,,621,2613,5,177,https://api-scuda.uat.oci.krungsri.tech/ords/api/v1/customer/individual/searchprofile,30,0,19
1778849883051,116,SearchIndividual,200,OK,SearchIndividual 2-600,text,true,,14449,2604,5,178,https://api-scuda.uat.oci.krungsri.tech/ords/api/v1/customer/individual/searchprofile,115,0,80
1778849883126,47,SearchIndividual,200,OK,SearchIndividual 2-603,text,true,,621,2601,6,179,https://api-scuda.uat.oci.krungsri.tech/ords/api/v1/customer/individual/searchprofile,46,0,32
1778849882058,1122,GetIndividual,200,OK,GetIndividual 1-321,text,true,,3854,3588,80,180,https://api-scuda.uat.oci.krungsri.tech/ic/api/v1/customer/individual/getprofile,1122,0,18
1778849883157,32,SearchIndividual,200,OK,SearchIndividual 2-606,text,true,,621,2613,6,179,https://api-scuda.uat.oci.krungsri.tech/ords/api/v1/customer/individual/searchprofile,29,0,17
1778849880973,2228,UpdateIndividual,200,OK,UpdateIndividual 4-183,text,true,,800,4228,61,178,https://api-scuda.uat.oci.krungsri.tech/ic/api/v1/customer/individual/updateprofile,2228,0,21
1778849883127,77,SearchIndividual,200,OK,SearchIndividual 2-604,text,true,,621,2613,6,178,https://api-scuda.uat.oci.krungsri.tech/ords/api/v1/customer/individual/searchprofile,77,0,42
1778849881781,1424,GetIndividual,200,OK,GetIndividual 1-307,text,true,,3869,3588,79,178,https://api-scuda.uat.oci.krungsri.tech/ic/api/v1/customer/individual/getprofile,1424,0,32
1778849881565,1640,GetIndividual,200,OK,GetIndividual 1-297,text,true,,3784,3588,79,178,https://api-scuda.uat.oci.krungsri.tech/ic/api/v1/customer/individual/getprofile,1640,0,25
1778849883166,41,SearchIndividual,200,OK,SearchIndividual 2-607,text,true,,620,2612,5,176,https://api-scuda.uat.oci.krungsri.tech/ords/api/v1/customer/individual/searchprofile,41,0,22
1778849883173,41,SearchIndividual,200,OK,SearchIndividual 2-608,text,true,,621,2603,5,177,https://api-scuda.uat.oci.krungsri.tech/ords/api/v1/customer/individual/searchprofile,41,0,27
1778849883174,86,SearchIndividual,200,OK,SearchIndividual 2-609,text,true,,13962,2611,6,182,https://api-scuda.uat.oci.krungsri.tech/ords/api/v1/customer/individual/searchprofile,85,0,37
1778849883202,58,SearchIndividual,200,OK,SearchIndividual 2-611,text,true,,14087,2605,6,182,https://api-scuda.uat.oci.krungsri.tech/ords/api/v1/customer/individual/searchprofile,57,0,18
1778849883179,81,SearchIndividual,200,OK,SearchIndividual 2-610,text,true,,621,2613,6,182,https://api-scuda.uat.oci.krungsri.tech/ords/api/v1/customer/individual/searchprofile,81,0,33
1778849883212,48,SearchIndividual,200,OK,SearchIndividual 2-612,text,true,,621,2613,6,182,https://api-scuda.uat.oci.krungsri.tech/ords/api/v1/customer/individual/searchprofile,48,0,20
1778849880662,2609,UpdateIndividual,200,OK,UpdateIndividual 4-174,text,true,,800,4227,62,181,https://api-scuda.uat.oci.krungsri.tech/ic/api/v1/customer/individual/updateprofile,2609,0,20
1778849883233,52,SearchIndividual,200,OK,SearchIndividual 2-614,text,true,,621,2611,5,184,https://api-scuda.uat.oci.krungsri.tech/ords/api/v1/customer/individual/searchprofile,52,0,40
1778849883228,62,SearchIndividual,200,OK,SearchIndividual 2-613,text,true,,621,2613,4,183,https://api-scuda.uat.oci.krungsri.tech/ords/api/v1/customer/individual/searchprofile,62,0,47
1778849883273,24,SearchIndividual,200,OK,SearchIndividual 2-617,text,true,,621,2602,3,183,https://api-scuda.uat.oci.krungsri.tech/ords/api/v1/customer/individual/searchprofile,24,0,12
1778849881549,1751,GetIndividual,200,OK,GetIndividual 1-296,text,true,,3852,3588,85,182,https://api-scuda.uat.oci.krungsri.tech/ic/api/v1/customer/individual/getprofile,1751,0,21
1778849883265,35,SearchIndividual,200,OK,SearchIndividual 2-615,text,true,,13828,2604,2,182,https://api-scuda.uat.oci.krungsri.tech/ords/api/v1/customer/individual/searchprofile,35,0,14
1778849880909,2392,UpdateIndividual,200,OK,UpdateIndividual 4-182,text,true,,800,4228,62,180,https://api-scuda.uat.oci.krungsri.tech/ic/api/v1/customer/individual/updateprofile,2392,0,50
1778849881802,1500,GetIndividual,200,OK,GetIndividual 1-310,text,true,,3872,3588,84,180,https://api-scuda.uat.oci.krungsri.tech/ic/api/v1/customer/individual/getprofile,1500,0,36
1778849883269,34,SearchIndividual,200,OK,SearchIndividual 2-616,text,true,,621,2612,1,178,https://api-scuda.uat.oci.krungsri.tech/ords/api/v1/customer/individual/searchprofile,34,0,23
1778849883305,28,SearchIndividual,200,OK,SearchIndividual 2-618,text,true,,14026,2605,2,185,https://api-scuda.uat.oci.krungsri.tech/ords/api/v1/customer/individual/searchprofile,28,0,13
1778849883310,36,SearchIndividual,200,OK,SearchIndividual 2-619,text,true,,621,2605,1,186,https://api-scuda.uat.oci.krungsri.tech/ords/api/v1/customer/individual/searchprofile,36,0,24
1778849883352,29,SearchIndividual,200,OK,SearchIndividual 2-621,text,true,,621,2613,2,190,https://api-scuda.uat.oci.krungsri.tech/ords/api/v1/customer/individual/searchprofile,28,0,15
1778849883348,37,SearchIndividual,200,OK,SearchIndividual 2-620,text,true,,621,2626,1,189,https://api-scuda.uat.oci.krungsri.tech/ords/api/v1/customer/individual/searchprofile,37,0,25
1778849881296,2096,UpdateIndividual,200,OK,UpdateIndividual 4-192,text,true,,800,5590,65,188,https://api-scuda.uat.oci.krungsri.tech/ic/api/v1/customer/individual/updateprofile,2096,0,28
1778849881663,1736,GetIndividual,200,OK,GetIndividual 1-302,text,true,,3891,3587,89,189,https://api-scuda.uat.oci.krungsri.tech/ic/api/v1/customer/individual/getprofile,1736,0,18
1778849881798,1608,GetIndividual,200,OK,GetIndividual 1-309,text,true,,3876,3588,88,189,https://api-scuda.uat.oci.krungsri.tech/ic/api/v1/customer/individual/getprofile,1608,0,26
1778849881847,1568,GetIndividual,200,OK,GetIndividual 1-313,text,true,,3866,3588,87,189,https://api-scuda.uat.oci.krungsri.tech/ic/api/v1/customer/individual/getprofile,1568,0,41
1778849883396,25,SearchIndividual,200,OK,SearchIndividual 2-622,text,true,,14517,2605,2,188,https://api-scuda.uat.oci.krungsri.tech/ords/api/v1/customer/individual/searchprofile,25,0,11
1778849883403,36,SearchIndividual,200,OK,SearchIndividual 2-623,text,true,,621,2614,3,190,https://api-scuda.uat.oci.krungsri.tech/ords/api/v1/customer/individual/searchprofile,36,0,23
1778849883439,33,SearchIndividual,200,OK,SearchIndividual 2-625,text,true,,621,2606,4,193,https://api-scuda.uat.oci.krungsri.tech/ords/api/v1/customer/individual/searchprofile,32,0,18
1778849883439,33,SearchIndividual,200,OK,SearchIndividual 2-624,text,true,,621,2637,4,193,https://api-scuda.uat.oci.krungsri.tech/ords/api/v1/customer/individual/searchprofile,33,0,20
1778849883446,30,SearchIndividual,200,OK,SearchIndividual 2-626,text,true,,621,2613,2,191,https://api-scuda.uat.oci.krungsri.tech/ords/api/v1/customer/individual/searchprofile,30,0,20
1778849881614,1865,GetIndividual,200,OK,GetIndividual 1-299,text,true,,3853,3588,89,190,https://api-scuda.uat.oci.krungsri.tech/ic/api/v1/customer/individual/getprofile,1865,0,21
1778849881774,1705,GetIndividual,200,OK,GetIndividual 1-304,text,true,,3804,3588,89,190,https://api-scuda.uat.oci.krungsri.tech/ic/api/v1/customer/individual/getprofile,1705,0,20
1778849881779,1717,GetIndividual,200,OK,GetIndividual 1-305,text,true,,3834,3588,87,188,https://api-scuda.uat.oci.krungsri.tech/ic/api/v1/customer/individual/getprofile,1717,0,23
1778849883462,35,SearchIndividual,200,OK,SearchIndividual 2-627,text,true,,621,2647,1,188,https://api-scuda.uat.oci.krungsri.tech/ords/api/v1/customer/individual/searchprofile,35,0,22
1778849883499,34,SearchIndividual,200,OK,SearchIndividual 2-629,text,true,,620,2602,2,191,https://api-scuda.uat.oci.krungsri.tech/ords/api/v1/customer/individual/searchprofile,34,0,22
1778849883499,37,SearchIndividual,200,OK,SearchIndividual 2-628,text,true,,620,2612,1,191,https://api-scuda.uat.oci.krungsri.tech/ords/api/v1/customer/individual/searchprofile,37,0,23
1778849883546,39,SearchIndividual,200,OK,SearchIndividual 2-632,text,true,,621,2613,8,202,https://api-scuda.uat.oci.krungsri.tech/ords/api/v1/customer/individual/searchprofile,38,0,24
1778849883546,38,SearchIndividual,200,OK,SearchIndividual 2-631,text,true,,621,2613,8,202,https://api-scuda.uat.oci.krungsri.tech/ords/api/v1/customer/individual/searchprofile,38,0,25
1778849881860,1720,GetIndividual,200,OK,GetIndividual 1-314,text,true,,3766,3588,90,201,https://api-scuda.uat.oci.krungsri.tech/ic/api/v1/customer/individual/getprofile,1720,0,25
1778849883534,45,SearchJuristic,200,OK,SearchJuristic 6-16,text,true,,8501,2612,1,201,https://api-scuda.uat.oci.krungsri.tech/ords/api/v1/customer/juristic/searchprofile,45,0,19
1778849883541,35,SearchIndividual,200,OK,SearchIndividual 2-630,text,true,,621,2613,7,201,https://api-scuda.uat.oci.krungsri.tech/ords/api/v1/customer/individual/searchprofile,35,0,23
1778849881089,2487,UpdateIndividual,200,OK,UpdateIndividual 4-187,text,true,,800,5633,68,201,https://api-scuda.uat.oci.krungsri.tech/ic/api/v1/customer/individual/updateprofile,2487,0,95
1778849878821,4754,CreateJuristic,201,Created,CreateJuristic 7-11,text,true,,1172,7551,6,201,https://api-scuda.uat.oci.krungsri.tech/ic/api/v1/customer/juristic/createprofile,4754,0,18
1778849882048,1526,GetIndividual,200,OK,GetIndividual 1-319,text,true,,3826,3588,90,201,https://api-scuda.uat.oci.krungsri.tech/ic/api/v1/customer/individual/getprofile,1526,0,26
1778849881165,2405,UpdateIndividual,200,OK,UpdateIndividual 4-188,text,true,,800,4229,68,197,https://api-scuda.uat.oci.krungsri.tech/ic/api/v1/customer/individual/updateprofile,2405,0,40
1778849882081,1517,GetIndividual,200,OK,GetIndividual 1-322,text,true,,3818,3588,88,193,https://api-scuda.uat.oci.krungsri.tech/ic/api/v1/customer/individual/getprofile,1517,0,17
1778849881668,1931,GetIndividual,200,OK,GetIndividual 1-303,text,true,,3887,3588,88,193,https://api-scuda.uat.oci.krungsri.tech/ic/api/v1/customer/individual/getprofile,1931,0,35
1778849883568,32,SearchIndividual,200,OK,SearchIndividual 2-633,text,true,,621,2617,5,193,https://api-scuda.uat.oci.krungsri.tech/ords/api/v1/customer/individual/searchprofile,32,0,20
1778849883572,37,SearchIndividual,200,OK,SearchIndividual 2-634,text,true,,621,2640,5,192,https://api-scuda.uat.oci.krungsri.tech/ords/api/v1/customer/individual/searchprofile,37,0,14
1778849883573,42,SearchIndividual,200,OK,SearchIndividual 2-636,text,true,,14189,2607,4,191,https://api-scuda.uat.oci.krungsri.tech/ords/api/v1/customer/individual/searchprofile,40,0,24
1778849883572,61,SearchIndividual,200,OK,SearchIndividual 2-635,text,true,,14021,2604,5,192,https://api-scuda.uat.oci.krungsri.tech/ords/api/v1/customer/individual/searchprofile,61,0,34
1778849883583,55,SearchIndividual,200,OK,SearchIndividual 2-637,text,true,,621,2603,5,192,https://api-scuda.uat.oci.krungsri.tech/ords/api/v1/customer/individual/searchprofile,55,0,40
1778849883607,38,SearchIndividual,200,OK,SearchIndividual 2-638,text,true,,621,2613,6,194,https://api-scuda.uat.oci.krungsri.tech/ords/api/v1/customer/individual/searchprofile,37,0,26
1778849883619,40,SearchIndividual,200,OK,SearchIndividual 2-639,text,true,,621,2603,7,197,https://api-scuda.uat.oci.krungsri.tech/ords/api/v1/customer/individual/searchprofile,39,0,26
1778849883627,38,SearchIndividual,200,OK,SearchIndividual 2-640,text,true,,621,2620,7,197,https://api-scuda.uat.oci.krungsri.tech/ords/api/v1/customer/individual/searchprofile,38,0,25
1778849883639,27,SearchIndividual,200,OK,SearchIndividual 2-643,text,true,,621,2632,6,196,https://api-scuda.uat.oci.krungsri.tech/ords/api/v1/customer/individual/searchprofile,26,0,14
1778849883634,35,SearchIndividual,200,OK,SearchIndividual 2-641,text,true,,621,2616,5,195,https://api-scuda.uat.oci.krungsri.tech/ords/api/v1/customer/individual/searchprofile,35,0,23
1778849881639,2037,GetIndividual,200,OK,GetIndividual 1-300,text,true,,3865,3588,88,196,https://api-scuda.uat.oci.krungsri.tech/ic/api/v1/customer/individual/getprofile,2037,0,19
1778849883639,39,SearchIndividual,200,OK,SearchIndividual 2-642,text,true,,621,2604,5,195,https://api-scuda.uat.oci.krungsri.tech/ords/api/v1/customer/individual/searchprofile,38,0,27
1778849881817,1861,GetIndividual,200,OK,GetIndividual 1-312,text,true,,3808,3588,87,195,https://api-scuda.uat.oci.krungsri.tech/ic/api/v1/customer/individual/getprofile,1861,0,21
1778849881793,1886,GetIndividual,200,OK,GetIndividual 1-308,text,true,,3831,3588,86,193,https://api-scuda.uat.oci.krungsri.tech/ic/api/v1/customer/individual/getprofile,1886,0,36
1778849881996,1685,GetIndividual,200,OK,GetIndividual 1-317,text,true,,3803,3588,85,192,https://api-scuda.uat.oci.krungsri.tech/ic/api/v1/customer/individual/getprofile,1685,0,23
1778849883650,33,SearchIndividual,200,OK,SearchIndividual 2-644,text,true,,621,2613,4,191,https://api-scuda.uat.oci.krungsri.tech/ords/api/v1/customer/individual/searchprofile,32,0,21
1778849883658,35,SearchIndividual,200,OK,SearchIndividual 2-645,text,true,,14408,2611,7,194,https://api-scuda.uat.oci.krungsri.tech/ords/api/v1/customer/individual/searchprofile,34,0,20
1778849883662,32,SearchIndividual,200,OK,SearchIndividual 2-646,text,true,,620,2637,6,193,https://api-scuda.uat.oci.krungsri.tech/ords/api/v1/customer/individual/searchprofile,32,0,20
1778849883672,33,SearchIndividual,200,OK,SearchIndividual 2-647,text,true,,621,2640,5,194,https://api-scuda.uat.oci.krungsri.tech/ords/api/v1/customer/individual/searchprofile,33,0,21
1778849883688,27,SearchIndividual,200,OK,SearchIndividual 2-650,text,true,,621,2641,7,196,https://api-scuda.uat.oci.krungsri.tech/ords/api/v1/customer/individual/searchprofile,26,0,14
1778849883688,27,SearchIndividual,200,OK,SearchIndividual 2-649,text,true,,621,2604,7,196,https://api-scuda.uat.oci.krungsri.tech/ords/api/v1/customer/individual/searchprofile,27,0,15
1778849883693,28,SearchIndividual,200,OK,SearchIndividual 2-651,text,true,,620,2600,5,196,https://api-scuda.uat.oci.krungsri.tech/ords/api/v1/customer/individual/searchprofile,28,0,18
1778849883686,39,SearchIndividual,200,OK,SearchIndividual 2-648,text,true,,621,2611,4,196,https://api-scuda.uat.oci.krungsri.tech/ords/api/v1/customer/individual/searchprofile,38,0,20
1778849883707,32,SearchIndividual,200,OK,SearchIndividual 2-652,text,true,,621,2602,4,197,https://api-scuda.uat.oci.krungsri.tech/ords/api/v1/customer/individual/searchprofile,32,0,14
1778849883710,36,SearchIndividual,200,OK,SearchIndividual 2-653,text,true,,621,2613,3,196,https://api-scuda.uat.oci.krungsri.tech/ords/api/v1/customer/individual/searchprofile,36,0,23
1778849883713,38,SearchIndividual,200,OK,SearchIndividual 2-654,text,true,,14097,2608,2,197,https://api-scuda.uat.oci.krungsri.tech/ords/api/v1/customer/individual/searchprofile,37,0,23
1778849883734,30,SearchIndividual,200,OK,SearchIndividual 2-655,text,true,,620,2602,2,198,https://api-scuda.uat.oci.krungsri.tech/ords/api/v1/customer/individual/searchprofile,30,0,13
1778849882056,1716,GetIndividual,200,OK,GetIndividual 1-320,text,true,,3843,3588,86,199,https://api-scuda.uat.oci.krungsri.tech/ic/api/v1/customer/individual/getprofile,1716,0,20
1778849881175,2598,UpdateIndividual,200,OK,UpdateIndividual 4-189,text,true,,800,4226,76,198,https://api-scuda.uat.oci.krungsri.tech/ic/api/v1/customer/individual/updateprofile,2598,0,46
1778849881348,2426,UpdateIndividual,200,OK,UpdateIndividual 4-193,text,true,,800,4228,76,198,https://api-scuda.uat.oci.krungsri.tech/ic/api/v1/customer/individual/updateprofile,2426,0,18
1778849882843,941,GetIndividual,200,OK,GetIndividual 1-358,text,true,,3836,3588,85,200,https://api-scuda.uat.oci.krungsri.tech/ic/api/v1/customer/individual/getprofile,941,0,31
1778849882264,1532,GetIndividual,200,OK,GetIndividual 1-331,text,true,,3826,3588,84,200,https://api-scuda.uat.oci.krungsri.tech/ic/api/v1/customer/individual/getprofile,1532,0,13
1778849881937,1862,GetIndividual,200,OK,GetIndividual 1-315,text,true,,3869,3588,83,199,https://api-scuda.uat.oci.krungsri.tech/ic/api/v1/customer/individual/getprofile,1862,0,10
1778849883759,45,SearchIndividual,200,OK,SearchIndividual 2-656,text,true,,621,2643,6,199,https://api-scuda.uat.oci.krungsri.tech/ords/api/v1/customer/individual/searchprofile,44,0,19
1778849883771,34,SearchIndividual,200,OK,SearchIndividual 2-657,text,true,,621,2643,6,199,https://api-scuda.uat.oci.krungsri.tech/ords/api/v1/customer/individual/searchprofile,33,0,20
1778849883781,40,SearchIndividual,200,OK,SearchIndividual 2-658,text,true,,621,2603,4,198,https://api-scuda.uat.oci.krungsri.tech/ords/api/v1/customer/individual/searchprofile,40,0,29
1778849883781,44,SearchIndividual,200,OK,SearchIndividual 2-659,text,true,,621,2613,3,197,https://api-scuda.uat.oci.krungsri.tech/ords/api/v1/customer/individual/searchprofile,43,0,28
1778849883801,37,SearchIndividual,200,OK,SearchIndividual 2-661,text,true,,621,2609,3,198,https://api-scuda.uat.oci.krungsri.tech/ords/api/v1/customer/individual/searchprofile,37,0,18
1778849883793,47,SearchIndividual,200,OK,SearchIndividual 2-660,text,true,,620,2612,2,197,https://api-scuda.uat.oci.krungsri.tech/ords/api/v1/customer/individual/searchprofile,46,0,28
1778849881707,2170,UpdateIndividual,200,OK,UpdateIndividual 4-203,text,true,,800,4227,77,202,https://api-scuda.uat.oci.krungsri.tech/ic/api/v1/customer/individual/updateprofile,2170,0,19
1778849882007,1871,GetIndividual,200,OK,GetIndividual 1-318,text,true,,3862,3588,84,202,https://api-scuda.uat.oci.krungsri.tech/ic/api/v1/customer/individual/getprofile,1871,0,21
1778849881679,2208,UpdateJuristic,200,OK,UpdateJuristic 8-14,text,true,,800,5826,3,202,https://api-scuda.uat.oci.krungsri.tech/ic/api/v1/customer/juristic/updateprofile,2208,0,18
1778849883830,59,SearchIndividual,200,OK,SearchIndividual 2-662,text,true,,621,2625,5,201,https://api-scuda.uat.oci.krungsri.tech/ords/api/v1/customer/individual/searchprofile,59,0,16
1778849882196,1694,GetIndividual,200,OK,GetIndividual 1-327,text,true,,3830,3587,83,201,https://api-scuda.uat.oci.krungsri.tech/ic/api/v1/customer/individual/getprofile,1694,0,31
1778849883864,29,SearchIndividual,200,OK,SearchIndividual 2-664,text,true,,621,2603,5,200,https://api-scuda.uat.oci.krungsri.tech/ords/api/v1/customer/individual/searchprofile,29,0,17
1778849883847,60,SearchIndividual,200,OK,SearchIndividual 2-663,text,true,,620,2601,5,201,https://api-scuda.uat.oci.krungsri.tech/ords/api/v1/customer/individual/searchprofile,60,0,43
1778849883878,39,SearchJuristic,200,OK,SearchJuristic 6-17,text,true,,621,2611,1,202,https://api-scuda.uat.oci.krungsri.tech/ords/api/v1/customer/juristic/searchprofile,38,0,23
1778849883880,41,SearchIndividual,200,OK,SearchIndividual 2-666,text,true,,621,2641,6,202,https://api-scuda.uat.oci.krungsri.tech/ords/api/v1/customer/individual/searchprofile,40,0,20
1778849883880,41,SearchIndividual,200,OK,SearchIndividual 2-665,text,true,,621,2613,6,202,https://api-scuda.uat.oci.krungsri.tech/ords/api/v1/customer/individual/searchprofile,41,0,22
1778849883890,37,SearchIndividual,200,OK,SearchIndividual 2-667,text,true,,14604,2607,4,200,https://api-scuda.uat.oci.krungsri.tech/ords/api/v1/customer/individual/searchprofile,36,0,13
1778849883896,37,SearchIndividual,200,OK,SearchIndividual 2-668,text,true,,621,2647,3,199,https://api-scuda.uat.oci.krungsri.tech/ords/api/v1/customer/individual/searchprofile,36,0,23
1778849883908,25,SearchIndividual,200,OK,SearchIndividual 2-669,text,true,,621,2604,2,198,https://api-scuda.uat.oci.krungsri.tech/ords/api/v1/customer/individual/searchprofile,22,0,12
1778849883920,36,SearchIndividual,200,OK,SearchIndividual 2-670,text,true,,14617,2614,3,202,https://api-scuda.uat.oci.krungsri.tech/ords/api/v1/customer/individual/searchprofile,35,0,20
1778849882193,1777,UpdateIndividual,200,OK,UpdateIndividual 4-217,text,true,,800,4229,80,205,https://api-scuda.uat.oci.krungsri.tech/ic/api/v1/customer/individual/updateprofile,1777,0,22
1778849883938,35,SearchIndividual,200,OK,SearchIndividual 2-672,text,true,,621,2613,4,204,https://api-scuda.uat.oci.krungsri.tech/ords/api/v1/customer/individual/searchprofile,35,0,21
1778849881467,2508,UpdateIndividual,200,OK,UpdateIndividual 4-195,text,true,,800,4229,79,203,https://api-scuda.uat.oci.krungsri.tech/ic/api/v1/customer/individual/updateprofile,2508,0,24
1778849881497,2478,UpdateIndividual,200,OK,UpdateIndividual 4-196,text,true,,800,4229,79,203,https://api-scuda.uat.oci.krungsri.tech/ic/api/v1/customer/individual/updateprofile,2478,0,14
1778849883934,41,SearchIndividual,200,OK,SearchIndividual 2-671,text,true,,621,2613,3,203,https://api-scuda.uat.oci.krungsri.tech/ords/api/v1/customer/individual/searchprofile,41,0,29
1778849882129,1849,GetIndividual,200,OK,GetIndividual 1-323,text,true,,3835,3588,84,200,https://api-scuda.uat.oci.krungsri.tech/ic/api/v1/customer/individual/getprofile,1849,0,22
1778849882294,1687,GetIndividual,200,OK,GetIndividual 1-333,text,true,,3804,3588,83,199,https://api-scuda.uat.oci.krungsri.tech/ic/api/v1/customer/individual/getprofile,1687,0,20
1778849882666,1317,GetIndividual,200,OK,GetIndividual 1-348,text,true,,3820,3588,82,199,https://api-scuda.uat.oci.krungsri.tech/ic/api/v1/customer/individual/getprofile,1317,0,21
1778849883960,37,SearchIndividual,200,OK,SearchIndividual 2-673,text,true,,621,2611,3,199,https://api-scuda.uat.oci.krungsri.tech/ords/api/v1/customer/individual/searchprofile,36,0,20
1778849881283,2714,UpdateIndividual,200,OK,UpdateIndividual 4-191,text,true,,800,4229,77,199,https://api-scuda.uat.oci.krungsri.tech/ic/api/v1/customer/individual/updateprofile,2714,0,14
1778849881260,2745,UpdateIndividual,200,OK,UpdateIndividual 4-190,text,true,,800,5641,76,198,https://api-scuda.uat.oci.krungsri.tech/ic/api/v1/customer/individual/updateprofile,2745,0,12
1778849883968,48,SearchIndividual,200,OK,SearchIndividual 2-674,text,true,,621,2603,5,201,https://api-scuda.uat.oci.krungsri.tech/ords/api/v1/customer/individual/searchprofile,48,0,24
1778849882598,1420,GetIndividual,200,OK,GetIndividual 1-345,text,true,,3830,3588,81,201,https://api-scuda.uat.oci.krungsri.tech/ic/api/v1/customer/individual/getprofile,1420,0,23
1778849883983,44,SearchIndividual,200,OK,SearchIndividual 2-675,text,true,,621,2638,6,203,https://api-scuda.uat.oci.krungsri.tech/ords/api/v1/customer/individual/searchprofile,43,0,30
1778849884014,27,SearchIndividual,200,OK,SearchIndividual 2-678,text,true,,621,2632,6,203,https://api-scuda.uat.oci.krungsri.tech/ords/api/v1/customer/individual/searchprofile,27,0,13
1778849884007,46,SearchIndividual,200,OK,SearchIndividual 2-677,text,true,,621,2613,7,204,https://api-scuda.uat.oci.krungsri.tech/ords/api/v1/customer/individual/searchprofile,45,0,29
1778849884007,46,SearchIndividual,200,OK,SearchIndividual 2-676,text,true,,621,2613,7,204,https://api-scuda.uat.oci.krungsri.tech/ords/api/v1/customer/individual/searchprofile,46,0,28
1778849884030,28,SearchIndividual,200,OK,SearchIndividual 2-681,text,true,,621,2622,5,202,https://api-scuda.uat.oci.krungsri.tech/ords/api/v1/customer/individual/searchprofile,28,0,14
1778849884026,38,SearchIndividual,200,OK,SearchIndividual 2-680,text,true,,621,2632,6,203,https://api-scuda.uat.oci.krungsri.tech/ords/api/v1/customer/individual/searchprofile,38,0,25
1778849884026,41,SearchIndividual,200,OK,SearchIndividual 2-679,text,true,,621,2613,6,204,https://api-scuda.uat.oci.krungsri.tech/ords/api/v1/customer/individual/searchprofile,41,0,26
1778849884060,22,SearchIndividual,200,OK,SearchIndividual 2-684,text,true,,621,2603,5,205,https://api-scuda.uat.oci.krungsri.tech/ords/api/v1/customer/individual/searchprofile,22,0,11
1778849881659,2414,UpdateIndividual,200,OK,UpdateIndividual 4-200,text,true,,800,5578,77,204,https://api-scuda.uat.oci.krungsri.tech/ic/api/v1/customer/individual/updateprofile,2414,0,21
1778849884049,44,SearchIndividual,200,OK,SearchIndividual 2-682,text,true,,621,2626,4,203,https://api-scuda.uat.oci.krungsri.tech/ords/api/v1/customer/individual/searchprofile,43,0,30
1778849884053,48,SearchIndividual,200,OK,SearchIndividual 2-683,text,true,,621,2613,4,204,https://api-scuda.uat.oci.krungsri.tech/ords/api/v1/customer/individual/searchprofile,47,0,28
1778849882584,1516,GetIndividual,200,OK,GetIndividual 1-343,text,true,,3897,3587,84,204,https://api-scuda.uat.oci.krungsri.tech/ic/api/v1/customer/individual/getprofile,1516,0,22
1778849884065,39,SearchIndividual,200,OK,SearchIndividual 2-686,text,true,,620,2633,3,202,https://api-scuda.uat.oci.krungsri.tech/ords/api/v1/customer/individual/searchprofile,39,0,27
1778849884060,56,SearchIndividual,200,OK,SearchIndividual 2-685,text,true,,621,2601,2,203,https://api-scuda.uat.oci.krungsri.tech/ords/api/v1/customer/individual/searchprofile,56,0,40
1778849884100,30,SearchIndividual,200,OK,SearchIndividual 2-687,text,true,,621,2613,3,207,https://api-scuda.uat.oci.krungsri.tech/ords/api/v1/customer/individual/searchprofile,29,0,20
1778849884121,28,SearchIndividual,200,OK,SearchIndividual 2-688,text,true,,621,2613,4,210,https://api-scuda.uat.oci.krungsri.tech/ords/api/v1/customer/individual/searchprofile,28,0,15
1778849884129,35,SearchIndividual,200,OK,SearchIndividual 2-689,text,true,,621,2605,5,214,https://api-scuda.uat.oci.krungsri.tech/ords/api/v1/customer/individual/searchprofile,35,0,23
1778849884146,23,SearchIndividual,200,OK,SearchIndividual 2-691,text,true,,621,2601,5,215,https://api-scuda.uat.oci.krungsri.tech/ords/api/v1/customer/individual/searchprofile,23,0,13
1778849884141,33,SearchIndividual,200,OK,SearchIndividual 2-690,text,true,,621,2604,4,214,https://api-scuda.uat.oci.krungsri.tech/ords/api/v1/customer/individual/searchprofile,32,0,21
1778849882207,1969,GetIndividual,200,OK,GetIndividual 1-329,text,true,,3806,3588,87,213,https://api-scuda.uat.oci.krungsri.tech/ic/api/v1/customer/individual/getprofile,1969,0,33
1778849882473,1705,GetIndividual,200,OK,GetIndividual 1-337,text,true,,3888,3588,86,212,https://api-scuda.uat.oci.krungsri.tech/ic/api/v1/customer/individual/getprofile,1705,0,32
1778849884108,69,GetIndividual,429,Too Many Requests,GetIndividual 1-411,text,false,,600,3587,86,212,https://api-scuda.uat.oci.krungsri.tech/ic/api/v1/customer/individual/getprofile,69,0,28
1778849884159,37,SearchIndividual,200,OK,SearchIndividual 2-692,text,true,,620,2603,7,217,https://api-scuda.uat.oci.krungsri.tech/ords/api/v1/customer/individual/searchprofile,37,0,18
1778849884167,31,SearchIndividual,200,OK,SearchIndividual 2-694,text,true,,621,2600,6,217,https://api-scuda.uat.oci.krungsri.tech/ords/api/v1/customer/individual/searchprofile,31,0,15
1778849882188,2011,GetIndividual,200,OK,GetIndividual 1-326,text,true,,3838,3588,87,216,https://api-scuda.uat.oci.krungsri.tech/ic/api/v1/customer/individual/getprofile,2011,0,21
1778849884163,38,SearchIndividual,200,OK,SearchIndividual 2-693,text,true,,621,2641,5,215,https://api-scuda.uat.oci.krungsri.tech/ords/api/v1/customer/individual/searchprofile,37,0,25
1778849884134,73,UpdateIndividual,429,Too Many Requests,UpdateIndividual 4-277,text,false,,606,5570,84,216,https://api-scuda.uat.oci.krungsri.tech/ic/api/v1/customer/individual/updateprofile,73,0,20
1778849884181,36,SearchIndividual,200,OK,SearchIndividual 2-695,text,true,,621,2602,6,218,https://api-scuda.uat.oci.krungsri.tech/ords/api/v1/customer/individual/searchprofile,36,0,25
1778849884130,89,UpdateIndividual,429,Too Many Requests,UpdateIndividual 4-276,text,false,,606,4227,84,217,https://api-scuda.uat.oci.krungsri.tech/ic/api/v1/customer/individual/updateprofile,89,0,21
1778849884185,35,SearchIndividual,200,OK,SearchIndividual 2-696,text,true,,621,2613,5,217,https://api-scuda.uat.oci.krungsri.tech/ords/api/v1/customer/individual/searchprofile,34,0,22
1778849884190,44,SearchIndividual,200,OK,SearchIndividual 2-697,text,true,,621,2606,6,219,https://api-scuda.uat.oci.krungsri.tech/ords/api/v1/customer/individual/searchprofile,43,0,15
1778849884204,33,SearchIndividual,200,OK,SearchIndividual 2-699,text,true,,621,2631,5,219,https://api-scuda.uat.oci.krungsri.tech/ords/api/v1/customer/individual/searchprofile,33,0,19
1778849884153,101,GetIndividual,429,Too Many Requests,GetIndividual 1-412,text,false,,600,3588,91,223,https://api-scuda.uat.oci.krungsri.tech/ic/api/v1/customer/individual/getprofile,101,0,15
1778849884196,60,SearchIndividual,200,OK,SearchIndividual 2-698,text,true,,621,2613,7,223,https://api-scuda.uat.oci.krungsri.tech/ords/api/v1/customer/individual/searchprofile,60,0,41
1778849884168,91,UpdateIndividual,429,Too Many Requests,UpdateIndividual 4-280,text,false,,606,4227,86,223,https://api-scuda.uat.oci.krungsri.tech/ic/api/v1/customer/individual/updateprofile,91,0,17
1778849884166,96,GetIndividual,429,Too Many Requests,GetIndividual 1-414,text,false,,600,3588,91,223,https://api-scuda.uat.oci.krungsri.tech/ic/api/v1/customer/individual/getprofile,96,0,22
1778849884232,33,SearchIndividual,200,OK,SearchIndividual 2-702,text,true,,621,2613,6,222,https://api-scuda.uat.oci.krungsri.tech/ords/api/v1/customer/individual/searchprofile,33,0,22
1778849884147,121,UpdateIndividual,429,Too Many Requests,UpdateIndividual 4-279,text,false,,606,5572,85,222,https://api-scuda.uat.oci.krungsri.tech/ic/api/v1/customer/individual/updateprofile,121,0,24
1778849884186,84,GetIndividual,429,Too Many Requests,GetIndividual 1-416,text,false,,600,3588,90,221,https://api-scuda.uat.oci.krungsri.tech/ic/api/v1/customer/individual/getprofile,84,0,32
1778849882730,1546,GetIndividual,200,OK,GetIndividual 1-352,text,true,,3953,3588,89,224,https://api-scuda.uat.oci.krungsri.tech/ic/api/v1/customer/individual/getprofile,1546,0,10
1778849884229,48,SearchIndividual,200,OK,SearchIndividual 2-701,text,true,,621,2613,9,224,https://api-scuda.uat.oci.krungsri.tech/ords/api/v1/customer/individual/searchprofile,47,0,22
1778849882143,2134,GetIndividual,200,OK,GetIndividual 1-324,text,true,,3857,3588,89,224,https://api-scuda.uat.oci.krungsri.tech/ic/api/v1/customer/individual/getprofile,2134,0,21
1778849882565,1715,GetIndividual,200,OK,GetIndividual 1-341,text,true,,3816,3588,87,222,https://api-scuda.uat.oci.krungsri.tech/ic/api/v1/customer/individual/getprofile,1715,0,23
1778849884248,33,SearchIndividual,200,OK,SearchIndividual 2-704,text,true,,621,2613,10,222,https://api-scuda.uat.oci.krungsri.tech/ords/api/v1/customer/individual/searchprofile,33,0,18
1778849884217,65,SearchIndividual,200,OK,SearchIndividual 2-700,text,true,,621,2604,9,221,https://api-scuda.uat.oci.krungsri.tech/ords/api/v1/customer/individual/searchprofile,65,0,36
1778849882699,1583,GetIndividual,200,OK,GetIndividual 1-351,text,true,,3796,3588,86,221,https://api-scuda.uat.oci.krungsri.tech/ic/api/v1/customer/individual/getprofile,1583,0,19
1778849884244,42,SearchJoint,200,OK,SearchJoint 10-17,text,true,,621,2627,1,220,https://api-scuda.uat.oci.krungsri.tech/ords/api/v1/customer/joint/searchprofile,42,0,23
1778849884246,48,SearchIndividual,200,OK,SearchIndividual 2-703,text,true,,621,2613,9,221,https://api-scuda.uat.oci.krungsri.tech/ords/api/v1/customer/individual/searchprofile,47,0,28
1778849884256,43,SearchIndividual,200,OK,SearchIndividual 2-705,text,true,,621,2605,8,220,https://api-scuda.uat.oci.krungsri.tech/ords/api/v1/customer/individual/searchprofile,42,0,27
1778849884206,94,GetIndividual,429,Too Many Requests,GetIndividual 1-418,text,false,,600,3588,86,219,https://api-scuda.uat.oci.krungsri.tech/ic/api/v1/customer/individual/getprofile,94,0,23
1778849884273,31,SearchIndividual,200,OK,SearchIndividual 2-708,text,true,,621,2601,7,219,https://api-scuda.uat.oci.krungsri.tech/ords/api/v1/customer/individual/searchprofile,30,0,20
1778849884191,112,GetIndividual,429,Too Many Requests,GetIndividual 1-417,text,false,,600,3588,86,219,https://api-scuda.uat.oci.krungsri.tech/ic/api/v1/customer/individual/getprofile,112,0,29
1778849884271,40,SearchIndividual,200,OK,SearchIndividual 2-707,text,true,,621,2637,8,220,https://api-scuda.uat.oci.krungsri.tech/ords/api/v1/customer/individual/searchprofile,40,0,24
1778849884268,43,SearchIndividual,200,OK,SearchIndividual 2-706,text,true,,14316,2604,8,220,https://api-scuda.uat.oci.krungsri.tech/ords/api/v1/customer/individual/searchprofile,43,0,25
1778849884276,40,SearchIndividual,200,OK,SearchIndividual 2-709,text,true,,621,2613,7,219,https://api-scuda.uat.oci.krungsri.tech/ords/api/v1/customer/individual/searchprofile,39,0,26
1778849884281,46,SearchIndividual,200,OK,SearchIndividual 2-711,text,true,,621,2610,6,221,https://api-scuda.uat.oci.krungsri.tech/ords/api/v1/customer/individual/searchprofile,45,0,32
1778849884279,48,SearchIndividual,200,OK,SearchIndividual 2-710,text,true,,621,2603,6,221,https://api-scuda.uat.oci.krungsri.tech/ords/api/v1/customer/individual/searchprofile,48,0,34
1778849884295,34,SearchIndividual,200,OK,SearchIndividual 2-712,text,true,,621,2638,4,219,https://api-scuda.uat.oci.krungsri.tech/ords/api/v1/customer/individual/searchprofile,34,0,22
1778849884217,112,UpdateIndividual,429,Too Many Requests,UpdateIndividual 4-282,text,false,,606,4226,87,218,https://api-scuda.uat.oci.krungsri.tech/ic/api/v1/customer/individual/updateprofile,112,0,21
1778849884245,88,GetIndividual,429,Too Many Requests,GetIndividual 1-422,text,false,,600,3588,88,217,https://api-scuda.uat.oci.krungsri.tech/ic/api/v1/customer/individual/getprofile,88,0,21
1778849884307,28,SearchIndividual,200,OK,SearchIndividual 2-713,text,true,,621,2613,3,216,https://api-scuda.uat.oci.krungsri.tech/ords/api/v1/customer/individual/searchprofile,28,0,15
1778849884244,91,UpdateIndividual,429,Too Many Requests,UpdateIndividual 4-284,text,false,,606,4230,86,216,https://api-scuda.uat.oci.krungsri.tech/ic/api/v1/customer/individual/updateprofile,91,0,18
1778849884307,29,SearchIndividual,200,OK,SearchIndividual 2-714,text,true,,621,2613,2,214,https://api-scuda.uat.oci.krungsri.tech/ords/api/v1/customer/individual/searchprofile,29,0,15
1778849884316,25,SearchIndividual,200,OK,SearchIndividual 2-715,text,true,,621,2610,1,214,https://api-scuda.uat.oci.krungsri.tech/ords/api/v1/customer/individual/searchprofile,25,0,15
1778849884238,117,GetIndividual,429,Too Many Requests,GetIndividual 1-421,text,false,,600,3588,88,214,https://api-scuda.uat.oci.krungsri.tech/ic/api/v1/customer/individual/getprofile,117,0,26
1778849884276,90,UpdateIndividual,429,Too Many Requests,UpdateIndividual 4-286,text,false,,606,4227,85,213,https://api-scuda.uat.oci.krungsri.tech/ic/api/v1/customer/individual/updateprofile,90,0,22
1778849884218,152,GetIndividual,429,Too Many Requests,GetIndividual 1-419,text,false,,600,3588,87,212,https://api-scuda.uat.oci.krungsri.tech/ic/api/v1/customer/individual/getprofile,152,0,22
1778849882770,1605,GetIndividual,200,OK,GetIndividual 1-355,text,true,,3834,3588,86,211,https://api-scuda.uat.oci.krungsri.tech/ic/api/v1/customer/individual/getprofile,1605,0,20
1778849884265,110,UpdateIndividual,429,Too Many Requests,UpdateIndividual 4-285,text,false,,606,4227,84,211,https://api-scuda.uat.oci.krungsri.tech/ic/api/v1/customer/individual/updateprofile,110,0,34
1778849882476,1900,GetIndividual,200,OK,GetIndividual 1-338,text,true,,3847,3588,85,209,https://api-scuda.uat.oci.krungsri.tech/ic/api/v1/customer/individual/getprofile,1900,0,27
1778849882315,2062,GetIndividual,200,OK,GetIndividual 1-335,text,true,,3894,3587,84,208,https://api-scuda.uat.oci.krungsri.tech/ic/api/v1/customer/individual/getprofile,2062,0,29
1778849884309,68,GetIndividual,429,Too Many Requests,GetIndividual 1-426,text,false,,600,3588,85,209,https://api-scuda.uat.oci.krungsri.tech/ic/api/v1/customer/individual/getprofile,68,0,21
1778849882204,2173,GetIndividual,200,OK,GetIndividual 1-328,text,true,,3833,3588,84,208,https://api-scuda.uat.oci.krungsri.tech/ic/api/v1/customer/individual/getprofile,2173,0,24
1778849883221,1157,GetIndividual,200,OK,GetIndividual 1-380,text,true,,3867,3588,82,206,https://api-scuda.uat.oci.krungsri.tech/ic/api/v1/customer/individual/getprofile,1157,0,42
1778849884355,35,SearchIndividual,200,OK,SearchIndividual 2-716,text,true,,621,2641,3,207,https://api-scuda.uat.oci.krungsri.tech/ords/api/v1/customer/individual/searchprofile,35,0,22
1778849882312,2081,GetIndividual,200,OK,GetIndividual 1-334,text,true,,3871,3588,81,206,https://api-scuda.uat.oci.krungsri.tech/ic/api/v1/customer/individual/getprofile,2081,0,13
1778849881835,2561,UpdateIndividual,200,OK,UpdateIndividual 4-206,text,true,,800,4227,83,205,https://api-scuda.uat.oci.krungsri.tech/ic/api/v1/customer/individual/updateprofile,2561,0,15
1778849881581,2816,UpdateIndividual,200,OK,UpdateIndividual 4-197,text,true,,800,4227,83,205,https://api-scuda.uat.oci.krungsri.tech/ic/api/v1/customer/individual/updateprofile,2816,0,25
1778849882250,2150,GetIndividual,200,OK,GetIndividual 1-330,text,true,,3851,3588,80,203,https://api-scuda.uat.oci.krungsri.tech/ic/api/v1/customer/individual/getprofile,2150,0,17
1778849884317,95,GetIndividual,429,Too Many Requests,GetIndividual 1-427,text,false,,600,3588,80,204,https://api-scuda.uat.oci.krungsri.tech/ic/api/v1/customer/individual/getprofile,94,0,24
1778849884382,33,SearchIndividual,200,OK,SearchIndividual 2-717,text,true,,621,2600,3,204,https://api-scuda.uat.oci.krungsri.tech/ords/api/v1/customer/individual/searchprofile,33,0,21
1778849884389,38,SearchIndividual,200,OK,SearchIndividual 2-718,text,true,,621,2613,2,203,https://api-scuda.uat.oci.krungsri.tech/ords/api/v1/customer/individual/searchprofile,37,0,22
1778849884406,33,SearchIndividual,200,OK,SearchIndividual 2-719,text,true,,13987,2605,2,204,https://api-scuda.uat.oci.krungsri.tech/ords/api/v1/customer/individual/searchprofile,32,0,16
1778849884439,27,SearchIndividual,200,OK,SearchIndividual 2-720,text,true,,621,2650,3,206,https://api-scuda.uat.oci.krungsri.tech/ords/api/v1/customer/individual/searchprofile,26,0,13
1778849881635,2835,UpdateIndividual,200,OK,UpdateIndividual 4-199,text,true,,800,4229,83,206,https://api-scuda.uat.oci.krungsri.tech/ic/api/v1/customer/individual/updateprofile,2835,0,14
1778849884443,29,SearchIndividual,200,OK,SearchIndividual 2-721,text,true,,621,2629,2,205,https://api-scuda.uat.oci.krungsri.tech/ords/api/v1/customer/individual/searchprofile,29,0,17
1778849882139,2334,UpdateIndividual,200,OK,UpdateIndividual 4-214,text,true,,800,5504,82,204,https://api-scuda.uat.oci.krungsri.tech/ic/api/v1/customer/individual/updateprofile,2334,0,19
1778849882557,1922,GetIndividual,200,OK,GetIndividual 1-340,text,true,,3836,3588,81,203,https://api-scuda.uat.oci.krungsri.tech/ic/api/v1/customer/individual/getprofile,1922,0,25
1778849884464,26,SearchIndividual,200,OK,SearchIndividual 2-722,text,true,,620,2601,2,205,https://api-scuda.uat.oci.krungsri.tech/ords/api/v1/customer/individual/searchprofile,25,0,15
1778849882035,2462,UpdateIndividual,200,OK,UpdateIndividual 4-212,text,true,,800,4227,81,204,https://api-scuda.uat.oci.krungsri.tech/ic/api/v1/customer/individual/updateprofile,2462,0,18
1778849883284,1214,GetIndividual,200,OK,GetIndividual 1-383,text,true,,3889,3588,82,203,https://api-scuda.uat.oci.krungsri.tech/ic/api/v1/customer/individual/getprofile,1214,0,23
1778849881584,2916,UpdateIndividual,200,OK,UpdateIndividual 4-198,text,true,,800,4229,80,202,https://api-scuda.uat.oci.krungsri.tech/ic/api/v1/customer/individual/updateprofile,2916,0,23
1778849884487,46,SearchIndividual,200,OK,SearchIndividual 2-723,text,true,,14309,2602,5,208,https://api-scuda.uat.oci.krungsri.tech/ords/api/v1/customer/individual/searchprofile,45,0,22
1778849884515,33,SearchIndividual,200,OK,SearchIndividual 2-725,text,true,,621,2613,5,209,https://api-scuda.uat.oci.krungsri.tech/ords/api/v1/customer/individual/searchprofile,33,0,20
1778849884515,34,SearchIndividual,200,OK,SearchIndividual 2-724,text,true,,621,2640,4,208,https://api-scuda.uat.oci.krungsri.tech/ords/api/v1/customer/individual/searchprofile,33,0,14
1778849884520,30,SearchIndividual,200,OK,SearchIndividual 2-726,text,true,,621,2635,3,207,https://api-scuda.uat.oci.krungsri.tech/ords/api/v1/customer/individual/searchprofile,29,0,17
1778849884521,34,SearchIndividual,200,OK,SearchIndividual 2-727,text,true,,621,2610,2,206,https://api-scuda.uat.oci.krungsri.tech/ords/api/v1/customer/individual/searchprofile,34,0,22
1778849882878,1702,GetIndividual,200,OK,GetIndividual 1-360,text,true,,3855,3588,83,205,https://api-scuda.uat.oci.krungsri.tech/ic/api/v1/customer/individual/getprofile,1702,0,59
1778849879648,4932,CreateJuristic,201,Created,CreateJuristic 7-12,text,true,,1172,7640,5,205,https://api-scuda.uat.oci.krungsri.tech/ic/api/v1/customer/juristic/createprofile,4932,0,25
1778849882572,2005,GetIndividual,200,OK,GetIndividual 1-342,text,true,,3867,3588,83,205,https://api-scuda.uat.oci.krungsri.tech/ic/api/v1/customer/individual/getprofile,2005,0,21
1778849882804,1773,GetIndividual,200,OK,GetIndividual 1-356,text,true,,3884,3587,83,205,https://api-scuda.uat.oci.krungsri.tech/ic/api/v1/customer/individual/getprofile,1773,0,31
1778849884536,37,SearchIndividual,200,OK,SearchIndividual 2-728,text,true,,620,2649,1,205,https://api-scuda.uat.oci.krungsri.tech/ords/api/v1/customer/individual/searchprofile,37,0,26
1778849881363,3207,UpdateIndividual,200,OK,UpdateIndividual 4-194,text,true,,800,4227,81,205,https://api-scuda.uat.oci.krungsri.tech/ic/api/v1/customer/individual/updateprofile,3207,0,24
1778849882347,2248,UpdateIndividual,200,OK,UpdateIndividual 4-221,text,true,,800,4230,80,202,https://api-scuda.uat.oci.krungsri.tech/ic/api/v1/customer/individual/updateprofile,2248,0,39
1778849882023,2574,UpdateIndividual,200,OK,UpdateIndividual 4-211,text,true,,800,5491,79,203,https://api-scuda.uat.oci.krungsri.tech/ic/api/v1/customer/individual/updateprofile,2574,0,25
1778849882177,2421,GetIndividual,200,OK,GetIndividual 1-325,text,true,,3864,3588,83,203,https://api-scuda.uat.oci.krungsri.tech/ic/api/v1/customer/individual/getprofile,2421,0,22
1778849882513,2089,GetIndividual,200,OK,GetIndividual 1-339,text,true,,3856,3588,82,202,https://api-scuda.uat.oci.krungsri.tech/ic/api/v1/customer/individual/getprofile,2089,0,21
1778849884596,28,SearchIndividual,200,OK,SearchIndividual 2-729,text,true,,621,2646,3,205,https://api-scuda.uat.oci.krungsri.tech/ords/api/v1/customer/individual/searchprofile,27,0,15
1778849884605,34,SearchIndividual,200,OK,SearchIndividual 2-730,text,true,,621,2613,4,207,https://api-scuda.uat.oci.krungsri.tech/ords/api/v1/customer/individual/searchprofile,34,0,20
1778849884627,33,SearchIndividual,200,OK,SearchIndividual 2-732,text,true,,621,2604,3,207,https://api-scuda.uat.oci.krungsri.tech/ords/api/v1/customer/individual/searchprofile,33,0,20
1778849884624,36,SearchIndividual,200,OK,SearchIndividual 2-731,text,true,,621,2613,3,207,https://api-scuda.uat.oci.krungsri.tech/ords/api/v1/customer/individual/searchprofile,36,0,24
1778849884595,69,GetIndividual,429,Too Many Requests,GetIndividual 1-439,text,false,,600,3588,84,205,https://api-scuda.uat.oci.krungsri.tech/ic/api/v1/customer/individual/getprofile,69,0,21
1778849884638,32,SearchIndividual,200,OK,SearchIndividual 2-733,text,true,,621,2631,1,205,https://api-scuda.uat.oci.krungsri.tech/ords/api/v1/customer/individual/searchprofile,31,0,20
1778849882686,1986,GetIndividual,200,OK,GetIndividual 1-349,text,true,,3878,3587,84,204,https://api-scuda.uat.oci.krungsri.tech/ic/api/v1/customer/individual/getprofile,1986,0,29
1778849882585,2091,GetIndividual,200,OK,GetIndividual 1-344,text,true,,3796,3588,83,203,https://api-scuda.uat.oci.krungsri.tech/ic/api/v1/customer/individual/getprofile,2091,0,20
1778849881939,2737,UpdateIndividual,200,OK,UpdateIndividual 4-209,text,true,,800,5571,80,203,https://api-scuda.uat.oci.krungsri.tech/ic/api/v1/customer/individual/updateprofile,2737,0,19
1778849882675,2002,GetJoint,200,OK,GetJoint 9-15,text,true,,1431,3530,3,201,https://api-scuda.uat.oci.krungsri.tech/ic/api/v1/customer/joint/getprofile,2002,0,29
1778849882634,2044,UpdateIndividual,200,OK,UpdateIndividual 4-230,text,true,,800,5585,79,201,https://api-scuda.uat.oci.krungsri.tech/ic/api/v1/customer/individual/updateprofile,2044,0,15
1778849881947,2731,GetIndividual,200,OK,GetIndividual 1-316,text,true,,3820,3588,82,201,https://api-scuda.uat.oci.krungsri.tech/ic/api/v1/customer/individual/getprofile,2731,0,20
1778849882187,2492,UpdateIndividual,200,OK,UpdateIndividual 4-216,text,true,,800,5605,78,198,https://api-scuda.uat.oci.krungsri.tech/ic/api/v1/customer/individual/updateprofile,2492,0,26
1778849882755,1924,GetIndividual,200,OK,GetIndividual 1-354,text,true,,3814,3588,81,198,https://api-scuda.uat.oci.krungsri.tech/ic/api/v1/customer/individual/getprofile,1924,0,21
1778849882081,2601,UpdateIndividual,200,OK,UpdateIndividual 4-213,text,true,,800,5622,77,197,https://api-scuda.uat.oci.krungsri.tech/ic/api/v1/customer/individual/updateprofile,2601,0,20
1778849882949,1750,GetIndividual,200,OK,GetIndividual 1-362,text,true,,3871,3588,81,197,https://api-scuda.uat.oci.krungsri.tech/ic/api/v1/customer/individual/getprofile,1750,0,21
1778849881734,2968,UpdateIndividual,200,OK,UpdateIndividual 4-204,text,true,,800,5643,77,196,https://api-scuda.uat.oci.krungsri.tech/ic/api/v1/customer/individual/updateprofile,2968,0,22
1778849884708,27,SearchIndividual,200,OK,SearchIndividual 2-734,text,true,,620,2612,1,199,https://api-scuda.uat.oci.krungsri.tech/ords/api/v1/customer/individual/searchprofile,27,0,15
1778849882398,2373,UpdateIndividual,200,OK,UpdateIndividual 4-222,text,true,,800,5654,78,203,https://api-scuda.uat.oci.krungsri.tech/ic/api/v1/customer/individual/updateprofile,2373,0,29
1778849881673,3101,UpdateIndividual,200,OK,UpdateIndividual 4-201,text,true,,800,4227,77,203,https://api-scuda.uat.oci.krungsri.tech/ic/api/v1/customer/individual/updateprofile,3101,0,15
1778849880625,4153,UpdateIndividual,200,OK,UpdateIndividual 4-173,text,true,,1744,5598,76,203,https://api-scuda.uat.oci.krungsri.tech/ic/api/v1/customer/individual/updateprofile,4153,0,20
1778849882647,2131,GetIndividual,200,OK,GetIndividual 1-347,text,true,,3783,3588,84,202,https://api-scuda.uat.oci.krungsri.tech/ic/api/v1/customer/individual/getprofile,2131,0,13
1778849882618,2164,GetIndividual,200,OK,GetIndividual 1-346,text,true,,3823,3587,83,201,https://api-scuda.uat.oci.krungsri.tech/ic/api/v1/customer/individual/getprofile,2164,0,14
1778849881908,2888,UpdateIndividual,200,OK,UpdateIndividual 4-208,text,true,,800,4231,75,203,https://api-scuda.uat.oci.krungsri.tech/ic/api/v1/customer/individual/updateprofile,2888,0,37
1778849884774,25,SearchIndividual,200,OK,SearchIndividual 2-738,text,true,,621,2613,5,202,https://api-scuda.uat.oci.krungsri.tech/ords/api/v1/customer/individual/searchprofile,25,0,13
1778849884771,31,SearchIndividual,200,OK,SearchIndividual 2-737,text,true,,621,2603,4,203,https://api-scuda.uat.oci.krungsri.tech/ords/api/v1/customer/individual/searchprofile,31,0,19
1778849884760,43,SearchIndividual,200,OK,SearchIndividual 2-735,text,true,,621,2632,4,203,https://api-scuda.uat.oci.krungsri.tech/ords/api/v1/customer/individual/searchprofile,41,0,29
1778849884766,37,SearchIndividual,200,OK,SearchIndividual 2-736,text,true,,621,2613,4,203,https://api-scuda.uat.oci.krungsri.tech/ords/api/v1/customer/individual/searchprofile,36,0,22
1778849882993,1809,GetIndividual,200,OK,GetIndividual 1-368,text,true,,3851,3588,85,203,https://api-scuda.uat.oci.krungsri.tech/ic/api/v1/customer/individual/getprofile,1809,0,25
1778849882293,2509,GetIndividual,200,OK,GetIndividual 1-332,text,true,,3760,3588,85,203,https://api-scuda.uat.oci.krungsri.tech/ic/api/v1/customer/individual/getprofile,2509,0,41
1778849884783,24,SearchIndividual,200,OK,SearchIndividual 2-739,text,true,,621,2613,1,199,https://api-scuda.uat.oci.krungsri.tech/ords/api/v1/customer/individual/searchprofile,24,0,13
1778849884816,33,SearchIndividual,200,OK,SearchIndividual 2-740,text,true,,621,2613,5,207,https://api-scuda.uat.oci.krungsri.tech/ords/api/v1/customer/individual/searchprofile,33,0,20
1778849884820,32,SearchIndividual,200,OK,SearchIndividual 2-741,text,true,,621,2620,4,206,https://api-scuda.uat.oci.krungsri.tech/ords/api/v1/customer/individual/searchprofile,32,0,21
1778849884820,46,SearchIndividual,200,OK,SearchIndividual 2-742,text,true,,621,2613,5,207,https://api-scuda.uat.oci.krungsri.tech/ords/api/v1/customer/individual/searchprofile,45,0,28
1778849882281,2589,UpdateIndividual,200,OK,UpdateIndividual 4-219,text,true,,800,4228,75,207,https://api-scuda.uat.oci.krungsri.tech/ic/api/v1/customer/individual/updateprofile,2589,0,21
1778849881973,2899,UpdateIndividual,200,OK,UpdateIndividual 4-210,text,true,,800,5614,74,206,https://api-scuda.uat.oci.krungsri.tech/ic/api/v1/customer/individual/updateprofile,2899,0,22
1778849883159,1716,GetIndividual,200,OK,GetIndividual 1-376,text,true,,3843,3588,86,205,https://api-scuda.uat.oci.krungsri.tech/ic/api/v1/customer/individual/getprofile,1716,0,24
1778849884848,36,SearchIndividual,200,OK,SearchIndividual 2-743,text,true,,620,2622,5,206,https://api-scuda.uat.oci.krungsri.tech/ords/api/v1/customer/individual/searchprofile,36,0,14
1778849884850,43,SearchIndividual,200,OK,SearchIndividual 2-744,text,true,,621,2613,5,208,https://api-scuda.uat.oci.krungsri.tech/ords/api/v1/customer/individual/searchprofile,43,0,27
1778849884861,35,SearchIndividual,200,OK,SearchIndividual 2-745,text,true,,621,2613,4,207,https://api-scuda.uat.oci.krungsri.tech/ords/api/v1/customer/individual/searchprofile,35,0,24
1778849882971,1927,GetIndividual,200,OK,GetIndividual 1-363,text,true,,3834,3588,88,206,https://api-scuda.uat.oci.krungsri.tech/ic/api/v1/customer/individual/getprofile,1927,0,16
1778849882978,1923,GetIndividual,200,OK,GetIndividual 1-365,text,true,,3895,3588,87,206,https://api-scuda.uat.oci.krungsri.tech/ic/api/v1/customer/individual/getprofile,1922,0,18
1778849882755,2146,GetIndividual,200,OK,GetIndividual 1-353,text,true,,3853,3588,87,206,https://api-scuda.uat.oci.krungsri.tech/ic/api/v1/customer/individual/getprofile,2146,0,21
1778849884866,43,SearchIndividual,200,OK,SearchIndividual 2-746,text,true,,621,2620,3,206,https://api-scuda.uat.oci.krungsri.tech/ords/api/v1/customer/individual/searchprofile,42,0,27
1778849884868,48,SearchIndividual,200,OK,SearchIndividual 2-747,text,true,,621,2613,4,207,https://api-scuda.uat.oci.krungsri.tech/ords/api/v1/customer/individual/searchprofile,48,0,31
1778849884893,29,SearchIndividual,200,OK,SearchIndividual 2-748,text,true,,621,2628,5,208,https://api-scuda.uat.oci.krungsri.tech/ords/api/v1/customer/individual/searchprofile,29,0,17
1778849884915,41,SearchIndividual,200,OK,SearchIndividual 2-750,text,true,,621,2601,5,209,https://api-scuda.uat.oci.krungsri.tech/ords/api/v1/customer/individual/searchprofile,39,0,25
1778849884918,43,SearchIndividual,200,OK,SearchIndividual 2-751,text,true,,621,2602,4,208,https://api-scuda.uat.oci.krungsri.tech/ords/api/v1/customer/individual/searchprofile,43,0,24
1778849884915,48,SearchIndividual,200,OK,SearchIndividual 2-749,text,true,,621,2613,3,207,https://api-scuda.uat.oci.krungsri.tech/ords/api/v1/customer/individual/searchprofile,48,0,26
1778849884922,41,SearchIndividual,200,OK,SearchIndividual 2-752,text,true,,13811,2608,3,207,https://api-scuda.uat.oci.krungsri.tech/ords/api/v1/customer/individual/searchprofile,40,0,25
1778849881682,3291,UpdateIndividual,200,OK,UpdateIndividual 4-202,text,true,,800,4228,79,209,https://api-scuda.uat.oci.krungsri.tech/ic/api/v1/customer/individual/updateprofile,3291,0,33
1778849882398,2576,UpdateIndividual,200,OK,UpdateIndividual 4-223,text,true,,800,4227,78,208,https://api-scuda.uat.oci.krungsri.tech/ic/api/v1/customer/individual/updateprofile,2576,0,21
1778849884934,42,SearchIndividual,200,OK,SearchIndividual 2-753,text,true,,621,2612,3,207,https://api-scuda.uat.oci.krungsri.tech/ords/api/v1/customer/individual/searchprofile,42,0,23
1778849883088,1889,GetIndividual,200,OK,GetIndividual 1-372,text,true,,3856,3588,86,206,https://api-scuda.uat.oci.krungsri.tech/ic/api/v1/customer/individual/getprofile,1889,0,43
1778849882993,1986,GetIndividual,200,OK,GetIndividual 1-367,text,true,,3853,3588,86,207,https://api-scuda.uat.oci.krungsri.tech/ic/api/v1/customer/individual/getprofile,1986,0,24
1778849882998,1984,GetIndividual,200,OK,GetIndividual 1-369,text,true,,3861,3588,85,206,https://api-scuda.uat.oci.krungsri.tech/ic/api/v1/customer/individual/getprofile,1984,0,20
1778849882493,2501,UpdateIndividual,200,OK,UpdateIndividual 4-226,text,true,,800,5581,77,206,https://api-scuda.uat.oci.krungsri.tech/ic/api/v1/customer/individual/updateprofile,2501,0,13
1778849881845,3155,UpdateIndividual,200,OK,UpdateIndividual 4-207,text,true,,800,4227,76,205,https://api-scuda.uat.oci.krungsri.tech/ic/api/v1/customer/individual/updateprofile,3155,0,24
1778849884971,31,SearchIndividual,200,OK,SearchIndividual 2-755,text,true,,621,2613,4,204,https://api-scuda.uat.oci.krungsri.tech/ords/api/v1/customer/individual/searchprofile,31,0,15
1778849882438,2564,GetIndividual,200,OK,GetIndividual 1-336,text,true,,3879,3588,84,204,https://api-scuda.uat.oci.krungsri.tech/ic/api/v1/customer/individual/getprofile,2564,0,29
1778849883083,1921,GetIndividual,200,OK,GetIndividual 1-371,text,true,,3836,3588,83,202,https://api-scuda.uat.oci.krungsri.tech/ic/api/v1/customer/individual/getprofile,1921,0,48
1778849884967,42,SearchIndividual,200,OK,SearchIndividual 2-754,text,true,,621,2609,4,202,https://api-scuda.uat.oci.krungsri.tech/ords/api/v1/customer/individual/searchprofile,42,0,24
1778849884979,31,SearchIndividual,200,OK,SearchIndividual 2-756,text,true,,14418,2614,3,201,https://api-scuda.uat.oci.krungsri.tech/ords/api/v1/customer/individual/searchprofile,31,0,12
1778849885006,31,SearchIndividual,200,OK,SearchIndividual 2-758,text,true,,14265,2608,7,206,https://api-scuda.uat.oci.krungsri.tech/ords/api/v1/customer/individual/searchprofile,30,0,16
1778849885015,31,SearchIndividual,200,OK,SearchIndividual 2-759,text,true,,621,2613,8,207,https://api-scuda.uat.oci.krungsri.tech/ords/api/v1/customer/individual/searchprofile,31,0,17
1778849884986,61,SearchIndividual,200,OK,SearchIndividual 2-757,text,true,,14341,2610,8,207,https://api-scuda.uat.oci.krungsri.tech/ords/api/v1/customer/individual/searchprofile,60,0,40
1778849885028,31,SearchIndividual,200,OK,SearchIndividual 2-760,text,true,,621,2623,6,207,https://api-scuda.uat.oci.krungsri.tech/ords/api/v1/customer/individual/searchprofile,31,0,13
1778849885043,60,SearchIndividual,200,OK,SearchIndividual 2-765,text,true,,621,2600,5,207,https://api-scuda.uat.oci.krungsri.tech/ords/api/v1/customer/individual/searchprofile,60,0,33
1778849882689,2414,GetIndividual,200,OK,GetIndividual 1-350,text,true,,3867,3588,85,207,https://api-scuda.uat.oci.krungsri.tech/ic/api/v1/customer/individual/getprofile,2414,0,20
1778849885037,65,SearchIndividual,200,OK,SearchIndividual 2-763,text,true,,14643,2614,5,207,https://api-scuda.uat.oci.krungsri.tech/ords/api/v1/customer/individual/searchprofile,65,0,25
1778849882714,2388,UpdateIndividual,200,OK,UpdateIndividual 4-233,text,true,,800,5676,76,207,https://api-scuda.uat.oci.krungsri.tech/ic/api/v1/customer/individual/updateprofile,2388,0,18
1778849879772,5330,CreateIndividual,201,Created,CreateIndividual 3-12,text,true,,1172,8204,6,207,https://api-scuda.uat.oci.krungsri.tech/ic/api/v1/customer/individual/createprofile,5330,0,32
1778849882162,2940,UpdateIndividual,200,OK,UpdateIndividual 4-215,text,true,,799,4227,76,207,https://api-scuda.uat.oci.krungsri.tech/ic/api/v1/customer/individual/updateprofile,2940,0,28
1778849885043,59,SearchIndividual,200,OK,SearchIndividual 2-764,text,true,,621,2610,5,207,https://api-scuda.uat.oci.krungsri.tech/ords/api/v1/customer/individual/searchprofile,59,0,31
1778849885037,36,SearchIndividual,200,OK,SearchIndividual 2-762,text,true,,621,2613,5,207,https://api-scuda.uat.oci.krungsri.tech/ords/api/v1/customer/individual/searchprofile,36,0,24
1778849885028,43,SearchIndividual,200,OK,SearchIndividual 2-761,text,true,,621,2613,5,207,https://api-scuda.uat.oci.krungsri.tech/ords/api/v1/customer/individual/searchprofile,43,0,21
1778849885108,29,SearchJoint,200,OK,SearchJoint 10-18,text,true,,620,2626,1,210,https://api-scuda.uat.oci.krungsri.tech/ords/api/v1/customer/joint/searchprofile,29,0,16
1778849885116,23,SearchIndividual,200,OK,SearchIndividual 2-769,text,true,,621,2614,5,209,https://api-scuda.uat.oci.krungsri.tech/ords/api/v1/customer/individual/searchprofile,23,0,12
1778849885129,27,SearchIndividual,200,OK,SearchIndividual 2-770,text,true,,621,2612,4,209,https://api-scuda.uat.oci.krungsri.tech/ords/api/v1/customer/individual/searchprofile,27,0,15
1778849885110,49,SearchIndividual,200,OK,SearchIndividual 2-767,text,true,,621,2632,3,208,https://api-scuda.uat.oci.krungsri.tech/ords/api/v1/customer/individual/searchprofile,48,0,31
1778849885105,55,SearchIndividual,200,OK,SearchIndividual 2-766,text,true,,621,2603,2,207,https://api-scuda.uat.oci.krungsri.tech/ords/api/v1/customer/individual/searchprofile,53,0,34
1778849882320,2852,UpdateJuristic,200,OK,UpdateJuristic 8-15,text,true,,799,5744,3,208,https://api-scuda.uat.oci.krungsri.tech/ic/api/v1/customer/juristic/updateprofile,2852,0,31
1778849882842,2331,GetIndividual,200,OK,GetIndividual 1-357,text,true,,3821,3588,86,207,https://api-scuda.uat.oci.krungsri.tech/ic/api/v1/customer/individual/getprofile,2331,0,34
1778849883132,2042,GetIndividual,200,OK,GetIndividual 1-375,text,true,,3823,3588,86,207,https://api-scuda.uat.oci.krungsri.tech/ic/api/v1/customer/individual/getprofile,2042,0,22
1778849883176,1999,GetIndividual,200,OK,GetIndividual 1-377,text,true,,3836,3588,84,205,https://api-scuda.uat.oci.krungsri.tech/ic/api/v1/customer/individual/getprofile,1999,0,23
1778849882893,2287,GetIndividual,200,OK,GetIndividual 1-361,text,true,,3839,3588,83,204,https://api-scuda.uat.oci.krungsri.tech/ic/api/v1/customer/individual/getprofile,2287,0,34
1778849884020,1179,GetIndividual,200,OK,GetIndividual 1-407,text,true,,3899,3588,82,205,https://api-scuda.uat.oci.krungsri.tech/ic/api/v1/customer/individual/getprofile,1179,0,19
1778849883323,1876,GetIndividual,200,OK,GetIndividual 1-389,text,true,,3811,3588,82,205,https://api-scuda.uat.oci.krungsri.tech/ic/api/v1/customer/individual/getprofile,1876,0,19
1778849883311,1892,GetIndividual,200,OK,GetIndividual 1-388,text,true,,3779,3588,80,203,https://api-scuda.uat.oci.krungsri.tech/ic/api/v1/customer/individual/getprofile,1892,0,23
1778849883215,1988,GetIndividual,200,OK,GetIndividual 1-378,text,true,,3840,3587,80,203,https://api-scuda.uat.oci.krungsri.tech/ic/api/v1/customer/individual/getprofile,1988,0,47
1778849885113,105,SearchIndividual,200,OK,SearchIndividual 2-768,text,true,,621,2606,3,204,https://api-scuda.uat.oci.krungsri.tech/ords/api/v1/customer/individual/searchprofile,104,0,84
1778849885210,42,SearchIndividual,200,OK,SearchIndividual 2-771,text,true,,621,2600,3,212,https://api-scuda.uat.oci.krungsri.tech/ords/api/v1/customer/individual/searchprofile,42,0,22
1778849885210,43,SearchIndividual,200,OK,SearchIndividual 2-772,text,true,,621,2602,2,211,https://api-scuda.uat.oci.krungsri.tech/ords/api/v1/customer/individual/searchprofile,43,0,25
1778849882318,2952,UpdateIndividual,200,OK,UpdateIndividual 4-220,text,true,,800,4229,85,213,https://api-scuda.uat.oci.krungsri.tech/ic/api/v1/customer/individual/updateprofile,2952,0,18
1778849885237,36,SearchIndividual,200,OK,SearchIndividual 2-773,text,true,,620,2643,2,213,https://api-scuda.uat.oci.krungsri.tech/ords/api/v1/customer/individual/searchprofile,36,0,25
1778849882868,2406,GetIndividual,200,OK,GetIndividual 1-359,text,true,,3850,3588,87,212,https://api-scuda.uat.oci.krungsri.tech/ic/api/v1/customer/individual/getprofile,2406,0,29
1778849883434,1841,GetIndividual,200,OK,GetIndividual 1-392,text,true,,3851,3588,86,211,https://api-scuda.uat.oci.krungsri.tech/ic/api/v1/customer/individual/getprofile,1841,0,21
1778849881803,3474,GetIndividual,200,OK,GetIndividual 1-311,text,true,,3826,3588,86,211,https://api-scuda.uat.oci.krungsri.tech/ic/api/v1/customer/individual/getprofile,3474,0,35
1778849881328,3949,GetIndividual,200,OK,GetIndividual 1-289,text,true,,3847,3588,86,211,https://api-scuda.uat.oci.krungsri.tech/ic/api/v1/customer/individual/getprofile,3949,0,40
1778849883519,1761,GetIndividual,200,OK,GetIndividual 1-395,text,true,,3777,3588,84,209,https://api-scuda.uat.oci.krungsri.tech/ic/api/v1/customer/individual/getprofile,1761,0,10
1778849883011,2283,UpdateIndividual,200,OK,UpdateIndividual 4-239,text,true,,800,4229,85,211,https://api-scuda.uat.oci.krungsri.tech/ic/api/v1/customer/individual/updateprofile,2283,0,24
1778849883559,1743,GetIndividual,200,OK,GetIndividual 1-396,text,true,,3855,3588,85,213,https://api-scuda.uat.oci.krungsri.tech/ic/api/v1/customer/individual/getprofile,1743,0,21
1778849883131,2171,GetIndividual,200,OK,GetIndividual 1-374,text,true,,3809,3588,85,213,https://api-scuda.uat.oci.krungsri.tech/ic/api/v1/customer/individual/getprofile,2171,0,21
1778849883327,1976,GetIndividual,200,OK,GetIndividual 1-390,text,true,,3893,3588,84,212,https://api-scuda.uat.oci.krungsri.tech/ic/api/v1/customer/individual/getprofile,1976,0,24
1778849885273,34,SearchIndividual,200,OK,SearchIndividual 2-774,text,true,,621,2601,3,210,https://api-scuda.uat.oci.krungsri.tech/ords/api/v1/customer/individual/searchprofile,33,0,22
1778849885221,103,GetIndividual,429,Too Many Requests,GetIndividual 1-467,text,false,,600,3588,84,216,https://api-scuda.uat.oci.krungsri.tech/ic/api/v1/customer/individual/getprofile,103,0,19
1778849885292,37,SearchIndividual,200,OK,SearchIndividual 2-775,text,true,,621,2602,7,218,https://api-scuda.uat.oci.krungsri.tech/ords/api/v1/customer/individual/searchprofile,37,0,21
1778849885275,68,UpdateIndividual,429,Too Many Requests,UpdateIndividual 4-316,text,false,,606,5631,86,219,https://api-scuda.uat.oci.krungsri.tech/ic/api/v1/customer/individual/updateprofile,68,0,22
1778849885301,44,SearchIndividual,200,OK,SearchIndividual 2-776,text,true,,621,2613,8,218,https://api-scuda.uat.oci.krungsri.tech/ords/api/v1/customer/individual/searchprofile,44,0,26
1778849885326,24,SearchIndividual,200,OK,SearchIndividual 2-779,text,true,,621,2613,9,220,https://api-scuda.uat.oci.krungsri.tech/ords/api/v1/customer/individual/searchprofile,23,0,13
1778849885326,24,SearchIndividual,200,OK,SearchIndividual 2-781,text,true,,621,2613,9,220,https://api-scuda.uat.oci.krungsri.tech/ords/api/v1/customer/individual/searchprofile,24,0,10
1778849885325,26,SearchJuristic,200,OK,SearchJuristic 6-18,text,true,,8691,2609,1,218,https://api-scuda.uat.oci.krungsri.tech/ords/api/v1/customer/juristic/searchprofile,26,0,12
1778849885277,75,GetIndividual,429,Too Many Requests,GetIndividual 1-475,text,false,,600,3588,84,217,https://api-scuda.uat.oci.krungsri.tech/ic/api/v1/customer/individual/getprofile,75,0,24
1778849885323,32,SearchIndividual,200,OK,SearchIndividual 2-778,text,true,,620,2624,7,216,https://api-scuda.uat.oci.krungsri.tech/ords/api/v1/customer/individual/searchprofile,32,0,21
1778849885314,54,SearchIndividual,200,OK,SearchIndividual 2-777,text,true,,621,2613,7,217,https://api-scuda.uat.oci.krungsri.tech/ords/api/v1/customer/individual/searchprofile,53,0,25
1778849885336,33,SearchIndividual,200,OK,SearchIndividual 2-782,text,true,,621,2613,6,216,https://api-scuda.uat.oci.krungsri.tech/ords/api/v1/customer/individual/searchprofile,33,0,22
1778849882983,2390,UpdateIndividual,200,OK,UpdateIndividual 4-237,text,true,,800,5565,85,218,https://api-scuda.uat.oci.krungsri.tech/ic/api/v1/customer/individual/updateprofile,2390,0,23
1778849885341,32,SearchIndividual,200,OK,SearchIndividual 2-783,text,true,,621,2604,7,218,https://api-scuda.uat.oci.krungsri.tech/ords/api/v1/customer/individual/searchprofile,32,0,18
1778849883968,1407,GetIndividual,200,OK,GetIndividual 1-406,text,true,,3815,3588,85,216,https://api-scuda.uat.oci.krungsri.tech/ic/api/v1/customer/individual/getprofile,1407,0,17
1778849885347,30,SearchIndividual,200,OK,SearchIndividual 2-784,text,true,,621,2629,6,215,https://api-scuda.uat.oci.krungsri.tech/ords/api/v1/customer/individual/searchprofile,30,0,20
1778849883308,2069,GetIndividual,200,OK,GetIndividual 1-387,text,true,,3832,3588,84,215,https://api-scuda.uat.oci.krungsri.tech/ic/api/v1/customer/individual/getprofile,2069,0,22
1778849882678,2706,GetJuristic,200,OK,GetJuristic 5-15,text,true,,3440,3533,4,213,https://api-scuda.uat.oci.krungsri.tech/ic/api/v1/customer/juristic/getprofile,2706,0,18
1778849885347,38,SearchIndividual,200,OK,SearchIndividual 2-785,text,true,,621,2613,5,212,https://api-scuda.uat.oci.krungsri.tech/ords/api/v1/customer/individual/searchprofile,37,0,14
1778849885327,58,SearchIndividual,200,OK,SearchIndividual 2-780,text,true,,14420,2607,4,211,https://api-scuda.uat.oci.krungsri.tech/ords/api/v1/customer/individual/searchprofile,58,0,43
1778849882475,2920,UpdateIndividual,200,OK,UpdateIndividual 4-225,text,true,,800,4227,84,211,https://api-scuda.uat.oci.krungsri.tech/ic/api/v1/customer/individual/updateprofile,2920,0,26
1778849885368,29,SearchIndividual,200,OK,SearchIndividual 2-786,text,true,,621,2628,3,210,https://api-scuda.uat.oci.krungsri.tech/ords/api/v1/customer/individual/searchprofile,29,0,18
1778849885370,31,SearchIndividual,200,OK,SearchIndividual 2-787,text,true,,621,2606,2,211,https://api-scuda.uat.oci.krungsri.tech/ords/api/v1/customer/individual/searchprofile,30,0,18
1778849883337,2061,GetJoint,200,OK,GetJoint 9-16,text,true,,1429,3530,4,209,https://api-scuda.uat.oci.krungsri.tech/ic/api/v1/customer/joint/getprofile,2061,0,13
1778849885289,110,UpdateIndividual,429,Too Many Requests,UpdateIndividual 4-317,text,false,,606,4228,83,209,https://api-scuda.uat.oci.krungsri.tech/ic/api/v1/customer/individual/updateprofile,110,0,15
1778849883335,2068,GetIndividual,200,OK,GetIndividual 1-391,text,true,,3841,3588,84,209,https://api-scuda.uat.oci.krungsri.tech/ic/api/v1/customer/individual/getprofile,2068,0,20
1778849885371,34,SearchIndividual,200,OK,SearchIndividual 2-788,text,true,,621,2605,2,208,https://api-scuda.uat.oci.krungsri.tech/ords/api/v1/customer/individual/searchprofile,34,0,24
1778849885347,71,GetIndividual,429,Too Many Requests,GetIndividual 1-480,text,false,,600,3588,85,211,https://api-scuda.uat.oci.krungsri.tech/ic/api/v1/customer/individual/getprofile,71,0,24
1778849885406,31,SearchIndividual,200,OK,SearchIndividual 2-789,text,true,,621,2613,4,213,https://api-scuda.uat.oci.krungsri.tech/ords/api/v1/customer/individual/searchprofile,31,0,19
1778849885326,113,GetIndividual,429,Too Many Requests,GetIndividual 1-479,text,false,,600,3588,85,213,https://api-scuda.uat.oci.krungsri.tech/ic/api/v1/customer/individual/getprofile,113,0,21
1778849885416,33,SearchIndividual,200,OK,SearchIndividual 2-791,text,true,,621,2625,5,215,https://api-scuda.uat.oci.krungsri.tech/ords/api/v1/customer/individual/searchprofile,33,0,22
1778849885415,34,SearchIndividual,200,OK,SearchIndividual 2-790,text,true,,621,2603,4,214,https://api-scuda.uat.oci.krungsri.tech/ords/api/v1/customer/individual/searchprofile,34,0,23
1778849885425,39,SearchIndividual,200,OK,SearchIndividual 2-792,text,true,,13891,2604,4,214,https://api-scuda.uat.oci.krungsri.tech/ords/api/v1/customer/individual/searchprofile,39,0,25
1778849885438,35,SearchIndividual,200,OK,SearchIndividual 2-793,text,true,,14413,2613,3,214,https://api-scuda.uat.oci.krungsri.tech/ords/api/v1/customer/individual/searchprofile,34,0,18
1778849882843,2631,UpdateIndividual,200,OK,UpdateIndividual 4-235,text,true,,800,4227,86,213,https://api-scuda.uat.oci.krungsri.tech/ic/api/v1/customer/individual/updateprofile,2631,0,14
1778849883218,2256,GetIndividual,200,OK,GetIndividual 1-379,text,true,,3791,3588,84,213,https://api-scuda.uat.oci.krungsri.tech/ic/api/v1/customer/individual/getprofile,2256,0,44
1778849883267,2208,GetIndividual,200,OK,GetIndividual 1-382,text,true,,3832,3588,83,211,https://api-scuda.uat.oci.krungsri.tech/ic/api/v1/customer/individual/getprofile,2208,0,16
1778849883752,1724,GetIndividual,200,OK,GetIndividual 1-402,text,true,,3871,3588,83,211,https://api-scuda.uat.oci.krungsri.tech/ic/api/v1/customer/individual/getprofile,1724,0,21
1778849882189,3289,UpdateJoint,200,OK,UpdateJoint 12-15,text,true,,800,4607,4,209,https://api-scuda.uat.oci.krungsri.tech/ic/api/v1/customer/joint/updateprofile,3289,0,27
1778849885446,35,SearchIndividual,200,OK,SearchIndividual 2-794,text,true,,621,2605,3,209,https://api-scuda.uat.oci.krungsri.tech/ords/api/v1/customer/individual/searchprofile,35,0,23
1778849885455,28,SearchIndividual,200,OK,SearchIndividual 2-795,text,true,,621,2614,2,208,https://api-scuda.uat.oci.krungsri.tech/ords/api/v1/customer/individual/searchprofile,27,0,17
1778849885395,96,GetIndividual,429,Too Many Requests,GetIndividual 1-483,text,false,,600,3588,82,209,https://api-scuda.uat.oci.krungsri.tech/ic/api/v1/customer/individual/getprofile,96,0,19
1778849882666,2829,UpdateIndividual,200,OK,UpdateIndividual 4-231,text,true,,800,5687,85,209,https://api-scuda.uat.oci.krungsri.tech/ic/api/v1/customer/individual/updateprofile,2829,0,47
1778849883082,2415,GetIndividual,200,OK,GetIndividual 1-370,text,true,,3777,3588,83,211,https://api-scuda.uat.oci.krungsri.tech/ic/api/v1/customer/individual/getprofile,2415,0,50
1778849881811,3689,UpdateIndividual,200,OK,UpdateIndividual 4-205,text,true,,800,4227,84,210,https://api-scuda.uat.oci.krungsri.tech/ic/api/v1/customer/individual/updateprofile,3689,0,31
1778849883305,2197,GetIndividual,200,OK,GetIndividual 1-386,text,true,,3881,3588,82,210,https://api-scuda.uat.oci.krungsri.tech/ic/api/v1/customer/individual/getprofile,2197,0,14
1778849885407,96,GetIndividual,429,Too Many Requests,GetIndividual 1-484,text,false,,600,3588,81,209,https://api-scuda.uat.oci.krungsri.tech/ic/api/v1/customer/individual/getprofile,96,0,20
1778849885433,86,GetIndividual,429,Too Many Requests,GetIndividual 1-486,text,false,,600,3587,80,213,https://api-scuda.uat.oci.krungsri.tech/ic/api/v1/customer/individual/getprofile,86,0,15
1778849885482,38,SearchIndividual,200,OK,SearchIndividual 2-796,text,true,,621,2619,9,212,https://api-scuda.uat.oci.krungsri.tech/ords/api/v1/customer/individual/searchprofile,38,0,22
1778849885497,30,SearchIndividual,200,OK,SearchIndividual 2-799,text,true,,621,2613,9,212,https://api-scuda.uat.oci.krungsri.tech/ords/api/v1/customer/individual/searchprofile,30,0,19
1778849885494,34,SearchIndividual,200,OK,SearchIndividual 2-798,text,true,,621,2610,8,211,https://api-scuda.uat.oci.krungsri.tech/ords/api/v1/customer/individual/searchprofile,34,0,23
1778849885491,38,SearchIndividual,200,OK,SearchIndividual 2-797,text,true,,621,2613,7,210,https://api-scuda.uat.oci.krungsri.tech/ords/api/v1/customer/individual/searchprofile,38,0,27
1778849885502,32,SearchIndividual,200,OK,SearchIndividual 2-800,text,true,,621,2646,7,211,https://api-scuda.uat.oci.krungsri.tech/ords/api/v1/customer/individual/searchprofile,32,0,18
1778849885508,26,SearchIndividual,200,OK,SearchIndividual 2-801,text,true,,621,2637,7,211,https://api-scuda.uat.oci.krungsri.tech/ords/api/v1/customer/individual/searchprofile,26,0,14
1778849885514,31,SearchIndividual,200,OK,SearchIndividual 2-802,text,true,,621,2629,6,210,https://api-scuda.uat.oci.krungsri.tech/ords/api/v1/customer/individual/searchprofile,30,0,20
1778849885518,35,SearchIndividual,200,OK,SearchIndividual 2-803,text,true,,620,2612,5,210,https://api-scuda.uat.oci.krungsri.tech/ords/api/v1/customer/individual/searchprofile,35,0,23
1778849885519,35,SearchIndividual,200,OK,SearchIndividual 2-804,text,true,,621,2604,4,209,https://api-scuda.uat.oci.krungsri.tech/ords/api/v1/customer/individual/searchprofile,35,0,24
1778849885530,29,SearchIndividual,200,OK,SearchIndividual 2-806,text,true,,621,2606,5,210,https://api-scuda.uat.oci.krungsri.tech/ords/api/v1/customer/individual/searchprofile,29,0,19
1778849885523,41,SearchIndividual,200,OK,SearchIndividual 2-805,text,true,,621,2613,4,209,https://api-scuda.uat.oci.krungsri.tech/ords/api/v1/customer/individual/searchprofile,40,0,25
1778849885543,37,SearchIndividual,200,OK,SearchIndividual 2-807,text,true,,14465,2613,4,210,https://api-scuda.uat.oci.krungsri.tech/ords/api/v1/customer/individual/searchprofile,36,0,22
1778849882973,2605,GetIndividual,200,OK,GetIndividual 1-364,text,true,,3861,3588,81,210,https://api-scuda.uat.oci.krungsri.tech/ic/api/v1/customer/individual/getprofile,2605,0,24
1778849882679,2915,UpdateIndividual,200,OK,UpdateIndividual 4-232,text,true,,800,5649,86,209,https://api-scuda.uat.oci.krungsri.tech/ic/api/v1/customer/individual/updateprofile,2915,0,20
1778849883724,1871,GetIndividual,200,OK,GetIndividual 1-401,text,true,,3834,3588,80,208,https://api-scuda.uat.oci.krungsri.tech/ic/api/v1/customer/individual/getprofile,1871,0,21
1778849882992,2604,GetIndividual,200,OK,GetIndividual 1-366,text,true,,3789,3588,80,208,https://api-scuda.uat.oci.krungsri.tech/ic/api/v1/customer/individual/getprofile,2604,0,30
1778849885557,40,SearchIndividual,200,OK,SearchIndividual 2-808,text,true,,621,2613,3,206,https://api-scuda.uat.oci.krungsri.tech/ords/api/v1/customer/individual/searchprofile,39,0,23
1778849883812,1786,GetIndividual,200,OK,GetIndividual 1-403,text,true,,3831,3588,78,205,https://api-scuda.uat.oci.krungsri.tech/ic/api/v1/customer/individual/getprofile,1786,0,18
1778849885559,41,SearchIndividual,200,OK,SearchIndividual 2-809,text,true,,621,2602,2,204,https://api-scuda.uat.oci.krungsri.tech/ords/api/v1/customer/individual/searchprofile,41,0,29
1778849883284,2317,GetIndividual,200,OK,GetIndividual 1-385,text,true,,3898,3588,77,203,https://api-scuda.uat.oci.krungsri.tech/ic/api/v1/customer/individual/getprofile,2317,0,25
1778849883453,2148,GetIndividual,200,OK,GetIndividual 1-393,text,true,,3866,3588,77,203,https://api-scuda.uat.oci.krungsri.tech/ic/api/v1/customer/individual/getprofile,2148,0,22
1778849885569,35,SearchIndividual,200,OK,SearchIndividual 2-810,text,true,,621,2619,1,202,https://api-scuda.uat.oci.krungsri.tech/ords/api/v1/customer/individual/searchprofile,34,0,23
1778849885532,88,GetIndividual,429,Too Many Requests,GetIndividual 1-490,text,false,,600,3587,76,206,https://api-scuda.uat.oci.krungsri.tech/ic/api/v1/customer/individual/getprofile,88,0,16
1778849885606,24,SearchIndividual,200,OK,SearchIndividual 2-812,text,true,,621,2643,4,206,https://api-scuda.uat.oci.krungsri.tech/ords/api/v1/customer/individual/searchprofile,23,0,13
1778849885605,30,SearchIndividual,200,OK,SearchIndividual 2-811,text,true,,621,2620,3,205,https://api-scuda.uat.oci.krungsri.tech/ords/api/v1/customer/individual/searchprofile,30,0,20
1778849885612,33,SearchIndividual,200,OK,SearchIndividual 2-813,text,true,,621,2631,3,205,https://api-scuda.uat.oci.krungsri.tech/ords/api/v1/customer/individual/searchprofile,33,0,21
1778849885617,30,SearchIndividual,200,OK,SearchIndividual 2-814,text,true,,620,2610,2,204,https://api-scuda.uat.oci.krungsri.tech/ords/api/v1/customer/individual/searchprofile,30,0,19
1778849882922,2754,UpdateIndividual,200,OK,UpdateIndividual 4-236,text,true,,800,4227,86,208,https://api-scuda.uat.oci.krungsri.tech/ic/api/v1/customer/individual/updateprofile,2754,0,20
1778849885644,35,SearchIndividual,200,OK,SearchIndividual 2-815,text,true,,621,2634,4,207,https://api-scuda.uat.oci.krungsri.tech/ords/api/v1/customer/individual/searchprofile,34,0,22
1778849883127,2556,GetIndividual,200,OK,GetIndividual 1-373,text,true,,3823,3588,77,207,https://api-scuda.uat.oci.krungsri.tech/ic/api/v1/customer/individual/getprofile,2556,0,46
1778849883281,2403,GetIndividual,200,OK,GetIndividual 1-384,text,true,,3852,3586,77,207,https://api-scuda.uat.oci.krungsri.tech/ic/api/v1/customer/individual/getprofile,2403,0,20
1778849883126,2567,UpdateJoint,200,OK,UpdateJoint 12-16,text,true,,800,4535,3,207,https://api-scuda.uat.oci.krungsri.tech/ic/api/v1/customer/joint/updateprofile,2567,0,48
1778849883086,2611,UpdateIndividual,200,OK,UpdateIndividual 4-242,text,true,,800,5564,87,207,https://api-scuda.uat.oci.krungsri.tech/ic/api/v1/customer/individual/updateprofile,2611,0,51
1778849882401,3297,UpdateIndividual,200,OK,UpdateIndividual 4-224,text,true,,800,4227,86,206,https://api-scuda.uat.oci.krungsri.tech/ic/api/v1/customer/individual/updateprofile,3297,0,15
1778849883221,2480,GetIndividual,200,OK,GetIndividual 1-381,text,true,,3816,3588,76,206,https://api-scuda.uat.oci.krungsri.tech/ic/api/v1/customer/individual/getprofile,2480,0,46
1778849885671,30,SearchIndividual,200,OK,SearchIndividual 2-818,text,true,,621,2601,6,207,https://api-scuda.uat.oci.krungsri.tech/ords/api/v1/customer/individual/searchprofile,30,0,17
1778849885671,30,SearchIndividual,200,OK,SearchIndividual 2-817,text,true,,621,2638,6,207,https://api-scuda.uat.oci.krungsri.tech/ords/api/v1/customer/individual/searchprofile,30,0,19
1778849883571,2132,GetIndividual,200,OK,GetIndividual 1-398,text,true,,3844,3587,75,204,https://api-scuda.uat.oci.krungsri.tech/ic/api/v1/customer/individual/getprofile,2132,0,21
1778849881504,4201,GetJoint,200,OK,GetJoint 9-14,text,true,,1428,3529,3,203,https://api-scuda.uat.oci.krungsri.tech/ic/api/v1/customer/joint/getprofile,4201,0,24
1778849885665,46,SearchIndividual,200,OK,SearchIndividual 2-816,text,true,,621,2604,4,203,https://api-scuda.uat.oci.krungsri.tech/ords/api/v1/customer/individual/searchprofile,44,0,30
1778849885696,32,SearchIndividual,200,OK,SearchIndividual 2-819,text,true,,621,2613,3,208,https://api-scuda.uat.oci.krungsri.tech/ords/api/v1/customer/individual/searchprofile,32,0,17
1778849885702,28,SearchIndividual,200,OK,SearchIndividual 2-821,text,true,,621,2603,2,207,https://api-scuda.uat.oci.krungsri.tech/ords/api/v1/customer/individual/searchprofile,28,0,17
1778849885702,34,SearchIndividual,200,OK,SearchIndividual 2-820,text,true,,621,2653,1,206,https://api-scuda.uat.oci.krungsri.tech/ords/api/v1/customer/individual/searchprofile,33,0,23
1778849882598,3175,UpdateIndividual,200,OK,UpdateIndividual 4-229,text,true,,800,4227,89,211,https://api-scuda.uat.oci.krungsri.tech/ic/api/v1/customer/individual/updateprofile,3175,0,21
1778849882538,3235,UpdateIndividual,200,OK,UpdateIndividual 4-228,text,true,,800,5577,89,211,https://api-scuda.uat.oci.krungsri.tech/ic/api/v1/customer/individual/updateprofile,3235,0,22
1778849884067,1711,GetIndividual,200,OK,GetIndividual 1-408,text,true,,3843,3588,80,209,https://api-scuda.uat.oci.krungsri.tech/ic/api/v1/customer/individual/getprofile,1711,0,26
1778849885750,39,SearchIndividual,200,OK,SearchIndividual 2-822,text,true,,621,2613,3,209,https://api-scuda.uat.oci.krungsri.tech/ords/api/v1/customer/individual/searchprofile,39,0,23
1778849884486,1316,GetIndividual,200,OK,GetIndividual 1-435,text,true,,3798,3588,80,209,https://api-scuda.uat.oci.krungsri.tech/ic/api/v1/customer/individual/getprofile,1316,0,21
1778849885769,35,SearchIndividual,200,OK,SearchIndividual 2-823,text,true,,621,2625,2,208,https://api-scuda.uat.oci.krungsri.tech/ords/api/v1/customer/individual/searchprofile,34,0,20
1778849885710,95,GetIndividual,429,Too Many Requests,GetIndividual 1-496,text,false,,600,3587,79,207,https://api-scuda.uat.oci.krungsri.tech/ic/api/v1/customer/individual/getprofile,95,0,24
1778849885731,85,UpdateIndividual,429,Too Many Requests,UpdateIndividual 4-333,text,false,,606,5569,87,207,https://api-scuda.uat.oci.krungsri.tech/ic/api/v1/customer/individual/updateprofile,85,0,23
1778849885787,51,SearchIndividual,200,OK,SearchIndividual 2-824,text,true,,621,2606,5,211,https://api-scuda.uat.oci.krungsri.tech/ords/api/v1/customer/individual/searchprofile,51,0,34
1778849885731,108,UpdateIndividual,429,Too Many Requests,UpdateIndividual 4-331,text,false,,606,5599,87,212,https://api-scuda.uat.oci.krungsri.tech/ic/api/v1/customer/individual/updateprofile,108,0,23
1778849885810,31,SearchIndividual,200,OK,SearchIndividual 2-825,text,true,,14461,2614,4,211,https://api-scuda.uat.oci.krungsri.tech/ords/api/v1/customer/individual/searchprofile,31,0,14
1778849885754,88,GetIndividual,429,Too Many Requests,GetIndividual 1-500,text,false,,600,3588,80,209,https://api-scuda.uat.oci.krungsri.tech/ic/api/v1/customer/individual/getprofile,88,0,14
1778849885817,34,SearchIndividual,200,OK,SearchIndividual 2-826,text,true,,621,2613,3,209,https://api-scuda.uat.oci.krungsri.tech/ords/api/v1/customer/individual/searchprofile,34,0,16
1778849885822,30,SearchIndividual,200,OK,SearchIndividual 2-828,text,true,,621,2600,2,208,https://api-scuda.uat.oci.krungsri.tech/ords/api/v1/customer/individual/searchprofile,29,0,16
1778849885759,94,GetIndividual,429,Too Many Requests,GetIndividual 1-501,text,false,,600,3586,79,207,https://api-scuda.uat.oci.krungsri.tech/ic/api/v1/customer/individual/getprofile,94,0,13
1778849885822,37,SearchIndividual,200,OK,SearchIndividual 2-827,text,true,,14631,2614,2,208,https://api-scuda.uat.oci.krungsri.tech/ords/api/v1/customer/individual/searchprofile,37,0,21
1778849883146,2726,UpdateIndividual,200,OK,UpdateIndividual 4-243,text,true,,800,5510,88,209,https://api-scuda.uat.oci.krungsri.tech/ic/api/v1/customer/individual/updateprofile,2726,0,21
1778849883209,2663,UpdateIndividual,200,OK,UpdateIndividual 4-244,text,true,,800,4227,88,209,https://api-scuda.uat.oci.krungsri.tech/ic/api/v1/customer/individual/updateprofile,2663,0,25
1778849885757,116,UpdateJuristic,429,Too Many Requests,UpdateJuristic 8-18,text,false,,602,5778,3,209,https://api-scuda.uat.oci.krungsri.tech/ic/api/v1/customer/juristic/updateprofile,116,0,19
1778849883781,2102,GetJuristic,200,OK,GetJuristic 5-16,text,true,,3513,3533,3,208,https://api-scuda.uat.oci.krungsri.tech/ic/api/v1/customer/juristic/getprofile,2102,0,23
1778849885854,42,SearchIndividual,200,OK,SearchIndividual 2-829,text,true,,621,2613,2,208,https://api-scuda.uat.oci.krungsri.tech/ords/api/v1/customer/individual/searchprofile,42,0,28
1778849885860,56,GetIndividual,429,Too Many Requests,GetIndividual 1-506,text,false,,600,3588,82,208,https://api-scuda.uat.oci.krungsri.tech/ic/api/v1/customer/individual/getprofile,56,0,16
1778849885821,100,GetIndividual,429,Too Many Requests,GetIndividual 1-504,text,false,,600,3588,81,207,https://api-scuda.uat.oci.krungsri.tech/ic/api/v1/customer/individual/getprofile,100,0,23
1778849885890,34,SearchIndividual,200,OK,SearchIndividual 2-830,text,true,,621,2613,2,206,https://api-scuda.uat.oci.krungsri.tech/ords/api/v1/customer/individual/searchprofile,34,0,22
1778849885879,60,GetIndividual,429,Too Many Requests,GetIndividual 1-508,text,false,,600,3588,81,208,https://api-scuda.uat.oci.krungsri.tech/ic/api/v1/customer/individual/getprofile,60,0,16
1778849885859,82,GetIndividual,429,Too Many Requests,GetIndividual 1-505,text,false,,600,3588,80,207,https://api-scuda.uat.oci.krungsri.tech/ic/api/v1/customer/individual/getprofile,82,0,25
1778849885900,41,SearchIndividual,200,OK,SearchIndividual 2-831,text,true,,14254,2608,3,207,https://api-scuda.uat.oci.krungsri.tech/ords/api/v1/customer/individual/searchprofile,41,0,22
1778849885875,69,GetIndividual,429,Too Many Requests,GetIndividual 1-507,text,false,,600,3587,79,207,https://api-scuda.uat.oci.krungsri.tech/ic/api/v1/customer/individual/getprofile,69,0,18
1778849883327,2644,UpdateIndividual,200,OK,UpdateIndividual 4-247,text,true,,800,4229,86,217,https://api-scuda.uat.oci.krungsri.tech/ic/api/v1/customer/individual/updateprofile,2644,0,16
1778849884320,1654,GetIndividual,200,OK,GetIndividual 1-428,text,true,,3836,3588,82,217,https://api-scuda.uat.oci.krungsri.tech/ic/api/v1/customer/individual/getprofile,1654,0,21
1778849885952,26,SearchIndividual,200,OK,SearchIndividual 2-837,text,true,,621,2622,11,216,https://api-scuda.uat.oci.krungsri.tech/ords/api/v1/customer/individual/searchprofile,26,0,14
1778849883599,2382,GetIndividual,200,OK,GetIndividual 1-399,text,true,,3829,3588,81,215,https://api-scuda.uat.oci.krungsri.tech/ic/api/v1/customer/individual/getprofile,2382,0,26
1778849885943,41,SearchIndividual,200,OK,SearchIndividual 2-835,text,true,,621,2622,11,215,https://api-scuda.uat.oci.krungsri.tech/ords/api/v1/customer/individual/searchprofile,41,0,25
1778849885945,49,SearchIndividual,200,OK,SearchIndividual 2-836,text,true,,620,2613,11,215,https://api-scuda.uat.oci.krungsri.tech/ords/api/v1/customer/individual/searchprofile,48,0,36
1778849884080,1915,GetIndividual,200,OK,GetIndividual 1-409,text,true,,3849,3588,80,214,https://api-scuda.uat.oci.krungsri.tech/ic/api/v1/customer/individual/getprofile,1915,0,30
1778849885954,45,SearchIndividual,200,OK,SearchIndividual 2-838,text,true,,621,2603,11,214,https://api-scuda.uat.oci.krungsri.tech/ords/api/v1/customer/individual/searchprofile,45,0,32
1778849885958,42,SearchIndividual,200,OK,SearchIndividual 2-839,text,true,,619,2627,10,213,https://api-scuda.uat.oci.krungsri.tech/ords/api/v1/customer/individual/searchprofile,42,0,24
1778849883570,2431,GetIndividual,200,OK,GetIndividual 1-397,text,true,,3789,3588,79,212,https://api-scuda.uat.oci.krungsri.tech/ic/api/v1/customer/individual/getprofile,2431,0,18
1778849884340,1662,GetIndividual,200,OK,GetIndividual 1-429,text,true,,3800,3588,79,212,https://api-scuda.uat.oci.krungsri.tech/ic/api/v1/customer/individual/getprofile,1662,0,14
1778849885974,30,SearchIndividual,200,OK,SearchIndividual 2-842,text,true,,621,2629,9,210,https://api-scuda.uat.oci.krungsri.tech/ords/api/v1/customer/individual/searchprofile,30,0,15
1778849879912,6107,CreateJuristic,201,Created,CreateJuristic 7-13,text,true,,1172,8010,6,212,https://api-scuda.uat.oci.krungsri.tech/ic/api/v1/customer/juristic/createprofile,6107,0,31
1778849885983,41,SearchIndividual,200,OK,SearchIndividual 2-843,text,true,,621,2605,9,212,https://api-scuda.uat.oci.krungsri.tech/ords/api/v1/customer/individual/searchprofile,41,0,28
1778849885986,42,SearchIndividual,200,OK,SearchIndividual 2-844,text,true,,621,2610,8,212,https://api-scuda.uat.oci.krungsri.tech/ords/api/v1/customer/individual/searchprofile,41,0,16
1778849886010,29,SearchIndividual,200,OK,SearchIndividual 2-846,text,true,,621,2613,10,216,https://api-scuda.uat.oci.krungsri.tech/ords/api/v1/customer/individual/searchprofile,29,0,14
1778849885969,74,SearchIndividual,200,OK,SearchIndividual 2-840,text,true,,621,2617,9,216,https://api-scuda.uat.oci.krungsri.tech/ords/api/v1/customer/individual/searchprofile,74,0,52
1778849885943,101,SearchIndividual,200,OK,SearchIndividual 2-834,text,true,,621,2613,8,215,https://api-scuda.uat.oci.krungsri.tech/ords/api/v1/customer/individual/searchprofile,99,0,76
1778849885939,108,SearchIndividual,200,OK,SearchIndividual 2-833,text,true,,621,2613,7,214,https://api-scuda.uat.oci.krungsri.tech/ords/api/v1/customer/individual/searchprofile,108,0,83
1778849886023,25,SearchJuristic,200,OK,SearchJuristic 6-19,text,true,,621,2624,1,213,https://api-scuda.uat.oci.krungsri.tech/ords/api/v1/customer/juristic/searchprofile,24,0,13
1778849885996,54,SearchIndividual,200,OK,SearchIndividual 2-845,text,true,,621,2634,6,212,https://api-scuda.uat.oci.krungsri.tech/ords/api/v1/customer/individual/searchprofile,54,0,37
1778849885937,120,SearchIndividual,200,OK,SearchIndividual 2-832,text,true,,621,2613,6,212,https://api-scuda.uat.oci.krungsri.tech/ords/api/v1/customer/individual/searchprofile,118,0,101
1778849885969,91,SearchIndividual,200,OK,SearchIndividual 2-841,text,true,,621,2602,5,211,https://api-scuda.uat.oci.krungsri.tech/ords/api/v1/customer/individual/searchprofile,89,0,69
1778849883357,2715,UpdateIndividual,200,OK,UpdateIndividual 4-249,text,true,,800,4228,89,212,https://api-scuda.uat.oci.krungsri.tech/ic/api/v1/customer/individual/updateprofile,2715,0,21
1778849886058,35,SearchIndividual,200,OK,SearchIndividual 2-850,text,true,,13956,2605,6,215,https://api-scuda.uat.oci.krungsri.tech/ords/api/v1/customer/individual/searchprofile,35,0,20
1778849886063,27,SearchIndividual,200,OK,SearchIndividual 2-851,text,true,,621,2613,6,215,https://api-scuda.uat.oci.krungsri.tech/ords/api/v1/customer/individual/searchprofile,27,0,13
1778849885939,140,GetIndividual,429,Too Many Requests,GetIndividual 1-509,text,false,,600,3588,80,212,https://api-scuda.uat.oci.krungsri.tech/ic/api/v1/customer/individual/getprofile,140,0,67
1778849886039,39,SearchIndividual,200,OK,SearchIndividual 2-849,text,true,,621,2602,5,212,https://api-scuda.uat.oci.krungsri.tech/ords/api/v1/customer/individual/searchprofile,39,0,27
1778849884183,1891,GetIndividual,200,OK,GetIndividual 1-415,text,true,,3829,3587,80,212,https://api-scuda.uat.oci.krungsri.tech/ic/api/v1/customer/individual/getprofile,1891,0,18
1778849883948,2126,UpdateIndividual,200,OK,UpdateIndividual 4-271,text,true,,799,5558,88,212,https://api-scuda.uat.oci.krungsri.tech/ic/api/v1/customer/individual/updateprofile,2126,0,20
1778849882535,3538,UpdateIndividual,200,OK,UpdateIndividual 4-227,text,true,,800,5565,88,211,https://api-scuda.uat.oci.krungsri.tech/ic/api/v1/customer/individual/updateprofile,3538,0,15
1778849886038,35,SearchIndividual,200,OK,SearchIndividual 2-847,text,true,,620,2639,5,211,https://api-scuda.uat.oci.krungsri.tech/ords/api/v1/customer/individual/searchprofile,35,0,22
1778849886038,35,SearchIndividual,200,OK,SearchIndividual 2-848,text,true,,620,2612,5,211,https://api-scuda.uat.oci.krungsri.tech/ords/api/v1/customer/individual/searchprofile,34,0,20
1778849883464,2632,GetIndividual,200,OK,GetIndividual 1-394,text,true,,3862,3588,79,206,https://api-scuda.uat.oci.krungsri.tech/ic/api/v1/customer/individual/getprofile,2632,0,22
1778849882828,3269,UpdateIndividual,200,OK,UpdateIndividual 4-234,text,true,,800,5639,86,205,https://api-scuda.uat.oci.krungsri.tech/ic/api/v1/customer/individual/updateprofile,3269,0,15
1778849883651,2452,UpdateIndividual,200,OK,UpdateIndividual 4-255,text,true,,800,5644,86,205,https://api-scuda.uat.oci.krungsri.tech/ic/api/v1/customer/individual/updateprofile,2452,0,20
1778849886035,97,GetIndividual,429,Too Many Requests,GetIndividual 1-514,text,false,,600,3588,81,209,https://api-scuda.uat.oci.krungsri.tech/ic/api/v1/customer/individual/getprofile,97,0,23
1778849886085,56,SearchIndividual,200,OK,SearchIndividual 2-852,text,true,,621,2620,2,209,https://api-scuda.uat.oci.krungsri.tech/ords/api/v1/customer/individual/searchprofile,55,0,27
1778849886131,30,SearchIndividual,200,OK,SearchIndividual 2-853,text,true,,621,2613,1,210,https://api-scuda.uat.oci.krungsri.tech/ords/api/v1/customer/individual/searchprofile,30,0,18
1778849882989,3182,UpdateIndividual,200,OK,UpdateIndividual 4-238,text,true,,800,4227,87,211,https://api-scuda.uat.oci.krungsri.tech/ic/api/v1/customer/individual/updateprofile,3182,0,16
1778849884626,1551,GetIndividual,200,OK,GetIndividual 1-442,text,true,,3799,3588,87,215,https://api-scuda.uat.oci.krungsri.tech/ic/api/v1/customer/individual/getprofile,1551,0,14
1778849882279,3921,UpdateIndividual,200,OK,UpdateIndividual 4-218,text,true,,800,5581,86,216,https://api-scuda.uat.oci.krungsri.tech/ic/api/v1/customer/individual/updateprofile,3921,0,20
1778849886074,126,GetIndividual,429,Too Many Requests,GetIndividual 1-516,text,false,,600,3588,87,216,https://api-scuda.uat.oci.krungsri.tech/ic/api/v1/customer/individual/getprofile,126,0,39
1778849886135,68,UpdateIndividual,429,Too Many Requests,UpdateIndividual 4-342,text,false,,606,4227,85,214,https://api-scuda.uat.oci.krungsri.tech/ic/api/v1/customer/individual/updateprofile,68,0,21
1778849886106,109,UpdateIndividual,429,Too Many Requests,UpdateIndividual 4-341,text,false,,606,5611,86,217,https://api-scuda.uat.oci.krungsri.tech/ic/api/v1/customer/individual/updateprofile,109,0,20
1778849886105,113,GetIndividual,429,Too Many Requests,GetIndividual 1-518,text,false,,600,3588,87,217,https://api-scuda.uat.oci.krungsri.tech/ic/api/v1/customer/individual/getprofile,113,0,22
1778849886121,99,GetIndividual,429,Too Many Requests,GetIndividual 1-519,text,false,,600,3588,86,216,https://api-scuda.uat.oci.krungsri.tech/ic/api/v1/customer/individual/getprofile,99,0,20
1778849886174,49,SearchIndividual,200,OK,SearchIndividual 2-854,text,true,,621,2603,4,215,https://api-scuda.uat.oci.krungsri.tech/ords/api/v1/customer/individual/searchprofile,48,0,22
1778849886204,31,SearchIndividual,200,OK,SearchIndividual 2-856,text,true,,621,2613,4,216,https://api-scuda.uat.oci.krungsri.tech/ords/api/v1/customer/individual/searchprofile,31,0,15
1778849886182,53,SearchIndividual,200,OK,SearchIndividual 2-855,text,true,,621,2611,4,216,https://api-scuda.uat.oci.krungsri.tech/ords/api/v1/customer/individual/searchprofile,53,0,35
1778849886163,72,GetIndividual,429,Too Many Requests,GetIndividual 1-524,text,false,,600,3588,85,216,https://api-scuda.uat.oci.krungsri.tech/ic/api/v1/customer/individual/getprofile,72,0,20
1778849886224,27,SearchIndividual,200,OK,SearchIndividual 2-858,text,true,,621,2623,4,216,https://api-scuda.uat.oci.krungsri.tech/ords/api/v1/customer/individual/searchprofile,27,0,15
1778849886173,81,GetIndividual,429,Too Many Requests,GetIndividual 1-525,text,false,,600,3588,85,215,https://api-scuda.uat.oci.krungsri.tech/ic/api/v1/customer/individual/getprofile,81,0,11
1778849886150,107,GetIndividual,429,Too Many Requests,GetIndividual 1-522,text,false,,600,3587,84,214,https://api-scuda.uat.oci.krungsri.tech/ic/api/v1/customer/individual/getprofile,107,0,19
1778849886179,79,CreateJuristic,429,Too Many Requests,CreateJuristic 7-19,text,false,,602,8063,6,214,https://api-scuda.uat.oci.krungsri.tech/ic/api/v1/customer/juristic/createprofile,79,0,23
1778849886217,43,SearchIndividual,200,OK,SearchIndividual 2-857,text,true,,621,2646,3,212,https://api-scuda.uat.oci.krungsri.tech/ords/api/v1/customer/individual/searchprofile,43,0,28
1778849886175,90,GetIndividual,429,Too Many Requests,GetIndividual 1-526,text,false,,600,3588,83,215,https://api-scuda.uat.oci.krungsri.tech/ic/api/v1/customer/individual/getprofile,90,0,20
1778849886237,29,SearchIndividual,200,OK,SearchIndividual 2-859,text,true,,621,2604,5,215,https://api-scuda.uat.oci.krungsri.tech/ords/api/v1/customer/individual/searchprofile,29,0,16
1778849886172,103,UpdateIndividual,429,Too Many Requests,UpdateIndividual 4-343,text,false,,606,5622,87,214,https://api-scuda.uat.oci.krungsri.tech/ic/api/v1/customer/individual/updateprofile,103,0,20
1778849880683,5593,CreateIndividual,201,Created,CreateIndividual 3-13,text,true,,1172,8728,7,214,https://api-scuda.uat.oci.krungsri.tech/ic/api/v1/customer/individual/createprofile,5593,0,20
1778849886188,89,GetIndividual,429,Too Many Requests,GetIndividual 1-528,text,false,,600,3588,83,213,https://api-scuda.uat.oci.krungsri.tech/ic/api/v1/customer/individual/getprofile,89,0,48
1778849884294,1984,GetIndividual,200,OK,GetIndividual 1-424,text,true,,3902,3588,83,213,https://api-scuda.uat.oci.krungsri.tech/ic/api/v1/customer/individual/getprofile,1984,0,22
1778849883641,2639,GetIndividual,200,OK,GetIndividual 1-400,text,true,,3896,3588,81,211,https://api-scuda.uat.oci.krungsri.tech/ic/api/v1/customer/individual/getprofile,2639,0,26
1778849884261,2020,GetIndividual,200,OK,GetIndividual 1-423,text,true,,3888,3588,80,210,https://api-scuda.uat.oci.krungsri.tech/ic/api/v1/customer/individual/getprofile,2020,0,41
1778849886250,33,SearchIndividual,200,OK,SearchIndividual 2-860,text,true,,621,2652,5,209,https://api-scuda.uat.oci.krungsri.tech/ords/api/v1/customer/individual/searchprofile,33,0,20
1778849884520,1769,GetIndividual,200,OK,GetIndividual 1-436,text,true,,3855,3588,79,208,https://api-scuda.uat.oci.krungsri.tech/ic/api/v1/customer/individual/getprofile,1769,0,33
1778849886264,31,SearchIndividual,200,OK,SearchIndividual 2-861,text,true,,621,2605,5,209,https://api-scuda.uat.oci.krungsri.tech/ords/api/v1/customer/individual/searchprofile,31,0,19
1778849886265,31,SearchIndividual,200,OK,SearchIndividual 2-863,text,true,,621,2601,4,208,https://api-scuda.uat.oci.krungsri.tech/ords/api/v1/customer/individual/searchprofile,30,0,19
1778849886265,31,SearchIndividual,200,OK,SearchIndividual 2-862,text,true,,621,2602,3,207,https://api-scuda.uat.oci.krungsri.tech/ords/api/v1/customer/individual/searchprofile,31,0,21
1778849883776,2523,UpdateIndividual,200,OK,UpdateIndividual 4-264,text,true,,800,5586,86,206,https://api-scuda.uat.oci.krungsri.tech/ic/api/v1/customer/individual/updateprofile,2523,0,30
1778849882935,3368,UpdateJuristic,200,OK,UpdateJuristic 8-16,text,true,,800,4425,2,205,https://api-scuda.uat.oci.krungsri.tech/ic/api/v1/customer/juristic/updateprofile,3368,0,29
1778849886276,34,SearchIndividual,200,OK,SearchIndividual 2-864,text,true,,621,2611,3,205,https://api-scuda.uat.oci.krungsri.tech/ords/api/v1/customer/individual/searchprofile,33,0,23
1778849886176,139,GetIndividual,429,Too Many Requests,GetIndividual 1-527,text,false,,600,3588,79,204,https://api-scuda.uat.oci.krungsri.tech/ic/api/v1/customer/individual/getprofile,139,0,37
1778849886309,31,SearchIndividual,200,OK,SearchIndividual 2-866,text,true,,621,2613,6,210,https://api-scuda.uat.oci.krungsri.tech/ords/api/v1/customer/individual/searchprofile,31,0,20
1778849886330,27,SearchIndividual,200,OK,SearchIndividual 2-868,text,true,,14238,2604,5,211,https://api-scuda.uat.oci.krungsri.tech/ords/api/v1/customer/individual/searchprofile,27,0,12
1778849886320,46,SearchIndividual,200,OK,SearchIndividual 2-867,text,true,,621,2613,5,211,https://api-scuda.uat.oci.krungsri.tech/ords/api/v1/customer/individual/searchprofile,45,0,22
1778849886291,76,SearchIndividual,200,OK,SearchIndividual 2-865,text,true,,621,2613,4,210,https://api-scuda.uat.oci.krungsri.tech/ords/api/v1/customer/individual/searchprofile,74,0,33
1778849883048,3321,UpdateIndividual,200,OK,UpdateIndividual 4-241,text,true,,800,5560,89,209,https://api-scuda.uat.oci.krungsri.tech/ic/api/v1/customer/individual/updateprofile,3321,0,25
1778849886330,45,SearchIndividual,200,OK,SearchIndividual 2-869,text,true,,621,2613,3,208,https://api-scuda.uat.oci.krungsri.tech/ords/api/v1/customer/individual/searchprofile,45,0,30
1778849884096,2281,GetIndividual,200,OK,GetIndividual 1-410,text,true,,3831,3588,79,207,https://api-scuda.uat.oci.krungsri.tech/ic/api/v1/customer/individual/getprofile,2281,0,22
1778849884408,1970,GetIndividual,200,OK,GetIndividual 1-431,text,true,,3855,3588,78,206,https://api-scuda.uat.oci.krungsri.tech/ic/api/v1/customer/individual/getprofile,1970,0,28
1778849886295,88,GetIndividual,429,Too Many Requests,GetIndividual 1-532,text,false,,600,3587,77,208,https://api-scuda.uat.oci.krungsri.tech/ic/api/v1/customer/individual/getprofile,88,0,30
1778849883658,2740,UpdateIndividual,200,OK,UpdateIndividual 4-256,text,true,,800,4229,90,212,https://api-scuda.uat.oci.krungsri.tech/ic/api/v1/customer/individual/updateprofile,2740,0,20
1778849886366,33,SearchIndividual,200,OK,SearchIndividual 2-871,text,true,,621,2613,7,211,https://api-scuda.uat.oci.krungsri.tech/ords/api/v1/customer/individual/searchprofile,32,0,20
1778849886341,59,SearchIndividual,200,OK,SearchIndividual 2-870,text,true,,621,2614,6,210,https://api-scuda.uat.oci.krungsri.tech/ords/api/v1/customer/individual/searchprofile,58,0,41
1778849883903,2497,GetJuristic,200,OK,GetJuristic 5-17,text,true,,3479,3533,2,209,https://api-scuda.uat.oci.krungsri.tech/ic/api/v1/customer/juristic/getprofile,2497,0,34
1778849886345,62,UpdateIndividual,429,Too Many Requests,UpdateIndividual 4-350,text,false,,606,5520,89,208,https://api-scuda.uat.oci.krungsri.tech/ic/api/v1/customer/individual/updateprofile,62,0,18
1778849886384,29,SearchIndividual,200,OK,SearchIndividual 2-874,text,true,,621,2613,5,210,https://api-scuda.uat.oci.krungsri.tech/ords/api/v1/customer/individual/searchprofile,29,0,19
1778849886379,37,SearchIndividual,200,OK,SearchIndividual 2-872,text,true,,621,2606,4,210,https://api-scuda.uat.oci.krungsri.tech/ords/api/v1/customer/individual/searchprofile,37,0,22
1778849886380,36,SearchIndividual,200,OK,SearchIndividual 2-873,text,true,,14042,2604,3,209,https://api-scuda.uat.oci.krungsri.tech/ords/api/v1/customer/individual/searchprofile,36,0,22
1778849886390,33,SearchIndividual,200,OK,SearchIndividual 2-875,text,true,,621,2613,2,208,https://api-scuda.uat.oci.krungsri.tech/ords/api/v1/customer/individual/searchprofile,33,0,23
1778849886390,33,SearchIndividual,200,OK,SearchIndividual 2-876,text,true,,621,2613,3,209,https://api-scuda.uat.oci.krungsri.tech/ords/api/v1/customer/individual/searchprofile,33,0,22
1778849886424,28,SearchIndividual,200,OK,SearchIndividual 2-877,text,true,,621,2613,5,214,https://api-scuda.uat.oci.krungsri.tech/ords/api/v1/customer/individual/searchprofile,27,0,16
1778849886386,68,GetIndividual,429,Too Many Requests,GetIndividual 1-534,text,false,,600,3588,81,213,https://api-scuda.uat.oci.krungsri.tech/ic/api/v1/customer/individual/getprofile,68,0,21
1778849886424,34,SearchIndividual,200,OK,SearchIndividual 2-878,text,true,,621,2603,4,212,https://api-scuda.uat.oci.krungsri.tech/ords/api/v1/customer/individual/searchprofile,34,0,21
1778849886433,33,SearchIndividual,200,OK,SearchIndividual 2-879,text,true,,621,2613,4,212,https://api-scuda.uat.oci.krungsri.tech/ords/api/v1/customer/individual/searchprofile,32,0,21
1778849886437,36,SearchIndividual,200,OK,SearchIndividual 2-880,text,true,,621,2613,6,214,https://api-scuda.uat.oci.krungsri.tech/ords/api/v1/customer/individual/searchprofile,35,0,24
1778849886446,27,SearchIndividual,200,OK,SearchIndividual 2-881,text,true,,621,2613,5,213,https://api-scuda.uat.oci.krungsri.tech/ords/api/v1/customer/individual/searchprofile,27,0,17
1778849884623,1852,GetIndividual,200,OK,GetIndividual 1-441,text,true,,3788,3588,80,212,https://api-scuda.uat.oci.krungsri.tech/ic/api/v1/customer/individual/getprofile,1852,0,13
1778849884230,2246,GetIndividual,200,OK,GetIndividual 1-420,text,true,,3884,3587,79,211,https://api-scuda.uat.oci.krungsri.tech/ic/api/v1/customer/individual/getprofile,2246,0,16
1778849886416,62,UpdateIndividual,429,Too Many Requests,UpdateIndividual 4-354,text,false,,606,5649,90,210,https://api-scuda.uat.oci.krungsri.tech/ic/api/v1/customer/individual/updateprofile,62,0,13
1778849886472,23,SearchIndividual,200,OK,SearchIndividual 2-883,text,true,,621,2613,6,214,https://api-scuda.uat.oci.krungsri.tech/ords/api/v1/customer/individual/searchprofile,23,0,13
1778849883948,2549,UpdateIndividual,200,OK,UpdateIndividual 4-270,text,true,,799,4226,89,213,https://api-scuda.uat.oci.krungsri.tech/ic/api/v1/customer/individual/updateprofile,2549,0,21
1778849884645,1853,GetIndividual,200,OK,GetIndividual 1-443,text,true,,3816,3588,80,213,https://api-scuda.uat.oci.krungsri.tech/ic/api/v1/customer/individual/getprofile,1853,0,15
1778849886413,83,GetIndividual,429,Too Many Requests,GetIndividual 1-535,text,false,,600,3588,80,213,https://api-scuda.uat.oci.krungsri.tech/ic/api/v1/customer/individual/getprofile,83,0,18
1778849886472,30,SearchIndividual,200,OK,SearchIndividual 2-884,text,true,,621,2606,5,211,https://api-scuda.uat.oci.krungsri.tech/ords/api/v1/customer/individual/searchprofile,29,0,19
1778849886463,40,SearchIndividual,200,OK,SearchIndividual 2-882,text,true,,621,2613,4,210,https://api-scuda.uat.oci.krungsri.tech/ords/api/v1/customer/individual/searchprofile,40,0,26
1778849886473,32,SearchIndividual,200,OK,SearchIndividual 2-885,text,true,,13991,2605,3,209,https://api-scuda.uat.oci.krungsri.tech/ords/api/v1/customer/individual/searchprofile,32,0,19
1778849886488,25,SearchIndividual,200,OK,SearchIndividual 2-887,text,true,,621,2629,3,212,https://api-scuda.uat.oci.krungsri.tech/ords/api/v1/customer/individual/searchprofile,24,0,13
1778849886413,113,GetJuristic,429,Too Many Requests,GetJuristic 5-19,text,false,,596,3533,2,211,https://api-scuda.uat.oci.krungsri.tech/ic/api/v1/customer/juristic/getprofile,113,0,29
1778849886441,90,UpdateIndividual,429,Too Many Requests,UpdateIndividual 4-355,text,false,,606,4227,89,211,https://api-scuda.uat.oci.krungsri.tech/ic/api/v1/customer/individual/updateprofile,90,0,14
1778849886428,107,GetIndividual,429,Too Many Requests,GetIndividual 1-537,text,false,,600,3588,81,211,https://api-scuda.uat.oci.krungsri.tech/ic/api/v1/customer/individual/getprofile,107,0,16
1778849886512,31,SearchIndividual,200,OK,SearchIndividual 2-888,text,true,,621,2614,3,210,https://api-scuda.uat.oci.krungsri.tech/ords/api/v1/customer/individual/searchprofile,31,0,17
1778849886488,59,GetIndividual,429,Too Many Requests,GetIndividual 1-540,text,false,,600,3588,80,209,https://api-scuda.uat.oci.krungsri.tech/ic/api/v1/customer/individual/getprofile,59,0,20
1778849886485,68,SearchIndividual,200,OK,SearchIndividual 2-886,text,true,,621,2632,2,208,https://api-scuda.uat.oci.krungsri.tech/ords/api/v1/customer/individual/searchprofile,68,0,52
1778849886531,34,SearchIndividual,200,OK,SearchIndividual 2-889,text,true,,621,2613,4,210,https://api-scuda.uat.oci.krungsri.tech/ords/api/v1/customer/individual/searchprofile,34,0,22
1778849883353,3220,UpdateIndividual,200,OK,UpdateIndividual 4-248,text,true,,800,4227,89,210,https://api-scuda.uat.oci.krungsri.tech/ic/api/v1/customer/individual/updateprofile,3220,0,15
1778849883676,2897,UpdateIndividual,200,OK,UpdateIndividual 4-257,text,true,,800,4227,88,209,https://api-scuda.uat.oci.krungsri.tech/ic/api/v1/customer/individual/updateprofile,2897,0,13
1778849886555,32,SearchIndividual,200,OK,SearchIndividual 2-891,text,true,,621,2612,5,211,https://api-scuda.uat.oci.krungsri.tech/ords/api/v1/customer/individual/searchprofile,31,0,21
1778849886554,27,SearchIndividual,200,OK,SearchIndividual 2-890,text,true,,621,2613,5,210,https://api-scuda.uat.oci.krungsri.tech/ords/api/v1/customer/individual/searchprofile,26,0,13
1778849884666,1911,GetIndividual,200,OK,GetIndividual 1-444,text,true,,3855,3588,79,209,https://api-scuda.uat.oci.krungsri.tech/ic/api/v1/customer/individual/getprofile,1911,0,23
1778849886556,29,SearchIndividual,200,OK,SearchIndividual 2-892,text,true,,621,2604,5,211,https://api-scuda.uat.oci.krungsri.tech/ords/api/v1/customer/individual/searchprofile,29,0,15
1778849884486,2090,GetIndividual,200,OK,GetIndividual 1-434,text,true,,3844,3588,79,209,https://api-scuda.uat.oci.krungsri.tech/ic/api/v1/customer/individual/getprofile,2090,0,26
1778849884413,2162,GetIndividual,200,OK,GetIndividual 1-432,text,true,,3921,3588,79,209,https://api-scuda.uat.oci.krungsri.tech/ic/api/v1/customer/individual/getprofile,2162,0,13
1778849883504,3071,UpdateIndividual,200,OK,UpdateIndividual 4-253,text,true,,800,5661,87,209,https://api-scuda.uat.oci.krungsri.tech/ic/api/v1/customer/individual/updateprofile,3071,0,21
1778849886567,33,SearchIndividual,200,OK,SearchIndividual 2-893,text,true,,621,2613,2,207,https://api-scuda.uat.oci.krungsri.tech/ords/api/v1/customer/individual/searchprofile,32,0,20
1778849886575,29,SearchIndividual,200,OK,SearchIndividual 2-894,text,true,,621,2632,1,206,https://api-scuda.uat.oci.krungsri.tech/ords/api/v1/customer/individual/searchprofile,29,0,18
1778849886513,103,GetIndividual,429,Too Many Requests,GetIndividual 1-542,text,false,,600,3588,79,207,https://api-scuda.uat.oci.krungsri.tech/ic/api/v1/customer/individual/getprofile,103,0,12
1778849886512,108,GetIndividual,429,Too Many Requests,GetIndividual 1-541,text,false,,600,3588,78,208,https://api-scuda.uat.oci.krungsri.tech/ic/api/v1/customer/individual/getprofile,108,0,24
1778849886606,35,SearchIndividual,200,OK,SearchIndividual 2-895,text,true,,621,2613,4,213,https://api-scuda.uat.oci.krungsri.tech/ords/api/v1/customer/individual/searchprofile,35,0,20
1778849886617,30,SearchIndividual,200,OK,SearchIndividual 2-896,text,true,,621,2649,4,213,https://api-scuda.uat.oci.krungsri.tech/ords/api/v1/customer/individual/searchprofile,30,0,18
1778849886630,31,SearchIndividual,200,OK,SearchIndividual 2-897,text,true,,621,2613,5,215,https://api-scuda.uat.oci.krungsri.tech/ords/api/v1/customer/individual/searchprofile,31,0,18
1778849886631,31,SearchIndividual,200,OK,SearchIndividual 2-898,text,true,,621,2613,4,214,https://api-scuda.uat.oci.krungsri.tech/ords/api/v1/customer/individual/searchprofile,31,0,19
1778849884126,2546,UpdateIndividual,200,OK,UpdateIndividual 4-275,text,true,,800,5627,92,219,https://api-scuda.uat.oci.krungsri.tech/ic/api/v1/customer/individual/updateprofile,2546,0,22
1778849884021,2652,UpdateIndividual,200,OK,UpdateIndividual 4-273,text,true,,800,5642,91,218,https://api-scuda.uat.oci.krungsri.tech/ic/api/v1/customer/individual/updateprofile,2652,0,12
1778849884155,2519,GetIndividual,200,OK,GetIndividual 1-413,text,true,,3841,3588,81,218,https://api-scuda.uat.oci.krungsri.tech/ic/api/v1/customer/individual/getprofile,2519,0,14
1778849884789,1887,GetIndividual,200,OK,GetIndividual 1-450,text,true,,3900,3588,80,217,https://api-scuda.uat.oci.krungsri.tech/ic/api/v1/customer/individual/getprofile,1887,0,14
1778849886643,34,SearchIndividual,200,OK,SearchIndividual 2-899,text,true,,621,2600,6,216,https://api-scuda.uat.oci.krungsri.tech/ords/api/v1/customer/individual/searchprofile,34,0,22
1778849886659,28,SearchIndividual,200,OK,SearchIndividual 2-900,text,true,,621,2625,6,216,https://api-scuda.uat.oci.krungsri.tech/ords/api/v1/customer/individual/searchprofile,27,0,13
1778849886661,33,SearchIndividual,200,OK,SearchIndividual 2-901,text,true,,621,2613,5,217,https://api-scuda.uat.oci.krungsri.tech/ords/api/v1/customer/individual/searchprofile,33,0,20
1778849886589,105,UpdateIndividual,429,Too Many Requests,UpdateIndividual 4-359,text,false,,606,4227,92,217,https://api-scuda.uat.oci.krungsri.tech/ic/api/v1/customer/individual/updateprofile,105,0,12
1778849886664,33,SearchJoint,200,OK,SearchJoint 10-19,text,true,,621,2627,1,215,https://api-scuda.uat.oci.krungsri.tech/ords/api/v1/customer/joint/searchprofile,33,0,21
1778849883780,2918,UpdateIndividual,200,OK,UpdateIndividual 4-265,text,true,,800,4229,91,214,https://api-scuda.uat.oci.krungsri.tech/ic/api/v1/customer/individual/updateprofile,2918,0,31
1778849886663,35,SearchIndividual,200,OK,SearchIndividual 2-902,text,true,,621,2617,4,213,https://api-scuda.uat.oci.krungsri.tech/ords/api/v1/customer/individual/searchprofile,35,0,23
1778849886666,40,SearchIndividual,200,OK,SearchIndividual 2-903,text,true,,621,2605,5,214,https://api-scuda.uat.oci.krungsri.tech/ords/api/v1/customer/individual/searchprofile,40,0,26
1778849886668,42,SearchIndividual,200,OK,SearchIndividual 2-904,text,true,,621,2613,5,214,https://api-scuda.uat.oci.krungsri.tech/ords/api/v1/customer/individual/searchprofile,42,0,23
1778849886595,126,GetIndividual,429,Too Many Requests,GetIndividual 1-545,text,false,,600,3588,80,216,https://api-scuda.uat.oci.krungsri.tech/ic/api/v1/customer/individual/getprofile,126,0,28
1778849886701,21,SearchIndividual,200,OK,SearchIndividual 2-906,text,true,,621,2643,5,215,https://api-scuda.uat.oci.krungsri.tech/ords/api/v1/customer/individual/searchprofile,21,0,11
1778849886686,37,SearchIndividual,200,OK,SearchIndividual 2-905,text,true,,621,2613,4,214,https://api-scuda.uat.oci.krungsri.tech/ords/api/v1/customer/individual/searchprofile,37,0,22
1778849886704,29,SearchIndividual,200,OK,SearchIndividual 2-907,text,true,,621,2601,3,214,https://api-scuda.uat.oci.krungsri.tech/ords/api/v1/customer/individual/searchprofile,29,0,16
1778849886677,58,UpdateIndividual,429,Too Many Requests,UpdateIndividual 4-364,text,false,,606,5629,92,214,https://api-scuda.uat.oci.krungsri.tech/ic/api/v1/customer/individual/updateprofile,58,0,11
1778849886614,122,GetIndividual,429,Too Many Requests,GetIndividual 1-546,text,false,,600,3588,80,214,https://api-scuda.uat.oci.krungsri.tech/ic/api/v1/customer/individual/getprofile,122,0,19
1778849886718,27,SearchIndividual,200,OK,SearchIndividual 2-909,text,true,,621,2613,3,214,https://api-scuda.uat.oci.krungsri.tech/ords/api/v1/customer/individual/searchprofile,26,0,15
1778849886672,86,UpdateIndividual,429,Too Many Requests,UpdateIndividual 4-363,text,false,,606,4227,91,214,https://api-scuda.uat.oci.krungsri.tech/ic/api/v1/customer/individual/updateprofile,86,0,20
1778849886735,31,SearchIndividual,200,OK,SearchIndividual 2-910,text,true,,621,2647,3,213,https://api-scuda.uat.oci.krungsri.tech/ords/api/v1/customer/individual/searchprofile,31,0,20
1778849886663,104,GetJoint,429,Too Many Requests,GetJoint 9-19,text,false,,590,3530,3,212,https://api-scuda.uat.oci.krungsri.tech/ic/api/v1/customer/joint/getprofile,104,0,19
1778849886632,136,GetIndividual,429,Too Many Requests,GetIndividual 1-549,text,false,,600,3588,81,212,https://api-scuda.uat.oci.krungsri.tech/ic/api/v1/customer/individual/getprofile,136,0,31
1778849886629,141,GetIndividual,429,Too Many Requests,GetIndividual 1-548,text,false,,600,3588,80,210,https://api-scuda.uat.oci.krungsri.tech/ic/api/v1/customer/individual/getprofile,141,0,35
1778849884794,1982,GetIndividual,200,OK,GetIndividual 1-451,text,true,,3804,3588,79,210,https://api-scuda.uat.oci.krungsri.tech/ic/api/v1/customer/individual/getprofile,1982,0,27
1778849885012,1765,GetIndividual,200,OK,GetIndividual 1-461,text,true,,3844,3588,78,209,https://api-scuda.uat.oci.krungsri.tech/ic/api/v1/customer/individual/getprofile,1765,0,39
1778849886708,71,SearchIndividual,200,OK,SearchIndividual 2-908,text,true,,621,2613,3,208,https://api-scuda.uat.oci.krungsri.tech/ords/api/v1/customer/individual/searchprofile,70,0,30
1778849885144,1635,GetIndividual,200,OK,GetIndividual 1-465,text,true,,3864,3588,77,208,https://api-scuda.uat.oci.krungsri.tech/ic/api/v1/customer/individual/getprofile,1635,0,14
1778849884776,2004,GetIndividual,200,OK,GetIndividual 1-449,text,true,,3849,3588,76,206,https://api-scuda.uat.oci.krungsri.tech/ic/api/v1/customer/individual/getprofile,2004,0,19
1778849884839,1942,GetIndividual,200,OK,GetIndividual 1-453,text,true,,3864,3588,77,207,https://api-scuda.uat.oci.krungsri.tech/ic/api/v1/customer/individual/getprofile,1942,0,35
1778849884303,2478,GetIndividual,200,OK,GetIndividual 1-425,text,true,,3867,3588,77,207,https://api-scuda.uat.oci.krungsri.tech/ic/api/v1/customer/individual/getprofile,2478,0,14
1778849883042,3741,UpdateIndividual,200,OK,UpdateIndividual 4-240,text,true,,800,5553,90,205,https://api-scuda.uat.oci.krungsri.tech/ic/api/v1/customer/individual/updateprofile,3741,0,33
1778849886754,35,SearchIndividual,200,OK,SearchIndividual 2-911,text,true,,621,2640,4,207,https://api-scuda.uat.oci.krungsri.tech/ords/api/v1/customer/individual/searchprofile,35,0,23
1778849883302,3494,UpdateIndividual,200,OK,UpdateIndividual 4-246,text,true,,800,5650,91,209,https://api-scuda.uat.oci.krungsri.tech/ic/api/v1/customer/individual/updateprofile,3494,0,18
1778849883914,2883,UpdateIndividual,200,OK,UpdateIndividual 4-268,text,true,,800,4228,90,208,https://api-scuda.uat.oci.krungsri.tech/ic/api/v1/customer/individual/updateprofile,2883,0,15
1778849884596,2203,GetIndividual,200,OK,GetIndividual 1-440,text,true,,3837,3588,75,207,https://api-scuda.uat.oci.krungsri.tech/ic/api/v1/customer/individual/getprofile,2203,0,20
1778849884681,2123,GetIndividual,200,OK,GetIndividual 1-445,text,true,,3829,3588,75,208,https://api-scuda.uat.oci.krungsri.tech/ic/api/v1/customer/individual/getprofile,2123,0,21
1778849883967,2840,GetIndividual,200,OK,GetIndividual 1-405,text,true,,3829,3588,74,207,https://api-scuda.uat.oci.krungsri.tech/ic/api/v1/customer/individual/getprofile,2840,0,17
1778849886774,34,SearchIndividual,200,OK,SearchIndividual 2-912,text,true,,621,2643,5,206,https://api-scuda.uat.oci.krungsri.tech/ords/api/v1/customer/individual/searchprofile,34,0,18
1778849883271,3538,UpdateIndividual,200,OK,UpdateIndividual 4-245,text,true,,800,4230,90,205,https://api-scuda.uat.oci.krungsri.tech/ic/api/v1/customer/individual/updateprofile,3538,0,26
1778849886792,29,SearchIndividual,200,OK,SearchIndividual 2-915,text,true,,621,2634,6,207,https://api-scuda.uat.oci.krungsri.tech/ords/api/v1/customer/individual/searchprofile,29,0,16
1778849886787,45,SearchIndividual,200,OK,SearchIndividual 2-913,text,true,,621,2638,5,207,https://api-scuda.uat.oci.krungsri.tech/ords/api/v1/customer/individual/searchprofile,45,0,28
1778849886788,45,SearchIndividual,200,OK,SearchIndividual 2-914,text,true,,621,2605,4,206,https://api-scuda.uat.oci.krungsri.tech/ords/api/v1/customer/individual/searchprofile,45,0,25
1778849886795,38,SearchIndividual,200,OK,SearchIndividual 2-916,text,true,,620,2633,4,206,https://api-scuda.uat.oci.krungsri.tech/ords/api/v1/customer/individual/searchprofile,38,0,27
1778849886810,36,SearchIndividual,200,OK,SearchIndividual 2-917,text,true,,621,2613,2,205,https://api-scuda.uat.oci.krungsri.tech/ords/api/v1/customer/individual/searchprofile,36,0,23
1778849886816,37,SearchIndividual,200,OK,SearchIndividual 2-918,text,true,,619,2611,3,207,https://api-scuda.uat.oci.krungsri.tech/ords/api/v1/customer/individual/searchprofile,36,0,24
1778849885212,1661,GetIndividual,200,OK,GetIndividual 1-466,text,true,,3878,3588,78,209,https://api-scuda.uat.oci.krungsri.tech/ic/api/v1/customer/individual/getprofile,1661,0,21
1778849884287,2589,UpdateIndividual,200,OK,UpdateIndividual 4-287,text,true,,800,5527,89,208,https://api-scuda.uat.oci.krungsri.tech/ic/api/v1/customer/individual/updateprofile,2589,0,27
1778849885234,1645,GetIndividual,200,OK,GetIndividual 1-469,text,true,,3840,3588,77,207,https://api-scuda.uat.oci.krungsri.tech/ic/api/v1/customer/individual/getprofile,1645,0,18
1778849884802,2078,GetIndividual,200,OK,GetIndividual 1-452,text,true,,3881,3588,77,207,https://api-scuda.uat.oci.krungsri.tech/ic/api/v1/customer/individual/getprofile,2078,0,18
1778849886852,35,SearchIndividual,200,OK,SearchIndividual 2-920,text,true,,621,2602,4,205,https://api-scuda.uat.oci.krungsri.tech/ords/api/v1/customer/individual/searchprofile,35,0,23
1778849886850,40,SearchIndividual,200,OK,SearchIndividual 2-919,text,true,,621,2638,3,204,https://api-scuda.uat.oci.krungsri.tech/ords/api/v1/customer/individual/searchprofile,39,0,25
1778849884846,2052,GetIndividual,200,OK,GetIndividual 1-454,text,true,,3848,3587,75,203,https://api-scuda.uat.oci.krungsri.tech/ic/api/v1/customer/individual/getprofile,2052,0,29
1778849883359,3542,UpdateIndividual,200,OK,UpdateIndividual 4-250,text,true,,800,5595,88,202,https://api-scuda.uat.oci.krungsri.tech/ic/api/v1/customer/individual/updateprofile,3542,0,21
1778849883876,3025,UpdateIndividual,200,OK,UpdateIndividual 4-267,text,true,,800,4227,88,202,https://api-scuda.uat.oci.krungsri.tech/ic/api/v1/customer/individual/updateprofile,3025,0,29
1778849884439,2463,GetIndividual,200,OK,GetIndividual 1-433,text,true,,3835,3588,74,201,https://api-scuda.uat.oci.krungsri.tech/ic/api/v1/customer/individual/getprofile,2463,0,19
1778849884893,2010,GetIndividual,200,OK,GetIndividual 1-458,text,true,,3838,3588,73,200,https://api-scuda.uat.oci.krungsri.tech/ic/api/v1/customer/individual/getprofile,2010,0,54
1778849884379,2526,GetIndividual,200,OK,GetIndividual 1-430,text,true,,3837,3588,72,200,https://api-scuda.uat.oci.krungsri.tech/ic/api/v1/customer/individual/getprofile,2526,0,27
1778849886873,32,SearchIndividual,200,OK,SearchIndividual 2-922,text,true,,621,2604,4,199,https://api-scuda.uat.oci.krungsri.tech/ords/api/v1/customer/individual/searchprofile,32,0,20
1778849886865,45,SearchIndividual,200,OK,SearchIndividual 2-921,text,true,,621,2614,3,199,https://api-scuda.uat.oci.krungsri.tech/ords/api/v1/customer/individual/searchprofile,45,0,19
1778849886905,33,SearchIndividual,200,OK,SearchIndividual 2-924,text,true,,621,2603,8,207,https://api-scuda.uat.oci.krungsri.tech/ords/api/v1/customer/individual/searchprofile,32,0,19
1778849886915,27,SearchIndividual,200,OK,SearchIndividual 2-927,text,true,,621,2612,7,207,https://api-scuda.uat.oci.krungsri.tech/ords/api/v1/customer/individual/searchprofile,27,0,17
1778849886903,48,SearchIndividual,200,OK,SearchIndividual 2-923,text,true,,621,2613,8,209,https://api-scuda.uat.oci.krungsri.tech/ords/api/v1/customer/individual/searchprofile,48,0,19
1778849886913,43,SearchIndividual,200,OK,SearchIndividual 2-925,text,true,,621,2606,7,208,https://api-scuda.uat.oci.krungsri.tech/ords/api/v1/customer/individual/searchprofile,43,0,26
1778849886916,43,SearchIndividual,200,OK,SearchIndividual 2-929,text,true,,621,2622,6,207,https://api-scuda.uat.oci.krungsri.tech/ords/api/v1/customer/individual/searchprofile,43,0,22
1778849886915,52,SearchIndividual,200,OK,SearchIndividual 2-928,text,true,,621,2613,5,206,https://api-scuda.uat.oci.krungsri.tech/ords/api/v1/customer/individual/searchprofile,51,0,34
1778849883735,3234,UpdateIndividual,200,OK,UpdateIndividual 4-262,text,true,,800,5631,89,205,https://api-scuda.uat.oci.krungsri.tech/ic/api/v1/customer/individual/updateprofile,3234,0,28
1778849883870,3104,UpdateIndividual,200,OK,UpdateIndividual 4-266,text,true,,800,4227,88,205,https://api-scuda.uat.oci.krungsri.tech/ic/api/v1/customer/individual/updateprofile,3104,0,39
1778849883700,3274,UpdateIndividual,200,OK,UpdateIndividual 4-258,text,true,,800,4228,88,205,https://api-scuda.uat.oci.krungsri.tech/ic/api/v1/customer/individual/updateprofile,3274,0,22
1778849885247,1729,GetIndividual,200,OK,GetIndividual 1-471,text,true,,3837,3588,74,203,https://api-scuda.uat.oci.krungsri.tech/ic/api/v1/customer/individual/getprofile,1729,0,29
1778849884521,2457,GetIndividual,200,OK,GetIndividual 1-437,text,true,,3828,3588,73,203,https://api-scuda.uat.oci.krungsri.tech/ic/api/v1/customer/individual/getprofile,2457,0,21
1778849886913,66,SearchIndividual,200,OK,SearchIndividual 2-926,text,true,,621,2613,5,202,https://api-scuda.uat.oci.krungsri.tech/ords/api/v1/customer/individual/searchprofile,66,0,51
1778849885486,1493,GetIndividual,200,OK,GetIndividual 1-487,text,true,,3786,3588,72,202,https://api-scuda.uat.oci.krungsri.tech/ic/api/v1/customer/individual/getprofile,1493,0,17
1778849886937,47,SearchIndividual,200,OK,SearchIndividual 2-930,text,true,,621,2613,5,201,https://api-scuda.uat.oci.krungsri.tech/ords/api/v1/customer/individual/searchprofile,47,0,34
1778849884979,2018,GetIndividual,200,OK,GetIndividual 1-460,text,true,,3866,3588,71,200,https://api-scuda.uat.oci.krungsri.tech/ic/api/v1/customer/individual/getprofile,2018,0,23
1778849883836,3166,GetIndividual,200,OK,GetIndividual 1-404,text,true,,3853,3588,71,200,https://api-scuda.uat.oci.krungsri.tech/ic/api/v1/customer/individual/getprofile,3166,0,21
1778849886950,60,SearchIndividual,200,OK,SearchIndividual 2-932,text,true,,621,2656,4,199,https://api-scuda.uat.oci.krungsri.tech/ords/api/v1/customer/individual/searchprofile,60,0,29
1778849886950,72,SearchIndividual,200,OK,SearchIndividual 2-931,text,true,,13881,2605,4,200,https://api-scuda.uat.oci.krungsri.tech/ords/api/v1/customer/individual/searchprofile,71,0,51
1778849886983,41,SearchIndividual,200,OK,SearchIndividual 2-934,text,true,,621,2613,3,199,https://api-scuda.uat.oci.krungsri.tech/ords/api/v1/customer/individual/searchprofile,40,0,22
1778849886979,76,SearchIndividual,200,OK,SearchIndividual 2-933,text,true,,620,2610,4,203,https://api-scuda.uat.oci.krungsri.tech/ords/api/v1/customer/individual/searchprofile,76,0,33
1778849887060,31,SearchIndividual,200,OK,SearchIndividual 2-939,text,true,,621,2612,8,210,https://api-scuda.uat.oci.krungsri.tech/ords/api/v1/customer/individual/searchprofile,31,0,19
1778849887047,40,SearchIndividual,200,OK,SearchIndividual 2-937,text,true,,621,2613,8,210,https://api-scuda.uat.oci.krungsri.tech/ords/api/v1/customer/individual/searchprofile,39,0,26
1778849887042,42,SearchIndividual,200,OK,SearchIndividual 2-936,text,true,,621,2613,7,208,https://api-scuda.uat.oci.krungsri.tech/ords/api/v1/customer/individual/searchprofile,41,0,28
1778849887016,62,SearchIndividual,200,OK,SearchIndividual 2-935,text,true,,621,2629,7,208,https://api-scuda.uat.oci.krungsri.tech/ords/api/v1/customer/individual/searchprofile,62,0,42
1778849884141,2937,UpdateIndividual,200,OK,UpdateIndividual 4-278,text,true,,800,4228,90,208,https://api-scuda.uat.oci.krungsri.tech/ic/api/v1/customer/individual/updateprofile,2937,0,20
1778849883724,3353,UpdateIndividual,200,OK,UpdateIndividual 4-261,text,true,,800,5661,90,208,https://api-scuda.uat.oci.krungsri.tech/ic/api/v1/customer/individual/updateprofile,3353,0,23
1778849887065,35,SearchIndividual,200,OK,SearchIndividual 2-940,text,true,,621,2641,5,206,https://api-scuda.uat.oci.krungsri.tech/ords/api/v1/customer/individual/searchprofile,35,0,22
1778849887060,50,SearchIndividual,200,OK,SearchIndividual 2-938,text,true,,621,2613,6,209,https://api-scuda.uat.oci.krungsri.tech/ords/api/v1/customer/individual/searchprofile,49,0,35
1778849887067,44,SearchIndividual,200,OK,SearchIndividual 2-941,text,true,,621,2613,5,208,https://api-scuda.uat.oci.krungsri.tech/ords/api/v1/customer/individual/searchprofile,44,0,28
1778849887087,27,SearchIndividual,200,OK,SearchIndividual 2-942,text,true,,621,2631,5,208,https://api-scuda.uat.oci.krungsri.tech/ords/api/v1/customer/individual/searchprofile,26,0,16
1778849884725,2400,GetIndividual,200,OK,GetIndividual 1-446,text,true,,3869,3588,74,209,https://api-scuda.uat.oci.krungsri.tech/ic/api/v1/customer/individual/getprofile,2400,0,24
1778849884731,2397,GetIndividual,200,OK,GetIndividual 1-447,text,true,,3759,3588,73,208,https://api-scuda.uat.oci.krungsri.tech/ic/api/v1/customer/individual/getprofile,2397,0,19
1778849884846,2290,GetIndividual,200,OK,GetIndividual 1-455,text,true,,3890,3587,73,208,https://api-scuda.uat.oci.krungsri.tech/ic/api/v1/customer/individual/getprofile,2290,0,26
1778849887121,32,SearchIndividual,200,OK,SearchIndividual 2-947,text,true,,621,2619,7,212,https://api-scuda.uat.oci.krungsri.tech/ords/api/v1/customer/individual/searchprofile,32,0,20
1778849887139,29,SearchIndividual,200,OK,SearchIndividual 2-948,text,true,,621,2610,7,214,https://api-scuda.uat.oci.krungsri.tech/ords/api/v1/customer/individual/searchprofile,28,0,17
1778849887150,21,SearchIndividual,200,OK,SearchIndividual 2-949,text,true,,621,2613,6,214,https://api-scuda.uat.oci.krungsri.tech/ords/api/v1/customer/individual/searchprofile,21,0,10
1778849884802,2374,GetJoint,200,OK,GetJoint 9-17,text,true,,1431,3530,2,213,https://api-scuda.uat.oci.krungsri.tech/ic/api/v1/customer/joint/getprofile,2374,0,41
1778849885498,1678,GetIndividual,200,OK,GetIndividual 1-488,text,true,,3824,3588,76,213,https://api-scuda.uat.oci.krungsri.tech/ic/api/v1/customer/individual/getprofile,1678,0,15
1778849885294,1884,GetJuristic,200,OK,GetJuristic 5-18,text,true,,3498,3533,1,212,https://api-scuda.uat.oci.krungsri.tech/ic/api/v1/customer/juristic/getprofile,1884,0,40
1778849883723,3472,UpdateIndividual,200,OK,UpdateIndividual 4-260,text,true,,799,5579,95,216,https://api-scuda.uat.oci.krungsri.tech/ic/api/v1/customer/individual/updateprofile,3472,0,23
1778849884890,2308,GetIndividual,200,OK,GetIndividual 1-457,text,true,,3881,3588,76,215,https://api-scuda.uat.oci.krungsri.tech/ic/api/v1/customer/individual/getprofile,2308,0,23
1778849887192,35,SearchIndividual,200,OK,SearchIndividual 2-951,text,true,,14053,2605,9,218,https://api-scuda.uat.oci.krungsri.tech/ords/api/v1/customer/individual/searchprofile,34,0,20
1778849887182,53,UpdateIndividual,429,Too Many Requests,UpdateIndividual 4-382,text,false,,606,5569,95,219,https://api-scuda.uat.oci.krungsri.tech/ic/api/v1/customer/individual/updateprofile,53,0,21
1778849887102,139,SearchIndividual,200,OK,SearchIndividual 2-944,text,true,,621,2613,8,218,https://api-scuda.uat.oci.krungsri.tech/ords/api/v1/customer/individual/searchprofile,139,0,101
1778849887219,29,SearchIndividual,200,OK,SearchIndividual 2-954,text,true,,621,2614,8,218,https://api-scuda.uat.oci.krungsri.tech/ords/api/v1/customer/individual/searchprofile,28,0,17
1778849887098,150,SearchIndividual,200,OK,SearchIndividual 2-943,text,true,,621,2617,8,218,https://api-scuda.uat.oci.krungsri.tech/ords/api/v1/customer/individual/searchprofile,150,0,102
1778849887219,30,SearchIndividual,200,OK,SearchIndividual 2-953,text,true,,621,2604,6,216,https://api-scuda.uat.oci.krungsri.tech/ords/api/v1/customer/individual/searchprofile,30,0,20
1778849887108,143,SearchIndividual,200,OK,SearchIndividual 2-945,text,true,,621,2605,6,217,https://api-scuda.uat.oci.krungsri.tech/ords/api/v1/customer/individual/searchprofile,139,0,88
1778849887191,61,UpdateIndividual,429,Too Many Requests,UpdateIndividual 4-383,text,false,,606,5638,94,216,https://api-scuda.uat.oci.krungsri.tech/ic/api/v1/customer/individual/updateprofile,61,0,21
1778849887114,140,SearchIndividual,200,OK,SearchIndividual 2-946,text,true,,621,2613,5,216,https://api-scuda.uat.oci.krungsri.tech/ords/api/v1/customer/individual/searchprofile,137,0,89
1778849887187,69,GetIndividual,429,Too Many Requests,GetIndividual 1-576,text,false,,600,3588,78,215,https://api-scuda.uat.oci.krungsri.tech/ic/api/v1/customer/individual/getprofile,69,0,16
1778849887155,108,SearchIndividual,200,OK,SearchIndividual 2-950,text,true,,621,2613,5,215,https://api-scuda.uat.oci.krungsri.tech/ords/api/v1/customer/individual/searchprofile,108,0,66
1778849887174,89,UpdateIndividual,429,Too Many Requests,UpdateIndividual 4-381,text,false,,606,5577,93,215,https://api-scuda.uat.oci.krungsri.tech/ic/api/v1/customer/individual/updateprofile,89,0,19
1778849885366,1911,GetIndividual,200,OK,GetIndividual 1-481,text,true,,3881,3588,80,217,https://api-scuda.uat.oci.krungsri.tech/ic/api/v1/customer/individual/getprofile,1911,0,17
1778849887250,32,SearchIndividual,200,OK,SearchIndividual 2-956,text,true,,621,2613,4,218,https://api-scuda.uat.oci.krungsri.tech/ords/api/v1/customer/individual/searchprofile,32,0,20
1778849885416,1866,GetIndividual,200,OK,GetIndividual 1-485,text,true,,3834,3588,80,218,https://api-scuda.uat.oci.krungsri.tech/ic/api/v1/customer/individual/getprofile,1866,0,22
1778849887188,97,CreateJuristic,429,Too Many Requests,CreateJuristic 7-20,text,false,,602,7751,6,216,https://api-scuda.uat.oci.krungsri.tech/ic/api/v1/customer/juristic/createprofile,97,0,15
1778849887258,29,SearchIndividual,200,OK,SearchIndividual 2-957,text,true,,621,2638,3,215,https://api-scuda.uat.oci.krungsri.tech/ords/api/v1/customer/individual/searchprofile,29,0,18
1778849887209,82,SearchIndividual,200,OK,SearchIndividual 2-952,text,true,,621,2602,2,215,https://api-scuda.uat.oci.krungsri.tech/ords/api/v1/customer/individual/searchprofile,81,0,63
1778849887243,48,SearchIndividual,200,OK,SearchIndividual 2-955,text,true,,621,2644,2,215,https://api-scuda.uat.oci.krungsri.tech/ords/api/v1/customer/individual/searchprofile,47,0,28
1778849883948,3349,UpdateIndividual,200,OK,UpdateIndividual 4-269,text,true,,800,4227,93,214,https://api-scuda.uat.oci.krungsri.tech/ic/api/v1/customer/individual/updateprofile,3349,0,26
1778849887196,115,UpdateIndividual,429,Too Many Requests,UpdateIndividual 4-384,text,false,,606,4228,92,216,https://api-scuda.uat.oci.krungsri.tech/ic/api/v1/customer/individual/updateprofile,115,0,18
1778849887157,162,UpdateIndividual,429,Too Many Requests,UpdateIndividual 4-380,text,false,,606,4227,92,217,https://api-scuda.uat.oci.krungsri.tech/ic/api/v1/customer/individual/updateprofile,162,0,65
1778849887302,28,SearchIndividual,200,OK,SearchIndividual 2-960,text,true,,621,2614,5,217,https://api-scuda.uat.oci.krungsri.tech/ords/api/v1/customer/individual/searchprofile,28,0,16
1778849887297,44,SearchIndividual,200,OK,SearchIndividual 2-958,text,true,,621,2604,4,217,https://api-scuda.uat.oci.krungsri.tech/ords/api/v1/customer/individual/searchprofile,44,0,27
1778849887274,68,UpdateIndividual,429,Too Many Requests,UpdateIndividual 4-386,text,false,,606,4227,92,216,https://api-scuda.uat.oci.krungsri.tech/ic/api/v1/customer/individual/updateprofile,68,0,20
1778849887231,113,GetIndividual,429,Too Many Requests,GetIndividual 1-577,text,false,,600,3588,80,216,https://api-scuda.uat.oci.krungsri.tech/ic/api/v1/customer/individual/getprofile,113,0,43
1778849887272,73,GetIndividual,429,Too Many Requests,GetIndividual 1-582,text,false,,600,3588,80,216,https://api-scuda.uat.oci.krungsri.tech/ic/api/v1/customer/individual/getprofile,73,0,16
1778849887309,37,SearchIndividual,200,OK,SearchIndividual 2-961,text,true,,621,2613,4,215,https://api-scuda.uat.oci.krungsri.tech/ords/api/v1/customer/individual/searchprofile,36,0,23
1778849887302,47,SearchIndividual,200,OK,SearchIndividual 2-959,text,true,,621,2622,3,213,https://api-scuda.uat.oci.krungsri.tech/ords/api/v1/customer/individual/searchprofile,47,0,21
1778849887318,33,SearchJoint,200,OK,SearchJoint 10-20,text,true,,621,2627,1,212,https://api-scuda.uat.oci.krungsri.tech/ords/api/v1/customer/joint/searchprofile,33,0,15
1778849887253,97,GetIndividual,429,Too Many Requests,GetIndividual 1-579,text,false,,600,3588,78,212,https://api-scuda.uat.oci.krungsri.tech/ic/api/v1/customer/individual/getprofile,97,0,26
1778849887216,134,UpdateIndividual,429,Too Many Requests,UpdateIndividual 4-385,text,false,,606,4227,91,212,https://api-scuda.uat.oci.krungsri.tech/ic/api/v1/customer/individual/updateprofile,134,0,52
1778849887281,71,GetIndividual,429,Too Many Requests,GetIndividual 1-583,text,false,,600,3588,78,211,https://api-scuda.uat.oci.krungsri.tech/ic/api/v1/customer/individual/getprofile,71,0,19
1778849887329,32,SearchIndividual,200,OK,SearchIndividual 2-962,text,true,,621,2602,2,209,https://api-scuda.uat.oci.krungsri.tech/ords/api/v1/customer/individual/searchprofile,32,0,15
1778849884324,3045,UpdateIndividual,200,OK,UpdateIndividual 4-288,text,true,,800,4231,90,211,https://api-scuda.uat.oci.krungsri.tech/ic/api/v1/customer/individual/updateprofile,3045,0,23
1778849883752,3621,UpdateIndividual,200,OK,UpdateIndividual 4-263,text,true,,800,4227,90,213,https://api-scuda.uat.oci.krungsri.tech/ic/api/v1/customer/individual/updateprofile,3621,0,24
1778849887271,110,GetIndividual,429,Too Many Requests,GetIndividual 1-581,text,false,,600,3588,79,213,https://api-scuda.uat.oci.krungsri.tech/ic/api/v1/customer/individual/getprofile,110,0,23
1778849887278,104,GetJoint,429,Too Many Requests,GetJoint 9-20,text,false,,590,3530,2,212,https://api-scuda.uat.oci.krungsri.tech/ic/api/v1/customer/joint/getprofile,104,0,23
1778849887344,42,SearchIndividual,200,OK,SearchIndividual 2-963,text,true,,621,2613,5,211,https://api-scuda.uat.oci.krungsri.tech/ords/api/v1/customer/individual/searchprofile,42,0,25
1778849887365,26,SearchIndividual,200,OK,SearchIndividual 2-964,text,true,,621,2628,4,211,https://api-scuda.uat.oci.krungsri.tech/ords/api/v1/customer/individual/searchprofile,26,0,14
1778849887291,101,GetIndividual,429,Too Many Requests,GetIndividual 1-584,text,false,,600,3588,80,211,https://api-scuda.uat.oci.krungsri.tech/ic/api/v1/customer/individual/getprofile,101,0,19
1778849885721,1674,GetIndividual,200,OK,GetIndividual 1-498,text,true,,3817,3588,79,210,https://api-scuda.uat.oci.krungsri.tech/ic/api/v1/customer/individual/getprofile,1674,0,15
1778849887366,29,SearchIndividual,200,OK,SearchIndividual 2-965,text,true,,621,2625,3,210,https://api-scuda.uat.oci.krungsri.tech/ords/api/v1/customer/individual/searchprofile,29,0,19
1778849887370,29,SearchIndividual,200,OK,SearchIndividual 2-966,text,true,,621,2613,2,208,https://api-scuda.uat.oci.krungsri.tech/ords/api/v1/customer/individual/searchprofile,28,0,18
1778849885311,2088,GetIndividual,200,OK,GetIndividual 1-478,text,true,,3855,3587,78,208,https://api-scuda.uat.oci.krungsri.tech/ic/api/v1/customer/individual/getprofile,2088,0,20
1778849884585,2814,GetIndividual,200,OK,GetIndividual 1-438,text,true,,3871,3588,78,208,https://api-scuda.uat.oci.krungsri.tech/ic/api/v1/customer/individual/getprofile,2814,0,11
1778849885049,2350,GetIndividual,200,OK,GetIndividual 1-462,text,true,,3809,3588,78,208,https://api-scuda.uat.oci.krungsri.tech/ic/api/v1/customer/individual/getprofile,2350,0,19
1778849885301,2100,GetIndividual,200,OK,GetIndividual 1-477,text,true,,3860,3588,75,204,https://api-scuda.uat.oci.krungsri.tech/ic/api/v1/customer/individual/getprofile,2100,0,24
1778849887373,32,SearchIndividual,200,OK,SearchIndividual 2-967,text,true,,621,2613,1,204,https://api-scuda.uat.oci.krungsri.tech/ords/api/v1/customer/individual/searchprofile,32,0,20
1778849884206,3202,UpdateIndividual,200,OK,UpdateIndividual 4-281,text,true,,800,5655,89,203,https://api-scuda.uat.oci.krungsri.tech/ic/api/v1/customer/individual/updateprofile,3202,0,21
1778849887411,35,SearchJuristic,200,OK,SearchJuristic 6-20,text,true,,621,2608,1,209,https://api-scuda.uat.oci.krungsri.tech/ords/api/v1/customer/juristic/searchprofile,35,0,22
1778849887387,81,GetIndividual,429,Too Many Requests,GetIndividual 1-588,text,false,,600,3588,79,211,https://api-scuda.uat.oci.krungsri.tech/ic/api/v1/customer/individual/getprofile,81,0,26
1778849887443,32,SearchIndividual,200,OK,SearchIndividual 2-968,text,true,,621,2605,2,212,https://api-scuda.uat.oci.krungsri.tech/ords/api/v1/customer/individual/searchprofile,32,0,20
1778849887404,70,GetIndividual,429,Too Many Requests,GetIndividual 1-590,text,false,,600,3588,79,212,https://api-scuda.uat.oci.krungsri.tech/ic/api/v1/customer/individual/getprofile,70,0,18
1778849885566,1909,GetIndividual,200,OK,GetIndividual 1-491,text,true,,3919,3588,79,212,https://api-scuda.uat.oci.krungsri.tech/ic/api/v1/customer/individual/getprofile,1909,0,23
1778849884969,2507,UpdateIndividual,200,OK,UpdateIndividual 4-304,text,true,,800,5635,92,209,https://api-scuda.uat.oci.krungsri.tech/ic/api/v1/customer/individual/updateprofile,2507,0,22
1778849885968,1510,GetIndividual,200,OK,GetIndividual 1-513,text,true,,3838,3588,77,208,https://api-scuda.uat.oci.krungsri.tech/ic/api/v1/customer/individual/getprofile,1510,0,14
1778849885051,2428,GetIndividual,200,OK,GetIndividual 1-463,text,true,,3831,3588,77,208,https://api-scuda.uat.oci.krungsri.tech/ic/api/v1/customer/individual/getprofile,2428,0,23
1778849887459,31,SearchIndividual,200,OK,SearchIndividual 2-969,text,true,,621,2628,3,208,https://api-scuda.uat.oci.krungsri.tech/ords/api/v1/customer/individual/searchprofile,31,0,20
1778849884878,2618,GetIndividual,200,OK,GetIndividual 1-456,text,true,,3869,3588,75,209,https://api-scuda.uat.oci.krungsri.tech/ic/api/v1/customer/individual/getprofile,2618,0,22
1778849885604,1893,GetIndividual,200,OK,GetIndividual 1-492,text,true,,3846,3588,74,209,https://api-scuda.uat.oci.krungsri.tech/ic/api/v1/customer/individual/getprofile,1893,0,21
1778849887481,27,SearchIndividual,200,OK,SearchIndividual 2-970,text,true,,621,2601,6,211,https://api-scuda.uat.oci.krungsri.tech/ords/api/v1/customer/individual/searchprofile,27,0,16
1778849887482,32,SearchIndividual,200,OK,SearchIndividual 2-971,text,true,,621,2643,5,210,https://api-scuda.uat.oci.krungsri.tech/ords/api/v1/customer/individual/searchprofile,32,0,20
1778849887449,83,UpdateIndividual,429,Too Many Requests,UpdateIndividual 4-390,text,false,,606,4227,95,214,https://api-scuda.uat.oci.krungsri.tech/ic/api/v1/customer/individual/updateprofile,83,0,20
1778849887494,39,SearchIndividual,200,OK,SearchIndividual 2-973,text,true,,621,2623,4,214,https://api-scuda.uat.oci.krungsri.tech/ords/api/v1/customer/individual/searchprofile,39,0,21
1778849887494,39,SearchIndividual,200,OK,SearchIndividual 2-972,text,true,,621,2611,4,213,https://api-scuda.uat.oci.krungsri.tech/ords/api/v1/customer/individual/searchprofile,39,0,24
1778849887501,37,SearchIndividual,200,OK,SearchIndividual 2-975,text,true,,621,2613,3,212,https://api-scuda.uat.oci.krungsri.tech/ords/api/v1/customer/individual/searchprofile,37,0,15
1778849887497,53,SearchIndividual,200,OK,SearchIndividual 2-974,text,true,,621,2612,3,215,https://api-scuda.uat.oci.krungsri.tech/ords/api/v1/customer/individual/searchprofile,52,0,36
1778849887536,25,SearchIndividual,200,OK,SearchIndividual 2-976,text,true,,14393,2611,3,216,https://api-scuda.uat.oci.krungsri.tech/ords/api/v1/customer/individual/searchprofile,25,0,10
1778849887502,60,GetIndividual,429,Too Many Requests,GetIndividual 1-596,text,false,,600,3588,78,215,https://api-scuda.uat.oci.krungsri.tech/ic/api/v1/customer/individual/getprofile,60,0,18
1778849887472,91,GetIndividual,429,Too Many Requests,GetIndividual 1-595,text,false,,600,3587,77,214,https://api-scuda.uat.oci.krungsri.tech/ic/api/v1/customer/individual/getprofile,91,0,20
1778849887543,29,SearchIndividual,200,OK,SearchIndividual 2-977,text,true,,14079,2603,2,214,https://api-scuda.uat.oci.krungsri.tech/ords/api/v1/customer/individual/searchprofile,29,0,10
1778849887474,100,UpdateIndividual,429,Too Many Requests,UpdateIndividual 4-393,text,false,,606,4228,94,214,https://api-scuda.uat.oci.krungsri.tech/ic/api/v1/customer/individual/updateprofile,100,0,19
1778849883562,4032,UpdateIndividual,200,OK,UpdateIndividual 4-254,text,true,,800,4227,94,218,https://api-scuda.uat.oci.krungsri.tech/ic/api/v1/customer/individual/updateprofile,4032,0,18
1778849884889,2704,UpdateIndividual,200,OK,UpdateIndividual 4-299,text,true,,798,4227,93,217,https://api-scuda.uat.oci.krungsri.tech/ic/api/v1/customer/individual/updateprofile,2704,0,21
1778849884741,2857,GetIndividual,200,OK,GetIndividual 1-448,text,true,,3843,3588,79,219,https://api-scuda.uat.oci.krungsri.tech/ic/api/v1/customer/individual/getprofile,2857,0,23
1778849887526,66,GetIndividual,429,Too Many Requests,GetIndividual 1-597,text,false,,600,3588,79,217,https://api-scuda.uat.oci.krungsri.tech/ic/api/v1/customer/individual/getprofile,66,0,22
1778849887512,78,UpdateIndividual,429,Too Many Requests,UpdateIndividual 4-394,text,false,,606,4229,93,217,https://api-scuda.uat.oci.krungsri.tech/ic/api/v1/customer/individual/updateprofile,78,0,18
1778849887520,66,UpdateIndividual,429,Too Many Requests,UpdateIndividual 4-395,text,false,,606,4229,93,217,https://api-scuda.uat.oci.krungsri.tech/ic/api/v1/customer/individual/updateprofile,66,0,19
1778849885223,2356,GetIndividual,200,OK,GetIndividual 1-468,text,true,,3873,3588,78,215,https://api-scuda.uat.oci.krungsri.tech/ic/api/v1/customer/individual/getprofile,2356,0,21
1778849885261,2317,GetIndividual,200,OK,GetIndividual 1-473,text,true,,3825,3587,78,215,https://api-scuda.uat.oci.krungsri.tech/ic/api/v1/customer/individual/getprofile,2317,0,20
1778849884932,2668,GetIndividual,200,OK,GetIndividual 1-459,text,true,,3887,3588,75,211,https://api-scuda.uat.oci.krungsri.tech/ic/api/v1/customer/individual/getprofile,2668,0,20
1778849887559,41,SearchIndividual,200,OK,SearchIndividual 2-978,text,true,,621,2617,5,211,https://api-scuda.uat.oci.krungsri.tech/ords/api/v1/customer/individual/searchprofile,41,0,23
1778849883413,4188,UpdateIndividual,200,OK,UpdateIndividual 4-252,text,true,,800,4229,91,210,https://api-scuda.uat.oci.krungsri.tech/ic/api/v1/customer/individual/updateprofile,4188,0,23
1778849887575,31,SearchIndividual,200,OK,SearchIndividual 2-979,text,true,,620,2627,8,213,https://api-scuda.uat.oci.krungsri.tech/ords/api/v1/customer/individual/searchprofile,31,0,21
1778849887595,34,SearchIndividual,200,OK,SearchIndividual 2-982,text,true,,621,2613,12,218,https://api-scuda.uat.oci.krungsri.tech/ords/api/v1/customer/individual/searchprofile,34,0,21
1778849887603,28,SearchIndividual,200,OK,SearchIndividual 2-984,text,true,,621,2626,11,217,https://api-scuda.uat.oci.krungsri.tech/ords/api/v1/customer/individual/searchprofile,28,0,18
1778849887605,30,SearchIndividual,200,OK,SearchIndividual 2-985,text,true,,621,2601,10,216,https://api-scuda.uat.oci.krungsri.tech/ords/api/v1/customer/individual/searchprofile,30,0,18
1778849887606,30,SearchIndividual,200,OK,SearchIndividual 2-986,text,true,,621,2613,9,215,https://api-scuda.uat.oci.krungsri.tech/ords/api/v1/customer/individual/searchprofile,30,0,20
1778849887575,62,SearchIndividual,200,OK,SearchIndividual 2-980,text,true,,620,2603,8,214,https://api-scuda.uat.oci.krungsri.tech/ords/api/v1/customer/individual/searchprofile,60,0,23
1778849887571,69,GetIndividual,429,Too Many Requests,GetIndividual 1-601,text,false,,600,3588,74,213,https://api-scuda.uat.oci.krungsri.tech/ic/api/v1/customer/individual/getprofile,69,0,19
1778849887575,67,GetIndividual,429,Too Many Requests,GetIndividual 1-602,text,false,,600,3587,73,213,https://api-scuda.uat.oci.krungsri.tech/ic/api/v1/customer/individual/getprofile,67,0,18
1778849887617,28,SearchIndividual,200,OK,SearchIndividual 2-988,text,true,,621,2613,9,213,https://api-scuda.uat.oci.krungsri.tech/ords/api/v1/customer/individual/searchprofile,28,0,15
1778849887613,34,SearchIndividual,200,OK,SearchIndividual 2-987,text,true,,621,2604,8,212,https://api-scuda.uat.oci.krungsri.tech/ords/api/v1/customer/individual/searchprofile,34,0,21
1778849887626,27,SearchIndividual,200,OK,SearchIndividual 2-990,text,true,,621,2612,8,212,https://api-scuda.uat.oci.krungsri.tech/ords/api/v1/customer/individual/searchprofile,27,0,15
1778849887622,32,SearchIndividual,200,OK,SearchIndividual 2-989,text,true,,621,2613,7,211,https://api-scuda.uat.oci.krungsri.tech/ords/api/v1/customer/individual/searchprofile,32,0,18
1778849887583,72,SearchIndividual,200,OK,SearchIndividual 2-981,text,true,,14364,2608,6,211,https://api-scuda.uat.oci.krungsri.tech/ords/api/v1/customer/individual/searchprofile,72,0,54
1778849887603,53,SearchIndividual,200,OK,SearchIndividual 2-983,text,true,,621,2649,5,210,https://api-scuda.uat.oci.krungsri.tech/ords/api/v1/customer/individual/searchprofile,53,0,35
1778849887598,69,UpdateIndividual,429,Too Many Requests,UpdateIndividual 4-398,text,false,,606,5681,93,214,https://api-scuda.uat.oci.krungsri.tech/ic/api/v1/customer/individual/updateprofile,69,0,26
1778849887630,38,SearchIndividual,200,OK,SearchIndividual 2-991,text,true,,621,2613,6,213,https://api-scuda.uat.oci.krungsri.tech/ords/api/v1/customer/individual/searchprofile,37,0,21
1778849885316,2354,UpdateIndividual,200,OK,UpdateIndividual 4-318,text,true,,799,4230,92,212,https://api-scuda.uat.oci.krungsri.tech/ic/api/v1/customer/individual/updateprofile,2354,0,15
1778849887585,88,GetIndividual,429,Too Many Requests,GetIndividual 1-603,text,false,,600,3588,76,215,https://api-scuda.uat.oci.krungsri.tech/ic/api/v1/customer/individual/getprofile,88,0,21
1778849885297,2379,GetIndividual,200,OK,GetIndividual 1-476,text,true,,3899,3588,75,215,https://api-scuda.uat.oci.krungsri.tech/ic/api/v1/customer/individual/getprofile,2379,0,24
1778849884449,3228,UpdateIndividual,200,OK,UpdateIndividual 4-289,text,true,,800,4229,92,214,https://api-scuda.uat.oci.krungsri.tech/ic/api/v1/customer/individual/updateprofile,3228,0,22
1778849885818,1860,GetIndividual,200,OK,GetIndividual 1-503,text,true,,3867,3588,74,214,https://api-scuda.uat.oci.krungsri.tech/ic/api/v1/customer/individual/getprofile,1860,0,27
1778849887645,35,SearchIndividual,200,OK,SearchIndividual 2-993,text,true,,621,2602,7,212,https://api-scuda.uat.oci.krungsri.tech/ords/api/v1/customer/individual/searchprofile,35,0,21
1778849887642,39,SearchIndividual,200,OK,SearchIndividual 2-992,text,true,,621,2603,6,211,https://api-scuda.uat.oci.krungsri.tech/ords/api/v1/customer/individual/searchprofile,39,0,23
1778849887664,27,SearchIndividual,200,OK,SearchIndividual 2-996,text,true,,14329,2613,7,213,https://api-scuda.uat.oci.krungsri.tech/ords/api/v1/customer/individual/searchprofile,27,0,12
1778849885717,1983,GetIndividual,200,OK,GetIndividual 1-497,text,true,,3805,3588,74,213,https://api-scuda.uat.oci.krungsri.tech/ic/api/v1/customer/individual/getprofile,1983,0,13
1778849885261,2441,GetIndividual,200,OK,GetIndividual 1-474,text,true,,3836,3587,73,212,https://api-scuda.uat.oci.krungsri.tech/ic/api/v1/customer/individual/getprofile,2441,0,24
1778849887663,40,SearchIndividual,200,OK,SearchIndividual 2-995,text,true,,621,2613,6,211,https://api-scuda.uat.oci.krungsri.tech/ords/api/v1/customer/individual/searchprofile,40,0,27
1778849887650,53,SearchIndividual,200,OK,SearchIndividual 2-994,text,true,,621,2602,6,211,https://api-scuda.uat.oci.krungsri.tech/ords/api/v1/customer/individual/searchprofile,53,0,33
1778849887671,33,SearchIndividual,200,OK,SearchIndividual 2-998,text,true,,621,2605,6,211,https://api-scuda.uat.oci.krungsri.tech/ords/api/v1/customer/individual/searchprofile,33,0,22
1778849885666,2038,GetIndividual,200,OK,GetIndividual 1-494,text,true,,3750,3587,72,210,https://api-scuda.uat.oci.krungsri.tech/ic/api/v1/customer/individual/getprofile,2038,0,24
1778849887671,47,SearchIndividual,200,OK,SearchIndividual 2-997,text,true,,14605,2610,5,210,https://api-scuda.uat.oci.krungsri.tech/ords/api/v1/customer/individual/searchprofile,47,0,15
1778849887690,30,SearchIndividual,200,OK,SearchIndividual 2-1000,text,true,,14483,2611,5,210,https://api-scuda.uat.oci.krungsri.tech/ords/api/v1/customer/individual/searchprofile,30,0,15
1778849887687,41,SearchIndividual,200,OK,SearchIndividual 2-999,text,true,,621,2610,4,210,https://api-scuda.uat.oci.krungsri.tech/ords/api/v1/customer/individual/searchprofile,40,0,24
1778849887724,22,SearchIndividual,200,OK,SearchIndividual 2-1001,text,true,,621,2613,6,213,https://api-scuda.uat.oci.krungsri.tech/ords/api/v1/customer/individual/searchprofile,22,0,10
1778849887673,76,GetIndividual,429,Too Many Requests,GetIndividual 1-607,text,false,,600,3588,73,212,https://api-scuda.uat.oci.krungsri.tech/ic/api/v1/customer/individual/getprofile,76,0,20
1778849887725,25,SearchIndividual,200,OK,SearchIndividual 2-1003,text,true,,621,2623,5,212,https://api-scuda.uat.oci.krungsri.tech/ords/api/v1/customer/individual/searchprofile,25,0,12
1778849887730,29,SearchIndividual,200,OK,SearchIndividual 2-1004,text,true,,621,2616,5,211,https://api-scuda.uat.oci.krungsri.tech/ords/api/v1/customer/individual/searchprofile,29,0,18
1778849887730,31,SearchIndividual,200,OK,SearchIndividual 2-1005,text,true,,621,2613,4,210,https://api-scuda.uat.oci.krungsri.tech/ords/api/v1/customer/individual/searchprofile,30,0,19
1778849887724,42,SearchIndividual,200,OK,SearchIndividual 2-1002,text,true,,621,2640,3,210,https://api-scuda.uat.oci.krungsri.tech/ords/api/v1/customer/individual/searchprofile,42,0,28
1778849887680,88,UpdateIndividual,429,Too Many Requests,UpdateIndividual 4-403,text,false,,606,4227,93,210,https://api-scuda.uat.oci.krungsri.tech/ic/api/v1/customer/individual/updateprofile,88,0,15
1778849887699,71,UpdateIndividual,429,Too Many Requests,UpdateIndividual 4-404,text,false,,606,4230,92,209,https://api-scuda.uat.oci.krungsri.tech/ic/api/v1/customer/individual/updateprofile,71,0,20
1778849887741,31,SearchIndividual,200,OK,SearchIndividual 2-1006,text,true,,621,2604,2,208,https://api-scuda.uat.oci.krungsri.tech/ords/api/v1/customer/individual/searchprofile,31,0,20
1778849885111,2662,UpdateIndividual,200,OK,UpdateIndividual 4-306,text,true,,800,5616,91,207,https://api-scuda.uat.oci.krungsri.tech/ic/api/v1/customer/individual/updateprofile,2662,0,22
1778849883870,3904,UpdateJoint,200,OK,UpdateJoint 12-17,text,true,,799,3613,4,206,https://api-scuda.uat.oci.krungsri.tech/ic/api/v1/customer/joint/updateprofile,3904,0,22
1778849885111,2664,UpdateIndividual,200,OK,UpdateIndividual 4-309,text,true,,800,4227,90,206,https://api-scuda.uat.oci.krungsri.tech/ic/api/v1/customer/individual/updateprofile,2664,0,11
1778849887724,56,GetIndividual,429,Too Many Requests,GetIndividual 1-609,text,false,,600,3588,74,204,https://api-scuda.uat.oci.krungsri.tech/ic/api/v1/customer/individual/getprofile,56,0,11
1778849884234,3563,UpdateIndividual,200,OK,UpdateIndividual 4-283,text,true,,800,4228,90,205,https://api-scuda.uat.oci.krungsri.tech/ic/api/v1/customer/individual/updateprofile,3563,0,13
1778849884115,3682,UpdateIndividual,200,OK,UpdateIndividual 4-274,text,true,,800,4228,90,205,https://api-scuda.uat.oci.krungsri.tech/ic/api/v1/customer/individual/updateprofile,3682,0,24
1778849880973,6826,CreateJuristic,201,Created,CreateJuristic 7-14,text,true,,1172,7504,5,203,https://api-scuda.uat.oci.krungsri.tech/ic/api/v1/customer/juristic/createprofile,6826,0,29
1778849885250,2549,GetIndividual,200,OK,GetIndividual 1-472,text,true,,3821,3588,73,203,https://api-scuda.uat.oci.krungsri.tech/ic/api/v1/customer/individual/getprofile,2549,0,25
1778849887685,116,GetIndividual,429,Too Many Requests,GetIndividual 1-608,text,false,,600,3587,74,205,https://api-scuda.uat.oci.krungsri.tech/ic/api/v1/customer/individual/getprofile,116,0,16
1778849887757,70,SearchIndividual,200,OK,SearchIndividual 2-1007,text,true,,621,2601,5,209,https://api-scuda.uat.oci.krungsri.tech/ords/api/v1/customer/individual/searchprofile,69,0,52
1778849887790,41,SearchIndividual,200,OK,SearchIndividual 2-1008,text,true,,621,2613,4,208,https://api-scuda.uat.oci.krungsri.tech/ords/api/v1/customer/individual/searchprofile,40,0,26
1778849887801,38,SearchIndividual,200,OK,SearchIndividual 2-1009,text,true,,621,2612,3,207,https://api-scuda.uat.oci.krungsri.tech/ords/api/v1/customer/individual/searchprofile,37,0,23
1778849887812,37,SearchIndividual,200,OK,SearchIndividual 2-1010,text,true,,621,2643,2,206,https://api-scuda.uat.oci.krungsri.tech/ords/api/v1/customer/individual/searchprofile,37,0,17
1778849887818,36,SearchIndividual,200,OK,SearchIndividual 2-1011,text,true,,621,2613,1,205,https://api-scuda.uat.oci.krungsri.tech/ords/api/v1/customer/individual/searchprofile,36,0,26
1778849885373,2499,GetIndividual,200,OK,GetIndividual 1-482,text,true,,3800,3588,75,204,https://api-scuda.uat.oci.krungsri.tech/ic/api/v1/customer/individual/getprofile,2499,0,24
1778849884908,2967,UpdateIndividual,200,OK,UpdateIndividual 4-301,text,true,,800,4227,90,203,https://api-scuda.uat.oci.krungsri.tech/ic/api/v1/customer/individual/updateprofile,2967,0,9
1778849886481,1398,GetIndividual,200,OK,GetIndividual 1-539,text,true,,3784,3588,74,202,https://api-scuda.uat.oci.krungsri.tech/ic/api/v1/customer/individual/getprofile,1398,0,20
1778849885791,2088,GetIndividual,200,OK,GetIndividual 1-502,text,true,,3861,3588,74,202,https://api-scuda.uat.oci.krungsri.tech/ic/api/v1/customer/individual/getprofile,2088,0,18
1778849885690,2190,GetIndividual,200,OK,GetIndividual 1-495,text,true,,3863,3587,72,200,https://api-scuda.uat.oci.krungsri.tech/ic/api/v1/customer/individual/getprofile,2190,0,22
1778849885748,2155,GetIndividual,200,OK,GetIndividual 1-499,text,true,,3874,3588,71,199,https://api-scuda.uat.oci.krungsri.tech/ic/api/v1/customer/individual/getprofile,2155,0,15
1778849884075,3897,UpdateJuristic,200,OK,UpdateJuristic 8-17,text,true,,800,5737,3,198,https://api-scuda.uat.oci.krungsri.tech/ic/api/v1/customer/juristic/updateprofile,3897,0,19
1778849886139,1833,GetIndividual,200,OK,GetIndividual 1-521,text,true,,3859,3588,70,198,https://api-scuda.uat.oci.krungsri.tech/ic/api/v1/customer/individual/getprofile,1833,0,21
1778849884904,3069,UpdateIndividual,200,OK,UpdateIndividual 4-300,text,true,,800,5596,89,196,https://api-scuda.uat.oci.krungsri.tech/ic/api/v1/customer/individual/updateprofile,3069,0,22
1778849885952,2027,GetIndividual,200,OK,GetIndividual 1-511,text,true,,3813,3588,69,195,https://api-scuda.uat.oci.krungsri.tech/ic/api/v1/customer/individual/getprofile,2027,0,17
1778849885166,2830,UpdateIndividual,200,OK,UpdateIndividual 4-311,text,true,,799,4226,88,194,https://api-scuda.uat.oci.krungsri.tech/ic/api/v1/customer/individual/updateprofile,2830,0,18
1778849884809,3262,UpdateIndividual,200,OK,UpdateIndividual 4-298,text,true,,800,4227,87,193,https://api-scuda.uat.oci.krungsri.tech/ic/api/v1/customer/individual/updateprofile,3262,0,21
1778849886123,1951,GetIndividual,200,OK,GetIndividual 1-520,text,true,,3896,3588,68,192,https://api-scuda.uat.oci.krungsri.tech/ic/api/v1/customer/individual/getprofile,1950,0,15
1778849884908,3166,UpdateIndividual,200,OK,UpdateIndividual 4-302,text,true,,799,5546,86,191,https://api-scuda.uat.oci.krungsri.tech/ic/api/v1/customer/individual/updateprofile,3166,0,12
1778849885123,2974,GetIndividual,200,OK,GetIndividual 1-464,text,true,,3853,3588,67,190,https://api-scuda.uat.oci.krungsri.tech/ic/api/v1/customer/individual/getprofile,2974,0,43
1778849885498,2605,GetIndividual,200,OK,GetIndividual 1-489,text,true,,3847,3588,66,189,https://api-scuda.uat.oci.krungsri.tech/ic/api/v1/customer/individual/getprofile,2605,0,23
1778849884551,3620,UpdateIndividual,200,OK,UpdateIndividual 4-292,text,true,,800,5617,85,188,https://api-scuda.uat.oci.krungsri.tech/ic/api/v1/customer/individual/updateprofile,3620,0,22
1778849886335,1838,GetIndividual,200,OK,GetIndividual 1-533,text,true,,3896,3588,65,187,https://api-scuda.uat.oci.krungsri.tech/ic/api/v1/customer/individual/getprofile,1838,0,15
1778849884608,3566,UpdateIndividual,200,OK,UpdateIndividual 4-294,text,true,,800,5561,84,186,https://api-scuda.uat.oci.krungsri.tech/ic/api/v1/customer/individual/updateprofile,3566,0,21
1778849886275,1900,GetIndividual,200,OK,GetIndividual 1-531,text,true,,3846,3588,64,185,https://api-scuda.uat.oci.krungsri.tech/ic/api/v1/customer/individual/getprofile,1900,0,19
1778849886588,1587,GetIndividual,200,OK,GetIndividual 1-544,text,true,,3834,3588,64,185,https://api-scuda.uat.oci.krungsri.tech/ic/api/v1/customer/individual/getprofile,1587,0,14
1778849884472,3739,UpdateIndividual,200,OK,UpdateIndividual 4-290,text,true,,799,5484,83,183,https://api-scuda.uat.oci.krungsri.tech/ic/api/v1/customer/individual/updateprofile,3739,0,19
1778849884849,3365,UpdateJoint,200,OK,UpdateJoint 12-18,text,true,,799,3613,3,182,https://api-scuda.uat.oci.krungsri.tech/ic/api/v1/customer/joint/updateprofile,3365,0,24
1778849884969,3246,UpdateIndividual,200,OK,UpdateIndividual 4-303,text,true,,800,4227,82,181,https://api-scuda.uat.oci.krungsri.tech/ic/api/v1/customer/individual/updateprofile,3246,0,22
1778849886083,2133,GetIndividual,200,OK,GetIndividual 1-517,text,true,,3838,3588,62,180,https://api-scuda.uat.oci.krungsri.tech/ic/api/v1/customer/individual/getprofile,2133,0,23
1778849885246,2981,GetIndividual,200,OK,GetIndividual 1-470,text,true,,3822,3588,61,179,https://api-scuda.uat.oci.krungsri.tech/ic/api/v1/customer/individual/getprofile,2981,0,17
1778849884015,4256,UpdateIndividual,200,OK,UpdateIndividual 4-272,text,true,,800,5584,81,178,https://api-scuda.uat.oci.krungsri.tech/ic/api/v1/customer/individual/updateprofile,4256,0,24
1778849885114,3157,UpdateIndividual,200,OK,UpdateIndividual 4-308,text,true,,800,5598,81,178,https://api-scuda.uat.oci.krungsri.tech/ic/api/v1/customer/individual/updateprofile,3157,0,14
1778849885171,3104,UpdateIndividual,200,OK,UpdateIndividual 4-312,text,true,,800,5660,79,176,https://api-scuda.uat.oci.krungsri.tech/ic/api/v1/customer/individual/updateprofile,3104,0,21
1778849886245,2030,GetIndividual,200,OK,GetIndividual 1-530,text,true,,3855,3588,60,176,https://api-scuda.uat.oci.krungsri.tech/ic/api/v1/customer/individual/getprofile,2030,0,17
1778849885192,3083,UpdateIndividual,200,OK,UpdateIndividual 4-314,text,true,,800,5534,78,175,https://api-scuda.uat.oci.krungsri.tech/ic/api/v1/customer/individual/updateprofile,3083,0,20
1778849886689,1590,GetIndividual,200,OK,GetIndividual 1-551,text,true,,3826,3588,59,173,https://api-scuda.uat.oci.krungsri.tech/ic/api/v1/customer/individual/getprofile,1590,0,78
1778849884733,3559,UpdateIndividual,200,OK,UpdateIndividual 4-296,text,true,,800,5483,77,172,https://api-scuda.uat.oci.krungsri.tech/ic/api/v1/customer/individual/updateprofile,3559,0,16
1778849885114,3182,UpdateIndividual,200,OK,UpdateIndividual 4-310,text,true,,800,5634,76,171,https://api-scuda.uat.oci.krungsri.tech/ic/api/v1/customer/individual/updateprofile,3182,0,58
1778849881264,7032,CreateIndividual,201,Created,CreateIndividual 3-14,text,true,,1172,8349,7,170,https://api-scuda.uat.oci.krungsri.tech/ic/api/v1/customer/individual/createprofile,7032,0,19
1778849885411,2887,UpdateIndividual,200,OK,UpdateIndividual 4-320,text,true,,800,5549,75,169,https://api-scuda.uat.oci.krungsri.tech/ic/api/v1/customer/individual/updateprofile,2887,0,25
1778849883703,4595,UpdateIndividual,200,OK,UpdateIndividual 4-259,text,true,,800,4227,75,169,https://api-scuda.uat.oci.krungsri.tech/ic/api/v1/customer/individual/updateprofile,4595,0,21
1778849885411,2888,UpdateIndividual,200,OK,UpdateIndividual 4-321,text,true,,800,5563,73,167,https://api-scuda.uat.oci.krungsri.tech/ic/api/v1/customer/individual/updateprofile,2888,0,23
1778849885221,3083,GetJoint,200,OK,GetJoint 9-18,text,true,,1431,3530,1,166,https://api-scuda.uat.oci.krungsri.tech/ic/api/v1/customer/joint/getprofile,3083,0,19
1778849885448,2924,UpdateIndividual,200,OK,UpdateIndividual 4-323,text,true,,800,4229,72,165,https://api-scuda.uat.oci.krungsri.tech/ic/api/v1/customer/individual/updateprofile,2924,0,22
1778849886087,2287,UpdateJoint,200,OK,UpdateJoint 12-19,text,true,,800,4583,2,164,https://api-scuda.uat.oci.krungsri.tech/ic/api/v1/customer/joint/updateprofile,2287,0,14
1778849885320,3056,UpdateIndividual,200,OK,UpdateIndividual 4-319,text,true,,800,5627,71,163,https://api-scuda.uat.oci.krungsri.tech/ic/api/v1/customer/individual/updateprofile,3056,0,29
1778849883398,4978,UpdateIndividual,200,OK,UpdateIndividual 4-251,text,true,,1745,5643,70,162,https://api-scuda.uat.oci.krungsri.tech/ic/api/v1/customer/individual/updateprofile,4978,0,21
1778849886206,2172,GetIndividual,200,OK,GetIndividual 1-529,text,true,,3801,3588,58,161,https://api-scuda.uat.oci.krungsri.tech/ic/api/v1/customer/individual/getprofile,2172,0,23
1778849887097,1283,GetIndividual,200,OK,GetIndividual 1-569,text,true,,3847,3588,57,160,https://api-scuda.uat.oci.krungsri.tech/ic/api/v1/customer/individual/getprofile,1283,0,16
1778849884602,3793,UpdateIndividual,200,OK,UpdateIndividual 4-293,text,true,,800,4228,69,159,https://api-scuda.uat.oci.krungsri.tech/ic/api/v1/customer/individual/updateprofile,3793,0,14
1778849885066,3330,UpdateIndividual,200,OK,UpdateIndividual 4-305,text,true,,800,5601,68,158,https://api-scuda.uat.oci.krungsri.tech/ic/api/v1/customer/individual/updateprofile,3330,0,45
1778849885114,3284,UpdateIndividual,200,OK,UpdateIndividual 4-307,text,true,,800,5566,67,157,https://api-scuda.uat.oci.krungsri.tech/ic/api/v1/customer/individual/updateprofile,3284,0,37
1778849885622,2777,GetIndividual,200,OK,GetIndividual 1-493,text,true,,3853,3588,56,156,https://api-scuda.uat.oci.krungsri.tech/ic/api/v1/customer/individual/getprofile,2777,0,21
1778849884695,3705,UpdateIndividual,200,OK,UpdateIndividual 4-295,text,true,,800,5594,66,155,https://api-scuda.uat.oci.krungsri.tech/ic/api/v1/customer/individual/updateprofile,3705,0,17
1778849885517,2955,UpdateIndividual,200,OK,UpdateIndividual 4-324,text,true,,800,4231,65,154,https://api-scuda.uat.oci.krungsri.tech/ic/api/v1/customer/individual/updateprofile,2955,0,24
1778849885556,2918,UpdateIndividual,200,OK,UpdateIndividual 4-325,text,true,,800,5525,64,153,https://api-scuda.uat.oci.krungsri.tech/ic/api/v1/customer/individual/updateprofile,2918,0,19
1778849884520,3954,UpdateIndividual,200,OK,UpdateIndividual 4-291,text,true,,800,5578,63,152,https://api-scuda.uat.oci.krungsri.tech/ic/api/v1/customer/individual/updateprofile,3954,0,23
1778849882134,6340,CreateIndividual,201,Created,CreateIndividual 3-15,text,true,,1172,7974,6,152,https://api-scuda.uat.oci.krungsri.tech/ic/api/v1/customer/individual/createprofile,6340,0,21
1778849886784,1691,GetIndividual,200,OK,GetIndividual 1-556,text,true,,3877,3587,55,150,https://api-scuda.uat.oci.krungsri.tech/ic/api/v1/customer/individual/getprofile,1691,0,21
1778849885945,2530,GetIndividual,200,OK,GetIndividual 1-510,text,true,,3830,3587,55,150,https://api-scuda.uat.oci.krungsri.tech/ic/api/v1/customer/individual/getprofile,2530,0,31
1778849885731,2760,UpdateIndividual,200,OK,UpdateIndividual 4-332,text,true,,800,4227,62,148,https://api-scuda.uat.oci.krungsri.tech/ic/api/v1/customer/individual/updateprofile,2760,0,20
1778849885686,2808,UpdateIndividual,200,OK,UpdateIndividual 4-328,text,true,,800,5684,61,147,https://api-scuda.uat.oci.krungsri.tech/ic/api/v1/customer/individual/updateprofile,2808,0,19
1778849885187,3307,UpdateIndividual,200,OK,UpdateIndividual 4-313,text,true,,800,5631,60,146,https://api-scuda.uat.oci.krungsri.tech/ic/api/v1/customer/individual/updateprofile,3307,0,12
1778849885956,2540,GetIndividual,200,OK,GetIndividual 1-512,text,true,,3845,3587,53,145,https://api-scuda.uat.oci.krungsri.tech/ic/api/v1/customer/individual/getprofile,2540,0,45
1778849886155,2350,GetIndividual,200,OK,GetIndividual 1-523,text,true,,3766,3588,52,144,https://api-scuda.uat.oci.krungsri.tech/ic/api/v1/customer/individual/getprofile,2350,0,22
1778849886940,1632,GetIndividual,200,OK,GetIndividual 1-565,text,true,,3885,3588,51,143,https://api-scuda.uat.oci.krungsri.tech/ic/api/v1/customer/individual/getprofile,1632,0,33
1778849886814,1759,GetIndividual,200,OK,GetIndividual 1-558,text,true,,3841,3588,51,143,https://api-scuda.uat.oci.krungsri.tech/ic/api/v1/customer/individual/getprofile,1759,0,15
1778849885587,2989,UpdateIndividual,200,OK,UpdateIndividual 4-326,text,true,,800,4228,59,141,https://api-scuda.uat.oci.krungsri.tech/ic/api/v1/customer/individual/updateprofile,2989,0,21
1778849886234,2342,UpdateIndividual,200,OK,UpdateIndividual 4-346,text,true,,800,5505,58,140,https://api-scuda.uat.oci.krungsri.tech/ic/api/v1/customer/individual/updateprofile,2342,0,18
1778849886917,1660,GetIndividual,200,OK,GetIndividual 1-564,text,true,,3833,3588,49,139,https://api-scuda.uat.oci.krungsri.tech/ic/api/v1/customer/individual/getprofile,1660,0,16
1778849886740,1837,GetIndividual,200,OK,GetIndividual 1-553,text,true,,3839,3588,49,139,https://api-scuda.uat.oci.krungsri.tech/ic/api/v1/customer/individual/getprofile,1837,0,23
1778849885869,2727,UpdateIndividual,200,OK,UpdateIndividual 4-336,text,true,,800,4227,57,137,https://api-scuda.uat.oci.krungsri.tech/ic/api/v1/customer/individual/updateprofile,2727,0,33
1778849886432,2164,GetIndividual,200,OK,GetIndividual 1-538,text,true,,3853,3588,47,137,https://api-scuda.uat.oci.krungsri.tech/ic/api/v1/customer/individual/getprofile,2164,0,22
1778849886732,1864,GetIndividual,200,OK,GetIndividual 1-552,text,true,,3807,3588,47,137,https://api-scuda.uat.oci.krungsri.tech/ic/api/v1/customer/individual/getprofile,1864,0,19
1778849886859,1738,GetIndividual,200,OK,GetIndividual 1-562,text,true,,3882,3587,45,134,https://api-scuda.uat.oci.krungsri.tech/ic/api/v1/customer/individual/getprofile,1738,0,25
1778849886827,1771,GetIndividual,200,OK,GetIndividual 1-559,text,true,,3879,3588,44,133,https://api-scuda.uat.oci.krungsri.tech/ic/api/v1/customer/individual/getprofile,1771,0,18
1778849886212,2387,UpdateIndividual,200,OK,UpdateIndividual 4-345,text,true,,800,5615,56,132,https://api-scuda.uat.oci.krungsri.tech/ic/api/v1/customer/individual/updateprofile,2387,0,15
1778849886782,1818,GetIndividual,200,OK,GetIndividual 1-555,text,true,,3869,3588,43,131,https://api-scuda.uat.oci.krungsri.tech/ic/api/v1/customer/individual/getprofile,1817,0,21
1778849886416,2185,GetIndividual,200,OK,GetIndividual 1-536,text,true,,3849,3588,42,130,https://api-scuda.uat.oci.krungsri.tech/ic/api/v1/customer/individual/getprofile,2185,0,17
1778849886014,2587,UpdateIndividual,200,OK,UpdateIndividual 4-337,text,true,,800,5583,55,130,https://api-scuda.uat.oci.krungsri.tech/ic/api/v1/customer/individual/updateprofile,2587,0,37
1778849887445,1231,GetIndividual,200,OK,GetIndividual 1-593,text,true,,3833,3588,41,128,https://api-scuda.uat.oci.krungsri.tech/ic/api/v1/customer/individual/getprofile,1231,0,20
1778849887233,1462,GetIndividual,200,OK,GetIndividual 1-578,text,true,,3835,3588,40,127,https://api-scuda.uat.oci.krungsri.tech/ic/api/v1/customer/individual/getprofile,1462,0,33
1778849884770,3926,UpdateIndividual,200,OK,UpdateIndividual 4-297,text,true,,800,4228,54,126,https://api-scuda.uat.oci.krungsri.tech/ic/api/v1/customer/individual/updateprofile,3926,0,21
1778849885690,3010,UpdateIndividual,200,OK,UpdateIndividual 4-329,text,true,,800,4227,53,125,https://api-scuda.uat.oci.krungsri.tech/ic/api/v1/customer/individual/updateprofile,3010,0,24
1778849887102,1598,GetIndividual,200,OK,GetIndividual 1-570,text,true,,3833,3588,39,125,https://api-scuda.uat.oci.krungsri.tech/ic/api/v1/customer/individual/getprofile,1598,0,16
1778849886065,2636,GetIndividual,200,OK,GetIndividual 1-515,text,true,,3859,3588,38,123,https://api-scuda.uat.oci.krungsri.tech/ic/api/v1/customer/individual/getprofile,2636,0,13
1778849885252,3449,UpdateIndividual,200,OK,UpdateIndividual 4-315,text,true,,800,5596,52,123,https://api-scuda.uat.oci.krungsri.tech/ic/api/v1/customer/individual/updateprofile,3449,0,25
1778849886622,2081,GetIndividual,200,OK,GetIndividual 1-547,text,true,,3841,3588,37,121,https://api-scuda.uat.oci.krungsri.tech/ic/api/v1/customer/individual/getprofile,2081,0,11
1778849886513,2194,GetIndividual,200,OK,GetIndividual 1-543,text,true,,3791,3588,36,120,https://api-scuda.uat.oci.krungsri.tech/ic/api/v1/customer/individual/getprofile,2194,0,21
1778849886030,2743,UpdateIndividual,200,OK,UpdateIndividual 4-339,text,true,,800,4229,51,119,https://api-scuda.uat.oci.krungsri.tech/ic/api/v1/customer/individual/updateprofile,2743,0,23
1778849887164,1609,GetIndividual,200,OK,GetIndividual 1-575,text,true,,3853,3588,35,119,https://api-scuda.uat.oci.krungsri.tech/ic/api/v1/customer/individual/getprofile,1609,0,20
1778849886744,2029,GetIndividual,200,OK,GetIndividual 1-554,text,true,,3893,3588,35,119,https://api-scuda.uat.oci.krungsri.tech/ic/api/v1/customer/individual/getprofile,2029,0,20
1778849887003,1770,GetIndividual,200,OK,GetIndividual 1-566,text,true,,3893,3588,35,119,https://api-scuda.uat.oci.krungsri.tech/ic/api/v1/customer/individual/getprofile,1770,0,32
1778849885849,2925,UpdateIndividual,200,OK,UpdateIndividual 4-335,text,true,,800,4228,51,119,https://api-scuda.uat.oci.krungsri.tech/ic/api/v1/customer/individual/updateprofile,2925,0,23
1778849886802,1973,GetIndividual,200,OK,GetIndividual 1-557,text,true,,3876,3588,32,114,https://api-scuda.uat.oci.krungsri.tech/ic/api/v1/customer/individual/getprofile,1973,0,26
1778849887034,1744,GetIndividual,200,OK,GetIndividual 1-567,text,true,,3880,3588,31,113,https://api-scuda.uat.oci.krungsri.tech/ic/api/v1/customer/individual/getprofile,1744,0,23
1778849886649,2134,GetIndividual,200,OK,GetIndividual 1-550,text,true,,3800,3588,30,112,https://api-scuda.uat.oci.krungsri.tech/ic/api/v1/customer/individual/getprofile,2134,0,32
1778849885721,3077,UpdateIndividual,200,OK,UpdateIndividual 4-330,text,true,,800,5513,49,111,https://api-scuda.uat.oci.krungsri.tech/ic/api/v1/customer/individual/updateprofile,3077,0,20
1778849885438,3364,UpdateIndividual,200,OK,UpdateIndividual 4-322,text,true,,800,5556,48,110,https://api-scuda.uat.oci.krungsri.tech/ic/api/v1/customer/individual/updateprofile,3364,0,25
1778849887141,1732,GetIndividual,200,OK,GetIndividual 1-572,text,true,,3831,3588,29,109,https://api-scuda.uat.oci.krungsri.tech/ic/api/v1/customer/individual/getprofile,1732,0,12
1778849872688,16187,CreateJoint,200,OK,CreateJoint 11-5,text,true,,1813,5709,20,108,https://api-scuda.uat.oci.krungsri.tech/ic/api/v1/customer/joint/createprofile,16187,0,22
1778849887266,1610,GetIndividual,200,OK,GetIndividual 1-580,text,true,,3808,3588,28,108,https://api-scuda.uat.oci.krungsri.tech/ic/api/v1/customer/individual/getprofile,1610,0,21
1778849887085,1791,GetIndividual,200,OK,GetIndividual 1-568,text,true,,3859,3588,28,107,https://api-scuda.uat.oci.krungsri.tech/ic/api/v1/customer/individual/getprofile,1791,0,20
1778849887132,1744,GetIndividual,200,OK,GetIndividual 1-571,text,true,,3847,3588,28,107,https://api-scuda.uat.oci.krungsri.tech/ic/api/v1/customer/individual/getprofile,1744,0,17
1778849877203,11673,CreateJoint,200,OK,CreateJoint 11-10,text,true,,1813,5886,19,104,https://api-scuda.uat.oci.krungsri.tech/ic/api/v1/customer/joint/createprofile,11673,0,25
1778849880045,8833,CreateJoint,200,OK,CreateJoint 11-13,text,true,,1813,5755,18,103,https://api-scuda.uat.oci.krungsri.tech/ic/api/v1/customer/joint/createprofile,8833,0,30
1778849873711,15166,CreateJoint,200,OK,CreateJoint 11-6,text,true,,1813,6085,18,103,https://api-scuda.uat.oci.krungsri.tech/ic/api/v1/customer/joint/createprofile,15166,0,24
1778849887547,1332,GetIndividual,200,OK,GetIndividual 1-599,text,true,,3977,3587,25,101,https://api-scuda.uat.oci.krungsri.tech/ic/api/v1/customer/individual/getprofile,1332,0,17
1778849886851,2029,GetIndividual,200,OK,GetIndividual 1-561,text,true,,3878,3588,25,101,https://api-scuda.uat.oci.krungsri.tech/ic/api/v1/customer/individual/getprofile,2029,0,23
1778849881938,6942,CreateJoint,200,OK,CreateJoint 11-15,text,true,,1813,5734,16,100,https://api-scuda.uat.oci.krungsri.tech/ic/api/v1/customer/joint/createprofile,6942,0,32
1778849875463,13417,CreateJoint,200,OK,CreateJoint 11-8,text,true,,1813,5891,15,98,https://api-scuda.uat.oci.krungsri.tech/ic/api/v1/customer/joint/createprofile,13417,0,16
1778849886037,2858,UpdateIndividual,200,OK,UpdateIndividual 4-340,text,true,,799,4227,47,97,https://api-scuda.uat.oci.krungsri.tech/ic/api/v1/customer/individual/updateprofile,2858,0,22
1778849887141,1754,GetIndividual,200,OK,GetIndividual 1-573,text,true,,3832,3588,23,97,https://api-scuda.uat.oci.krungsri.tech/ic/api/v1/customer/individual/getprofile,1754,0,23
1778849876175,12731,CreateJoint,200,OK,CreateJoint 11-9,text,true,,1812,5840,14,96,https://api-scuda.uat.oci.krungsri.tech/ic/api/v1/customer/joint/createprofile,12731,0,23
1778849887446,1529,GetIndividual,200,OK,GetIndividual 1-594,text,true,,3801,3588,22,97,https://api-scuda.uat.oci.krungsri.tech/ic/api/v1/customer/individual/getprofile,1529,0,20
1778849871699,17277,CreateJoint,200,OK,CreateJoint 11-3,text,true,,1813,5946,13,96,https://api-scuda.uat.oci.krungsri.tech/ic/api/v1/customer/joint/createprofile,17277,0,62
1778849887660,1316,GetIndividual,200,OK,GetIndividual 1-604,text,true,,3839,3588,21,96,https://api-scuda.uat.oci.krungsri.tech/ic/api/v1/customer/individual/getprofile,1316,0,17
1778849887547,1430,GetIndividual,200,OK,GetIndividual 1-600,text,true,,3893,3587,20,94,https://api-scuda.uat.oci.krungsri.tech/ic/api/v1/customer/individual/getprofile,1430,0,20
1778849874129,14849,CreateJoint,200,OK,CreateJoint 11-7,text,true,,1813,6051,12,93,https://api-scuda.uat.oci.krungsri.tech/ic/api/v1/customer/joint/createprofile,14849,0,19
1778849871699,17281,CreateJoint,200,OK,CreateJoint 11-4,text,true,,1812,5764,11,92,https://api-scuda.uat.oci.krungsri.tech/ic/api/v1/customer/joint/createprofile,17281,0,43
1778849887392,1591,GetIndividual,200,OK,GetIndividual 1-589,text,true,,3875,3588,19,91,https://api-scuda.uat.oci.krungsri.tech/ic/api/v1/customer/individual/getprofile,1591,0,21
1778849882148,6836,CreateJuristic,201,Created,CreateJuristic 7-15,text,true,,1172,8029,4,90,https://api-scuda.uat.oci.krungsri.tech/ic/api/v1/customer/juristic/createprofile,6836,0,21
1778849886212,2772,UpdateIndividual,200,OK,UpdateIndividual 4-344,text,true,,800,4227,47,90,https://api-scuda.uat.oci.krungsri.tech/ic/api/v1/customer/individual/updateprofile,2772,0,14
1778849887357,1628,GetIndividual,200,OK,GetIndividual 1-585,text,true,,3912,3588,18,90,https://api-scuda.uat.oci.krungsri.tech/ic/api/v1/customer/individual/getprofile,1628,0,25
1778849886017,2970,UpdateIndividual,200,OK,UpdateIndividual 4-338,text,true,,800,4231,46,87,https://api-scuda.uat.oci.krungsri.tech/ic/api/v1/customer/individual/updateprofile,2970,0,17
1778849887672,1320,GetIndividual,200,OK,GetIndividual 1-606,text,true,,3814,3588,17,86,https://api-scuda.uat.oci.krungsri.tech/ic/api/v1/customer/individual/getprofile,1320,0,22
1778849886795,2199,UpdateIndividual,200,OK,UpdateIndividual 4-369,text,true,,800,4229,45,85,https://api-scuda.uat.oci.krungsri.tech/ic/api/v1/customer/individual/updateprofile,2199,0,33
1778849871699,17296,CreateJoint,200,OK,CreateJoint 11-1,text,true,,1813,5837,10,84,https://api-scuda.uat.oci.krungsri.tech/ic/api/v1/customer/joint/createprofile,17296,0,0
1778849887442,1555,GetIndividual,200,OK,GetIndividual 1-592,text,true,,3823,3588,16,83,https://api-scuda.uat.oci.krungsri.tech/ic/api/v1/customer/individual/getprofile,1555,0,24
1778849886697,2301,UpdateIndividual,200,OK,UpdateIndividual 4-365,text,true,,800,4227,44,82,https://api-scuda.uat.oci.krungsri.tech/ic/api/v1/customer/individual/updateprofile,2301,0,38
1778849887056,1942,UpdateIndividual,200,OK,UpdateIndividual 4-376,text,true,,800,4230,44,82,https://api-scuda.uat.oci.krungsri.tech/ic/api/v1/customer/individual/updateprofile,1942,0,24
1778849886492,2506,UpdateJuristic,200,OK,UpdateJuristic 8-19,text,true,,800,5787,3,80,https://api-scuda.uat.oci.krungsri.tech/ic/api/v1/customer/juristic/updateprofile,2506,0,14
1778849879580,9419,CreateJoint,200,OK,CreateJoint 11-12,text,true,,1813,5888,9,79,https://api-scuda.uat.oci.krungsri.tech/ic/api/v1/customer/joint/createprofile,9419,0,23
1778849878700,10302,CreateJoint,200,OK,CreateJoint 11-11,text,true,,1813,6045,8,78,https://api-scuda.uat.oci.krungsri.tech/ic/api/v1/customer/joint/createprofile,10302,0,24
1778849887018,2051,UpdateIndividual,200,OK,UpdateIndividual 4-374,text,true,,800,5620,42,77,https://api-scuda.uat.oci.krungsri.tech/ic/api/v1/customer/individual/updateprofile,2051,0,29
1778849885609,3462,UpdateIndividual,200,OK,UpdateIndividual 4-327,text,true,,800,4229,41,76,https://api-scuda.uat.oci.krungsri.tech/ic/api/v1/customer/individual/updateprofile,3462,0,13
1778849887154,1919,GetIndividual,200,OK,GetIndividual 1-574,text,true,,3851,3588,15,75,https://api-scuda.uat.oci.krungsri.tech/ic/api/v1/customer/individual/getprofile,1919,0,102
1778849886950,2123,UpdateIndividual,200,OK,UpdateIndividual 4-373,text,true,,800,5576,40,74,https://api-scuda.uat.oci.krungsri.tech/ic/api/v1/customer/individual/updateprofile,2123,0,30
1778849887460,1617,UpdateIndividual,200,OK,UpdateIndividual 4-392,text,true,,800,5621,39,73,https://api-scuda.uat.oci.krungsri.tech/ic/api/v1/customer/individual/updateprofile,1617,0,20
1778849886717,2360,UpdateIndividual,200,OK,UpdateIndividual 4-367,text,true,,800,5570,39,73,https://api-scuda.uat.oci.krungsri.tech/ic/api/v1/customer/individual/updateprofile,2360,0,20
1778849886837,2240,GetIndividual,200,OK,GetIndividual 1-560,text,true,,3838,3588,14,73,https://api-scuda.uat.oci.krungsri.tech/ic/api/v1/customer/individual/getprofile,2240,0,22
1778849887064,2014,UpdateIndividual,200,OK,UpdateIndividual 4-377,text,true,,800,4228,37,71,https://api-scuda.uat.oci.krungsri.tech/ic/api/v1/customer/individual/updateprofile,2013,0,19
1778849887806,1272,GetIndividual,200,OK,GetIndividual 1-615,text,true,,3885,3588,14,71,https://api-scuda.uat.oci.krungsri.tech/ic/api/v1/customer/individual/getprofile,1272,0,29
1778849887543,1536,GetIndividual,200,OK,GetIndividual 1-598,text,true,,3816,3587,12,68,https://api-scuda.uat.oci.krungsri.tech/ic/api/v1/customer/individual/getprofile,1536,0,16
1778849887524,1555,GetJuristic,200,OK,GetJuristic 5-20,text,true,,3508,3533,1,68,https://api-scuda.uat.oci.krungsri.tech/ic/api/v1/customer/juristic/getprofile,1555,0,10
1778849886537,2552,UpdateIndividual,200,OK,UpdateIndividual 4-357,text,true,,799,5586,36,66,https://api-scuda.uat.oci.krungsri.tech/ic/api/v1/customer/individual/updateprofile,2552,0,18
1778849887801,1295,GetIndividual,200,OK,GetIndividual 1-614,text,true,,3886,3588,11,65,https://api-scuda.uat.oci.krungsri.tech/ic/api/v1/customer/individual/getprofile,1295,0,34
1778849887766,1330,GetIndividual,200,OK,GetIndividual 1-611,text,true,,3764,3588,11,65,https://api-scuda.uat.oci.krungsri.tech/ic/api/v1/customer/individual/getprofile,1330,0,12
1778849886601,2498,UpdateIndividual,200,OK,UpdateIndividual 4-360,text,true,,800,5580,35,63,https://api-scuda.uat.oci.krungsri.tech/ic/api/v1/customer/individual/updateprofile,2498,0,15
1778849886621,2479,UpdateIndividual,200,OK,UpdateIndividual 4-361,text,true,,800,5665,34,62,https://api-scuda.uat.oci.krungsri.tech/ic/api/v1/customer/individual/updateprofile,2479,0,20
1778849881313,7787,CreateJoint,200,OK,CreateJoint 11-14,text,true,,1813,6138,7,62,https://api-scuda.uat.oci.krungsri.tech/ic/api/v1/customer/joint/createprofile,7787,0,21
1778849886382,2718,UpdateIndividual,200,OK,UpdateIndividual 4-352,text,true,,800,4227,34,62,https://api-scuda.uat.oci.krungsri.tech/ic/api/v1/customer/individual/updateprofile,2718,0,25
1778849871698,17402,CreateJoint,200,OK,CreateJoint 11-2,text,true,,1813,5913,7,61,https://api-scuda.uat.oci.krungsri.tech/ic/api/v1/customer/joint/createprofile,17402,0,0
1778849887378,1724,GetIndividual,200,OK,GetIndividual 1-587,text,true,,3819,3588,9,58,https://api-scuda.uat.oci.krungsri.tech/ic/api/v1/customer/individual/getprofile,1724,0,26
1778849889133,33,SearchIndividual,200,OK,SearchIndividual 2-1012,text,true,,621,2613,1,59,https://api-scuda.uat.oci.krungsri.tech/ords/api/v1/customer/individual/searchprofile,33,0,21
1778849887665,1508,GetIndividual,200,OK,GetIndividual 1-605,text,true,,3835,3588,8,58,https://api-scuda.uat.oci.krungsri.tech/ic/api/v1/customer/individual/getprofile,1508,0,11
1778849886344,2830,UpdateIndividual,200,OK,UpdateIndividual 4-349,text,true,,800,4229,32,58,https://api-scuda.uat.oci.krungsri.tech/ic/api/v1/customer/individual/updateprofile,2830,0,32
1778849887800,1375,GetIndividual,200,OK,GetIndividual 1-613,text,true,,3827,3588,7,56,https://api-scuda.uat.oci.krungsri.tech/ic/api/v1/customer/individual/getprofile,1375,0,24
1778849886503,2672,UpdateIndividual,200,OK,UpdateIndividual 4-356,text,true,,800,4227,31,56,https://api-scuda.uat.oci.krungsri.tech/ic/api/v1/customer/individual/updateprofile,2672,0,16
1778849887343,1832,UpdateIndividual,200,OK,UpdateIndividual 4-388,text,true,,800,4227,31,56,https://api-scuda.uat.oci.krungsri.tech/ic/api/v1/customer/individual/updateprofile,1832,0,19
1778849886917,2258,UpdateIndividual,200,OK,UpdateIndividual 4-371,text,true,,800,5611,31,56,https://api-scuda.uat.oci.krungsri.tech/ic/api/v1/customer/individual/updateprofile,2258,0,39
1778849887363,1813,GetIndividual,200,OK,GetIndividual 1-586,text,true,,3851,3588,6,53,https://api-scuda.uat.oci.krungsri.tech/ic/api/v1/customer/individual/getprofile,1813,0,23
1778849887437,1740,GetIndividual,200,OK,GetIndividual 1-591,text,true,,3876,3588,5,51,https://api-scuda.uat.oci.krungsri.tech/ic/api/v1/customer/individual/getprofile,1740,0,17
1778849882913,6264,CreateJoint,200,OK,CreateJoint 11-16,text,true,,1813,5899,5,51,https://api-scuda.uat.oci.krungsri.tech/ic/api/v1/customer/joint/createprofile,6264,0,29
1778849886717,2461,UpdateIndividual,200,OK,UpdateIndividual 4-366,text,true,,800,5581,28,50,https://api-scuda.uat.oci.krungsri.tech/ic/api/v1/customer/individual/updateprofile,2461,0,21
1778849886350,2835,UpdateIndividual,200,OK,UpdateIndividual 4-351,text,true,,800,4227,27,48,https://api-scuda.uat.oci.krungsri.tech/ic/api/v1/customer/individual/updateprofile,2835,0,18
1778849885844,3348,UpdateIndividual,200,OK,UpdateIndividual 4-334,text,true,,800,5586,26,47,https://api-scuda.uat.oci.krungsri.tech/ic/api/v1/customer/individual/updateprofile,3348,0,22
1778849886641,2551,UpdateIndividual,200,OK,UpdateIndividual 4-362,text,true,,800,5550,26,47,https://api-scuda.uat.oci.krungsri.tech/ic/api/v1/customer/individual/updateprofile,2551,0,29
1778849886940,2257,UpdateIndividual,200,OK,UpdateIndividual 4-372,text,true,,800,4227,24,45,https://api-scuda.uat.oci.krungsri.tech/ic/api/v1/customer/individual/updateprofile,2257,0,38
1778849886584,2613,UpdateIndividual,200,OK,UpdateIndividual 4-358,text,true,,800,5530,24,45,https://api-scuda.uat.oci.krungsri.tech/ic/api/v1/customer/individual/updateprofile,2613,0,10
1778849886805,2392,UpdateIndividual,200,OK,UpdateIndividual 4-370,text,true,,800,4229,22,43,https://api-scuda.uat.oci.krungsri.tech/ic/api/v1/customer/individual/updateprofile,2392,0,25
1778849886789,2410,UpdateIndividual,200,OK,UpdateIndividual 4-368,text,true,,800,4229,21,42,https://api-scuda.uat.oci.krungsri.tech/ic/api/v1/customer/individual/updateprofile,2410,0,28
1778849887768,1434,GetIndividual,200,OK,GetIndividual 1-612,text,true,,3828,3588,4,41,https://api-scuda.uat.oci.krungsri.tech/ic/api/v1/customer/individual/getprofile,1434,0,14
1778849887743,1460,GetIndividual,200,OK,GetIndividual 1-610,text,true,,3780,3588,3,40,https://api-scuda.uat.oci.krungsri.tech/ic/api/v1/customer/individual/getprofile,1460,0,26
1778849887660,1611,UpdateIndividual,200,OK,UpdateIndividual 4-401,text,true,,800,5540,21,41,https://api-scuda.uat.oci.krungsri.tech/ic/api/v1/customer/individual/updateprofile,1611,0,16
1778849886974,2298,UpdateJoint,200,OK,UpdateJoint 12-20,text,true,,800,3614,1,40,https://api-scuda.uat.oci.krungsri.tech/ic/api/v1/customer/joint/updateprofile,2298,0,27
1778849887520,1752,UpdateIndividual,200,OK,UpdateIndividual 4-396,text,true,,800,4228,20,40,https://api-scuda.uat.oci.krungsri.tech/ic/api/v1/customer/individual/updateprofile,1752,0,27
1778849887670,1603,UpdateIndividual,200,OK,UpdateIndividual 4-402,text,true,,800,5546,19,38,https://api-scuda.uat.oci.krungsri.tech/ic/api/v1/customer/individual/updateprofile,1603,0,14
1778849887726,1547,UpdateIndividual,200,OK,UpdateIndividual 4-405,text,true,,800,5600,19,38,https://api-scuda.uat.oci.krungsri.tech/ic/api/v1/customer/individual/updateprofile,1547,0,12
1778849887804,1469,UpdateIndividual,200,OK,UpdateIndividual 4-407,text,true,,800,4228,19,38,https://api-scuda.uat.oci.krungsri.tech/ic/api/v1/customer/individual/updateprofile,1469,0,24
1778849887785,1488,UpdateIndividual,200,OK,UpdateIndividual 4-406,text,true,,800,5622,19,38,https://api-scuda.uat.oci.krungsri.tech/ic/api/v1/customer/individual/updateprofile,1488,0,14
1778849886266,3031,UpdateIndividual,200,OK,UpdateIndividual 4-347,text,true,,800,5581,15,35,https://api-scuda.uat.oci.krungsri.tech/ic/api/v1/customer/individual/updateprofile,3031,0,12
1778849887105,2192,UpdateIndividual,200,OK,UpdateIndividual 4-378,text,true,,800,4229,15,35,https://api-scuda.uat.oci.krungsri.tech/ic/api/v1/customer/individual/updateprofile,2192,0,14
1778849883502,5795,CreateJuristic,201,Created,CreateJuristic 7-16,text,true,,1171,7876,3,35,https://api-scuda.uat.oci.krungsri.tech/ic/api/v1/customer/juristic/createprofile,5795,0,19
1778849886340,2957,UpdateIndividual,200,OK,UpdateIndividual 4-348,text,true,,800,5547,15,35,https://api-scuda.uat.oci.krungsri.tech/ic/api/v1/customer/individual/updateprofile,2957,0,19
1778849887317,1980,UpdateIndividual,200,OK,UpdateIndividual 4-387,text,true,,800,5556,15,35,https://api-scuda.uat.oci.krungsri.tech/ic/api/v1/customer/individual/updateprofile,1980,0,21
1778849886403,2895,UpdateIndividual,200,OK,UpdateIndividual 4-353,text,true,,800,4229,11,30,https://api-scuda.uat.oci.krungsri.tech/ic/api/v1/customer/individual/updateprofile,2895,0,17
1778849883754,5546,CreateIndividual,201,Created,CreateIndividual 3-16,text,true,,1172,8156,6,30,https://api-scuda.uat.oci.krungsri.tech/ic/api/v1/customer/individual/createprofile,5546,0,25
1778849886911,2390,GetIndividual,200,OK,GetIndividual 1-563,text,true,,3854,3588,3,29,https://api-scuda.uat.oci.krungsri.tech/ic/api/v1/customer/individual/getprofile,2390,0,13
1778849887812,1489,GetIndividual,200,OK,GetIndividual 1-616,text,true,,3883,3588,3,29,https://api-scuda.uat.oci.krungsri.tech/ic/api/v1/customer/individual/getprofile,1489,0,25
1778849887375,1926,UpdateIndividual,200,OK,UpdateIndividual 4-389,text,true,,800,4227,10,29,https://api-scuda.uat.oci.krungsri.tech/ic/api/v1/customer/individual/updateprofile,1926,0,19
1778849887626,1676,UpdateIndividual,200,OK,UpdateIndividual 4-400,text,true,,800,4227,9,26,https://api-scuda.uat.oci.krungsri.tech/ic/api/v1/customer/individual/updateprofile,1676,0,24
1778849888969,337,GetJoint,200,OK,GetJoint 9-21,text,true,,1431,3530,1,25,https://api-scuda.uat.oci.krungsri.tech/ic/api/v1/customer/joint/getprofile,337,0,21
1778849889283,35,SearchJuristic,200,OK,SearchJuristic 6-21,text,true,,621,2611,1,25,https://api-scuda.uat.oci.krungsri.tech/ords/api/v1/customer/juristic/searchprofile,34,0,22
1778849887828,1545,UpdateIndividual,200,OK,UpdateIndividual 4-408,text,true,,800,5594,8,24,https://api-scuda.uat.oci.krungsri.tech/ic/api/v1/customer/individual/updateprofile,1545,0,19
1778849887604,1771,UpdateIndividual,200,OK,UpdateIndividual 4-399,text,true,,800,5531,7,23,https://api-scuda.uat.oci.krungsri.tech/ic/api/v1/customer/individual/updateprofile,1771,0,12
1778849887561,1815,UpdateJuristic,200,OK,UpdateJuristic 8-20,text,true,,800,4425,2,22,https://api-scuda.uat.oci.krungsri.tech/ic/api/v1/customer/juristic/updateprofile,1815,0,20
1778849883996,5382,CreateIndividual,201,Created,CreateIndividual 3-17,text,true,,1172,8152,5,21,https://api-scuda.uat.oci.krungsri.tech/ic/api/v1/customer/individual/createprofile,5382,0,22
1778849887452,1943,UpdateIndividual,200,OK,UpdateIndividual 4-391,text,true,,799,4228,6,20,https://api-scuda.uat.oci.krungsri.tech/ic/api/v1/customer/individual/updateprofile,1943,0,18
1778849887126,2272,UpdateIndividual,200,OK,UpdateIndividual 4-379,text,true,,800,4228,5,19,https://api-scuda.uat.oci.krungsri.tech/ic/api/v1/customer/individual/updateprofile,2272,0,15
1778849887053,2346,UpdateIndividual,200,OK,UpdateIndividual 4-375,text,true,,800,4229,4,18,https://api-scuda.uat.oci.krungsri.tech/ic/api/v1/customer/individual/updateprofile,2346,0,12
1778849889240,167,GetIndividual,200,OK,GetIndividual 1-617,text,true,,3869,3587,1,17,https://api-scuda.uat.oci.krungsri.tech/ic/api/v1/customer/individual/getprofile,167,0,18
1778849887530,1879,UpdateIndividual,200,OK,UpdateIndividual 4-397,text,true,,800,4231,3,16,https://api-scuda.uat.oci.krungsri.tech/ic/api/v1/customer/individual/updateprofile,1879,0,37
1778849885960,3517,CreateIndividual,201,Created,CreateIndividual 3-19,text,true,,1172,8595,4,17,https://api-scuda.uat.oci.krungsri.tech/ic/api/v1/customer/individual/createprofile,3517,0,39
1778849884598,4893,CreateJuristic,201,Created,CreateJuristic 7-17,text,true,,1172,7946,3,18,https://api-scuda.uat.oci.krungsri.tech/ic/api/v1/customer/juristic/createprofile,4893,0,22
1778849889464,30,SearchJoint,200,OK,SearchJoint 10-21,text,true,,621,2627,1,17,https://api-scuda.uat.oci.krungsri.tech/ords/api/v1/customer/joint/searchprofile,30,0,14
1778849888909,586,UpdateIndividual,200,OK,UpdateIndividual 4-409,text,true,,800,5539,2,16,https://api-scuda.uat.oci.krungsri.tech/ic/api/v1/customer/individual/updateprofile,586,0,24
1778849885476,4027,CreateIndividual,201,Created,CreateIndividual 3-18,text,true,,1172,8124,3,15,https://api-scuda.uat.oci.krungsri.tech/ic/api/v1/customer/individual/createprofile,4027,0,14
1778849884006,5499,CreateJoint,200,OK,CreateJoint 11-17,text,true,,1813,5908,5,14,https://api-scuda.uat.oci.krungsri.tech/ic/api/v1/customer/joint/createprofile,5499,0,16
1778849886046,3468,CreateJoint,200,OK,CreateJoint 11-19,text,true,,1813,5963,4,13,https://api-scuda.uat.oci.krungsri.tech/ic/api/v1/customer/joint/createprofile,3468,0,21
1778849885444,4125,CreateJoint,200,OK,CreateJoint 11-18,text,true,,1813,6085,3,12,https://api-scuda.uat.oci.krungsri.tech/ic/api/v1/customer/joint/createprofile,4125,0,25
1778849888923,652,UpdateJuristic,200,OK,UpdateJuristic 8-21,text,true,,800,5816,1,11,https://api-scuda.uat.oci.krungsri.tech/ic/api/v1/customer/juristic/updateprofile,652,0,26
1778849887069,2506,CreateIndividual,201,Created,CreateIndividual 3-20,text,true,,1172,8135,2,11,https://api-scuda.uat.oci.krungsri.tech/ic/api/v1/customer/individual/createprofile,2506,0,27
1778849885662,3932,CreateJuristic,201,Created,CreateJuristic 7-18,text,true,,1172,8142,2,9,https://api-scuda.uat.oci.krungsri.tech/ic/api/v1/customer/juristic/createprofile,3932,0,30
1778849887254,2341,CreateJoint,200,OK,CreateJoint 11-20,text,true,,1813,6085,2,8,https://api-scuda.uat.oci.krungsri.tech/ic/api/v1/customer/joint/createprofile,2341,0,26
1778849889465,157,GetIndividual,200,OK,GetIndividual 1-618,text,true,,3852,3588,2,7,https://api-scuda.uat.oci.krungsri.tech/ic/api/v1/customer/individual/getprofile,157,0,20
1778849889478,152,GetIndividual,200,OK,GetIndividual 1-619,text,true,,3867,3588,1,6,https://api-scuda.uat.oci.krungsri.tech/ic/api/v1/customer/individual/getprofile,152,0,19
1778849889265,430,UpdateIndividual,200,OK,UpdateIndividual 4-410,text,true,,800,5604,1,7,https://api-scuda.uat.oci.krungsri.tech/ic/api/v1/customer/individual/updateprofile,430,0,13
1778849889680,29,SearchIndividual,200,OK,SearchIndividual 2-1013,text,true,,620,2600,2,7,https://api-scuda.uat.oci.krungsri.tech/ords/api/v1/customer/individual/searchprofile,29,0,16
1778849889485,248,UpdateJoint,200,OK,UpdateJoint 12-21,text,true,,800,3614,1,6,https://api-scuda.uat.oci.krungsri.tech/ic/api/v1/customer/joint/updateprofile,248,0,15
1778849889303,435,CreateJoint,200,OK,CreateJoint 11-21,text,true,,1813,6049,1,5,https://api-scuda.uat.oci.krungsri.tech/ic/api/v1/customer/joint/createprofile,435,0,18
1778849889698,44,SearchIndividual,200,OK,SearchIndividual 2-1014,text,true,,621,2613,2,5,https://api-scuda.uat.oci.krungsri.tech/ords/api/v1/customer/individual/searchprofile,44,0,13
1778849889748,26,SearchIndividual,200,OK,SearchIndividual 2-1016,text,true,,621,2613,3,6,https://api-scuda.uat.oci.krungsri.tech/ords/api/v1/customer/individual/searchprofile,26,0,14
1778849889740,36,SearchIndividual,200,OK,SearchIndividual 2-1015,text,true,,621,2620,2,5,https://api-scuda.uat.oci.krungsri.tech/ords/api/v1/customer/individual/searchprofile,36,0,21
1778849889767,48,SearchIndividual,200,OK,SearchIndividual 2-1017,text,true,,621,2638,1,5,https://api-scuda.uat.oci.krungsri.tech/ords/api/v1/customer/individual/searchprofile,48,0,19
1778849889685,134,GetJuristic,200,OK,GetJuristic 5-21,text,true,,3454,3533,1,4,https://api-scuda.uat.oci.krungsri.tech/ic/api/v1/customer/juristic/getprofile,134,0,21
1778849889314,513,CreateJuristic,201,Created,CreateJuristic 7-21,text,true,,1172,8246,1,3,https://api-scuda.uat.oci.krungsri.tech/ic/api/v1/customer/juristic/createprofile,513,0,14
1778849889137,711,CreateIndividual,201,Created,CreateIndividual 3-21,text,true,,1172,8244,1,2,https://api-scuda.uat.oci.krungsri.tech/ic/api/v1/customer/individual/createprofile,711,0,18
1778849889796,121,GetIndividual,200,OK,GetIndividual 1-620,text,true,,3889,3588,1,3,https://api-scuda.uat.oci.krungsri.tech/ic/api/v1/customer/individual/getprofile,121,0,31
1778849889987,39,SearchIndividual,200,OK,SearchIndividual 2-1018,text,true,,621,2613,1,3,https://api-scuda.uat.oci.krungsri.tech/ords/api/v1/customer/individual/searchprofile,39,0,13
1778849889879,192,UpdateIndividual,200,OK,UpdateIndividual 4-411,text,true,,800,5584,1,4,https://api-scuda.uat.oci.krungsri.tech/ic/api/v1/customer/individual/updateprofile,192,0,30
1778849890054,34,SearchIndividual,200,OK,SearchIndividual 2-1019,text,true,,621,2640,1,3,https://api-scuda.uat.oci.krungsri.tech/ords/api/v1/customer/individual/searchprofile,34,0,17
1778849889887,254,GetJuristic,200,OK,GetJuristic 5-22,text,true,,3487,3533,1,2,https://api-scuda.uat.oci.krungsri.tech/ic/api/v1/customer/juristic/getprofile,254,0,26
1778849890146,25,SearchIndividual,200,OK,SearchIndividual 2-1020,text,true,,621,2619,1,4,https://api-scuda.uat.oci.krungsri.tech/ords/api/v1/customer/individual/searchprofile,25,0,12
1778849890052,143,UpdateJuristic,200,OK,UpdateJuristic 8-22,text,true,,800,4423,1,3,https://api-scuda.uat.oci.krungsri.tech/ic/api/v1/customer/juristic/updateprofile,143,0,12
1778849890209,31,SearchIndividual,200,OK,SearchIndividual 2-1021,text,true,,621,2613,2,4,https://api-scuda.uat.oci.krungsri.tech/ords/api/v1/customer/individual/searchprofile,31,0,19
1778849890240,34,SearchIndividual,200,OK,SearchIndividual 2-1022,text,true,,621,2620,1,3,https://api-scuda.uat.oci.krungsri.tech/ords/api/v1/customer/individual/searchprofile,34,0,22
1778849890159,180,UpdateIndividual,200,OK,UpdateIndividual 4-412,text,true,,799,5613,1,4,https://api-scuda.uat.oci.krungsri.tech/ic/api/v1/customer/individual/updateprofile,180,0,20
1778849890170,209,UpdateJoint,200,OK,UpdateJoint 12-22,text,true,,800,3614,1,4,https://api-scuda.uat.oci.krungsri.tech/ic/api/v1/customer/joint/updateprofile,209,0,25
1778849890377,32,SearchIndividual,200,OK,SearchIndividual 2-1023,text,true,,621,2632,1,4,https://api-scuda.uat.oci.krungsri.tech/ords/api/v1/customer/individual/searchprofile,32,0,20
1778849890403,35,SearchJuristic,200,OK,SearchJuristic 6-22,text,true,,9344,2606,1,3,https://api-scuda.uat.oci.krungsri.tech/ords/api/v1/customer/juristic/searchprofile,35,0,21
1778849890339,111,GetIndividual,200,OK,GetIndividual 1-621,text,true,,3855,3588,1,2,https://api-scuda.uat.oci.krungsri.tech/ic/api/v1/customer/individual/getprofile,111,0,23
1778849890462,35,SearchIndividual,200,OK,SearchIndividual 2-1024,text,true,,621,2617,1,4,https://api-scuda.uat.oci.krungsri.tech/ords/api/v1/customer/individual/searchprofile,35,0,22
1778849890466,112,GetIndividual,200,OK,GetIndividual 1-622,text,true,,3875,3588,3,7,https://api-scuda.uat.oci.krungsri.tech/ic/api/v1/customer/individual/getprofile,112,0,22
1778849890485,95,GetIndividual,200,OK,GetIndividual 1-623,text,true,,3793,3588,2,6,https://api-scuda.uat.oci.krungsri.tech/ic/api/v1/customer/individual/getprofile,95,0,16
1778849890524,98,GetJoint,200,OK,GetJoint 9-22,text,true,,1431,3530,1,6,https://api-scuda.uat.oci.krungsri.tech/ic/api/v1/customer/joint/getprofile,98,0,20
1778849890618,34,SearchIndividual,200,OK,SearchIndividual 2-1025,text,true,,14319,2607,1,7,https://api-scuda.uat.oci.krungsri.tech/ords/api/v1/customer/individual/searchprofile,34,0,19
1778849890570,124,GetIndividual,200,OK,GetIndividual 1-624,text,true,,3916,3588,2,8,https://api-scuda.uat.oci.krungsri.tech/ic/api/v1/customer/individual/getprofile,124,0,21
1778849890679,32,SearchJoint,200,OK,SearchJoint 10-22,text,true,,620,2626,1,8,https://api-scuda.uat.oci.krungsri.tech/ords/api/v1/customer/joint/searchprofile,32,0,20
1778849890634,95,GetIndividual,200,OK,GetIndividual 1-625,text,true,,3819,3588,1,7,https://api-scuda.uat.oci.krungsri.tech/ic/api/v1/customer/individual/getprofile,95,0,21
1778849890703,31,SearchIndividual,200,OK,SearchIndividual 2-1026,text,true,,621,2613,1,6,https://api-scuda.uat.oci.krungsri.tech/ords/api/v1/customer/individual/searchprofile,30,0,19
1778849890749,24,SearchIndividual,200,OK,SearchIndividual 2-1027,text,true,,621,2650,2,9,https://api-scuda.uat.oci.krungsri.tech/ords/api/v1/customer/individual/searchprofile,24,0,12
1778849890770,32,SearchIndividual,200,OK,SearchIndividual 2-1028,text,true,,621,2601,1,8,https://api-scuda.uat.oci.krungsri.tech/ords/api/v1/customer/individual/searchprofile,32,0,20
1778849890833,31,SearchIndividual,200,OK,SearchIndividual 2-1029,text,true,,621,2613,1,9,https://api-scuda.uat.oci.krungsri.tech/ords/api/v1/customer/individual/searchprofile,30,0,18
1778849890680,190,UpdateIndividual,200,OK,UpdateIndividual 4-414,text,true,,799,5586,2,9,https://api-scuda.uat.oci.krungsri.tech/ic/api/v1/customer/individual/updateprofile,190,0,19
1778849890750,127,GetIndividual,200,OK,GetIndividual 1-626,text,true,,3874,3587,3,8,https://api-scuda.uat.oci.krungsri.tech/ic/api/v1/customer/individual/getprofile,127,0,18
1778849890868,24,SearchJoint,200,OK,SearchJoint 10-23,text,true,,621,2627,1,7,https://api-scuda.uat.oci.krungsri.tech/ords/api/v1/customer/joint/searchprofile,24,0,12
1778849890644,248,UpdateIndividual,200,OK,UpdateIndividual 4-413,text,true,,800,5600,1,7,https://api-scuda.uat.oci.krungsri.tech/ic/api/v1/customer/individual/updateprofile,248,0,21
1778849890288,609,CreateJoint,200,OK,CreateJoint 11-22,text,true,,1813,5915,1,5,https://api-scuda.uat.oci.krungsri.tech/ic/api/v1/customer/joint/createprofile,609,0,15
1778849890770,135,GetIndividual,200,OK,GetIndividual 1-627,text,true,,3805,3588,2,5,https://api-scuda.uat.oci.krungsri.tech/ic/api/v1/customer/individual/getprofile,135,0,14
1778849890579,350,CreateIndividual,201,Created,CreateIndividual 3-22,text,true,,1172,7857,1,4,https://api-scuda.uat.oci.krungsri.tech/ic/api/v1/customer/individual/createprofile,350,0,21
1778849890901,34,SearchIndividual,200,OK,SearchIndividual 2-1030,text,true,,621,2613,1,3,https://api-scuda.uat.oci.krungsri.tech/ords/api/v1/customer/individual/searchprofile,34,0,19
1778849890846,99,GetIndividual,200,OK,GetIndividual 1-628,text,true,,3865,3588,2,4,https://api-scuda.uat.oci.krungsri.tech/ic/api/v1/customer/individual/getprofile,99,0,20
1778849890536,437,CreateJuristic,201,Created,CreateJuristic 7-22,text,true,,1172,8084,1,5,https://api-scuda.uat.oci.krungsri.tech/ic/api/v1/customer/juristic/createprofile,437,0,19
1778849890955,37,SearchJuristic,200,OK,SearchJuristic 6-23,text,true,,621,2606,1,4,https://api-scuda.uat.oci.krungsri.tech/ords/api/v1/customer/juristic/searchprofile,37,0,21
1778849890970,42,SearchIndividual,200,OK,SearchIndividual 2-1031,text,true,,621,2613,1,3,https://api-scuda.uat.oci.krungsri.tech/ords/api/v1/customer/individual/searchprofile,42,0,26
1778849890943,100,GetIndividual,200,OK,GetIndividual 1-629,text,true,,3827,3588,1,2,https://api-scuda.uat.oci.krungsri.tech/ic/api/v1/customer/individual/getprofile,100,0,23
1778849890945,98,GetJoint,200,OK,GetJoint 9-23,text,true,,1431,3530,1,2,https://api-scuda.uat.oci.krungsri.tech/ic/api/v1/customer/joint/getprofile,98,0,24
1778849891045,34,SearchIndividual,200,OK,SearchIndividual 2-1032,text,true,,621,2613,2,3,https://api-scuda.uat.oci.krungsri.tech/ords/api/v1/customer/individual/searchprofile,34,0,18
1778849891073,37,SearchIndividual,200,OK,SearchIndividual 2-1033,text,true,,14377,2611,2,5,https://api-scuda.uat.oci.krungsri.tech/ords/api/v1/customer/individual/searchprofile,37,0,22
1778849891110,35,SearchIndividual,200,OK,SearchIndividual 2-1034,text,true,,621,2602,1,5,https://api-scuda.uat.oci.krungsri.tech/ords/api/v1/customer/individual/searchprofile,35,0,20
1778849891084,93,GetIndividual,200,OK,GetIndividual 1-630,text,true,,3865,3588,2,5,https://api-scuda.uat.oci.krungsri.tech/ic/api/v1/customer/individual/getprofile,93,0,21
1778849891098,109,GetIndividual,200,OK,GetIndividual 1-631,text,true,,3802,3588,2,6,https://api-scuda.uat.oci.krungsri.tech/ic/api/v1/customer/individual/getprofile,109,0,21
1778849891244,35,SearchIndividual,200,OK,SearchIndividual 2-1035,text,true,,621,2613,1,7,https://api-scuda.uat.oci.krungsri.tech/ords/api/v1/customer/individual/searchprofile,35,0,16
1778849891135,156,UpdateIndividual,200,OK,UpdateIndividual 4-415,text,true,,800,5512,1,6,https://api-scuda.uat.oci.krungsri.tech/ic/api/v1/customer/individual/updateprofile,156,0,20
1778849891055,236,UpdateJoint,200,OK,UpdateJoint 12-23,text,true,,800,3614,1,6,https://api-scuda.uat.oci.krungsri.tech/ic/api/v1/customer/joint/updateprofile,236,0,21
1778849891202,101,GetIndividual,200,OK,GetIndividual 1-632,text,true,,3849,3588,1,5,https://api-scuda.uat.oci.krungsri.tech/ic/api/v1/customer/individual/getprofile,101,0,19
1778849891295,36,SearchIndividual,200,OK,SearchIndividual 2-1036,text,true,,621,2658,2,5,https://api-scuda.uat.oci.krungsri.tech/ords/api/v1/customer/individual/searchprofile,35,0,18
1778849891313,34,SearchIndividual,200,OK,SearchIndividual 2-1037,text,true,,621,2613,1,4,https://api-scuda.uat.oci.krungsri.tech/ords/api/v1/customer/individual/searchprofile,34,0,22
1778849891188,235,UpdateJuristic,200,OK,UpdateJuristic 8-23,text,true,,800,5774,1,5,https://api-scuda.uat.oci.krungsri.tech/ic/api/v1/customer/juristic/updateprofile,235,0,20
1778849891400,108,GetIndividual,200,OK,GetIndividual 1-633,text,true,,3787,3588,1,4,https://api-scuda.uat.oci.krungsri.tech/ic/api/v1/customer/individual/getprofile,108,0,22
1778849891408,122,UpdateIndividual,200,OK,UpdateIndividual 4-416,text,true,,800,4227,1,4,https://api-scuda.uat.oci.krungsri.tech/ic/api/v1/customer/individual/updateprofile,122,0,24
1778849891513,34,SearchIndividual,200,OK,SearchIndividual 2-1038,text,true,,621,2602,1,5,https://api-scuda.uat.oci.krungsri.tech/ords/api/v1/customer/individual/searchprofile,34,0,20
1778849891550,27,SearchIndividual,200,OK,SearchIndividual 2-1039,text,true,,621,2613,1,6,https://api-scuda.uat.oci.krungsri.tech/ords/api/v1/customer/individual/searchprofile,27,0,14
1778849891220,393,CreateJuristic,201,Created,CreateJuristic 7-23,text,true,,1172,8028,1,6,https://api-scuda.uat.oci.krungsri.tech/ic/api/v1/customer/juristic/createprofile,393,0,22
1778849891551,92,GetJuristic,200,OK,GetJuristic 5-23,text,true,,3495,3533,1,6,https://api-scuda.uat.oci.krungsri.tech/ic/api/v1/customer/juristic/getprofile,92,0,20
1778849891639,33,SearchIndividual,200,OK,SearchIndividual 2-1040,text,true,,621,2613,2,8,https://api-scuda.uat.oci.krungsri.tech/ords/api/v1/customer/individual/searchprofile,33,0,20
1778849891651,33,SearchIndividual,200,OK,SearchIndividual 2-1041,text,true,,621,2601,1,7,https://api-scuda.uat.oci.krungsri.tech/ords/api/v1/customer/individual/searchprofile,32,0,22
1778849891584,101,GetIndividual,200,OK,GetIndividual 1-634,text,true,,3859,3588,2,6,https://api-scuda.uat.oci.krungsri.tech/ic/api/v1/customer/individual/getprofile,101,0,21
1778849891549,149,UpdateIndividual,200,OK,UpdateIndividual 4-418,text,true,,800,5678,3,5,https://api-scuda.uat.oci.krungsri.tech/ic/api/v1/customer/individual/updateprofile,149,0,18
1778849891549,150,UpdateIndividual,200,OK,UpdateIndividual 4-417,text,true,,800,5567,2,5,https://api-scuda.uat.oci.krungsri.tech/ic/api/v1/customer/individual/updateprofile,150,0,14
1778849891704,27,SearchIndividual,200,OK,SearchIndividual 2-1043,text,true,,621,2625,2,5,https://api-scuda.uat.oci.krungsri.tech/ords/api/v1/customer/individual/searchprofile,27,0,15
1778849891699,36,SearchIndividual,200,OK,SearchIndividual 2-1042,text,true,,621,2638,1,4,https://api-scuda.uat.oci.krungsri.tech/ords/api/v1/customer/individual/searchprofile,35,0,19
1778849891647,93,GetIndividual,200,OK,GetIndividual 1-635,text,true,,3854,3588,1,4,https://api-scuda.uat.oci.krungsri.tech/ic/api/v1/customer/individual/getprofile,93,0,20
1778849891150,675,CreateJoint,200,OK,CreateJoint 11-23,text,true,,1813,5855,1,6,https://api-scuda.uat.oci.krungsri.tech/ic/api/v1/customer/joint/createprofile,675,0,18
1778849891820,40,SearchIndividual,200,OK,SearchIndividual 2-1044,text,true,,14383,2608,2,6,https://api-scuda.uat.oci.krungsri.tech/ords/api/v1/customer/individual/searchprofile,39,0,22
1778849891851,24,SearchIndividual,200,OK,SearchIndividual 2-1045,text,true,,621,2620,2,6,https://api-scuda.uat.oci.krungsri.tech/ords/api/v1/customer/individual/searchprofile,24,0,12
1778849891797,99,GetIndividual,200,OK,GetIndividual 1-636,text,true,,3802,3587,1,5,https://api-scuda.uat.oci.krungsri.tech/ic/api/v1/customer/individual/getprofile,99,0,14
1778849891671,230,UpdateIndividual,200,OK,UpdateIndividual 4-419,text,true,,1753,5655,2,4,https://api-scuda.uat.oci.krungsri.tech/ic/api/v1/customer/individual/updateprofile,230,0,24
1778849891867,37,SearchIndividual,200,OK,SearchIndividual 2-1046,text,true,,621,2603,1,3,https://api-scuda.uat.oci.krungsri.tech/ords/api/v1/customer/individual/searchprofile,37,0,20
1778849891743,183,UpdateIndividual,200,OK,UpdateIndividual 4-420,text,true,,800,5595,1,3,https://api-scuda.uat.oci.krungsri.tech/ic/api/v1/customer/individual/updateprofile,183,0,13
1778849891910,31,SearchIndividual,200,OK,SearchIndividual 2-1047,text,true,,621,2613,1,2,https://api-scuda.uat.oci.krungsri.tech/ords/api/v1/customer/individual/searchprofile,31,0,18
1778849892025,39,SearchIndividual,200,OK,SearchIndividual 2-1048,text,true,,621,2613,1,3,https://api-scuda.uat.oci.krungsri.tech/ords/api/v1/customer/individual/searchprofile,39,0,20
1778849892071,26,SearchIndividual,200,OK,SearchIndividual 2-1049,text,true,,621,2613,2,5,https://api-scuda.uat.oci.krungsri.tech/ords/api/v1/customer/individual/searchprofile,26,0,13
1778849892094,41,SearchIndividual,200,OK,SearchIndividual 2-1050,text,true,,621,2604,2,8,https://api-scuda.uat.oci.krungsri.tech/ords/api/v1/customer/individual/searchprofile,41,0,26
1778849891776,362,CreateIndividual,201,Created,CreateIndividual 3-23,text,true,,1172,8356,1,7,https://api-scuda.uat.oci.krungsri.tech/ic/api/v1/customer/individual/createprofile,362,0,20
1778849892136,35,SearchIndividual,200,OK,SearchIndividual 2-1051,text,true,,621,2602,1,8,https://api-scuda.uat.oci.krungsri.tech/ords/api/v1/customer/individual/searchprofile,35,0,19
1778849892161,31,SearchJuristic,200,OK,SearchJuristic 6-24,text,true,,621,2621,1,7,https://api-scuda.uat.oci.krungsri.tech/ords/api/v1/customer/juristic/searchprofile,31,0,20
1778849892117,128,UpdateIndividual,200,OK,UpdateIndividual 4-423,text,true,,800,4229,3,9,https://api-scuda.uat.oci.krungsri.tech/ic/api/v1/customer/individual/updateprofile,128,0,21
1778849892082,212,UpdateIndividual,200,OK,UpdateIndividual 4-421,text,true,,800,4228,2,11,https://api-scuda.uat.oci.krungsri.tech/ic/api/v1/customer/individual/updateprofile,212,0,20
1778849892143,157,GetIndividual,200,OK,GetIndividual 1-637,text,true,,3838,3588,4,12,https://api-scuda.uat.oci.krungsri.tech/ic/api/v1/customer/individual/getprofile,157,0,15
1778849892111,197,UpdateIndividual,200,OK,UpdateIndividual 4-422,text,true,,800,4229,2,11,https://api-scuda.uat.oci.krungsri.tech/ic/api/v1/customer/individual/updateprofile,197,0,24
1778849892337,24,SearchIndividual,200,OK,SearchIndividual 2-1054,text,true,,621,2613,3,15,https://api-scuda.uat.oci.krungsri.tech/ords/api/v1/customer/individual/searchprofile,24,0,13
1778849892294,88,SearchIndividual,200,OK,SearchIndividual 2-1052,text,true,,621,2613,3,16,https://api-scuda.uat.oci.krungsri.tech/ords/api/v1/customer/individual/searchprofile,87,0,64
1778849892297,86,SearchIndividual,200,OK,SearchIndividual 2-1053,text,true,,621,2613,2,15,https://api-scuda.uat.oci.krungsri.tech/ords/api/v1/customer/individual/searchprofile,86,0,73
1778849892203,194,GetIndividual,200,OK,GetIndividual 1-638,text,true,,3882,3588,6,14,https://api-scuda.uat.oci.krungsri.tech/ic/api/v1/customer/individual/getprofile,194,0,14
1778849892367,31,SearchIndividual,200,OK,SearchIndividual 2-1055,text,true,,621,2611,1,13,https://api-scuda.uat.oci.krungsri.tech/ords/api/v1/customer/individual/searchprofile,31,0,20
1778849892228,173,GetIndividual,200,OK,GetIndividual 1-639,text,true,,3851,3588,5,12,https://api-scuda.uat.oci.krungsri.tech/ic/api/v1/customer/individual/getprofile,173,0,12
1778849892304,114,UpdateIndividual,200,OK,UpdateIndividual 4-424,text,true,,800,4230,2,12,https://api-scuda.uat.oci.krungsri.tech/ic/api/v1/customer/individual/updateprofile,114,0,17
1778849892270,149,GetIndividual,200,OK,GetIndividual 1-640,text,true,,3864,3588,5,11,https://api-scuda.uat.oci.krungsri.tech/ic/api/v1/customer/individual/getprofile,149,0,21
1778849892315,107,GetIndividual,200,OK,GetIndividual 1-641,text,true,,3812,3588,5,11,https://api-scuda.uat.oci.krungsri.tech/ic/api/v1/customer/individual/getprofile,107,0,11
1778849892336,90,GetIndividual,200,OK,GetIndividual 1-642,text,true,,3830,3588,4,10,https://api-scuda.uat.oci.krungsri.tech/ic/api/v1/customer/individual/getprofile,90,0,10
1778849892374,102,GetIndividual,200,OK,GetIndividual 1-643,text,true,,3778,3588,4,11,https://api-scuda.uat.oci.krungsri.tech/ic/api/v1/customer/individual/getprofile,102,0,18
1778849892455,23,SearchIndividual,200,OK,SearchIndividual 2-1056,text,true,,621,2643,1,10,https://api-scuda.uat.oci.krungsri.tech/ords/api/v1/customer/individual/searchprofile,23,0,11
1778849892331,171,GetJoint,200,OK,GetJoint 9-24,text,true,,1429,3530,1,11,https://api-scuda.uat.oci.krungsri.tech/ic/api/v1/customer/joint/getprofile,171,0,29
1778849892028,478,CreateJuristic,201,Created,CreateJuristic 7-24,text,true,,1172,7887,1,10,https://api-scuda.uat.oci.krungsri.tech/ic/api/v1/customer/juristic/createprofile,478,0,23
1778849892422,90,GetIndividual,200,OK,GetIndividual 1-645,text,true,,3783,3588,3,9,https://api-scuda.uat.oci.krungsri.tech/ic/api/v1/customer/individual/getprofile,90,0,14
1778849892490,22,SearchIndividual,200,OK,SearchIndividual 2-1057,text,true,,620,2600,2,9,https://api-scuda.uat.oci.krungsri.tech/ords/api/v1/customer/individual/searchprofile,22,0,11
1778849892406,110,GetIndividual,200,OK,GetIndividual 1-644,text,true,,3831,3588,2,7,https://api-scuda.uat.oci.krungsri.tech/ic/api/v1/customer/individual/getprofile,110,0,11
1778849892362,161,UpdateIndividual,200,OK,UpdateIndividual 4-425,text,true,,800,4228,1,6,https://api-scuda.uat.oci.krungsri.tech/ic/api/v1/customer/individual/updateprofile,161,0,18
1778849892501,23,SearchIndividual,200,OK,SearchIndividual 2-1058,text,true,,621,2622,1,5,https://api-scuda.uat.oci.krungsri.tech/ords/api/v1/customer/individual/searchprofile,23,0,13
1778849892205,395,CreateJoint,200,OK,CreateJoint 11-24,text,true,,1812,6061,1,7,https://api-scuda.uat.oci.krungsri.tech/ic/api/v1/customer/joint/createprofile,395,0,20
1778849892584,30,SearchIndividual,200,OK,SearchIndividual 2-1060,text,true,,621,2613,2,6,https://api-scuda.uat.oci.krungsri.tech/ords/api/v1/customer/individual/searchprofile,30,0,17
1778849892581,28,SearchIndividual,200,OK,SearchIndividual 2-1059,text,true,,621,2613,2,6,https://api-scuda.uat.oci.krungsri.tech/ords/api/v1/customer/individual/searchprofile,28,0,17
1778849892451,155,GetIndividual,200,OK,GetIndividual 1-646,text,true,,3813,3588,1,6,https://api-scuda.uat.oci.krungsri.tech/ic/api/v1/customer/individual/getprofile,155,0,19
1778849892704,24,SearchIndividual,200,OK,SearchIndividual 2-1061,text,true,,621,2613,2,9,https://api-scuda.uat.oci.krungsri.tech/ords/api/v1/customer/individual/searchprofile,24,0,12
1778849892650,100,GetIndividual,200,OK,GetIndividual 1-647,text,true,,3824,3588,2,8,https://api-scuda.uat.oci.krungsri.tech/ic/api/v1/customer/individual/getprofile,100,0,19
1778849892722,30,SearchIndividual,200,OK,SearchIndividual 2-1062,text,true,,621,2613,1,7,https://api-scuda.uat.oci.krungsri.tech/ords/api/v1/customer/individual/searchprofile,30,0,18
1778849892579,213,UpdateIndividual,200,OK,UpdateIndividual 4-426,text,true,,800,5576,2,6,https://api-scuda.uat.oci.krungsri.tech/ic/api/v1/customer/individual/updateprofile,213,0,12
1778849892108,690,UpdateJoint,200,OK,UpdateJoint 12-24,text,true,,800,4581,1,6,https://api-scuda.uat.oci.krungsri.tech/ic/api/v1/customer/joint/updateprofile,690,0,28
1778849892717,84,GetIndividual,200,OK,GetIndividual 1-648,text,true,,3837,3588,1,5,https://api-scuda.uat.oci.krungsri.tech/ic/api/v1/customer/individual/getprofile,84,0,10
1778849892795,33,SearchIndividual,200,OK,SearchIndividual 2-1063,text,true,,620,2612,2,8,https://api-scuda.uat.oci.krungsri.tech/ords/api/v1/customer/individual/searchprofile,33,0,21
1778849892811,29,SearchIndividual,200,OK,SearchIndividual 2-1064,text,true,,621,2601,1,7,https://api-scuda.uat.oci.krungsri.tech/ords/api/v1/customer/individual/searchprofile,29,0,14
1778849892805,35,SearchJoint,200,OK,SearchJoint 10-24,text,true,,621,2627,1,6,https://api-scuda.uat.oci.krungsri.tech/ords/api/v1/customer/joint/searchprofile,35,0,18
1778849892668,178,UpdateIndividual,200,OK,UpdateIndividual 4-427,text,true,,800,5613,2,6,https://api-scuda.uat.oci.krungsri.tech/ic/api/v1/customer/individual/updateprofile,178,0,19
1778849892855,29,SearchIndividual,200,OK,SearchIndividual 2-1065,text,true,,620,2608,2,8,https://api-scuda.uat.oci.krungsri.tech/ords/api/v1/customer/individual/searchprofile,29,0,18
1778849892643,244,UpdateJuristic,200,OK,UpdateJuristic 8-24,text,true,,800,5792,1,8,https://api-scuda.uat.oci.krungsri.tech/ic/api/v1/customer/juristic/updateprofile,244,0,20
1778849892803,91,GetJuristic,200,OK,GetJuristic 5-24,text,true,,3540,3533,1,8,https://api-scuda.uat.oci.krungsri.tech/ic/api/v1/customer/juristic/getprofile,91,0,12
1778849892875,32,SearchIndividual,200,OK,SearchIndividual 2-1066,text,true,,621,2613,3,9,https://api-scuda.uat.oci.krungsri.tech/ords/api/v1/customer/individual/searchprofile,32,0,20
1778849892895,42,SearchIndividual,200,OK,SearchIndividual 2-1067,text,true,,621,2613,2,11,https://api-scuda.uat.oci.krungsri.tech/ords/api/v1/customer/individual/searchprofile,41,0,28
1778849892270,674,CreateIndividual,201,Created,CreateIndividual 3-24,text,true,,1172,8480,1,11,https://api-scuda.uat.oci.krungsri.tech/ic/api/v1/customer/individual/createprofile,674,0,20
1778849892817,129,UpdateIndividual,200,OK,UpdateIndividual 4-428,text,true,,800,4227,6,10,https://api-scuda.uat.oci.krungsri.tech/ic/api/v1/customer/individual/updateprofile,129,0,24
1778849892904,51,SearchIndividual,200,OK,SearchIndividual 2-1068,text,true,,14140,2604,2,10,https://api-scuda.uat.oci.krungsri.tech/ords/api/v1/customer/individual/searchprofile,51,0,24
1778849892952,30,SearchIndividual,200,OK,SearchIndividual 2-1069,text,true,,620,2602,1,11,https://api-scuda.uat.oci.krungsri.tech/ords/api/v1/customer/individual/searchprofile,30,0,18
1778849892918,103,GetIndividual,200,OK,GetIndividual 1-649,text,true,,3864,3588,3,13,https://api-scuda.uat.oci.krungsri.tech/ic/api/v1/customer/individual/getprofile,103,0,24
1778849892920,102,GetIndividual,200,OK,GetIndividual 1-650,text,true,,3841,3588,3,13,https://api-scuda.uat.oci.krungsri.tech/ic/api/v1/customer/individual/getprofile,102,0,21
1778849893040,30,SearchIndividual,200,OK,SearchIndividual 2-1070,text,true,,621,2613,1,12,https://api-scuda.uat.oci.krungsri.tech/ords/api/v1/customer/individual/searchprofile,30,0,16
1778849892891,181,UpdateIndividual,200,OK,UpdateIndividual 4-430,text,true,,800,5569,6,11,https://api-scuda.uat.oci.krungsri.tech/ic/api/v1/customer/individual/updateprofile,181,0,26
1778849892925,160,UpdateIndividual,200,OK,UpdateIndividual 4-432,text,true,,798,4225,5,11,https://api-scuda.uat.oci.krungsri.tech/ic/api/v1/customer/individual/updateprofile,160,0,21
1778849892903,195,UpdateIndividual,200,OK,UpdateIndividual 4-431,text,true,,800,4227,4,11,https://api-scuda.uat.oci.krungsri.tech/ic/api/v1/customer/individual/updateprofile,195,0,23
1778849892859,238,UpdateIndividual,200,OK,UpdateIndividual 4-429,text,true,,800,5515,4,11,https://api-scuda.uat.oci.krungsri.tech/ic/api/v1/customer/individual/updateprofile,238,0,24
1778849893077,32,SearchIndividual,200,OK,SearchIndividual 2-1071,text,true,,621,2632,2,10,https://api-scuda.uat.oci.krungsri.tech/ords/api/v1/customer/individual/searchprofile,32,0,18
1778849892942,174,UpdateIndividual,200,OK,UpdateIndividual 4-433,text,true,,800,4231,2,9,https://api-scuda.uat.oci.krungsri.tech/ic/api/v1/customer/individual/updateprofile,174,0,18
1778849892966,151,GetJuristic,200,OK,GetJuristic 5-25,text,true,,3514,3533,1,8,https://api-scuda.uat.oci.krungsri.tech/ic/api/v1/customer/juristic/getprofile,151,0,21
1778849893097,31,SearchIndividual,200,OK,SearchIndividual 2-1072,text,true,,621,2604,1,8,https://api-scuda.uat.oci.krungsri.tech/ords/api/v1/customer/individual/searchprofile,30,0,19
1778849893013,161,GetIndividual,200,OK,GetIndividual 1-651,text,true,,3897,3588,3,11,https://api-scuda.uat.oci.krungsri.tech/ic/api/v1/customer/individual/getprofile,161,0,20
1778849893146,31,SearchIndividual,200,OK,SearchIndividual 2-1073,text,true,,621,2631,3,10,https://api-scuda.uat.oci.krungsri.tech/ords/api/v1/customer/individual/searchprofile,31,0,19
1778849893150,31,SearchIndividual,200,OK,SearchIndividual 2-1074,text,true,,621,2613,2,9,https://api-scuda.uat.oci.krungsri.tech/ords/api/v1/customer/individual/searchprofile,30,0,19
1778849893162,30,SearchIndividual,200,OK,SearchIndividual 2-1075,text,true,,621,2606,1,9,https://api-scuda.uat.oci.krungsri.tech/ords/api/v1/customer/individual/searchprofile,30,0,20
1778849893125,94,GetIndividual,200,OK,GetIndividual 1-652,text,true,,3888,3587,4,9,https://api-scuda.uat.oci.krungsri.tech/ic/api/v1/customer/individual/getprofile,94,0,15
1778849893135,94,GetIndividual,200,OK,GetIndividual 1-653,text,true,,3807,3588,3,9,https://api-scuda.uat.oci.krungsri.tech/ic/api/v1/customer/individual/getprofile,94,0,19
1778849893225,28,SearchIndividual,200,OK,SearchIndividual 2-1076,text,true,,621,2644,3,10,https://api-scuda.uat.oci.krungsri.tech/ords/api/v1/customer/individual/searchprofile,28,0,16
1778849893235,32,SearchIndividual,200,OK,SearchIndividual 2-1077,text,true,,14182,2604,2,10,https://api-scuda.uat.oci.krungsri.tech/ords/api/v1/customer/individual/searchprofile,32,0,18
1778849893248,25,SearchIndividual,200,OK,SearchIndividual 2-1078,text,true,,621,2613,1,9,https://api-scuda.uat.oci.krungsri.tech/ords/api/v1/customer/individual/searchprofile,24,0,13
1778849893004,269,UpdateIndividual,200,OK,UpdateIndividual 4-434,text,true,,800,5586,3,9,https://api-scuda.uat.oci.krungsri.tech/ic/api/v1/customer/individual/updateprofile,269,0,26
1778849893204,115,GetIndividual,200,OK,GetIndividual 1-655,text,true,,3830,3588,3,10,https://api-scuda.uat.oci.krungsri.tech/ic/api/v1/customer/individual/getprofile,115,0,33
1778849893186,136,GetIndividual,200,OK,GetIndividual 1-654,text,true,,3822,3588,2,9,https://api-scuda.uat.oci.krungsri.tech/ic/api/v1/customer/individual/getprofile,136,0,51
1778849892979,358,CreateIndividual,201,Created,CreateIndividual 3-25,text,true,,1172,8328,1,10,https://api-scuda.uat.oci.krungsri.tech/ic/api/v1/customer/individual/createprofile,358,0,22
1778849893306,38,SearchIndividual,200,OK,SearchIndividual 2-1079,text,true,,621,2602,2,9,https://api-scuda.uat.oci.krungsri.tech/ords/api/v1/customer/individual/searchprofile,38,0,20
1778849893333,46,SearchIndividual,200,OK,SearchIndividual 2-1080,text,true,,621,2604,1,8,https://api-scuda.uat.oci.krungsri.tech/ords/api/v1/customer/individual/searchprofile,46,0,24
1778849893102,287,UpdateJuristic,200,OK,UpdateJuristic 8-25,text,true,,800,5801,1,7,https://api-scuda.uat.oci.krungsri.tech/ic/api/v1/customer/juristic/updateprofile,287,0,46
1778849892995,400,CreateJoint,200,OK,CreateJoint 11-25,text,true,,1813,5994,1,7,https://api-scuda.uat.oci.krungsri.tech/ic/api/v1/customer/joint/createprofile,400,0,27
1778849893270,147,UpdateIndividual,200,OK,UpdateIndividual 4-435,text,true,,800,4229,3,7,https://api-scuda.uat.oci.krungsri.tech/ic/api/v1/customer/individual/updateprofile,147,0,26
1778849893394,37,SearchIndividual,200,OK,SearchIndividual 2-1081,text,true,,621,2616,1,6,https://api-scuda.uat.oci.krungsri.tech/ords/api/v1/customer/individual/searchprofile,37,0,19
1778849893298,133,GetIndividual,200,OK,GetIndividual 1-656,text,true,,3907,3588,1,6,https://api-scuda.uat.oci.krungsri.tech/ic/api/v1/customer/individual/getprofile,133,0,25
1778849893402,31,SearchJuristic,200,OK,SearchJuristic 6-25,text,true,,621,2611,1,4,https://api-scuda.uat.oci.krungsri.tech/ords/api/v1/customer/juristic/searchprofile,31,0,20
1778849893278,188,UpdateIndividual,200,OK,UpdateIndividual 4-436,text,true,,800,5546,2,6,https://api-scuda.uat.oci.krungsri.tech/ic/api/v1/customer/individual/updateprofile,188,0,18
1778849893331,162,UpdateIndividual,200,OK,UpdateIndividual 4-437,text,true,,800,5632,1,6,https://api-scuda.uat.oci.krungsri.tech/ic/api/v1/customer/individual/updateprofile,162,0,18
1778849892849,659,CreateJuristic,201,Created,CreateJuristic 7-25,text,true,,1172,8153,1,6,https://api-scuda.uat.oci.krungsri.tech/ic/api/v1/customer/juristic/createprofile,659,0,17
1778849893447,91,GetIndividual,200,OK,GetIndividual 1-657,text,true,,3860,3588,3,6,https://api-scuda.uat.oci.krungsri.tech/ic/api/v1/customer/individual/getprofile,91,0,18
1778849893507,32,SearchIndividual,200,OK,SearchIndividual 2-1082,text,true,,621,2613,1,6,https://api-scuda.uat.oci.krungsri.tech/ords/api/v1/customer/individual/searchprofile,32,0,20
1778849893458,90,GetIndividual,200,OK,GetIndividual 1-658,text,true,,3825,3588,2,4,https://api-scuda.uat.oci.krungsri.tech/ic/api/v1/customer/individual/getprofile,90,0,19
1778849893469,100,GetIndividual,200,OK,GetIndividual 1-659,text,true,,3861,3587,2,4,https://api-scuda.uat.oci.krungsri.tech/ic/api/v1/customer/individual/getprofile,100,0,19
1778849893573,35,SearchIndividual,200,OK,SearchIndividual 2-1083,text,true,,621,2629,3,6,https://api-scuda.uat.oci.krungsri.tech/ords/api/v1/customer/individual/searchprofile,35,0,21
1778849893573,38,SearchIndividual,200,OK,SearchIndividual 2-1084,text,true,,14029,2611,2,5,https://api-scuda.uat.oci.krungsri.tech/ords/api/v1/customer/individual/searchprofile,38,0,19
1778849893585,30,SearchIndividual,200,OK,SearchIndividual 2-1085,text,true,,621,2629,1,4,https://api-scuda.uat.oci.krungsri.tech/ords/api/v1/customer/individual/searchprofile,30,0,19
1778849893453,191,UpdateJoint,200,OK,UpdateJoint 12-25,text,true,,799,3613,1,4,https://api-scuda.uat.oci.krungsri.tech/ic/api/v1/customer/joint/updateprofile,191,0,20
1778849893559,86,GetIndividual,200,OK,GetIndividual 1-660,text,true,,3793,3588,2,3,https://api-scuda.uat.oci.krungsri.tech/ic/api/v1/customer/individual/getprofile,86,0,15
1778849893515,174,UpdateIndividual,200,OK,UpdateIndividual 4-438,text,true,,800,5563,1,5,https://api-scuda.uat.oci.krungsri.tech/ic/api/v1/customer/individual/updateprofile,174,0,36
1778849893643,99,GetIndividual,200,OK,GetIndividual 1-661,text,true,,3859,3588,3,5,https://api-scuda.uat.oci.krungsri.tech/ic/api/v1/customer/individual/getprofile,99,0,17
1778849893663,83,GetIndividual,200,OK,GetIndividual 1-663,text,true,,3839,3587,2,4,https://api-scuda.uat.oci.krungsri.tech/ic/api/v1/customer/individual/getprofile,83,0,15
1778849893659,98,GetIndividual,200,OK,GetIndividual 1-662,text,true,,3877,3588,1,4,https://api-scuda.uat.oci.krungsri.tech/ic/api/v1/customer/individual/getprofile,98,0,17
1778849893677,86,GetJoint,200,OK,GetJoint 9-25,text,true,,1429,3530,1,3,https://api-scuda.uat.oci.krungsri.tech/ic/api/v1/customer/joint/getprofile,86,0,19
1778849893739,33,SearchIndividual,200,OK,SearchIndividual 2-1086,text,true,,620,2604,1,2,https://api-scuda.uat.oci.krungsri.tech/ords/api/v1/customer/individual/searchprofile,33,0,20
1778849893755,28,SearchJoint,200,OK,SearchJoint 10-25,text,true,,620,2626,1,2,https://api-scuda.uat.oci.krungsri.tech/ords/api/v1/customer/joint/searchprofile,27,0,12
1778849893775,28,SearchIndividual,200,OK,SearchIndividual 2-1087,text,true,,621,2613,3,3,https://api-scuda.uat.oci.krungsri.tech/ords/api/v1/customer/individual/searchprofile,27,0,17
1778849893787,27,SearchIndividual,200,OK,SearchIndividual 2-1088,text,true,,621,2613,2,2,https://api-scuda.uat.oci.krungsri.tech/ords/api/v1/customer/individual/searchprofile,27,0,15
1778849893802,52,SearchIndividual,200,OK,SearchIndividual 2-1089,text,true,,621,2613,5,5,https://api-scuda.uat.oci.krungsri.tech/ords/api/v1/customer/individual/searchprofile,52,0,32
1778849893836,28,SearchIndividual,200,OK,SearchIndividual 2-1092,text,true,,621,2620,4,4,https://api-scuda.uat.oci.krungsri.tech/ords/api/v1/customer/individual/searchprofile,28,0,15
1778849893832,32,SearchIndividual,200,OK,SearchIndividual 2-1091,text,true,,621,2602,4,4,https://api-scuda.uat.oci.krungsri.tech/ords/api/v1/customer/individual/searchprofile,32,0,21
1778849893828,36,SearchIndividual,200,OK,SearchIndividual 2-1090,text,true,,621,2613,2,2,https://api-scuda.uat.oci.krungsri.tech/ords/api/v1/customer/individual/searchprofile,36,0,18
1778849893847,40,SearchIndividual,200,OK,SearchIndividual 2-1093,text,true,,14193,2605,1,3,https://api-scuda.uat.oci.krungsri.tech/ords/api/v1/customer/individual/searchprofile,40,0,20
1778849893914,36,SearchIndividual,200,OK,SearchIndividual 2-1094,text,true,,621,2604,1,5,https://api-scuda.uat.oci.krungsri.tech/ords/api/v1/customer/individual/searchprofile,36,0,19
1778849893877,103,GetJuristic,200,OK,GetJuristic 5-26,text,true,,3528,3533,1,5,https://api-scuda.uat.oci.krungsri.tech/ic/api/v1/customer/juristic/getprofile,103,0,22
1778849893906,90,GetIndividual,200,OK,GetIndividual 1-665,text,true,,3887,3588,2,5,https://api-scuda.uat.oci.krungsri.tech/ic/api/v1/customer/individual/getprofile,90,0,18
1778849893883,120,GetIndividual,200,OK,GetIndividual 1-664,text,true,,3832,3588,1,5,https://api-scuda.uat.oci.krungsri.tech/ic/api/v1/customer/individual/getprofile,120,0,35
1778849893972,41,SearchIndividual,200,OK,SearchIndividual 2-1095,text,true,,621,2613,3,5,https://api-scuda.uat.oci.krungsri.tech/ords/api/v1/customer/individual/searchprofile,40,0,19
1778849893990,50,SearchIndividual,200,OK,SearchIndividual 2-1096,text,true,,621,2620,2,5,https://api-scuda.uat.oci.krungsri.tech/ords/api/v1/customer/individual/searchprofile,50,0,20
1778849894004,43,SearchIndividual,200,OK,SearchIndividual 2-1097,text,true,,621,2601,1,4,https://api-scuda.uat.oci.krungsri.tech/ords/api/v1/customer/individual/searchprofile,42,0,26
1778849894030,26,SearchJoint,200,OK,SearchJoint 10-26,text,true,,621,2627,1,4,https://api-scuda.uat.oci.krungsri.tech/ords/api/v1/customer/joint/searchprofile,25,0,14
1778849893946,117,UpdateIndividual,200,OK,UpdateIndividual 4-439,text,true,,800,4226,2,3,https://api-scuda.uat.oci.krungsri.tech/ic/api/v1/customer/individual/updateprofile,117,0,14
1778849894013,112,UpdateIndividual,200,OK,UpdateIndividual 4-440,text,true,,800,4227,2,6,https://api-scuda.uat.oci.krungsri.tech/ic/api/v1/customer/individual/updateprofile,112,0,20
1778849894052,83,GetIndividual,200,OK,GetIndividual 1-666,text,true,,3827,3588,1,5,https://api-scuda.uat.oci.krungsri.tech/ic/api/v1/customer/individual/getprofile,83,0,12
1778849894113,36,SearchIndividual,200,OK,SearchIndividual 2-1098,text,true,,621,2613,2,6,https://api-scuda.uat.oci.krungsri.tech/ords/api/v1/customer/individual/searchprofile,35,0,22
1778849894148,27,SearchIndividual,200,OK,SearchIndividual 2-1099,text,true,,621,2603,1,6,https://api-scuda.uat.oci.krungsri.tech/ords/api/v1/customer/individual/searchprofile,27,0,16
1778849894087,112,UpdateJoint,200,OK,UpdateJoint 12-26,text,true,,800,3614,1,6,https://api-scuda.uat.oci.krungsri.tech/ic/api/v1/customer/joint/updateprofile,112,0,22
1778849894179,33,SearchIndividual,200,OK,SearchIndividual 2-1100,text,true,,621,2613,1,5,https://api-scuda.uat.oci.krungsri.tech/ords/api/v1/customer/individual/searchprofile,33,0,14
1778849894142,89,GetJoint,200,OK,GetJoint 9-26,text,true,,1431,3530,1,5,https://api-scuda.uat.oci.krungsri.tech/ic/api/v1/customer/joint/getprofile,89,0,18
1778849894120,113,UpdateIndividual,200,OK,UpdateIndividual 4-441,text,true,,800,4227,1,4,https://api-scuda.uat.oci.krungsri.tech/ic/api/v1/customer/individual/updateprofile,113,0,18
1778849894163,98,GetIndividual,200,OK,GetIndividual 1-667,text,true,,3935,3587,2,5,https://api-scuda.uat.oci.krungsri.tech/ic/api/v1/customer/individual/getprofile,98,0,21
1778849894124,144,UpdateJuristic,200,OK,UpdateJuristic 8-26,text,true,,800,4427,1,5,https://api-scuda.uat.oci.krungsri.tech/ic/api/v1/customer/juristic/updateprofile,144,0,14
1778849894270,25,SearchIndividual,200,OK,SearchIndividual 2-1102,text,true,,621,2613,2,5,https://api-scuda.uat.oci.krungsri.tech/ords/api/v1/customer/individual/searchprofile,25,0,14
1778849894265,33,SearchIndividual,200,OK,SearchIndividual 2-1101,text,true,,621,2613,1,4,https://api-scuda.uat.oci.krungsri.tech/ords/api/v1/customer/individual/searchprofile,33,0,22
1778849894230,97,GetIndividual,200,OK,GetIndividual 1-668,text,true,,3813,3588,2,5,https://api-scuda.uat.oci.krungsri.tech/ic/api/v1/customer/individual/getprofile,97,0,19
1778849894242,109,UpdateIndividual,200,OK,UpdateIndividual 4-443,text,true,,798,4225,2,5,https://api-scuda.uat.oci.krungsri.tech/ic/api/v1/customer/individual/updateprofile,109,0,17
1778849894350,28,SearchIndividual,200,OK,SearchIndividual 2-1103,text,true,,621,2620,1,4,https://api-scuda.uat.oci.krungsri.tech/ords/api/v1/customer/individual/searchprofile,28,0,15
1778849894239,152,UpdateIndividual,200,OK,UpdateIndividual 4-442,text,true,,800,5541,1,4,https://api-scuda.uat.oci.krungsri.tech/ic/api/v1/customer/individual/updateprofile,152,0,18
1778849894315,92,GetIndividual,200,OK,GetIndividual 1-669,text,true,,3834,3588,2,5,https://api-scuda.uat.oci.krungsri.tech/ic/api/v1/customer/individual/getprofile,92,0,14
1778849894404,34,SearchIndividual,200,OK,SearchIndividual 2-1104,text,true,,621,2613,4,7,https://api-scuda.uat.oci.krungsri.tech/ords/api/v1/customer/individual/searchprofile,34,0,21
1778849894407,36,SearchIndividual,200,OK,SearchIndividual 2-1105,text,true,,621,2613,3,7,https://api-scuda.uat.oci.krungsri.tech/ords/api/v1/customer/individual/searchprofile,36,0,23
1778849894422,31,SearchIndividual,200,OK,SearchIndividual 2-1106,text,true,,14198,2611,2,6,https://api-scuda.uat.oci.krungsri.tech/ords/api/v1/customer/individual/searchprofile,31,0,18
1778849894433,26,SearchIndividual,200,OK,SearchIndividual 2-1107,text,true,,621,2614,1,5,https://api-scuda.uat.oci.krungsri.tech/ords/api/v1/customer/individual/searchprofile,26,0,14
1778849894381,110,GetIndividual,200,OK,GetIndividual 1-670,text,true,,3887,3587,1,5,https://api-scuda.uat.oci.krungsri.tech/ic/api/v1/customer/individual/getprofile,110,0,23
1778849894472,36,SearchIndividual,200,OK,SearchIndividual 2-1108,text,true,,621,2601,1,4,https://api-scuda.uat.oci.krungsri.tech/ords/api/v1/customer/individual/searchprofile,36,0,23
1778849894511,32,SearchIndividual,200,OK,SearchIndividual 2-1109,text,true,,621,2613,3,6,https://api-scuda.uat.oci.krungsri.tech/ords/api/v1/customer/individual/searchprofile,31,0,20
1778849894511,33,SearchIndividual,200,OK,SearchIndividual 2-1110,text,true,,621,2603,2,5,https://api-scuda.uat.oci.krungsri.tech/ords/api/v1/customer/individual/searchprofile,33,0,22
1778849894523,35,SearchIndividual,200,OK,SearchIndividual 2-1111,text,true,,621,2613,1,5,https://api-scuda.uat.oci.krungsri.tech/ords/api/v1/customer/individual/searchprofile,35,0,25
1778849894404,169,UpdateIndividual,200,OK,UpdateIndividual 4-444,text,true,,800,5579,2,5,https://api-scuda.uat.oci.krungsri.tech/ic/api/v1/customer/individual/updateprofile,169,0,24
1778849894445,131,UpdateIndividual,200,OK,UpdateIndividual 4-445,text,true,,800,4227,1,4,https://api-scuda.uat.oci.krungsri.tech/ic/api/v1/customer/individual/updateprofile,131,0,22
1778849894316,301,CreateIndividual,201,Created,CreateIndividual 3-26,text,true,,1172,7895,1,7,https://api-scuda.uat.oci.krungsri.tech/ic/api/v1/customer/individual/createprofile,301,0,16
1778849894545,93,GetIndividual,200,OK,GetIndividual 1-671,text,true,,3819,3588,6,9,https://api-scuda.uat.oci.krungsri.tech/ic/api/v1/customer/individual/getprofile,93,0,17
1778849894573,98,GetIndividual,200,OK,GetIndividual 1-672,text,true,,3832,3588,6,14,https://api-scuda.uat.oci.krungsri.tech/ic/api/v1/customer/individual/getprofile,98,0,21
1778849894640,37,SearchJuristic,200,OK,SearchJuristic 6-26,text,true,,9488,2612,1,13,https://api-scuda.uat.oci.krungsri.tech/ords/api/v1/customer/juristic/searchprofile,37,0,18
1778849894583,96,GetIndividual,200,OK,GetIndividual 1-673,text,true,,3859,3587,5,13,https://api-scuda.uat.oci.krungsri.tech/ic/api/v1/customer/individual/getprofile,96,0,23
1778849894654,33,SearchIndividual,200,OK,SearchIndividual 2-1112,text,true,,621,2613,3,12,https://api-scuda.uat.oci.krungsri.tech/ords/api/v1/customer/individual/searchprofile,33,0,22
1778849894599,93,GetIndividual,200,OK,GetIndividual 1-674,text,true,,3843,3588,4,11,https://api-scuda.uat.oci.krungsri.tech/ic/api/v1/customer/individual/getprofile,93,0,17
1778849894665,38,SearchIndividual,200,OK,SearchIndividual 2-1114,text,true,,14269,2608,2,11,https://api-scuda.uat.oci.krungsri.tech/ords/api/v1/customer/individual/searchprofile,38,0,25
1778849894660,46,SearchIndividual,200,OK,SearchIndividual 2-1113,text,true,,621,2613,1,10,https://api-scuda.uat.oci.krungsri.tech/ords/api/v1/customer/individual/searchprofile,45,0,30
1778849894594,118,UpdateIndividual,200,OK,UpdateIndividual 4-447,text,true,,800,4229,5,9,https://api-scuda.uat.oci.krungsri.tech/ic/api/v1/customer/individual/updateprofile,118,0,24
1778849894620,102,GetIndividual,200,OK,GetIndividual 1-675,text,true,,3870,3588,3,8,https://api-scuda.uat.oci.krungsri.tech/ic/api/v1/customer/individual/getprofile,102,0,25
1778849894624,100,GetIndividual,200,OK,GetIndividual 1-676,text,true,,3864,3588,2,8,https://api-scuda.uat.oci.krungsri.tech/ic/api/v1/customer/individual/getprofile,100,0,25
1778849894594,136,UpdateIndividual,200,OK,UpdateIndividual 4-446,text,true,,800,4229,4,7,https://api-scuda.uat.oci.krungsri.tech/ic/api/v1/customer/individual/updateprofile,136,0,29
1778849894723,26,SearchIndividual,200,OK,SearchIndividual 2-1115,text,true,,621,2634,1,8,https://api-scuda.uat.oci.krungsri.tech/ords/api/v1/customer/individual/searchprofile,26,0,15
1778849894651,99,GetIndividual,200,OK,GetIndividual 1-677,text,true,,3789,3588,3,7,https://api-scuda.uat.oci.krungsri.tech/ic/api/v1/customer/individual/getprofile,99,0,20
1778849894628,127,UpdateIndividual,200,OK,UpdateIndividual 4-448,text,true,,800,4227,3,6,https://api-scuda.uat.oci.krungsri.tech/ic/api/v1/customer/individual/updateprofile,127,0,25
1778849894647,153,UpdateIndividual,200,OK,UpdateIndividual 4-449,text,true,,800,4228,2,10,https://api-scuda.uat.oci.krungsri.tech/ic/api/v1/customer/individual/updateprofile,153,0,20
1778849894777,37,SearchIndividual,200,OK,SearchIndividual 2-1116,text,true,,621,2613,4,11,https://api-scuda.uat.oci.krungsri.tech/ords/api/v1/customer/individual/searchprofile,36,0,23
1778849894794,30,SearchIndividual,200,OK,SearchIndividual 2-1118,text,true,,621,2609,3,10,https://api-scuda.uat.oci.krungsri.tech/ords/api/v1/customer/individual/searchprofile,30,0,16
1778849894701,128,UpdateIndividual,200,OK,UpdateIndividual 4-450,text,true,,800,4230,2,10,https://api-scuda.uat.oci.krungsri.tech/ic/api/v1/customer/individual/updateprofile,128,0,24
1778849894791,52,SearchIndividual,200,OK,SearchIndividual 2-1117,text,true,,620,2610,2,9,https://api-scuda.uat.oci.krungsri.tech/ords/api/v1/customer/individual/searchprofile,51,0,39
1778849894797,46,SearchIndividual,200,OK,SearchIndividual 2-1119,text,true,,621,2602,1,8,https://api-scuda.uat.oci.krungsri.tech/ords/api/v1/customer/individual/searchprofile,46,0,31
1778849894738,109,GetIndividual,200,OK,GetIndividual 1-678,text,true,,3857,3588,4,8,https://api-scuda.uat.oci.krungsri.tech/ic/api/v1/customer/individual/getprofile,109,0,23
1778849894746,124,GetIndividual,200,OK,GetIndividual 1-679,text,true,,3789,3588,3,9,https://api-scuda.uat.oci.krungsri.tech/ic/api/v1/customer/individual/getprofile,124,0,37
1778849894849,33,SearchIndividual,200,OK,SearchIndividual 2-1120,text,true,,620,2625,2,9,https://api-scuda.uat.oci.krungsri.tech/ords/api/v1/customer/individual/searchprofile,33,0,21
1778849894769,128,GetIndividual,200,OK,GetIndividual 1-680,text,true,,3809,3587,2,11,https://api-scuda.uat.oci.krungsri.tech/ic/api/v1/customer/individual/getprofile,128,0,19
1778849894875,33,SearchIndividual,200,OK,SearchIndividual 2-1121,text,true,,621,2614,2,10,https://api-scuda.uat.oci.krungsri.tech/ords/api/v1/customer/individual/searchprofile,32,0,21
1778849894890,30,SearchIndividual,200,OK,SearchIndividual 2-1122,text,true,,621,2647,1,10,https://api-scuda.uat.oci.krungsri.tech/ords/api/v1/customer/individual/searchprofile,30,0,17
1778849894802,118,GetIndividual,200,OK,GetIndividual 1-681,text,true,,3849,3588,2,10,https://api-scuda.uat.oci.krungsri.tech/ic/api/v1/customer/individual/getprofile,118,0,25
1778849894832,182,UpdateIndividual,200,OK,UpdateIndividual 4-451,text,true,,800,5618,5,12,https://api-scuda.uat.oci.krungsri.tech/ic/api/v1/customer/individual/updateprofile,182,0,27
1778849894854,165,UpdateIndividual,200,OK,UpdateIndividual 4-452,text,true,,800,4227,4,13,https://api-scuda.uat.oci.krungsri.tech/ic/api/v1/customer/individual/updateprofile,165,0,20
1778849894891,134,UpdateIndividual,200,OK,UpdateIndividual 4-453,text,true,,800,4229,3,12,https://api-scuda.uat.oci.krungsri.tech/ic/api/v1/customer/individual/updateprofile,134,0,27
1778849894910,119,GetIndividual,200,OK,GetIndividual 1-682,text,true,,3825,3588,3,11,https://api-scuda.uat.oci.krungsri.tech/ic/api/v1/customer/individual/getprofile,119,0,28
1778849894940,103,GetIndividual,200,OK,GetIndividual 1-683,text,true,,3814,3588,2,11,https://api-scuda.uat.oci.krungsri.tech/ic/api/v1/customer/individual/getprofile,103,0,24
1778849894997,61,SearchIndividual,200,OK,SearchIndividual 2-1123,text,true,,621,2619,3,10,https://api-scuda.uat.oci.krungsri.tech/ords/api/v1/customer/individual/searchprofile,58,0,40
1778849895016,60,SearchIndividual,200,OK,SearchIndividual 2-1124,text,true,,621,2634,2,9,https://api-scuda.uat.oci.krungsri.tech/ords/api/v1/customer/individual/searchprofile,59,0,42
1778849895043,43,SearchIndividual,200,OK,SearchIndividual 2-1125,text,true,,621,2628,1,8,https://api-scuda.uat.oci.krungsri.tech/ords/api/v1/customer/individual/searchprofile,43,0,28
1778849894850,247,UpdateJuristic,200,OK,UpdateJuristic 8-27,text,true,,800,4419,1,8,https://api-scuda.uat.oci.krungsri.tech/ic/api/v1/customer/juristic/updateprofile,247,0,26
1778849895018,107,GetIndividual,200,OK,GetIndividual 1-684,text,true,,3829,3588,3,12,https://api-scuda.uat.oci.krungsri.tech/ic/api/v1/customer/individual/getprofile,107,0,20
1778849895001,149,UpdateIndividual,200,OK,UpdateIndividual 4-454,text,true,,800,4227,5,13,https://api-scuda.uat.oci.krungsri.tech/ic/api/v1/customer/individual/updateprofile,149,0,23
1778849895116,46,SearchIndividual,200,OK,SearchIndividual 2-1126,text,true,,621,2609,3,13,https://api-scuda.uat.oci.krungsri.tech/ords/api/v1/customer/individual/searchprofile,46,0,27
1778849895116,52,SearchIndividual,200,OK,SearchIndividual 2-1127,text,true,,14203,2611,3,13,https://api-scuda.uat.oci.krungsri.tech/ords/api/v1/customer/individual/searchprofile,51,0,26
1778849894681,494,CreateJuristic,201,Created,CreateJuristic 7-26,text,true,,1172,8181,1,12,https://api-scuda.uat.oci.krungsri.tech/ic/api/v1/customer/juristic/createprofile,494,0,18
1778849895130,52,SearchIndividual,200,OK,SearchIndividual 2-1128,text,true,,621,2613,2,11,https://api-scuda.uat.oci.krungsri.tech/ords/api/v1/customer/individual/searchprofile,52,0,35
1778849895018,168,UpdateIndividual,200,OK,UpdateIndividual 4-455,text,true,,800,5589,4,11,https://api-scuda.uat.oci.krungsri.tech/ic/api/v1/customer/individual/updateprofile,168,0,23
1778849895166,24,SearchIndividual,200,OK,SearchIndividual 2-1129,text,true,,621,2610,2,10,https://api-scuda.uat.oci.krungsri.tech/ords/api/v1/customer/individual/searchprofile,24,0,13
1778849894894,298,CreateJoint,200,OK,CreateJoint 11-27,text,true,,1813,5906,2,9,https://api-scuda.uat.oci.krungsri.tech/ic/api/v1/customer/joint/createprofile,298,0,28
1778849895184,29,SearchIndividual,200,OK,SearchIndividual 2-1130,text,true,,621,2605,1,10,https://api-scuda.uat.oci.krungsri.tech/ords/api/v1/customer/individual/searchprofile,29,0,18
1778849895094,129,GetIndividual,200,OK,GetIndividual 1-685,text,true,,3851,3588,5,10,https://api-scuda.uat.oci.krungsri.tech/ic/api/v1/customer/individual/getprofile,129,0,25
1778849895104,166,UpdateIndividual,200,OK,UpdateIndividual 4-456,text,true,,800,5551,5,13,https://api-scuda.uat.oci.krungsri.tech/ic/api/v1/customer/individual/updateprofile,166,0,21
1778849895102,170,GetIndividual,200,OK,GetIndividual 1-686,text,true,,3859,3588,5,13,https://api-scuda.uat.oci.krungsri.tech/ic/api/v1/customer/individual/getprofile,170,0,17
1778849895236,39,SearchIndividual,200,OK,SearchIndividual 2-1131,text,true,,621,2609,2,12,https://api-scuda.uat.oci.krungsri.tech/ords/api/v1/customer/individual/searchprofile,39,0,21
1778849895161,118,GetIndividual,200,OK,GetIndividual 1-687,text,true,,3888,3588,4,11,https://api-scuda.uat.oci.krungsri.tech/ic/api/v1/customer/individual/getprofile,118,0,18
1778849895133,151,UpdateIndividual,200,OK,UpdateIndividual 4-458,text,true,,800,4229,4,11,https://api-scuda.uat.oci.krungsri.tech/ic/api/v1/customer/individual/updateprofile,151,0,19
1778849895264,32,SearchIndividual,200,OK,SearchIndividual 2-1132,text,true,,621,2628,3,11,https://api-scuda.uat.oci.krungsri.tech/ords/api/v1/customer/individual/searchprofile,32,0,20
1778849895126,179,UpdateIndividual,200,OK,UpdateIndividual 4-457,text,true,,800,4229,3,10,https://api-scuda.uat.oci.krungsri.tech/ic/api/v1/customer/individual/updateprofile,179,0,36
1778849895284,26,SearchIndividual,200,OK,SearchIndividual 2-1133,text,true,,14255,2610,2,9,https://api-scuda.uat.oci.krungsri.tech/ords/api/v1/customer/individual/searchprofile,26,0,11
1778849895219,99,GetIndividual,200,OK,GetIndividual 1-689,text,true,,3800,3588,3,9,https://api-scuda.uat.oci.krungsri.tech/ic/api/v1/customer/individual/getprofile,99,0,15
1778849895272,48,SearchJuristic,200,OK,SearchJuristic 6-27,text,true,,621,2630,1,8,https://api-scuda.uat.oci.krungsri.tech/ords/api/v1/customer/juristic/searchprofile,47,0,22
1778849895210,112,GetIndividual,200,OK,GetIndividual 1-688,text,true,,3814,3588,2,7,https://api-scuda.uat.oci.krungsri.tech/ic/api/v1/customer/individual/getprofile,112,0,36
1778849895289,54,SearchIndividual,200,OK,SearchIndividual 2-1134,text,true,,621,2612,2,10,https://api-scuda.uat.oci.krungsri.tech/ords/api/v1/customer/individual/searchprofile,54,0,33
1778849895314,41,SearchIndividual,200,OK,SearchIndividual 2-1135,text,true,,621,2613,1,9,https://api-scuda.uat.oci.krungsri.tech/ords/api/v1/customer/individual/searchprofile,40,0,23
1778849895265,95,GetIndividual,200,OK,GetIndividual 1-690,text,true,,3849,3588,4,9,https://api-scuda.uat.oci.krungsri.tech/ic/api/v1/customer/individual/getprofile,95,0,22
1778849895216,163,UpdateIndividual,200,OK,UpdateIndividual 4-459,text,true,,800,5609,3,9,https://api-scuda.uat.oci.krungsri.tech/ic/api/v1/customer/individual/updateprofile,163,0,19
1778849895269,112,UpdateIndividual,200,OK,UpdateIndividual 4-460,text,true,,800,4227,2,8,https://api-scuda.uat.oci.krungsri.tech/ic/api/v1/customer/individual/updateprofile,112,0,11
1778849895330,83,GetIndividual,200,OK,GetIndividual 1-692,text,true,,3811,3588,6,11,https://api-scuda.uat.oci.krungsri.tech/ic/api/v1/customer/individual/getprofile,83,0,16
1778849895324,90,GetIndividual,200,OK,GetIndividual 1-691,text,true,,3875,3588,5,10,https://api-scuda.uat.oci.krungsri.tech/ic/api/v1/customer/individual/getprofile,90,0,18
1778849895357,63,SearchIndividual,200,OK,SearchIndividual 2-1136,text,true,,621,2635,3,10,https://api-scuda.uat.oci.krungsri.tech/ords/api/v1/customer/individual/searchprofile,63,0,45
1778849895335,95,GetIndividual,200,OK,GetIndividual 1-693,text,true,,3806,3588,4,9,https://api-scuda.uat.oci.krungsri.tech/ic/api/v1/customer/individual/getprofile,95,0,24
1778849894808,632,CreateJoint,200,OK,CreateJoint 11-26,text,true,,1813,6131,1,8,https://api-scuda.uat.oci.krungsri.tech/ic/api/v1/customer/joint/createprofile,632,0,23
1778849895391,61,SearchIndividual,200,OK,SearchIndividual 2-1137,text,true,,1231,2601,2,8,https://api-scuda.uat.oci.krungsri.tech/ords/api/v1/customer/individual/searchprofile,61,0,27
1778849895419,54,SearchIndividual,200,OK,SearchIndividual 2-1138,text,true,,621,2604,1,8,https://api-scuda.uat.oci.krungsri.tech/ords/api/v1/customer/individual/searchprofile,54,0,37
1778849895447,31,SearchJoint,200,OK,SearchJoint 10-27,text,true,,621,2627,1,8,https://api-scuda.uat.oci.krungsri.tech/ords/api/v1/customer/joint/searchprofile,31,0,20
1778849895385,99,GetIndividual,200,OK,GetIndividual 1-694,text,true,,3845,3588,4,8,https://api-scuda.uat.oci.krungsri.tech/ic/api/v1/customer/individual/getprofile,99,0,23
1778849895385,100,GetIndividual,200,OK,GetIndividual 1-695,text,true,,3825,3588,3,7,https://api-scuda.uat.oci.krungsri.tech/ic/api/v1/customer/individual/getprofile,100,0,20
1778849895407,98,GetIndividual,200,OK,GetIndividual 1-696,text,true,,3831,3588,2,8,https://api-scuda.uat.oci.krungsri.tech/ic/api/v1/customer/individual/getprofile,98,0,18
1778849895340,168,UpdateIndividual,200,OK,UpdateIndividual 4-461,text,true,,800,5555,1,7,https://api-scuda.uat.oci.krungsri.tech/ic/api/v1/customer/individual/updateprofile,168,0,20
1778849895491,38,SearchIndividual,200,OK,SearchIndividual 2-1139,text,true,,621,2609,2,8,https://api-scuda.uat.oci.krungsri.tech/ords/api/v1/customer/individual/searchprofile,37,0,19
1778849895498,43,SearchIndividual,200,OK,SearchIndividual 2-1140,text,true,,621,2637,2,8,https://api-scuda.uat.oci.krungsri.tech/ords/api/v1/customer/individual/searchprofile,43,0,29
1778849895533,30,SearchIndividual,200,OK,SearchIndividual 2-1141,text,true,,619,2611,1,8,https://api-scuda.uat.oci.krungsri.tech/ords/api/v1/customer/individual/searchprofile,30,0,18
1778849895480,92,GetIndividual,200,OK,GetIndividual 1-697,text,true,,3801,3588,1,8,https://api-scuda.uat.oci.krungsri.tech/ic/api/v1/customer/individual/getprofile,92,0,18
1778849895574,36,SearchIndividual,200,OK,SearchIndividual 2-1144,text,true,,621,2644,5,12,https://api-scuda.uat.oci.krungsri.tech/ords/api/v1/customer/individual/searchprofile,36,0,19
1778849895574,33,SearchIndividual,200,OK,SearchIndividual 2-1143,text,true,,621,2613,4,11,https://api-scuda.uat.oci.krungsri.tech/ords/api/v1/customer/individual/searchprofile,33,0,18
1778849895570,31,SearchIndividual,200,OK,SearchIndividual 2-1142,text,true,,621,2626,4,11,https://api-scuda.uat.oci.krungsri.tech/ords/api/v1/customer/individual/searchprofile,31,0,20
1778849895594,32,SearchIndividual,200,OK,SearchIndividual 2-1145,text,true,,14065,2604,3,11,https://api-scuda.uat.oci.krungsri.tech/ords/api/v1/customer/individual/searchprofile,32,0,19
1778849895609,34,SearchIndividual,200,OK,SearchIndividual 2-1146,text,true,,621,2626,3,11,https://api-scuda.uat.oci.krungsri.tech/ords/api/v1/customer/individual/searchprofile,34,0,18
1778849895621,28,SearchIndividual,200,OK,SearchIndividual 2-1147,text,true,,621,2638,2,10,https://api-scuda.uat.oci.krungsri.tech/ords/api/v1/customer/individual/searchprofile,28,0,16
1778849895628,31,SearchIndividual,200,OK,SearchIndividual 2-1148,text,true,,621,2603,2,10,https://api-scuda.uat.oci.krungsri.tech/ords/api/v1/customer/individual/searchprofile,31,0,20
1778849895548,113,UpdateIndividual,200,OK,UpdateIndividual 4-463,text,true,,799,4226,2,9,https://api-scuda.uat.oci.krungsri.tech/ic/api/v1/customer/individual/updateprofile,113,0,17
1778849895462,215,GetJuristic,200,OK,GetJuristic 5-27,text,true,,3480,3533,1,9,https://api-scuda.uat.oci.krungsri.tech/ic/api/v1/customer/juristic/getprofile,215,0,20
1778849895658,24,SearchIndividual,200,OK,SearchIndividual 2-1149,text,true,,621,2612,1,8,https://api-scuda.uat.oci.krungsri.tech/ords/api/v1/customer/individual/searchprofile,24,0,12
1778849895583,101,GetIndividual,200,OK,GetIndividual 1-698,text,true,,3800,3588,2,8,https://api-scuda.uat.oci.krungsri.tech/ic/api/v1/customer/individual/getprofile,101,0,19
1778849895621,96,GetIndividual,200,OK,GetIndividual 1-699,text,true,,3840,3588,2,8,https://api-scuda.uat.oci.krungsri.tech/ic/api/v1/customer/individual/getprofile,96,0,19
1778849895522,201,UpdateIndividual,200,OK,UpdateIndividual 4-462,text,true,,1745,5492,2,8,https://api-scuda.uat.oci.krungsri.tech/ic/api/v1/customer/individual/updateprofile,201,0,25
1778849895519,211,GetJoint,200,OK,GetJoint 9-27,text,true,,1429,3530,1,7,https://api-scuda.uat.oci.krungsri.tech/ic/api/v1/customer/joint/getprofile,211,0,20
1778849895719,31,SearchIndividual,200,OK,SearchIndividual 2-1150,text,true,,621,2601,2,7,https://api-scuda.uat.oci.krungsri.tech/ords/api/v1/customer/individual/searchprofile,31,0,21
1778849895738,35,SearchIndividual,200,OK,SearchIndividual 2-1151,text,true,,621,2613,2,7,https://api-scuda.uat.oci.krungsri.tech/ords/api/v1/customer/individual/searchprofile,34,0,23
1778849895668,118,UpdateIndividual,200,OK,UpdateIndividual 4-464,text,true,,800,4229,1,7,https://api-scuda.uat.oci.krungsri.tech/ic/api/v1/customer/individual/updateprofile,118,0,21
1778849895760,28,SearchIndividual,200,OK,SearchIndividual 2-1152,text,true,,621,2613,2,6,https://api-scuda.uat.oci.krungsri.tech/ords/api/v1/customer/individual/searchprofile,28,0,17
1778849895710,94,GetIndividual,200,OK,GetIndividual 1-700,text,true,,3835,3588,1,5,https://api-scuda.uat.oci.krungsri.tech/ic/api/v1/customer/individual/getprofile,94,0,18
1778849895779,27,SearchIndividual,200,OK,SearchIndividual 2-1153,text,true,,621,2613,1,4,https://api-scuda.uat.oci.krungsri.tech/ords/api/v1/customer/individual/searchprofile,26,0,14
1778849895831,46,SearchIndividual,200,OK,SearchIndividual 2-1154,text,true,,621,2613,4,10,https://api-scuda.uat.oci.krungsri.tech/ords/api/v1/customer/individual/searchprofile,46,0,24
1778849895850,34,SearchIndividual,200,OK,SearchIndividual 2-1155,text,true,,621,2614,3,10,https://api-scuda.uat.oci.krungsri.tech/ords/api/v1/customer/individual/searchprofile,34,0,22
1778849895861,34,SearchIndividual,200,OK,SearchIndividual 2-1156,text,true,,620,2612,2,11,https://api-scuda.uat.oci.krungsri.tech/ords/api/v1/customer/individual/searchprofile,34,0,21
1778849895811,86,GetIndividual,200,OK,GetIndividual 1-701,text,true,,3845,3588,6,10,https://api-scuda.uat.oci.krungsri.tech/ic/api/v1/customer/individual/getprofile,86,0,11
1778849895873,26,SearchIndividual,200,OK,SearchIndividual 2-1157,text,true,,621,2625,1,9,https://api-scuda.uat.oci.krungsri.tech/ords/api/v1/customer/individual/searchprofile,25,0,14
1778849895811,96,GetIndividual,200,OK,GetIndividual 1-702,text,true,,3837,3588,6,9,https://api-scuda.uat.oci.krungsri.tech/ic/api/v1/customer/individual/getprofile,96,0,20
1778849895914,26,SearchIndividual,200,OK,SearchIndividual 2-1158,text,true,,621,2609,2,11,https://api-scuda.uat.oci.krungsri.tech/ords/api/v1/customer/individual/searchprofile,26,0,15
1778849895872,94,GetIndividual,200,OK,GetIndividual 1-703,text,true,,3893,3588,6,15,https://api-scuda.uat.oci.krungsri.tech/ic/api/v1/customer/individual/getprofile,94,0,24
1778849895879,94,GetIndividual,200,OK,GetIndividual 1-704,text,true,,3851,3588,5,14,https://api-scuda.uat.oci.krungsri.tech/ic/api/v1/customer/individual/getprofile,94,0,14
1778849895478,496,CreateIndividual,200,OK,CreateIndividual 3-27,text,true,,2100,8637,1,14,https://api-scuda.uat.oci.krungsri.tech/ic/api/v1/customer/individual/createprofile,496,0,20
1778849895937,42,SearchIndividual,200,OK,SearchIndividual 2-1159,text,true,,621,2641,4,12,https://api-scuda.uat.oci.krungsri.tech/ords/api/v1/customer/individual/searchprofile,42,0,29
1778849895957,24,SearchIndividual,200,OK,SearchIndividual 2-1161,text,true,,621,2613,3,11,https://api-scuda.uat.oci.krungsri.tech/ords/api/v1/customer/individual/searchprofile,23,0,13
1778849895952,31,SearchIndividual,200,OK,SearchIndividual 2-1160,text,true,,621,2614,2,10,https://api-scuda.uat.oci.krungsri.tech/ords/api/v1/customer/individual/searchprofile,31,0,19
1778849895383,603,CreateJuristic,201,Created,CreateJuristic 7-27,text,true,,1172,8338,1,9,https://api-scuda.uat.oci.krungsri.tech/ic/api/v1/customer/juristic/createprofile,603,0,22
1778849895900,91,GetIndividual,200,OK,GetIndividual 1-707,text,true,,3887,3588,4,8,https://api-scuda.uat.oci.krungsri.tech/ic/api/v1/customer/individual/getprofile,91,0,18
1778849895960,34,SearchIndividual,200,OK,SearchIndividual 2-1162,text,true,,621,2613,1,7,https://api-scuda.uat.oci.krungsri.tech/ords/api/v1/customer/individual/searchprofile,34,0,18
1778849895889,106,GetIndividual,200,OK,GetIndividual 1-705,text,true,,3857,3588,3,6,https://api-scuda.uat.oci.krungsri.tech/ic/api/v1/customer/individual/getprofile,106,0,25
1778849895687,310,UpdateJoint,200,OK,UpdateJoint 12-27,text,true,,800,4551,1,5,https://api-scuda.uat.oci.krungsri.tech/ic/api/v1/customer/joint/updateprofile,310,0,20
1778849895891,107,GetIndividual,200,OK,GetIndividual 1-706,text,true,,3854,3588,2,4,https://api-scuda.uat.oci.krungsri.tech/ic/api/v1/customer/individual/getprofile,107,0,13
1778849896023,30,SearchIndividual,200,OK,SearchIndividual 2-1163,text,true,,620,2612,2,9,https://api-scuda.uat.oci.krungsri.tech/ords/api/v1/customer/individual/searchprofile,29,0,16
1778849895959,99,GetIndividual,200,OK,GetIndividual 1-708,text,true,,3843,3588,3,9,https://api-scuda.uat.oci.krungsri.tech/ic/api/v1/customer/individual/getprofile,99,0,16
1778849895952,119,UpdateIndividual,200,OK,UpdateIndividual 4-466,text,true,,800,4228,5,8,https://api-scuda.uat.oci.krungsri.tech/ic/api/v1/customer/individual/updateprofile,119,0,22
1778849895926,145,UpdateIndividual,200,OK,UpdateIndividual 4-465,text,true,,800,4226,5,8,https://api-scuda.uat.oci.krungsri.tech/ic/api/v1/customer/individual/updateprofile,145,0,29
1778849896048,33,SearchIndividual,200,OK,SearchIndividual 2-1164,text,true,,621,2600,1,7,https://api-scuda.uat.oci.krungsri.tech/ords/api/v1/customer/individual/searchprofile,32,0,21
1778849896096,24,SearchIndividual,200,OK,SearchIndividual 2-1165,text,true,,621,2602,1,7,https://api-scuda.uat.oci.krungsri.tech/ords/api/v1/customer/individual/searchprofile,24,0,13
1778849896014,117,GetIndividual,200,OK,GetIndividual 1-709,text,true,,3852,3588,3,8,https://api-scuda.uat.oci.krungsri.tech/ic/api/v1/customer/individual/getprofile,117,0,26
1778849896031,108,GetIndividual,200,OK,GetIndividual 1-710,text,true,,3806,3588,2,7,https://api-scuda.uat.oci.krungsri.tech/ic/api/v1/customer/individual/getprofile,108,0,20
1778849896032,118,UpdateIndividual,200,OK,UpdateIndividual 4-468,text,true,,799,4227,3,6,https://api-scuda.uat.oci.krungsri.tech/ic/api/v1/customer/individual/updateprofile,118,0,16
1778849896127,35,SearchIndividual,200,OK,SearchIndividual 2-1166,text,true,,619,2611,2,6,https://api-scuda.uat.oci.krungsri.tech/ords/api/v1/customer/individual/searchprofile,35,0,24
1778849896153,34,SearchIndividual,200,OK,SearchIndividual 2-1167,text,true,,13894,2603,1,5,https://api-scuda.uat.oci.krungsri.tech/ords/api/v1/customer/individual/searchprofile,34,0,16
1778849896061,152,UpdateIndividual,200,OK,UpdateIndividual 4-469,text,true,,800,5581,3,7,https://api-scuda.uat.oci.krungsri.tech/ic/api/v1/customer/individual/updateprofile,152,0,20
1778849896079,148,UpdateJoint,200,OK,UpdateJoint 12-28,text,true,,800,4600,1,8,https://api-scuda.uat.oci.krungsri.tech/ic/api/v1/customer/joint/updateprofile,148,0,22
1778849896127,100,GetIndividual,200,OK,GetIndividual 1-711,text,true,,3893,3586,2,8,https://api-scuda.uat.oci.krungsri.tech/ic/api/v1/customer/individual/getprofile,100,0,29
1778849896032,197,UpdateIndividual,200,OK,UpdateIndividual 4-467,text,true,,799,5591,2,6,https://api-scuda.uat.oci.krungsri.tech/ic/api/v1/customer/individual/updateprofile,197,0,19
1778849896202,32,SearchIndividual,200,OK,SearchIndividual 2-1168,text,true,,621,2640,3,5,https://api-scuda.uat.oci.krungsri.tech/ords/api/v1/customer/individual/searchprofile,32,0,18
1778849896202,33,SearchIndividual,200,OK,SearchIndividual 2-1169,text,true,,14316,2604,2,4,https://api-scuda.uat.oci.krungsri.tech/ords/api/v1/customer/individual/searchprofile,33,0,18
1778849896222,29,SearchIndividual,200,OK,SearchIndividual 2-1170,text,true,,13856,2604,1,4,https://api-scuda.uat.oci.krungsri.tech/ords/api/v1/customer/individual/searchprofile,29,0,16
1778849896257,31,SearchIndividual,200,OK,SearchIndividual 2-1171,text,true,,621,2601,1,6,https://api-scuda.uat.oci.krungsri.tech/ords/api/v1/customer/individual/searchprofile,31,0,20
1778849896289,26,SearchIndividual,200,OK,SearchIndividual 2-1172,text,true,,621,2613,3,9,https://api-scuda.uat.oci.krungsri.tech/ords/api/v1/customer/individual/searchprofile,26,0,15
1778849896225,94,GetIndividual,200,OK,GetIndividual 1-712,text,true,,3797,3588,2,8,https://api-scuda.uat.oci.krungsri.tech/ic/api/v1/customer/individual/getprofile,94,0,20
1778849896207,114,UpdateIndividual,200,OK,UpdateIndividual 4-470,text,true,,800,4228,4,7,https://api-scuda.uat.oci.krungsri.tech/ic/api/v1/customer/individual/updateprofile,114,0,15
1778849896293,34,SearchIndividual,200,OK,SearchIndividual 2-1173,text,true,,14004,2604,2,6,https://api-scuda.uat.oci.krungsri.tech/ords/api/v1/customer/individual/searchprofile,34,0,20
1778849896311,25,SearchIndividual,200,OK,SearchIndividual 2-1174,text,true,,621,2641,2,7,https://api-scuda.uat.oci.krungsri.tech/ords/api/v1/customer/individual/searchprofile,25,0,15
1778849896242,98,GetIndividual,200,OK,GetIndividual 1-713,text,true,,3829,3588,2,7,https://api-scuda.uat.oci.krungsri.tech/ic/api/v1/customer/individual/getprofile,98,0,25
1778849896331,20,SearchIndividual,200,OK,SearchIndividual 2-1175,text,true,,621,2611,2,7,https://api-scuda.uat.oci.krungsri.tech/ords/api/v1/customer/individual/searchprofile,20,0,9
1778849896348,32,SearchIndividual,200,OK,SearchIndividual 2-1176,text,true,,621,2609,2,11,https://api-scuda.uat.oci.krungsri.tech/ords/api/v1/customer/individual/searchprofile,32,0,21
1778849896363,30,SearchIndividual,200,OK,SearchIndividual 2-1177,text,true,,1139,2600,2,12,https://api-scuda.uat.oci.krungsri.tech/ords/api/v1/customer/individual/searchprofile,30,0,16
1778849896286,117,UpdateIndividual,200,OK,UpdateIndividual 4-472,text,true,,800,4227,6,11,https://api-scuda.uat.oci.krungsri.tech/ic/api/v1/customer/individual/updateprofile,117,0,19
1778849896384,31,SearchIndividual,200,OK,SearchIndividual 2-1178,text,true,,621,2623,2,11,https://api-scuda.uat.oci.krungsri.tech/ords/api/v1/customer/individual/searchprofile,31,0,20
1778849896264,162,UpdateIndividual,200,OK,UpdateIndividual 4-471,text,true,,800,5643,5,11,https://api-scuda.uat.oci.krungsri.tech/ic/api/v1/customer/individual/updateprofile,162,0,18
1778849896337,89,GetIndividual,200,OK,GetIndividual 1-714,text,true,,3813,3588,4,11,https://api-scuda.uat.oci.krungsri.tech/ic/api/v1/customer/individual/getprofile,89,0,18
1778849896412,29,SearchIndividual,200,OK,SearchIndividual 2-1179,text,true,,621,2603,3,10,https://api-scuda.uat.oci.krungsri.tech/ords/api/v1/customer/individual/searchprofile,28,0,18
1778849896299,151,UpdateIndividual,200,OK,UpdateIndividual 4-473,text,true,,800,5555,4,9,https://api-scuda.uat.oci.krungsri.tech/ic/api/v1/customer/individual/updateprofile,151,0,18
1778849896422,32,SearchIndividual,200,OK,SearchIndividual 2-1180,text,true,,620,2602,2,9,https://api-scuda.uat.oci.krungsri.tech/ords/api/v1/customer/individual/searchprofile,31,0,21
1778849896369,86,GetIndividual,200,OK,GetIndividual 1-715,text,true,,3904,3588,3,8,https://api-scuda.uat.oci.krungsri.tech/ic/api/v1/customer/individual/getprofile,86,0,19
1778849896441,28,SearchIndividual,200,OK,SearchIndividual 2-1181,text,true,,621,2604,1,7,https://api-scuda.uat.oci.krungsri.tech/ords/api/v1/customer/individual/searchprofile,28,0,18
1778849896377,92,GetIndividual,200,OK,GetIndividual 1-716,text,true,,3858,3588,2,7,https://api-scuda.uat.oci.krungsri.tech/ic/api/v1/customer/individual/getprofile,92,0,18
1778849896392,91,GetIndividual,200,OK,GetIndividual 1-717,text,true,,3819,3588,1,7,https://api-scuda.uat.oci.krungsri.tech/ic/api/v1/customer/individual/getprofile,91,0,19
1778849896383,108,UpdateIndividual,200,OK,UpdateIndividual 4-476,text,true,,799,4226,4,7,https://api-scuda.uat.oci.krungsri.tech/ic/api/v1/customer/individual/updateprofile,108,0,13
1778849896343,157,UpdateIndividual,200,OK,UpdateIndividual 4-474,text,true,,799,5557,3,7,https://api-scuda.uat.oci.krungsri.tech/ic/api/v1/customer/individual/updateprofile,157,0,15
1778849896483,33,SearchIndividual,200,OK,SearchIndividual 2-1182,text,true,,619,2612,4,10,https://api-scuda.uat.oci.krungsri.tech/ords/api/v1/customer/individual/searchprofile,33,0,22
1778849896489,30,SearchIndividual,200,OK,SearchIndividual 2-1183,text,true,,621,2603,3,11,https://api-scuda.uat.oci.krungsri.tech/ords/api/v1/customer/individual/searchprofile,30,0,19
1778849896373,148,UpdateIndividual,200,OK,UpdateIndividual 4-475,text,true,,800,5615,2,11,https://api-scuda.uat.oci.krungsri.tech/ic/api/v1/customer/individual/updateprofile,148,0,16
1778849896506,34,SearchIndividual,200,OK,SearchIndividual 2-1184,text,true,,621,2610,2,11,https://api-scuda.uat.oci.krungsri.tech/ords/api/v1/customer/individual/searchprofile,34,0,19
1778849896518,23,SearchJoint,200,OK,SearchJoint 10-28,text,true,,621,2627,1,10,https://api-scuda.uat.oci.krungsri.tech/ords/api/v1/customer/joint/searchprofile,23,0,13
1778849896455,91,GetJoint,200,OK,GetJoint 9-28,text,true,,1429,3530,1,9,https://api-scuda.uat.oci.krungsri.tech/ic/api/v1/customer/joint/getprofile,91,0,20
1778849896510,38,SearchIndividual,200,OK,SearchIndividual 2-1185,text,true,,621,2613,1,8,https://api-scuda.uat.oci.krungsri.tech/ords/api/v1/customer/individual/searchprofile,35,0,22
1778849896497,93,GetIndividual,200,OK,GetIndividual 1-718,text,true,,3815,3588,5,9,https://api-scuda.uat.oci.krungsri.tech/ic/api/v1/customer/individual/getprofile,93,0,24
1778849896517,87,GetIndividual,200,OK,GetIndividual 1-719,text,true,,3876,3587,6,11,https://api-scuda.uat.oci.krungsri.tech/ic/api/v1/customer/individual/getprofile,87,0,19
1778849896521,90,GetIndividual,200,OK,GetIndividual 1-721,text,true,,3802,3588,5,10,https://api-scuda.uat.oci.krungsri.tech/ic/api/v1/customer/individual/getprofile,90,0,23
1778849896517,93,GetIndividual,200,OK,GetIndividual 1-720,text,true,,3829,3587,5,10,https://api-scuda.uat.oci.krungsri.tech/ic/api/v1/customer/individual/getprofile,93,0,21
1778849896478,128,UpdateIndividual,200,OK,UpdateIndividual 4-477,text,true,,800,4230,1,10,https://api-scuda.uat.oci.krungsri.tech/ic/api/v1/customer/individual/updateprofile,128,0,23
1778849896612,27,SearchIndividual,200,OK,SearchIndividual 2-1187,text,true,,621,2613,3,10,https://api-scuda.uat.oci.krungsri.tech/ords/api/v1/customer/individual/searchprofile,27,0,16
1778849896593,59,SearchIndividual,200,OK,SearchIndividual 2-1186,text,true,,621,2613,3,10,https://api-scuda.uat.oci.krungsri.tech/ords/api/v1/customer/individual/searchprofile,58,0,41
1778849896629,32,SearchIndividual,200,OK,SearchIndividual 2-1188,text,true,,621,2614,2,9,https://api-scuda.uat.oci.krungsri.tech/ords/api/v1/customer/individual/searchprofile,31,0,18
1778849896573,103,GetIndividual,200,OK,GetIndividual 1-722,text,true,,3796,3588,3,8,https://api-scuda.uat.oci.krungsri.tech/ic/api/v1/customer/individual/getprofile,103,0,30
1778849896652,28,SearchIndividual,200,OK,SearchIndividual 2-1189,text,true,,13883,2604,1,8,https://api-scuda.uat.oci.krungsri.tech/ords/api/v1/customer/individual/searchprofile,28,0,15
1778849896592,90,GetIndividual,200,OK,GetIndividual 1-723,text,true,,3888,3588,2,7,https://api-scuda.uat.oci.krungsri.tech/ic/api/v1/customer/individual/getprofile,90,0,20
1778849896597,95,GetIndividual,200,OK,GetIndividual 1-724,text,true,,3825,3588,1,6,https://api-scuda.uat.oci.krungsri.tech/ic/api/v1/customer/individual/getprofile,95,0,21
1778849896681,36,SearchJuristic,200,OK,SearchJuristic 6-28,text,true,,621,2611,1,6,https://api-scuda.uat.oci.krungsri.tech/ords/api/v1/customer/juristic/searchprofile,36,0,16
1778849896633,101,UpdateIndividual,200,OK,UpdateIndividual 4-478,text,true,,800,4227,2,6,https://api-scuda.uat.oci.krungsri.tech/ic/api/v1/customer/individual/updateprofile,101,0,12
1778849896733,29,SearchIndividual,200,OK,SearchIndividual 2-1190,text,true,,621,2609,1,5,https://api-scuda.uat.oci.krungsri.tech/ords/api/v1/customer/individual/searchprofile,28,0,17
1778849896517,305,GetJuristic,200,OK,GetJuristic 5-28,text,true,,3476,3532,1,11,https://api-scuda.uat.oci.krungsri.tech/ic/api/v1/customer/juristic/getprofile,305,0,20
1778849896803,31,SearchIndividual,200,OK,SearchIndividual 2-1191,text,true,,620,2600,2,11,https://api-scuda.uat.oci.krungsri.tech/ords/api/v1/customer/individual/searchprofile,31,0,15
1778849896719,116,UpdateIndividual,200,OK,UpdateIndividual 4-479,text,true,,799,4227,3,10,https://api-scuda.uat.oci.krungsri.tech/ic/api/v1/customer/individual/updateprofile,116,0,20
1778849896813,33,SearchIndividual,200,OK,SearchIndividual 2-1192,text,true,,621,2613,2,10,https://api-scuda.uat.oci.krungsri.tech/ords/api/v1/customer/individual/searchprofile,33,0,23
1778849896794,85,GetIndividual,200,OK,GetIndividual 1-725,text,true,,3845,3588,2,9,https://api-scuda.uat.oci.krungsri.tech/ic/api/v1/customer/individual/getprofile,85,0,20
1778849896847,37,SearchIndividual,200,OK,SearchIndividual 2-1193,text,true,,621,2647,1,8,https://api-scuda.uat.oci.krungsri.tech/ords/api/v1/customer/individual/searchprofile,37,0,21
1778849896530,356,CreateJuristic,201,Created,CreateJuristic 7-28,text,true,,1172,7579,1,7,https://api-scuda.uat.oci.krungsri.tech/ic/api/v1/customer/juristic/createprofile,356,0,23
1778849896795,123,GetIndividual,200,OK,GetIndividual 1-726,text,true,,3778,3588,2,10,https://api-scuda.uat.oci.krungsri.tech/ic/api/v1/customer/individual/getprofile,123,0,35
1778849896889,30,SearchIndividual,200,OK,SearchIndividual 2-1194,text,true,,621,2613,2,9,https://api-scuda.uat.oci.krungsri.tech/ords/api/v1/customer/individual/searchprofile,30,0,18
1778849896788,142,UpdateIndividual,200,OK,UpdateIndividual 4-480,text,true,,800,4230,3,9,https://api-scuda.uat.oci.krungsri.tech/ic/api/v1/customer/individual/updateprofile,142,0,16
1778849896892,42,SearchIndividual,200,OK,SearchIndividual 2-1195,text,true,,621,2613,1,8,https://api-scuda.uat.oci.krungsri.tech/ords/api/v1/customer/individual/searchprofile,42,0,29
1778849896564,376,CreateJoint,200,OK,CreateJoint 11-28,text,true,,1813,6038,1,7,https://api-scuda.uat.oci.krungsri.tech/ic/api/v1/customer/joint/createprofile,376,0,18
1778849896959,35,SearchJuristic,200,OK,SearchJuristic 6-29,text,true,,621,2630,1,11,https://api-scuda.uat.oci.krungsri.tech/ords/api/v1/customer/juristic/searchprofile,35,0,18
1778849896976,31,SearchIndividual,200,OK,SearchIndividual 2-1196,text,true,,14075,2604,2,13,https://api-scuda.uat.oci.krungsri.tech/ords/api/v1/customer/individual/searchprofile,31,0,18
1778849896791,224,UpdateJuristic,200,OK,UpdateJuristic 8-28,text,true,,800,5862,1,15,https://api-scuda.uat.oci.krungsri.tech/ic/api/v1/customer/juristic/updateprofile,224,0,20
1778849896839,177,UpdateIndividual,200,OK,UpdateIndividual 4-481,text,true,,800,4226,3,15,https://api-scuda.uat.oci.krungsri.tech/ic/api/v1/customer/individual/updateprofile,177,0,20
1778849896923,93,GetIndividual,200,OK,GetIndividual 1-728,text,true,,3873,3587,6,13,https://api-scuda.uat.oci.krungsri.tech/ic/api/v1/customer/individual/getprofile,93,0,22
1778849897002,28,SearchIndividual,200,OK,SearchIndividual 2-1197,text,true,,13103,2610,4,13,https://api-scuda.uat.oci.krungsri.tech/ords/api/v1/customer/individual/searchprofile,28,0,16
1778849897014,37,SearchIndividual,200,OK,SearchIndividual 2-1199,text,true,,621,2613,5,16,https://api-scuda.uat.oci.krungsri.tech/ords/api/v1/customer/individual/searchprofile,37,0,26
1778849897011,42,SearchIndividual,200,OK,SearchIndividual 2-1198,text,true,,621,2613,4,15,https://api-scuda.uat.oci.krungsri.tech/ords/api/v1/customer/individual/searchprofile,42,0,28
1778849897035,31,SearchIndividual,200,OK,SearchIndividual 2-1201,text,true,,621,2606,3,14,https://api-scuda.uat.oci.krungsri.tech/ords/api/v1/customer/individual/searchprofile,30,0,21
1778849897023,43,SearchIndividual,200,OK,SearchIndividual 2-1200,text,true,,14417,2606,3,14,https://api-scuda.uat.oci.krungsri.tech/ords/api/v1/customer/individual/searchprofile,43,0,19
1778849897037,33,SearchIndividual,200,OK,SearchIndividual 2-1202,text,true,,621,2643,1,13,https://api-scuda.uat.oci.krungsri.tech/ords/api/v1/customer/individual/searchprofile,33,0,19
1778849896910,187,GetIndividual,200,OK,GetIndividual 1-727,text,true,,3824,3588,8,16,https://api-scuda.uat.oci.krungsri.tech/ic/api/v1/customer/individual/getprofile,187,0,14
1778849897009,106,UpdateIndividual,200,OK,UpdateIndividual 4-483,text,true,,800,4229,4,16,https://api-scuda.uat.oci.krungsri.tech/ic/api/v1/customer/individual/updateprofile,106,0,17
1778849897006,128,GetIndividual,200,OK,GetIndividual 1-731,text,true,,3834,3588,8,17,https://api-scuda.uat.oci.krungsri.tech/ic/api/v1/customer/individual/getprofile,128,0,42
1778849897094,35,SearchIndividual,200,OK,SearchIndividual 2-1203,text,true,,621,2613,2,16,https://api-scuda.uat.oci.krungsri.tech/ords/api/v1/customer/individual/searchprofile,34,0,22
1778849896956,165,GetIndividual,200,OK,GetIndividual 1-729,text,true,,3802,3588,7,15,https://api-scuda.uat.oci.krungsri.tech/ic/api/v1/customer/individual/getprofile,165,0,24
1778849896963,165,GetIndividual,200,OK,GetIndividual 1-730,text,true,,3863,3588,8,16,https://api-scuda.uat.oci.krungsri.tech/ic/api/v1/customer/individual/getprofile,165,0,23
1778849897011,107,GetIndividual,200,OK,GetIndividual 1-732,text,true,,3835,3588,7,15,https://api-scuda.uat.oci.krungsri.tech/ic/api/v1/customer/individual/getprofile,107,0,26
1778849897102,57,SearchIndividual,200,OK,SearchIndividual 2-1204,text,true,,621,2611,2,12,https://api-scuda.uat.oci.krungsri.tech/ords/api/v1/customer/individual/searchprofile,56,0,39
1778849897085,83,GetIndividual,200,OK,GetIndividual 1-735,text,true,,3840,3588,5,12,https://api-scuda.uat.oci.krungsri.tech/ic/api/v1/customer/individual/getprofile,83,0,15
1778849897130,40,SearchIndividual,200,OK,SearchIndividual 2-1205,text,true,,621,2613,1,12,https://api-scuda.uat.oci.krungsri.tech/ords/api/v1/customer/individual/searchprofile,39,0,25
1778849896913,282,UpdateIndividual,200,OK,UpdateIndividual 4-482,text,true,,800,5659,4,12,https://api-scuda.uat.oci.krungsri.tech/ic/api/v1/customer/individual/updateprofile,282,0,21
1778849897067,138,GetIndividual,200,OK,GetIndividual 1-733,text,true,,3860,3588,5,13,https://api-scuda.uat.oci.krungsri.tech/ic/api/v1/customer/individual/getprofile,138,0,19
1778849897080,126,GetIndividual,200,OK,GetIndividual 1-734,text,true,,3853,3588,4,12,https://api-scuda.uat.oci.krungsri.tech/ic/api/v1/customer/individual/getprofile,126,0,24
1778849897127,90,GetIndividual,200,OK,GetIndividual 1-736,text,true,,3814,3588,3,12,https://api-scuda.uat.oci.krungsri.tech/ic/api/v1/customer/individual/getprofile,90,0,19
1778849896782,453,CreateIndividual,201,Created,CreateIndividual 3-28,text,true,,1172,8398,2,12,https://api-scuda.uat.oci.krungsri.tech/ic/api/v1/customer/individual/createprofile,453,0,38
1778849897227,24,SearchIndividual,200,OK,SearchIndividual 2-1207,text,true,,621,2601,3,13,https://api-scuda.uat.oci.krungsri.tech/ords/api/v1/customer/individual/searchprofile,24,0,12
1778849897237,23,SearchIndividual,200,OK,SearchIndividual 2-1208,text,true,,621,2613,2,12,https://api-scuda.uat.oci.krungsri.tech/ords/api/v1/customer/individual/searchprofile,23,0,12
1778849897208,59,SearchIndividual,200,OK,SearchIndividual 2-1206,text,true,,621,2601,1,11,https://api-scuda.uat.oci.krungsri.tech/ords/api/v1/customer/individual/searchprofile,59,0,40
1778849897052,219,UpdateIndividual,200,OK,UpdateIndividual 4-484,text,true,,800,5589,5,11,https://api-scuda.uat.oci.krungsri.tech/ic/api/v1/customer/individual/updateprofile,219,0,18
1778849897097,199,UpdateIndividual,200,OK,UpdateIndividual 4-485,text,true,,800,5626,4,13,https://api-scuda.uat.oci.krungsri.tech/ic/api/v1/customer/individual/updateprofile,199,0,44
1778849897167,138,GetIndividual,200,OK,GetIndividual 1-737,text,true,,3870,3588,5,14,https://api-scuda.uat.oci.krungsri.tech/ic/api/v1/customer/individual/getprofile,138,0,18
1778849897300,28,SearchIndividual,200,OK,SearchIndividual 2-1209,text,true,,621,2605,2,16,https://api-scuda.uat.oci.krungsri.tech/ords/api/v1/customer/individual/searchprofile,27,0,17
1778849897201,128,GetIndividual,200,OK,GetIndividual 1-738,text,true,,3804,3588,5,15,https://api-scuda.uat.oci.krungsri.tech/ic/api/v1/customer/individual/getprofile,128,0,22
1778849897053,285,CreateJoint,200,OK,CreateJoint 11-29,text,true,,1813,6103,1,16,https://api-scuda.uat.oci.krungsri.tech/ic/api/v1/customer/joint/createprofile,285,0,18
1778849896977,361,CreateIndividual,201,Created,CreateIndividual 3-29,text,true,,1172,8402,1,16,https://api-scuda.uat.oci.krungsri.tech/ic/api/v1/customer/individual/createprofile,361,0,18
1778849897313,30,SearchIndividual,200,OK,SearchIndividual 2-1210,text,true,,14192,2604,2,15,https://api-scuda.uat.oci.krungsri.tech/ords/api/v1/customer/individual/searchprofile,30,0,18
1778849897182,169,UpdateJoint,200,OK,UpdateJoint 12-29,text,true,,800,4531,1,15,https://api-scuda.uat.oci.krungsri.tech/ic/api/v1/customer/joint/updateprofile,169,0,23
1778849897172,186,UpdateIndividual,200,OK,UpdateIndividual 4-486,text,true,,800,4231,5,15,https://api-scuda.uat.oci.krungsri.tech/ic/api/v1/customer/individual/updateprofile,186,0,22
1778849897243,129,UpdateIndividual,200,OK,UpdateIndividual 4-488,text,true,,800,4229,4,16,https://api-scuda.uat.oci.krungsri.tech/ic/api/v1/customer/individual/updateprofile,129,0,25
1778849897330,43,SearchIndividual,200,OK,SearchIndividual 2-1211,text,true,,621,2614,3,15,https://api-scuda.uat.oci.krungsri.tech/ords/api/v1/customer/individual/searchprofile,43,0,26
1778849897352,37,SearchIndividual,200,OK,SearchIndividual 2-1212,text,true,,621,2622,2,14,https://api-scuda.uat.oci.krungsri.tech/ords/api/v1/customer/individual/searchprofile,36,0,25
1778849897205,186,UpdateIndividual,200,OK,UpdateIndividual 4-487,text,true,,800,5553,3,13,https://api-scuda.uat.oci.krungsri.tech/ic/api/v1/customer/individual/updateprofile,186,0,22
1778849897362,33,SearchIndividual,200,OK,SearchIndividual 2-1213,text,true,,620,2612,1,12,https://api-scuda.uat.oci.krungsri.tech/ords/api/v1/customer/individual/searchprofile,32,0,21
1778849897278,125,GetJuristic,200,OK,GetJuristic 5-29,text,true,,3458,3533,1,13,https://api-scuda.uat.oci.krungsri.tech/ic/api/v1/customer/juristic/getprofile,125,0,25
1778849897293,115,GetIndividual,200,OK,GetIndividual 1-740,text,true,,3835,3588,6,13,https://api-scuda.uat.oci.krungsri.tech/ic/api/v1/customer/individual/getprofile,115,0,22
1778849897293,128,GetIndividual,200,OK,GetIndividual 1-739,text,true,,3844,3588,5,12,https://api-scuda.uat.oci.krungsri.tech/ic/api/v1/customer/individual/getprofile,128,0,15
1778849897302,121,GetIndividual,200,OK,GetIndividual 1-741,text,true,,3836,3588,4,11,https://api-scuda.uat.oci.krungsri.tech/ic/api/v1/customer/individual/getprofile,121,0,36
1778849897313,119,GetIndividual,200,OK,GetIndividual 1-742,text,true,,3788,3588,3,11,https://api-scuda.uat.oci.krungsri.tech/ic/api/v1/customer/individual/getprofile,119,0,47
1778849897343,91,GetIndividual,200,OK,GetIndividual 1-744,text,true,,3857,3588,2,10,https://api-scuda.uat.oci.krungsri.tech/ic/api/v1/customer/individual/getprofile,91,0,20
1778849897398,40,SearchIndividual,200,OK,SearchIndividual 2-1214,text,true,,621,2613,3,9,https://api-scuda.uat.oci.krungsri.tech/ords/api/v1/customer/individual/searchprofile,40,0,22
1778849897401,45,SearchIndividual,200,OK,SearchIndividual 2-1215,text,true,,621,2602,2,9,https://api-scuda.uat.oci.krungsri.tech/ords/api/v1/customer/individual/searchprofile,44,0,27
1778849897313,141,UpdateIndividual,200,OK,UpdateIndividual 4-489,text,true,,800,4229,3,9,https://api-scuda.uat.oci.krungsri.tech/ic/api/v1/customer/individual/updateprofile,141,0,29
1778849897333,161,GetIndividual,200,OK,GetIndividual 1-743,text,true,,3855,3588,4,12,https://api-scuda.uat.oci.krungsri.tech/ic/api/v1/customer/individual/getprofile,161,0,22
1778849897408,99,SearchIndividual,200,OK,SearchIndividual 2-1216,text,true,,621,2613,4,12,https://api-scuda.uat.oci.krungsri.tech/ords/api/v1/customer/individual/searchprofile,99,0,68
1778849897477,32,SearchIndividual,200,OK,SearchIndividual 2-1218,text,true,,621,2613,3,11,https://api-scuda.uat.oci.krungsri.tech/ords/api/v1/customer/individual/searchprofile,32,0,16
1778849897471,40,SearchIndividual,200,OK,SearchIndividual 2-1217,text,true,,621,2613,2,10,https://api-scuda.uat.oci.krungsri.tech/ords/api/v1/customer/individual/searchprofile,40,0,27
1778849897270,257,UpdateJuristic,200,OK,UpdateJuristic 8-29,text,true,,800,5737,1,10,https://api-scuda.uat.oci.krungsri.tech/ic/api/v1/customer/juristic/updateprofile,257,0,21
1778849897441,100,GetIndividual,200,OK,GetIndividual 1-745,text,true,,3857,3588,5,11,https://api-scuda.uat.oci.krungsri.tech/ic/api/v1/customer/individual/getprofile,100,0,23
1778849897432,116,UpdateIndividual,200,OK,UpdateIndividual 4-491,text,true,,799,4226,3,11,https://api-scuda.uat.oci.krungsri.tech/ic/api/v1/customer/individual/updateprofile,116,0,15
1778849897450,98,GetIndividual,200,OK,GetIndividual 1-746,text,true,,3848,3587,4,11,https://api-scuda.uat.oci.krungsri.tech/ic/api/v1/customer/individual/getprofile,98,0,20
1778849897362,208,GetJoint,200,OK,GetJoint 9-29,text,true,,1428,3529,1,10,https://api-scuda.uat.oci.krungsri.tech/ic/api/v1/customer/joint/getprofile,208,0,22
1778849897544,32,SearchIndividual,200,OK,SearchIndividual 2-1221,text,true,,621,2613,6,12,https://api-scuda.uat.oci.krungsri.tech/ords/api/v1/customer/individual/searchprofile,32,0,13
1778849897473,108,GetIndividual,200,OK,GetIndividual 1-747,text,true,,3841,3588,4,11,https://api-scuda.uat.oci.krungsri.tech/ic/api/v1/customer/individual/getprofile,108,0,25
1778849897507,75,SearchIndividual,200,OK,SearchIndividual 2-1219,text,true,,621,2613,5,11,https://api-scuda.uat.oci.krungsri.tech/ords/api/v1/customer/individual/searchprofile,75,0,52
1778849897538,45,SearchIndividual,200,OK,SearchIndividual 2-1220,text,true,,621,2603,4,9,https://api-scuda.uat.oci.krungsri.tech/ords/api/v1/customer/individual/searchprofile,44,0,31
1778849897360,227,UpdateIndividual,200,OK,UpdateIndividual 4-490,text,true,,800,5655,2,8,https://api-scuda.uat.oci.krungsri.tech/ic/api/v1/customer/individual/updateprofile,227,0,18
1778849897571,32,SearchIndividual,200,OK,SearchIndividual 2-1222,text,true,,621,2613,4,9,https://api-scuda.uat.oci.krungsri.tech/ords/api/v1/customer/individual/searchprofile,32,0,20
1778849897468,139,UpdateIndividual,200,OK,UpdateIndividual 4-492,text,true,,800,4229,2,8,https://api-scuda.uat.oci.krungsri.tech/ic/api/v1/customer/individual/updateprofile,139,0,22
1778849897514,97,GetIndividual,200,OK,GetIndividual 1-748,text,true,,3857,3588,3,8,https://api-scuda.uat.oci.krungsri.tech/ic/api/v1/customer/individual/getprofile,97,0,22
1778849897575,38,SearchIndividual,200,OK,SearchIndividual 2-1223,text,true,,621,2613,3,7,https://api-scuda.uat.oci.krungsri.tech/ords/api/v1/customer/individual/searchprofile,38,0,20
1778849897575,43,SearchIndividual,200,OK,SearchIndividual 2-1224,text,true,,621,2635,2,7,https://api-scuda.uat.oci.krungsri.tech/ords/api/v1/customer/individual/searchprofile,43,0,21
1778849897597,36,SearchIndividual,200,OK,SearchIndividual 2-1225,text,true,,621,2613,3,10,https://api-scuda.uat.oci.krungsri.tech/ords/api/v1/customer/individual/searchprofile,36,0,23
1778849897537,111,GetIndividual,200,OK,GetIndividual 1-749,text,true,,3824,3588,2,10,https://api-scuda.uat.oci.krungsri.tech/ic/api/v1/customer/individual/getprofile,111,0,24
1778849897625,46,SearchIndividual,200,OK,SearchIndividual 2-1226,text,true,,621,2613,3,9,https://api-scuda.uat.oci.krungsri.tech/ords/api/v1/customer/individual/searchprofile,46,0,27
1778849897628,50,SearchJoint,200,OK,SearchJoint 10-29,text,true,,620,2626,1,8,https://api-scuda.uat.oci.krungsri.tech/ords/api/v1/customer/joint/searchprofile,50,0,29
1778849897574,113,GetIndividual,200,OK,GetIndividual 1-750,text,true,,3818,3588,1,10,https://api-scuda.uat.oci.krungsri.tech/ic/api/v1/customer/individual/getprofile,113,0,22
1778849897681,31,SearchIndividual,200,OK,SearchIndividual 2-1229,text,true,,621,2602,4,11,https://api-scuda.uat.oci.krungsri.tech/ords/api/v1/customer/individual/searchprofile,31,0,16
1778849897629,108,SearchIndividual,200,OK,SearchIndividual 2-1227,text,true,,621,2640,4,11,https://api-scuda.uat.oci.krungsri.tech/ords/api/v1/customer/individual/searchprofile,107,0,28
1778849897642,97,SearchIndividual,200,OK,SearchIndividual 2-1228,text,true,,620,2599,3,10,https://api-scuda.uat.oci.krungsri.tech/ords/api/v1/customer/individual/searchprofile,97,0,82
1778849897624,128,UpdateIndividual,200,OK,UpdateIndividual 4-495,text,true,,800,4229,6,12,https://api-scuda.uat.oci.krungsri.tech/ic/api/v1/customer/individual/updateprofile,128,0,37
1778849897697,64,SearchIndividual,200,OK,SearchIndividual 2-1230,text,true,,13935,2605,3,11,https://api-scuda.uat.oci.krungsri.tech/ords/api/v1/customer/individual/searchprofile,63,0,51
1778849897606,158,UpdateIndividual,200,OK,UpdateIndividual 4-493,text,true,,800,5570,5,12,https://api-scuda.uat.oci.krungsri.tech/ic/api/v1/customer/individual/updateprofile,157,0,15
1778849897733,41,SearchIndividual,200,OK,SearchIndividual 2-1231,text,true,,621,2613,4,11,https://api-scuda.uat.oci.krungsri.tech/ords/api/v1/customer/individual/searchprofile,41,0,23
1778849897616,159,UpdateIndividual,200,OK,UpdateIndividual 4-494,text,true,,800,5483,4,10,https://api-scuda.uat.oci.krungsri.tech/ic/api/v1/customer/individual/updateprofile,159,0,23
1778849897745,36,SearchIndividual,200,OK,SearchIndividual 2-1232,text,true,,620,2601,3,9,https://api-scuda.uat.oci.krungsri.tech/ords/api/v1/customer/individual/searchprofile,36,0,24
1778849897763,31,SearchIndividual,200,OK,SearchIndividual 2-1234,text,true,,621,2640,2,8,https://api-scuda.uat.oci.krungsri.tech/ords/api/v1/customer/individual/searchprofile,31,0,20
1778849897763,39,SearchIndividual,200,OK,SearchIndividual 2-1233,text,true,,621,2603,1,7,https://api-scuda.uat.oci.krungsri.tech/ords/api/v1/customer/individual/searchprofile,39,0,24
1778849897701,104,GetIndividual,200,OK,GetIndividual 1-751,text,true,,3802,3587,2,6,https://api-scuda.uat.oci.krungsri.tech/ic/api/v1/customer/individual/getprofile,104,0,27
1778849897687,127,UpdateIndividual,200,OK,UpdateIndividual 4-497,text,true,,799,4228,3,6,https://api-scuda.uat.oci.krungsri.tech/ic/api/v1/customer/individual/updateprofile,127,0,20
1778849897826,27,SearchIndividual,200,OK,SearchIndividual 2-1237,text,true,,621,2614,5,15,https://api-scuda.uat.oci.krungsri.tech/ords/api/v1/customer/individual/searchprofile,26,0,14
1778849897819,35,SearchIndividual,200,OK,SearchIndividual 2-1235,text,true,,621,2613,5,15,https://api-scuda.uat.oci.krungsri.tech/ords/api/v1/customer/individual/searchprofile,34,0,22
1778849897683,169,UpdateIndividual,200,OK,UpdateIndividual 4-496,text,true,,800,4229,4,15,https://api-scuda.uat.oci.krungsri.tech/ic/api/v1/customer/individual/updateprofile,169,0,60
1778849897745,111,GetIndividual,200,OK,GetIndividual 1-752,text,true,,3900,3588,3,15,https://api-scuda.uat.oci.krungsri.tech/ic/api/v1/customer/individual/getprofile,111,0,22
1778849897826,38,SearchIndividual,200,OK,SearchIndividual 2-1236,text,true,,621,2613,3,11,https://api-scuda.uat.oci.krungsri.tech/ords/api/v1/customer/individual/searchprofile,38,0,23
1778849897845,24,SearchIndividual,200,OK,SearchIndividual 2-1239,text,true,,621,2601,3,13,https://api-scuda.uat.oci.krungsri.tech/ords/api/v1/customer/individual/searchprofile,24,0,12
1778849897837,34,SearchIndividual,200,OK,SearchIndividual 2-1238,text,true,,621,2602,2,12,https://api-scuda.uat.oci.krungsri.tech/ords/api/v1/customer/individual/searchprofile,34,0,14
1778849897866,33,SearchIndividual,200,OK,SearchIndividual 2-1240,text,true,,621,2613,4,15,https://api-scuda.uat.oci.krungsri.tech/ords/api/v1/customer/individual/searchprofile,33,0,21
1778849897814,87,GetIndividual,200,OK,GetIndividual 1-753,text,true,,3825,3588,4,15,https://api-scuda.uat.oci.krungsri.tech/ic/api/v1/customer/individual/getprofile,87,0,14
1778849897876,36,SearchIndividual,200,OK,SearchIndividual 2-1241,text,true,,621,2613,4,16,https://api-scuda.uat.oci.krungsri.tech/ords/api/v1/customer/individual/searchprofile,35,0,22
1778849897754,166,UpdateIndividual,200,OK,UpdateIndividual 4-498,text,true,,800,5511,5,16,https://api-scuda.uat.oci.krungsri.tech/ic/api/v1/customer/individual/updateprofile,166,0,14
1778849897891,30,SearchIndividual,200,OK,SearchIndividual 2-1242,text,true,,621,2613,4,15,https://api-scuda.uat.oci.krungsri.tech/ords/api/v1/customer/individual/searchprofile,30,0,17
1778849897832,101,GetIndividual,200,OK,GetIndividual 1-754,text,true,,3873,3588,4,14,https://api-scuda.uat.oci.krungsri.tech/ic/api/v1/customer/individual/getprofile,101,0,29
1778849897894,42,SearchIndividual,200,OK,SearchIndividual 2-1243,text,true,,621,2613,3,13,https://api-scuda.uat.oci.krungsri.tech/ords/api/v1/customer/individual/searchprofile,41,0,24
1778849897906,33,SearchIndividual,200,OK,SearchIndividual 2-1244,text,true,,621,2613,3,13,https://api-scuda.uat.oci.krungsri.tech/ords/api/v1/customer/individual/searchprofile,33,0,21
1778849897920,40,SearchIndividual,200,OK,SearchIndividual 2-1245,text,true,,621,2613,2,13,https://api-scuda.uat.oci.krungsri.tech/ords/api/v1/customer/individual/searchprofile,40,0,24
1778849897831,130,UpdateJoint,200,OK,UpdateJoint 12-30,text,true,,800,3614,1,13,https://api-scuda.uat.oci.krungsri.tech/ic/api/v1/customer/joint/updateprofile,130,0,28
1778849897866,96,GetIndividual,200,OK,GetIndividual 1-755,text,true,,3833,3588,3,12,https://api-scuda.uat.oci.krungsri.tech/ic/api/v1/customer/individual/getprofile,96,0,20
1778849897850,121,UpdateIndividual,200,OK,UpdateIndividual 4-500,text,true,,800,4229,5,12,https://api-scuda.uat.oci.krungsri.tech/ic/api/v1/customer/individual/updateprofile,121,0,18
1778849897833,138,UpdateIndividual,200,OK,UpdateIndividual 4-499,text,true,,800,4228,4,12,https://api-scuda.uat.oci.krungsri.tech/ic/api/v1/customer/individual/updateprofile,138,0,30
1778849897962,30,SearchIndividual,200,OK,SearchIndividual 2-1247,text,true,,621,2641,5,13,https://api-scuda.uat.oci.krungsri.tech/ords/api/v1/customer/individual/searchprofile,30,0,14
1778849897618,376,CreateJuristic,201,Created,CreateJuristic 7-29,text,true,,1172,7983,1,12,https://api-scuda.uat.oci.krungsri.tech/ic/api/v1/customer/juristic/createprofile,376,0,16
1778849897938,58,SearchIndividual,200,OK,SearchIndividual 2-1246,text,true,,13927,2604,4,11,https://api-scuda.uat.oci.krungsri.tech/ords/api/v1/customer/individual/searchprofile,58,0,43
1778849897972,38,SearchIndividual,200,OK,SearchIndividual 2-1249,text,true,,13964,2604,4,11,https://api-scuda.uat.oci.krungsri.tech/ords/api/v1/customer/individual/searchprofile,38,0,21
1778849897966,44,SearchIndividual,200,OK,SearchIndividual 2-1248,text,true,,621,2613,4,11,https://api-scuda.uat.oci.krungsri.tech/ords/api/v1/customer/individual/searchprofile,44,0,25
1778849897901,111,GetIndividual,200,OK,GetIndividual 1-756,text,true,,3833,3588,2,9,https://api-scuda.uat.oci.krungsri.tech/ic/api/v1/customer/individual/getprofile,111,0,23
1778849897980,34,SearchIndividual,200,OK,SearchIndividual 2-1250,text,true,,621,2620,2,8,https://api-scuda.uat.oci.krungsri.tech/ords/api/v1/customer/individual/searchprofile,34,0,23
1778849897885,132,UpdateIndividual,200,OK,UpdateIndividual 4-502,text,true,,800,4227,3,7,https://api-scuda.uat.oci.krungsri.tech/ic/api/v1/customer/individual/updateprofile,132,0,20
1778849897904,113,GetIndividual,200,OK,GetIndividual 1-757,text,true,,3841,3588,1,7,https://api-scuda.uat.oci.krungsri.tech/ic/api/v1/customer/individual/getprofile,113,0,30
1778849897982,41,SearchJoint,200,OK,SearchJoint 10-30,text,true,,621,2627,1,5,https://api-scuda.uat.oci.krungsri.tech/ords/api/v1/customer/joint/searchprofile,41,0,28
1778849897868,159,UpdateIndividual,200,OK,UpdateIndividual 4-501,text,true,,800,5575,2,4,https://api-scuda.uat.oci.krungsri.tech/ic/api/v1/customer/individual/updateprofile,159,0,28
1778849898001,31,SearchIndividual,200,OK,SearchIndividual 2-1251,text,true,,620,2612,1,3,https://api-scuda.uat.oci.krungsri.tech/ords/api/v1/customer/individual/searchprofile,31,0,20
1778849897857,187,UpdateJuristic,200,OK,UpdateJuristic 8-30,text,true,,799,5757,1,2,https://api-scuda.uat.oci.krungsri.tech/ic/api/v1/customer/juristic/updateprofile,187,0,18
1778849897945,166,UpdateIndividual,200,OK,UpdateIndividual 4-503,text,true,,799,5593,1,5,https://api-scuda.uat.oci.krungsri.tech/ic/api/v1/customer/individual/updateprofile,166,0,16
1778849898117,26,SearchIndividual,200,OK,SearchIndividual 2-1253,text,true,,621,2606,3,10,https://api-scuda.uat.oci.krungsri.tech/ords/api/v1/customer/individual/searchprofile,26,0,15
1778849898115,41,SearchIndividual,200,OK,SearchIndividual 2-1252,text,true,,621,2603,3,10,https://api-scuda.uat.oci.krungsri.tech/ords/api/v1/customer/individual/searchprofile,41,0,28
1778849898050,120,GetIndividual,200,OK,GetIndividual 1-758,text,true,,3891,3588,4,11,https://api-scuda.uat.oci.krungsri.tech/ic/api/v1/customer/individual/getprofile,120,0,29
1778849898140,30,SearchIndividual,200,OK,SearchIndividual 2-1254,text,true,,621,2613,2,11,https://api-scuda.uat.oci.krungsri.tech/ords/api/v1/customer/individual/searchprofile,30,0,15
1778849898060,112,GetIndividual,200,OK,GetIndividual 1-759,text,true,,3813,3588,3,10,https://api-scuda.uat.oci.krungsri.tech/ic/api/v1/customer/individual/getprofile,112,0,21
1778849898151,33,SearchIndividual,200,OK,SearchIndividual 2-1255,text,true,,621,2613,3,10,https://api-scuda.uat.oci.krungsri.tech/ords/api/v1/customer/individual/searchprofile,33,0,22
1778849898181,21,SearchIndividual,200,OK,SearchIndividual 2-1257,text,true,,621,2603,3,10,https://api-scuda.uat.oci.krungsri.tech/ords/api/v1/customer/individual/searchprofile,21,0,11
1778849898171,42,SearchIndividual,200,OK,SearchIndividual 2-1256,text,true,,14177,2604,2,13,https://api-scuda.uat.oci.krungsri.tech/ords/api/v1/customer/individual/searchprofile,41,0,23
1778849898094,119,GetIndividual,200,OK,GetIndividual 1-760,text,true,,3840,3588,4,13,https://api-scuda.uat.oci.krungsri.tech/ic/api/v1/customer/individual/getprofile,119,0,29
1778849898187,26,SearchIndividual,200,OK,SearchIndividual 2-1258,text,true,,621,2602,1,11,https://api-scuda.uat.oci.krungsri.tech/ords/api/v1/customer/individual/searchprofile,26,0,13
1778849898118,119,UpdateIndividual,200,OK,UpdateIndividual 4-504,text,true,,800,4228,5,11,https://api-scuda.uat.oci.krungsri.tech/ic/api/v1/customer/individual/updateprofile,119,0,24
1778849898166,77,GetIndividual,200,OK,GetIndividual 1-761,text,true,,3784,3588,3,11,https://api-scuda.uat.oci.krungsri.tech/ic/api/v1/customer/individual/getprofile,77,0,14
1778849898216,31,SearchIndividual,200,OK,SearchIndividual 2-1259,text,true,,621,2629,1,10,https://api-scuda.uat.oci.krungsri.tech/ords/api/v1/customer/individual/searchprofile,31,0,21
1778849898143,123,UpdateIndividual,200,OK,UpdateIndividual 4-505,text,true,,800,4228,4,13,https://api-scuda.uat.oci.krungsri.tech/ic/api/v1/customer/individual/updateprofile,123,0,22
1778849898251,32,SearchIndividual,200,OK,SearchIndividual 2-1260,text,true,,621,2602,2,13,https://api-scuda.uat.oci.krungsri.tech/ords/api/v1/customer/individual/searchprofile,32,0,21
1778849898262,32,SearchIndividual,200,OK,SearchIndividual 2-1261,text,true,,621,2623,1,12,https://api-scuda.uat.oci.krungsri.tech/ords/api/v1/customer/individual/searchprofile,31,0,19
1778849898261,33,SearchJuristic,200,OK,SearchJuristic 6-30,text,true,,621,2612,1,12,https://api-scuda.uat.oci.krungsri.tech/ords/api/v1/customer/juristic/searchprofile,32,0,21
1778849898206,91,GetIndividual,200,OK,GetIndividual 1-762,text,true,,3880,3588,4,10,https://api-scuda.uat.oci.krungsri.tech/ic/api/v1/customer/individual/getprofile,91,0,23
1778849898206,99,GetIndividual,200,OK,GetIndividual 1-763,text,true,,3869,3588,3,9,https://api-scuda.uat.oci.krungsri.tech/ic/api/v1/customer/individual/getprofile,99,0,23
1778849898170,147,UpdateIndividual,200,OK,UpdateIndividual 4-506,text,true,,800,5618,4,11,https://api-scuda.uat.oci.krungsri.tech/ic/api/v1/customer/individual/updateprofile,147,0,14
1778849898215,119,UpdateIndividual,200,OK,UpdateIndividual 4-508,text,true,,800,4226,3,12,https://api-scuda.uat.oci.krungsri.tech/ic/api/v1/customer/individual/updateprofile,119,0,19
1778849898307,32,SearchIndividual,200,OK,SearchIndividual 2-1262,text,true,,621,2603,2,12,https://api-scuda.uat.oci.krungsri.tech/ords/api/v1/customer/individual/searchprofile,32,0,22
1778849898329,29,SearchIndividual,200,OK,SearchIndividual 2-1263,text,true,,621,2614,2,12,https://api-scuda.uat.oci.krungsri.tech/ords/api/v1/customer/individual/searchprofile,29,0,18
1778849898271,90,GetIndividual,200,OK,GetIndividual 1-765,text,true,,3869,3588,5,11,https://api-scuda.uat.oci.krungsri.tech/ic/api/v1/customer/individual/getprofile,90,0,20
1778849898265,97,GetIndividual,200,OK,GetIndividual 1-764,text,true,,3870,3587,4,10,https://api-scuda.uat.oci.krungsri.tech/ic/api/v1/customer/individual/getprofile,97,0,22
1778849898116,278,CreateJoint,200,OK,CreateJoint 11-30,text,true,,1813,5884,1,11,https://api-scuda.uat.oci.krungsri.tech/ic/api/v1/customer/joint/createprofile,278,0,20
1778849898209,189,UpdateIndividual,200,OK,UpdateIndividual 4-507,text,true,,800,5654,2,10,https://api-scuda.uat.oci.krungsri.tech/ic/api/v1/customer/individual/updateprofile,189,0,11
1778849898344,59,SearchIndividual,200,OK,SearchIndividual 2-1264,text,true,,621,2640,2,9,https://api-scuda.uat.oci.krungsri.tech/ords/api/v1/customer/individual/searchprofile,59,0,37
1778849898316,89,GetIndividual,200,OK,GetIndividual 1-766,text,true,,3868,3587,3,8,https://api-scuda.uat.oci.krungsri.tech/ic/api/v1/customer/individual/getprofile,89,0,12
1778849898384,31,SearchIndividual,200,OK,SearchIndividual 2-1265,text,true,,621,2613,2,8,https://api-scuda.uat.oci.krungsri.tech/ords/api/v1/customer/individual/searchprofile,30,0,20
1778849898336,92,GetIndividual,200,OK,GetIndividual 1-768,text,true,,3798,3588,2,9,https://api-scuda.uat.oci.krungsri.tech/ic/api/v1/customer/individual/getprofile,92,0,12
1778849898330,98,GetIndividual,200,OK,GetIndividual 1-767,text,true,,3847,3588,2,9,https://api-scuda.uat.oci.krungsri.tech/ic/api/v1/customer/individual/getprofile,98,0,22
1778849898414,34,SearchIndividual,200,OK,SearchIndividual 2-1266,text,true,,621,2613,3,8,https://api-scuda.uat.oci.krungsri.tech/ords/api/v1/customer/individual/searchprofile,33,0,21
1778849898318,131,UpdateIndividual,200,OK,UpdateIndividual 4-509,text,true,,800,4227,2,7,https://api-scuda.uat.oci.krungsri.tech/ic/api/v1/customer/individual/updateprofile,131,0,20
1778849898363,96,GetJuristic,200,OK,GetJuristic 5-30,text,true,,3509,3533,1,6,https://api-scuda.uat.oci.krungsri.tech/ic/api/v1/customer/juristic/getprofile,96,0,15
1778849898426,34,SearchIndividual,200,OK,SearchIndividual 2-1267,text,true,,621,2628,2,5,https://api-scuda.uat.oci.krungsri.tech/ords/api/v1/customer/individual/searchprofile,34,0,19
1778849898437,24,SearchIndividual,200,OK,SearchIndividual 2-1268,text,true,,621,2613,1,4,https://api-scuda.uat.oci.krungsri.tech/ords/api/v1/customer/individual/searchprofile,23,0,11
1778849898243,223,GetJoint,200,OK,GetJoint 9-30,text,true,,1431,3530,1,3,https://api-scuda.uat.oci.krungsri.tech/ic/api/v1/customer/joint/getprofile,223,0,22
1778849898473,24,SearchIndividual,200,OK,SearchIndividual 2-1269,text,true,,621,2601,4,10,https://api-scuda.uat.oci.krungsri.tech/ords/api/v1/customer/individual/searchprofile,23,0,13
1778849898476,25,SearchIndividual,200,OK,SearchIndividual 2-1270,text,true,,621,2625,3,10,https://api-scuda.uat.oci.krungsri.tech/ords/api/v1/customer/individual/searchprofile,25,0,13
1778849898485,27,SearchIndividual,200,OK,SearchIndividual 2-1271,text,true,,621,2613,2,9,https://api-scuda.uat.oci.krungsri.tech/ords/api/v1/customer/individual/searchprofile,27,0,14
1778849898490,34,SearchIndividual,200,OK,SearchIndividual 2-1272,text,true,,621,2611,2,9,https://api-scuda.uat.oci.krungsri.tech/ords/api/v1/customer/individual/searchprofile,33,0,19
1778849898513,31,SearchIndividual,200,OK,SearchIndividual 2-1273,text,true,,621,2613,1,8,https://api-scuda.uat.oci.krungsri.tech/ords/api/v1/customer/individual/searchprofile,30,0,20
1778849898432,117,UpdateIndividual,200,OK,UpdateIndividual 4-510,text,true,,800,4227,2,7,https://api-scuda.uat.oci.krungsri.tech/ic/api/v1/customer/individual/updateprofile,117,0,24
1778849898481,88,GetIndividual,200,OK,GetIndividual 1-769,text,true,,3878,3588,5,9,https://api-scuda.uat.oci.krungsri.tech/ic/api/v1/customer/individual/getprofile,88,0,17
1778849898481,102,GetIndividual,200,OK,GetIndividual 1-770,text,true,,3800,3588,4,9,https://api-scuda.uat.oci.krungsri.tech/ic/api/v1/customer/individual/getprofile,102,0,19
1778849898554,29,SearchIndividual,200,OK,SearchIndividual 2-1274,text,true,,621,2629,3,8,https://api-scuda.uat.oci.krungsri.tech/ords/api/v1/customer/individual/searchprofile,29,0,18
1778849898556,34,SearchIndividual,200,OK,SearchIndividual 2-1275,text,true,,621,2603,3,10,https://api-scuda.uat.oci.krungsri.tech/ords/api/v1/customer/individual/searchprofile,34,0,20
1778849898500,92,GetIndividual,200,OK,GetIndividual 1-772,text,true,,3890,3587,4,10,https://api-scuda.uat.oci.krungsri.tech/ic/api/v1/customer/individual/getprofile,92,0,16
1778849898574,32,SearchIndividual,200,OK,SearchIndividual 2-1276,text,true,,14287,2604,3,11,https://api-scuda.uat.oci.krungsri.tech/ords/api/v1/customer/individual/searchprofile,32,0,18
1778849898597,28,SearchIndividual,200,OK,SearchIndividual 2-1278,text,true,,621,2634,3,12,https://api-scuda.uat.oci.krungsri.tech/ords/api/v1/customer/individual/searchprofile,28,0,19
1778849898590,33,SearchIndividual,200,OK,SearchIndividual 2-1277,text,true,,621,2619,3,12,https://api-scuda.uat.oci.krungsri.tech/ords/api/v1/customer/individual/searchprofile,32,0,22
1778849898496,112,GetIndividual,200,OK,GetIndividual 1-771,text,true,,3924,3588,3,10,https://api-scuda.uat.oci.krungsri.tech/ic/api/v1/customer/individual/getprofile,112,0,29
1778849898611,32,SearchIndividual,200,OK,SearchIndividual 2-1279,text,true,,621,2603,1,12,https://api-scuda.uat.oci.krungsri.tech/ords/api/v1/customer/individual/searchprofile,31,0,19
1778849898500,159,UpdateIndividual,200,OK,UpdateIndividual 4-511,text,true,,800,5603,5,12,https://api-scuda.uat.oci.krungsri.tech/ic/api/v1/customer/individual/updateprofile,159,0,24
1778849898564,106,GetIndividual,200,OK,GetIndividual 1-773,text,true,,3855,3588,5,12,https://api-scuda.uat.oci.krungsri.tech/ic/api/v1/customer/individual/getprofile,106,0,24
1778849898609,82,GetIndividual,200,OK,GetIndividual 1-775,text,true,,3858,3588,4,11,https://api-scuda.uat.oci.krungsri.tech/ic/api/v1/customer/individual/getprofile,82,0,18
1778849898588,110,GetIndividual,200,OK,GetIndividual 1-774,text,true,,3787,3588,3,10,https://api-scuda.uat.oci.krungsri.tech/ic/api/v1/customer/individual/getprofile,110,0,22
1778849898104,597,CreateJuristic,201,Created,CreateJuristic 7-30,text,true,,1172,7894,1,9,https://api-scuda.uat.oci.krungsri.tech/ic/api/v1/customer/juristic/createprofile,597,0,16
1778849898596,119,UpdateIndividual,200,OK,UpdateIndividual 4-512,text,true,,800,4228,5,12,https://api-scuda.uat.oci.krungsri.tech/ic/api/v1/customer/individual/updateprofile,119,0,16
1778849898607,109,UpdateIndividual,200,OK,UpdateIndividual 4-513,text,true,,800,4227,4,11,https://api-scuda.uat.oci.krungsri.tech/ic/api/v1/customer/individual/updateprofile,109,0,15
1778849898638,90,GetIndividual,200,OK,GetIndividual 1-776,text,true,,3843,3588,6,12,https://api-scuda.uat.oci.krungsri.tech/ic/api/v1/customer/individual/getprofile,90,0,20
1778849898707,32,SearchIndividual,200,OK,SearchIndividual 2-1280,text,true,,621,2646,2,11,https://api-scuda.uat.oci.krungsri.tech/ords/api/v1/customer/individual/searchprofile,32,0,20
1778849898712,33,SearchIndividual,200,OK,SearchIndividual 2-1281,text,true,,621,2613,2,11,https://api-scuda.uat.oci.krungsri.tech/ords/api/v1/customer/individual/searchprofile,33,0,23
1778849898647,99,GetIndividual,200,OK,GetIndividual 1-777,text,true,,3851,3588,5,10,https://api-scuda.uat.oci.krungsri.tech/ic/api/v1/customer/individual/getprofile,99,0,19
1778849898740,29,SearchIndividual,200,OK,SearchIndividual 2-1282,text,true,,620,2616,2,11,https://api-scuda.uat.oci.krungsri.tech/ords/api/v1/customer/individual/searchprofile,29,0,18
1778849898750,37,SearchIndividual,200,OK,SearchIndividual 2-1283,text,true,,621,2644,1,11,https://api-scuda.uat.oci.krungsri.tech/ords/api/v1/customer/individual/searchprofile,37,0,21
1778849898640,153,UpdateIndividual,200,OK,UpdateIndividual 4-515,text,true,,800,5592,4,10,https://api-scuda.uat.oci.krungsri.tech/ic/api/v1/customer/individual/updateprofile,153,0,18
1778849898631,163,UpdateIndividual,200,OK,UpdateIndividual 4-514,text,true,,800,5554,3,9,https://api-scuda.uat.oci.krungsri.tech/ic/api/v1/customer/individual/updateprofile,163,0,18
1778849898712,90,GetIndividual,200,OK,GetIndividual 1-779,text,true,,3841,3588,5,8,https://api-scuda.uat.oci.krungsri.tech/ic/api/v1/customer/individual/getprofile,90,0,22
1778849898707,98,GetIndividual,200,OK,GetIndividual 1-778,text,true,,3829,3588,4,7,https://api-scuda.uat.oci.krungsri.tech/ic/api/v1/customer/individual/getprofile,98,0,20
1778849898724,91,GetIndividual,200,OK,GetIndividual 1-781,text,true,,3867,3588,3,7,https://api-scuda.uat.oci.krungsri.tech/ic/api/v1/customer/individual/getprofile,91,0,12
1778849898724,94,GetIndividual,200,OK,GetIndividual 1-780,text,true,,3784,3588,2,6,https://api-scuda.uat.oci.krungsri.tech/ic/api/v1/customer/individual/getprofile,94,0,20
1778849898671,157,UpdateIndividual,200,OK,UpdateIndividual 4-516,text,true,,800,5596,2,5,https://api-scuda.uat.oci.krungsri.tech/ic/api/v1/customer/individual/updateprofile,157,0,22
1778849898807,25,SearchIndividual,200,OK,SearchIndividual 2-1284,text,true,,621,2609,1,4,https://api-scuda.uat.oci.krungsri.tech/ords/api/v1/customer/individual/searchprofile,25,0,13
1778849898758,84,GetIndividual,200,OK,GetIndividual 1-782,text,true,,3835,3588,1,4,https://api-scuda.uat.oci.krungsri.tech/ic/api/v1/customer/individual/getprofile,84,0,16
1778849898837,39,SearchIndividual,200,OK,SearchIndividual 2-1285,text,true,,621,2609,1,5,https://api-scuda.uat.oci.krungsri.tech/ords/api/v1/customer/individual/searchprofile,39,0,21
1778849898785,116,UpdateIndividual,200,OK,UpdateIndividual 4-517,text,true,,800,4229,1,5,https://api-scuda.uat.oci.krungsri.tech/ic/api/v1/customer/individual/updateprofile,116,0,21
1778849898593,325,CreateIndividual,201,Created,CreateIndividual 3-30,text,true,,1172,8727,1,6,https://api-scuda.uat.oci.krungsri.tech/ic/api/v1/customer/individual/createprofile,325,0,18
1778849898878,45,SearchIndividual,200,OK,SearchIndividual 2-1286,text,true,,621,2620,2,6,https://api-scuda.uat.oci.krungsri.tech/ords/api/v1/customer/individual/searchprofile,45,0,22
1778849898911,33,SearchIndividual,200,OK,SearchIndividual 2-1287,text,true,,621,2635,1,6,https://api-scuda.uat.oci.krungsri.tech/ords/api/v1/customer/individual/searchprofile,32,0,21
1778849898870,99,GetIndividual,200,OK,GetIndividual 1-784,text,true,,3833,3588,6,9,https://api-scuda.uat.oci.krungsri.tech/ic/api/v1/customer/individual/getprofile,99,0,20
1778849898870,101,GetIndividual,200,OK,GetIndividual 1-783,text,true,,3828,3588,5,8,https://api-scuda.uat.oci.krungsri.tech/ic/api/v1/customer/individual/getprofile,101,0,21
1778849898950,40,SearchIndividual,200,OK,SearchIndividual 2-1288,text,true,,13920,2608,3,11,https://api-scuda.uat.oci.krungsri.tech/ords/api/v1/customer/individual/searchprofile,39,0,25
1778849898972,58,SearchIndividual,200,OK,SearchIndividual 2-1289,text,true,,621,2600,2,11,https://api-scuda.uat.oci.krungsri.tech/ords/api/v1/customer/individual/searchprofile,58,0,33
1778849898982,59,SearchIndividual,200,OK,SearchIndividual 2-1290,text,true,,621,2613,1,11,https://api-scuda.uat.oci.krungsri.tech/ords/api/v1/customer/individual/searchprofile,59,0,39
1778849898958,97,GetIndividual,200,OK,GetIndividual 1-787,text,true,,3858,3587,6,11,https://api-scuda.uat.oci.krungsri.tech/ic/api/v1/customer/individual/getprofile,97,0,23
1778849898937,131,GetIndividual,200,OK,GetIndividual 1-785,text,true,,3864,3587,5,11,https://api-scuda.uat.oci.krungsri.tech/ic/api/v1/customer/individual/getprofile,131,0,35
1778849898924,146,UpdateIndividual,200,OK,UpdateIndividual 4-519,text,true,,800,4227,5,10,https://api-scuda.uat.oci.krungsri.tech/ic/api/v1/customer/individual/updateprofile,146,0,38
1778849898962,119,GetIndividual,200,OK,GetIndividual 1-788,text,true,,3789,3588,4,10,https://api-scuda.uat.oci.krungsri.tech/ic/api/v1/customer/individual/getprofile,119,0,24
1778849899056,37,SearchIndividual,200,OK,SearchIndividual 2-1291,text,true,,621,2637,2,12,https://api-scuda.uat.oci.krungsri.tech/ords/api/v1/customer/individual/searchprofile,37,0,16
1778849898958,136,GetIndividual,200,OK,GetIndividual 1-786,text,true,,3819,3587,5,11,https://api-scuda.uat.oci.krungsri.tech/ic/api/v1/customer/individual/getprofile,136,0,21
1778849898916,193,UpdateIndividual,200,OK,UpdateIndividual 4-518,text,true,,800,5571,4,11,https://api-scuda.uat.oci.krungsri.tech/ic/api/v1/customer/individual/updateprofile,193,0,27
1778849899035,91,GetIndividual,200,OK,GetIndividual 1-789,text,true,,3800,3588,5,12,https://api-scuda.uat.oci.krungsri.tech/ic/api/v1/customer/individual/getprofile,91,0,17
1778849899090,41,SearchIndividual,200,OK,SearchIndividual 2-1292,text,true,,621,2613,3,12,https://api-scuda.uat.oci.krungsri.tech/ords/api/v1/customer/individual/searchprofile,41,0,26
1778849898984,154,UpdateIndividual,200,OK,UpdateIndividual 4-521,text,true,,800,4227,4,12,https://api-scuda.uat.oci.krungsri.tech/ic/api/v1/customer/individual/updateprofile,154,0,55
1778849899034,109,UpdateIndividual,200,OK,UpdateIndividual 4-522,text,true,,800,4229,3,11,https://api-scuda.uat.oci.krungsri.tech/ic/api/v1/customer/individual/updateprofile,109,0,28
1778849899048,99,GetIndividual,200,OK,GetIndividual 1-790,text,true,,3822,3588,4,10,https://api-scuda.uat.oci.krungsri.tech/ic/api/v1/customer/individual/getprofile,99,0,26
1778849898979,180,UpdateIndividual,200,OK,UpdateIndividual 4-520,text,true,,800,5637,2,9,https://api-scuda.uat.oci.krungsri.tech/ic/api/v1/customer/individual/updateprofile,180,0,37
1778849899133,32,SearchIndividual,200,OK,SearchIndividual 2-1295,text,true,,621,2613,3,8,https://api-scuda.uat.oci.krungsri.tech/ords/api/v1/customer/individual/searchprofile,31,0,17
1778849899108,58,SearchIndividual,200,OK,SearchIndividual 2-1293,text,true,,621,2606,2,7,https://api-scuda.uat.oci.krungsri.tech/ords/api/v1/customer/individual/searchprofile,58,0,39
1778849899089,86,GetIndividual,200,OK,GetIndividual 1-791,text,true,,3890,3588,3,6,https://api-scuda.uat.oci.krungsri.tech/ic/api/v1/customer/individual/getprofile,86,0,17
1778849899131,47,SearchIndividual,200,OK,SearchIndividual 2-1294,text,true,,620,2612,2,6,https://api-scuda.uat.oci.krungsri.tech/ords/api/v1/customer/individual/searchprofile,47,0,25
1778849899090,111,GetIndividual,200,OK,GetIndividual 1-792,text,true,,3780,3588,4,9,https://api-scuda.uat.oci.krungsri.tech/ic/api/v1/customer/individual/getprofile,111,0,29
1778849899124,95,GetIndividual,200,OK,GetIndividual 1-793,text,true,,3820,3588,3,10,https://api-scuda.uat.oci.krungsri.tech/ic/api/v1/customer/individual/getprofile,95,0,16
1778849899185,36,SearchIndividual,200,OK,SearchIndividual 2-1297,text,true,,621,2613,4,9,https://api-scuda.uat.oci.krungsri.tech/ords/api/v1/customer/individual/searchprofile,36,0,16
1778849899176,50,SearchIndividual,200,OK,SearchIndividual 2-1296,text,true,,621,2626,3,8,https://api-scuda.uat.oci.krungsri.tech/ords/api/v1/customer/individual/searchprofile,50,0,27
1778849899080,150,UpdateJoint,200,OK,UpdateJoint 12-31,text,true,,800,4505,1,7,https://api-scuda.uat.oci.krungsri.tech/ic/api/v1/customer/joint/updateprofile,150,0,17
1778849899196,48,SearchIndividual,200,OK,SearchIndividual 2-1298,text,true,,621,2640,3,8,https://api-scuda.uat.oci.krungsri.tech/ords/api/v1/customer/individual/searchprofile,48,0,30
1778849899219,37,SearchIndividual,200,OK,SearchIndividual 2-1299,text,true,,621,2613,3,9,https://api-scuda.uat.oci.krungsri.tech/ords/api/v1/customer/individual/searchprofile,37,0,18
1778849899236,33,SearchIndividual,200,OK,SearchIndividual 2-1300,text,true,,620,2636,3,10,https://api-scuda.uat.oci.krungsri.tech/ords/api/v1/customer/individual/searchprofile,33,0,23
1778849899186,94,GetIndividual,200,OK,GetIndividual 1-794,text,true,,3799,3588,4,9,https://api-scuda.uat.oci.krungsri.tech/ic/api/v1/customer/individual/getprofile,94,0,13
1778849899121,160,UpdateIndividual,200,OK,UpdateIndividual 4-523,text,true,,799,5559,3,8,https://api-scuda.uat.oci.krungsri.tech/ic/api/v1/customer/individual/updateprofile,160,0,13
1778849899255,33,SearchIndividual,200,OK,SearchIndividual 2-1301,text,true,,621,2613,2,9,https://api-scuda.uat.oci.krungsri.tech/ords/api/v1/customer/individual/searchprofile,33,0,21
1778849899192,96,GetIndividual,200,OK,GetIndividual 1-795,text,true,,3800,3588,5,9,https://api-scuda.uat.oci.krungsri.tech/ic/api/v1/customer/individual/getprofile,96,0,19
1778849899269,31,SearchIndividual,200,OK,SearchIndividual 2-1302,text,true,,621,2604,1,8,https://api-scuda.uat.oci.krungsri.tech/ords/api/v1/customer/individual/searchprofile,31,0,14
1778849899239,97,GetIndividual,200,OK,GetIndividual 1-796,text,true,,3846,3587,5,12,https://api-scuda.uat.oci.krungsri.tech/ic/api/v1/customer/individual/getprofile,97,0,13
1778849899306,44,SearchJuristic,200,OK,SearchJuristic 6-31,text,true,,621,2611,1,13,https://api-scuda.uat.oci.krungsri.tech/ords/api/v1/customer/juristic/searchprofile,44,0,28
1778849899327,28,SearchIndividual,200,OK,SearchIndividual 2-1304,text,true,,621,2603,5,12,https://api-scuda.uat.oci.krungsri.tech/ords/api/v1/customer/individual/searchprofile,28,0,15
1778849899324,43,SearchIndividual,200,OK,SearchIndividual 2-1303,text,true,,621,2600,5,13,https://api-scuda.uat.oci.krungsri.tech/ords/api/v1/customer/individual/searchprofile,43,0,22
1778849899269,103,GetIndividual,200,OK,GetIndividual 1-797,text,true,,3842,3588,4,12,https://api-scuda.uat.oci.krungsri.tech/ic/api/v1/customer/individual/getprofile,103,0,28
1778849899290,86,GetIndividual,200,OK,GetIndividual 1-800,text,true,,3800,3588,3,11,https://api-scuda.uat.oci.krungsri.tech/ic/api/v1/customer/individual/getprofile,86,0,16
1778849899209,168,UpdateIndividual,200,OK,UpdateIndividual 4-524,text,true,,800,5625,4,11,https://api-scuda.uat.oci.krungsri.tech/ic/api/v1/customer/individual/updateprofile,168,0,18
1778849899287,103,GetIndividual,200,OK,GetIndividual 1-799,text,true,,3799,3588,3,12,https://api-scuda.uat.oci.krungsri.tech/ic/api/v1/customer/individual/getprofile,103,0,19
1778849899334,57,SearchIndividual,200,OK,SearchIndividual 2-1305,text,true,,620,2612,4,12,https://api-scuda.uat.oci.krungsri.tech/ords/api/v1/customer/individual/searchprofile,56,0,41
1778849899350,42,SearchIndividual,200,OK,SearchIndividual 2-1307,text,true,,621,2613,3,10,https://api-scuda.uat.oci.krungsri.tech/ords/api/v1/customer/individual/searchprofile,42,0,29
1778849899350,48,SearchIndividual,200,OK,SearchIndividual 2-1306,text,true,,621,2613,3,10,https://api-scuda.uat.oci.krungsri.tech/ords/api/v1/customer/individual/searchprofile,47,0,22
1778849899357,48,SearchIndividual,200,OK,SearchIndividual 2-1308,text,true,,621,2603,5,13,https://api-scuda.uat.oci.krungsri.tech/ords/api/v1/customer/individual/searchprofile,48,0,29
1778849899250,162,UpdateIndividual,200,OK,UpdateIndividual 4-525,text,true,,800,5674,4,14,https://api-scuda.uat.oci.krungsri.tech/ic/api/v1/customer/individual/updateprofile,162,0,17
1778849899395,38,SearchIndividual,200,OK,SearchIndividual 2-1309,text,true,,620,2601,5,15,https://api-scuda.uat.oci.krungsri.tech/ords/api/v1/customer/individual/searchprofile,38,0,25
1778849899401,33,SearchIndividual,200,OK,SearchIndividual 2-1311,text,true,,621,2613,4,14,https://api-scuda.uat.oci.krungsri.tech/ords/api/v1/customer/individual/searchprofile,32,0,20
1778849899403,31,SearchIndividual,200,OK,SearchIndividual 2-1312,text,true,,621,2631,3,13,https://api-scuda.uat.oci.krungsri.tech/ords/api/v1/customer/individual/searchprofile,31,0,16
1778849899407,31,SearchIndividual,200,OK,SearchIndividual 2-1313,text,true,,620,2643,2,12,https://api-scuda.uat.oci.krungsri.tech/ords/api/v1/customer/individual/searchprofile,31,0,21
1778849899287,152,GetIndividual,200,OK,GetIndividual 1-798,text,true,,3884,3588,6,11,https://api-scuda.uat.oci.krungsri.tech/ic/api/v1/customer/individual/getprofile,152,0,52
1778849899401,47,SearchIndividual,200,OK,SearchIndividual 2-1310,text,true,,621,2603,2,11,https://api-scuda.uat.oci.krungsri.tech/ords/api/v1/customer/individual/searchprofile,47,0,17
1778849899447,42,SearchIndividual,200,OK,SearchIndividual 2-1314,text,true,,620,2602,5,16,https://api-scuda.uat.oci.krungsri.tech/ords/api/v1/customer/individual/searchprofile,41,0,27
1778849899404,86,GetIndividual,200,OK,GetIndividual 1-802,text,true,,3847,3588,5,15,https://api-scuda.uat.oci.krungsri.tech/ic/api/v1/customer/individual/getprofile,86,0,17
1778849899380,119,GetIndividual,200,OK,GetIndividual 1-801,text,true,,3931,3588,4,15,https://api-scuda.uat.oci.krungsri.tech/ic/api/v1/customer/individual/getprofile,119,0,33
1778849899470,31,SearchIndividual,200,OK,SearchIndividual 2-1316,text,true,,621,2610,4,15,https://api-scuda.uat.oci.krungsri.tech/ords/api/v1/customer/individual/searchprofile,31,0,20
1778849899464,37,SearchIndividual,200,OK,SearchIndividual 2-1315,text,true,,621,2613,3,14,https://api-scuda.uat.oci.krungsri.tech/ords/api/v1/customer/individual/searchprofile,37,0,26
1778849899419,85,GetIndividual,200,OK,GetIndividual 1-804,text,true,,3863,3588,4,14,https://api-scuda.uat.oci.krungsri.tech/ic/api/v1/customer/individual/getprofile,85,0,14
1778849899479,38,SearchIndividual,200,OK,SearchIndividual 2-1317,text,true,,621,2646,4,16,https://api-scuda.uat.oci.krungsri.tech/ords/api/v1/customer/individual/searchprofile,37,0,25
1778849899362,167,UpdateIndividual,200,OK,UpdateIndividual 4-526,text,true,,800,5510,7,16,https://api-scuda.uat.oci.krungsri.tech/ic/api/v1/customer/individual/updateprofile,167,0,23
1778849899381,154,UpdateIndividual,200,OK,UpdateIndividual 4-527,text,true,,800,4229,6,16,https://api-scuda.uat.oci.krungsri.tech/ic/api/v1/customer/individual/updateprofile,154,0,53
1778849899504,38,SearchJoint,200,OK,SearchJoint 10-31,text,true,,620,2626,1,16,https://api-scuda.uat.oci.krungsri.tech/ords/api/v1/customer/joint/searchprofile,37,0,23
1778849899515,34,SearchIndividual,200,OK,SearchIndividual 2-1319,text,true,,621,2613,4,15,https://api-scuda.uat.oci.krungsri.tech/ords/api/v1/customer/individual/searchprofile,34,0,22
1778849899489,62,SearchIndividual,200,OK,SearchIndividual 2-1318,text,true,,621,2602,3,14,https://api-scuda.uat.oci.krungsri.tech/ords/api/v1/customer/individual/searchprofile,61,0,45
1778849899516,44,SearchIndividual,200,OK,SearchIndividual 2-1320,text,true,,621,2610,3,14,https://api-scuda.uat.oci.krungsri.tech/ords/api/v1/customer/individual/searchprofile,44,0,21
1778849899532,34,SearchIndividual,200,OK,SearchIndividual 2-1321,text,true,,621,2613,2,13,https://api-scuda.uat.oci.krungsri.tech/ords/api/v1/customer/individual/searchprofile,34,0,18
1778849899385,186,UpdateIndividual,200,OK,UpdateIndividual 4-528,text,true,,799,5531,6,12,https://api-scuda.uat.oci.krungsri.tech/ic/api/v1/customer/individual/updateprofile,186,0,21
1778849899434,142,GetIndividual,200,OK,GetIndividual 1-805,text,true,,3801,3588,4,13,https://api-scuda.uat.oci.krungsri.tech/ic/api/v1/customer/individual/getprofile,142,0,23
1778849899560,44,SearchIndividual,200,OK,SearchIndividual 2-1322,text,true,,620,2602,6,18,https://api-scuda.uat.oci.krungsri.tech/ords/api/v1/customer/individual/searchprofile,43,0,23
1778849899411,194,GetIndividual,200,OK,GetIndividual 1-803,text,true,,3787,3588,4,17,https://api-scuda.uat.oci.krungsri.tech/ic/api/v1/customer/individual/getprofile,194,0,65
1778849899500,105,GetIndividual,200,OK,GetIndividual 1-806,text,true,,3809,3587,4,17,https://api-scuda.uat.oci.krungsri.tech/ic/api/v1/customer/individual/getprofile,105,0,24
1778849899581,35,SearchIndividual,200,OK,SearchIndividual 2-1324,text,true,,621,2613,5,15,https://api-scuda.uat.oci.krungsri.tech/ords/api/v1/customer/individual/searchprofile,35,0,23
1778849899499,125,UpdateIndividual,200,OK,UpdateIndividual 4-530,text,true,,800,4230,6,17,https://api-scuda.uat.oci.krungsri.tech/ic/api/v1/customer/individual/updateprofile,125,0,20
1778849899592,24,SearchIndividual,200,OK,SearchIndividual 2-1325,text,true,,621,2629,5,15,https://api-scuda.uat.oci.krungsri.tech/ords/api/v1/customer/individual/searchprofile,24,0,13
1778849899577,35,SearchIndividual,200,OK,SearchIndividual 2-1323,text,true,,621,2601,5,15,https://api-scuda.uat.oci.krungsri.tech/ords/api/v1/customer/individual/searchprofile,35,0,21
1778849899592,40,SearchIndividual,200,OK,SearchIndividual 2-1326,text,true,,621,2611,4,13,https://api-scuda.uat.oci.krungsri.tech/ords/api/v1/customer/individual/searchprofile,40,0,25
1778849899598,37,SearchIndividual,200,OK,SearchIndividual 2-1327,text,true,,14606,2613,3,12,https://api-scuda.uat.oci.krungsri.tech/ords/api/v1/customer/individual/searchprofile,36,0,20
1778849899621,27,SearchIndividual,200,OK,SearchIndividual 2-1329,text,true,,14200,2606,2,11,https://api-scuda.uat.oci.krungsri.tech/ords/api/v1/customer/individual/searchprofile,27,0,10
1778849899492,160,UpdateIndividual,200,OK,UpdateIndividual 4-529,text,true,,800,5627,5,10,https://api-scuda.uat.oci.krungsri.tech/ic/api/v1/customer/individual/updateprofile,160,0,19
1778849899618,44,SearchIndividual,200,OK,SearchIndividual 2-1328,text,true,,621,2613,1,9,https://api-scuda.uat.oci.krungsri.tech/ords/api/v1/customer/individual/searchprofile,44,0,25
1778849899543,126,UpdateIndividual,200,OK,UpdateIndividual 4-533,text,true,,800,4227,4,8,https://api-scuda.uat.oci.krungsri.tech/ic/api/v1/customer/individual/updateprofile,126,0,22
1778849899581,94,GetIndividual,200,OK,GetIndividual 1-808,text,true,,3796,3588,3,9,https://api-scuda.uat.oci.krungsri.tech/ic/api/v1/customer/individual/getprofile,94,0,19
1778849899575,101,GetIndividual,200,OK,GetIndividual 1-807,text,true,,3769,3588,2,8,https://api-scuda.uat.oci.krungsri.tech/ic/api/v1/customer/individual/getprofile,101,0,20
1778849899514,171,UpdateIndividual,200,OK,UpdateIndividual 4-531,text,true,,799,4226,3,9,https://api-scuda.uat.oci.krungsri.tech/ic/api/v1/customer/individual/updateprofile,171,0,22
1778849899670,26,SearchIndividual,200,OK,SearchIndividual 2-1330,text,true,,621,2613,3,10,https://api-scuda.uat.oci.krungsri.tech/ords/api/v1/customer/individual/searchprofile,26,0,14
1778849899679,33,SearchIndividual,200,OK,SearchIndividual 2-1331,text,true,,14181,2605,3,10,https://api-scuda.uat.oci.krungsri.tech/ords/api/v1/customer/individual/searchprofile,33,0,19
1778849899692,28,SearchIndividual,200,OK,SearchIndividual 2-1332,text,true,,14442,2610,3,13,https://api-scuda.uat.oci.krungsri.tech/ords/api/v1/customer/individual/searchprofile,28,0,17
1778849899524,199,UpdateIndividual,200,OK,UpdateIndividual 4-532,text,true,,800,5548,3,12,https://api-scuda.uat.oci.krungsri.tech/ic/api/v1/customer/individual/updateprofile,199,0,23
1778849899701,29,SearchIndividual,200,OK,SearchIndividual 2-1333,text,true,,621,2602,2,11,https://api-scuda.uat.oci.krungsri.tech/ords/api/v1/customer/individual/searchprofile,29,0,18
1778849899720,34,SearchIndividual,200,OK,SearchIndividual 2-1334,text,true,,14359,2608,3,14,https://api-scuda.uat.oci.krungsri.tech/ords/api/v1/customer/individual/searchprofile,34,0,21
1778849899600,162,UpdateIndividual,200,OK,UpdateIndividual 4-534,text,true,,800,5600,3,15,https://api-scuda.uat.oci.krungsri.tech/ic/api/v1/customer/individual/updateprofile,162,0,13
1778849899673,93,GetIndividual,200,OK,GetIndividual 1-809,text,true,,3865,3588,6,15,https://api-scuda.uat.oci.krungsri.tech/ic/api/v1/customer/individual/getprofile,93,0,20
1778849899321,447,CreateJuristic,201,Created,CreateJuristic 7-31,text,true,,1172,7928,1,14,https://api-scuda.uat.oci.krungsri.tech/ic/api/v1/customer/juristic/createprofile,447,0,23
1778849899738,34,SearchIndividual,200,OK,SearchIndividual 2-1335,text,true,,621,2622,2,13,https://api-scuda.uat.oci.krungsri.tech/ords/api/v1/customer/individual/searchprofile,34,0,22
1778849899696,85,GetJuristic,200,OK,GetJuristic 5-31,text,true,,3459,3533,1,13,https://api-scuda.uat.oci.krungsri.tech/ic/api/v1/customer/juristic/getprofile,85,0,15
1778849899755,36,SearchIndividual,200,OK,SearchIndividual 2-1336,text,true,,621,2613,2,12,https://api-scuda.uat.oci.krungsri.tech/ords/api/v1/customer/individual/searchprofile,35,0,21
1778849899778,24,SearchIndividual,200,OK,SearchIndividual 2-1337,text,true,,621,2606,1,13,https://api-scuda.uat.oci.krungsri.tech/ords/api/v1/customer/individual/searchprofile,24,0,14
1778849899473,333,CreateJoint,200,OK,CreateJoint 11-31,text,true,,1813,5921,1,12,https://api-scuda.uat.oci.krungsri.tech/ic/api/v1/customer/joint/createprofile,333,0,22
1778849899684,137,GetIndividual,200,OK,GetIndividual 1-810,text,true,,3825,3588,5,12,https://api-scuda.uat.oci.krungsri.tech/ic/api/v1/customer/individual/getprofile,137,0,21
1778849899719,108,GetIndividual,200,OK,GetIndividual 1-812,text,true,,3845,3588,4,11,https://api-scuda.uat.oci.krungsri.tech/ic/api/v1/customer/individual/getprofile,108,0,33
1778849899719,124,GetIndividual,200,OK,GetIndividual 1-811,text,true,,3781,3588,3,10,https://api-scuda.uat.oci.krungsri.tech/ic/api/v1/customer/individual/getprofile,124,0,17
1778849899759,94,GetIndividual,200,OK,GetIndividual 1-813,text,true,,3883,3588,2,10,https://api-scuda.uat.oci.krungsri.tech/ic/api/v1/customer/individual/getprofile,94,0,22
1778849899764,90,GetIndividual,200,OK,GetIndividual 1-814,text,true,,3883,3588,1,9,https://api-scuda.uat.oci.krungsri.tech/ic/api/v1/customer/individual/getprofile,90,0,17
1778849899720,169,UpdateIndividual,200,OK,UpdateIndividual 4-535,text,true,,800,5612,5,9,https://api-scuda.uat.oci.krungsri.tech/ic/api/v1/customer/individual/updateprofile,169,0,22
1778849899764,160,UpdateIndividual,200,OK,UpdateIndividual 4-536,text,true,,800,5546,4,14,https://api-scuda.uat.oci.krungsri.tech/ic/api/v1/customer/individual/updateprofile,160,0,18
1778849899890,37,SearchJuristic,200,OK,SearchJuristic 6-32,text,true,,621,2611,1,13,https://api-scuda.uat.oci.krungsri.tech/ords/api/v1/customer/juristic/searchprofile,37,0,22
1778849899893,35,SearchIndividual,200,OK,SearchIndividual 2-1338,text,true,,13941,2611,4,13,https://api-scuda.uat.oci.krungsri.tech/ords/api/v1/customer/individual/searchprofile,35,0,20
1778849899816,119,UpdateIndividual,200,OK,UpdateIndividual 4-538,text,true,,800,4227,3,12,https://api-scuda.uat.oci.krungsri.tech/ic/api/v1/customer/individual/updateprofile,119,0,18
1778849899796,148,UpdateIndividual,200,OK,UpdateIndividual 4-537,text,true,,800,5599,2,12,https://api-scuda.uat.oci.krungsri.tech/ic/api/v1/customer/individual/updateprofile,148,0,14
1778849899922,23,SearchIndividual,200,OK,SearchIndividual 2-1340,text,true,,621,2644,4,11,https://api-scuda.uat.oci.krungsri.tech/ords/api/v1/customer/individual/searchprofile,23,0,11
1778849899914,34,SearchIndividual,200,OK,SearchIndividual 2-1339,text,true,,621,2603,3,10,https://api-scuda.uat.oci.krungsri.tech/ords/api/v1/customer/individual/searchprofile,34,0,23
1778849899929,31,SearchIndividual,200,OK,SearchIndividual 2-1341,text,true,,621,2606,2,9,https://api-scuda.uat.oci.krungsri.tech/ords/api/v1/customer/individual/searchprofile,30,0,18
1778849899848,114,UpdateIndividual,200,OK,UpdateIndividual 4-539,text,true,,800,4230,1,9,https://api-scuda.uat.oci.krungsri.tech/ic/api/v1/customer/individual/updateprofile,114,0,20
1778849899941,27,SearchIndividual,200,OK,SearchIndividual 2-1342,text,true,,621,2613,2,8,https://api-scuda.uat.oci.krungsri.tech/ords/api/v1/customer/individual/searchprofile,27,0,17
1778849899876,108,GetIndividual,200,OK,GetIndividual 1-815,text,true,,3838,3587,3,9,https://api-scuda.uat.oci.krungsri.tech/ic/api/v1/customer/individual/getprofile,108,0,27
1778849899970,28,SearchIndividual,200,OK,SearchIndividual 2-1344,text,true,,621,2613,3,9,https://api-scuda.uat.oci.krungsri.tech/ords/api/v1/customer/individual/searchprofile,28,0,16
1778849899800,199,GetJoint,200,OK,GetJoint 9-31,text,true,,1431,3530,1,8,https://api-scuda.uat.oci.krungsri.tech/ic/api/v1/customer/joint/getprofile,199,0,19
1778849899961,39,SearchIndividual,200,OK,SearchIndividual 2-1343,text,true,,621,2606,2,7,https://api-scuda.uat.oci.krungsri.tech/ords/api/v1/customer/individual/searchprofile,38,0,18
1778849899905,99,GetIndividual,200,OK,GetIndividual 1-816,text,true,,3800,3588,2,7,https://api-scuda.uat.oci.krungsri.tech/ic/api/v1/customer/individual/getprofile,99,0,20
1778849899924,89,GetIndividual,200,OK,GetIndividual 1-817,text,true,,3823,3588,1,7,https://api-scuda.uat.oci.krungsri.tech/ic/api/v1/customer/individual/getprofile,89,0,18
1778849899984,30,SearchIndividual,200,OK,SearchIndividual 2-1345,text,true,,621,2638,3,6,https://api-scuda.uat.oci.krungsri.tech/ords/api/v1/customer/individual/searchprofile,30,0,19
1778849900005,19,SearchIndividual,200,OK,SearchIndividual 2-1347,text,true,,621,2634,3,8,https://api-scuda.uat.oci.krungsri.tech/ords/api/v1/customer/individual/searchprofile,19,0,9
1778849900002,26,SearchIndividual,200,OK,SearchIndividual 2-1346,text,true,,621,2601,2,8,https://api-scuda.uat.oci.krungsri.tech/ords/api/v1/customer/individual/searchprofile,26,0,16
1778849900019,23,SearchIndividual,200,OK,SearchIndividual 2-1348,text,true,,621,2602,2,8,https://api-scuda.uat.oci.krungsri.tech/ords/api/v1/customer/individual/searchprofile,23,0,13
1778849900033,46,SearchIndividual,200,OK,SearchIndividual 2-1349,text,true,,621,2613,1,9,https://api-scuda.uat.oci.krungsri.tech/ords/api/v1/customer/individual/searchprofile,46,0,32
1778849899749,342,UpdateJuristic,200,OK,UpdateJuristic 8-31,text,true,,800,5780,1,9,https://api-scuda.uat.oci.krungsri.tech/ic/api/v1/customer/juristic/updateprofile,342,0,20
1778849900029,85,GetIndividual,200,OK,GetIndividual 1-819,text,true,,3882,3588,4,10,https://api-scuda.uat.oci.krungsri.tech/ic/api/v1/customer/individual/getprofile,85,0,13
1778849900021,98,GetIndividual,200,OK,GetIndividual 1-818,text,true,,3884,3588,4,10,https://api-scuda.uat.oci.krungsri.tech/ic/api/v1/customer/individual/getprofile,98,0,20
1778849900109,34,SearchIndividual,200,OK,SearchIndividual 2-1350,text,true,,621,2613,3,10,https://api-scuda.uat.oci.krungsri.tech/ords/api/v1/customer/individual/searchprofile,34,0,19
1778849900109,37,SearchIndividual,200,OK,SearchIndividual 2-1351,text,true,,621,2613,2,9,https://api-scuda.uat.oci.krungsri.tech/ords/api/v1/customer/individual/searchprofile,37,0,22
1778849900018,130,UpdateIndividual,200,OK,UpdateIndividual 4-541,text,true,,800,4229,2,8,https://api-scuda.uat.oci.krungsri.tech/ic/api/v1/customer/individual/updateprofile,130,0,29
1778849900075,76,GetIndividual,200,OK,GetIndividual 1-821,text,true,,3841,3588,2,7,https://api-scuda.uat.oci.krungsri.tech/ic/api/v1/customer/individual/getprofile,76,0,11
1778849900066,93,GetIndividual,200,OK,GetIndividual 1-820,text,true,,3823,3588,1,6,https://api-scuda.uat.oci.krungsri.tech/ic/api/v1/customer/individual/getprofile,93,0,23
1778849900138,23,SearchIndividual,200,OK,SearchIndividual 2-1352,text,true,,621,2602,1,5,https://api-scuda.uat.oci.krungsri.tech/ords/api/v1/customer/individual/searchprofile,23,0,11
1778849900001,164,UpdateIndividual,200,OK,UpdateIndividual 4-540,text,true,,800,5521,1,4,https://api-scuda.uat.oci.krungsri.tech/ic/api/v1/customer/individual/updateprofile,164,0,16
1778849900088,86,GetJoint,200,OK,GetJoint 9-32,text,true,,1428,3529,1,3,https://api-scuda.uat.oci.krungsri.tech/ic/api/v1/customer/joint/getprofile,86,0,11
1778849900131,95,GetJuristic,200,OK,GetJuristic 5-32,text,true,,3496,3533,1,8,https://api-scuda.uat.oci.krungsri.tech/ic/api/v1/customer/juristic/getprofile,95,0,22
1778849900227,30,SearchIndividual,200,OK,SearchIndividual 2-1353,text,true,,621,2629,3,11,https://api-scuda.uat.oci.krungsri.tech/ords/api/v1/customer/individual/searchprofile,30,0,20
1778849900229,31,SearchIndividual,200,OK,SearchIndividual 2-1354,text,true,,621,2641,2,10,https://api-scuda.uat.oci.krungsri.tech/ords/api/v1/customer/individual/searchprofile,31,0,19
1778849900241,28,SearchIndividual,200,OK,SearchIndividual 2-1355,text,true,,621,2640,1,10,https://api-scuda.uat.oci.krungsri.tech/ords/api/v1/customer/individual/searchprofile,28,0,17
1778849900188,94,GetIndividual,200,OK,GetIndividual 1-822,text,true,,3817,3588,5,10,https://api-scuda.uat.oci.krungsri.tech/ic/api/v1/customer/individual/getprofile,94,0,21
1778849900199,89,GetIndividual,200,OK,GetIndividual 1-823,text,true,,3847,3588,4,9,https://api-scuda.uat.oci.krungsri.tech/ic/api/v1/customer/individual/getprofile,89,0,19
1778849900214,87,GetIndividual,200,OK,GetIndividual 1-824,text,true,,3875,3588,6,15,https://api-scuda.uat.oci.krungsri.tech/ic/api/v1/customer/individual/getprofile,87,0,22
1778849899738,565,CreateIndividual,201,Created,CreateIndividual 3-31,text,true,,1171,8287,2,14,https://api-scuda.uat.oci.krungsri.tech/ic/api/v1/customer/individual/createprofile,565,0,19
1778849900222,86,GetIndividual,200,OK,GetIndividual 1-825,text,true,,3803,3587,5,13,https://api-scuda.uat.oci.krungsri.tech/ic/api/v1/customer/individual/getprofile,86,0,17
1778849900278,37,SearchIndividual,200,OK,SearchIndividual 2-1356,text,true,,621,2617,6,14,https://api-scuda.uat.oci.krungsri.tech/ords/api/v1/customer/individual/searchprofile,36,0,21
1778849900300,29,SearchIndividual,200,OK,SearchIndividual 2-1359,text,true,,621,2613,5,13,https://api-scuda.uat.oci.krungsri.tech/ords/api/v1/customer/individual/searchprofile,29,0,19
1778849900295,34,SearchIndividual,200,OK,SearchIndividual 2-1357,text,true,,621,2613,4,12,https://api-scuda.uat.oci.krungsri.tech/ords/api/v1/customer/individual/searchprofile,34,0,22
1778849900299,34,SearchIndividual,200,OK,SearchIndividual 2-1358,text,true,,621,2628,3,11,https://api-scuda.uat.oci.krungsri.tech/ords/api/v1/customer/individual/searchprofile,34,0,24
1778849900300,33,SearchIndividual,200,OK,SearchIndividual 2-1360,text,true,,621,2601,3,11,https://api-scuda.uat.oci.krungsri.tech/ords/api/v1/customer/individual/searchprofile,33,0,22
1778849900253,88,GetIndividual,200,OK,GetIndividual 1-826,text,true,,3839,3588,6,11,https://api-scuda.uat.oci.krungsri.tech/ic/api/v1/customer/individual/getprofile,88,0,14
1778849900313,32,SearchIndividual,200,OK,SearchIndividual 2-1361,text,true,,621,2613,3,12,https://api-scuda.uat.oci.krungsri.tech/ords/api/v1/customer/individual/searchprofile,32,0,20
1778849900261,109,UpdateIndividual,200,OK,UpdateIndividual 4-542,text,true,,800,4227,3,15,https://api-scuda.uat.oci.krungsri.tech/ic/api/v1/customer/individual/updateprofile,109,0,15
1778849900336,41,SearchIndividual,200,OK,SearchIndividual 2-1362,text,true,,621,2610,3,16,https://api-scuda.uat.oci.krungsri.tech/ords/api/v1/customer/individual/searchprofile,41,0,24
1778849900343,36,SearchIndividual,200,OK,SearchIndividual 2-1363,text,true,,621,2604,2,15,https://api-scuda.uat.oci.krungsri.tech/ords/api/v1/customer/individual/searchprofile,35,0,22
1778849900291,94,GetIndividual,200,OK,GetIndividual 1-827,text,true,,3767,3588,9,15,https://api-scuda.uat.oci.krungsri.tech/ic/api/v1/customer/individual/getprofile,94,0,20
1778849900298,90,GetIndividual,200,OK,GetIndividual 1-828,text,true,,3871,3588,8,14,https://api-scuda.uat.oci.krungsri.tech/ic/api/v1/customer/individual/getprofile,90,0,20
1778849900301,98,GetIndividual,200,OK,GetIndividual 1-829,text,true,,3824,3588,7,14,https://api-scuda.uat.oci.krungsri.tech/ic/api/v1/customer/individual/getprofile,98,0,20
1778849900315,89,GetIndividual,200,OK,GetIndividual 1-830,text,true,,3865,3587,6,14,https://api-scuda.uat.oci.krungsri.tech/ic/api/v1/customer/individual/getprofile,89,0,15
1778849900376,31,SearchIndividual,200,OK,SearchIndividual 2-1364,text,true,,621,2613,4,14,https://api-scuda.uat.oci.krungsri.tech/ords/api/v1/customer/individual/searchprofile,31,0,16
1778849900266,150,UpdateIndividual,200,OK,UpdateIndividual 4-543,text,true,,800,5671,4,14,https://api-scuda.uat.oci.krungsri.tech/ic/api/v1/customer/individual/updateprofile,149,0,18
1778849900383,40,SearchIndividual,200,OK,SearchIndividual 2-1365,text,true,,620,2612,4,15,https://api-scuda.uat.oci.krungsri.tech/ords/api/v1/customer/individual/searchprofile,40,0,23
1778849900403,24,SearchIndividual,200,OK,SearchIndividual 2-1366,text,true,,621,2602,3,15,https://api-scuda.uat.oci.krungsri.tech/ords/api/v1/customer/individual/searchprofile,24,0,13
1778849900406,30,SearchIndividual,200,OK,SearchIndividual 2-1367,text,true,,14467,2610,4,17,https://api-scuda.uat.oci.krungsri.tech/ords/api/v1/customer/individual/searchprofile,29,0,13
1778849900343,98,GetIndividual,200,OK,GetIndividual 1-832,text,true,,3850,3588,6,16,https://api-scuda.uat.oci.krungsri.tech/ic/api/v1/customer/individual/getprofile,98,0,17
1778849900338,105,GetIndividual,200,OK,GetIndividual 1-831,text,true,,3802,3588,5,16,https://api-scuda.uat.oci.krungsri.tech/ic/api/v1/customer/individual/getprofile,105,0,23
1778849900362,86,GetIndividual,200,OK,GetIndividual 1-835,text,true,,3846,3588,4,15,https://api-scuda.uat.oci.krungsri.tech/ic/api/v1/customer/individual/getprofile,86,0,18
1778849900347,102,GetIndividual,200,OK,GetIndividual 1-833,text,true,,3813,3588,3,14,https://api-scuda.uat.oci.krungsri.tech/ic/api/v1/customer/individual/getprofile,102,0,21
1778849900419,32,SearchIndividual,200,OK,SearchIndividual 2-1368,text,true,,621,2613,4,14,https://api-scuda.uat.oci.krungsri.tech/ords/api/v1/customer/individual/searchprofile,32,0,22
1778849900349,106,GetIndividual,200,OK,GetIndividual 1-834,text,true,,3845,3588,3,13,https://api-scuda.uat.oci.krungsri.tech/ic/api/v1/customer/individual/getprofile,106,0,25
1778849900433,30,SearchIndividual,200,OK,SearchIndividual 2-1370,text,true,,619,2611,3,14,https://api-scuda.uat.oci.krungsri.tech/ords/api/v1/customer/individual/searchprofile,29,0,19
1778849900432,33,SearchIndividual,200,OK,SearchIndividual 2-1369,text,true,,14306,2606,2,13,https://api-scuda.uat.oci.krungsri.tech/ords/api/v1/customer/individual/searchprofile,32,0,20
1778849900442,31,SearchIndividual,200,OK,SearchIndividual 2-1371,text,true,,621,2613,3,14,https://api-scuda.uat.oci.krungsri.tech/ords/api/v1/customer/individual/searchprofile,30,0,20
1778849900369,111,UpdateIndividual,200,OK,UpdateIndividual 4-544,text,true,,800,4229,6,13,https://api-scuda.uat.oci.krungsri.tech/ic/api/v1/customer/individual/updateprofile,111,0,19
1778849900375,109,UpdateIndividual,200,OK,UpdateIndividual 4-545,text,true,,800,4230,5,12,https://api-scuda.uat.oci.krungsri.tech/ic/api/v1/customer/individual/updateprofile,109,0,18
1778849900466,33,SearchIndividual,200,OK,SearchIndividual 2-1372,text,true,,620,2619,2,12,https://api-scuda.uat.oci.krungsri.tech/ords/api/v1/customer/individual/searchprofile,33,0,23
1778849900472,30,SearchIndividual,200,OK,SearchIndividual 2-1373,text,true,,621,2613,1,12,https://api-scuda.uat.oci.krungsri.tech/ords/api/v1/customer/individual/searchprofile,30,0,21
1778849900191,320,CreateIndividual,201,Created,CreateIndividual 3-32,text,true,,1172,8661,1,12,https://api-scuda.uat.oci.krungsri.tech/ic/api/v1/customer/individual/createprofile,320,0,29
1778849900426,101,GetIndividual,200,OK,GetIndividual 1-836,text,true,,3796,3588,5,14,https://api-scuda.uat.oci.krungsri.tech/ic/api/v1/customer/individual/getprofile,101,0,22
1778849900414,116,UpdateIndividual,200,OK,UpdateIndividual 4-546,text,true,,800,4227,5,13,https://api-scuda.uat.oci.krungsri.tech/ic/api/v1/customer/individual/updateprofile,116,0,21
1778849900420,114,UpdateIndividual,200,OK,UpdateIndividual 4-547,text,true,,800,4227,5,13,https://api-scuda.uat.oci.krungsri.tech/ic/api/v1/customer/individual/updateprofile,114,0,20
1778849900452,92,GetIndividual,200,OK,GetIndividual 1-837,text,true,,3877,3587,4,14,https://api-scuda.uat.oci.krungsri.tech/ic/api/v1/customer/individual/getprofile,92,0,19
1778849900514,36,SearchIndividual,200,OK,SearchIndividual 2-1374,text,true,,14088,2605,4,16,https://api-scuda.uat.oci.krungsri.tech/ords/api/v1/customer/individual/searchprofile,36,0,22
1778849900526,28,SearchIndividual,200,OK,SearchIndividual 2-1376,text,true,,621,2613,5,17,https://api-scuda.uat.oci.krungsri.tech/ords/api/v1/customer/individual/searchprofile,28,0,17
1778849900459,95,GetIndividual,200,OK,GetIndividual 1-838,text,true,,3850,3588,5,17,https://api-scuda.uat.oci.krungsri.tech/ic/api/v1/customer/individual/getprofile,95,0,26
1778849900519,38,SearchIndividual,200,OK,SearchIndividual 2-1375,text,true,,14640,2601,4,15,https://api-scuda.uat.oci.krungsri.tech/ords/api/v1/customer/individual/searchprofile,38,0,20
1778849900545,37,SearchIndividual,200,OK,SearchIndividual 2-1377,text,true,,621,2613,3,16,https://api-scuda.uat.oci.krungsri.tech/ords/api/v1/customer/individual/searchprofile,37,0,23
1778849900494,89,GetIndividual,200,OK,GetIndividual 1-839,text,true,,3893,3586,4,15,https://api-scuda.uat.oci.krungsri.tech/ic/api/v1/customer/individual/getprofile,89,0,14
1778849900553,32,SearchIndividual,200,OK,SearchIndividual 2-1379,text,true,,621,2613,2,15,https://api-scuda.uat.oci.krungsri.tech/ords/api/v1/customer/individual/searchprofile,32,0,20
1778849900553,33,SearchIndividual,200,OK,SearchIndividual 2-1378,text,true,,621,2616,1,15,https://api-scuda.uat.oci.krungsri.tech/ords/api/v1/customer/individual/searchprofile,33,0,21
1778849900558,33,SearchJoint,200,OK,SearchJoint 10-32,text,true,,621,2627,1,15,https://api-scuda.uat.oci.krungsri.tech/ords/api/v1/customer/joint/searchprofile,33,0,21
1778849900506,96,GetIndividual,200,OK,GetIndividual 1-840,text,true,,3831,3588,4,16,https://api-scuda.uat.oci.krungsri.tech/ic/api/v1/customer/individual/getprofile,96,0,21
1778849900437,168,UpdateIndividual,200,OK,UpdateIndividual 4-548,text,true,,800,5501,9,15,https://api-scuda.uat.oci.krungsri.tech/ic/api/v1/customer/individual/updateprofile,168,0,25
1778849900463,163,UpdateIndividual,200,OK,UpdateIndividual 4-549,text,true,,800,5584,9,19,https://api-scuda.uat.oci.krungsri.tech/ic/api/v1/customer/individual/updateprofile,163,0,17
1778849900505,121,UpdateIndividual,200,OK,UpdateIndividual 4-550,text,true,,800,4229,9,19,https://api-scuda.uat.oci.krungsri.tech/ic/api/v1/customer/individual/updateprofile,121,0,22
1778849900590,34,SearchIndividual,200,OK,SearchIndividual 2-1380,text,true,,621,2613,5,19,https://api-scuda.uat.oci.krungsri.tech/ords/api/v1/customer/individual/searchprofile,34,0,22
1778849900599,32,SearchIndividual,200,OK,SearchIndividual 2-1381,text,true,,620,2619,4,17,https://api-scuda.uat.oci.krungsri.tech/ords/api/v1/customer/individual/searchprofile,32,0,19
1778849900547,89,GetIndividual,200,OK,GetIndividual 1-841,text,true,,3844,3588,4,16,https://api-scuda.uat.oci.krungsri.tech/ic/api/v1/customer/individual/getprofile,89,0,17
1778849900548,95,GetIndividual,200,OK,GetIndividual 1-842,text,true,,3827,3588,3,15,https://api-scuda.uat.oci.krungsri.tech/ic/api/v1/customer/individual/getprofile,95,0,20
1778849900610,33,SearchIndividual,200,OK,SearchIndividual 2-1382,text,true,,621,2622,3,15,https://api-scuda.uat.oci.krungsri.tech/ords/api/v1/customer/individual/searchprofile,33,0,22
1778849900615,29,SearchIndividual,200,OK,SearchIndividual 2-1383,text,true,,621,2620,2,13,https://api-scuda.uat.oci.krungsri.tech/ords/api/v1/customer/individual/searchprofile,29,0,17
1778849900617,30,SearchIndividual,200,OK,SearchIndividual 2-1384,text,true,,621,2605,1,13,https://api-scuda.uat.oci.krungsri.tech/ords/api/v1/customer/individual/searchprofile,30,0,20
1778849900586,94,GetIndividual,200,OK,GetIndividual 1-843,text,true,,3856,3588,3,16,https://api-scuda.uat.oci.krungsri.tech/ic/api/v1/customer/individual/getprofile,94,0,22
1778849900656,30,SearchIndividual,200,OK,SearchIndividual 2-1385,text,true,,621,2602,2,15,https://api-scuda.uat.oci.krungsri.tech/ords/api/v1/customer/individual/searchprofile,30,0,20
1778849900562,128,UpdateIndividual,200,OK,UpdateIndividual 4-554,text,true,,800,4228,9,14,https://api-scuda.uat.oci.krungsri.tech/ic/api/v1/customer/individual/updateprofile,128,0,21
1778849900551,140,UpdateIndividual,200,OK,UpdateIndividual 4-553,text,true,,800,4227,8,13,https://api-scuda.uat.oci.krungsri.tech/ic/api/v1/customer/individual/updateprofile,140,0,23
1778849900540,152,UpdateIndividual,200,OK,UpdateIndividual 4-552,text,true,,800,5627,7,12,https://api-scuda.uat.oci.krungsri.tech/ic/api/v1/customer/individual/updateprofile,152,0,23
1778849900535,158,UpdateIndividual,200,OK,UpdateIndividual 4-551,text,true,,799,5604,7,12,https://api-scuda.uat.oci.krungsri.tech/ic/api/v1/customer/individual/updateprofile,158,0,14
1778849900680,27,SearchIndividual,200,OK,SearchIndividual 2-1386,text,true,,621,2614,2,12,https://api-scuda.uat.oci.krungsri.tech/ords/api/v1/customer/individual/searchprofile,27,0,17
1778849900696,34,SearchIndividual,200,OK,SearchIndividual 2-1387,text,true,,621,2614,1,14,https://api-scuda.uat.oci.krungsri.tech/ords/api/v1/customer/individual/searchprofile,34,0,22
1778849900623,112,UpdateIndividual,200,OK,UpdateIndividual 4-557,text,true,,800,4227,7,13,https://api-scuda.uat.oci.krungsri.tech/ic/api/v1/customer/individual/updateprofile,112,0,21
1778849900597,140,UpdateIndividual,200,OK,UpdateIndividual 4-556,text,true,,800,4229,6,12,https://api-scuda.uat.oci.krungsri.tech/ic/api/v1/customer/individual/updateprofile,140,0,24
1778849900588,152,UpdateIndividual,200,OK,UpdateIndividual 4-555,text,true,,800,4227,5,12,https://api-scuda.uat.oci.krungsri.tech/ic/api/v1/customer/individual/updateprofile,152,0,20
1778849900630,110,GetIndividual,200,OK,GetIndividual 1-844,text,true,,3829,3588,4,12,https://api-scuda.uat.oci.krungsri.tech/ic/api/v1/customer/individual/getprofile,110,0,20
1778849900614,143,UpdateJoint,200,OK,UpdateJoint 12-32,text,true,,800,4592,1,14,https://api-scuda.uat.oci.krungsri.tech/ic/api/v1/customer/joint/updateprofile,143,0,15
1778849900739,26,SearchIndividual,200,OK,SearchIndividual 2-1388,text,true,,621,2616,4,13,https://api-scuda.uat.oci.krungsri.tech/ords/api/v1/customer/individual/searchprofile,26,0,15
1778849900396,379,CreateJoint,200,OK,CreateJoint 11-32,text,true,,1813,5842,1,14,https://api-scuda.uat.oci.krungsri.tech/ic/api/v1/customer/joint/createprofile,379,0,22
1778849900745,31,SearchIndividual,200,OK,SearchIndividual 2-1389,text,true,,621,2649,4,13,https://api-scuda.uat.oci.krungsri.tech/ords/api/v1/customer/individual/searchprofile,30,0,18
1778849900652,133,UpdateIndividual,200,OK,UpdateIndividual 4-559,text,true,,799,4228,4,12,https://api-scuda.uat.oci.krungsri.tech/ic/api/v1/customer/individual/updateprofile,133,0,18
1778849900755,32,SearchIndividual,200,OK,SearchIndividual 2-1391,text,true,,621,2613,3,11,https://api-scuda.uat.oci.krungsri.tech/ords/api/v1/customer/individual/searchprofile,32,0,22
1778849900751,37,SearchIndividual,200,OK,SearchIndividual 2-1390,text,true,,621,2610,2,10,https://api-scuda.uat.oci.krungsri.tech/ords/api/v1/customer/individual/searchprofile,37,0,22
1778849900693,98,GetIndividual,200,OK,GetIndividual 1-846,text,true,,3819,3588,5,10,https://api-scuda.uat.oci.krungsri.tech/ic/api/v1/customer/individual/getprofile,98,0,18
1778849900680,116,GetIndividual,200,OK,GetIndividual 1-845,text,true,,3858,3588,4,12,https://api-scuda.uat.oci.krungsri.tech/ic/api/v1/customer/individual/getprofile,116,0,22
1778849900773,33,SearchIndividual,200,OK,SearchIndividual 2-1392,text,true,,621,2613,3,11,https://api-scuda.uat.oci.krungsri.tech/ords/api/v1/customer/individual/searchprofile,33,0,21
1778849900717,101,GetIndividual,200,OK,GetIndividual 1-847,text,true,,3833,3588,3,11,https://api-scuda.uat.oci.krungsri.tech/ic/api/v1/customer/individual/getprofile,101,0,23
1778849900795,45,SearchIndividual,200,OK,SearchIndividual 2-1394,text,true,,620,2667,3,11,https://api-scuda.uat.oci.krungsri.tech/ords/api/v1/customer/individual/searchprofile,45,0,30
1778849900817,32,SearchIndividual,200,OK,SearchIndividual 2-1395,text,true,,621,2601,2,10,https://api-scuda.uat.oci.krungsri.tech/ords/api/v1/customer/individual/searchprofile,31,0,20
1778849900792,59,SearchIndividual,200,OK,SearchIndividual 2-1393,text,true,,621,2631,1,9,https://api-scuda.uat.oci.krungsri.tech/ords/api/v1/customer/individual/searchprofile,58,0,20
1778849900731,120,UpdateIndividual,200,OK,UpdateIndividual 4-560,text,true,,800,4227,4,9,https://api-scuda.uat.oci.krungsri.tech/ic/api/v1/customer/individual/updateprofile,120,0,22
1778849900651,222,UpdateIndividual,200,OK,UpdateIndividual 4-558,text,true,,800,5473,3,10,https://api-scuda.uat.oci.krungsri.tech/ic/api/v1/customer/individual/updateprofile,222,0,23
1778849900766,110,GetIndividual,200,OK,GetIndividual 1-848,text,true,,3917,3588,4,9,https://api-scuda.uat.oci.krungsri.tech/ic/api/v1/customer/individual/getprofile,110,0,11
1778849900732,151,UpdateIndividual,200,OK,UpdateIndividual 4-561,text,true,,800,4227,3,9,https://api-scuda.uat.oci.krungsri.tech/ic/api/v1/customer/individual/updateprofile,151,0,21
1778849900791,106,GetIndividual,200,OK,GetIndividual 1-849,text,true,,3865,3588,3,10,https://api-scuda.uat.oci.krungsri.tech/ic/api/v1/customer/individual/getprofile,106,0,20
1778849900884,33,SearchIndividual,200,OK,SearchIndividual 2-1396,text,true,,14156,2607,2,11,https://api-scuda.uat.oci.krungsri.tech/ords/api/v1/customer/individual/searchprofile,33,0,20
1778849900853,80,GetIndividual,200,OK,GetIndividual 1-851,text,true,,3831,3588,4,12,https://api-scuda.uat.oci.krungsri.tech/ic/api/v1/customer/individual/getprofile,80,0,15
1778849900888,86,SearchIndividual,200,OK,SearchIndividual 2-1397,text,true,,621,2603,3,13,https://api-scuda.uat.oci.krungsri.tech/ords/api/v1/customer/individual/searchprofile,86,0,57
1778849900943,37,SearchIndividual,200,OK,SearchIndividual 2-1398,text,true,,621,2613,2,14,https://api-scuda.uat.oci.krungsri.tech/ords/api/v1/customer/individual/searchprofile,37,0,20
1778849900959,40,SearchIndividual,200,OK,SearchIndividual 2-1399,text,true,,621,2613,2,18,https://api-scuda.uat.oci.krungsri.tech/ords/api/v1/customer/individual/searchprofile,40,0,20
1778849900825,179,GetIndividual,200,OK,GetIndividual 1-850,text,true,,3841,3588,7,17,https://api-scuda.uat.oci.krungsri.tech/ic/api/v1/customer/individual/getprofile,179,0,58
1778849900797,218,UpdateJuristic,200,OK,UpdateJuristic 8-32,text,true,,800,5780,1,16,https://api-scuda.uat.oci.krungsri.tech/ic/api/v1/customer/juristic/updateprofile,218,0,26
1778849900917,99,GetIndividual,200,OK,GetIndividual 1-852,text,true,,3861,3588,6,15,https://api-scuda.uat.oci.krungsri.tech/ic/api/v1/customer/individual/getprofile,99,0,25
1778849900923,94,GetIndividual,200,OK,GetIndividual 1-853,text,true,,3817,3588,5,14,https://api-scuda.uat.oci.krungsri.tech/ic/api/v1/customer/individual/getprofile,94,0,20
1778849900855,171,UpdateIndividual,200,OK,UpdateIndividual 4-562,text,true,,800,5609,5,14,https://api-scuda.uat.oci.krungsri.tech/ic/api/v1/customer/individual/updateprofile,171,0,22
1778849900992,39,SearchIndividual,200,OK,SearchIndividual 2-1400,text,true,,621,2613,2,14,https://api-scuda.uat.oci.krungsri.tech/ords/api/v1/customer/individual/searchprofile,39,0,21
1778849900875,171,UpdateJoint,200,OK,UpdateJoint 12-33,text,true,,800,3614,1,14,https://api-scuda.uat.oci.krungsri.tech/ic/api/v1/customer/joint/updateprofile,171,0,19
1778849901031,39,SearchIndividual,200,OK,SearchIndividual 2-1401,text,true,,621,2619,3,15,https://api-scuda.uat.oci.krungsri.tech/ords/api/v1/customer/individual/searchprofile,39,0,22
1778849901041,32,SearchIndividual,200,OK,SearchIndividual 2-1402,text,true,,621,2610,2,14,https://api-scuda.uat.oci.krungsri.tech/ords/api/v1/customer/individual/searchprofile,32,0,21
1778849900976,101,GetIndividual,200,OK,GetIndividual 1-854,text,true,,3850,3588,5,13,https://api-scuda.uat.oci.krungsri.tech/ic/api/v1/customer/individual/getprofile,101,0,21
1778849900981,97,GetIndividual,200,OK,GetIndividual 1-856,text,true,,3850,3588,4,12,https://api-scuda.uat.oci.krungsri.tech/ic/api/v1/customer/individual/getprofile,97,0,27
1778849900882,197,UpdateIndividual,200,OK,UpdateIndividual 4-563,text,true,,800,5539,5,11,https://api-scuda.uat.oci.krungsri.tech/ic/api/v1/customer/individual/updateprofile,197,0,32
1778849900976,104,GetIndividual,200,OK,GetIndividual 1-855,text,true,,3834,3588,3,10,https://api-scuda.uat.oci.krungsri.tech/ic/api/v1/customer/individual/getprofile,104,0,26
1778849901051,40,SearchIndividual,200,OK,SearchIndividual 2-1403,text,true,,621,2613,3,12,https://api-scuda.uat.oci.krungsri.tech/ords/api/v1/customer/individual/searchprofile,40,0,26
1778849901085,25,SearchIndividual,200,OK,SearchIndividual 2-1404,text,true,,621,2613,5,16,https://api-scuda.uat.oci.krungsri.tech/ords/api/v1/customer/individual/searchprofile,24,0,14
1778849901100,33,SearchIndividual,200,OK,SearchIndividual 2-1408,text,true,,621,2623,4,18,https://api-scuda.uat.oci.krungsri.tech/ords/api/v1/customer/individual/searchprofile,33,0,22
1778849901096,31,SearchIndividual,200,OK,SearchIndividual 2-1407,text,true,,621,2613,4,18,https://api-scuda.uat.oci.krungsri.tech/ords/api/v1/customer/individual/searchprofile,30,0,20
1778849901085,38,SearchIndividual,200,OK,SearchIndividual 2-1405,text,true,,621,2601,4,18,https://api-scuda.uat.oci.krungsri.tech/ords/api/v1/customer/individual/searchprofile,37,0,19
1778849900986,133,GetIndividual,200,OK,GetIndividual 1-857,text,true,,1080,3588,4,18,https://api-scuda.uat.oci.krungsri.tech/ic/api/v1/customer/individual/getprofile,133,0,20
1778849901026,88,GetIndividual,200,OK,GetIndividual 1-858,text,true,,3847,3588,4,16,https://api-scuda.uat.oci.krungsri.tech/ic/api/v1/customer/individual/getprofile,88,0,18
1778849900999,147,UpdateIndividual,200,OK,UpdateIndividual 4-566,text,true,,800,5557,7,18,https://api-scuda.uat.oci.krungsri.tech/ic/api/v1/customer/individual/updateprofile,147,0,12
1778849901094,57,SearchIndividual,200,OK,SearchIndividual 2-1406,text,true,,621,2626,3,18,https://api-scuda.uat.oci.krungsri.tech/ords/api/v1/customer/individual/searchprofile,56,0,45
1778849900909,245,UpdateIndividual,200,OK,UpdateIndividual 4-564,text,true,,800,5623,6,18,https://api-scuda.uat.oci.krungsri.tech/ic/api/v1/customer/individual/updateprofile,245,0,85
1778849900985,171,UpdateIndividual,200,OK,UpdateIndividual 4-565,text,true,,800,5596,5,17,https://api-scuda.uat.oci.krungsri.tech/ic/api/v1/customer/individual/updateprofile,171,0,23
1778849900758,408,CreateJuristic,201,Created,CreateJuristic 7-32,text,true,,1172,8239,2,18,https://api-scuda.uat.oci.krungsri.tech/ic/api/v1/customer/juristic/createprofile,408,0,18
1778849901140,33,SearchIndividual,200,OK,SearchIndividual 2-1409,text,true,,621,2629,5,18,https://api-scuda.uat.oci.krungsri.tech/ords/api/v1/customer/individual/searchprofile,33,0,21
1778849901142,41,SearchIndividual,200,OK,SearchIndividual 2-1410,text,true,,621,2612,4,20,https://api-scuda.uat.oci.krungsri.tech/ords/api/v1/customer/individual/searchprofile,41,0,19
1778849901059,130,UpdateIndividual,200,OK,UpdateIndividual 4-567,text,true,,800,4227,7,22,https://api-scuda.uat.oci.krungsri.tech/ic/api/v1/customer/individual/updateprofile,130,0,14
1778849901163,30,SearchIndividual,200,OK,SearchIndividual 2-1412,text,true,,621,2634,3,21,https://api-scuda.uat.oci.krungsri.tech/ords/api/v1/customer/individual/searchprofile,30,0,19
1778849901106,89,GetIndividual,200,OK,GetIndividual 1-859,text,true,,3887,3588,8,20,https://api-scuda.uat.oci.krungsri.tech/ic/api/v1/customer/individual/getprofile,89,0,19
1778849901153,43,SearchIndividual,200,OK,SearchIndividual 2-1411,text,true,,14305,2608,2,19,https://api-scuda.uat.oci.krungsri.tech/ords/api/v1/customer/individual/searchprofile,43,0,26
1778849901135,84,GetIndividual,200,OK,GetIndividual 1-861,text,true,,3854,3588,7,19,https://api-scuda.uat.oci.krungsri.tech/ic/api/v1/customer/individual/getprofile,84,0,14
1778849901143,78,GetIndividual,200,OK,GetIndividual 1-863,text,true,,3887,3588,6,18,https://api-scuda.uat.oci.krungsri.tech/ic/api/v1/customer/individual/getprofile,78,0,14
1778849901135,87,GetIndividual,200,OK,GetIndividual 1-862,text,true,,3801,3588,5,17,https://api-scuda.uat.oci.krungsri.tech/ic/api/v1/customer/individual/getprofile,87,0,14
1778849901107,119,UpdateIndividual,200,OK,UpdateIndividual 4-569,text,true,,800,4226,6,16,https://api-scuda.uat.oci.krungsri.tech/ic/api/v1/customer/individual/updateprofile,119,0,18
1778849901112,118,GetIndividual,200,OK,GetIndividual 1-860,text,true,,3844,3588,4,17,https://api-scuda.uat.oci.krungsri.tech/ic/api/v1/customer/individual/getprofile,118,0,20
1778849901092,140,UpdateIndividual,200,OK,UpdateIndividual 4-568,text,true,,800,4227,6,16,https://api-scuda.uat.oci.krungsri.tech/ic/api/v1/customer/individual/updateprofile,140,0,31
1778849901164,70,SearchIndividual,200,OK,SearchIndividual 2-1413,text,true,,621,2613,3,15,https://api-scuda.uat.oci.krungsri.tech/ords/api/v1/customer/individual/searchprofile,70,0,41
1778849901122,113,UpdateIndividual,200,OK,UpdateIndividual 4-570,text,true,,800,4227,5,16,https://api-scuda.uat.oci.krungsri.tech/ic/api/v1/customer/individual/updateprofile,113,0,19
1778849901210,38,SearchIndividual,200,OK,SearchIndividual 2-1414,text,true,,621,2602,3,17,https://api-scuda.uat.oci.krungsri.tech/ords/api/v1/customer/individual/searchprofile,38,0,22
1778849901168,84,GetJuristic,200,OK,GetJuristic 5-33,text,true,,3460,3533,1,17,https://api-scuda.uat.oci.krungsri.tech/ic/api/v1/customer/juristic/getprofile,84,0,14
1778849901230,30,SearchIndividual,200,OK,SearchIndividual 2-1415,text,true,,621,2613,4,18,https://api-scuda.uat.oci.krungsri.tech/ords/api/v1/customer/individual/searchprofile,30,0,19
1778849901122,144,UpdateJuristic,200,OK,UpdateJuristic 8-33,text,true,,800,4425,1,19,https://api-scuda.uat.oci.krungsri.tech/ic/api/v1/customer/juristic/updateprofile,144,0,16
1778849901151,119,GetIndividual,200,OK,GetIndividual 1-864,text,true,,3890,3588,5,19,https://api-scuda.uat.oci.krungsri.tech/ic/api/v1/customer/individual/getprofile,119,0,21
1778849901190,86,GetIndividual,200,OK,GetIndividual 1-866,text,true,,3833,3588,4,19,https://api-scuda.uat.oci.krungsri.tech/ic/api/v1/customer/individual/getprofile,86,0,14
1778849901180,97,GetIndividual,200,OK,GetIndividual 1-865,text,true,,3868,3587,3,18,https://api-scuda.uat.oci.krungsri.tech/ic/api/v1/customer/individual/getprofile,97,0,17
1778849901242,40,SearchIndividual,200,OK,SearchIndividual 2-1416,text,true,,621,2604,6,17,https://api-scuda.uat.oci.krungsri.tech/ords/api/v1/customer/individual/searchprofile,40,0,19
1778849901253,31,SearchIndividual,200,OK,SearchIndividual 2-1417,text,true,,621,2613,5,16,https://api-scuda.uat.oci.krungsri.tech/ords/api/v1/customer/individual/searchprofile,31,0,19
1778849901259,32,SearchIndividual,200,OK,SearchIndividual 2-1418,text,true,,13880,2609,4,15,https://api-scuda.uat.oci.krungsri.tech/ords/api/v1/customer/individual/searchprofile,31,0,17
1778849900927,368,CreateJuristic,201,Created,CreateJuristic 7-33,text,true,,1172,7903,1,15,https://api-scuda.uat.oci.krungsri.tech/ic/api/v1/customer/juristic/createprofile,368,0,33
1778849901265,36,SearchIndividual,200,OK,SearchIndividual 2-1419,text,true,,13871,2608,5,17,https://api-scuda.uat.oci.krungsri.tech/ords/api/v1/customer/individual/searchprofile,35,0,22
1778849901269,33,SearchIndividual,200,OK,SearchIndividual 2-1420,text,true,,14191,2607,4,16,https://api-scuda.uat.oci.krungsri.tech/ords/api/v1/customer/individual/searchprofile,33,0,15
1778849901272,45,SearchIndividual,200,OK,SearchIndividual 2-1421,text,true,,687,2601,3,17,https://api-scuda.uat.oci.krungsri.tech/ords/api/v1/customer/individual/searchprofile,45,0,26
1778849901294,31,SearchIndividual,200,OK,SearchIndividual 2-1422,text,true,,621,2649,2,17,https://api-scuda.uat.oci.krungsri.tech/ords/api/v1/customer/individual/searchprofile,31,0,21
1778849901236,90,GetIndividual,200,OK,GetIndividual 1-868,text,true,,3853,3588,4,16,https://api-scuda.uat.oci.krungsri.tech/ic/api/v1/customer/individual/getprofile,90,0,17
1778849901298,30,SearchIndividual,200,OK,SearchIndividual 2-1423,text,true,,620,2612,1,15,https://api-scuda.uat.oci.krungsri.tech/ords/api/v1/customer/individual/searchprofile,29,0,15
1778849901192,137,UpdateIndividual,200,OK,UpdateIndividual 4-573,text,true,,800,4227,8,15,https://api-scuda.uat.oci.krungsri.tech/ic/api/v1/customer/individual/updateprofile,137,0,33
1778849901299,30,SearchJoint,200,OK,SearchJoint 10-33,text,true,,621,2627,1,15,https://api-scuda.uat.oci.krungsri.tech/ords/api/v1/customer/joint/searchprofile,29,0,20
1778849901235,120,GetIndividual,200,OK,GetIndividual 1-867,text,true,,3808,3588,5,15,https://api-scuda.uat.oci.krungsri.tech/ic/api/v1/customer/individual/getprofile,120,0,20
1778849901187,170,UpdateIndividual,200,OK,UpdateIndividual 4-572,text,true,,800,4228,7,15,https://api-scuda.uat.oci.krungsri.tech/ic/api/v1/customer/individual/updateprofile,170,0,58
1778849901346,29,SearchIndividual,200,OK,SearchIndividual 2-1424,text,true,,621,2632,3,15,https://api-scuda.uat.oci.krungsri.tech/ords/api/v1/customer/individual/searchprofile,29,0,14
1778849901233,143,UpdateIndividual,200,OK,UpdateIndividual 4-574,text,true,,800,5661,6,14,https://api-scuda.uat.oci.krungsri.tech/ic/api/v1/customer/individual/updateprofile,143,0,10
1778849901179,205,UpdateIndividual,200,OK,UpdateIndividual 4-571,text,true,,800,5490,5,13,https://api-scuda.uat.oci.krungsri.tech/ic/api/v1/customer/individual/updateprofile,205,0,36
1778849901361,31,SearchIndividual,200,OK,SearchIndividual 2-1426,text,true,,621,2613,2,12,https://api-scuda.uat.oci.krungsri.tech/ords/api/v1/customer/individual/searchprofile,31,0,18
1778849901298,102,GetIndividual,200,OK,GetIndividual 1-869,text,true,,3815,3587,4,13,https://api-scuda.uat.oci.krungsri.tech/ic/api/v1/customer/individual/getprofile,102,0,18
1778849901357,45,SearchIndividual,200,OK,SearchIndividual 2-1425,text,true,,621,2643,3,12,https://api-scuda.uat.oci.krungsri.tech/ords/api/v1/customer/individual/searchprofile,45,0,28
1778849901304,107,GetIndividual,200,OK,GetIndividual 1-870,text,true,,3868,3588,3,12,https://api-scuda.uat.oci.krungsri.tech/ic/api/v1/customer/individual/getprofile,107,0,14
1778849901324,95,GetJoint,200,OK,GetJoint 9-33,text,true,,1429,3530,1,11,https://api-scuda.uat.oci.krungsri.tech/ic/api/v1/customer/joint/getprofile,95,0,14
1778849901329,96,GetIndividual,200,OK,GetIndividual 1-871,text,true,,3864,3588,2,11,https://api-scuda.uat.oci.krungsri.tech/ic/api/v1/customer/individual/getprofile,96,0,18
1778849901400,26,SearchIndividual,200,OK,SearchIndividual 2-1428,text,true,,621,2610,3,10,https://api-scuda.uat.oci.krungsri.tech/ords/api/v1/customer/individual/searchprofile,26,0,12
1778849901266,164,UpdateIndividual,200,OK,UpdateIndividual 4-577,text,true,,800,4228,5,10,https://api-scuda.uat.oci.krungsri.tech/ic/api/v1/customer/individual/updateprofile,164,0,27
1778849901347,89,GetIndividual,200,OK,GetIndividual 1-872,text,true,,3839,3588,1,9,https://api-scuda.uat.oci.krungsri.tech/ic/api/v1/customer/individual/getprofile,89,0,12
1778849901408,30,SearchIndividual,200,OK,SearchIndividual 2-1429,text,true,,620,2630,3,8,https://api-scuda.uat.oci.krungsri.tech/ords/api/v1/customer/individual/searchprofile,30,0,20
1778849901400,40,SearchIndividual,200,OK,SearchIndividual 2-1427,text,true,,621,2600,2,7,https://api-scuda.uat.oci.krungsri.tech/ords/api/v1/customer/individual/searchprofile,40,0,20
1778849901254,190,UpdateIndividual,200,OK,UpdateIndividual 4-576,text,true,,800,4229,4,6,https://api-scuda.uat.oci.krungsri.tech/ic/api/v1/customer/individual/updateprofile,190,0,24
1778849901429,30,SearchIndividual,200,OK,SearchIndividual 2-1430,text,true,,621,2641,4,10,https://api-scuda.uat.oci.krungsri.tech/ords/api/v1/customer/individual/searchprofile,30,0,19
1778849901246,245,UpdateIndividual,200,OK,UpdateIndividual 4-575,text,true,,800,5613,5,13,https://api-scuda.uat.oci.krungsri.tech/ic/api/v1/customer/individual/updateprofile,245,0,22
1778849901317,175,UpdateIndividual,200,OK,UpdateIndividual 4-578,text,true,,800,4229,4,12,https://api-scuda.uat.oci.krungsri.tech/ic/api/v1/customer/individual/updateprofile,175,0,17
1778849901460,36,SearchIndividual,200,OK,SearchIndividual 2-1433,text,true,,621,2602,5,11,https://api-scuda.uat.oci.krungsri.tech/ords/api/v1/customer/individual/searchprofile,36,0,18
1778849901459,47,SearchIndividual,200,OK,SearchIndividual 2-1432,text,true,,621,2613,5,12,https://api-scuda.uat.oci.krungsri.tech/ords/api/v1/customer/individual/searchprofile,47,0,32
1778849901457,49,SearchIndividual,200,OK,SearchIndividual 2-1431,text,true,,621,2655,4,11,https://api-scuda.uat.oci.krungsri.tech/ords/api/v1/customer/individual/searchprofile,49,0,32
1778849901178,336,CreateJoint,200,OK,CreateJoint 11-33,text,true,,1813,5805,1,12,https://api-scuda.uat.oci.krungsri.tech/ic/api/v1/customer/joint/createprofile,336,0,19
1778849901486,28,SearchIndividual,200,OK,SearchIndividual 2-1435,text,true,,621,2613,4,12,https://api-scuda.uat.oci.krungsri.tech/ords/api/v1/customer/individual/searchprofile,28,0,17
1778849901481,57,SearchIndividual,200,OK,SearchIndividual 2-1434,text,true,,621,2613,4,13,https://api-scuda.uat.oci.krungsri.tech/ords/api/v1/customer/individual/searchprofile,56,0,34
1778849901503,37,SearchIndividual,200,OK,SearchIndividual 2-1436,text,true,,621,2650,3,12,https://api-scuda.uat.oci.krungsri.tech/ords/api/v1/customer/individual/searchprofile,36,0,24
1778849901511,35,SearchIndividual,200,OK,SearchIndividual 2-1437,text,true,,621,2613,2,12,https://api-scuda.uat.oci.krungsri.tech/ords/api/v1/customer/individual/searchprofile,35,0,19
1778849901424,123,UpdateIndividual,200,OK,UpdateIndividual 4-579,text,true,,800,4227,4,11,https://api-scuda.uat.oci.krungsri.tech/ic/api/v1/customer/individual/updateprofile,123,0,26
1778849901527,26,SearchIndividual,200,OK,SearchIndividual 2-1438,text,true,,619,2611,1,10,https://api-scuda.uat.oci.krungsri.tech/ords/api/v1/customer/individual/searchprofile,26,0,16
1778849901474,84,GetIndividual,200,OK,GetIndividual 1-873,text,true,,3875,3588,7,10,https://api-scuda.uat.oci.krungsri.tech/ic/api/v1/customer/individual/getprofile,84,0,18
1778849901451,109,UpdateIndividual,200,OK,UpdateIndividual 4-581,text,true,,800,4227,3,9,https://api-scuda.uat.oci.krungsri.tech/ic/api/v1/customer/individual/updateprofile,109,0,14
1778849901487,103,GetIndividual,200,OK,GetIndividual 1-874,text,true,,3868,3588,7,12,https://api-scuda.uat.oci.krungsri.tech/ic/api/v1/customer/individual/getprofile,103,0,20
1778849901450,149,UpdateIndividual,200,OK,UpdateIndividual 4-580,text,true,,800,5621,2,11,https://api-scuda.uat.oci.krungsri.tech/ic/api/v1/customer/individual/updateprofile,149,0,20
1778849901501,100,UpdateIndividual,200,OK,UpdateIndividual 4-582,text,true,,800,4229,1,10,https://api-scuda.uat.oci.krungsri.tech/ic/api/v1/customer/individual/updateprofile,100,0,17
1778849901512,92,GetIndividual,200,OK,GetIndividual 1-875,text,true,,3826,3588,6,10,https://api-scuda.uat.oci.krungsri.tech/ic/api/v1/customer/individual/getprofile,92,0,17
1778849901521,86,GetIndividual,200,OK,GetIndividual 1-876,text,true,,3844,3588,5,9,https://api-scuda.uat.oci.krungsri.tech/ic/api/v1/customer/individual/getprofile,86,0,20
1778849901524,86,GetIndividual,200,OK,GetIndividual 1-877,text,true,,3867,3588,4,8,https://api-scuda.uat.oci.krungsri.tech/ic/api/v1/customer/individual/getprofile,86,0,21
1778849901577,41,SearchIndividual,200,OK,SearchIndividual 2-1441,text,true,,621,2634,3,7,https://api-scuda.uat.oci.krungsri.tech/ords/api/v1/customer/individual/searchprofile,40,0,19
1778849901568,50,SearchIndividual,200,OK,SearchIndividual 2-1439,text,true,,621,2614,3,7,https://api-scuda.uat.oci.krungsri.tech/ords/api/v1/customer/individual/searchprofile,50,0,29
1778849901576,58,SearchIndividual,200,OK,SearchIndividual 2-1440,text,true,,621,2613,3,9,https://api-scuda.uat.oci.krungsri.tech/ords/api/v1/customer/individual/searchprofile,58,0,41
1778849901545,92,GetIndividual,200,OK,GetIndividual 1-878,text,true,,3912,3588,4,8,https://api-scuda.uat.oci.krungsri.tech/ic/api/v1/customer/individual/getprofile,92,0,20
1778849901556,91,GetIndividual,200,OK,GetIndividual 1-879,text,true,,3740,3588,4,11,https://api-scuda.uat.oci.krungsri.tech/ic/api/v1/customer/individual/getprofile,91,0,18
1778849901634,23,SearchIndividual,200,OK,SearchIndividual 2-1442,text,true,,621,2625,4,12,https://api-scuda.uat.oci.krungsri.tech/ords/api/v1/customer/individual/searchprofile,23,0,13
1778849901635,29,SearchIndividual,200,OK,SearchIndividual 2-1443,text,true,,621,2611,3,12,https://api-scuda.uat.oci.krungsri.tech/ords/api/v1/customer/individual/searchprofile,29,0,18
1778849901638,35,SearchIndividual,200,OK,SearchIndividual 2-1444,text,true,,14260,2610,3,12,https://api-scuda.uat.oci.krungsri.tech/ords/api/v1/customer/individual/searchprofile,35,0,20
1778849901642,32,SearchIndividual,200,OK,SearchIndividual 2-1445,text,true,,621,2604,2,11,https://api-scuda.uat.oci.krungsri.tech/ords/api/v1/customer/individual/searchprofile,32,0,21
1778849901585,106,GetIndividual,200,OK,GetIndividual 1-880,text,true,,3849,3588,5,12,https://api-scuda.uat.oci.krungsri.tech/ic/api/v1/customer/individual/getprofile,106,0,23
1778849901672,42,SearchIndividual,200,OK,SearchIndividual 2-1446,text,true,,621,2613,3,13,https://api-scuda.uat.oci.krungsri.tech/ords/api/v1/customer/individual/searchprofile,41,0,24
1778849901684,37,SearchIndividual,200,OK,SearchIndividual 2-1447,text,true,,621,2647,3,13,https://api-scuda.uat.oci.krungsri.tech/ords/api/v1/customer/individual/searchprofile,37,0,25
1778849901685,37,SearchJuristic,200,OK,SearchJuristic 6-33,text,true,,621,2611,1,12,https://api-scuda.uat.oci.krungsri.tech/ords/api/v1/customer/juristic/searchprofile,37,0,20
1778849901629,95,GetIndividual,200,OK,GetIndividual 1-881,text,true,,3841,3588,4,11,https://api-scuda.uat.oci.krungsri.tech/ic/api/v1/customer/individual/getprofile,95,0,23
1778849901638,95,GetIndividual,200,OK,GetIndividual 1-882,text,true,,3908,3588,3,11,https://api-scuda.uat.oci.krungsri.tech/ic/api/v1/customer/individual/getprofile,95,0,18
1778849901702,34,SearchIndividual,200,OK,SearchIndividual 2-1448,text,true,,621,2620,3,10,https://api-scuda.uat.oci.krungsri.tech/ords/api/v1/customer/individual/searchprofile,34,0,23
1778849901716,31,SearchIndividual,200,OK,SearchIndividual 2-1449,text,true,,621,2613,2,9,https://api-scuda.uat.oci.krungsri.tech/ords/api/v1/customer/individual/searchprofile,31,0,20
1778849901609,141,UpdateIndividual,200,OK,UpdateIndividual 4-583,text,true,,800,5599,4,8,https://api-scuda.uat.oci.krungsri.tech/ic/api/v1/customer/individual/updateprofile,141,0,15
1778849901657,92,GetIndividual,200,OK,GetIndividual 1-883,text,true,,3889,3587,2,8,https://api-scuda.uat.oci.krungsri.tech/ic/api/v1/customer/individual/getprofile,92,0,23
1778849901662,89,GetIndividual,200,OK,GetIndividual 1-884,text,true,,3823,3588,1,6,https://api-scuda.uat.oci.krungsri.tech/ic/api/v1/customer/individual/getprofile,89,0,19
1778849901734,29,SearchIndividual,200,OK,SearchIndividual 2-1450,text,true,,14523,2613,2,6,https://api-scuda.uat.oci.krungsri.tech/ords/api/v1/customer/individual/searchprofile,28,0,14
1778849901636,131,UpdateIndividual,200,OK,UpdateIndividual 4-584,text,true,,800,4229,3,5,https://api-scuda.uat.oci.krungsri.tech/ic/api/v1/customer/individual/updateprofile,131,0,24
1778849901753,29,SearchIndividual,200,OK,SearchIndividual 2-1451,text,true,,621,2613,2,6,https://api-scuda.uat.oci.krungsri.tech/ords/api/v1/customer/individual/searchprofile,29,0,18
1778849901658,153,UpdateIndividual,200,OK,UpdateIndividual 4-585,text,true,,800,5569,2,11,https://api-scuda.uat.oci.krungsri.tech/ic/api/v1/customer/individual/updateprofile,153,0,19
1778849901781,35,SearchIndividual,200,OK,SearchIndividual 2-1452,text,true,,621,2613,6,11,https://api-scuda.uat.oci.krungsri.tech/ords/api/v1/customer/individual/searchprofile,35,0,21
1778849901791,29,SearchIndividual,200,OK,SearchIndividual 2-1453,text,true,,621,2622,5,10,https://api-scuda.uat.oci.krungsri.tech/ords/api/v1/customer/individual/searchprofile,28,0,12
1778849901796,31,SearchIndividual,200,OK,SearchIndividual 2-1455,text,true,,621,2629,4,9,https://api-scuda.uat.oci.krungsri.tech/ords/api/v1/customer/individual/searchprofile,31,0,20
1778849901796,34,SearchIndividual,200,OK,SearchIndividual 2-1454,text,true,,621,2602,3,8,https://api-scuda.uat.oci.krungsri.tech/ords/api/v1/customer/individual/searchprofile,34,0,19
1778849901804,43,SearchIndividual,200,OK,SearchIndividual 2-1456,text,true,,620,2612,4,10,https://api-scuda.uat.oci.krungsri.tech/ords/api/v1/customer/individual/searchprofile,42,0,28
1778849901695,153,UpdateIndividual,200,OK,UpdateIndividual 4-586,text,true,,800,5604,1,10,https://api-scuda.uat.oci.krungsri.tech/ic/api/v1/customer/individual/updateprofile,153,0,16
1778849901814,43,SearchIndividual,200,OK,SearchIndividual 2-1457,text,true,,621,2613,4,10,https://api-scuda.uat.oci.krungsri.tech/ords/api/v1/customer/individual/searchprofile,43,0,25
1778849901832,31,SearchIndividual,200,OK,SearchIndividual 2-1459,text,true,,621,2604,3,10,https://api-scuda.uat.oci.krungsri.tech/ords/api/v1/customer/individual/searchprofile,31,0,19
1778849901831,35,SearchIndividual,200,OK,SearchIndividual 2-1458,text,true,,621,2603,2,9,https://api-scuda.uat.oci.krungsri.tech/ords/api/v1/customer/individual/searchprofile,34,0,19
1778849901776,102,GetIndividual,200,OK,GetIndividual 1-885,text,true,,3871,3588,6,10,https://api-scuda.uat.oci.krungsri.tech/ic/api/v1/customer/individual/getprofile,102,0,21
1778849901848,41,SearchIndividual,200,OK,SearchIndividual 2-1460,text,true,,621,2620,1,11,https://api-scuda.uat.oci.krungsri.tech/ords/api/v1/customer/individual/searchprofile,41,0,27
1778849901806,94,GetIndividual,200,OK,GetIndividual 1-886,text,true,,3847,3588,6,12,https://api-scuda.uat.oci.krungsri.tech/ic/api/v1/customer/individual/getprofile,94,0,21
1778849901807,94,GetIndividual,200,OK,GetIndividual 1-887,text,true,,3863,3588,5,11,https://api-scuda.uat.oci.krungsri.tech/ic/api/v1/customer/individual/getprofile,94,0,26
1778849901894,32,SearchJoint,200,OK,SearchJoint 10-34,text,true,,621,2627,1,15,https://api-scuda.uat.oci.krungsri.tech/ords/api/v1/customer/joint/searchprofile,32,0,20
1778849901846,87,GetIndividual,200,OK,GetIndividual 1-888,text,true,,3855,3588,5,14,https://api-scuda.uat.oci.krungsri.tech/ic/api/v1/customer/individual/getprofile,87,0,19
1778849901898,40,SearchIndividual,200,OK,SearchIndividual 2-1461,text,true,,621,2610,4,14,https://api-scuda.uat.oci.krungsri.tech/ords/api/v1/customer/individual/searchprofile,40,0,23
1778849901906,34,SearchIndividual,200,OK,SearchIndividual 2-1462,text,true,,621,2601,3,13,https://api-scuda.uat.oci.krungsri.tech/ords/api/v1/customer/individual/searchprofile,34,0,23
1778849901856,89,GetIndividual,200,OK,GetIndividual 1-889,text,true,,3870,3587,5,12,https://api-scuda.uat.oci.krungsri.tech/ic/api/v1/customer/individual/getprofile,89,0,20
1778849901915,33,SearchIndividual,200,OK,SearchIndividual 2-1463,text,true,,621,2604,2,11,https://api-scuda.uat.oci.krungsri.tech/ords/api/v1/customer/individual/searchprofile,32,0,19
1778849901921,38,SearchIndividual,200,OK,SearchIndividual 2-1464,text,true,,621,2613,2,11,https://api-scuda.uat.oci.krungsri.tech/ords/api/v1/customer/individual/searchprofile,38,0,27
1778849901881,87,GetIndividual,200,OK,GetIndividual 1-891,text,true,,3847,3588,4,12,https://api-scuda.uat.oci.krungsri.tech/ic/api/v1/customer/individual/getprofile,87,0,19
1778849901864,107,UpdateIndividual,200,OK,UpdateIndividual 4-587,text,true,,799,4229,3,11,https://api-scuda.uat.oci.krungsri.tech/ic/api/v1/customer/individual/updateprofile,107,0,17
1778849901877,94,GetIndividual,200,OK,GetIndividual 1-890,text,true,,3882,3588,3,10,https://api-scuda.uat.oci.krungsri.tech/ic/api/v1/customer/individual/getprofile,94,0,24
1778849901645,330,CreateIndividual,201,Created,CreateIndividual 3-33,text,true,,1172,8151,1,9,https://api-scuda.uat.oci.krungsri.tech/ic/api/v1/customer/individual/createprofile,330,0,40
1778849901950,27,SearchIndividual,200,OK,SearchIndividual 2-1465,text,true,,621,2613,2,8,https://api-scuda.uat.oci.krungsri.tech/ords/api/v1/customer/individual/searchprofile,27,0,15
1778849901967,29,SearchIndividual,200,OK,SearchIndividual 2-1466,text,true,,621,2601,2,14,https://api-scuda.uat.oci.krungsri.tech/ords/api/v1/customer/individual/searchprofile,29,0,11
1778849901910,91,GetIndividual,200,OK,GetIndividual 1-892,text,true,,3897,3588,4,13,https://api-scuda.uat.oci.krungsri.tech/ic/api/v1/customer/individual/getprofile,91,0,19
1778849901984,35,SearchIndividual,200,OK,SearchIndividual 2-1467,text,true,,620,2602,3,14,https://api-scuda.uat.oci.krungsri.tech/ords/api/v1/customer/individual/searchprofile,35,0,22
1778849901881,151,UpdateIndividual,200,OK,UpdateIndividual 4-588,text,true,,800,5607,5,13,https://api-scuda.uat.oci.krungsri.tech/ic/api/v1/customer/individual/updateprofile,151,0,24
1778849901936,105,GetIndividual,200,OK,GetIndividual 1-893,text,true,,3913,3588,4,14,https://api-scuda.uat.oci.krungsri.tech/ic/api/v1/customer/individual/getprofile,105,0,29
1778849902006,38,SearchIndividual,200,OK,SearchIndividual 2-1468,text,true,,621,2602,3,13,https://api-scuda.uat.oci.krungsri.tech/ords/api/v1/customer/individual/searchprofile,37,0,22
1778849901924,123,UpdateIndividual,200,OK,UpdateIndividual 4-589,text,true,,800,4227,5,13,https://api-scuda.uat.oci.krungsri.tech/ic/api/v1/customer/individual/updateprofile,123,0,21
1778849902017,30,SearchIndividual,200,OK,SearchIndividual 2-1469,text,true,,621,2604,2,13,https://api-scuda.uat.oci.krungsri.tech/ords/api/v1/customer/individual/searchprofile,30,0,13
1778849902033,24,SearchIndividual,200,OK,SearchIndividual 2-1470,text,true,,621,2613,1,11,https://api-scuda.uat.oci.krungsri.tech/ords/api/v1/customer/individual/searchprofile,24,0,12
1778849901983,93,GetIndividual,200,OK,GetIndividual 1-895,text,true,,3803,3588,4,11,https://api-scuda.uat.oci.krungsri.tech/ic/api/v1/customer/individual/getprofile,93,0,14
1778849901981,97,GetIndividual,200,OK,GetIndividual 1-894,text,true,,3818,3588,3,11,https://api-scuda.uat.oci.krungsri.tech/ic/api/v1/customer/individual/getprofile,97,0,14
1778849901994,119,UpdateIndividual,200,OK,UpdateIndividual 4-591,text,true,,799,4227,6,14,https://api-scuda.uat.oci.krungsri.tech/ic/api/v1/customer/individual/updateprofile,119,0,21
1778849902078,39,SearchIndividual,200,OK,SearchIndividual 2-1471,text,true,,621,2610,2,13,https://api-scuda.uat.oci.krungsri.tech/ords/api/v1/customer/individual/searchprofile,39,0,21
1778849902100,33,SearchIndividual,200,OK,SearchIndividual 2-1472,text,true,,621,2605,2,13,https://api-scuda.uat.oci.krungsri.tech/ords/api/v1/customer/individual/searchprofile,33,0,21
1778849902040,97,GetIndividual,200,OK,GetIndividual 1-896,text,true,,3846,3588,3,13,https://api-scuda.uat.oci.krungsri.tech/ic/api/v1/customer/individual/getprofile,97,0,24
1778849901883,260,GetJoint,200,OK,GetJoint 9-34,text,true,,1429,3530,1,14,https://api-scuda.uat.oci.krungsri.tech/ic/api/v1/customer/joint/getprofile,260,0,21
1778849902000,156,UpdateIndividual,200,OK,UpdateIndividual 4-592,text,true,,800,5553,6,16,https://api-scuda.uat.oci.krungsri.tech/ic/api/v1/customer/individual/updateprofile,156,0,17
1778849902125,32,SearchIndividual,200,OK,SearchIndividual 2-1473,text,true,,621,2605,4,16,https://api-scuda.uat.oci.krungsri.tech/ords/api/v1/customer/individual/searchprofile,32,0,21
1778849901992,172,UpdateIndividual,200,OK,UpdateIndividual 4-590,text,true,,800,5564,5,16,https://api-scuda.uat.oci.krungsri.tech/ic/api/v1/customer/individual/updateprofile,172,0,31
1778849902077,94,GetIndividual,200,OK,GetIndividual 1-897,text,true,,3880,3587,5,16,https://api-scuda.uat.oci.krungsri.tech/ic/api/v1/customer/individual/getprofile,94,0,18
1778849902136,39,SearchIndividual,200,OK,SearchIndividual 2-1474,text,true,,621,2613,5,17,https://api-scuda.uat.oci.krungsri.tech/ords/api/v1/customer/individual/searchprofile,39,0,21
1778849902149,27,SearchIndividual,200,OK,SearchIndividual 2-1475,text,true,,13734,2604,4,16,https://api-scuda.uat.oci.krungsri.tech/ords/api/v1/customer/individual/searchprofile,27,0,10
1778849902085,96,GetIndividual,200,OK,GetIndividual 1-898,text,true,,3835,3588,4,15,https://api-scuda.uat.oci.krungsri.tech/ic/api/v1/customer/individual/getprofile,96,0,18
1778849902157,29,SearchIndividual,200,OK,SearchIndividual 2-1476,text,true,,621,2601,3,15,https://api-scuda.uat.oci.krungsri.tech/ords/api/v1/customer/individual/searchprofile,28,0,19
1778849901991,203,CreateJoint,200,OK,CreateJoint 11-34,text,true,,1813,5903,1,15,https://api-scuda.uat.oci.krungsri.tech/ic/api/v1/customer/joint/createprofile,203,0,19
1778849902172,22,SearchIndividual,200,OK,SearchIndividual 2-1478,text,true,,621,2601,3,15,https://api-scuda.uat.oci.krungsri.tech/ords/api/v1/customer/individual/searchprofile,22,0,11
1778849902164,40,SearchIndividual,200,OK,SearchIndividual 2-1477,text,true,,621,2613,2,13,https://api-scuda.uat.oci.krungsri.tech/ords/api/v1/customer/individual/searchprofile,40,0,23
1778849902187,31,SearchIndividual,200,OK,SearchIndividual 2-1479,text,true,,621,2613,1,12,https://api-scuda.uat.oci.krungsri.tech/ords/api/v1/customer/individual/searchprofile,30,0,19
1778849902050,168,UpdateIndividual,200,OK,UpdateIndividual 4-593,text,true,,800,5526,5,11,https://api-scuda.uat.oci.krungsri.tech/ic/api/v1/customer/individual/updateprofile,168,0,18
1778849902107,112,UpdateIndividual,200,OK,UpdateIndividual 4-595,text,true,,800,4227,4,10,https://api-scuda.uat.oci.krungsri.tech/ic/api/v1/customer/individual/updateprofile,112,0,12
1778849902088,139,UpdateIndividual,200,OK,UpdateIndividual 4-594,text,true,,800,5564,3,12,https://api-scuda.uat.oci.krungsri.tech/ic/api/v1/customer/individual/updateprofile,139,0,16
1778849902157,89,GetIndividual,200,OK,GetIndividual 1-900,text,true,,3840,3588,5,15,https://api-scuda.uat.oci.krungsri.tech/ic/api/v1/customer/individual/getprofile,89,0,19
1778849902222,31,SearchIndividual,200,OK,SearchIndividual 2-1480,text,true,,620,2612,5,18,https://api-scuda.uat.oci.krungsri.tech/ords/api/v1/customer/individual/searchprofile,30,0,18
1778849902224,29,SearchIndividual,200,OK,SearchIndividual 2-1481,text,true,,621,2613,5,18,https://api-scuda.uat.oci.krungsri.tech/ords/api/v1/customer/individual/searchprofile,29,0,19
1778849902147,113,UpdateIndividual,200,OK,UpdateIndividual 4-596,text,true,,800,4228,6,18,https://api-scuda.uat.oci.krungsri.tech/ic/api/v1/customer/individual/updateprofile,113,0,20
1778849902233,30,SearchIndividual,200,OK,SearchIndividual 2-1483,text,true,,621,2603,4,18,https://api-scuda.uat.oci.krungsri.tech/ords/api/v1/customer/individual/searchprofile,29,0,18
1778849902225,41,SearchIndividual,200,OK,SearchIndividual 2-1482,text,true,,621,2603,4,18,https://api-scuda.uat.oci.krungsri.tech/ords/api/v1/customer/individual/searchprofile,40,0,22
1778849902139,129,GetIndividual,200,OK,GetIndividual 1-899,text,true,,3905,3588,7,17,https://api-scuda.uat.oci.krungsri.tech/ic/api/v1/customer/individual/getprofile,129,0,18
1778849902168,101,GetIndividual,200,OK,GetIndividual 1-901,text,true,,3773,3588,6,16,https://api-scuda.uat.oci.krungsri.tech/ic/api/v1/customer/individual/getprofile,101,0,23
1778849902186,87,GetIndividual,200,OK,GetIndividual 1-902,text,true,,3809,3588,5,16,https://api-scuda.uat.oci.krungsri.tech/ic/api/v1/customer/individual/getprofile,87,0,11
1778849902176,109,UpdateIndividual,200,OK,UpdateIndividual 4-597,text,true,,800,4227,7,19,https://api-scuda.uat.oci.krungsri.tech/ic/api/v1/customer/individual/updateprofile,109,0,14
1778849902264,21,SearchIndividual,200,OK,SearchIndividual 2-1486,text,true,,621,2613,3,19,https://api-scuda.uat.oci.krungsri.tech/ords/api/v1/customer/individual/searchprofile,21,0,11
1778849902252,44,SearchIndividual,200,OK,SearchIndividual 2-1484,text,true,,620,2602,4,19,https://api-scuda.uat.oci.krungsri.tech/ords/api/v1/customer/individual/searchprofile,43,0,32
1778849902270,29,SearchJuristic,200,OK,SearchJuristic 6-34,text,true,,621,2639,1,19,https://api-scuda.uat.oci.krungsri.tech/ords/api/v1/customer/juristic/searchprofile,29,0,20
1778849902258,43,SearchIndividual,200,OK,SearchIndividual 2-1485,text,true,,621,2613,4,18,https://api-scuda.uat.oci.krungsri.tech/ords/api/v1/customer/individual/searchprofile,43,0,31
1778849902293,22,SearchIndividual,200,OK,SearchIndividual 2-1488,text,true,,621,2613,5,21,https://api-scuda.uat.oci.krungsri.tech/ords/api/v1/customer/individual/searchprofile,22,0,11
1778849902299,24,SearchIndividual,200,OK,SearchIndividual 2-1489,text,true,,621,2611,4,22,https://api-scuda.uat.oci.krungsri.tech/ords/api/v1/customer/individual/searchprofile,23,0,11
1778849902287,47,SearchIndividual,200,OK,SearchIndividual 2-1487,text,true,,621,2613,4,22,https://api-scuda.uat.oci.krungsri.tech/ords/api/v1/customer/individual/searchprofile,47,0,27
1778849902311,30,SearchIndividual,200,OK,SearchIndividual 2-1490,text,true,,621,2613,4,23,https://api-scuda.uat.oci.krungsri.tech/ords/api/v1/customer/individual/searchprofile,30,0,19
1778849902252,91,GetIndividual,200,OK,GetIndividual 1-904,text,true,,3863,3587,7,22,https://api-scuda.uat.oci.krungsri.tech/ic/api/v1/customer/individual/getprofile,91,0,20
1778849902314,32,SearchIndividual,200,OK,SearchIndividual 2-1491,text,true,,14099,2610,4,22,https://api-scuda.uat.oci.krungsri.tech/ords/api/v1/customer/individual/searchprofile,32,0,19
1778849902243,107,GetIndividual,200,OK,GetIndividual 1-903,text,true,,3883,3587,7,22,https://api-scuda.uat.oci.krungsri.tech/ic/api/v1/customer/individual/getprofile,107,0,25
1778849902262,89,GetIndividual,200,OK,GetIndividual 1-906,text,true,,3839,3588,6,21,https://api-scuda.uat.oci.krungsri.tech/ic/api/v1/customer/individual/getprofile,88,0,21
1778849902256,99,GetIndividual,200,OK,GetIndividual 1-905,text,true,,3814,3587,5,20,https://api-scuda.uat.oci.krungsri.tech/ic/api/v1/customer/individual/getprofile,99,0,29
1778849902338,25,SearchIndividual,200,OK,SearchIndividual 2-1493,text,true,,621,2613,3,21,https://api-scuda.uat.oci.krungsri.tech/ords/api/v1/customer/individual/searchprofile,24,0,14
1778849902334,31,SearchIndividual,200,OK,SearchIndividual 2-1492,text,true,,621,2613,2,20,https://api-scuda.uat.oci.krungsri.tech/ords/api/v1/customer/individual/searchprofile,31,0,20
1778849902346,23,SearchIndividual,200,OK,SearchIndividual 2-1494,text,true,,620,2604,2,20,https://api-scuda.uat.oci.krungsri.tech/ords/api/v1/customer/individual/searchprofile,22,0,13
1778849902274,99,GetIndividual,200,OK,GetIndividual 1-907,text,true,,3768,3588,5,20,https://api-scuda.uat.oci.krungsri.tech/ic/api/v1/customer/individual/getprofile,99,0,23
1778849902252,124,UpdateIndividual,200,OK,UpdateIndividual 4-600,text,true,,800,4229,10,20,https://api-scuda.uat.oci.krungsri.tech/ic/api/v1/customer/individual/updateprofile,124,0,24
1778849902282,96,GetIndividual,200,OK,GetIndividual 1-908,text,true,,3838,3588,4,20,https://api-scuda.uat.oci.krungsri.tech/ic/api/v1/customer/individual/getprofile,96,0,12
1778849902240,159,UpdateIndividual,200,OK,UpdateIndividual 4-599,text,true,,800,5598,10,21,https://api-scuda.uat.oci.krungsri.tech/ic/api/v1/customer/individual/updateprofile,159,0,18
1778849902373,30,SearchIndividual,200,OK,SearchIndividual 2-1496,text,true,,621,2603,4,20,https://api-scuda.uat.oci.krungsri.tech/ords/api/v1/customer/individual/searchprofile,30,0,20
1778849902240,165,UpdateIndividual,200,OK,UpdateIndividual 4-598,text,true,,800,5603,9,19,https://api-scuda.uat.oci.krungsri.tech/ic/api/v1/customer/individual/updateprofile,165,0,23
1778849902368,43,SearchIndividual,200,OK,SearchIndividual 2-1495,text,true,,620,2608,3,19,https://api-scuda.uat.oci.krungsri.tech/ords/api/v1/customer/individual/searchprofile,42,0,25
1778849902374,39,SearchIndividual,200,OK,SearchIndividual 2-1497,text,true,,621,2613,2,18,https://api-scuda.uat.oci.krungsri.tech/ords/api/v1/customer/individual/searchprofile,38,0,23
1778849902383,32,SearchIndividual,200,OK,SearchIndividual 2-1498,text,true,,621,2634,1,17,https://api-scuda.uat.oci.krungsri.tech/ords/api/v1/customer/individual/searchprofile,32,0,22
1778849902307,114,UpdateIndividual,200,OK,UpdateIndividual 4-604,text,true,,800,4228,10,18,https://api-scuda.uat.oci.krungsri.tech/ic/api/v1/customer/individual/updateprofile,114,0,17
1778849902307,115,UpdateJoint,200,OK,UpdateJoint 12-34,text,true,,800,3614,1,17,https://api-scuda.uat.oci.krungsri.tech/ic/api/v1/customer/joint/updateprofile,115,0,14
1778849902254,172,UpdateIndividual,200,OK,UpdateIndividual 4-601,text,true,,800,5534,9,16,https://api-scuda.uat.oci.krungsri.tech/ic/api/v1/customer/individual/updateprofile,172,0,26
1778849902325,113,UpdateIndividual,200,OK,UpdateIndividual 4-606,text,true,,800,4226,8,15,https://api-scuda.uat.oci.krungsri.tech/ic/api/v1/customer/individual/updateprofile,113,0,19
1778849902278,165,UpdateIndividual,200,OK,UpdateIndividual 4-602,text,true,,800,5594,7,15,https://api-scuda.uat.oci.krungsri.tech/ic/api/v1/customer/individual/updateprofile,165,0,27
1778849902419,25,SearchIndividual,200,OK,SearchIndividual 2-1499,text,true,,14332,2607,2,15,https://api-scuda.uat.oci.krungsri.tech/ords/api/v1/customer/individual/searchprofile,24,0,11
1778849902359,92,GetIndividual,200,OK,GetIndividual 1-911,text,true,,3835,3588,4,15,https://api-scuda.uat.oci.krungsri.tech/ic/api/v1/customer/individual/getprofile,92,0,16
1778849902157,301,CreateIndividual,201,Created,CreateIndividual 3-34,text,true,,1170,8390,1,14,https://api-scuda.uat.oci.krungsri.tech/ic/api/v1/customer/individual/createprofile,301,0,14
1778849902447,20,SearchIndividual,200,OK,SearchIndividual 2-1501,text,true,,621,2619,3,14,https://api-scuda.uat.oci.krungsri.tech/ords/api/v1/customer/individual/searchprofile,20,0,9
1778849902440,34,SearchIndividual,200,OK,SearchIndividual 2-1500,text,true,,621,2613,2,13,https://api-scuda.uat.oci.krungsri.tech/ords/api/v1/customer/individual/searchprofile,34,0,22
1778849902287,188,UpdateIndividual,200,OK,UpdateIndividual 4-603,text,true,,800,5565,6,12,https://api-scuda.uat.oci.krungsri.tech/ic/api/v1/customer/individual/updateprofile,188,0,29
1778849902460,30,SearchIndividual,200,OK,SearchIndividual 2-1502,text,true,,621,2605,1,12,https://api-scuda.uat.oci.krungsri.tech/ords/api/v1/customer/individual/searchprofile,30,0,15
1778849902380,113,UpdateIndividual,200,OK,UpdateIndividual 4-608,text,true,,800,4227,5,12,https://api-scuda.uat.oci.krungsri.tech/ic/api/v1/customer/individual/updateprofile,113,0,19
1778849902321,172,UpdateIndividual,200,OK,UpdateIndividual 4-605,text,true,,800,4227,5,12,https://api-scuda.uat.oci.krungsri.tech/ic/api/v1/customer/individual/updateprofile,172,0,18
1778849902337,159,GetIndividual,200,OK,GetIndividual 1-909,text,true,,3828,3588,4,10,https://api-scuda.uat.oci.krungsri.tech/ic/api/v1/customer/individual/getprofile,159,0,20
1778849902348,155,GetIndividual,200,OK,GetIndividual 1-910,text,true,,3897,3588,3,9,https://api-scuda.uat.oci.krungsri.tech/ic/api/v1/customer/individual/getprofile,155,0,27
1778849902493,30,SearchIndividual,200,OK,SearchIndividual 2-1503,text,true,,621,2613,2,10,https://api-scuda.uat.oci.krungsri.tech/ords/api/v1/customer/individual/searchprofile,29,0,19
1778849902447,77,GetJuristic,200,OK,GetJuristic 5-34,text,true,,3470,3533,1,9,https://api-scuda.uat.oci.krungsri.tech/ic/api/v1/customer/juristic/getprofile,77,0,12
1778849902383,145,GetIndividual,200,OK,GetIndividual 1-912,text,true,,3874,3588,3,8,https://api-scuda.uat.oci.krungsri.tech/ic/api/v1/customer/individual/getprofile,145,0,22
1778849902518,24,SearchIndividual,200,OK,SearchIndividual 2-1504,text,true,,621,2613,2,8,https://api-scuda.uat.oci.krungsri.tech/ords/api/v1/customer/individual/searchprofile,24,0,14
1778849902415,130,UpdateIndividual,200,OK,UpdateIndividual 4-609,text,true,,800,4229,3,7,https://api-scuda.uat.oci.krungsri.tech/ic/api/v1/customer/individual/updateprofile,130,0,18
1778849902423,129,UpdateIndividual,200,OK,UpdateIndividual 4-610,text,true,,800,4229,2,6,https://api-scuda.uat.oci.krungsri.tech/ic/api/v1/customer/individual/updateprofile,129,0,19
1778849902477,91,GetIndividual,200,OK,GetIndividual 1-913,text,true,,3904,3588,3,9,https://api-scuda.uat.oci.krungsri.tech/ic/api/v1/customer/individual/getprofile,91,0,23
1778849902538,37,SearchIndividual,200,OK,SearchIndividual 2-1505,text,true,,621,2613,4,8,https://api-scuda.uat.oci.krungsri.tech/ords/api/v1/customer/individual/searchprofile,36,0,25
1778849902363,212,UpdateIndividual,200,OK,UpdateIndividual 4-607,text,true,,800,5535,1,7,https://api-scuda.uat.oci.krungsri.tech/ic/api/v1/customer/individual/updateprofile,212,0,18
1778849902557,36,SearchIndividual,200,OK,SearchIndividual 2-1506,text,true,,621,2613,3,8,https://api-scuda.uat.oci.krungsri.tech/ords/api/v1/customer/individual/searchprofile,36,0,23
1778849902566,29,SearchIndividual,200,OK,SearchIndividual 2-1508,text,true,,621,2613,2,8,https://api-scuda.uat.oci.krungsri.tech/ords/api/v1/customer/individual/searchprofile,29,0,18
1778849902565,44,SearchIndividual,200,OK,SearchIndividual 2-1507,text,true,,621,2614,2,9,https://api-scuda.uat.oci.krungsri.tech/ords/api/v1/customer/individual/searchprofile,43,0,29
1778849902514,123,GetIndividual,200,OK,GetIndividual 1-914,text,true,,3821,3588,7,9,https://api-scuda.uat.oci.krungsri.tech/ic/api/v1/customer/individual/getprofile,123,0,23
1778849902561,93,GetIndividual,200,OK,GetIndividual 1-915,text,true,,3919,3588,7,12,https://api-scuda.uat.oci.krungsri.tech/ic/api/v1/customer/individual/getprofile,93,0,21
1778849902608,48,SearchIndividual,200,OK,SearchIndividual 2-1509,text,true,,620,2609,3,12,https://api-scuda.uat.oci.krungsri.tech/ords/api/v1/customer/individual/searchprofile,48,0,32
1778849902641,31,SearchIndividual,200,OK,SearchIndividual 2-1511,text,true,,621,2613,4,14,https://api-scuda.uat.oci.krungsri.tech/ords/api/v1/customer/individual/searchprofile,31,0,19
1778849902579,98,GetIndividual,200,OK,GetIndividual 1-916,text,true,,3876,3588,8,13,https://api-scuda.uat.oci.krungsri.tech/ic/api/v1/customer/individual/getprofile,98,0,23
1778849902590,90,GetIndividual,200,OK,GetIndividual 1-917,text,true,,3842,3588,7,12,https://api-scuda.uat.oci.krungsri.tech/ic/api/v1/customer/individual/getprofile,90,0,11
1778849902639,42,SearchIndividual,200,OK,SearchIndividual 2-1510,text,true,,621,2613,3,11,https://api-scuda.uat.oci.krungsri.tech/ords/api/v1/customer/individual/searchprofile,42,0,28
1778849902604,81,GetIndividual,200,OK,GetIndividual 1-919,text,true,,3833,3588,6,10,https://api-scuda.uat.oci.krungsri.tech/ic/api/v1/customer/individual/getprofile,81,0,12
1778849902594,92,GetIndividual,200,OK,GetIndividual 1-918,text,true,,3877,3588,5,9,https://api-scuda.uat.oci.krungsri.tech/ic/api/v1/customer/individual/getprofile,92,0,19
1778849901964,732,CreateJuristic,201,Created,CreateJuristic 7-34,text,true,,1172,7680,1,9,https://api-scuda.uat.oci.krungsri.tech/ic/api/v1/customer/juristic/createprofile,732,0,16
1778849902668,39,SearchIndividual,200,OK,SearchIndividual 2-1512,text,true,,14300,2608,2,8,https://api-scuda.uat.oci.krungsri.tech/ords/api/v1/customer/individual/searchprofile,39,0,22
1778849902672,40,SearchIndividual,200,OK,SearchIndividual 2-1513,text,true,,621,2610,1,7,https://api-scuda.uat.oci.krungsri.tech/ords/api/v1/customer/individual/searchprofile,40,0,22
1778849902641,85,GetIndividual,200,OK,GetIndividual 1-921,text,true,,3904,3588,6,10,https://api-scuda.uat.oci.krungsri.tech/ic/api/v1/customer/individual/getprofile,85,0,20
1778849902619,115,GetIndividual,200,OK,GetIndividual 1-920,text,true,,3838,3588,5,10,https://api-scuda.uat.oci.krungsri.tech/ic/api/v1/customer/individual/getprofile,115,0,36
1778849902644,103,UpdateIndividual,200,OK,UpdateIndividual 4-611,text,true,,800,4228,2,9,https://api-scuda.uat.oci.krungsri.tech/ic/api/v1/customer/individual/updateprofile,103,0,15
1778849902721,31,SearchIndividual,200,OK,SearchIndividual 2-1515,text,true,,621,2625,4,9,https://api-scuda.uat.oci.krungsri.tech/ords/api/v1/customer/individual/searchprofile,31,0,18
1778849902656,97,GetIndividual,200,OK,GetIndividual 1-922,text,true,,3926,3588,4,8,https://api-scuda.uat.oci.krungsri.tech/ic/api/v1/customer/individual/getprofile,97,0,20
1778849902670,90,GetIndividual,200,OK,GetIndividual 1-923,text,true,,3869,3588,3,7,https://api-scuda.uat.oci.krungsri.tech/ic/api/v1/customer/individual/getprofile,90,0,14
1778849902730,41,SearchIndividual,200,OK,SearchIndividual 2-1516,text,true,,621,2613,4,8,https://api-scuda.uat.oci.krungsri.tech/ords/api/v1/customer/individual/searchprofile,41,0,20
1778849902721,53,SearchIndividual,200,OK,SearchIndividual 2-1514,text,true,,621,2647,3,8,https://api-scuda.uat.oci.krungsri.tech/ords/api/v1/customer/individual/searchprofile,53,0,37
1778849902752,30,SearchIndividual,200,OK,SearchIndividual 2-1517,text,true,,621,2600,2,7,https://api-scuda.uat.oci.krungsri.tech/ords/api/v1/customer/individual/searchprofile,30,0,18
1778849902691,99,GetIndividual,200,OK,GetIndividual 1-924,text,true,,3878,3588,3,9,https://api-scuda.uat.oci.krungsri.tech/ic/api/v1/customer/individual/getprofile,99,0,21
1778849902766,42,SearchIndividual,200,OK,SearchIndividual 2-1518,text,true,,621,2613,4,10,https://api-scuda.uat.oci.krungsri.tech/ords/api/v1/customer/individual/searchprofile,42,0,28
1778849902785,38,SearchIndividual,200,OK,SearchIndividual 2-1519,text,true,,621,2613,6,13,https://api-scuda.uat.oci.krungsri.tech/ords/api/v1/customer/individual/searchprofile,38,0,19
1778849902718,113,GetIndividual,200,OK,GetIndividual 1-925,text,true,,3883,3588,4,12,https://api-scuda.uat.oci.krungsri.tech/ic/api/v1/customer/individual/getprofile,113,0,19
1778849902785,55,SearchIndividual,200,OK,SearchIndividual 2-1520,text,true,,621,2613,6,14,https://api-scuda.uat.oci.krungsri.tech/ords/api/v1/customer/individual/searchprofile,55,0,24
1778849902809,40,SearchIndividual,200,OK,SearchIndividual 2-1522,text,true,,621,2613,5,13,https://api-scuda.uat.oci.krungsri.tech/ords/api/v1/customer/individual/searchprofile,39,0,24
1778849902812,39,SearchIndividual,200,OK,SearchIndividual 2-1523,text,true,,621,2603,4,12,https://api-scuda.uat.oci.krungsri.tech/ords/api/v1/customer/individual/searchprofile,39,0,25
1778849902822,30,SearchIndividual,200,OK,SearchIndividual 2-1524,text,true,,14285,2609,3,11,https://api-scuda.uat.oci.krungsri.tech/ords/api/v1/customer/individual/searchprofile,30,0,16
1778849902839,27,SearchIndividual,200,OK,SearchIndividual 2-1525,text,true,,621,2602,3,11,https://api-scuda.uat.oci.krungsri.tech/ords/api/v1/customer/individual/searchprofile,27,0,16
1778849902807,62,SearchIndividual,200,OK,SearchIndividual 2-1521,text,true,,621,2613,2,10,https://api-scuda.uat.oci.krungsri.tech/ords/api/v1/customer/individual/searchprofile,62,0,43
1778849902772,103,GetIndividual,200,OK,GetIndividual 1-926,text,true,,3856,3588,3,9,https://api-scuda.uat.oci.krungsri.tech/ic/api/v1/customer/individual/getprofile,103,0,27
1778849902721,160,UpdateIndividual,200,OK,UpdateIndividual 4-612,text,true,,800,5526,4,8,https://api-scuda.uat.oci.krungsri.tech/ic/api/v1/customer/individual/updateprofile,160,0,21
1778849902797,95,GetIndividual,200,OK,GetIndividual 1-927,text,true,,3840,3588,4,13,https://api-scuda.uat.oci.krungsri.tech/ic/api/v1/customer/individual/getprofile,95,0,20
1778849902859,35,SearchIndividual,200,OK,SearchIndividual 2-1526,text,true,,621,2602,3,12,https://api-scuda.uat.oci.krungsri.tech/ords/api/v1/customer/individual/searchprofile,35,0,24
1778849902768,136,UpdateIndividual,200,OK,UpdateIndividual 4-613,text,true,,800,4227,4,14,https://api-scuda.uat.oci.krungsri.tech/ic/api/v1/customer/individual/updateprofile,136,0,11
1778849902890,38,SearchIndividual,200,OK,SearchIndividual 2-1528,text,true,,621,2613,6,17,https://api-scuda.uat.oci.krungsri.tech/ords/api/v1/customer/individual/searchprofile,38,0,24
1778849902889,41,SearchIndividual,200,OK,SearchIndividual 2-1527,text,true,,621,2647,5,16,https://api-scuda.uat.oci.krungsri.tech/ords/api/v1/customer/individual/searchprofile,40,0,23
1778849902901,32,SearchIndividual,200,OK,SearchIndividual 2-1529,text,true,,621,2613,4,15,https://api-scuda.uat.oci.krungsri.tech/ords/api/v1/customer/individual/searchprofile,32,0,16
1778849902905,37,SearchIndividual,200,OK,SearchIndividual 2-1531,text,true,,621,2604,4,18,https://api-scuda.uat.oci.krungsri.tech/ords/api/v1/customer/individual/searchprofile,37,0,22
1778849902905,38,SearchIndividual,200,OK,SearchIndividual 2-1530,text,true,,14016,2605,3,17,https://api-scuda.uat.oci.krungsri.tech/ords/api/v1/customer/individual/searchprofile,38,0,23
1778849902836,117,UpdateIndividual,200,OK,UpdateIndividual 4-614,text,true,,800,4227,6,18,https://api-scuda.uat.oci.krungsri.tech/ic/api/v1/customer/individual/updateprofile,117,0,18
1778849902921,40,SearchIndividual,200,OK,SearchIndividual 2-1532,text,true,,621,2613,2,17,https://api-scuda.uat.oci.krungsri.tech/ords/api/v1/customer/individual/searchprofile,40,0,28
1778849902887,75,SearchJuristic,200,OK,SearchJuristic 6-35,text,true,,621,2602,1,16,https://api-scuda.uat.oci.krungsri.tech/ords/api/v1/customer/juristic/searchprofile,74,0,43
1778849902818,158,GetIndividual,200,OK,GetIndividual 1-928,text,true,,3888,3588,5,16,https://api-scuda.uat.oci.krungsri.tech/ic/api/v1/customer/individual/getprofile,158,0,56
1778849902941,40,SearchIndividual,200,OK,SearchIndividual 2-1533,text,true,,621,2626,1,15,https://api-scuda.uat.oci.krungsri.tech/ords/api/v1/customer/individual/searchprofile,40,0,19
1778849902839,146,UpdateIndividual,200,OK,UpdateIndividual 4-615,text,true,,800,5587,6,14,https://api-scuda.uat.oci.krungsri.tech/ic/api/v1/customer/individual/updateprofile,146,0,9
1778849902787,205,UpdateJuristic,200,OK,UpdateJuristic 8-34,text,true,,800,5857,1,14,https://api-scuda.uat.oci.krungsri.tech/ic/api/v1/customer/juristic/updateprofile,205,0,30
1778849902891,104,GetIndividual,200,OK,GetIndividual 1-930,text,true,,3817,3587,5,14,https://api-scuda.uat.oci.krungsri.tech/ic/api/v1/customer/individual/getprofile,104,0,21
1778849902901,94,GetJoint,200,OK,GetJoint 9-35,text,true,,1428,3529,1,14,https://api-scuda.uat.oci.krungsri.tech/ic/api/v1/customer/joint/getprofile,94,0,19
1778849902886,110,GetIndividual,200,OK,GetIndividual 1-929,text,true,,3801,3588,4,12,https://api-scuda.uat.oci.krungsri.tech/ic/api/v1/customer/individual/getprofile,110,0,18
1778849902987,41,SearchIndividual,200,OK,SearchIndividual 2-1534,text,true,,621,2602,4,17,https://api-scuda.uat.oci.krungsri.tech/ords/api/v1/customer/individual/searchprofile,41,0,22
1778849903001,28,SearchIndividual,200,OK,SearchIndividual 2-1535,text,true,,621,2600,4,17,https://api-scuda.uat.oci.krungsri.tech/ords/api/v1/customer/individual/searchprofile,27,0,18
1778849902922,117,GetIndividual,200,OK,GetIndividual 1-931,text,true,,3866,3588,7,18,https://api-scuda.uat.oci.krungsri.tech/ic/api/v1/customer/individual/getprofile,117,0,21
1778849902949,100,GetIndividual,200,OK,GetIndividual 1-932,text,true,,3829,3588,8,19,https://api-scuda.uat.oci.krungsri.tech/ic/api/v1/customer/individual/getprofile,100,0,22
1778849903026,33,SearchIndividual,200,OK,SearchIndividual 2-1537,text,true,,621,2613,3,20,https://api-scuda.uat.oci.krungsri.tech/ords/api/v1/customer/individual/searchprofile,33,0,20
1778849903020,45,SearchIndividual,200,OK,SearchIndividual 2-1536,text,true,,621,2604,3,20,https://api-scuda.uat.oci.krungsri.tech/ords/api/v1/customer/individual/searchprofile,44,0,25
1778849902890,189,UpdateIndividual,200,OK,UpdateIndividual 4-616,text,true,,800,5529,7,21,https://api-scuda.uat.oci.krungsri.tech/ic/api/v1/customer/individual/updateprofile,189,0,25
1778849903057,35,SearchIndividual,200,OK,SearchIndividual 2-1538,text,true,,621,2637,6,22,https://api-scuda.uat.oci.krungsri.tech/ords/api/v1/customer/individual/searchprofile,35,0,17
1778849902973,121,UpdateIndividual,200,OK,UpdateIndividual 4-620,text,true,,800,4226,6,22,https://api-scuda.uat.oci.krungsri.tech/ic/api/v1/customer/individual/updateprofile,121,0,21
1778849902942,156,UpdateIndividual,200,OK,UpdateIndividual 4-618,text,true,,800,5589,5,22,https://api-scuda.uat.oci.krungsri.tech/ic/api/v1/customer/individual/updateprofile,156,0,15
1778849903065,34,SearchIndividual,200,OK,SearchIndividual 2-1539,text,true,,14343,2611,6,21,https://api-scuda.uat.oci.krungsri.tech/ords/api/v1/customer/individual/searchprofile,34,0,20
1778849902993,110,GetIndividual,200,OK,GetIndividual 1-933,text,true,,3937,3588,9,20,https://api-scuda.uat.oci.krungsri.tech/ic/api/v1/customer/individual/getprofile,110,0,19
1778849902946,162,UpdateIndividual,200,OK,UpdateIndividual 4-619,text,true,,800,5663,4,19,https://api-scuda.uat.oci.krungsri.tech/ic/api/v1/customer/individual/updateprofile,162,0,20
1778849903080,31,SearchIndividual,200,OK,SearchIndividual 2-1541,text,true,,621,2613,5,18,https://api-scuda.uat.oci.krungsri.tech/ords/api/v1/customer/individual/searchprofile,31,0,20
1778849903075,41,SearchIndividual,200,OK,SearchIndividual 2-1540,text,true,,13952,2601,4,17,https://api-scuda.uat.oci.krungsri.tech/ords/api/v1/customer/individual/searchprofile,40,0,22
1778849903032,100,GetIndividual,200,OK,GetIndividual 1-936,text,true,,3830,3588,8,20,https://api-scuda.uat.oci.krungsri.tech/ic/api/v1/customer/individual/getprofile,100,0,22
1778849903006,121,GetIndividual,200,OK,GetIndividual 1-935,text,true,,3775,3588,8,18,https://api-scuda.uat.oci.krungsri.tech/ic/api/v1/customer/individual/getprofile,121,0,20
1778849903097,27,SearchIndividual,200,OK,SearchIndividual 2-1544,text,true,,14508,2613,3,17,https://api-scuda.uat.oci.krungsri.tech/ords/api/v1/customer/individual/searchprofile,26,0,15
1778849903089,49,SearchIndividual,200,OK,SearchIndividual 2-1543,text,true,,621,2613,6,23,https://api-scuda.uat.oci.krungsri.tech/ords/api/v1/customer/individual/searchprofile,49,0,34
1778849902938,185,UpdateIndividual,200,OK,UpdateIndividual 4-617,text,true,,800,5480,4,17,https://api-scuda.uat.oci.krungsri.tech/ic/api/v1/customer/individual/updateprofile,185,0,31
1778849903006,113,GetIndividual,200,OK,GetIndividual 1-934,text,true,,3794,3588,8,16,https://api-scuda.uat.oci.krungsri.tech/ic/api/v1/customer/individual/getprofile,113,0,29
1778849903088,53,SearchIndividual,200,OK,SearchIndividual 2-1542,text,true,,621,2613,4,17,https://api-scuda.uat.oci.krungsri.tech/ords/api/v1/customer/individual/searchprofile,53,0,38
1778849903033,112,GetIndividual,200,OK,GetIndividual 1-937,text,true,,3878,3588,5,16,https://api-scuda.uat.oci.krungsri.tech/ic/api/v1/customer/individual/getprofile,112,0,22
1778849903042,104,GetIndividual,200,OK,GetIndividual 1-939,text,true,,3899,3588,4,15,https://api-scuda.uat.oci.krungsri.tech/ic/api/v1/customer/individual/getprofile,104,0,13
1778849903051,96,GetIndividual,200,OK,GetIndividual 1-940,text,true,,3773,3588,3,14,https://api-scuda.uat.oci.krungsri.tech/ic/api/v1/customer/individual/getprofile,96,0,18
1778849903041,107,GetIndividual,200,OK,GetIndividual 1-938,text,true,,3872,3588,3,14,https://api-scuda.uat.oci.krungsri.tech/ic/api/v1/customer/individual/getprofile,107,0,20
1778849903129,30,SearchIndividual,200,OK,SearchIndividual 2-1546,text,true,,621,2613,3,12,https://api-scuda.uat.oci.krungsri.tech/ords/api/v1/customer/individual/searchprofile,30,0,19
1778849903125,44,SearchIndividual,200,OK,SearchIndividual 2-1545,text,true,,13997,2605,4,13,https://api-scuda.uat.oci.krungsri.tech/ords/api/v1/customer/individual/searchprofile,44,0,23
1778849903138,34,SearchIndividual,200,OK,SearchIndividual 2-1547,text,true,,621,2605,3,12,https://api-scuda.uat.oci.krungsri.tech/ords/api/v1/customer/individual/searchprofile,34,0,17
1778849903133,39,SearchJoint,200,OK,SearchJoint 10-35,text,true,,621,2627,1,12,https://api-scuda.uat.oci.krungsri.tech/ords/api/v1/customer/joint/searchprofile,39,0,18
1778849903162,27,SearchIndividual,200,OK,SearchIndividual 2-1549,text,true,,14528,2609,4,14,https://api-scuda.uat.oci.krungsri.tech/ords/api/v1/customer/individual/searchprofile,27,0,14
1778849903025,166,UpdateIndividual,200,OK,UpdateIndividual 4-621,text,true,,800,4229,6,15,https://api-scuda.uat.oci.krungsri.tech/ic/api/v1/customer/individual/updateprofile,166,0,20
1778849903161,36,SearchIndividual,200,OK,SearchIndividual 2-1548,text,true,,621,2623,4,17,https://api-scuda.uat.oci.krungsri.tech/ords/api/v1/customer/individual/searchprofile,36,0,22
1778849903036,175,UpdateIndividual,200,OK,UpdateIndividual 4-622,text,true,,800,5596,7,18,https://api-scuda.uat.oci.krungsri.tech/ic/api/v1/customer/individual/updateprofile,175,0,35
1778849903188,26,SearchIndividual,200,OK,SearchIndividual 2-1550,text,true,,620,2604,3,17,https://api-scuda.uat.oci.krungsri.tech/ords/api/v1/customer/individual/searchprofile,26,0,12
1778849903189,42,SearchIndividual,200,OK,SearchIndividual 2-1551,text,true,,621,2613,3,19,https://api-scuda.uat.oci.krungsri.tech/ords/api/v1/customer/individual/searchprofile,38,0,13
1778849903193,46,SearchIndividual,200,OK,SearchIndividual 2-1552,text,true,,14012,2605,3,20,https://api-scuda.uat.oci.krungsri.tech/ords/api/v1/customer/individual/searchprofile,45,0,28
1778849903094,146,GetIndividual,200,OK,GetIndividual 1-941,text,true,,3889,3588,7,19,https://api-scuda.uat.oci.krungsri.tech/ic/api/v1/customer/individual/getprofile,146,0,18
1778849903217,25,SearchIndividual,200,OK,SearchIndividual 2-1553,text,true,,621,2614,2,18,https://api-scuda.uat.oci.krungsri.tech/ords/api/v1/customer/individual/searchprofile,25,0,14
1778849903131,116,UpdateIndividual,200,OK,UpdateIndividual 4-624,text,true,,799,4226,7,17,https://api-scuda.uat.oci.krungsri.tech/ic/api/v1/customer/individual/updateprofile,116,0,25
1778849903137,114,UpdateIndividual,200,OK,UpdateIndividual 4-625,text,true,,800,4227,7,19,https://api-scuda.uat.oci.krungsri.tech/ic/api/v1/customer/individual/updateprofile,114,0,15
1778849903237,25,SearchIndividual,200,OK,SearchIndividual 2-1554,text,true,,621,2613,5,20,https://api-scuda.uat.oci.krungsri.tech/ords/api/v1/customer/individual/searchprofile,25,0,14
1778849902947,326,CreateJoint,200,OK,CreateJoint 11-35,text,true,,1813,5711,1,22,https://api-scuda.uat.oci.krungsri.tech/ic/api/v1/customer/joint/createprofile,326,0,19
1778849903253,23,SearchIndividual,200,OK,SearchIndividual 2-1557,text,true,,621,2601,7,21,https://api-scuda.uat.oci.krungsri.tech/ords/api/v1/customer/individual/searchprofile,23,0,13
1778849903256,29,SearchIndividual,200,OK,SearchIndividual 2-1558,text,true,,621,2605,7,22,https://api-scuda.uat.oci.krungsri.tech/ords/api/v1/customer/individual/searchprofile,29,0,19
1778849903195,92,GetIndividual,200,OK,GetIndividual 1-944,text,true,,3827,3587,6,21,https://api-scuda.uat.oci.krungsri.tech/ic/api/v1/customer/individual/getprofile,92,0,19
1778849903251,38,SearchIndividual,200,OK,SearchIndividual 2-1555,text,true,,621,2628,6,21,https://api-scuda.uat.oci.krungsri.tech/ords/api/v1/customer/individual/searchprofile,38,0,25
1778849903251,39,SearchIndividual,200,OK,SearchIndividual 2-1556,text,true,,621,2603,6,21,https://api-scuda.uat.oci.krungsri.tech/ords/api/v1/customer/individual/searchprofile,38,0,20
1778849903272,21,SearchIndividual,200,OK,SearchIndividual 2-1561,text,true,,620,2602,6,21,https://api-scuda.uat.oci.krungsri.tech/ords/api/v1/customer/individual/searchprofile,21,0,11
1778849903191,102,GetIndividual,200,OK,GetIndividual 1-943,text,true,,3852,3588,6,20,https://api-scuda.uat.oci.krungsri.tech/ic/api/v1/customer/individual/getprofile,102,0,19
1778849903272,24,SearchIndividual,200,OK,SearchIndividual 2-1560,text,true,,620,2605,5,19,https://api-scuda.uat.oci.krungsri.tech/ords/api/v1/customer/individual/searchprofile,24,0,12
1778849903267,30,SearchIndividual,200,OK,SearchIndividual 2-1559,text,true,,621,2613,4,18,https://api-scuda.uat.oci.krungsri.tech/ords/api/v1/customer/individual/searchprofile,29,0,18
1778849902924,376,CreateIndividual,201,Created,CreateIndividual 3-35,text,true,,1172,8232,1,17,https://api-scuda.uat.oci.krungsri.tech/ic/api/v1/customer/individual/createprofile,376,0,26
1778849903210,91,GetIndividual,200,OK,GetIndividual 1-945,text,true,,3804,3588,5,16,https://api-scuda.uat.oci.krungsri.tech/ic/api/v1/customer/individual/getprofile,91,0,18
1778849903221,91,GetIndividual,200,OK,GetIndividual 1-946,text,true,,3862,3587,5,16,https://api-scuda.uat.oci.krungsri.tech/ic/api/v1/customer/individual/getprofile,91,0,18
1778849903193,120,UpdateJoint,200,OK,UpdateJoint 12-35,text,true,,800,3614,1,15,https://api-scuda.uat.oci.krungsri.tech/ic/api/v1/customer/joint/updateprofile,120,0,18
1778849903188,125,GetIndividual,200,OK,GetIndividual 1-942,text,true,,3860,3587,4,14,https://api-scuda.uat.oci.krungsri.tech/ic/api/v1/customer/individual/getprofile,125,0,43
1778849903281,37,SearchIndividual,200,OK,SearchIndividual 2-1562,text,true,,621,2643,3,14,https://api-scuda.uat.oci.krungsri.tech/ords/api/v1/customer/individual/searchprofile,37,0,19
1778849903293,25,SearchIndividual,200,OK,SearchIndividual 2-1564,text,true,,621,2613,2,13,https://api-scuda.uat.oci.krungsri.tech/ords/api/v1/customer/individual/searchprofile,25,0,15
1778849903292,32,SearchIndividual,200,OK,SearchIndividual 2-1563,text,true,,621,2613,3,15,https://api-scuda.uat.oci.krungsri.tech/ords/api/v1/customer/individual/searchprofile,32,0,19
1778849903230,101,GetIndividual,200,OK,GetIndividual 1-947,text,true,,3875,3588,3,14,https://api-scuda.uat.oci.krungsri.tech/ic/api/v1/customer/individual/getprofile,101,0,22
1778849903209,135,UpdateIndividual,200,OK,UpdateIndividual 4-628,text,true,,800,4228,9,14,https://api-scuda.uat.oci.krungsri.tech/ic/api/v1/customer/individual/updateprofile,135,0,22
1778849903320,28,SearchIndividual,200,OK,SearchIndividual 2-1565,text,true,,621,2613,2,13,https://api-scuda.uat.oci.krungsri.tech/ords/api/v1/customer/individual/searchprofile,28,0,16
1778849903325,33,SearchIndividual,200,OK,SearchIndividual 2-1566,text,true,,621,2629,2,14,https://api-scuda.uat.oci.krungsri.tech/ords/api/v1/customer/individual/searchprofile,33,0,21
1778849903253,108,UpdateIndividual,200,OK,UpdateIndividual 4-630,text,true,,800,4227,8,13,https://api-scuda.uat.oci.krungsri.tech/ic/api/v1/customer/individual/updateprofile,108,0,17
1778849903191,174,UpdateIndividual,200,OK,UpdateIndividual 4-626,text,true,,799,5630,7,12,https://api-scuda.uat.oci.krungsri.tech/ic/api/v1/customer/individual/updateprofile,174,0,18
1778849903124,242,UpdateIndividual,200,OK,UpdateIndividual 4-623,text,true,,800,5532,6,11,https://api-scuda.uat.oci.krungsri.tech/ic/api/v1/customer/individual/updateprofile,242,0,18
1778849903198,172,UpdateIndividual,200,OK,UpdateIndividual 4-627,text,true,,799,5600,5,10,https://api-scuda.uat.oci.krungsri.tech/ic/api/v1/customer/individual/updateprofile,172,0,19
1778849903352,26,SearchIndividual,200,OK,SearchIndividual 2-1567,text,true,,621,2613,2,11,https://api-scuda.uat.oci.krungsri.tech/ords/api/v1/customer/individual/searchprofile,26,0,16
1778849903290,112,GetIndividual,200,OK,GetIndividual 1-948,text,true,,3897,3588,5,12,https://api-scuda.uat.oci.krungsri.tech/ic/api/v1/customer/individual/getprofile,112,0,18
1778849903380,24,SearchIndividual,200,OK,SearchIndividual 2-1569,text,true,,621,2613,2,11,https://api-scuda.uat.oci.krungsri.tech/ords/api/v1/customer/individual/searchprofile,24,0,14
1778849903285,124,UpdateIndividual,200,OK,UpdateIndividual 4-631,text,true,,800,4228,4,10,https://api-scuda.uat.oci.krungsri.tech/ic/api/v1/customer/individual/updateprofile,124,0,21
1778849903373,36,SearchIndividual,200,OK,SearchIndividual 2-1568,text,true,,621,2613,1,9,https://api-scuda.uat.oci.krungsri.tech/ords/api/v1/customer/individual/searchprofile,36,0,17
1778849903308,119,GetIndividual,200,OK,GetIndividual 1-949,text,true,,3812,3588,5,11,https://api-scuda.uat.oci.krungsri.tech/ic/api/v1/customer/individual/getprofile,119,0,12
1778849903419,18,SearchIndividual,200,OK,SearchIndividual 2-1570,text,true,,621,2613,2,10,https://api-scuda.uat.oci.krungsri.tech/ords/api/v1/customer/individual/searchprofile,18,0,8
1778849903239,197,UpdateIndividual,200,OK,UpdateIndividual 4-629,text,true,,800,5573,3,10,https://api-scuda.uat.oci.krungsri.tech/ic/api/v1/customer/individual/updateprofile,197,0,14
1778849903357,89,GetIndividual,200,OK,GetIndividual 1-950,text,true,,3901,3588,5,10,https://api-scuda.uat.oci.krungsri.tech/ic/api/v1/customer/individual/getprofile,89,0,19
1778849903422,38,SearchIndividual,200,OK,SearchIndividual 2-1571,text,true,,14348,2607,4,12,https://api-scuda.uat.oci.krungsri.tech/ords/api/v1/customer/individual/searchprofile,38,0,18
1778849903374,88,GetIndividual,200,OK,GetIndividual 1-951,text,true,,3823,3588,5,11,https://api-scuda.uat.oci.krungsri.tech/ic/api/v1/customer/individual/getprofile,88,0,19
1778849903439,30,SearchIndividual,200,OK,SearchIndividual 2-1572,text,true,,621,2604,3,12,https://api-scuda.uat.oci.krungsri.tech/ords/api/v1/customer/individual/searchprofile,30,0,20
1778849903391,82,GetIndividual,200,OK,GetIndividual 1-952,text,true,,3882,3588,6,11,https://api-scuda.uat.oci.krungsri.tech/ic/api/v1/customer/individual/getprofile,82,0,13
1778849903455,33,SearchIndividual,200,OK,SearchIndividual 2-1574,text,true,,621,2614,2,12,https://api-scuda.uat.oci.krungsri.tech/ords/api/v1/customer/individual/searchprofile,33,0,22
1778849903455,37,SearchIndividual,200,OK,SearchIndividual 2-1573,text,true,,621,2613,2,13,https://api-scuda.uat.oci.krungsri.tech/ords/api/v1/customer/individual/searchprofile,37,0,19
1778849903412,83,GetIndividual,200,OK,GetIndividual 1-953,text,true,,3841,3588,8,12,https://api-scuda.uat.oci.krungsri.tech/ic/api/v1/customer/individual/getprofile,83,0,11
1778849903323,172,UpdateIndividual,200,OK,UpdateIndividual 4-632,text,true,,800,4229,2,13,https://api-scuda.uat.oci.krungsri.tech/ic/api/v1/customer/individual/updateprofile,172,0,20
1778849903344,156,UpdateIndividual,200,OK,UpdateIndividual 4-633,text,true,,800,5519,2,14,https://api-scuda.uat.oci.krungsri.tech/ic/api/v1/customer/individual/updateprofile,156,0,14
1778849903316,216,GetJuristic,200,OK,GetJuristic 5-35,text,true,,3476,3533,1,17,https://api-scuda.uat.oci.krungsri.tech/ic/api/v1/customer/juristic/getprofile,216,0,14
1778849903490,45,SearchIndividual,200,OK,SearchIndividual 2-1575,text,true,,620,2619,3,16,https://api-scuda.uat.oci.krungsri.tech/ords/api/v1/customer/individual/searchprofile,45,0,21
1778849903469,86,GetIndividual,200,OK,GetIndividual 1-957,text,true,,3907,3588,11,16,https://api-scuda.uat.oci.krungsri.tech/ic/api/v1/customer/individual/getprofile,86,0,13
1778849903445,110,GetIndividual,200,OK,GetIndividual 1-954,text,true,,3823,3588,11,16,https://api-scuda.uat.oci.krungsri.tech/ic/api/v1/customer/individual/getprofile,110,0,22
1778849903450,107,GetIndividual,200,OK,GetIndividual 1-955,text,true,,3807,3588,9,15,https://api-scuda.uat.oci.krungsri.tech/ic/api/v1/customer/individual/getprofile,107,0,20
1778849903463,95,GetIndividual,200,OK,GetIndividual 1-956,text,true,,3851,3588,9,15,https://api-scuda.uat.oci.krungsri.tech/ic/api/v1/customer/individual/getprofile,95,0,19
1778849903516,43,SearchIndividual,200,OK,SearchIndividual 2-1576,text,true,,621,2613,4,13,https://api-scuda.uat.oci.krungsri.tech/ords/api/v1/customer/individual/searchprofile,42,0,22
1778849903529,31,SearchIndividual,200,OK,SearchIndividual 2-1577,text,true,,621,2613,3,12,https://api-scuda.uat.oci.krungsri.tech/ords/api/v1/customer/individual/searchprofile,31,0,20
1778849903544,31,SearchIndividual,200,OK,SearchIndividual 2-1578,text,true,,621,2613,3,14,https://api-scuda.uat.oci.krungsri.tech/ords/api/v1/customer/individual/searchprofile,31,0,20
1778849903479,100,GetIndividual,200,OK,GetIndividual 1-958,text,true,,3840,3588,8,13,https://api-scuda.uat.oci.krungsri.tech/ic/api/v1/customer/individual/getprofile,100,0,22
1778849903559,27,SearchIndividual,200,OK,SearchIndividual 2-1579,text,true,,621,2613,2,13,https://api-scuda.uat.oci.krungsri.tech/ords/api/v1/customer/individual/searchprofile,27,0,17
1778849903488,98,GetIndividual,200,OK,GetIndividual 1-959,text,true,,3892,3588,7,13,https://api-scuda.uat.oci.krungsri.tech/ic/api/v1/customer/individual/getprofile,98,0,18
1778849903497,93,GetIndividual,200,OK,GetIndividual 1-961,text,true,,3782,3588,6,11,https://api-scuda.uat.oci.krungsri.tech/ic/api/v1/customer/individual/getprofile,93,0,20
1778849903492,100,GetIndividual,200,OK,GetIndividual 1-960,text,true,,3846,3588,5,10,https://api-scuda.uat.oci.krungsri.tech/ic/api/v1/customer/individual/getprofile,100,0,20
1778849903497,102,GetIndividual,200,OK,GetIndividual 1-962,text,true,,3812,3588,4,9,https://api-scuda.uat.oci.krungsri.tech/ic/api/v1/customer/individual/getprofile,102,0,32
1778849903571,29,SearchIndividual,200,OK,SearchIndividual 2-1580,text,true,,621,2613,1,9,https://api-scuda.uat.oci.krungsri.tech/ords/api/v1/customer/individual/searchprofile,29,0,18
1778849903511,103,GetIndividual,200,OK,GetIndividual 1-964,text,true,,3818,3588,3,9,https://api-scuda.uat.oci.krungsri.tech/ic/api/v1/customer/individual/getprofile,103,0,26
1778849903509,124,UpdateIndividual,200,OK,UpdateIndividual 4-635,text,true,,800,4228,7,12,https://api-scuda.uat.oci.krungsri.tech/ic/api/v1/customer/individual/updateprofile,124,0,22
1778849903613,31,SearchIndividual,200,OK,SearchIndividual 2-1581,text,true,,621,2613,2,12,https://api-scuda.uat.oci.krungsri.tech/ords/api/v1/customer/individual/searchprofile,31,0,19
1778849903563,95,GetIndividual,200,OK,GetIndividual 1-965,text,true,,3885,3587,3,13,https://api-scuda.uat.oci.krungsri.tech/ic/api/v1/customer/individual/getprofile,95,0,19
1778849903564,103,UpdateIndividual,200,OK,UpdateIndividual 4-636,text,true,,800,4229,6,13,https://api-scuda.uat.oci.krungsri.tech/ic/api/v1/customer/individual/updateprofile,103,0,12
1778849903502,167,UpdateIndividual,200,OK,UpdateIndividual 4-634,text,true,,800,5601,5,12,https://api-scuda.uat.oci.krungsri.tech/ic/api/v1/customer/individual/updateprofile,167,0,22
1778849903649,23,SearchIndividual,200,OK,SearchIndividual 2-1583,text,true,,620,2611,3,11,https://api-scuda.uat.oci.krungsri.tech/ords/api/v1/customer/individual/searchprofile,23,0,12
1778849903644,31,SearchIndividual,200,OK,SearchIndividual 2-1582,text,true,,620,2612,2,10,https://api-scuda.uat.oci.krungsri.tech/ords/api/v1/customer/individual/searchprofile,31,0,20
1778849903661,30,SearchIndividual,200,OK,SearchIndividual 2-1584,text,true,,14209,2605,3,11,https://api-scuda.uat.oci.krungsri.tech/ords/api/v1/customer/individual/searchprofile,30,0,14
1778849903500,198,GetIndividual,200,OK,GetIndividual 1-963,text,true,,1080,3588,2,10,https://api-scuda.uat.oci.krungsri.tech/ic/api/v1/customer/individual/getprofile,198,0,19
1778849903684,22,SearchIndividual,200,OK,SearchIndividual 2-1586,text,true,,621,2613,3,10,https://api-scuda.uat.oci.krungsri.tech/ords/api/v1/customer/individual/searchprofile,22,0,11
1778849903680,28,SearchIndividual,200,OK,SearchIndividual 2-1585,text,true,,621,2613,2,9,https://api-scuda.uat.oci.krungsri.tech/ords/api/v1/customer/individual/searchprofile,28,0,17
1778849903609,109,UpdateIndividual,200,OK,UpdateIndividual 4-637,text,true,,800,4229,5,10,https://api-scuda.uat.oci.krungsri.tech/ic/api/v1/customer/individual/updateprofile,109,0,21
1778849903706,19,SearchIndividual,200,OK,SearchIndividual 2-1587,text,true,,621,2613,2,10,https://api-scuda.uat.oci.krungsri.tech/ords/api/v1/customer/individual/searchprofile,19,0,8
1778849903625,111,UpdateIndividual,200,OK,UpdateIndividual 4-639,text,true,,800,4227,4,11,https://api-scuda.uat.oci.krungsri.tech/ic/api/v1/customer/individual/updateprofile,111,0,18
1778849903586,157,UpdateJuristic,200,OK,UpdateJuristic 8-35,text,true,,800,4423,1,11,https://api-scuda.uat.oci.krungsri.tech/ic/api/v1/customer/juristic/updateprofile,157,0,18
1778849903657,86,GetIndividual,200,OK,GetIndividual 1-966,text,true,,3822,3588,4,11,https://api-scuda.uat.oci.krungsri.tech/ic/api/v1/customer/individual/getprofile,86,0,12
1778849903636,113,UpdateIndividual,200,OK,UpdateIndividual 4-640,text,true,,800,4229,3,10,https://api-scuda.uat.oci.krungsri.tech/ic/api/v1/customer/individual/updateprofile,113,0,17
1778849903727,37,SearchIndividual,200,OK,SearchIndividual 2-1589,text,true,,621,2613,3,10,https://api-scuda.uat.oci.krungsri.tech/ords/api/v1/customer/individual/searchprofile,37,0,23
1778849903718,50,SearchIndividual,200,OK,SearchIndividual 2-1588,text,true,,621,2640,2,9,https://api-scuda.uat.oci.krungsri.tech/ords/api/v1/customer/individual/searchprofile,50,0,21
1778849903618,152,UpdateIndividual,200,OK,UpdateIndividual 4-638,text,true,,800,5559,2,8,https://api-scuda.uat.oci.krungsri.tech/ic/api/v1/customer/individual/updateprofile,152,0,13
1778849903749,51,SearchIndividual,200,OK,SearchIndividual 2-1590,text,true,,621,2635,4,12,https://api-scuda.uat.oci.krungsri.tech/ords/api/v1/customer/individual/searchprofile,50,0,38
1778849903719,93,GetIndividual,200,OK,GetIndividual 1-967,text,true,,3856,3588,6,13,https://api-scuda.uat.oci.krungsri.tech/ic/api/v1/customer/individual/getprofile,93,0,17
1778849903782,30,SearchIndividual,200,OK,SearchIndividual 2-1592,text,true,,621,2613,4,13,https://api-scuda.uat.oci.krungsri.tech/ords/api/v1/customer/individual/searchprofile,30,0,11
1778849903774,46,SearchIndividual,200,OK,SearchIndividual 2-1591,text,true,,620,2609,3,11,https://api-scuda.uat.oci.krungsri.tech/ords/api/v1/customer/individual/searchprofile,45,0,22
1778849903797,35,SearchIndividual,200,OK,SearchIndividual 2-1593,text,true,,621,2631,4,12,https://api-scuda.uat.oci.krungsri.tech/ords/api/v1/customer/individual/searchprofile,35,0,16
1778849903732,100,GetIndividual,200,OK,GetIndividual 1-968,text,true,,3855,3588,5,12,https://api-scuda.uat.oci.krungsri.tech/ic/api/v1/customer/individual/getprofile,100,0,20
1778849903812,32,SearchIndividual,200,OK,SearchIndividual 2-1594,text,true,,621,2603,5,12,https://api-scuda.uat.oci.krungsri.tech/ords/api/v1/customer/individual/searchprofile,31,0,20
1778849903822,34,SearchIndividual,200,OK,SearchIndividual 2-1596,text,true,,621,2613,5,12,https://api-scuda.uat.oci.krungsri.tech/ords/api/v1/customer/individual/searchprofile,34,0,22
1778849903821,38,SearchIndividual,200,OK,SearchIndividual 2-1595,text,true,,621,2613,4,11,https://api-scuda.uat.oci.krungsri.tech/ords/api/v1/customer/individual/searchprofile,37,0,24
1778849903761,102,GetIndividual,200,OK,GetIndividual 1-970,text,true,,3887,3588,4,10,https://api-scuda.uat.oci.krungsri.tech/ic/api/v1/customer/individual/getprofile,102,0,23
1778849903743,121,GetIndividual,200,OK,GetIndividual 1-969,text,true,,3777,3588,3,9,https://api-scuda.uat.oci.krungsri.tech/ic/api/v1/customer/individual/getprofile,121,0,45
1778849903721,151,UpdateIndividual,200,OK,UpdateIndividual 4-641,text,true,,800,5533,2,8,https://api-scuda.uat.oci.krungsri.tech/ic/api/v1/customer/individual/updateprofile,151,0,17
1778849903839,33,SearchIndividual,200,OK,SearchIndividual 2-1597,text,true,,621,2605,3,8,https://api-scuda.uat.oci.krungsri.tech/ords/api/v1/customer/individual/searchprofile,33,0,19
1778849903844,34,SearchIndividual,200,OK,SearchIndividual 2-1598,text,true,,621,2613,2,6,https://api-scuda.uat.oci.krungsri.tech/ords/api/v1/customer/individual/searchprofile,34,0,22
1778849903852,31,SearchIndividual,200,OK,SearchIndividual 2-1599,text,true,,14291,2607,1,5,https://api-scuda.uat.oci.krungsri.tech/ords/api/v1/customer/individual/searchprofile,31,0,16
1778849903779,116,GetIndividual,200,OK,GetIndividual 1-971,text,true,,3859,3588,3,9,https://api-scuda.uat.oci.krungsri.tech/ic/api/v1/customer/individual/getprofile,115,0,39
1778849903801,103,GetIndividual,200,OK,GetIndividual 1-972,text,true,,3863,3588,4,10,https://api-scuda.uat.oci.krungsri.tech/ic/api/v1/customer/individual/getprofile,103,0,23
1778849903895,42,SearchIndividual,200,OK,SearchIndividual 2-1601,text,true,,621,2600,3,10,https://api-scuda.uat.oci.krungsri.tech/ords/api/v1/customer/individual/searchprofile,42,0,29
1778849903894,47,SearchIndividual,200,OK,SearchIndividual 2-1600,text,true,,620,2608,3,11,https://api-scuda.uat.oci.krungsri.tech/ords/api/v1/customer/individual/searchprofile,47,0,30
1778849903911,36,SearchIndividual,200,OK,SearchIndividual 2-1602,text,true,,621,2613,2,10,https://api-scuda.uat.oci.krungsri.tech/ords/api/v1/customer/individual/searchprofile,36,0,24
1778849903939,37,SearchIndividual,200,OK,SearchIndividual 2-1603,text,true,,621,2613,3,12,https://api-scuda.uat.oci.krungsri.tech/ords/api/v1/customer/individual/searchprofile,37,0,21
1778849903784,195,UpdateIndividual,200,OK,UpdateIndividual 4-642,text,true,,800,5518,4,12,https://api-scuda.uat.oci.krungsri.tech/ic/api/v1/customer/individual/updateprofile,195,0,43
1778849903896,89,GetIndividual,200,OK,GetIndividual 1-974,text,true,,3862,3588,4,11,https://api-scuda.uat.oci.krungsri.tech/ic/api/v1/customer/individual/getprofile,89,0,22
1778849903884,103,GetIndividual,200,OK,GetIndividual 1-973,text,true,,3850,3588,3,10,https://api-scuda.uat.oci.krungsri.tech/ic/api/v1/customer/individual/getprofile,103,0,21
1778849903963,26,SearchIndividual,200,OK,SearchIndividual 2-1604,text,true,,621,2604,3,9,https://api-scuda.uat.oci.krungsri.tech/ords/api/v1/customer/individual/searchprofile,26,0,15
1778849903969,28,SearchIndividual,200,OK,SearchIndividual 2-1605,text,true,,621,2637,2,9,https://api-scuda.uat.oci.krungsri.tech/ords/api/v1/customer/individual/searchprofile,27,0,16
1778849903899,100,GetIndividual,200,OK,GetIndividual 1-975,text,true,,3837,3588,4,9,https://api-scuda.uat.oci.krungsri.tech/ic/api/v1/customer/individual/getprofile,100,0,29
1778849903898,113,UpdateIndividual,200,OK,UpdateIndividual 4-644,text,true,,799,4226,3,9,https://api-scuda.uat.oci.krungsri.tech/ic/api/v1/customer/individual/updateprofile,113,0,17
1778849903978,39,SearchIndividual,200,OK,SearchIndividual 2-1606,text,true,,13827,2602,1,9,https://api-scuda.uat.oci.krungsri.tech/ords/api/v1/customer/individual/searchprofile,39,0,27
1778849903629,401,CreateJuristic,201,Created,CreateJuristic 7-35,text,true,,1172,7924,1,10,https://api-scuda.uat.oci.krungsri.tech/ic/api/v1/customer/juristic/createprofile,401,0,18
1778849903887,144,UpdateIndividual,200,OK,UpdateIndividual 4-643,text,true,,800,5489,2,9,https://api-scuda.uat.oci.krungsri.tech/ic/api/v1/customer/individual/updateprofile,144,0,12
1778849903940,95,GetIndividual,200,OK,GetIndividual 1-976,text,true,,3843,3588,7,8,https://api-scuda.uat.oci.krungsri.tech/ic/api/v1/customer/individual/getprofile,95,0,21
1778849904055,25,SearchIndividual,200,OK,SearchIndividual 2-1607,text,true,,621,2601,3,14,https://api-scuda.uat.oci.krungsri.tech/ords/api/v1/customer/individual/searchprofile,25,0,14
1778849903968,114,UpdateIndividual,200,OK,UpdateIndividual 4-645,text,true,,800,4227,3,13,https://api-scuda.uat.oci.krungsri.tech/ic/api/v1/customer/individual/updateprofile,114,0,16
1778849903998,91,GetIndividual,200,OK,GetIndividual 1-977,text,true,,3855,3588,9,13,https://api-scuda.uat.oci.krungsri.tech/ic/api/v1/customer/individual/getprofile,91,0,18
1778849904000,93,GetIndividual,200,OK,GetIndividual 1-979,text,true,,3856,3588,8,13,https://api-scuda.uat.oci.krungsri.tech/ic/api/v1/customer/individual/getprofile,93,0,13
1778849903998,97,GetIndividual,200,OK,GetIndividual 1-978,text,true,,3824,3588,8,14,https://api-scuda.uat.oci.krungsri.tech/ic/api/v1/customer/individual/getprofile,97,0,20
1778849904076,30,SearchIndividual,200,OK,SearchIndividual 2-1608,text,true,,621,2613,4,16,https://api-scuda.uat.oci.krungsri.tech/ords/api/v1/customer/individual/searchprofile,30,0,20
1778849904080,26,SearchIndividual,200,OK,SearchIndividual 2-1609,text,true,,621,2614,4,16,https://api-scuda.uat.oci.krungsri.tech/ords/api/v1/customer/individual/searchprofile,26,0,16
1778849904018,100,GetIndividual,200,OK,GetIndividual 1-980,text,true,,3850,3588,8,15,https://api-scuda.uat.oci.krungsri.tech/ic/api/v1/customer/individual/getprofile,100,0,23
1778849904029,91,GetIndividual,200,OK,GetIndividual 1-982,text,true,,3823,3587,7,14,https://api-scuda.uat.oci.krungsri.tech/ic/api/v1/customer/individual/getprofile,91,0,21
1778849904103,36,SearchIndividual,200,OK,SearchIndividual 2-1611,text,true,,621,2601,5,16,https://api-scuda.uat.oci.krungsri.tech/ords/api/v1/customer/individual/searchprofile,36,0,24
1778849904053,88,GetIndividual,200,OK,GetIndividual 1-983,text,true,,3844,3588,6,16,https://api-scuda.uat.oci.krungsri.tech/ic/api/v1/customer/individual/getprofile,88,0,21
1778849904029,97,GetIndividual,200,OK,GetIndividual 1-981,text,true,,3849,3587,6,14,https://api-scuda.uat.oci.krungsri.tech/ic/api/v1/customer/individual/getprofile,97,0,22
1778849904095,27,SearchIndividual,200,OK,SearchIndividual 2-1610,text,true,,621,2613,3,14,https://api-scuda.uat.oci.krungsri.tech/ords/api/v1/customer/individual/searchprofile,27,0,16
1778849904122,29,SearchIndividual,200,OK,SearchIndividual 2-1612,text,true,,620,2603,3,13,https://api-scuda.uat.oci.krungsri.tech/ords/api/v1/customer/individual/searchprofile,29,0,19
1778849904136,25,SearchIndividual,200,OK,SearchIndividual 2-1613,text,true,,621,2606,3,13,https://api-scuda.uat.oci.krungsri.tech/ords/api/v1/customer/individual/searchprofile,25,0,16
1778849904078,85,GetIndividual,200,OK,GetIndividual 1-984,text,true,,3850,3588,5,12,https://api-scuda.uat.oci.krungsri.tech/ic/api/v1/customer/individual/getprofile,85,0,17
1778849904136,32,SearchIndividual,200,OK,SearchIndividual 2-1614,text,true,,621,2613,2,12,https://api-scuda.uat.oci.krungsri.tech/ords/api/v1/customer/individual/searchprofile,32,0,19
1778849904077,100,UpdateIndividual,200,OK,UpdateIndividual 4-647,text,true,,800,4229,5,12,https://api-scuda.uat.oci.krungsri.tech/ic/api/v1/customer/individual/updateprofile,100,0,12
1778849904085,96,GetIndividual,200,OK,GetIndividual 1-985,text,true,,3852,3588,5,12,https://api-scuda.uat.oci.krungsri.tech/ic/api/v1/customer/individual/getprofile,96,0,21
1778849904095,89,GetIndividual,200,OK,GetIndividual 1-986,text,true,,3800,3587,4,11,https://api-scuda.uat.oci.krungsri.tech/ic/api/v1/customer/individual/getprofile,89,0,19
1778849904161,32,SearchIndividual,200,OK,SearchIndividual 2-1615,text,true,,620,2612,2,12,https://api-scuda.uat.oci.krungsri.tech/ords/api/v1/customer/individual/searchprofile,31,0,18
1778849904043,158,UpdateIndividual,200,OK,UpdateIndividual 4-646,text,true,,800,5611,6,11,https://api-scuda.uat.oci.krungsri.tech/ic/api/v1/customer/individual/updateprofile,158,0,16
1778849904170,33,SearchIndividual,200,OK,SearchIndividual 2-1616,text,true,,621,2623,2,11,https://api-scuda.uat.oci.krungsri.tech/ords/api/v1/customer/individual/searchprofile,33,0,19
1778849904104,117,GetIndividual,200,OK,GetIndividual 1-987,text,true,,3876,3588,4,15,https://api-scuda.uat.oci.krungsri.tech/ic/api/v1/customer/individual/getprofile,117,0,27
1778849904204,46,SearchIndividual,200,OK,SearchIndividual 2-1618,text,true,,14010,2604,7,18,https://api-scuda.uat.oci.krungsri.tech/ords/api/v1/customer/individual/searchprofile,46,0,31
1778849904144,109,GetIndividual,200,OK,GetIndividual 1-988,text,true,,3830,3588,4,17,https://api-scuda.uat.oci.krungsri.tech/ic/api/v1/customer/individual/getprofile,109,0,18
1778849904209,45,SearchIndividual,200,OK,SearchIndividual 2-1619,text,true,,621,2604,6,16,https://api-scuda.uat.oci.krungsri.tech/ords/api/v1/customer/individual/searchprofile,44,0,18
1778849904220,35,SearchIndividual,200,OK,SearchIndividual 2-1620,text,true,,621,2601,5,15,https://api-scuda.uat.oci.krungsri.tech/ords/api/v1/customer/individual/searchprofile,34,0,24
1778849904222,33,SearchIndividual,200,OK,SearchIndividual 2-1621,text,true,,621,2605,5,15,https://api-scuda.uat.oci.krungsri.tech/ords/api/v1/customer/individual/searchprofile,33,0,23
1778849904095,162,UpdateIndividual,200,OK,UpdateIndividual 4-648,text,true,,800,5589,5,14,https://api-scuda.uat.oci.krungsri.tech/ic/api/v1/customer/individual/updateprofile,162,0,23
1778849904204,56,SearchIndividual,200,OK,SearchIndividual 2-1617,text,true,,621,2635,4,13,https://api-scuda.uat.oci.krungsri.tech/ords/api/v1/customer/individual/searchprofile,56,0,39
1778849904165,95,GetIndividual,200,OK,GetIndividual 1-989,text,true,,3859,3588,3,13,https://api-scuda.uat.oci.krungsri.tech/ic/api/v1/customer/individual/getprofile,95,0,25
1778849904104,164,UpdateIndividual,200,OK,UpdateIndividual 4-649,text,true,,800,5596,4,12,https://api-scuda.uat.oci.krungsri.tech/ic/api/v1/customer/individual/updateprofile,164,0,20
1778849904247,35,SearchIndividual,200,OK,SearchIndividual 2-1623,text,true,,621,2637,9,16,https://api-scuda.uat.oci.krungsri.tech/ords/api/v1/customer/individual/searchprofile,34,0,21
1778849904237,46,SearchIndividual,200,OK,SearchIndividual 2-1622,text,true,,621,2613,8,15,https://api-scuda.uat.oci.krungsri.tech/ords/api/v1/customer/individual/searchprofile,46,0,27
1778849904257,30,SearchIndividual,200,OK,SearchIndividual 2-1624,text,true,,621,2613,7,14,https://api-scuda.uat.oci.krungsri.tech/ords/api/v1/customer/individual/searchprofile,30,0,18
1778849904116,175,UpdateIndividual,200,OK,UpdateIndividual 4-650,text,true,,800,5615,3,15,https://api-scuda.uat.oci.krungsri.tech/ic/api/v1/customer/individual/updateprofile,175,0,20
1778849904209,83,GetIndividual,200,OK,GetIndividual 1-990,text,true,,3800,3588,3,15,https://api-scuda.uat.oci.krungsri.tech/ic/api/v1/customer/individual/getprofile,83,0,21
1778849904183,112,UpdateIndividual,200,OK,UpdateIndividual 4-651,text,true,,800,4229,2,14,https://api-scuda.uat.oci.krungsri.tech/ic/api/v1/customer/individual/updateprofile,112,0,21
1778849904264,35,SearchIndividual,200,OK,SearchIndividual 2-1625,text,true,,621,2614,8,14,https://api-scuda.uat.oci.krungsri.tech/ords/api/v1/customer/individual/searchprofile,35,0,23
1778849904270,33,SearchIndividual,200,OK,SearchIndividual 2-1626,text,true,,621,2605,7,14,https://api-scuda.uat.oci.krungsri.tech/ords/api/v1/customer/individual/searchprofile,33,0,23
1778849904190,115,UpdateJoint,200,OK,UpdateJoint 12-36,text,true,,800,3614,1,13,https://api-scuda.uat.oci.krungsri.tech/ic/api/v1/customer/joint/updateprofile,115,0,27
1778849904271,38,SearchIndividual,200,OK,SearchIndividual 2-1628,text,true,,13922,2603,7,13,https://api-scuda.uat.oci.krungsri.tech/ords/api/v1/customer/individual/searchprofile,37,0,24
1778849904276,33,SearchIndividual,200,OK,SearchIndividual 2-1629,text,true,,621,2613,7,13,https://api-scuda.uat.oci.krungsri.tech/ords/api/v1/customer/individual/searchprofile,33,0,22
1778849904278,32,SearchIndividual,200,OK,SearchIndividual 2-1630,text,true,,621,2603,5,11,https://api-scuda.uat.oci.krungsri.tech/ords/api/v1/customer/individual/searchprofile,32,0,21
1778849904271,41,SearchIndividual,200,OK,SearchIndividual 2-1627,text,true,,620,2601,4,10,https://api-scuda.uat.oci.krungsri.tech/ords/api/v1/customer/individual/searchprofile,41,0,28
1778849904290,31,SearchIndividual,200,OK,SearchIndividual 2-1631,text,true,,621,2641,3,9,https://api-scuda.uat.oci.krungsri.tech/ords/api/v1/customer/individual/searchprofile,31,0,21
1778849904291,34,SearchIndividual,200,OK,SearchIndividual 2-1632,text,true,,621,2610,2,8,https://api-scuda.uat.oci.krungsri.tech/ords/api/v1/customer/individual/searchprofile,34,0,22
1778849904241,89,GetIndividual,200,OK,GetIndividual 1-991,text,true,,3830,3588,4,7,https://api-scuda.uat.oci.krungsri.tech/ic/api/v1/customer/individual/getprofile,89,0,18
1778849904306,32,SearchIndividual,200,OK,SearchIndividual 2-1633,text,true,,621,2632,4,9,https://api-scuda.uat.oci.krungsri.tech/ords/api/v1/customer/individual/searchprofile,31,0,21
1778849904190,160,UpdateIndividual,200,OK,UpdateIndividual 4-652,text,true,,800,5575,1,9,https://api-scuda.uat.oci.krungsri.tech/ic/api/v1/customer/individual/updateprofile,160,0,18
1778849904333,30,SearchIndividual,200,OK,SearchIndividual 2-1634,text,true,,621,2601,3,8,https://api-scuda.uat.oci.krungsri.tech/ords/api/v1/customer/individual/searchprofile,30,0,21
1778849904335,29,SearchIndividual,200,OK,SearchIndividual 2-1635,text,true,,621,2643,3,8,https://api-scuda.uat.oci.krungsri.tech/ords/api/v1/customer/individual/searchprofile,28,0,18
1778849904337,34,SearchIndividual,200,OK,SearchIndividual 2-1636,text,true,,621,2623,2,7,https://api-scuda.uat.oci.krungsri.tech/ords/api/v1/customer/individual/searchprofile,34,0,23
1778849904296,90,GetIndividual,200,OK,GetIndividual 1-993,text,true,,3807,3588,5,8,https://api-scuda.uat.oci.krungsri.tech/ic/api/v1/customer/individual/getprofile,90,0,21
1778849904365,27,SearchIndividual,200,OK,SearchIndividual 2-1637,text,true,,621,2613,3,8,https://api-scuda.uat.oci.krungsri.tech/ords/api/v1/customer/individual/searchprofile,27,0,17
1778849904301,94,GetIndividual,200,OK,GetIndividual 1-994,text,true,,3786,3588,4,7,https://api-scuda.uat.oci.krungsri.tech/ic/api/v1/customer/individual/getprofile,94,0,19
1778849904293,103,GetIndividual,200,OK,GetIndividual 1-992,text,true,,3814,3588,3,6,https://api-scuda.uat.oci.krungsri.tech/ic/api/v1/customer/individual/getprofile,103,0,32
1778849904380,24,SearchIndividual,200,OK,SearchIndividual 2-1638,text,true,,621,2626,2,6,https://api-scuda.uat.oci.krungsri.tech/ords/api/v1/customer/individual/searchprofile,24,0,14
1778849904389,25,SearchIndividual,200,OK,SearchIndividual 2-1639,text,true,,621,2635,3,9,https://api-scuda.uat.oci.krungsri.tech/ords/api/v1/customer/individual/searchprofile,25,0,14
1778849904214,206,UpdateJuristic,200,OK,UpdateJuristic 8-36,text,true,,800,5759,1,8,https://api-scuda.uat.oci.krungsri.tech/ic/api/v1/customer/juristic/updateprofile,206,0,17
1778849904414,30,SearchIndividual,200,OK,SearchIndividual 2-1641,text,true,,621,2605,4,11,https://api-scuda.uat.oci.krungsri.tech/ords/api/v1/customer/individual/searchprofile,30,0,19
1778849904351,94,GetIndividual,200,OK,GetIndividual 1-995,text,true,,3889,3588,4,10,https://api-scuda.uat.oci.krungsri.tech/ic/api/v1/customer/individual/getprofile,94,0,18
1778849904409,48,SearchIndividual,200,OK,SearchIndividual 2-1640,text,true,,621,2649,5,11,https://api-scuda.uat.oci.krungsri.tech/ords/api/v1/customer/individual/searchprofile,48,0,28
1778849904373,92,GetIndividual,200,OK,GetIndividual 1-996,text,true,,3829,3588,4,12,https://api-scuda.uat.oci.krungsri.tech/ic/api/v1/customer/individual/getprofile,92,0,17
1778849904447,25,SearchIndividual,200,OK,SearchIndividual 2-1644,text,true,,621,2619,6,13,https://api-scuda.uat.oci.krungsri.tech/ords/api/v1/customer/individual/searchprofile,25,0,14
1778849904444,33,SearchIndividual,200,OK,SearchIndividual 2-1643,text,true,,14131,2610,6,14,https://api-scuda.uat.oci.krungsri.tech/ords/api/v1/customer/individual/searchprofile,33,0,20
1778849904453,29,SearchIndividual,200,OK,SearchIndividual 2-1645,text,true,,621,2613,6,14,https://api-scuda.uat.oci.krungsri.tech/ords/api/v1/customer/individual/searchprofile,29,0,17
1778849904437,49,SearchIndividual,200,OK,SearchIndividual 2-1642,text,true,,14652,2604,6,14,https://api-scuda.uat.oci.krungsri.tech/ords/api/v1/customer/individual/searchprofile,49,0,31
1778849904463,30,SearchIndividual,200,OK,SearchIndividual 2-1646,text,true,,621,2617,6,16,https://api-scuda.uat.oci.krungsri.tech/ords/api/v1/customer/individual/searchprofile,30,0,19
1778849904404,90,GetIndividual,200,OK,GetIndividual 1-997,text,true,,3836,3588,4,15,https://api-scuda.uat.oci.krungsri.tech/ic/api/v1/customer/individual/getprofile,90,0,16
1778849904470,28,SearchIndividual,200,OK,SearchIndividual 2-1647,text,true,,621,2629,7,17,https://api-scuda.uat.oci.krungsri.tech/ords/api/v1/customer/individual/searchprofile,28,0,18
1778849904482,22,SearchIndividual,200,OK,SearchIndividual 2-1649,text,true,,621,2601,9,20,https://api-scuda.uat.oci.krungsri.tech/ords/api/v1/customer/individual/searchprofile,22,0,12
1778849904474,31,SearchIndividual,200,OK,SearchIndividual 2-1648,text,true,,14205,2604,8,19,https://api-scuda.uat.oci.krungsri.tech/ords/api/v1/customer/individual/searchprofile,30,0,19
1778849904486,19,SearchIndividual,200,OK,SearchIndividual 2-1650,text,true,,621,2602,7,18,https://api-scuda.uat.oci.krungsri.tech/ords/api/v1/customer/individual/searchprofile,19,0,9
1778849904491,28,SearchIndividual,200,OK,SearchIndividual 2-1651,text,true,,621,2629,9,20,https://api-scuda.uat.oci.krungsri.tech/ords/api/v1/customer/individual/searchprofile,28,0,17
1778849904496,24,SearchIndividual,200,OK,SearchIndividual 2-1652,text,true,,621,2613,8,19,https://api-scuda.uat.oci.krungsri.tech/ords/api/v1/customer/individual/searchprofile,24,0,14
1778849904497,28,SearchIndividual,200,OK,SearchIndividual 2-1653,text,true,,620,2612,7,19,https://api-scuda.uat.oci.krungsri.tech/ords/api/v1/customer/individual/searchprofile,28,0,16
1778849904425,100,GetIndividual,200,OK,GetIndividual 1-998,text,true,,3854,3588,4,18,https://api-scuda.uat.oci.krungsri.tech/ic/api/v1/customer/individual/getprofile,100,0,18
1778849904501,26,SearchIndividual,200,OK,SearchIndividual 2-1655,text,true,,621,2613,7,18,https://api-scuda.uat.oci.krungsri.tech/ords/api/v1/customer/individual/searchprofile,26,0,14
1778849904501,27,SearchIndividual,200,OK,SearchIndividual 2-1656,text,true,,621,2613,6,17,https://api-scuda.uat.oci.krungsri.tech/ords/api/v1/customer/individual/searchprofile,27,0,14
1778849904500,29,SearchIndividual,200,OK,SearchIndividual 2-1654,text,true,,621,2604,5,16,https://api-scuda.uat.oci.krungsri.tech/ords/api/v1/customer/individual/searchprofile,29,0,18
1778849904510,28,SearchIndividual,200,OK,SearchIndividual 2-1658,text,true,,621,2644,4,16,https://api-scuda.uat.oci.krungsri.tech/ords/api/v1/customer/individual/searchprofile,28,0,18
1778849904516,23,SearchIndividual,200,OK,SearchIndividual 2-1659,text,true,,621,2601,3,15,https://api-scuda.uat.oci.krungsri.tech/ords/api/v1/customer/individual/searchprofile,23,0,13
1778849904510,35,SearchIndividual,200,OK,SearchIndividual 2-1657,text,true,,621,2634,3,17,https://api-scuda.uat.oci.krungsri.tech/ords/api/v1/customer/individual/searchprofile,34,0,23
1778849904459,93,GetIndividual,200,OK,GetIndividual 1-999,text,true,,3891,3588,6,17,https://api-scuda.uat.oci.krungsri.tech/ic/api/v1/customer/individual/getprofile,93,0,18
1778849904527,32,SearchIndividual,200,OK,SearchIndividual 2-1660,text,true,,619,2602,2,16,https://api-scuda.uat.oci.krungsri.tech/ords/api/v1/customer/individual/searchprofile,32,0,21
1778849904546,21,SearchIndividual,200,OK,SearchIndividual 2-1661,text,true,,621,2629,2,17,https://api-scuda.uat.oci.krungsri.tech/ords/api/v1/customer/individual/searchprofile,20,0,10
1778849904415,153,UpdateIndividual,200,OK,UpdateIndividual 4-653,text,true,,800,5603,7,16,https://api-scuda.uat.oci.krungsri.tech/ic/api/v1/customer/individual/updateprofile,153,0,18
1778849904563,29,SearchIndividual,200,OK,SearchIndividual 2-1662,text,true,,621,2613,3,21,https://api-scuda.uat.oci.krungsri.tech/ords/api/v1/customer/individual/searchprofile,28,0,16
1778849904492,108,GetIndividual,200,OK,GetIndividual 1-1000,text,true,,3837,3588,7,22,https://api-scuda.uat.oci.krungsri.tech/ic/api/v1/customer/individual/getprofile,108,0,27
1778849904503,99,SearchJoint,200,OK,SearchJoint 10-36,text,true,,621,2627,1,21,https://api-scuda.uat.oci.krungsri.tech/ords/api/v1/customer/joint/searchprofile,99,0,18
1778849904482,121,UpdateIndividual,200,OK,UpdateIndividual 4-655,text,true,,800,4228,9,20,https://api-scuda.uat.oci.krungsri.tech/ic/api/v1/customer/individual/updateprofile,121,0,18
1778849904587,30,SearchIndividual,200,OK,SearchIndividual 2-1663,text,true,,621,2603,2,20,https://api-scuda.uat.oci.krungsri.tech/ords/api/v1/customer/individual/searchprofile,30,0,20
1778849904535,99,GetIndividual,200,OK,GetIndividual 1-1002,text,true,,3846,3588,7,22,https://api-scuda.uat.oci.krungsri.tech/ic/api/v1/customer/individual/getprofile,99,0,20
1778849904526,102,GetIndividual,200,OK,GetIndividual 1-1001,text,true,,3848,3588,7,22,https://api-scuda.uat.oci.krungsri.tech/ic/api/v1/customer/individual/getprofile,102,0,20
1778849904591,38,SearchIndividual,200,OK,SearchIndividual 2-1664,text,true,,621,2604,2,22,https://api-scuda.uat.oci.krungsri.tech/ords/api/v1/customer/individual/searchprofile,38,0,26
1778849904447,190,UpdateIndividual,200,OK,UpdateIndividual 4-654,text,true,,800,5623,9,19,https://api-scuda.uat.oci.krungsri.tech/ic/api/v1/customer/individual/updateprofile,190,0,18
1778849904546,96,GetIndividual,200,OK,GetIndividual 1-1003,text,true,,3801,3588,5,18,https://api-scuda.uat.oci.krungsri.tech/ic/api/v1/customer/individual/getprofile,96,0,19
1778849904552,93,GetIndividual,200,OK,GetIndividual 1-1004,text,true,,3849,3588,4,18,https://api-scuda.uat.oci.krungsri.tech/ic/api/v1/customer/individual/getprofile,93,0,15
1778849904491,164,UpdateIndividual,200,OK,UpdateIndividual 4-656,text,true,,800,5517,10,21,https://api-scuda.uat.oci.krungsri.tech/ic/api/v1/customer/individual/updateprofile,164,0,20
1778849904626,40,SearchIndividual,200,OK,SearchIndividual 2-1665,text,true,,13787,2601,2,20,https://api-scuda.uat.oci.krungsri.tech/ords/api/v1/customer/individual/searchprofile,40,0,20
1778849904502,191,UpdateIndividual,200,OK,UpdateIndividual 4-657,text,true,,800,5494,10,23,https://api-scuda.uat.oci.krungsri.tech/ic/api/v1/customer/individual/updateprofile,191,0,20
1778849904643,51,SearchIndividual,200,OK,SearchIndividual 2-1666,text,true,,621,2605,2,23,https://api-scuda.uat.oci.krungsri.tech/ords/api/v1/customer/individual/searchprofile,50,0,32
1778849904610,94,GetJoint,200,OK,GetJoint 9-36,text,true,,1431,3530,1,22,https://api-scuda.uat.oci.krungsri.tech/ic/api/v1/customer/joint/getprofile,94,0,20
1778849904627,87,GetIndividual,200,OK,GetIndividual 1-1007,text,true,,3873,3588,10,23,https://api-scuda.uat.oci.krungsri.tech/ic/api/v1/customer/individual/getprofile,87,0,8
1778849904583,133,GetIndividual,200,OK,GetIndividual 1-1005,text,true,,3907,3588,9,22,https://api-scuda.uat.oci.krungsri.tech/ic/api/v1/customer/individual/getprofile,133,0,21
1778849904596,122,GetIndividual,200,OK,GetIndividual 1-1006,text,true,,3879,3588,9,22,https://api-scuda.uat.oci.krungsri.tech/ic/api/v1/customer/individual/getprofile,122,0,20
1778849904587,139,GetJuristic,200,OK,GetJuristic 5-36,text,true,,3463,3533,1,22,https://api-scuda.uat.oci.krungsri.tech/ic/api/v1/customer/juristic/getprofile,139,0,25
1778849904691,63,SearchIndividual,200,OK,SearchIndividual 2-1667,text,true,,621,2611,5,26,https://api-scuda.uat.oci.krungsri.tech/ords/api/v1/customer/individual/searchprofile,62,0,38
1778849904731,32,SearchIndividual,200,OK,SearchIndividual 2-1668,text,true,,621,2613,5,27,https://api-scuda.uat.oci.krungsri.tech/ords/api/v1/customer/individual/searchprofile,30,0,19
1778849904577,190,UpdateIndividual,200,OK,UpdateIndividual 4-660,text,true,,800,5644,10,26,https://api-scuda.uat.oci.krungsri.tech/ic/api/v1/customer/individual/updateprofile,190,0,10
1778849904747,21,SearchIndividual,200,OK,SearchIndividual 2-1669,text,true,,621,2634,4,25,https://api-scuda.uat.oci.krungsri.tech/ords/api/v1/customer/individual/searchprofile,21,0,11
1778849904548,224,UpdateIndividual,200,OK,UpdateIndividual 4-658,text,true,,800,5571,10,25,https://api-scuda.uat.oci.krungsri.tech/ic/api/v1/customer/individual/updateprofile,224,0,27
1778849904751,22,SearchIndividual,200,OK,SearchIndividual 2-1670,text,true,,621,2602,3,24,https://api-scuda.uat.oci.krungsri.tech/ords/api/v1/customer/individual/searchprofile,22,0,11
1778849904648,130,GetIndividual,200,OK,GetIndividual 1-1008,text,true,,3807,3588,10,24,https://api-scuda.uat.oci.krungsri.tech/ic/api/v1/customer/individual/getprofile,130,0,16
1778849904758,25,SearchIndividual,200,OK,SearchIndividual 2-1672,text,true,,621,2600,2,25,https://api-scuda.uat.oci.krungsri.tech/ords/api/v1/customer/individual/searchprofile,25,0,13
1778849904754,42,SearchIndividual,200,OK,SearchIndividual 2-1671,text,true,,621,2614,1,27,https://api-scuda.uat.oci.krungsri.tech/ords/api/v1/customer/individual/searchprofile,41,0,23
1778849904653,143,GetIndividual,200,OK,GetIndividual 1-1009,text,true,,3839,3588,10,27,https://api-scuda.uat.oci.krungsri.tech/ic/api/v1/customer/individual/getprofile,143,0,23
1778849904717,91,GetIndividual,200,OK,GetIndividual 1-1015,text,true,,3842,3588,10,27,https://api-scuda.uat.oci.krungsri.tech/ic/api/v1/customer/individual/getprofile,91,0,18
1778849904569,250,UpdateIndividual,200,OK,UpdateIndividual 4-659,text,true,,799,5613,13,26,https://api-scuda.uat.oci.krungsri.tech/ic/api/v1/customer/individual/updateprofile,250,0,21
1778849904791,31,SearchJuristic,200,OK,SearchJuristic 6-36,text,true,,621,2607,1,25,https://api-scuda.uat.oci.krungsri.tech/ords/api/v1/customer/juristic/searchprofile,31,0,14
1778849904651,220,UpdateIndividual,200,OK,UpdateIndividual 4-665,text,true,,800,5547,14,37,https://api-scuda.uat.oci.krungsri.tech/ic/api/v1/customer/individual/updateprofile,220,0,18
1778849904843,37,SearchIndividual,200,OK,SearchIndividual 2-1673,text,true,,621,2613,7,38,https://api-scuda.uat.oci.krungsri.tech/ords/api/v1/customer/individual/searchprofile,37,0,22
1778849904473,408,CreateIndividual,201,Created,CreateIndividual 3-36,text,true,,1172,8506,1,37,https://api-scuda.uat.oci.krungsri.tech/ic/api/v1/customer/individual/createprofile,408,0,19
1778849904599,283,UpdateIndividual,200,OK,UpdateIndividual 4-662,text,true,,800,4230,13,36,https://api-scuda.uat.oci.krungsri.tech/ic/api/v1/customer/individual/updateprofile,283,0,15
1778849904856,27,SearchIndividual,200,OK,SearchIndividual 2-1675,text,true,,621,2623,6,35,https://api-scuda.uat.oci.krungsri.tech/ords/api/v1/customer/individual/searchprofile,27,0,15
1778849904860,30,SearchIndividual,200,OK,SearchIndividual 2-1676,text,true,,621,2600,5,35,https://api-scuda.uat.oci.krungsri.tech/ords/api/v1/customer/individual/searchprofile,30,0,14
1778849904853,38,SearchIndividual,200,OK,SearchIndividual 2-1674,text,true,,621,2622,4,34,https://api-scuda.uat.oci.krungsri.tech/ords/api/v1/customer/individual/searchprofile,38,0,14
1778849904744,153,GetIndividual,200,OK,GetIndividual 1-1016,text,true,,3868,3588,16,34,https://api-scuda.uat.oci.krungsri.tech/ic/api/v1/customer/individual/getprofile,153,0,12
1778849904627,271,UpdateIndividual,200,OK,UpdateIndividual 4-663,text,true,,800,5545,12,33,https://api-scuda.uat.oci.krungsri.tech/ic/api/v1/customer/individual/updateprofile,271,0,21
1778849904867,32,SearchIndividual,200,OK,SearchIndividual 2-1678,text,true,,621,2601,5,33,https://api-scuda.uat.oci.krungsri.tech/ords/api/v1/customer/individual/searchprofile,32,0,21
1778849904577,323,UpdateIndividual,200,OK,UpdateIndividual 4-661,text,true,,800,4229,11,32,https://api-scuda.uat.oci.krungsri.tech/ic/api/v1/customer/individual/updateprofile,323,0,18
1778849904710,194,GetIndividual,200,OK,GetIndividual 1-1013,text,true,,3876,3588,15,31,https://api-scuda.uat.oci.krungsri.tech/ic/api/v1/customer/individual/getprofile,194,0,14
1778849904713,205,GetIndividual,200,OK,GetIndividual 1-1014,text,true,,3797,3588,14,31,https://api-scuda.uat.oci.krungsri.tech/ic/api/v1/customer/individual/getprofile,205,0,16
1778849904650,276,UpdateIndividual,200,OK,UpdateIndividual 4-664,text,true,,799,5606,10,32,https://api-scuda.uat.oci.krungsri.tech/ic/api/v1/customer/individual/updateprofile,276,0,18
1778849904803,124,UpdateIndividual,200,OK,UpdateIndividual 4-672,text,true,,800,4229,11,33,https://api-scuda.uat.oci.krungsri.tech/ic/api/v1/customer/individual/updateprofile,124,0,21
1778849904895,32,SearchIndividual,200,OK,SearchIndividual 2-1680,text,true,,621,2610,5,32,https://api-scuda.uat.oci.krungsri.tech/ords/api/v1/customer/individual/searchprofile,32,0,21
1778849904876,55,SearchIndividual,200,OK,SearchIndividual 2-1679,text,true,,621,2613,4,31,https://api-scuda.uat.oci.krungsri.tech/ords/api/v1/customer/individual/searchprofile,55,0,35
1778849904683,250,GetIndividual,200,OK,GetIndividual 1-1010,text,true,,3854,3588,15,30,https://api-scuda.uat.oci.krungsri.tech/ic/api/v1/customer/individual/getprofile,250,0,30
1778849904861,73,SearchIndividual,200,OK,SearchIndividual 2-1677,text,true,,621,2614,3,29,https://api-scuda.uat.oci.krungsri.tech/ords/api/v1/customer/individual/searchprofile,73,0,32
1778849904905,33,SearchIndividual,200,OK,SearchIndividual 2-1682,text,true,,13843,2602,2,29,https://api-scuda.uat.oci.krungsri.tech/ords/api/v1/customer/individual/searchprofile,33,0,20
1778849904899,63,SearchIndividual,200,OK,SearchIndividual 2-1681,text,true,,621,2610,3,31,https://api-scuda.uat.oci.krungsri.tech/ords/api/v1/customer/individual/searchprofile,63,0,39
1778849904830,150,UpdateIndividual,200,OK,UpdateIndividual 4-673,text,true,,800,4227,11,34,https://api-scuda.uat.oci.krungsri.tech/ic/api/v1/customer/individual/updateprofile,150,0,23
1778849904851,136,GetIndividual,200,OK,GetIndividual 1-1020,text,true,,3818,3588,17,33,https://api-scuda.uat.oci.krungsri.tech/ic/api/v1/customer/individual/getprofile,136,0,18
1778849904957,31,SearchIndividual,200,OK,SearchIndividual 2-1684,text,true,,621,2613,3,33,https://api-scuda.uat.oci.krungsri.tech/ords/api/v1/customer/individual/searchprofile,30,0,20
1778849904777,221,GetIndividual,200,OK,GetIndividual 1-1017,text,true,,3826,3588,16,32,https://api-scuda.uat.oci.krungsri.tech/ic/api/v1/customer/individual/getprofile,221,0,11
1778849904784,215,GetIndividual,200,OK,GetIndividual 1-1018,text,true,,3818,3588,15,31,https://api-scuda.uat.oci.krungsri.tech/ic/api/v1/customer/individual/getprofile,215,0,26
1778849904858,143,GetIndividual,200,OK,GetIndividual 1-1022,text,true,,3878,3588,15,31,https://api-scuda.uat.oci.krungsri.tech/ic/api/v1/customer/individual/getprofile,143,0,55
1778849904863,139,GetIndividual,200,OK,GetIndividual 1-1024,text,true,,3847,3588,14,30,https://api-scuda.uat.oci.krungsri.tech/ic/api/v1/customer/individual/getprofile,139,0,18
1778849904946,57,SearchIndividual,200,OK,SearchIndividual 2-1683,text,true,,621,2613,4,30,https://api-scuda.uat.oci.krungsri.tech/ords/api/v1/customer/individual/searchprofile,57,0,35
1778849904690,316,GetIndividual,200,OK,GetIndividual 1-1011,text,true,,3871,3588,14,30,https://api-scuda.uat.oci.krungsri.tech/ic/api/v1/customer/individual/getprofile,316,0,21
1778849904859,152,GetIndividual,200,OK,GetIndividual 1-1023,text,true,,3899,3588,13,29,https://api-scuda.uat.oci.krungsri.tech/ic/api/v1/customer/individual/getprofile,151,0,33
1778849904698,313,GetIndividual,200,OK,GetIndividual 1-1012,text,true,,3851,3587,13,29,https://api-scuda.uat.oci.krungsri.tech/ic/api/v1/customer/individual/getprofile,313,0,25
1778849904889,123,GetIndividual,200,OK,GetIndividual 1-1026,text,true,,3807,3588,11,27,https://api-scuda.uat.oci.krungsri.tech/ic/api/v1/customer/individual/getprofile,123,0,20
1778849904979,37,SearchIndividual,200,OK,SearchIndividual 2-1685,text,true,,621,2626,3,27,https://api-scuda.uat.oci.krungsri.tech/ords/api/v1/customer/individual/searchprofile,37,0,26
1778849904945,81,SearchJoint,200,OK,SearchJoint 10-37,text,true,,621,2627,1,30,https://api-scuda.uat.oci.krungsri.tech/ords/api/v1/customer/joint/searchprofile,81,0,39
1778849904993,45,SearchIndividual,200,OK,SearchIndividual 2-1686,text,true,,620,2603,3,33,https://api-scuda.uat.oci.krungsri.tech/ords/api/v1/customer/individual/searchprofile,45,0,28
1778849905003,55,SearchIndividual,200,OK,SearchIndividual 2-1687,text,true,,621,2626,6,37,https://api-scuda.uat.oci.krungsri.tech/ords/api/v1/customer/individual/searchprofile,54,0,35
1778849904414,655,CreateJuristic,201,Created,CreateJuristic 7-36,text,true,,1172,7992,2,38,https://api-scuda.uat.oci.krungsri.tech/ic/api/v1/customer/juristic/createprofile,655,0,13
1778849904842,228,UpdateIndividual,200,OK,UpdateIndividual 4-674,text,true,,799,5623,13,38,https://api-scuda.uat.oci.krungsri.tech/ic/api/v1/customer/individual/updateprofile,228,0,19
1778849904851,220,GetIndividual,200,OK,GetIndividual 1-1021,text,true,,3846,3588,15,36,https://api-scuda.uat.oci.krungsri.tech/ic/api/v1/customer/individual/getprofile,220,0,17
1778849904792,280,UpdateIndividual,200,OK,UpdateIndividual 4-671,text,true,,800,4227,12,35,https://api-scuda.uat.oci.krungsri.tech/ic/api/v1/customer/individual/updateprofile,280,0,19
1778849905035,40,SearchIndividual,200,OK,SearchIndividual 2-1688,text,true,,13906,2605,6,36,https://api-scuda.uat.oci.krungsri.tech/ords/api/v1/customer/individual/searchprofile,39,0,21
1778849904875,200,GetIndividual,200,OK,GetIndividual 1-1025,text,true,,3795,3588,14,36,https://api-scuda.uat.oci.krungsri.tech/ic/api/v1/customer/individual/getprofile,199,0,12
1778849904695,380,UpdateIndividual,200,OK,UpdateIndividual 4-666,text,true,,800,4227,12,36,https://api-scuda.uat.oci.krungsri.tech/ic/api/v1/customer/individual/updateprofile,380,0,21
1778849905047,37,SearchIndividual,200,OK,SearchIndividual 2-1690,text,true,,621,2613,5,33,https://api-scuda.uat.oci.krungsri.tech/ords/api/v1/customer/individual/searchprofile,37,0,23
1778849905047,40,SearchIndividual,200,OK,SearchIndividual 2-1689,text,true,,621,2613,4,32,https://api-scuda.uat.oci.krungsri.tech/ords/api/v1/customer/individual/searchprofile,40,0,26
1778849905055,33,SearchIndividual,200,OK,SearchIndividual 2-1692,text,true,,621,2604,3,31,https://api-scuda.uat.oci.krungsri.tech/ords/api/v1/customer/individual/searchprofile,33,0,22
1778849905059,29,SearchIndividual,200,OK,SearchIndividual 2-1693,text,true,,621,2613,2,30,https://api-scuda.uat.oci.krungsri.tech/ords/api/v1/customer/individual/searchprofile,29,0,13
1778849905051,43,SearchIndividual,200,OK,SearchIndividual 2-1691,text,true,,621,2616,1,30,https://api-scuda.uat.oci.krungsri.tech/ords/api/v1/customer/individual/searchprofile,43,0,20
1778849904970,124,GetIndividual,200,OK,GetIndividual 1-1030,text,true,,3878,3588,13,30,https://api-scuda.uat.oci.krungsri.tech/ic/api/v1/customer/individual/getprofile,124,0,41
1778849904938,159,GetIndividual,200,OK,GetIndividual 1-1029,text,true,,3907,3588,12,28,https://api-scuda.uat.oci.krungsri.tech/ic/api/v1/customer/individual/getprofile,159,0,43
1778849904972,131,GetIndividual,200,OK,GetIndividual 1-1031,text,true,,3833,3588,11,28,https://api-scuda.uat.oci.krungsri.tech/ic/api/v1/customer/individual/getprofile,131,0,14
1778849904802,301,GetIndividual,200,OK,GetIndividual 1-1019,text,true,,3840,3588,11,28,https://api-scuda.uat.oci.krungsri.tech/ic/api/v1/customer/individual/getprofile,301,0,23
1778849904792,313,UpdateIndividual,200,OK,UpdateIndividual 4-670,text,true,,800,4228,12,26,https://api-scuda.uat.oci.krungsri.tech/ic/api/v1/customer/individual/updateprofile,313,0,31
1778849904922,185,GetIndividual,200,OK,GetIndividual 1-1027,text,true,,3824,3588,9,25,https://api-scuda.uat.oci.krungsri.tech/ic/api/v1/customer/individual/getprofile,185,0,20
1778849904931,183,UpdateIndividual,200,OK,UpdateIndividual 4-676,text,true,,800,4227,12,25,https://api-scuda.uat.oci.krungsri.tech/ic/api/v1/customer/individual/updateprofile,183,0,20
1778849905098,29,SearchIndividual,200,OK,SearchIndividual 2-1694,text,true,,621,2613,2,26,https://api-scuda.uat.oci.krungsri.tech/ords/api/v1/customer/individual/searchprofile,29,0,18
1778849905129,28,SearchIndividual,200,OK,SearchIndividual 2-1696,text,true,,621,2613,5,30,https://api-scuda.uat.oci.krungsri.tech/ords/api/v1/customer/individual/searchprofile,28,0,18
1778849905119,39,SearchIndividual,200,OK,SearchIndividual 2-1695,text,true,,621,2613,4,29,https://api-scuda.uat.oci.krungsri.tech/ords/api/v1/customer/individual/searchprofile,39,0,19
1778849905133,26,SearchIndividual,200,OK,SearchIndividual 2-1697,text,true,,621,2605,4,29,https://api-scuda.uat.oci.krungsri.tech/ords/api/v1/customer/individual/searchprofile,26,0,13
1778849905015,158,GetIndividual,200,OK,GetIndividual 1-1034,text,true,,3843,3588,9,28,https://api-scuda.uat.oci.krungsri.tech/ic/api/v1/customer/individual/getprofile,158,0,13
1778849904783,391,UpdateIndividual,200,OK,UpdateIndividual 4-669,text,true,,800,4229,12,28,https://api-scuda.uat.oci.krungsri.tech/ic/api/v1/customer/individual/updateprofile,391,0,20
1778849905024,153,GetIndividual,200,OK,GetIndividual 1-1036,text,true,,3802,3588,8,26,https://api-scuda.uat.oci.krungsri.tech/ic/api/v1/customer/individual/getprofile,153,0,14
1778849905150,31,SearchIndividual,200,OK,SearchIndividual 2-1698,text,true,,621,2634,3,25,https://api-scuda.uat.oci.krungsri.tech/ords/api/v1/customer/individual/searchprofile,31,0,21
1778849905155,28,SearchIndividual,200,OK,SearchIndividual 2-1699,text,true,,621,2617,2,24,https://api-scuda.uat.oci.krungsri.tech/ords/api/v1/customer/individual/searchprofile,28,0,10
1778849905020,168,GetIndividual,200,OK,GetIndividual 1-1035,text,true,,3853,3588,7,24,https://api-scuda.uat.oci.krungsri.tech/ic/api/v1/customer/individual/getprofile,168,0,21
1778849904724,468,UpdateIndividual,200,OK,UpdateIndividual 4-667,text,true,,800,4228,11,24,https://api-scuda.uat.oci.krungsri.tech/ic/api/v1/customer/individual/updateprofile,468,0,12
1778849905043,152,GetIndividual,200,OK,GetIndividual 1-1037,text,true,,3835,3587,6,23,https://api-scuda.uat.oci.krungsri.tech/ic/api/v1/customer/individual/getprofile,152,0,13
1778849905007,191,GetIndividual,200,OK,GetIndividual 1-1033,text,true,,3878,3588,5,24,https://api-scuda.uat.oci.krungsri.tech/ic/api/v1/customer/individual/getprofile,191,0,26
1778849905170,33,SearchIndividual,200,OK,SearchIndividual 2-1700,text,true,,621,2602,5,26,https://api-scuda.uat.oci.krungsri.tech/ords/api/v1/customer/individual/searchprofile,33,0,22
1778849904925,281,GetIndividual,200,OK,GetIndividual 1-1028,text,true,,3858,3588,5,25,https://api-scuda.uat.oci.krungsri.tech/ic/api/v1/customer/individual/getprofile,281,0,39
1778849904757,454,CreateJoint,200,OK,CreateJoint 11-36,text,true,,1813,5679,1,24,https://api-scuda.uat.oci.krungsri.tech/ic/api/v1/customer/joint/createprofile,453,0,19
1778849905029,185,UpdateIndividual,200,OK,UpdateIndividual 4-678,text,true,,800,4229,12,24,https://api-scuda.uat.oci.krungsri.tech/ic/api/v1/customer/individual/updateprofile,185,0,16
1778849905002,215,GetIndividual,200,OK,GetIndividual 1-1032,text,true,,3776,3588,4,23,https://api-scuda.uat.oci.krungsri.tech/ic/api/v1/customer/individual/getprofile,215,0,32
1778849905193,29,SearchIndividual,200,OK,SearchIndividual 2-1702,text,true,,621,2613,5,22,https://api-scuda.uat.oci.krungsri.tech/ords/api/v1/customer/individual/searchprofile,29,0,18
1778849905188,39,SearchIndividual,200,OK,SearchIndividual 2-1701,text,true,,621,2613,4,22,https://api-scuda.uat.oci.krungsri.tech/ords/api/v1/customer/individual/searchprofile,38,0,20
1778849905200,35,SearchIndividual,200,OK,SearchIndividual 2-1703,text,true,,621,2628,4,22,https://api-scuda.uat.oci.krungsri.tech/ords/api/v1/customer/individual/searchprofile,35,0,23
1778849905213,25,SearchIndividual,200,OK,SearchIndividual 2-1705,text,true,,620,2612,3,22,https://api-scuda.uat.oci.krungsri.tech/ords/api/v1/customer/individual/searchprofile,25,0,14
1778849905232,26,SearchIndividual,200,OK,SearchIndividual 2-1706,text,true,,621,2611,4,27,https://api-scuda.uat.oci.krungsri.tech/ords/api/v1/customer/individual/searchprofile,26,0,15
1778849904773,496,UpdateIndividual,200,OK,UpdateIndividual 4-668,text,true,,800,5649,13,28,https://api-scuda.uat.oci.krungsri.tech/ic/api/v1/customer/individual/updateprofile,496,0,21
1778849905035,234,UpdateIndividual,200,OK,UpdateIndividual 4-680,text,true,,800,4229,13,28,https://api-scuda.uat.oci.krungsri.tech/ic/api/v1/customer/individual/updateprofile,234,0,15
1778849904973,297,UpdateIndividual,200,OK,UpdateIndividual 4-677,text,true,,800,5566,12,27,https://api-scuda.uat.oci.krungsri.tech/ic/api/v1/customer/individual/updateprofile,297,0,23
1778849905201,73,SearchIndividual,200,OK,SearchIndividual 2-1704,text,true,,621,2613,4,25,https://api-scuda.uat.oci.krungsri.tech/ords/api/v1/customer/individual/searchprofile,73,0,42
1778849904931,344,UpdateIndividual,200,OK,UpdateIndividual 4-675,text,true,,800,5598,10,24,https://api-scuda.uat.oci.krungsri.tech/ic/api/v1/customer/individual/updateprofile,344,0,35
1778849905078,203,UpdateJoint,200,OK,UpdateJoint 12-37,text,true,,800,3614,1,23,https://api-scuda.uat.oci.krungsri.tech/ic/api/v1/customer/joint/updateprofile,203,0,21
1778849905252,34,SearchIndividual,200,OK,SearchIndividual 2-1708,text,true,,621,2613,4,23,https://api-scuda.uat.oci.krungsri.tech/ords/api/v1/customer/individual/searchprofile,34,0,21
1778849905061,235,GetIndividual,200,OK,GetIndividual 1-1038,text,true,,3826,3588,7,24,https://api-scuda.uat.oci.krungsri.tech/ic/api/v1/customer/individual/getprofile,235,0,26
1778849905261,38,SearchIndividual,200,OK,SearchIndividual 2-1709,text,true,,621,2619,5,23,https://api-scuda.uat.oci.krungsri.tech/ords/api/v1/customer/individual/searchprofile,38,0,26
1778849905128,178,GetIndividual,200,OK,GetIndividual 1-1039,text,true,,3865,3588,6,23,https://api-scuda.uat.oci.krungsri.tech/ic/api/v1/customer/individual/getprofile,178,0,22
1778849905283,24,SearchIndividual,200,OK,SearchIndividual 2-1710,text,true,,620,2611,4,22,https://api-scuda.uat.oci.krungsri.tech/ords/api/v1/customer/individual/searchprofile,24,0,13
1778849905200,108,GetIndividual,200,OK,GetIndividual 1-1040,text,true,,3869,3588,5,21,https://api-scuda.uat.oci.krungsri.tech/ic/api/v1/customer/individual/getprofile,108,0,18
1778849905288,21,SearchIndividual,200,OK,SearchIndividual 2-1711,text,true,,621,2605,3,21,https://api-scuda.uat.oci.krungsri.tech/ords/api/v1/customer/individual/searchprofile,21,0,11
1778849905290,23,SearchIndividual,200,OK,SearchIndividual 2-1712,text,true,,621,2635,2,22,https://api-scuda.uat.oci.krungsri.tech/ords/api/v1/customer/individual/searchprofile,23,0,7
1778849905029,287,UpdateIndividual,200,OK,UpdateIndividual 4-679,text,true,,799,4228,11,21,https://api-scuda.uat.oci.krungsri.tech/ic/api/v1/customer/individual/updateprofile,287,0,32
1778849905227,95,GetJuristic,200,OK,GetJuristic 5-37,text,true,,3493,3533,1,20,https://api-scuda.uat.oci.krungsri.tech/ic/api/v1/customer/juristic/getprofile,95,0,21
1778849905250,82,SearchIndividual,200,OK,SearchIndividual 2-1707,text,true,,14267,2601,4,22,https://api-scuda.uat.oci.krungsri.tech/ords/api/v1/customer/individual/searchprofile,82,0,47
1778849905237,98,GetIndividual,200,OK,GetIndividual 1-1041,text,true,,3805,3588,6,22,https://api-scuda.uat.oci.krungsri.tech/ic/api/v1/customer/individual/getprofile,98,0,18
1778849905325,38,SearchIndividual,200,OK,SearchIndividual 2-1714,text,true,,621,2613,7,32,https://api-scuda.uat.oci.krungsri.tech/ords/api/v1/customer/individual/searchprofile,37,0,20
1778849905323,40,SearchIndividual,200,OK,SearchIndividual 2-1713,text,true,,621,2602,7,32,https://api-scuda.uat.oci.krungsri.tech/ords/api/v1/customer/individual/searchprofile,39,0,25
1778849905325,41,SearchIndividual,200,OK,SearchIndividual 2-1715,text,true,,621,2638,5,30,https://api-scuda.uat.oci.krungsri.tech/ords/api/v1/customer/individual/searchprofile,41,0,27
1778849905093,275,UpdateIndividual,200,OK,UpdateIndividual 4-682,text,true,,800,4227,17,30,https://api-scuda.uat.oci.krungsri.tech/ic/api/v1/customer/individual/updateprofile,275,0,19
1778849905077,292,UpdateIndividual,200,OK,UpdateIndividual 4-681,text,true,,800,5718,16,29,https://api-scuda.uat.oci.krungsri.tech/ic/api/v1/customer/individual/updateprofile,292,0,12
1778849905147,224,UpdateIndividual,200,OK,UpdateIndividual 4-684,text,true,,800,5521,15,28,https://api-scuda.uat.oci.krungsri.tech/ic/api/v1/customer/individual/updateprofile,224,0,10
1778849905339,38,SearchIndividual,200,OK,SearchIndividual 2-1716,text,true,,621,2623,4,27,https://api-scuda.uat.oci.krungsri.tech/ords/api/v1/customer/individual/searchprofile,37,0,26
1778849905350,41,SearchIndividual,200,OK,SearchIndividual 2-1717,text,true,,14175,2607,4,29,https://api-scuda.uat.oci.krungsri.tech/ords/api/v1/customer/individual/searchprofile,41,0,19
1778849905113,279,UpdateIndividual,200,OK,UpdateIndividual 4-683,text,true,,800,5547,15,29,https://api-scuda.uat.oci.krungsri.tech/ic/api/v1/customer/individual/updateprofile,279,0,11
1778849905355,39,SearchIndividual,200,OK,SearchIndividual 2-1718,text,true,,620,2612,4,28,https://api-scuda.uat.oci.krungsri.tech/ords/api/v1/customer/individual/searchprofile,38,0,19
1778849905251,148,GetIndividual,200,OK,GetIndividual 1-1043,text,true,,3810,3588,7,27,https://api-scuda.uat.oci.krungsri.tech/ic/api/v1/customer/individual/getprofile,148,0,19
1778849905271,130,GetIndividual,200,OK,GetIndividual 1-1044,text,true,,3869,3588,6,26,https://api-scuda.uat.oci.krungsri.tech/ic/api/v1/customer/individual/getprofile,130,0,20
1778849905313,89,GetIndividual,200,OK,GetIndividual 1-1045,text,true,,3869,3588,5,25,https://api-scuda.uat.oci.krungsri.tech/ic/api/v1/customer/individual/getprofile,89,0,21
1778849905313,89,GetIndividual,200,OK,GetIndividual 1-1046,text,true,,3851,3588,5,25,https://api-scuda.uat.oci.krungsri.tech/ic/api/v1/customer/individual/getprofile,89,0,15
1778849905362,42,SearchIndividual,200,OK,SearchIndividual 2-1719,text,true,,621,2600,3,23,https://api-scuda.uat.oci.krungsri.tech/ords/api/v1/customer/individual/searchprofile,42,0,30
1778849905200,212,UpdateIndividual,200,OK,UpdateIndividual 4-685,text,true,,800,5615,14,24,https://api-scuda.uat.oci.krungsri.tech/ic/api/v1/customer/individual/updateprofile,212,0,20
1778849905245,170,GetIndividual,200,OK,GetIndividual 1-1042,text,true,,3857,3588,5,24,https://api-scuda.uat.oci.krungsri.tech/ic/api/v1/customer/individual/getprofile,170,0,53
1778849905389,29,SearchIndividual,200,OK,SearchIndividual 2-1720,text,true,,620,2622,3,23,https://api-scuda.uat.oci.krungsri.tech/ords/api/v1/customer/individual/searchprofile,29,0,18
1778849905392,28,SearchIndividual,200,OK,SearchIndividual 2-1721,text,true,,621,2613,2,22,https://api-scuda.uat.oci.krungsri.tech/ords/api/v1/customer/individual/searchprofile,28,0,18
1778849905416,34,SearchIndividual,200,OK,SearchIndividual 2-1722,text,true,,621,2613,5,28,https://api-scuda.uat.oci.krungsri.tech/ords/api/v1/customer/individual/searchprofile,34,0,23
1778849905443,25,SearchIndividual,200,OK,SearchIndividual 2-1725,text,true,,621,2603,4,29,https://api-scuda.uat.oci.krungsri.tech/ords/api/v1/customer/individual/searchprofile,25,0,15
1778849905427,41,SearchIndividual,200,OK,SearchIndividual 2-1723,text,true,,621,2613,4,29,https://api-scuda.uat.oci.krungsri.tech/ords/api/v1/customer/individual/searchprofile,41,0,28
1778849905253,217,UpdateIndividual,200,OK,UpdateIndividual 4-688,text,true,,800,5692,15,27,https://api-scuda.uat.oci.krungsri.tech/ic/api/v1/customer/individual/updateprofile,217,0,17
1778849905244,227,UpdateIndividual,200,OK,UpdateIndividual 4-687,text,true,,800,4227,14,26,https://api-scuda.uat.oci.krungsri.tech/ic/api/v1/customer/individual/updateprofile,227,0,20
1778849905441,31,SearchIndividual,200,OK,SearchIndividual 2-1724,text,true,,621,2623,3,26,https://api-scuda.uat.oci.krungsri.tech/ords/api/v1/customer/individual/searchprofile,31,0,20
1778849905200,272,UpdateIndividual,200,OK,UpdateIndividual 4-686,text,true,,800,5639,13,26,https://api-scuda.uat.oci.krungsri.tech/ic/api/v1/customer/individual/updateprofile,272,0,38
1778849905446,34,SearchIndividual,200,OK,SearchIndividual 2-1726,text,true,,621,2613,3,25,https://api-scuda.uat.oci.krungsri.tech/ords/api/v1/customer/individual/searchprofile,34,0,22
1778849905472,27,SearchIndividual,200,OK,SearchIndividual 2-1727,text,true,,621,2614,5,28,https://api-scuda.uat.oci.krungsri.tech/ords/api/v1/customer/individual/searchprofile,27,0,16
1778849905476,32,SearchIndividual,200,OK,SearchIndividual 2-1728,text,true,,621,2613,4,28,https://api-scuda.uat.oci.krungsri.tech/ords/api/v1/customer/individual/searchprofile,32,0,20
1778849905482,29,SearchIndividual,200,OK,SearchIndividual 2-1729,text,true,,621,2613,3,28,https://api-scuda.uat.oci.krungsri.tech/ords/api/v1/customer/individual/searchprofile,29,0,18
1778849905354,158,GetIndividual,200,OK,GetIndividual 1-1047,text,true,,3903,3588,9,27,https://api-scuda.uat.oci.krungsri.tech/ic/api/v1/customer/individual/getprofile,158,0,11
1778849905496,27,SearchIndividual,200,OK,SearchIndividual 2-1730,text,true,,621,2613,3,27,https://api-scuda.uat.oci.krungsri.tech/ords/api/v1/customer/individual/searchprofile,27,0,17
1778849905499,35,SearchIndividual,200,OK,SearchIndividual 2-1731,text,true,,13847,2604,3,27,https://api-scuda.uat.oci.krungsri.tech/ords/api/v1/customer/individual/searchprofile,34,0,21
1778849905522,30,SearchIndividual,200,OK,SearchIndividual 2-1732,text,true,,621,2603,2,28,https://api-scuda.uat.oci.krungsri.tech/ords/api/v1/customer/individual/searchprofile,30,0,17
1778849905338,229,UpdateIndividual,200,OK,UpdateIndividual 4-691,text,true,,800,5631,13,28,https://api-scuda.uat.oci.krungsri.tech/ic/api/v1/customer/individual/updateprofile,229,0,18
1778849905354,215,UpdateIndividual,200,OK,UpdateIndividual 4-695,text,true,,800,4226,12,27,https://api-scuda.uat.oci.krungsri.tech/ic/api/v1/customer/individual/updateprofile,215,0,17
1778849905533,38,SearchIndividual,200,OK,SearchIndividual 2-1733,text,true,,621,2623,3,27,https://api-scuda.uat.oci.krungsri.tech/ords/api/v1/customer/individual/searchprofile,38,0,21
1778849905346,225,UpdateIndividual,200,OK,UpdateIndividual 4-692,text,true,,800,4229,11,26,https://api-scuda.uat.oci.krungsri.tech/ic/api/v1/customer/individual/updateprofile,225,0,16
1778849905560,25,SearchIndividual,200,OK,SearchIndividual 2-1734,text,true,,621,2614,3,28,https://api-scuda.uat.oci.krungsri.tech/ords/api/v1/customer/individual/searchprofile,25,0,14
1778849905385,201,UpdateIndividual,200,OK,UpdateIndividual 4-698,text,true,,799,4228,10,27,https://api-scuda.uat.oci.krungsri.tech/ic/api/v1/customer/individual/updateprofile,201,0,20
1778849905354,235,UpdateIndividual,200,OK,UpdateIndividual 4-694,text,true,,800,4229,9,27,https://api-scuda.uat.oci.krungsri.tech/ic/api/v1/customer/individual/updateprofile,235,0,21
1778849905349,240,UpdateIndividual,200,OK,UpdateIndividual 4-693,text,true,,800,4227,9,27,https://api-scuda.uat.oci.krungsri.tech/ic/api/v1/customer/individual/updateprofile,240,0,10
1778849905314,279,UpdateIndividual,200,OK,UpdateIndividual 4-690,text,true,,800,4229,7,25,https://api-scuda.uat.oci.krungsri.tech/ic/api/v1/customer/individual/updateprofile,279,0,15
1778849905410,183,GetIndividual,200,OK,GetIndividual 1-1050,text,true,,3857,3588,10,25,https://api-scuda.uat.oci.krungsri.tech/ic/api/v1/customer/individual/getprofile,183,0,33
1778849905373,221,UpdateIndividual,200,OK,UpdateIndividual 4-697,text,true,,800,5577,6,23,https://api-scuda.uat.oci.krungsri.tech/ic/api/v1/customer/individual/updateprofile,221,0,18
1778849905488,106,GetIndividual,200,OK,GetIndividual 1-1054,text,true,,3802,3588,9,23,https://api-scuda.uat.oci.krungsri.tech/ic/api/v1/customer/individual/getprofile,106,0,16
1778849905036,560,UpdateJuristic,200,OK,UpdateJuristic 8-37,text,true,,800,5723,1,21,https://api-scuda.uat.oci.krungsri.tech/ic/api/v1/customer/juristic/updateprofile,560,0,20
1778849905310,286,UpdateIndividual,200,OK,UpdateIndividual 4-689,text,true,,800,5561,5,22,https://api-scuda.uat.oci.krungsri.tech/ic/api/v1/customer/individual/updateprofile,286,0,11
1778849905458,139,GetIndividual,200,OK,GetIndividual 1-1053,text,true,,3790,3588,9,21,https://api-scuda.uat.oci.krungsri.tech/ic/api/v1/customer/individual/getprofile,139,0,20
1778849905446,161,GetIndividual,200,OK,GetIndividual 1-1052,text,true,,3776,3588,8,22,https://api-scuda.uat.oci.krungsri.tech/ic/api/v1/customer/individual/getprofile,161,0,21
1778849905409,198,GetIndividual,200,OK,GetIndividual 1-1049,text,true,,3831,3588,7,21,https://api-scuda.uat.oci.krungsri.tech/ic/api/v1/customer/individual/getprofile,198,0,34
1778849905570,39,SearchIndividual,200,OK,SearchIndividual 2-1735,text,true,,620,2613,5,20,https://api-scuda.uat.oci.krungsri.tech/ords/api/v1/customer/individual/searchprofile,39,0,22
1778849905355,254,UpdateIndividual,200,OK,UpdateIndividual 4-696,text,true,,800,4227,5,19,https://api-scuda.uat.oci.krungsri.tech/ic/api/v1/customer/individual/updateprofile,254,0,17
1778849905505,114,GetIndividual,200,OK,GetIndividual 1-1055,text,true,,3865,3588,6,19,https://api-scuda.uat.oci.krungsri.tech/ic/api/v1/customer/individual/getprofile,114,0,19
1778849905588,32,SearchIndividual,200,OK,SearchIndividual 2-1737,text,true,,621,2613,5,18,https://api-scuda.uat.oci.krungsri.tech/ords/api/v1/customer/individual/searchprofile,32,0,20
1778849905441,181,GetIndividual,200,OK,GetIndividual 1-1051,text,true,,3768,3588,5,17,https://api-scuda.uat.oci.krungsri.tech/ic/api/v1/customer/individual/getprofile,181,0,25
1778849905598,36,SearchIndividual,200,OK,SearchIndividual 2-1738,text,true,,621,2602,6,21,https://api-scuda.uat.oci.krungsri.tech/ords/api/v1/customer/individual/searchprofile,36,0,25
1778849905598,31,SearchIndividual,200,OK,SearchIndividual 2-1739,text,true,,621,2629,6,21,https://api-scuda.uat.oci.krungsri.tech/ords/api/v1/customer/individual/searchprofile,31,0,19
1778849905575,70,SearchIndividual,200,OK,SearchIndividual 2-1736,text,true,,621,2603,7,22,https://api-scuda.uat.oci.krungsri.tech/ords/api/v1/customer/individual/searchprofile,69,0,48
1778849905620,31,SearchIndividual,200,OK,SearchIndividual 2-1740,text,true,,621,2613,6,21,https://api-scuda.uat.oci.krungsri.tech/ords/api/v1/customer/individual/searchprofile,31,0,17
1778849905625,28,SearchIndividual,200,OK,SearchIndividual 2-1742,text,true,,621,2622,5,21,https://api-scuda.uat.oci.krungsri.tech/ords/api/v1/customer/individual/searchprofile,28,0,18
1778849905625,30,SearchIndividual,200,OK,SearchIndividual 2-1741,text,true,,621,2603,4,20,https://api-scuda.uat.oci.krungsri.tech/ords/api/v1/customer/individual/searchprofile,30,0,19
1778849905637,21,SearchIndividual,200,OK,SearchIndividual 2-1744,text,true,,621,2613,3,19,https://api-scuda.uat.oci.krungsri.tech/ords/api/v1/customer/individual/searchprofile,21,0,12
1778849905644,22,SearchIndividual,200,OK,SearchIndividual 2-1745,text,true,,621,2619,4,20,https://api-scuda.uat.oci.krungsri.tech/ords/api/v1/customer/individual/searchprofile,21,0,12
1778849905637,30,SearchIndividual,200,OK,SearchIndividual 2-1743,text,true,,621,2643,3,19,https://api-scuda.uat.oci.krungsri.tech/ords/api/v1/customer/individual/searchprofile,29,0,19
1778849905445,224,UpdateIndividual,200,OK,UpdateIndividual 4-699,text,true,,800,4227,5,18,https://api-scuda.uat.oci.krungsri.tech/ic/api/v1/customer/individual/updateprofile,224,0,24
1778849905511,178,UpdateIndividual,200,OK,UpdateIndividual 4-701,text,true,,800,4228,4,20,https://api-scuda.uat.oci.krungsri.tech/ic/api/v1/customer/individual/updateprofile,178,0,43
1778849905659,31,SearchIndividual,200,OK,SearchIndividual 2-1746,text,true,,621,2613,3,19,https://api-scuda.uat.oci.krungsri.tech/ords/api/v1/customer/individual/searchprofile,31,0,20
1778849905578,112,GetJoint,200,OK,GetJoint 9-37,text,true,,1429,3530,1,18,https://api-scuda.uat.oci.krungsri.tech/ic/api/v1/customer/joint/getprofile,112,0,16
1778849905664,28,SearchIndividual,200,OK,SearchIndividual 2-1747,text,true,,621,2655,2,17,https://api-scuda.uat.oci.krungsri.tech/ords/api/v1/customer/individual/searchprofile,28,0,18
1778849905597,96,GetIndividual,200,OK,GetIndividual 1-1058,text,true,,3905,3588,9,16,https://api-scuda.uat.oci.krungsri.tech/ic/api/v1/customer/individual/getprofile,96,0,19
1778849905538,166,GetIndividual,200,OK,GetIndividual 1-1056,text,true,,3866,3588,8,16,https://api-scuda.uat.oci.krungsri.tech/ic/api/v1/customer/individual/getprofile,166,0,19
1778849905682,26,SearchIndividual,200,OK,SearchIndividual 2-1748,text,true,,621,2649,1,15,https://api-scuda.uat.oci.krungsri.tech/ords/api/v1/customer/individual/searchprofile,26,0,17
1778849905543,174,GetIndividual,200,OK,GetIndividual 1-1057,text,true,,3804,3588,8,15,https://api-scuda.uat.oci.krungsri.tech/ic/api/v1/customer/individual/getprofile,174,0,21
1778849905626,96,GetIndividual,200,OK,GetIndividual 1-1059,text,true,,3864,3587,7,14,https://api-scuda.uat.oci.krungsri.tech/ic/api/v1/customer/individual/getprofile,96,0,20
1778849905469,291,UpdateIndividual,200,OK,UpdateIndividual 4-700,text,true,,800,5512,5,14,https://api-scuda.uat.oci.krungsri.tech/ic/api/v1/customer/individual/updateprofile,291,0,19
1778849905389,399,CreateJoint,200,OK,CreateJoint 11-37,text,true,,1813,6141,1,16,https://api-scuda.uat.oci.krungsri.tech/ic/api/v1/customer/joint/createprofile,399,0,13
1778849905631,162,UpdateIndividual,200,OK,UpdateIndividual 4-703,text,true,,800,4227,4,16,https://api-scuda.uat.oci.krungsri.tech/ic/api/v1/customer/individual/updateprofile,162,0,16
1778849905628,170,GetIndividual,200,OK,GetIndividual 1-1060,text,true,,3836,3588,7,16,https://api-scuda.uat.oci.krungsri.tech/ic/api/v1/customer/individual/getprofile,170,0,23
1778849905653,147,GetIndividual,200,OK,GetIndividual 1-1061,text,true,,3888,3588,6,15,https://api-scuda.uat.oci.krungsri.tech/ic/api/v1/customer/individual/getprofile,147,0,18
1778849905681,128,GetIndividual,200,OK,GetIndividual 1-1063,text,true,,3808,3588,6,15,https://api-scuda.uat.oci.krungsri.tech/ic/api/v1/customer/individual/getprofile,128,0,22
1778849905795,26,SearchIndividual,200,OK,SearchIndividual 2-1751,text,true,,621,2646,3,15,https://api-scuda.uat.oci.krungsri.tech/ords/api/v1/customer/individual/searchprofile,26,0,13
1778849905780,41,SearchIndividual,200,OK,SearchIndividual 2-1749,text,true,,621,2617,3,15,https://api-scuda.uat.oci.krungsri.tech/ords/api/v1/customer/individual/searchprofile,41,0,28
1778849905784,39,SearchIndividual,200,OK,SearchIndividual 2-1750,text,true,,621,2631,2,16,https://api-scuda.uat.oci.krungsri.tech/ords/api/v1/customer/individual/searchprofile,39,0,24
1778849905788,36,SearchJuristic,200,OK,SearchJuristic 6-37,text,true,,621,2611,1,15,https://api-scuda.uat.oci.krungsri.tech/ords/api/v1/customer/juristic/searchprofile,36,0,21
1778849905716,109,GetIndividual,200,OK,GetIndividual 1-1064,text,true,,3812,3587,7,14,https://api-scuda.uat.oci.krungsri.tech/ic/api/v1/customer/individual/getprofile,109,0,20
1778849905824,27,SearchIndividual,200,OK,SearchIndividual 2-1752,text,true,,621,2611,5,20,https://api-scuda.uat.oci.krungsri.tech/ords/api/v1/customer/individual/searchprofile,27,0,11
1778849905826,28,SearchIndividual,200,OK,SearchIndividual 2-1753,text,true,,621,2637,4,19,https://api-scuda.uat.oci.krungsri.tech/ords/api/v1/customer/individual/searchprofile,28,0,13
1778849905829,32,SearchIndividual,200,OK,SearchIndividual 2-1754,text,true,,621,2611,4,20,https://api-scuda.uat.oci.krungsri.tech/ords/api/v1/customer/individual/searchprofile,32,0,18
1778849905837,36,SearchIndividual,200,OK,SearchIndividual 2-1755,text,true,,621,2613,4,21,https://api-scuda.uat.oci.krungsri.tech/ords/api/v1/customer/individual/searchprofile,36,0,21
1778849905845,32,SearchIndividual,200,OK,SearchIndividual 2-1756,text,true,,621,2613,4,21,https://api-scuda.uat.oci.krungsri.tech/ords/api/v1/customer/individual/searchprofile,32,0,19
1778849905857,40,SearchIndividual,200,OK,SearchIndividual 2-1757,text,true,,621,2635,6,23,https://api-scuda.uat.oci.krungsri.tech/ords/api/v1/customer/individual/searchprofile,40,0,27
1778849905676,224,GetIndividual,200,OK,GetIndividual 1-1062,text,true,,3845,3588,9,22,https://api-scuda.uat.oci.krungsri.tech/ic/api/v1/customer/individual/getprofile,224,0,16
1778849905873,30,SearchIndividual,200,OK,SearchIndividual 2-1758,text,true,,621,2623,5,21,https://api-scuda.uat.oci.krungsri.tech/ords/api/v1/customer/individual/searchprofile,30,0,19
1778849905816,89,GetIndividual,200,OK,GetIndividual 1-1067,text,true,,3835,3588,8,21,https://api-scuda.uat.oci.krungsri.tech/ic/api/v1/customer/individual/getprofile,89,0,18
1778849905881,28,SearchIndividual,200,OK,SearchIndividual 2-1760,text,true,,621,2604,5,20,https://api-scuda.uat.oci.krungsri.tech/ords/api/v1/customer/individual/searchprofile,28,0,18
1778849905877,32,SearchIndividual,200,OK,SearchIndividual 2-1759,text,true,,13586,2607,5,20,https://api-scuda.uat.oci.krungsri.tech/ords/api/v1/customer/individual/searchprofile,32,0,18
1778849905792,119,GetIndividual,200,OK,GetIndividual 1-1065,text,true,,3818,3588,7,18,https://api-scuda.uat.oci.krungsri.tech/ic/api/v1/customer/individual/getprofile,119,0,18
1778849905036,878,CreateJuristic,201,Created,CreateJuristic 7-37,text,true,,1172,7819,1,17,https://api-scuda.uat.oci.krungsri.tech/ic/api/v1/customer/juristic/createprofile,878,0,21
1778849905881,34,SearchIndividual,200,OK,SearchIndividual 2-1761,text,true,,621,2631,3,16,https://api-scuda.uat.oci.krungsri.tech/ords/api/v1/customer/individual/searchprofile,34,0,21
1778849905824,92,GetIndividual,200,OK,GetIndividual 1-1068,text,true,,3853,3588,6,15,https://api-scuda.uat.oci.krungsri.tech/ic/api/v1/customer/individual/getprofile,92,0,21
1778849905828,88,GetIndividual,200,OK,GetIndividual 1-1069,text,true,,3795,3588,6,15,https://api-scuda.uat.oci.krungsri.tech/ic/api/v1/customer/individual/getprofile,88,0,17
1778849905888,42,SearchIndividual,200,OK,SearchIndividual 2-1762,text,true,,621,2604,4,15,https://api-scuda.uat.oci.krungsri.tech/ords/api/v1/customer/individual/searchprofile,41,0,26
1778849905906,33,SearchIndividual,200,OK,SearchIndividual 2-1763,text,true,,621,2632,4,16,https://api-scuda.uat.oci.krungsri.tech/ords/api/v1/customer/individual/searchprofile,33,0,20
1778849905927,28,SearchIndividual,200,OK,SearchIndividual 2-1765,text,true,,621,2603,3,17,https://api-scuda.uat.oci.krungsri.tech/ords/api/v1/customer/individual/searchprofile,28,0,17
1778849905923,47,SearchIndividual,200,OK,SearchIndividual 2-1764,text,true,,13831,2605,3,17,https://api-scuda.uat.oci.krungsri.tech/ords/api/v1/customer/individual/searchprofile,47,0,25
1778849905864,108,GetIndividual,200,OK,GetIndividual 1-1071,text,true,,3851,3588,5,16,https://api-scuda.uat.oci.krungsri.tech/ic/api/v1/customer/individual/getprofile,108,0,22
1778849905936,40,SearchIndividual,200,OK,SearchIndividual 2-1766,text,true,,621,2613,2,16,https://api-scuda.uat.oci.krungsri.tech/ords/api/v1/customer/individual/searchprofile,39,0,28
1778849905699,298,UpdateIndividual,200,OK,UpdateIndividual 4-704,text,true,,800,4229,8,18,https://api-scuda.uat.oci.krungsri.tech/ic/api/v1/customer/individual/updateprofile,298,0,17
1778849905805,193,GetIndividual,200,OK,GetIndividual 1-1066,text,true,,3915,3588,5,18,https://api-scuda.uat.oci.krungsri.tech/ic/api/v1/customer/individual/getprofile,193,0,23
1778849905841,161,GetIndividual,200,OK,GetIndividual 1-1070,text,true,,3776,3588,5,17,https://api-scuda.uat.oci.krungsri.tech/ic/api/v1/customer/individual/getprofile,161,0,21
1778849905971,33,SearchIndividual,200,OK,SearchIndividual 2-1767,text,true,,621,2613,3,17,https://api-scuda.uat.oci.krungsri.tech/ords/api/v1/customer/individual/searchprofile,33,0,19
1778849905731,280,UpdateIndividual,200,OK,UpdateIndividual 4-705,text,true,,1753,5632,7,17,https://api-scuda.uat.oci.krungsri.tech/ic/api/v1/customer/individual/updateprofile,280,0,11
1778849905827,186,UpdateIndividual,200,OK,UpdateIndividual 4-706,text,true,,800,4230,6,16,https://api-scuda.uat.oci.krungsri.tech/ic/api/v1/customer/individual/updateprofile,186,0,22
1778849905864,149,UpdateIndividual,200,OK,UpdateIndividual 4-708,text,true,,800,5553,6,16,https://api-scuda.uat.oci.krungsri.tech/ic/api/v1/customer/individual/updateprofile,149,0,22
1778849905585,432,CreateIndividual,201,Created,CreateIndividual 3-37,text,true,,1172,8605,1,14,https://api-scuda.uat.oci.krungsri.tech/ic/api/v1/customer/individual/createprofile,432,0,18
1778849905981,43,SearchIndividual,200,OK,SearchIndividual 2-1768,text,true,,621,2613,2,13,https://api-scuda.uat.oci.krungsri.tech/ords/api/v1/customer/individual/searchprofile,42,0,24
1778849905361,673,GetIndividual,200,OK,GetIndividual 1-1048,text,true,,3859,3588,7,14,https://api-scuda.uat.oci.krungsri.tech/ic/api/v1/customer/individual/getprofile,673,0,17
1778849906003,32,SearchIndividual,200,OK,SearchIndividual 2-1769,text,true,,14078,2610,1,13,https://api-scuda.uat.oci.krungsri.tech/ords/api/v1/customer/individual/searchprofile,32,0,19
1778849906044,31,SearchIndividual,200,OK,SearchIndividual 2-1770,text,true,,621,2602,2,18,https://api-scuda.uat.oci.krungsri.tech/ords/api/v1/customer/individual/searchprofile,31,0,21
1778849905834,261,UpdateIndividual,200,OK,UpdateIndividual 4-707,text,true,,800,5602,7,22,https://api-scuda.uat.oci.krungsri.tech/ic/api/v1/customer/individual/updateprofile,261,0,12
1778849906060,35,SearchIndividual,200,OK,SearchIndividual 2-1771,text,true,,621,2613,4,22,https://api-scuda.uat.oci.krungsri.tech/ords/api/v1/customer/individual/searchprofile,35,0,23
1778849906007,91,GetIndividual,200,OK,GetIndividual 1-1075,text,true,,3870,3588,8,21,https://api-scuda.uat.oci.krungsri.tech/ic/api/v1/customer/individual/getprofile,91,0,19
1778849906027,81,GetIndividual,200,OK,GetIndividual 1-1076,text,true,,3901,3588,8,23,https://api-scuda.uat.oci.krungsri.tech/ic/api/v1/customer/individual/getprofile,81,0,12
1778849906077,32,SearchIndividual,200,OK,SearchIndividual 2-1772,text,true,,621,2605,6,22,https://api-scuda.uat.oci.krungsri.tech/ords/api/v1/customer/individual/searchprofile,32,0,19
1778849906086,31,SearchIndividual,200,OK,SearchIndividual 2-1774,text,true,,621,2601,5,22,https://api-scuda.uat.oci.krungsri.tech/ords/api/v1/customer/individual/searchprofile,31,0,19
1778849905938,180,UpdateIndividual,200,OK,UpdateIndividual 4-709,text,true,,800,5572,6,21,https://api-scuda.uat.oci.krungsri.tech/ic/api/v1/customer/individual/updateprofile,180,0,18
1778849906100,24,SearchIndividual,200,OK,SearchIndividual 2-1776,text,true,,621,2613,7,23,https://api-scuda.uat.oci.krungsri.tech/ords/api/v1/customer/individual/searchprofile,24,0,13
1778849906084,40,SearchIndividual,200,OK,SearchIndividual 2-1773,text,true,,620,2633,6,22,https://api-scuda.uat.oci.krungsri.tech/ords/api/v1/customer/individual/searchprofile,40,0,29
1778849905999,125,GetIndividual,200,OK,GetIndividual 1-1074,text,true,,3835,3588,8,22,https://api-scuda.uat.oci.krungsri.tech/ic/api/v1/customer/individual/getprofile,125,0,37
1778849905986,139,GetIndividual,200,OK,GetIndividual 1-1073,text,true,,3833,3588,7,20,https://api-scuda.uat.oci.krungsri.tech/ic/api/v1/customer/individual/getprofile,139,0,29
1778849906044,96,GetIndividual,200,OK,GetIndividual 1-1078,text,true,,3939,3588,6,20,https://api-scuda.uat.oci.krungsri.tech/ic/api/v1/customer/individual/getprofile,96,0,23
1778849906101,35,SearchIndividual,200,OK,SearchIndividual 2-1777,text,true,,621,2605,5,19,https://api-scuda.uat.oci.krungsri.tech/ords/api/v1/customer/individual/searchprofile,35,0,25
1778849906027,103,GetIndividual,200,OK,GetIndividual 1-1077,text,true,,3890,3588,6,19,https://api-scuda.uat.oci.krungsri.tech/ic/api/v1/customer/individual/getprofile,103,0,25
1778849906099,31,SearchIndividual,200,OK,SearchIndividual 2-1775,text,true,,621,2605,5,19,https://api-scuda.uat.oci.krungsri.tech/ords/api/v1/customer/individual/searchprofile,31,0,21
1778849905954,174,GetIndividual,200,OK,GetIndividual 1-1072,text,true,,3893,3588,6,19,https://api-scuda.uat.oci.krungsri.tech/ic/api/v1/customer/individual/getprofile,174,0,19
1778849906123,25,SearchIndividual,200,OK,SearchIndividual 2-1779,text,true,,13911,2604,3,16,https://api-scuda.uat.oci.krungsri.tech/ords/api/v1/customer/individual/searchprofile,25,0,12
1778849906119,37,SearchIndividual,200,OK,SearchIndividual 2-1778,text,true,,621,2613,2,16,https://api-scuda.uat.oci.krungsri.tech/ords/api/v1/customer/individual/searchprofile,37,0,23
1778849906123,38,SearchIndividual,200,OK,SearchIndividual 2-1780,text,true,,14149,2604,2,17,https://api-scuda.uat.oci.krungsri.tech/ords/api/v1/customer/individual/searchprofile,38,0,24
1778849905600,594,UpdateIndividual,200,OK,UpdateIndividual 4-702,text,true,,800,5609,10,23,https://api-scuda.uat.oci.krungsri.tech/ic/api/v1/customer/individual/updateprofile,594,0,21
1778849905993,201,UpdateIndividual,200,OK,UpdateIndividual 4-710,text,true,,800,5580,10,23,https://api-scuda.uat.oci.krungsri.tech/ic/api/v1/customer/individual/updateprofile,201,0,11
1778849906075,131,GetIndividual,200,OK,GetIndividual 1-1079,text,true,,3914,3588,6,25,https://api-scuda.uat.oci.krungsri.tech/ic/api/v1/customer/individual/getprofile,131,0,29
1778849906116,95,GetIndividual,200,OK,GetIndividual 1-1081,text,true,,3828,3588,6,26,https://api-scuda.uat.oci.krungsri.tech/ic/api/v1/customer/individual/getprofile,95,0,21
1778849906181,31,SearchIndividual,200,OK,SearchIndividual 2-1784,text,true,,621,2613,7,26,https://api-scuda.uat.oci.krungsri.tech/ords/api/v1/customer/individual/searchprofile,31,0,15
1778849906181,34,SearchIndividual,200,OK,SearchIndividual 2-1783,text,true,,14165,2604,7,25,https://api-scuda.uat.oci.krungsri.tech/ords/api/v1/customer/individual/searchprofile,34,0,20
1778849906181,38,SearchIndividual,200,OK,SearchIndividual 2-1782,text,true,,621,2602,6,24,https://api-scuda.uat.oci.krungsri.tech/ords/api/v1/customer/individual/searchprofile,38,0,27
1778849906099,127,GetIndividual,200,OK,GetIndividual 1-1080,text,true,,3855,3588,5,23,https://api-scuda.uat.oci.krungsri.tech/ic/api/v1/customer/individual/getprofile,127,0,12
1778849906195,31,SearchIndividual,200,OK,SearchIndividual 2-1785,text,true,,621,2613,5,22,https://api-scuda.uat.oci.krungsri.tech/ords/api/v1/customer/individual/searchprofile,31,0,21
1778849906199,29,SearchIndividual,200,OK,SearchIndividual 2-1787,text,true,,621,2644,5,22,https://api-scuda.uat.oci.krungsri.tech/ords/api/v1/customer/individual/searchprofile,29,0,19
1778849906158,71,SearchIndividual,200,OK,SearchIndividual 2-1781,text,true,,621,2603,4,21,https://api-scuda.uat.oci.krungsri.tech/ords/api/v1/customer/individual/searchprofile,71,0,44
1778849906195,34,SearchIndividual,200,OK,SearchIndividual 2-1786,text,true,,621,2643,4,21,https://api-scuda.uat.oci.krungsri.tech/ords/api/v1/customer/individual/searchprofile,30,0,20
1778849906213,19,SearchIndividual,200,OK,SearchIndividual 2-1788,text,true,,621,2631,2,20,https://api-scuda.uat.oci.krungsri.tech/ords/api/v1/customer/individual/searchprofile,19,0,9
1778849906199,39,SearchJuristic,200,OK,SearchJuristic 6-38,text,true,,621,2611,1,20,https://api-scuda.uat.oci.krungsri.tech/ords/api/v1/customer/juristic/searchprofile,39,0,27
1778849906150,96,GetIndividual,200,OK,GetIndividual 1-1082,text,true,,3823,3588,4,20,https://api-scuda.uat.oci.krungsri.tech/ic/api/v1/customer/individual/getprofile,96,0,18
1778849906228,26,SearchIndividual,200,OK,SearchIndividual 2-1789,text,true,,620,2602,3,22,https://api-scuda.uat.oci.krungsri.tech/ords/api/v1/customer/individual/searchprofile,26,0,16
1778849906172,93,GetIndividual,200,OK,GetIndividual 1-1083,text,true,,3909,3588,4,21,https://api-scuda.uat.oci.krungsri.tech/ic/api/v1/customer/individual/getprofile,93,0,19
1778849906251,29,SearchIndividual,200,OK,SearchIndividual 2-1790,text,true,,621,2613,3,22,https://api-scuda.uat.oci.krungsri.tech/ords/api/v1/customer/individual/searchprofile,29,0,18
1778849906251,35,SearchIndividual,200,OK,SearchIndividual 2-1791,text,true,,621,2609,2,21,https://api-scuda.uat.oci.krungsri.tech/ords/api/v1/customer/individual/searchprofile,35,0,22
1778849906097,200,UpdateIndividual,200,OK,UpdateIndividual 4-713,text,true,,800,4227,14,22,https://api-scuda.uat.oci.krungsri.tech/ic/api/v1/customer/individual/updateprofile,200,0,29
1778849906070,238,UpdateIndividual,200,OK,UpdateIndividual 4-711,text,true,,800,5625,14,25,https://api-scuda.uat.oci.krungsri.tech/ic/api/v1/customer/individual/updateprofile,238,0,21
1778849906212,96,GetIndividual,200,OK,GetIndividual 1-1085,text,true,,3860,3588,3,25,https://api-scuda.uat.oci.krungsri.tech/ic/api/v1/customer/individual/getprofile,96,0,21
1778849906278,30,SearchIndividual,200,OK,SearchIndividual 2-1792,text,true,,621,2603,4,25,https://api-scuda.uat.oci.krungsri.tech/ords/api/v1/customer/individual/searchprofile,30,0,19
1778849905943,366,GetJoint,200,OK,GetJoint 9-38,text,true,,1431,3530,1,22,https://api-scuda.uat.oci.krungsri.tech/ic/api/v1/customer/joint/getprofile,366,0,23
1778849906186,136,GetIndividual,200,OK,GetIndividual 1-1084,text,true,,3839,3588,2,23,https://api-scuda.uat.oci.krungsri.tech/ic/api/v1/customer/individual/getprofile,136,0,19
1778849906301,24,SearchIndividual,200,OK,SearchIndividual 2-1794,text,true,,621,2602,5,22,https://api-scuda.uat.oci.krungsri.tech/ords/api/v1/customer/individual/searchprofile,24,0,13
1778849906303,23,SearchIndividual,200,OK,SearchIndividual 2-1795,text,true,,621,2613,4,21,https://api-scuda.uat.oci.krungsri.tech/ords/api/v1/customer/individual/searchprofile,23,0,13
1778849906293,35,SearchIndividual,200,OK,SearchIndividual 2-1793,text,true,,621,2613,3,20,https://api-scuda.uat.oci.krungsri.tech/ords/api/v1/customer/individual/searchprofile,35,0,24
1778849906321,35,SearchIndividual,200,OK,SearchIndividual 2-1797,text,true,,14684,2614,4,25,https://api-scuda.uat.oci.krungsri.tech/ords/api/v1/customer/individual/searchprofile,34,0,22
1778849906310,49,SearchIndividual,200,OK,SearchIndividual 2-1796,text,true,,621,2619,4,25,https://api-scuda.uat.oci.krungsri.tech/ords/api/v1/customer/individual/searchprofile,49,0,34
1778849906332,34,SearchIndividual,200,OK,SearchIndividual 2-1798,text,true,,621,2619,3,25,https://api-scuda.uat.oci.krungsri.tech/ords/api/v1/customer/individual/searchprofile,34,0,21
1778849906234,138,UpdateIndividual,200,OK,UpdateIndividual 4-720,text,true,,800,4227,15,25,https://api-scuda.uat.oci.krungsri.tech/ic/api/v1/customer/individual/updateprofile,138,0,21
1778849906347,29,SearchIndividual,200,OK,SearchIndividual 2-1799,text,true,,621,2605,2,24,https://api-scuda.uat.oci.krungsri.tech/ords/api/v1/customer/individual/searchprofile,28,0,18
1778849906251,128,GetIndividual,200,OK,GetIndividual 1-1086,text,true,,3823,3588,6,25,https://api-scuda.uat.oci.krungsri.tech/ic/api/v1/customer/individual/getprofile,128,0,14
1778849906347,34,SearchJoint,200,OK,SearchJoint 10-38,text,true,,621,2627,1,24,https://api-scuda.uat.oci.krungsri.tech/ords/api/v1/customer/joint/searchprofile,34,0,19
1778849906146,247,UpdateIndividual,200,OK,UpdateIndividual 4-715,text,true,,800,4228,14,25,https://api-scuda.uat.oci.krungsri.tech/ic/api/v1/customer/individual/updateprofile,247,0,16
1778849906086,309,UpdateIndividual,200,OK,UpdateIndividual 4-712,text,true,,799,5654,13,25,https://api-scuda.uat.oci.krungsri.tech/ic/api/v1/customer/individual/updateprofile,309,0,21
1778849905977,418,CreateJoint,200,OK,CreateJoint 11-38,text,true,,1813,5740,1,25,https://api-scuda.uat.oci.krungsri.tech/ic/api/v1/customer/joint/createprofile,418,0,15
1778849906215,181,UpdateIndividual,200,OK,UpdateIndividual 4-719,text,true,,800,4227,12,23,https://api-scuda.uat.oci.krungsri.tech/ic/api/v1/customer/individual/updateprofile,181,0,16
1778849906241,157,UpdateIndividual,200,OK,UpdateIndividual 4-721,text,true,,800,4228,11,23,https://api-scuda.uat.oci.krungsri.tech/ic/api/v1/customer/individual/updateprofile,157,0,28
1778849906179,219,UpdateIndividual,200,OK,UpdateIndividual 4-718,text,true,,800,5656,11,23,https://api-scuda.uat.oci.krungsri.tech/ic/api/v1/customer/individual/updateprofile,219,0,28
1778849906142,257,UpdateIndividual,200,OK,UpdateIndividual 4-714,text,true,,800,5686,9,21,https://api-scuda.uat.oci.krungsri.tech/ic/api/v1/customer/individual/updateprofile,257,0,15
1778849906167,233,UpdateIndividual,200,OK,UpdateIndividual 4-717,text,true,,800,5589,8,21,https://api-scuda.uat.oci.krungsri.tech/ic/api/v1/customer/individual/updateprofile,233,0,28
1778849906386,30,SearchIndividual,200,OK,SearchIndividual 2-1801,text,true,,620,2611,7,23,https://api-scuda.uat.oci.krungsri.tech/ords/api/v1/customer/individual/searchprofile,29,0,19
1778849906071,348,UpdateJoint,200,OK,UpdateJoint 12-38,text,true,,800,3614,1,23,https://api-scuda.uat.oci.krungsri.tech/ic/api/v1/customer/joint/updateprofile,348,0,21
1778849906241,179,UpdateIndividual,200,OK,UpdateIndividual 4-722,text,true,,800,5522,8,22,https://api-scuda.uat.oci.krungsri.tech/ic/api/v1/customer/individual/updateprofile,179,0,20
1778849906162,259,UpdateIndividual,200,OK,UpdateIndividual 4-716,text,true,,800,4228,7,21,https://api-scuda.uat.oci.krungsri.tech/ic/api/v1/customer/individual/updateprofile,259,0,19
1778849906393,29,SearchIndividual,200,OK,SearchIndividual 2-1802,text,true,,621,2601,6,20,https://api-scuda.uat.oci.krungsri.tech/ords/api/v1/customer/individual/searchprofile,29,0,18
1778849906357,66,SearchIndividual,200,OK,SearchIndividual 2-1800,text,true,,621,2604,5,19,https://api-scuda.uat.oci.krungsri.tech/ords/api/v1/customer/individual/searchprofile,65,0,42
1778849906291,138,UpdateIndividual,200,OK,UpdateIndividual 4-724,text,true,,800,4230,6,19,https://api-scuda.uat.oci.krungsri.tech/ic/api/v1/customer/individual/updateprofile,138,0,23
1778849906342,89,GetIndividual,200,OK,GetIndividual 1-1088,text,true,,3850,3588,7,18,https://api-scuda.uat.oci.krungsri.tech/ic/api/v1/customer/individual/getprofile,89,0,15
1778849906398,35,SearchIndividual,200,OK,SearchIndividual 2-1803,text,true,,621,2655,5,17,https://api-scuda.uat.oci.krungsri.tech/ords/api/v1/customer/individual/searchprofile,34,0,24
1778849906412,31,SearchIndividual,200,OK,SearchIndividual 2-1805,text,true,,621,2613,4,16,https://api-scuda.uat.oci.krungsri.tech/ords/api/v1/customer/individual/searchprofile,31,0,21
1778849906412,33,SearchIndividual,200,OK,SearchIndividual 2-1806,text,true,,621,2613,4,18,https://api-scuda.uat.oci.krungsri.tech/ords/api/v1/customer/individual/searchprofile,33,0,20
1778849906274,171,UpdateIndividual,200,OK,UpdateIndividual 4-723,text,true,,800,4229,6,18,https://api-scuda.uat.oci.krungsri.tech/ic/api/v1/customer/individual/updateprofile,171,0,20
1778849906403,49,SearchIndividual,200,OK,SearchIndividual 2-1804,text,true,,13978,2610,3,17,https://api-scuda.uat.oci.krungsri.tech/ords/api/v1/customer/individual/searchprofile,49,0,34
1778849906430,30,SearchIndividual,200,OK,SearchIndividual 2-1807,text,true,,621,2613,2,16,https://api-scuda.uat.oci.krungsri.tech/ords/api/v1/customer/individual/searchprofile,30,0,20
1778849906445,37,SearchIndividual,200,OK,SearchIndividual 2-1808,text,true,,621,2611,3,23,https://api-scuda.uat.oci.krungsri.tech/ords/api/v1/customer/individual/searchprofile,37,0,20
1778849906379,113,GetIndividual,200,OK,GetIndividual 1-1091,text,true,,3863,3588,11,24,https://api-scuda.uat.oci.krungsri.tech/ic/api/v1/customer/individual/getprofile,113,0,19
1778849906330,164,GetIndividual,200,OK,GetIndividual 1-1087,text,true,,3848,3588,10,23,https://api-scuda.uat.oci.krungsri.tech/ic/api/v1/customer/individual/getprofile,164,0,19
1778849906461,38,SearchIndividual,200,OK,SearchIndividual 2-1809,text,true,,621,2653,3,22,https://api-scuda.uat.oci.krungsri.tech/ords/api/v1/customer/individual/searchprofile,38,0,25
1778849906376,130,GetIndividual,200,OK,GetIndividual 1-1090,text,true,,3814,3588,11,23,https://api-scuda.uat.oci.krungsri.tech/ic/api/v1/customer/individual/getprofile,130,0,19
1778849906475,35,SearchIndividual,200,OK,SearchIndividual 2-1810,text,true,,621,2612,2,22,https://api-scuda.uat.oci.krungsri.tech/ords/api/v1/customer/individual/searchprofile,35,0,20
1778849906336,176,UpdateIndividual,200,OK,UpdateIndividual 4-726,text,true,,800,5587,9,23,https://api-scuda.uat.oci.krungsri.tech/ic/api/v1/customer/individual/updateprofile,176,0,20
1778849906361,166,GetIndividual,200,OK,GetIndividual 1-1089,text,true,,3854,3588,11,26,https://api-scuda.uat.oci.krungsri.tech/ic/api/v1/customer/individual/getprofile,166,0,21
1778849906491,38,SearchIndividual,200,OK,SearchIndividual 2-1811,text,true,,621,2635,4,25,https://api-scuda.uat.oci.krungsri.tech/ords/api/v1/customer/individual/searchprofile,38,0,24
1778849906446,89,GetIndividual,200,OK,GetIndividual 1-1095,text,true,,3832,3588,10,26,https://api-scuda.uat.oci.krungsri.tech/ic/api/v1/customer/individual/getprofile,89,0,15
1778849906401,134,GetIndividual,200,OK,GetIndividual 1-1093,text,true,,3847,3587,10,26,https://api-scuda.uat.oci.krungsri.tech/ic/api/v1/customer/individual/getprofile,134,0,19
1778849906301,235,UpdateIndividual,200,OK,UpdateIndividual 4-725,text,true,,800,4227,9,24,https://api-scuda.uat.oci.krungsri.tech/ic/api/v1/customer/individual/updateprofile,235,0,15
1778849906511,29,SearchIndividual,200,OK,SearchIndividual 2-1812,text,true,,621,2614,5,24,https://api-scuda.uat.oci.krungsri.tech/ords/api/v1/customer/individual/searchprofile,29,0,13
1778849906446,102,GetIndividual,200,OK,GetIndividual 1-1094,text,true,,3885,3588,8,25,https://api-scuda.uat.oci.krungsri.tech/ic/api/v1/customer/individual/getprofile,102,0,20
1778849906520,29,SearchIndividual,200,OK,SearchIndividual 2-1813,text,true,,621,2613,5,24,https://api-scuda.uat.oci.krungsri.tech/ords/api/v1/customer/individual/searchprofile,29,0,19
1778849906375,179,UpdateIndividual,200,OK,UpdateIndividual 4-727,text,true,,800,5651,9,23,https://api-scuda.uat.oci.krungsri.tech/ic/api/v1/customer/individual/updateprofile,179,0,20
1778849906471,87,GetIndividual,200,OK,GetIndividual 1-1096,text,true,,3859,3588,7,22,https://api-scuda.uat.oci.krungsri.tech/ic/api/v1/customer/individual/getprofile,87,0,18
1778849906534,25,SearchIndividual,200,OK,SearchIndividual 2-1815,text,true,,620,2601,4,21,https://api-scuda.uat.oci.krungsri.tech/ords/api/v1/customer/individual/searchprofile,25,0,14
1778849906483,87,GetIndividual,200,OK,GetIndividual 1-1098,text,true,,3848,3588,7,24,https://api-scuda.uat.oci.krungsri.tech/ic/api/v1/customer/individual/getprofile,87,0,17
1778849906481,103,GetIndividual,200,OK,GetIndividual 1-1097,text,true,,3911,3588,6,26,https://api-scuda.uat.oci.krungsri.tech/ic/api/v1/customer/individual/getprofile,103,0,21
1778849906527,58,SearchIndividual,200,OK,SearchIndividual 2-1814,text,true,,621,2613,8,25,https://api-scuda.uat.oci.krungsri.tech/ords/api/v1/customer/individual/searchprofile,58,0,40
1778849906540,46,SearchIndividual,200,OK,SearchIndividual 2-1816,text,true,,13975,2605,7,24,https://api-scuda.uat.oci.krungsri.tech/ords/api/v1/customer/individual/searchprofile,46,0,26
1778849906548,43,SearchIndividual,200,OK,SearchIndividual 2-1817,text,true,,621,2605,6,23,https://api-scuda.uat.oci.krungsri.tech/ords/api/v1/customer/individual/searchprofile,42,0,30
1778849906424,174,UpdateIndividual,200,OK,UpdateIndividual 4-728,text,true,,800,5598,9,24,https://api-scuda.uat.oci.krungsri.tech/ic/api/v1/customer/individual/updateprofile,174,0,20
1778849906565,33,SearchIndividual,200,OK,SearchIndividual 2-1818,text,true,,621,2613,5,24,https://api-scuda.uat.oci.krungsri.tech/ords/api/v1/customer/individual/searchprofile,33,0,22
1778849906500,99,GetIndividual,200,OK,GetIndividual 1-1100,text,true,,3845,3588,7,22,https://api-scuda.uat.oci.krungsri.tech/ic/api/v1/customer/individual/getprofile,99,0,22
1778849906572,29,SearchIndividual,200,OK,SearchIndividual 2-1821,text,true,,621,2637,4,21,https://api-scuda.uat.oci.krungsri.tech/ords/api/v1/customer/individual/searchprofile,28,0,16
1778849906569,32,SearchIndividual,200,OK,SearchIndividual 2-1819,text,true,,621,2613,3,20,https://api-scuda.uat.oci.krungsri.tech/ords/api/v1/customer/individual/searchprofile,32,0,16
1778849906500,103,GetIndividual,200,OK,GetIndividual 1-1099,text,true,,3895,3588,6,20,https://api-scuda.uat.oci.krungsri.tech/ic/api/v1/customer/individual/getprofile,103,0,15
1778849906572,33,SearchIndividual,200,OK,SearchIndividual 2-1820,text,true,,621,2619,4,20,https://api-scuda.uat.oci.krungsri.tech/ords/api/v1/customer/individual/searchprofile,33,0,22
1778849906522,83,GetIndividual,200,OK,GetIndividual 1-1101,text,true,,3877,3588,5,19,https://api-scuda.uat.oci.krungsri.tech/ic/api/v1/customer/individual/getprofile,83,0,13
1778849906395,214,GetIndividual,200,OK,GetIndividual 1-1092,text,true,,3814,3588,4,19,https://api-scuda.uat.oci.krungsri.tech/ic/api/v1/customer/individual/getprofile,214,0,20
1778849906584,33,SearchIndividual,200,OK,SearchIndividual 2-1822,text,true,,620,2608,5,20,https://api-scuda.uat.oci.krungsri.tech/ords/api/v1/customer/individual/searchprofile,33,0,22
1778849906515,103,GetJuristic,200,OK,GetJuristic 5-38,text,true,,3476,3533,1,19,https://api-scuda.uat.oci.krungsri.tech/ic/api/v1/customer/juristic/getprofile,103,0,23
1778849906604,34,SearchIndividual,200,OK,SearchIndividual 2-1823,text,true,,621,2604,4,22,https://api-scuda.uat.oci.krungsri.tech/ords/api/v1/customer/individual/searchprofile,34,0,23
1778849906605,36,SearchIndividual,200,OK,SearchIndividual 2-1824,text,true,,621,2647,3,21,https://api-scuda.uat.oci.krungsri.tech/ords/api/v1/customer/individual/searchprofile,36,0,24
1778849906610,37,SearchIndividual,200,OK,SearchIndividual 2-1825,text,true,,621,2613,2,20,https://api-scuda.uat.oci.krungsri.tech/ords/api/v1/customer/individual/searchprofile,37,0,18
1778849906472,181,UpdateIndividual,200,OK,UpdateIndividual 4-730,text,true,,800,4231,8,19,https://api-scuda.uat.oci.krungsri.tech/ic/api/v1/customer/individual/updateprofile,181,0,23
1778849906615,42,SearchIndividual,200,OK,SearchIndividual 2-1826,text,true,,621,2613,2,19,https://api-scuda.uat.oci.krungsri.tech/ords/api/v1/customer/individual/searchprofile,42,0,30
1778849906484,187,UpdateIndividual,200,OK,UpdateIndividual 4-733,text,true,,800,4228,7,20,https://api-scuda.uat.oci.krungsri.tech/ic/api/v1/customer/individual/updateprofile,187,0,21
1778849906448,223,UpdateIndividual,200,OK,UpdateIndividual 4-729,text,true,,800,5583,7,20,https://api-scuda.uat.oci.krungsri.tech/ic/api/v1/customer/individual/updateprofile,223,0,17
1778849906472,200,UpdateIndividual,200,OK,UpdateIndividual 4-731,text,true,,800,5560,5,18,https://api-scuda.uat.oci.krungsri.tech/ic/api/v1/customer/individual/updateprofile,200,0,20
1778849906568,116,GetIndividual,200,OK,GetIndividual 1-1102,text,true,,3860,3588,10,17,https://api-scuda.uat.oci.krungsri.tech/ic/api/v1/customer/individual/getprofile,116,0,19
1778849906658,29,SearchIndividual,200,OK,SearchIndividual 2-1827,text,true,,621,2613,1,17,https://api-scuda.uat.oci.krungsri.tech/ords/api/v1/customer/individual/searchprofile,28,0,11
1778849906566,124,UpdateIndividual,200,OK,UpdateIndividual 4-736,text,true,,800,4227,5,17,https://api-scuda.uat.oci.krungsri.tech/ic/api/v1/customer/individual/updateprofile,124,0,14
1778849906592,124,GetIndividual,200,OK,GetIndividual 1-1103,text,true,,3813,3587,12,20,https://api-scuda.uat.oci.krungsri.tech/ic/api/v1/customer/individual/getprofile,124,0,42
1778849906615,105,GetIndividual,200,OK,GetIndividual 1-1105,text,true,,3821,3588,11,20,https://api-scuda.uat.oci.krungsri.tech/ic/api/v1/customer/individual/getprofile,105,0,18
1778849906545,178,UpdateIndividual,200,OK,UpdateIndividual 4-735,text,true,,800,4227,4,19,https://api-scuda.uat.oci.krungsri.tech/ic/api/v1/customer/individual/updateprofile,178,0,32
1778849906631,98,GetIndividual,200,OK,GetIndividual 1-1107,text,true,,3804,3588,10,18,https://api-scuda.uat.oci.krungsri.tech/ic/api/v1/customer/individual/getprofile,98,0,21
1778849906706,29,SearchIndividual,200,OK,SearchIndividual 2-1828,text,true,,621,2603,3,18,https://api-scuda.uat.oci.krungsri.tech/ords/api/v1/customer/individual/searchprofile,29,0,17
1778849906730,34,SearchIndividual,200,OK,SearchIndividual 2-1830,text,true,,621,2613,5,23,https://api-scuda.uat.oci.krungsri.tech/ords/api/v1/customer/individual/searchprofile,34,0,22
1778849906745,23,SearchIndividual,200,OK,SearchIndividual 2-1832,text,true,,621,2613,4,23,https://api-scuda.uat.oci.krungsri.tech/ords/api/v1/customer/individual/searchprofile,23,0,12
1778849906479,294,UpdateIndividual,200,OK,UpdateIndividual 4-732,text,true,,800,5563,6,23,https://api-scuda.uat.oci.krungsri.tech/ic/api/v1/customer/individual/updateprofile,294,0,19
1778849906539,234,UpdateIndividual,200,OK,UpdateIndividual 4-734,text,true,,800,5660,5,22,https://api-scuda.uat.oci.krungsri.tech/ic/api/v1/customer/individual/updateprofile,234,0,22
1778849906739,35,SearchIndividual,200,OK,SearchIndividual 2-1831,text,true,,621,2619,3,21,https://api-scuda.uat.oci.krungsri.tech/ords/api/v1/customer/individual/searchprofile,35,0,23
1778849906634,142,GetIndividual,200,OK,GetIndividual 1-1108,text,true,,3824,3588,11,21,https://api-scuda.uat.oci.krungsri.tech/ic/api/v1/customer/individual/getprofile,142,0,21
1778849906592,186,GetIndividual,200,OK,GetIndividual 1-1104,text,true,,3802,3588,10,20,https://api-scuda.uat.oci.krungsri.tech/ic/api/v1/customer/individual/getprofile,186,0,45
1778849906717,62,SearchIndividual,200,OK,SearchIndividual 2-1829,text,true,,621,2613,3,19,https://api-scuda.uat.oci.krungsri.tech/ords/api/v1/customer/individual/searchprofile,62,0,42
1778849906310,472,CreateIndividual,201,Created,CreateIndividual 3-38,text,true,,1172,8236,1,18,https://api-scuda.uat.oci.krungsri.tech/ic/api/v1/customer/individual/createprofile,472,0,18
1778849906637,154,GetIndividual,200,OK,GetIndividual 1-1109,text,true,,3884,3587,10,19,https://api-scuda.uat.oci.krungsri.tech/ic/api/v1/customer/individual/getprofile,154,0,24
1778849906708,92,GetIndividual,200,OK,GetIndividual 1-1114,text,true,,3802,3588,9,21,https://api-scuda.uat.oci.krungsri.tech/ic/api/v1/customer/individual/getprofile,92,0,22
1778849906695,106,GetIndividual,200,OK,GetIndividual 1-1112,text,true,,3872,3588,8,20,https://api-scuda.uat.oci.krungsri.tech/ic/api/v1/customer/individual/getprofile,106,0,23
1778849906628,176,GetIndividual,200,OK,GetIndividual 1-1106,text,true,,3875,3588,7,21,https://api-scuda.uat.oci.krungsri.tech/ic/api/v1/customer/individual/getprofile,176,0,20
1778849906775,30,SearchIndividual,200,OK,SearchIndividual 2-1834,text,true,,621,2614,7,21,https://api-scuda.uat.oci.krungsri.tech/ords/api/v1/customer/individual/searchprofile,30,0,19
1778849906667,143,GetIndividual,200,OK,GetIndividual 1-1111,text,true,,3814,3587,7,20,https://api-scuda.uat.oci.krungsri.tech/ic/api/v1/customer/individual/getprofile,143,0,24
1778849906667,156,GetIndividual,200,OK,GetIndividual 1-1110,text,true,,3832,3587,8,21,https://api-scuda.uat.oci.krungsri.tech/ic/api/v1/customer/individual/getprofile,156,0,41
1778849906784,40,SearchIndividual,200,OK,SearchIndividual 2-1835,text,true,,621,2613,6,20,https://api-scuda.uat.oci.krungsri.tech/ords/api/v1/customer/individual/searchprofile,40,0,22
1778849906792,50,SearchIndividual,200,OK,SearchIndividual 2-1836,text,true,,621,2613,6,22,https://api-scuda.uat.oci.krungsri.tech/ords/api/v1/customer/individual/searchprofile,50,0,30
1778849906795,48,SearchIndividual,200,OK,SearchIndividual 2-1837,text,true,,621,2603,5,21,https://api-scuda.uat.oci.krungsri.tech/ords/api/v1/customer/individual/searchprofile,48,0,26
1778849906803,41,SearchIndividual,200,OK,SearchIndividual 2-1838,text,true,,621,2610,4,20,https://api-scuda.uat.oci.krungsri.tech/ords/api/v1/customer/individual/searchprofile,39,0,21
1778849906803,42,SearchIndividual,200,OK,SearchIndividual 2-1839,text,true,,621,2622,3,19,https://api-scuda.uat.oci.krungsri.tech/ords/api/v1/customer/individual/searchprofile,42,0,32
1778849906755,90,SearchIndividual,200,OK,SearchIndividual 2-1833,text,true,,621,2612,3,19,https://api-scuda.uat.oci.krungsri.tech/ords/api/v1/customer/individual/searchprofile,89,0,57
1778849906829,26,SearchIndividual,200,OK,SearchIndividual 2-1840,text,true,,621,2613,3,20,https://api-scuda.uat.oci.krungsri.tech/ords/api/v1/customer/individual/searchprofile,26,0,13
1778849906849,28,SearchIndividual,200,OK,SearchIndividual 2-1842,text,true,,621,2613,3,20,https://api-scuda.uat.oci.krungsri.tech/ords/api/v1/customer/individual/searchprofile,28,0,17
1778849906750,128,GetIndividual,200,OK,GetIndividual 1-1115,text,true,,3823,3587,9,20,https://api-scuda.uat.oci.krungsri.tech/ic/api/v1/customer/individual/getprofile,128,0,17
1778849906705,174,GetIndividual,200,OK,GetIndividual 1-1113,text,true,,3863,3588,8,19,https://api-scuda.uat.oci.krungsri.tech/ic/api/v1/customer/individual/getprofile,174,0,19
1778849906848,36,SearchIndividual,200,OK,SearchIndividual 2-1841,text,true,,621,2613,3,18,https://api-scuda.uat.oci.krungsri.tech/ords/api/v1/customer/individual/searchprofile,36,0,18
1778849906861,31,SearchIndividual,200,OK,SearchIndividual 2-1843,text,true,,621,2602,3,21,https://api-scuda.uat.oci.krungsri.tech/ords/api/v1/customer/individual/searchprofile,31,0,20
1778849906887,31,SearchIndividual,200,OK,SearchIndividual 2-1845,text,true,,621,2622,2,24,https://api-scuda.uat.oci.krungsri.tech/ords/api/v1/customer/individual/searchprofile,31,0,20
1778849906514,405,UpdateJuristic,200,OK,UpdateJuristic 8-38,text,true,,800,5861,2,23,https://api-scuda.uat.oci.krungsri.tech/ic/api/v1/customer/juristic/updateprofile,405,0,22
1778849906767,156,GetIndividual,200,OK,GetIndividual 1-1116,text,true,,3842,3588,9,23,https://api-scuda.uat.oci.krungsri.tech/ic/api/v1/customer/individual/getprofile,156,0,12
1778849906831,92,GetIndividual,200,OK,GetIndividual 1-1122,text,true,,3860,3587,9,23,https://api-scuda.uat.oci.krungsri.tech/ic/api/v1/customer/individual/getprofile,92,0,11
1778849906788,135,GetIndividual,200,OK,GetIndividual 1-1117,text,true,,3857,3588,9,23,https://api-scuda.uat.oci.krungsri.tech/ic/api/v1/customer/individual/getprofile,135,0,21
1778849906878,48,SearchIndividual,200,OK,SearchIndividual 2-1844,text,true,,621,2603,1,20,https://api-scuda.uat.oci.krungsri.tech/ords/api/v1/customer/individual/searchprofile,48,0,24
1778849906828,105,GetIndividual,200,OK,GetIndividual 1-1121,text,true,,3865,3588,6,20,https://api-scuda.uat.oci.krungsri.tech/ic/api/v1/customer/individual/getprofile,105,0,26
1778849906938,30,SearchIndividual,200,OK,SearchIndividual 2-1846,text,true,,621,2605,2,24,https://api-scuda.uat.oci.krungsri.tech/ords/api/v1/customer/individual/searchprofile,30,0,17
1778849906775,218,UpdateIndividual,200,OK,UpdateIndividual 4-740,text,true,,798,5580,14,30,https://api-scuda.uat.oci.krungsri.tech/ic/api/v1/customer/individual/updateprofile,218,0,15
1778849906692,302,UpdateIndividual,200,OK,UpdateIndividual 4-737,text,true,,800,5665,13,29,https://api-scuda.uat.oci.krungsri.tech/ic/api/v1/customer/individual/updateprofile,302,0,22
1778849906966,32,SearchIndividual,200,OK,SearchIndividual 2-1847,text,true,,621,2612,4,28,https://api-scuda.uat.oci.krungsri.tech/ords/api/v1/customer/individual/searchprofile,32,0,13
1778849906806,211,GetIndividual,200,OK,GetIndividual 1-1118,text,true,,3846,3588,10,29,https://api-scuda.uat.oci.krungsri.tech/ic/api/v1/customer/individual/getprofile,211,0,27
1778849906977,42,SearchIndividual,200,OK,SearchIndividual 2-1849,text,true,,621,2603,4,28,https://api-scuda.uat.oci.krungsri.tech/ords/api/v1/customer/individual/searchprofile,42,0,18
1778849906814,207,GetIndividual,200,OK,GetIndividual 1-1120,text,true,,3925,3588,9,27,https://api-scuda.uat.oci.krungsri.tech/ic/api/v1/customer/individual/getprofile,207,0,21
1778849906814,209,GetIndividual,200,OK,GetIndividual 1-1119,text,true,,3814,3588,8,27,https://api-scuda.uat.oci.krungsri.tech/ic/api/v1/customer/individual/getprofile,209,0,26
1778849906989,35,SearchIndividual,200,OK,SearchIndividual 2-1850,text,true,,620,2612,4,26,https://api-scuda.uat.oci.krungsri.tech/ords/api/v1/customer/individual/searchprofile,35,0,22
1778849906977,72,SearchIndividual,200,OK,SearchIndividual 2-1848,text,true,,621,2613,5,31,https://api-scuda.uat.oci.krungsri.tech/ords/api/v1/customer/individual/searchprofile,72,0,45
1778849907022,36,SearchIndividual,200,OK,SearchIndividual 2-1852,text,true,,621,2602,4,31,https://api-scuda.uat.oci.krungsri.tech/ords/api/v1/customer/individual/searchprofile,36,0,15
1778849907036,25,SearchIndividual,200,OK,SearchIndividual 2-1853,text,true,,13274,2610,3,30,https://api-scuda.uat.oci.krungsri.tech/ords/api/v1/customer/individual/searchprofile,25,0,12
1778849907010,60,SearchIndividual,200,OK,SearchIndividual 2-1851,text,true,,13656,2611,2,33,https://api-scuda.uat.oci.krungsri.tech/ords/api/v1/customer/individual/searchprofile,60,0,36
1778849907042,39,SearchIndividual,200,OK,SearchIndividual 2-1854,text,true,,14009,2604,2,34,https://api-scuda.uat.oci.krungsri.tech/ords/api/v1/customer/individual/searchprofile,38,0,16
1778849906754,342,UpdateIndividual,200,OK,UpdateIndividual 4-739,text,true,,800,4227,15,37,https://api-scuda.uat.oci.krungsri.tech/ic/api/v1/customer/individual/updateprofile,342,0,25
1778849906754,343,UpdateIndividual,200,OK,UpdateIndividual 4-738,text,true,,800,4229,14,36,https://api-scuda.uat.oci.krungsri.tech/ic/api/v1/customer/individual/updateprofile,343,0,18
1778849906858,241,UpdateIndividual,200,OK,UpdateIndividual 4-742,text,true,,799,4230,13,35,https://api-scuda.uat.oci.krungsri.tech/ic/api/v1/customer/individual/updateprofile,241,0,17
1778849906803,308,UpdateIndividual,200,OK,UpdateIndividual 4-741,text,true,,799,5565,12,34,https://api-scuda.uat.oci.krungsri.tech/ic/api/v1/customer/individual/updateprofile,308,0,31
1778849907082,30,SearchIndividual,200,OK,SearchIndividual 2-1856,text,true,,621,2635,3,33,https://api-scuda.uat.oci.krungsri.tech/ords/api/v1/customer/individual/searchprofile,30,0,20
1778849906897,217,UpdateIndividual,200,OK,UpdateIndividual 4-746,text,true,,800,4227,11,33,https://api-scuda.uat.oci.krungsri.tech/ic/api/v1/customer/individual/updateprofile,217,0,14
1778849907085,31,SearchIndividual,200,OK,SearchIndividual 2-1857,text,true,,14326,2611,2,33,https://api-scuda.uat.oci.krungsri.tech/ords/api/v1/customer/individual/searchprofile,31,0,18
1778849906920,201,GetIndividual,200,OK,GetIndividual 1-1124,text,true,,3833,3588,17,32,https://api-scuda.uat.oci.krungsri.tech/ic/api/v1/customer/individual/getprofile,201,0,21
1778849907122,31,SearchIndividual,200,OK,SearchIndividual 2-1858,text,true,,621,2613,6,36,https://api-scuda.uat.oci.krungsri.tech/ords/api/v1/customer/individual/searchprofile,31,0,20
1778849907081,80,SearchIndividual,200,OK,SearchIndividual 2-1855,text,true,,621,2613,6,36,https://api-scuda.uat.oci.krungsri.tech/ords/api/v1/customer/individual/searchprofile,80,0,47
1778849907140,24,SearchIndividual,200,OK,SearchIndividual 2-1860,text,true,,14586,2605,6,37,https://api-scuda.uat.oci.krungsri.tech/ords/api/v1/customer/individual/searchprofile,23,0,11
1778849907136,29,SearchIndividual,200,OK,SearchIndividual 2-1859,text,true,,621,2613,6,37,https://api-scuda.uat.oci.krungsri.tech/ords/api/v1/customer/individual/searchprofile,29,0,19
1778849906888,282,UpdateIndividual,200,OK,UpdateIndividual 4-744,text,true,,800,5639,11,36,https://api-scuda.uat.oci.krungsri.tech/ic/api/v1/customer/individual/updateprofile,282,0,22
1778849907144,29,SearchIndividual,200,OK,SearchIndividual 2-1861,text,true,,621,2647,5,36,https://api-scuda.uat.oci.krungsri.tech/ords/api/v1/customer/individual/searchprofile,29,0,13
1778849906897,276,UpdateIndividual,200,OK,UpdateIndividual 4-745,text,true,,800,5603,11,36,https://api-scuda.uat.oci.krungsri.tech/ic/api/v1/customer/individual/updateprofile,276,0,20
1778849906938,236,GetIndividual,200,OK,GetIndividual 1-1125,text,true,,3865,3588,17,36,https://api-scuda.uat.oci.krungsri.tech/ic/api/v1/customer/individual/getprofile,236,0,21
1778849906985,199,UpdateIndividual,200,OK,UpdateIndividual 4-750,text,true,,800,4228,11,36,https://api-scuda.uat.oci.krungsri.tech/ic/api/v1/customer/individual/updateprofile,199,0,19
1778849906690,495,CreateJuristic,201,Created,CreateJuristic 7-38,text,true,,1172,7926,1,36,https://api-scuda.uat.oci.krungsri.tech/ic/api/v1/customer/juristic/createprofile,495,0,21
1778849907043,146,GetIndividual,200,OK,GetIndividual 1-1131,text,true,,3838,3587,16,36,https://api-scuda.uat.oci.krungsri.tech/ic/api/v1/customer/individual/getprofile,146,0,20
1778849906913,283,UpdateIndividual,200,OK,UpdateIndividual 4-747,text,true,,800,5660,10,36,https://api-scuda.uat.oci.krungsri.tech/ic/api/v1/customer/individual/updateprofile,283,0,13
1778849907065,131,GetIndividual,200,OK,GetIndividual 1-1133,text,true,,3877,3588,16,36,https://api-scuda.uat.oci.krungsri.tech/ic/api/v1/customer/individual/getprofile,131,0,29
1778849907071,128,GetIndividual,200,OK,GetIndividual 1-1135,text,true,,3883,3588,15,35,https://api-scuda.uat.oci.krungsri.tech/ic/api/v1/customer/individual/getprofile,128,0,22
1778849907164,37,SearchIndividual,200,OK,SearchIndividual 2-1864,text,true,,621,2613,8,34,https://api-scuda.uat.oci.krungsri.tech/ords/api/v1/customer/individual/searchprofile,37,0,22
1778849907113,89,GetIndividual,200,OK,GetIndividual 1-1139,text,true,,3877,3588,14,33,https://api-scuda.uat.oci.krungsri.tech/ic/api/v1/customer/individual/getprofile,89,0,19
1778849907157,46,SearchIndividual,200,OK,SearchIndividual 2-1863,text,true,,621,2629,7,32,https://api-scuda.uat.oci.krungsri.tech/ords/api/v1/customer/individual/searchprofile,46,0,30
1778849907165,40,SearchIndividual,200,OK,SearchIndividual 2-1865,text,true,,621,2629,6,31,https://api-scuda.uat.oci.krungsri.tech/ords/api/v1/customer/individual/searchprofile,39,0,20
1778849906948,257,GetIndividual,200,OK,GetIndividual 1-1127,text,true,,3849,3588,13,31,https://api-scuda.uat.oci.krungsri.tech/ic/api/v1/customer/individual/getprofile,257,0,20
1778849907152,63,SearchIndividual,200,OK,SearchIndividual 2-1862,text,true,,621,2632,6,31,https://api-scuda.uat.oci.krungsri.tech/ords/api/v1/customer/individual/searchprofile,63,0,31
1778849907182,34,SearchIndividual,200,OK,SearchIndividual 2-1866,text,true,,621,2613,5,30,https://api-scuda.uat.oci.krungsri.tech/ords/api/v1/customer/individual/searchprofile,34,0,15
1778849907183,36,SearchIndividual,200,OK,SearchIndividual 2-1867,text,true,,14606,2617,5,30,https://api-scuda.uat.oci.krungsri.tech/ords/api/v1/customer/individual/searchprofile,36,0,21
1778849907185,37,SearchIndividual,200,OK,SearchIndividual 2-1868,text,true,,621,2629,4,29,https://api-scuda.uat.oci.krungsri.tech/ords/api/v1/customer/individual/searchprofile,37,0,18
1778849907188,36,SearchIndividual,200,OK,SearchIndividual 2-1869,text,true,,621,2613,3,29,https://api-scuda.uat.oci.krungsri.tech/ords/api/v1/customer/individual/searchprofile,36,0,27
1778849907217,36,SearchIndividual,200,OK,SearchIndividual 2-1871,text,true,,621,2613,5,32,https://api-scuda.uat.oci.krungsri.tech/ords/api/v1/customer/individual/searchprofile,35,0,23
1778849907210,49,SearchIndividual,200,OK,SearchIndividual 2-1870,text,true,,621,2603,4,31,https://api-scuda.uat.oci.krungsri.tech/ords/api/v1/customer/individual/searchprofile,49,0,32
1778849907230,34,SearchIndividual,200,OK,SearchIndividual 2-1872,text,true,,621,2623,3,31,https://api-scuda.uat.oci.krungsri.tech/ords/api/v1/customer/individual/searchprofile,33,0,23
1778849906888,380,UpdateIndividual,200,OK,UpdateIndividual 4-743,text,true,,800,4231,14,33,https://api-scuda.uat.oci.krungsri.tech/ic/api/v1/customer/individual/updateprofile,380,0,18
1778849907248,20,SearchIndividual,200,OK,SearchIndividual 2-1874,text,true,,621,2613,3,33,https://api-scuda.uat.oci.krungsri.tech/ords/api/v1/customer/individual/searchprofile,20,0,10
1778849907060,208,UpdateIndividual,200,OK,UpdateIndividual 4-752,text,true,,800,4226,14,33,https://api-scuda.uat.oci.krungsri.tech/ic/api/v1/customer/individual/updateprofile,208,0,19
1778849906972,297,UpdateIndividual,200,OK,UpdateIndividual 4-749,text,true,,799,4228,12,31,https://api-scuda.uat.oci.krungsri.tech/ic/api/v1/customer/individual/updateprofile,297,0,20
1778849906944,326,GetIndividual,200,OK,GetIndividual 1-1126,text,true,,3782,3587,13,29,https://api-scuda.uat.oci.krungsri.tech/ic/api/v1/customer/individual/getprofile,326,0,21
1778849906981,292,GetIndividual,200,OK,GetIndividual 1-1128,text,true,,3784,3588,12,28,https://api-scuda.uat.oci.krungsri.tech/ic/api/v1/customer/individual/getprofile,292,0,15
1778849907245,40,SearchIndividual,200,OK,SearchIndividual 2-1873,text,true,,620,2602,2,27,https://api-scuda.uat.oci.krungsri.tech/ords/api/v1/customer/individual/searchprofile,40,0,22
1778849907261,37,SearchJoint,200,OK,SearchJoint 10-39,text,true,,620,2626,1,31,https://api-scuda.uat.oci.krungsri.tech/ords/api/v1/customer/joint/searchprofile,37,0,22
1778849906935,363,UpdateIndividual,200,OK,UpdateIndividual 4-748,text,true,,800,5603,13,31,https://api-scuda.uat.oci.krungsri.tech/ic/api/v1/customer/individual/updateprofile,363,0,14
1778849907089,212,GetIndividual,200,OK,GetIndividual 1-1137,text,true,,3914,3587,12,29,https://api-scuda.uat.oci.krungsri.tech/ic/api/v1/customer/individual/getprofile,212,0,19
1778849907065,237,GetIndividual,200,OK,GetIndividual 1-1134,text,true,,3824,3588,11,29,https://api-scuda.uat.oci.krungsri.tech/ic/api/v1/customer/individual/getprofile,237,0,45
1778849906990,313,GetIndividual,200,OK,GetIndividual 1-1129,text,true,,3859,3588,10,28,https://api-scuda.uat.oci.krungsri.tech/ic/api/v1/customer/individual/getprofile,313,0,19
1778849906915,390,GetIndividual,200,OK,GetIndividual 1-1123,text,true,,3828,3588,9,27,https://api-scuda.uat.oci.krungsri.tech/ic/api/v1/customer/individual/getprofile,390,0,10
1778849907268,37,SearchIndividual,200,OK,SearchIndividual 2-1875,text,true,,621,2613,4,27,https://api-scuda.uat.oci.krungsri.tech/ords/api/v1/customer/individual/searchprofile,37,0,22
1778849907032,284,GetIndividual,200,OK,GetIndividual 1-1130,text,true,,3773,3588,8,27,https://api-scuda.uat.oci.krungsri.tech/ic/api/v1/customer/individual/getprofile,284,0,21
1778849907196,120,GetIndividual,200,OK,GetIndividual 1-1141,text,true,,3849,3588,8,27,https://api-scuda.uat.oci.krungsri.tech/ic/api/v1/customer/individual/getprofile,120,0,31
1778849907049,271,GetIndividual,200,OK,GetIndividual 1-1132,text,true,,3862,3588,6,27,https://api-scuda.uat.oci.krungsri.tech/ic/api/v1/customer/individual/getprofile,271,0,19
1778849907296,29,SearchIndividual,200,OK,SearchIndividual 2-1877,text,true,,621,2614,6,27,https://api-scuda.uat.oci.krungsri.tech/ords/api/v1/customer/individual/searchprofile,29,0,19
1778849907292,36,SearchIndividual,200,OK,SearchIndividual 2-1876,text,true,,621,2641,5,26,https://api-scuda.uat.oci.krungsri.tech/ords/api/v1/customer/individual/searchprofile,36,0,22
1778849907302,29,SearchIndividual,200,OK,SearchIndividual 2-1878,text,true,,621,2613,5,26,https://api-scuda.uat.oci.krungsri.tech/ords/api/v1/customer/individual/searchprofile,29,0,19
1778849907321,33,SearchIndividual,200,OK,SearchIndividual 2-1881,text,true,,621,2610,7,29,https://api-scuda.uat.oci.krungsri.tech/ords/api/v1/customer/individual/searchprofile,32,0,21
1778849907318,37,SearchIndividual,200,OK,SearchIndividual 2-1880,text,true,,621,2610,6,28,https://api-scuda.uat.oci.krungsri.tech/ords/api/v1/customer/individual/searchprofile,36,0,24
1778849907316,44,SearchIndividual,200,OK,SearchIndividual 2-1879,text,true,,621,2613,8,30,https://api-scuda.uat.oci.krungsri.tech/ords/api/v1/customer/individual/searchprofile,44,0,32
1778849907333,30,SearchIndividual,200,OK,SearchIndividual 2-1883,text,true,,621,2610,7,29,https://api-scuda.uat.oci.krungsri.tech/ords/api/v1/customer/individual/searchprofile,30,0,19
1778849907089,285,GetIndividual,200,OK,GetIndividual 1-1138,text,true,,3904,3587,5,29,https://api-scuda.uat.oci.krungsri.tech/ic/api/v1/customer/individual/getprofile,285,0,33
1778849907348,36,SearchIndividual,200,OK,SearchIndividual 2-1884,text,true,,621,2605,6,28,https://api-scuda.uat.oci.krungsri.tech/ords/api/v1/customer/individual/searchprofile,36,0,21
1778849907119,270,UpdateIndividual,200,OK,UpdateIndividual 4-754,text,true,,800,5605,15,28,https://api-scuda.uat.oci.krungsri.tech/ic/api/v1/customer/individual/updateprofile,270,0,33
1778849907200,189,UpdateIndividual,200,OK,UpdateIndividual 4-757,text,true,,800,5656,14,27,https://api-scuda.uat.oci.krungsri.tech/ic/api/v1/customer/individual/updateprofile,189,0,29
1778849907361,30,SearchIndividual,200,OK,SearchIndividual 2-1888,text,true,,621,2605,6,26,https://api-scuda.uat.oci.krungsri.tech/ords/api/v1/customer/individual/searchprofile,29,0,19
1778849907351,42,SearchIndividual,200,OK,SearchIndividual 2-1885,text,true,,13859,2604,6,26,https://api-scuda.uat.oci.krungsri.tech/ords/api/v1/customer/individual/searchprofile,42,0,23
1778849907360,34,SearchIndividual,200,OK,SearchIndividual 2-1886,text,true,,14151,2604,5,25,https://api-scuda.uat.oci.krungsri.tech/ords/api/v1/customer/individual/searchprofile,34,0,20
1778849907331,63,SearchIndividual,200,OK,SearchIndividual 2-1882,text,true,,621,2638,6,26,https://api-scuda.uat.oci.krungsri.tech/ords/api/v1/customer/individual/searchprofile,62,0,40
1778849907291,103,GetIndividual,200,OK,GetIndividual 1-1143,text,true,,3887,3588,4,26,https://api-scuda.uat.oci.krungsri.tech/ic/api/v1/customer/individual/getprofile,103,0,21
1778849907187,208,UpdateIndividual,200,OK,UpdateIndividual 4-756,text,true,,800,4229,13,23,https://api-scuda.uat.oci.krungsri.tech/ic/api/v1/customer/individual/updateprofile,208,0,28
1778849907360,40,SearchIndividual,200,OK,SearchIndividual 2-1887,text,true,,621,2613,4,22,https://api-scuda.uat.oci.krungsri.tech/ords/api/v1/customer/individual/searchprofile,40,0,20
1778849907317,90,GetJuristic,200,OK,GetJuristic 5-39,text,true,,3479,3533,1,27,https://api-scuda.uat.oci.krungsri.tech/ic/api/v1/customer/juristic/getprofile,90,0,20
1778849907071,336,GetIndividual,200,OK,GetIndividual 1-1136,text,true,,3858,3588,5,27,https://api-scuda.uat.oci.krungsri.tech/ic/api/v1/customer/individual/getprofile,336,0,17
1778849907271,137,UpdateIndividual,200,OK,UpdateIndividual 4-761,text,true,,800,4230,12,25,https://api-scuda.uat.oci.krungsri.tech/ic/api/v1/customer/individual/updateprofile,137,0,20
1778849906894,517,UpdateJuristic,200,OK,UpdateJuristic 8-39,text,true,,800,5797,1,25,https://api-scuda.uat.oci.krungsri.tech/ic/api/v1/customer/juristic/updateprofile,517,0,59
1778849907162,251,GetIndividual,200,OK,GetIndividual 1-1140,text,true,,3851,3588,5,25,https://api-scuda.uat.oci.krungsri.tech/ic/api/v1/customer/individual/getprofile,251,0,16
1778849907211,205,GetIndividual,200,OK,GetIndividual 1-1142,text,true,,3850,3588,4,24,https://api-scuda.uat.oci.krungsri.tech/ic/api/v1/customer/individual/getprofile,205,0,21
1778849907391,26,SearchIndividual,200,OK,SearchIndividual 2-1890,text,true,,621,2609,6,24,https://api-scuda.uat.oci.krungsri.tech/ords/api/v1/customer/individual/searchprofile,26,0,14
1778849907386,39,SearchIndividual,200,OK,SearchIndividual 2-1889,text,true,,14357,2607,6,23,https://api-scuda.uat.oci.krungsri.tech/ords/api/v1/customer/individual/searchprofile,39,0,24
1778849907395,35,SearchIndividual,200,OK,SearchIndividual 2-1891,text,true,,14123,2614,7,25,https://api-scuda.uat.oci.krungsri.tech/ords/api/v1/customer/individual/searchprofile,35,0,22
1778849907402,31,SearchIndividual,200,OK,SearchIndividual 2-1893,text,true,,621,2613,6,24,https://api-scuda.uat.oci.krungsri.tech/ords/api/v1/customer/individual/searchprofile,30,0,20
1778849907404,31,SearchIndividual,200,OK,SearchIndividual 2-1894,text,true,,621,2613,6,24,https://api-scuda.uat.oci.krungsri.tech/ords/api/v1/customer/individual/searchprofile,31,0,22
1778849907402,34,SearchIndividual,200,OK,SearchIndividual 2-1892,text,true,,621,2643,6,24,https://api-scuda.uat.oci.krungsri.tech/ords/api/v1/customer/individual/searchprofile,34,0,23
1778849907426,25,SearchIndividual,200,OK,SearchIndividual 2-1896,text,true,,621,2643,6,26,https://api-scuda.uat.oci.krungsri.tech/ords/api/v1/customer/individual/searchprofile,24,0,15
1778849907422,29,SearchIndividual,200,OK,SearchIndividual 2-1895,text,true,,621,2644,6,26,https://api-scuda.uat.oci.krungsri.tech/ords/api/v1/customer/individual/searchprofile,29,0,19
1778849907427,33,SearchIndividual,200,OK,SearchIndividual 2-1897,text,true,,621,2613,4,25,https://api-scuda.uat.oci.krungsri.tech/ords/api/v1/customer/individual/searchprofile,33,0,20
1778849907436,31,SearchIndividual,200,OK,SearchIndividual 2-1899,text,true,,621,2604,3,25,https://api-scuda.uat.oci.krungsri.tech/ords/api/v1/customer/individual/searchprofile,31,0,19
1778849907435,34,SearchIndividual,200,OK,SearchIndividual 2-1898,text,true,,621,2613,2,24,https://api-scuda.uat.oci.krungsri.tech/ords/api/v1/customer/individual/searchprofile,34,0,22
1778849907301,169,UpdateIndividual,200,OK,UpdateIndividual 4-762,text,true,,800,5603,13,23,https://api-scuda.uat.oci.krungsri.tech/ic/api/v1/customer/individual/updateprofile,169,0,22
1778849907445,33,SearchIndividual,200,OK,SearchIndividual 2-1900,text,true,,621,2613,2,27,https://api-scuda.uat.oci.krungsri.tech/ords/api/v1/customer/individual/searchprofile,32,0,22
1778849907041,441,UpdateIndividual,200,OK,UpdateIndividual 4-751,text,true,,800,4228,13,26,https://api-scuda.uat.oci.krungsri.tech/ic/api/v1/customer/individual/updateprofile,441,0,11
1778849907453,30,SearchJuristic,200,OK,SearchJuristic 6-39,text,true,,621,2612,1,25,https://api-scuda.uat.oci.krungsri.tech/ords/api/v1/customer/juristic/searchprofile,30,0,19
1778849907080,417,UpdateIndividual,200,OK,UpdateIndividual 4-753,text,true,,800,4227,12,29,https://api-scuda.uat.oci.krungsri.tech/ic/api/v1/customer/individual/updateprofile,417,0,23
1778849907301,198,UpdateIndividual,200,OK,UpdateIndividual 4-763,text,true,,800,5553,11,28,https://api-scuda.uat.oci.krungsri.tech/ic/api/v1/customer/individual/updateprofile,198,0,26
1778849907410,95,GetIndividual,200,OK,GetIndividual 1-1146,text,true,,3798,3587,10,28,https://api-scuda.uat.oci.krungsri.tech/ic/api/v1/customer/individual/getprofile,95,0,12
1778849907487,25,SearchIndividual,200,OK,SearchIndividual 2-1902,text,true,,621,2609,5,29,https://api-scuda.uat.oci.krungsri.tech/ords/api/v1/customer/individual/searchprofile,25,0,14
1778849907271,241,UpdateIndividual,200,OK,UpdateIndividual 4-760,text,true,,800,4230,11,29,https://api-scuda.uat.oci.krungsri.tech/ic/api/v1/customer/individual/updateprofile,241,0,13
1778849907490,32,SearchIndividual,200,OK,SearchIndividual 2-1903,text,true,,14046,2611,6,30,https://api-scuda.uat.oci.krungsri.tech/ords/api/v1/customer/individual/searchprofile,32,0,17
1778849907474,50,SearchIndividual,200,OK,SearchIndividual 2-1901,text,true,,621,2613,6,30,https://api-scuda.uat.oci.krungsri.tech/ords/api/v1/customer/individual/searchprofile,50,0,29
1778849907497,29,SearchIndividual,200,OK,SearchIndividual 2-1904,text,true,,621,2613,5,30,https://api-scuda.uat.oci.krungsri.tech/ords/api/v1/customer/individual/searchprofile,29,0,19
1778849907014,512,CreateIndividual,201,Created,CreateIndividual 3-39,text,true,,1172,8014,1,29,https://api-scuda.uat.oci.krungsri.tech/ic/api/v1/customer/individual/createprofile,512,0,12
1778849907406,122,GetIndividual,200,OK,GetIndividual 1-1145,text,true,,3835,3588,10,28,https://api-scuda.uat.oci.krungsri.tech/ic/api/v1/customer/individual/getprofile,122,0,14
1778849907516,26,SearchIndividual,200,OK,SearchIndividual 2-1906,text,true,,621,2611,6,31,https://api-scuda.uat.oci.krungsri.tech/ords/api/v1/customer/individual/searchprofile,26,0,15
1778849907508,34,SearchIndividual,200,OK,SearchIndividual 2-1905,text,true,,14530,2603,6,31,https://api-scuda.uat.oci.krungsri.tech/ords/api/v1/customer/individual/searchprofile,34,0,15
1778849907520,30,SearchIndividual,200,OK,SearchIndividual 2-1907,text,true,,621,2603,4,29,https://api-scuda.uat.oci.krungsri.tech/ords/api/v1/customer/individual/searchprofile,30,0,19
1778849907524,35,SearchIndividual,200,OK,SearchIndividual 2-1908,text,true,,621,2613,4,30,https://api-scuda.uat.oci.krungsri.tech/ords/api/v1/customer/individual/searchprofile,35,0,22
1778849907536,31,SearchIndividual,200,OK,SearchIndividual 2-1909,text,true,,621,2613,4,34,https://api-scuda.uat.oci.krungsri.tech/ords/api/v1/customer/individual/searchprofile,31,0,17
1778849907447,122,UpdateIndividual,200,OK,UpdateIndividual 4-768,text,true,,799,4225,13,33,https://api-scuda.uat.oci.krungsri.tech/ic/api/v1/customer/individual/updateprofile,122,0,11
1778849907539,33,SearchIndividual,200,OK,SearchIndividual 2-1910,text,true,,621,2613,3,32,https://api-scuda.uat.oci.krungsri.tech/ords/api/v1/customer/individual/searchprofile,33,0,21
1778849907174,420,UpdateIndividual,200,OK,UpdateIndividual 4-755,text,true,,800,4231,12,32,https://api-scuda.uat.oci.krungsri.tech/ic/api/v1/customer/individual/updateprofile,420,0,28
1778849907320,274,UpdateIndividual,200,OK,UpdateIndividual 4-764,text,true,,800,5554,12,32,https://api-scuda.uat.oci.krungsri.tech/ic/api/v1/customer/individual/updateprofile,274,0,30
1778849907463,131,GetIndividual,200,OK,GetIndividual 1-1148,text,true,,3801,3588,13,32,https://api-scuda.uat.oci.krungsri.tech/ic/api/v1/customer/individual/getprofile,131,0,22
1778849907558,37,SearchIndividual,200,OK,SearchIndividual 2-1911,text,true,,13734,2611,3,29,https://api-scuda.uat.oci.krungsri.tech/ords/api/v1/customer/individual/searchprofile,37,0,23
1778849907372,224,UpdateIndividual,200,OK,UpdateIndividual 4-766,text,true,,800,5576,10,28,https://api-scuda.uat.oci.krungsri.tech/ic/api/v1/customer/individual/updateprofile,224,0,17
1778849907227,369,UpdateIndividual,200,OK,UpdateIndividual 4-758,text,true,,800,4227,10,28,https://api-scuda.uat.oci.krungsri.tech/ic/api/v1/customer/individual/updateprofile,369,0,22
1778849907474,124,GetIndividual,200,OK,GetIndividual 1-1149,text,true,,3883,3588,12,26,https://api-scuda.uat.oci.krungsri.tech/ic/api/v1/customer/individual/getprofile,124,0,21
1778849907477,123,GetIndividual,200,OK,GetIndividual 1-1150,text,true,,3867,3588,11,25,https://api-scuda.uat.oci.krungsri.tech/ic/api/v1/customer/individual/getprofile,123,0,24
1778849907561,39,SearchIndividual,200,OK,SearchIndividual 2-1912,text,true,,621,2613,2,25,https://api-scuda.uat.oci.krungsri.tech/ords/api/v1/customer/individual/searchprofile,39,0,28
1778849907404,201,GetIndividual,200,OK,GetIndividual 1-1144,text,true,,3852,3588,10,23,https://api-scuda.uat.oci.krungsri.tech/ic/api/v1/customer/individual/getprofile,201,0,21
1778849907578,31,SearchIndividual,200,OK,SearchIndividual 2-1913,text,true,,621,2602,1,22,https://api-scuda.uat.oci.krungsri.tech/ords/api/v1/customer/individual/searchprofile,31,0,21
1778849907445,170,GetIndividual,200,OK,GetIndividual 1-1147,text,true,,3836,3588,9,21,https://api-scuda.uat.oci.krungsri.tech/ic/api/v1/customer/individual/getprofile,170,0,22
1778849907634,30,SearchIndividual,200,OK,SearchIndividual 2-1914,text,true,,621,2644,2,27,https://api-scuda.uat.oci.krungsri.tech/ords/api/v1/customer/individual/searchprofile,30,0,15
1778849907637,32,SearchIndividual,200,OK,SearchIndividual 2-1915,text,true,,621,2601,2,28,https://api-scuda.uat.oci.krungsri.tech/ords/api/v1/customer/individual/searchprofile,32,0,20
1778849907345,325,UpdateIndividual,200,OK,UpdateIndividual 4-765,text,true,,800,5629,10,27,https://api-scuda.uat.oci.krungsri.tech/ic/api/v1/customer/individual/updateprofile,325,0,20
1778849907564,112,GetIndividual,200,OK,GetIndividual 1-1158,text,true,,3843,3588,12,26,https://api-scuda.uat.oci.krungsri.tech/ic/api/v1/customer/individual/getprofile,112,0,19
1778849907539,148,UpdateIndividual,200,OK,UpdateIndividual 4-771,text,true,,800,5512,10,27,https://api-scuda.uat.oci.krungsri.tech/ic/api/v1/customer/individual/updateprofile,148,0,13
1778849907415,280,UpdateIndividual,200,OK,UpdateIndividual 4-767,text,true,,800,5533,9,26,https://api-scuda.uat.oci.krungsri.tech/ic/api/v1/customer/individual/updateprofile,280,0,16
1778849907666,33,SearchIndividual,200,OK,SearchIndividual 2-1916,text,true,,621,2606,1,26,https://api-scuda.uat.oci.krungsri.tech/ords/api/v1/customer/individual/searchprofile,33,0,22
1778849907564,138,GetIndividual,200,OK,GetIndividual 1-1157,text,true,,3820,3588,14,27,https://api-scuda.uat.oci.krungsri.tech/ic/api/v1/customer/individual/getprofile,138,0,27
1778849907621,84,GetIndividual,200,OK,GetIndividual 1-1159,text,true,,3856,3588,13,27,https://api-scuda.uat.oci.krungsri.tech/ic/api/v1/customer/individual/getprofile,84,0,17
1778849907524,183,GetIndividual,200,OK,GetIndividual 1-1154,text,true,,3857,3588,12,26,https://api-scuda.uat.oci.krungsri.tech/ic/api/v1/customer/individual/getprofile,183,0,18
1778849907500,216,GetIndividual,200,OK,GetIndividual 1-1153,text,true,,3784,3588,14,28,https://api-scuda.uat.oci.krungsri.tech/ic/api/v1/customer/individual/getprofile,216,0,23
1778849907480,237,UpdateIndividual,200,OK,UpdateIndividual 4-769,text,true,,800,4227,8,27,https://api-scuda.uat.oci.krungsri.tech/ic/api/v1/customer/individual/updateprofile,237,0,20
1778849907704,31,SearchIndividual,200,OK,SearchIndividual 2-1918,text,true,,621,2605,3,27,https://api-scuda.uat.oci.krungsri.tech/ords/api/v1/customer/individual/searchprofile,31,0,20
1778849907700,36,SearchIndividual,200,OK,SearchIndividual 2-1917,text,true,,621,2613,2,26,https://api-scuda.uat.oci.krungsri.tech/ords/api/v1/customer/individual/searchprofile,36,0,24
1778849907734,31,SearchIndividual,200,OK,SearchIndividual 2-1919,text,true,,621,2620,5,31,https://api-scuda.uat.oci.krungsri.tech/ords/api/v1/customer/individual/searchprofile,30,0,20
1778849907641,126,GetIndividual,200,OK,GetIndividual 1-1160,text,true,,3837,3587,14,30,https://api-scuda.uat.oci.krungsri.tech/ic/api/v1/customer/individual/getprofile,126,0,19
1778849907523,244,UpdateJoint,200,OK,UpdateJoint 12-39,text,true,,800,3614,1,31,https://api-scuda.uat.oci.krungsri.tech/ic/api/v1/customer/joint/updateprofile,244,0,19
1778849907559,212,GetIndividual,200,OK,GetIndividual 1-1156,text,true,,3780,3588,15,31,https://api-scuda.uat.oci.krungsri.tech/ic/api/v1/customer/individual/getprofile,212,0,22
1778849907752,26,SearchIndividual,200,OK,SearchIndividual 2-1921,text,true,,621,2626,5,30,https://api-scuda.uat.oci.krungsri.tech/ords/api/v1/customer/individual/searchprofile,26,0,14
1778849907648,131,GetIndividual,200,OK,GetIndividual 1-1161,text,true,,3855,3588,14,29,https://api-scuda.uat.oci.krungsri.tech/ic/api/v1/customer/individual/getprofile,131,0,20
1778849907757,27,SearchIndividual,200,OK,SearchIndividual 2-1923,text,true,,621,2643,4,28,https://api-scuda.uat.oci.krungsri.tech/ords/api/v1/customer/individual/searchprofile,27,0,16
1778849907743,46,SearchIndividual,200,OK,SearchIndividual 2-1920,text,true,,621,2606,3,27,https://api-scuda.uat.oci.krungsri.tech/ords/api/v1/customer/individual/searchprofile,46,0,27
1778849907699,92,GetIndividual,200,OK,GetIndividual 1-1164,text,true,,3728,3587,13,26,https://api-scuda.uat.oci.krungsri.tech/ic/api/v1/customer/individual/getprofile,92,0,29
1778849907700,93,GetIndividual,200,OK,GetIndividual 1-1165,text,true,,3830,3588,12,25,https://api-scuda.uat.oci.krungsri.tech/ic/api/v1/customer/individual/getprofile,93,0,23
1778849907757,37,SearchIndividual,200,OK,SearchIndividual 2-1922,text,true,,621,2613,2,25,https://api-scuda.uat.oci.krungsri.tech/ords/api/v1/customer/individual/searchprofile,37,0,23
1778849907475,320,GetJoint,200,OK,GetJoint 9-39,text,true,,1430,3529,1,24,https://api-scuda.uat.oci.krungsri.tech/ic/api/v1/customer/joint/getprofile,320,0,20
1778849907715,81,GetIndividual,200,OK,GetIndividual 1-1168,text,true,,3899,3588,12,23,https://api-scuda.uat.oci.krungsri.tech/ic/api/v1/customer/individual/getprofile,81,0,20
1778849907495,305,GetIndividual,200,OK,GetIndividual 1-1152,text,true,,3884,3588,11,23,https://api-scuda.uat.oci.krungsri.tech/ic/api/v1/customer/individual/getprofile,305,0,18
1778849907490,311,GetIndividual,200,OK,GetIndividual 1-1151,text,true,,3869,3588,10,22,https://api-scuda.uat.oci.krungsri.tech/ic/api/v1/customer/individual/getprofile,311,0,23
1778849907535,269,GetIndividual,200,OK,GetIndividual 1-1155,text,true,,3812,3588,10,22,https://api-scuda.uat.oci.krungsri.tech/ic/api/v1/customer/individual/getprofile,269,0,17
1778849907409,396,CreateJuristic,201,Created,CreateJuristic 7-39,text,true,,1172,8112,1,23,https://api-scuda.uat.oci.krungsri.tech/ic/api/v1/customer/juristic/createprofile,396,0,23
1778849907660,147,GetIndividual,200,OK,GetIndividual 1-1162,text,true,,3863,3588,11,22,https://api-scuda.uat.oci.krungsri.tech/ic/api/v1/customer/individual/getprofile,147,0,18
1778849907712,108,GetIndividual,200,OK,GetIndividual 1-1167,text,true,,3869,3588,10,24,https://api-scuda.uat.oci.krungsri.tech/ic/api/v1/customer/individual/getprofile,108,0,26
1778849907799,28,SearchIndividual,200,OK,SearchIndividual 2-1925,text,true,,621,2619,6,25,https://api-scuda.uat.oci.krungsri.tech/ords/api/v1/customer/individual/searchprofile,28,0,14
1778849907768,59,SearchIndividual,200,OK,SearchIndividual 2-1924,text,true,,621,2600,6,25,https://api-scuda.uat.oci.krungsri.tech/ords/api/v1/customer/individual/searchprofile,58,0,38
1778849907813,27,SearchIndividual,200,OK,SearchIndividual 2-1927,text,true,,621,2613,7,27,https://api-scuda.uat.oci.krungsri.tech/ords/api/v1/customer/individual/searchprofile,27,0,11
1778849907813,34,SearchIndividual,200,OK,SearchIndividual 2-1926,text,true,,621,2612,8,28,https://api-scuda.uat.oci.krungsri.tech/ords/api/v1/customer/individual/searchprofile,34,0,20
1778849907831,25,SearchIndividual,200,OK,SearchIndividual 2-1930,text,true,,621,2613,7,29,https://api-scuda.uat.oci.krungsri.tech/ords/api/v1/customer/individual/searchprofile,25,0,11
1778849907821,43,SearchIndividual,200,OK,SearchIndividual 2-1928,text,true,,621,2602,7,29,https://api-scuda.uat.oci.krungsri.tech/ords/api/v1/customer/individual/searchprofile,43,0,29
1778849907835,35,SearchIndividual,200,OK,SearchIndividual 2-1932,text,true,,621,2606,6,28,https://api-scuda.uat.oci.krungsri.tech/ords/api/v1/customer/individual/searchprofile,35,0,19
1778849907710,163,GetIndividual,200,OK,GetIndividual 1-1166,text,true,,3861,3588,11,28,https://api-scuda.uat.oci.krungsri.tech/ic/api/v1/customer/individual/getprofile,163,0,18
1778849907510,364,UpdateIndividual,200,OK,UpdateIndividual 4-770,text,true,,800,4229,10,27,https://api-scuda.uat.oci.krungsri.tech/ic/api/v1/customer/individual/updateprofile,364,0,10
1778849907844,31,SearchIndividual,200,OK,SearchIndividual 2-1934,text,true,,621,2629,6,26,https://api-scuda.uat.oci.krungsri.tech/ords/api/v1/customer/individual/searchprofile,30,0,11
1778849907841,39,SearchIndividual,200,OK,SearchIndividual 2-1933,text,true,,621,2613,5,25,https://api-scuda.uat.oci.krungsri.tech/ords/api/v1/customer/individual/searchprofile,39,0,24
1778849907682,199,GetIndividual,200,OK,GetIndividual 1-1163,text,true,,3844,3587,10,25,https://api-scuda.uat.oci.krungsri.tech/ic/api/v1/customer/individual/getprofile,199,0,21
1778849907632,249,UpdateIndividual,200,OK,UpdateIndividual 4-774,text,true,,800,5561,9,24,https://api-scuda.uat.oci.krungsri.tech/ic/api/v1/customer/individual/updateprofile,249,0,21
1778849907831,52,SearchIndividual,200,OK,SearchIndividual 2-1931,text,true,,621,2613,4,22,https://api-scuda.uat.oci.krungsri.tech/ords/api/v1/customer/individual/searchprofile,51,0,34
1778849907821,62,SearchIndividual,200,OK,SearchIndividual 2-1929,text,true,,621,2623,3,21,https://api-scuda.uat.oci.krungsri.tech/ords/api/v1/customer/individual/searchprofile,62,0,33
1778849907858,32,SearchIndividual,200,OK,SearchIndividual 2-1935,text,true,,621,2613,4,25,https://api-scuda.uat.oci.krungsri.tech/ords/api/v1/customer/individual/searchprofile,32,0,20
1778849907566,330,UpdateIndividual,200,OK,UpdateIndividual 4-773,text,true,,800,5502,8,26,https://api-scuda.uat.oci.krungsri.tech/ic/api/v1/customer/individual/updateprofile,330,0,29
1778849907767,130,GetIndividual,200,OK,GetIndividual 1-1170,text,true,,3837,3588,12,26,https://api-scuda.uat.oci.krungsri.tech/ic/api/v1/customer/individual/getprofile,130,0,31
1778849907769,130,GetIndividual,200,OK,GetIndividual 1-1171,text,true,,3838,3588,11,25,https://api-scuda.uat.oci.krungsri.tech/ic/api/v1/customer/individual/getprofile,130,0,20
1778849907688,222,UpdateIndividual,200,OK,UpdateIndividual 4-776,text,true,,800,4227,9,26,https://api-scuda.uat.oci.krungsri.tech/ic/api/v1/customer/individual/updateprofile,222,0,21
1778849907884,29,SearchIndividual,200,OK,SearchIndividual 2-1937,text,true,,621,2613,4,27,https://api-scuda.uat.oci.krungsri.tech/ords/api/v1/customer/individual/searchprofile,29,0,15
1778849907872,46,SearchIndividual,200,OK,SearchIndividual 2-1936,text,true,,621,2602,4,27,https://api-scuda.uat.oci.krungsri.tech/ords/api/v1/customer/individual/searchprofile,46,0,29
1778849907755,170,UpdateIndividual,200,OK,UpdateIndividual 4-777,text,true,,800,4229,12,29,https://api-scuda.uat.oci.krungsri.tech/ic/api/v1/customer/individual/updateprofile,170,0,23
1778849907758,168,GetIndividual,200,OK,GetIndividual 1-1169,text,true,,3796,3588,11,28,https://api-scuda.uat.oci.krungsri.tech/ic/api/v1/customer/individual/getprofile,168,0,23
1778849907884,42,SearchIndividual,200,OK,SearchIndividual 2-1938,text,true,,621,2613,4,28,https://api-scuda.uat.oci.krungsri.tech/ords/api/v1/customer/individual/searchprofile,42,0,26
1778849907893,46,SearchIndividual,200,OK,SearchIndividual 2-1939,text,true,,621,2638,6,29,https://api-scuda.uat.oci.krungsri.tech/ords/api/v1/customer/individual/searchprofile,45,0,24
1778849907923,25,SearchIndividual,200,OK,SearchIndividual 2-1941,text,true,,621,2613,5,30,https://api-scuda.uat.oci.krungsri.tech/ords/api/v1/customer/individual/searchprofile,25,0,15
1778849907930,26,SearchIndividual,200,OK,SearchIndividual 2-1943,text,true,,621,2613,5,31,https://api-scuda.uat.oci.krungsri.tech/ords/api/v1/customer/individual/searchprofile,26,0,16
1778849907930,40,SearchIndividual,200,OK,SearchIndividual 2-1942,text,true,,621,2605,5,34,https://api-scuda.uat.oci.krungsri.tech/ords/api/v1/customer/individual/searchprofile,40,0,21
1778849907918,58,SearchIndividual,200,OK,SearchIndividual 2-1940,text,true,,620,2608,5,35,https://api-scuda.uat.oci.krungsri.tech/ords/api/v1/customer/individual/searchprofile,58,0,38
1778849907931,45,SearchIndividual,200,OK,SearchIndividual 2-1944,text,true,,621,2619,5,35,https://api-scuda.uat.oci.krungsri.tech/ords/api/v1/customer/individual/searchprofile,44,0,27
1778849907819,167,UpdateIndividual,200,OK,UpdateIndividual 4-778,text,true,,800,4226,13,35,https://api-scuda.uat.oci.krungsri.tech/ic/api/v1/customer/individual/updateprofile,167,0,20
1778849907805,191,GetIndividual,200,OK,GetIndividual 1-1174,text,true,,3831,3587,14,35,https://api-scuda.uat.oci.krungsri.tech/ic/api/v1/customer/individual/getprofile,191,0,15
1778849907433,564,CreateJoint,200,OK,CreateJoint 11-39,text,true,,1813,6032,2,34,https://api-scuda.uat.oci.krungsri.tech/ic/api/v1/customer/joint/createprofile,564,0,21
1778849907957,40,SearchIndividual,200,OK,SearchIndividual 2-1946,text,true,,621,2601,4,34,https://api-scuda.uat.oci.krungsri.tech/ords/api/v1/customer/individual/searchprofile,40,0,28
1778849907951,47,SearchIndividual,200,OK,SearchIndividual 2-1945,text,true,,621,2626,3,32,https://api-scuda.uat.oci.krungsri.tech/ords/api/v1/customer/individual/searchprofile,47,0,32
1778849907805,193,GetIndividual,200,OK,GetIndividual 1-1175,text,true,,3841,3587,13,32,https://api-scuda.uat.oci.krungsri.tech/ic/api/v1/customer/individual/getprofile,193,0,22
1778849907896,104,GetIndividual,200,OK,GetIndividual 1-1180,text,true,,3824,3588,13,31,https://api-scuda.uat.oci.krungsri.tech/ic/api/v1/customer/individual/getprofile,104,0,14
1778849907669,334,UpdateIndividual,200,OK,UpdateIndividual 4-775,text,true,,800,5589,14,31,https://api-scuda.uat.oci.krungsri.tech/ic/api/v1/customer/individual/updateprofile,334,0,21
1778849907802,201,GetIndividual,200,OK,GetIndividual 1-1173,text,true,,3875,3587,12,31,https://api-scuda.uat.oci.krungsri.tech/ic/api/v1/customer/individual/getprofile,201,0,27
1778849907563,445,UpdateIndividual,200,OK,UpdateIndividual 4-772,text,true,,1753,5582,13,29,https://api-scuda.uat.oci.krungsri.tech/ic/api/v1/customer/individual/updateprofile,445,0,27
1778849907971,37,SearchIndividual,200,OK,SearchIndividual 2-1947,text,true,,620,2609,2,29,https://api-scuda.uat.oci.krungsri.tech/ords/api/v1/customer/individual/searchprofile,37,0,23
1778849907982,37,SearchIndividual,200,OK,SearchIndividual 2-1948,text,true,,14142,2604,2,28,https://api-scuda.uat.oci.krungsri.tech/ords/api/v1/customer/individual/searchprofile,36,0,25
1778849907855,170,GetIndividual,200,OK,GetIndividual 1-1177,text,true,,3766,3588,11,27,https://api-scuda.uat.oci.krungsri.tech/ic/api/v1/customer/individual/getprofile,170,0,30
1778849907910,116,GetIndividual,200,OK,GetIndividual 1-1181,text,true,,3846,3588,10,26,https://api-scuda.uat.oci.krungsri.tech/ic/api/v1/customer/individual/getprofile,116,0,29
1778849908018,36,SearchIndividual,200,OK,SearchIndividual 2-1949,text,true,,621,2613,3,28,https://api-scuda.uat.oci.krungsri.tech/ords/api/v1/customer/individual/searchprofile,36,0,22
1778849908031,31,SearchIndividual,200,OK,SearchIndividual 2-1951,text,true,,621,2613,4,30,https://api-scuda.uat.oci.krungsri.tech/ords/api/v1/customer/individual/searchprofile,31,0,19
1778849907843,227,UpdateIndividual,200,OK,UpdateIndividual 4-779,text,true,,800,4229,13,30,https://api-scuda.uat.oci.krungsri.tech/ic/api/v1/customer/individual/updateprofile,227,0,22
1778849908028,43,SearchIndividual,200,OK,SearchIndividual 2-1950,text,true,,14279,2613,3,29,https://api-scuda.uat.oci.krungsri.tech/ords/api/v1/customer/individual/searchprofile,43,0,31
1778849907794,278,GetIndividual,200,OK,GetIndividual 1-1172,text,true,,1080,3588,10,28,https://api-scuda.uat.oci.krungsri.tech/ic/api/v1/customer/individual/getprofile,278,0,13
1778849908058,38,SearchIndividual,200,OK,SearchIndividual 2-1952,text,true,,14587,2616,3,30,https://api-scuda.uat.oci.krungsri.tech/ords/api/v1/customer/individual/searchprofile,38,0,24
1778849908060,36,SearchIndividual,200,OK,SearchIndividual 2-1953,text,true,,621,2617,3,30,https://api-scuda.uat.oci.krungsri.tech/ords/api/v1/customer/individual/searchprofile,36,0,26
1778849907849,256,GetIndividual,200,OK,GetIndividual 1-1176,text,true,,3821,3588,9,29,https://api-scuda.uat.oci.krungsri.tech/ic/api/v1/customer/individual/getprofile,256,0,22
1778849907884,223,GetIndividual,200,OK,GetIndividual 1-1178,text,true,,3835,3588,8,28,https://api-scuda.uat.oci.krungsri.tech/ic/api/v1/customer/individual/getprofile,223,0,12
1778849907885,224,GetIndividual,200,OK,GetIndividual 1-1179,text,true,,3837,3588,7,27,https://api-scuda.uat.oci.krungsri.tech/ic/api/v1/customer/individual/getprofile,224,0,15
1778849908088,27,SearchIndividual,200,OK,SearchIndividual 2-1954,text,true,,621,2650,3,27,https://api-scuda.uat.oci.krungsri.tech/ords/api/v1/customer/individual/searchprofile,27,0,15
1778849908097,34,SearchIndividual,200,OK,SearchIndividual 2-1955,text,true,,621,2606,4,29,https://api-scuda.uat.oci.krungsri.tech/ords/api/v1/customer/individual/searchprofile,34,0,23
1778849907948,191,UpdateIndividual,200,OK,UpdateIndividual 4-786,text,true,,800,4228,16,32,https://api-scuda.uat.oci.krungsri.tech/ic/api/v1/customer/individual/updateprofile,191,0,38
1778849908112,37,SearchIndividual,200,OK,SearchIndividual 2-1956,text,true,,621,2616,7,34,https://api-scuda.uat.oci.krungsri.tech/ords/api/v1/customer/individual/searchprofile,37,0,25
1778849908118,33,SearchIndividual,200,OK,SearchIndividual 2-1957,text,true,,620,2612,6,33,https://api-scuda.uat.oci.krungsri.tech/ords/api/v1/customer/individual/searchprofile,33,0,22
1778849908060,94,GetIndividual,200,OK,GetIndividual 1-1187,text,true,,3837,3588,8,32,https://api-scuda.uat.oci.krungsri.tech/ic/api/v1/customer/individual/getprofile,94,0,25
1778849908125,31,SearchIndividual,200,OK,SearchIndividual 2-1958,text,true,,620,2618,5,31,https://api-scuda.uat.oci.krungsri.tech/ords/api/v1/customer/individual/searchprofile,31,0,20
1778849908133,32,SearchIndividual,200,OK,SearchIndividual 2-1959,text,true,,621,2605,6,35,https://api-scuda.uat.oci.krungsri.tech/ords/api/v1/customer/individual/searchprofile,32,0,18
1778849908006,165,UpdateIndividual,200,OK,UpdateIndividual 4-789,text,true,,800,5563,17,34,https://api-scuda.uat.oci.krungsri.tech/ic/api/v1/customer/individual/updateprofile,165,0,16
1778849908143,38,SearchIndividual,200,OK,SearchIndividual 2-1960,text,true,,621,2600,5,34,https://api-scuda.uat.oci.krungsri.tech/ords/api/v1/customer/individual/searchprofile,38,0,26
1778849908159,23,SearchIndividual,200,OK,SearchIndividual 2-1963,text,true,,621,2620,4,33,https://api-scuda.uat.oci.krungsri.tech/ords/api/v1/customer/individual/searchprofile,23,0,13
1778849908143,46,SearchIndividual,200,OK,SearchIndividual 2-1961,text,true,,621,2604,4,33,https://api-scuda.uat.oci.krungsri.tech/ords/api/v1/customer/individual/searchprofile,34,0,21
1778849908164,33,SearchIndividual,200,OK,SearchIndividual 2-1964,text,true,,621,2613,3,35,https://api-scuda.uat.oci.krungsri.tech/ords/api/v1/customer/individual/searchprofile,33,0,21
1778849907900,297,UpdateIndividual,200,OK,UpdateIndividual 4-780,text,true,,800,4229,16,35,https://api-scuda.uat.oci.krungsri.tech/ic/api/v1/customer/individual/updateprofile,297,0,31
1778849907915,282,UpdateIndividual,200,OK,UpdateIndividual 4-782,text,true,,800,4229,16,35,https://api-scuda.uat.oci.krungsri.tech/ic/api/v1/customer/individual/updateprofile,282,0,14
1778849907915,283,UpdateIndividual,200,OK,UpdateIndividual 4-783,text,true,,800,4227,14,32,https://api-scuda.uat.oci.krungsri.tech/ic/api/v1/customer/individual/updateprofile,283,0,39
1778849908149,50,SearchIndividual,200,OK,SearchIndividual 2-1962,text,true,,621,2613,2,32,https://api-scuda.uat.oci.krungsri.tech/ords/api/v1/customer/individual/searchprofile,50,0,30
1778849907910,301,UpdateIndividual,200,OK,UpdateIndividual 4-781,text,true,,800,4227,14,32,https://api-scuda.uat.oci.krungsri.tech/ic/api/v1/customer/individual/updateprofile,301,0,25
1778849908187,31,SearchIndividual,200,OK,SearchIndividual 2-1965,text,true,,621,2641,3,32,https://api-scuda.uat.oci.krungsri.tech/ords/api/v1/customer/individual/searchprofile,31,0,21
1778849908001,223,GetIndividual,200,OK,GetIndividual 1-1186,text,true,,3792,3588,11,31,https://api-scuda.uat.oci.krungsri.tech/ic/api/v1/customer/individual/getprofile,223,0,17
1778849908134,106,GetIndividual,200,OK,GetIndividual 1-1188,text,true,,3839,3587,10,32,https://api-scuda.uat.oci.krungsri.tech/ic/api/v1/customer/individual/getprofile,106,0,30
1778849908208,34,SearchIndividual,200,OK,SearchIndividual 2-1966,text,true,,621,2602,4,31,https://api-scuda.uat.oci.krungsri.tech/ords/api/v1/customer/individual/searchprofile,34,0,23
1778849908225,35,SearchIndividual,200,OK,SearchIndividual 2-1968,text,true,,621,2613,3,31,https://api-scuda.uat.oci.krungsri.tech/ords/api/v1/customer/individual/searchprofile,35,0,23
1778849908216,47,SearchIndividual,200,OK,SearchIndividual 2-1967,text,true,,621,2637,2,30,https://api-scuda.uat.oci.krungsri.tech/ords/api/v1/customer/individual/searchprofile,47,0,25
1778849908070,199,UpdateIndividual,200,OK,UpdateIndividual 4-790,text,true,,800,4228,13,29,https://api-scuda.uat.oci.krungsri.tech/ic/api/v1/customer/individual/updateprofile,199,0,23
1778849907957,315,UpdateIndividual,200,OK,UpdateIndividual 4-787,text,true,,800,4227,12,28,https://api-scuda.uat.oci.krungsri.tech/ic/api/v1/customer/individual/updateprofile,315,0,34
1778849908231,43,SearchIndividual,200,OK,SearchIndividual 2-1969,text,true,,14161,2610,1,27,https://api-scuda.uat.oci.krungsri.tech/ords/api/v1/customer/individual/searchprofile,42,0,24
1778849908080,211,UpdateIndividual,200,OK,UpdateIndividual 4-791,text,true,,800,5615,12,30,https://api-scuda.uat.oci.krungsri.tech/ic/api/v1/customer/individual/updateprofile,211,0,21
1778849907236,1060,UpdateIndividual,200,OK,UpdateIndividual 4-759,text,true,,800,5667,11,29,https://api-scuda.uat.oci.krungsri.tech/ic/api/v1/customer/individual/updateprofile,1060,0,19
1778849907928,370,UpdateIndividual,200,OK,UpdateIndividual 4-785,text,true,,800,5576,10,30,https://api-scuda.uat.oci.krungsri.tech/ic/api/v1/customer/individual/updateprofile,370,0,19
1778849908164,135,GetIndividual,200,OK,GetIndividual 1-1190,text,true,,3810,3588,11,29,https://api-scuda.uat.oci.krungsri.tech/ic/api/v1/customer/individual/getprofile,135,0,25
1778849908195,104,GetIndividual,200,OK,GetIndividual 1-1192,text,true,,3775,3587,11,29,https://api-scuda.uat.oci.krungsri.tech/ic/api/v1/customer/individual/getprofile,104,0,24
1778849908292,42,SearchIndividual,200,OK,SearchIndividual 2-1971,text,true,,620,2599,6,34,https://api-scuda.uat.oci.krungsri.tech/ords/api/v1/customer/individual/searchprofile,41,0,24
1778849908286,53,SearchIndividual,200,OK,SearchIndividual 2-1970,text,true,,621,2638,5,34,https://api-scuda.uat.oci.krungsri.tech/ords/api/v1/customer/individual/searchprofile,52,0,35
1778849908298,42,SearchIndividual,200,OK,SearchIndividual 2-1973,text,true,,621,2613,4,33,https://api-scuda.uat.oci.krungsri.tech/ords/api/v1/customer/individual/searchprofile,42,0,29
1778849908298,43,SearchIndividual,200,OK,SearchIndividual 2-1972,text,true,,621,2646,3,32,https://api-scuda.uat.oci.krungsri.tech/ords/api/v1/customer/individual/searchprofile,43,0,23
1778849908317,39,SearchIndividual,200,OK,SearchIndividual 2-1974,text,true,,621,2634,3,35,https://api-scuda.uat.oci.krungsri.tech/ords/api/v1/customer/individual/searchprofile,39,0,24
1778849908325,35,SearchIndividual,200,OK,SearchIndividual 2-1975,text,true,,621,2605,2,34,https://api-scuda.uat.oci.krungsri.tech/ords/api/v1/customer/individual/searchprofile,35,0,24
1778849908141,226,UpdateIndividual,200,OK,UpdateIndividual 4-794,text,true,,800,4227,13,33,https://api-scuda.uat.oci.krungsri.tech/ic/api/v1/customer/individual/updateprofile,226,0,50
1778849908038,329,UpdateJuristic,200,OK,UpdateJuristic 8-40,text,true,,800,5760,1,32,https://api-scuda.uat.oci.krungsri.tech/ic/api/v1/customer/juristic/updateprofile,329,0,18
1778849908355,32,SearchIndividual,200,OK,SearchIndividual 2-1976,text,true,,621,2613,3,35,https://api-scuda.uat.oci.krungsri.tech/ords/api/v1/customer/individual/searchprofile,32,0,21
1778849907962,434,GetIndividual,200,OK,GetIndividual 1-1182,text,true,,3865,3588,14,35,https://api-scuda.uat.oci.krungsri.tech/ic/api/v1/customer/individual/getprofile,434,0,27
1778849907963,433,GetIndividual,200,OK,GetIndividual 1-1183,text,true,,3856,3588,14,35,https://api-scuda.uat.oci.krungsri.tech/ic/api/v1/customer/individual/getprofile,433,0,15
1778849908129,269,UpdateIndividual,200,OK,UpdateIndividual 4-793,text,true,,800,4229,13,33,https://api-scuda.uat.oci.krungsri.tech/ic/api/v1/customer/individual/updateprofile,269,0,20
1778849907971,427,GetIndividual,200,OK,GetIndividual 1-1185,text,true,,3846,3587,12,33,https://api-scuda.uat.oci.krungsri.tech/ic/api/v1/customer/individual/getprofile,427,0,29
1778849907967,433,GetIndividual,200,OK,GetIndividual 1-1184,text,true,,3864,3588,11,32,https://api-scuda.uat.oci.krungsri.tech/ic/api/v1/customer/individual/getprofile,433,0,22
1778849908180,220,GetIndividual,200,OK,GetIndividual 1-1191,text,true,,3875,3588,11,32,https://api-scuda.uat.oci.krungsri.tech/ic/api/v1/customer/individual/getprofile,220,0,27
1778849908372,30,SearchIndividual,200,OK,SearchIndividual 2-1977,text,true,,621,2617,4,31,https://api-scuda.uat.oci.krungsri.tech/ords/api/v1/customer/individual/searchprofile,30,0,20
1778849908316,88,GetJuristic,200,OK,GetJuristic 5-40,text,true,,3467,3533,1,31,https://api-scuda.uat.oci.krungsri.tech/ic/api/v1/customer/juristic/getprofile,88,0,25
1778849908260,147,GetIndividual,200,OK,GetIndividual 1-1194,text,true,,3834,3587,9,30,https://api-scuda.uat.oci.krungsri.tech/ic/api/v1/customer/individual/getprofile,147,0,21
1778849908389,26,SearchIndividual,200,OK,SearchIndividual 2-1979,text,true,,621,2613,4,29,https://api-scuda.uat.oci.krungsri.tech/ords/api/v1/customer/individual/searchprofile,26,0,15
1778849908377,42,SearchIndividual,200,OK,SearchIndividual 2-1978,text,true,,14104,2608,3,28,https://api-scuda.uat.oci.krungsri.tech/ords/api/v1/customer/individual/searchprofile,42,0,22
1778849908401,33,SearchIndividual,200,OK,SearchIndividual 2-1980,text,true,,14092,2603,3,29,https://api-scuda.uat.oci.krungsri.tech/ords/api/v1/customer/individual/searchprofile,33,0,22
1778849908403,41,SearchIndividual,200,OK,SearchIndividual 2-1981,text,true,,14549,2605,3,30,https://api-scuda.uat.oci.krungsri.tech/ords/api/v1/customer/individual/searchprofile,41,0,19
1778849908432,34,SearchIndividual,200,OK,SearchIndividual 2-1982,text,true,,621,2601,3,33,https://api-scuda.uat.oci.krungsri.tech/ords/api/v1/customer/individual/searchprofile,34,0,24
1778849908285,182,UpdateIndividual,200,OK,UpdateIndividual 4-798,text,true,,800,5552,15,32,https://api-scuda.uat.oci.krungsri.tech/ic/api/v1/customer/individual/updateprofile,182,0,18
1778849908209,260,UpdateIndividual,200,OK,UpdateIndividual 4-797,text,true,,800,4230,14,31,https://api-scuda.uat.oci.krungsri.tech/ic/api/v1/customer/individual/updateprofile,260,0,19
1778849908439,32,SearchIndividual,200,OK,SearchIndividual 2-1983,text,true,,621,2644,2,30,https://api-scuda.uat.oci.krungsri.tech/ords/api/v1/customer/individual/searchprofile,32,0,22
1778849908317,155,GetIndividual,200,OK,GetIndividual 1-1197,text,true,,3843,3588,10,29,https://api-scuda.uat.oci.krungsri.tech/ic/api/v1/customer/individual/getprofile,155,0,19
1778849908143,330,GetIndividual,200,OK,GetIndividual 1-1189,text,true,,3770,3588,10,29,https://api-scuda.uat.oci.krungsri.tech/ic/api/v1/customer/individual/getprofile,330,0,25
1778849908351,129,GetIndividual,200,OK,GetIndividual 1-1199,text,true,,3863,3588,9,28,https://api-scuda.uat.oci.krungsri.tech/ic/api/v1/customer/individual/getprofile,129,0,16
1778849907947,534,UpdateJoint,200,OK,UpdateJoint 12-40,text,true,,800,3614,1,29,https://api-scuda.uat.oci.krungsri.tech/ic/api/v1/customer/joint/updateprofile,534,0,20
1778849908455,34,SearchIndividual,200,OK,SearchIndividual 2-1984,text,true,,621,2605,2,28,https://api-scuda.uat.oci.krungsri.tech/ords/api/v1/customer/individual/searchprofile,34,0,19
1778849908285,208,GetIndividual,200,OK,GetIndividual 1-1195,text,true,,3843,3587,8,28,https://api-scuda.uat.oci.krungsri.tech/ic/api/v1/customer/individual/getprofile,208,0,19
1778849907999,495,UpdateIndividual,200,OK,UpdateIndividual 4-788,text,true,,800,5564,14,27,https://api-scuda.uat.oci.krungsri.tech/ic/api/v1/customer/individual/updateprofile,495,0,23
1778849908349,152,UpdateIndividual,200,OK,UpdateIndividual 4-801,text,true,,800,4231,13,27,https://api-scuda.uat.oci.krungsri.tech/ic/api/v1/customer/individual/updateprofile,152,0,18
1778849908380,128,GetIndividual,200,OK,GetIndividual 1-1200,text,true,,3849,3588,7,28,https://api-scuda.uat.oci.krungsri.tech/ic/api/v1/customer/individual/getprofile,128,0,17
1778849908353,161,UpdateIndividual,200,OK,UpdateIndividual 4-802,text,true,,800,4228,13,27,https://api-scuda.uat.oci.krungsri.tech/ic/api/v1/customer/individual/updateprofile,161,0,23
1778849908481,41,SearchIndividual,200,OK,SearchIndividual 2-1985,text,true,,620,2612,5,27,https://api-scuda.uat.oci.krungsri.tech/ords/api/v1/customer/individual/searchprofile,40,0,23
1778849908490,32,SearchIndividual,200,OK,SearchIndividual 2-1986,text,true,,621,2614,5,27,https://api-scuda.uat.oci.krungsri.tech/ords/api/v1/customer/individual/searchprofile,31,0,21
1778849908497,32,SearchIndividual,200,OK,SearchIndividual 2-1987,text,true,,621,2628,5,28,https://api-scuda.uat.oci.krungsri.tech/ords/api/v1/customer/individual/searchprofile,32,0,22
1778849908507,30,SearchIndividual,200,OK,SearchIndividual 2-1988,text,true,,621,2613,5,29,https://api-scuda.uat.oci.krungsri.tech/ords/api/v1/customer/individual/searchprofile,30,0,18
1778849908526,28,SearchIndividual,200,OK,SearchIndividual 2-1991,text,true,,621,2613,6,33,https://api-scuda.uat.oci.krungsri.tech/ords/api/v1/customer/individual/searchprofile,28,0,18
1778849908523,32,SearchIndividual,200,OK,SearchIndividual 2-1990,text,true,,621,2613,5,32,https://api-scuda.uat.oci.krungsri.tech/ords/api/v1/customer/individual/searchprofile,32,0,21
1778849908535,34,SearchIndividual,200,OK,SearchIndividual 2-1992,text,true,,621,2623,5,33,https://api-scuda.uat.oci.krungsri.tech/ords/api/v1/customer/individual/searchprofile,34,0,23
1778849907925,644,UpdateIndividual,200,OK,UpdateIndividual 4-784,text,true,,800,4227,12,33,https://api-scuda.uat.oci.krungsri.tech/ic/api/v1/customer/individual/updateprofile,644,0,34
1778849908331,240,UpdateIndividual,200,OK,UpdateIndividual 4-800,text,true,,800,4227,11,31,https://api-scuda.uat.oci.krungsri.tech/ic/api/v1/customer/individual/updateprofile,240,0,20
1778849908167,404,UpdateIndividual,200,OK,UpdateIndividual 4-796,text,true,,800,5503,10,30,https://api-scuda.uat.oci.krungsri.tech/ic/api/v1/customer/individual/updateprofile,404,0,28
1778849908436,138,GetJoint,200,OK,GetJoint 9-40,text,true,,1429,3530,1,30,https://api-scuda.uat.oci.krungsri.tech/ic/api/v1/customer/joint/getprofile,138,0,23
1778849908549,27,SearchIndividual,200,OK,SearchIndividual 2-1993,text,true,,620,2604,4,29,https://api-scuda.uat.oci.krungsri.tech/ords/api/v1/customer/individual/searchprofile,27,0,17
1778849908522,59,SearchIndividual,200,OK,SearchIndividual 2-1989,text,true,,14489,2611,3,29,https://api-scuda.uat.oci.krungsri.tech/ords/api/v1/customer/individual/searchprofile,59,0,40
1778849908550,35,SearchJoint,200,OK,SearchJoint 10-40,text,true,,620,2626,1,30,https://api-scuda.uat.oci.krungsri.tech/ords/api/v1/customer/joint/searchprofile,35,0,19
1778849908549,41,SearchIndividual,200,OK,SearchIndividual 2-1994,text,true,,621,2632,4,31,https://api-scuda.uat.oci.krungsri.tech/ords/api/v1/customer/individual/searchprofile,40,0,24
1778849908560,32,SearchIndividual,200,OK,SearchIndividual 2-1995,text,true,,621,2601,3,30,https://api-scuda.uat.oci.krungsri.tech/ords/api/v1/customer/individual/searchprofile,31,0,21
1778849908337,257,GetIndividual,200,OK,GetIndividual 1-1198,text,true,,3858,3588,15,29,https://api-scuda.uat.oci.krungsri.tech/ic/api/v1/customer/individual/getprofile,257,0,21
1778849908477,118,GetIndividual,200,OK,GetIndividual 1-1203,text,true,,3815,3588,15,29,https://api-scuda.uat.oci.krungsri.tech/ic/api/v1/customer/individual/getprofile,118,0,14
1778849908423,182,GetIndividual,200,OK,GetIndividual 1-1201,text,true,,3899,3588,16,34,https://api-scuda.uat.oci.krungsri.tech/ic/api/v1/customer/individual/getprofile,182,0,25
1778849908582,32,SearchIndividual,200,OK,SearchIndividual 2-1996,text,true,,621,2601,6,35,https://api-scuda.uat.oci.krungsri.tech/ords/api/v1/customer/individual/searchprofile,32,0,22
1778849908526,96,GetIndividual,200,OK,GetIndividual 1-1204,text,true,,3839,3588,17,38,https://api-scuda.uat.oci.krungsri.tech/ic/api/v1/customer/individual/getprofile,96,0,19
1778849908590,38,SearchIndividual,200,OK,SearchIndividual 2-1997,text,true,,621,2603,6,37,https://api-scuda.uat.oci.krungsri.tech/ords/api/v1/customer/individual/searchprofile,35,0,24
1778849908611,36,SearchIndividual,200,OK,SearchIndividual 2-2001,text,true,,621,2610,9,42,https://api-scuda.uat.oci.krungsri.tech/ords/api/v1/customer/individual/searchprofile,35,0,25
1778849908600,43,SearchIndividual,200,OK,SearchIndividual 2-1999,text,true,,621,2605,9,41,https://api-scuda.uat.oci.krungsri.tech/ords/api/v1/customer/individual/searchprofile,43,0,22
1778849908603,35,SearchIndividual,200,OK,SearchIndividual 2-2000,text,true,,621,2604,7,39,https://api-scuda.uat.oci.krungsri.tech/ords/api/v1/customer/individual/searchprofile,35,0,24
1778849908596,41,SearchIndividual,200,OK,SearchIndividual 2-1998,text,true,,621,2613,7,39,https://api-scuda.uat.oci.krungsri.tech/ords/api/v1/customer/individual/searchprofile,41,0,24
1778849908510,122,UpdateIndividual,200,OK,UpdateIndividual 4-808,text,true,,799,4227,12,37,https://api-scuda.uat.oci.krungsri.tech/ic/api/v1/customer/individual/updateprofile,122,0,25
1778849908617,39,SearchIndividual,200,OK,SearchIndividual 2-2002,text,true,,621,2617,6,41,https://api-scuda.uat.oci.krungsri.tech/ords/api/v1/customer/individual/searchprofile,39,0,29
1778849908639,30,SearchIndividual,200,OK,SearchIndividual 2-2005,text,true,,621,2609,6,42,https://api-scuda.uat.oci.krungsri.tech/ords/api/v1/customer/individual/searchprofile,30,0,21
1778849908634,36,SearchIndividual,200,OK,SearchIndividual 2-2003,text,true,,621,2613,5,41,https://api-scuda.uat.oci.krungsri.tech/ords/api/v1/customer/individual/searchprofile,36,0,20
1778849908634,37,SearchIndividual,200,OK,SearchIndividual 2-2004,text,true,,621,2613,4,40,https://api-scuda.uat.oci.krungsri.tech/ords/api/v1/customer/individual/searchprofile,37,0,25
1778849908484,187,UpdateIndividual,200,OK,UpdateIndividual 4-807,text,true,,799,4226,12,41,https://api-scuda.uat.oci.krungsri.tech/ic/api/v1/customer/individual/updateprofile,187,0,23
1778849908458,214,UpdateIndividual,200,OK,UpdateIndividual 4-806,text,true,,800,5533,11,39,https://api-scuda.uat.oci.krungsri.tech/ic/api/v1/customer/individual/updateprofile,214,0,18
1778849908403,273,UpdateIndividual,200,OK,UpdateIndividual 4-804,text,true,,800,5613,10,39,https://api-scuda.uat.oci.krungsri.tech/ic/api/v1/customer/individual/updateprofile,273,0,16
1778849908643,37,SearchIndividual,200,OK,SearchIndividual 2-2006,text,true,,621,2613,4,39,https://api-scuda.uat.oci.krungsri.tech/ords/api/v1/customer/individual/searchprofile,37,0,21
1778849908648,33,SearchIndividual,200,OK,SearchIndividual 2-2007,text,true,,621,2613,3,38,https://api-scuda.uat.oci.krungsri.tech/ords/api/v1/customer/individual/searchprofile,32,0,19
1778849908601,90,GetIndividual,200,OK,GetIndividual 1-1213,text,true,,3806,3588,25,44,https://api-scuda.uat.oci.krungsri.tech/ic/api/v1/customer/individual/getprofile,90,0,20
1778849908590,106,GetIndividual,200,OK,GetIndividual 1-1212,text,true,,3827,3588,24,43,https://api-scuda.uat.oci.krungsri.tech/ic/api/v1/customer/individual/getprofile,106,0,23
1778849908661,37,SearchIndividual,200,OK,SearchIndividual 2-2008,text,true,,621,2641,5,42,https://api-scuda.uat.oci.krungsri.tech/ords/api/v1/customer/individual/searchprofile,37,0,26
1778849908163,535,UpdateIndividual,200,OK,UpdateIndividual 4-795,text,true,,800,5576,10,42,https://api-scuda.uat.oci.krungsri.tech/ic/api/v1/customer/individual/updateprofile,535,0,22
1778849908383,315,UpdateIndividual,200,OK,UpdateIndividual 4-803,text,true,,800,5521,10,42,https://api-scuda.uat.oci.krungsri.tech/ic/api/v1/customer/individual/updateprofile,315,0,22
1778849908316,383,UpdateIndividual,200,OK,UpdateIndividual 4-799,text,true,,800,5581,8,39,https://api-scuda.uat.oci.krungsri.tech/ic/api/v1/customer/individual/updateprofile,383,0,20
1778849908573,129,GetIndividual,200,OK,GetIndividual 1-1209,text,true,,3857,3588,23,38,https://api-scuda.uat.oci.krungsri.tech/ic/api/v1/customer/individual/getprofile,129,0,19
1778849908623,81,GetIndividual,200,OK,GetIndividual 1-1217,text,true,,3823,3587,23,38,https://api-scuda.uat.oci.krungsri.tech/ic/api/v1/customer/individual/getprofile,81,0,18
1778849908671,35,SearchIndividual,200,OK,SearchIndividual 2-2009,text,true,,14409,2611,4,39,https://api-scuda.uat.oci.krungsri.tech/ords/api/v1/customer/individual/searchprofile,34,0,21
1778849908685,28,SearchIndividual,200,OK,SearchIndividual 2-2010,text,true,,621,2616,4,39,https://api-scuda.uat.oci.krungsri.tech/ords/api/v1/customer/individual/searchprofile,28,0,15
1778849908688,29,SearchIndividual,200,OK,SearchIndividual 2-2011,text,true,,621,2613,3,40,https://api-scuda.uat.oci.krungsri.tech/ords/api/v1/customer/individual/searchprofile,29,0,13
1778849908691,34,SearchJuristic,200,OK,SearchJuristic 6-40,text,true,,621,2611,1,42,https://api-scuda.uat.oci.krungsri.tech/ords/api/v1/customer/juristic/searchprofile,33,0,24
1778849908690,37,SearchIndividual,200,OK,SearchIndividual 2-2012,text,true,,621,2646,5,42,https://api-scuda.uat.oci.krungsri.tech/ords/api/v1/customer/individual/searchprofile,37,0,21
1778849908722,27,SearchIndividual,200,OK,SearchIndividual 2-2016,text,true,,620,2612,7,45,https://api-scuda.uat.oci.krungsri.tech/ords/api/v1/customer/individual/searchprofile,27,0,16
1778849908720,30,SearchIndividual,200,OK,SearchIndividual 2-2014,text,true,,621,2629,6,44,https://api-scuda.uat.oci.krungsri.tech/ords/api/v1/customer/individual/searchprofile,30,0,20
1778849908708,43,SearchIndividual,200,OK,SearchIndividual 2-2013,text,true,,620,2612,5,43,https://api-scuda.uat.oci.krungsri.tech/ords/api/v1/customer/individual/searchprofile,43,0,26
1778849908720,32,SearchIndividual,200,OK,SearchIndividual 2-2015,text,true,,621,2613,4,42,https://api-scuda.uat.oci.krungsri.tech/ords/api/v1/customer/individual/searchprofile,32,0,22
1778849908578,193,GetIndividual,200,OK,GetIndividual 1-1210,text,true,,3812,3588,26,42,https://api-scuda.uat.oci.krungsri.tech/ic/api/v1/customer/individual/getprofile,193,0,21
1778849908631,140,GetIndividual,200,OK,GetIndividual 1-1218,text,true,,3846,3587,26,42,https://api-scuda.uat.oci.krungsri.tech/ic/api/v1/customer/individual/getprofile,140,0,29
1778849908739,36,SearchIndividual,200,OK,SearchIndividual 2-2018,text,true,,621,2626,3,40,https://api-scuda.uat.oci.krungsri.tech/ords/api/v1/customer/individual/searchprofile,36,0,26
1778849908734,44,SearchIndividual,200,OK,SearchIndividual 2-2017,text,true,,14058,2605,2,39,https://api-scuda.uat.oci.krungsri.tech/ords/api/v1/customer/individual/searchprofile,44,0,23
1778849908747,36,SearchIndividual,200,OK,SearchIndividual 2-2019,text,true,,621,2613,1,38,https://api-scuda.uat.oci.krungsri.tech/ords/api/v1/customer/individual/searchprofile,36,0,25
1778849908655,138,GetIndividual,200,OK,GetIndividual 1-1221,text,true,,3895,3588,24,37,https://api-scuda.uat.oci.krungsri.tech/ic/api/v1/customer/individual/getprofile,138,0,23
1778849908706,94,GetIndividual,200,OK,GetIndividual 1-1228,text,true,,3904,3588,23,38,https://api-scuda.uat.oci.krungsri.tech/ic/api/v1/customer/individual/getprofile,94,0,25
1778849908798,34,SearchIndividual,200,OK,SearchIndividual 2-2020,text,true,,621,2613,3,39,https://api-scuda.uat.oci.krungsri.tech/ords/api/v1/customer/individual/searchprofile,34,0,21
1778849908810,30,SearchIndividual,200,OK,SearchIndividual 2-2022,text,true,,620,2610,2,38,https://api-scuda.uat.oci.krungsri.tech/ords/api/v1/customer/individual/searchprofile,30,0,20
1778849908798,44,SearchIndividual,200,OK,SearchIndividual 2-2021,text,true,,621,2604,1,37,https://api-scuda.uat.oci.krungsri.tech/ords/api/v1/customer/individual/searchprofile,44,0,22
1778849908539,366,GetIndividual,200,OK,GetIndividual 1-1206,text,true,,3841,3587,23,36,https://api-scuda.uat.oci.krungsri.tech/ic/api/v1/customer/individual/getprofile,366,0,18
1778849908531,374,GetIndividual,200,OK,GetIndividual 1-1205,text,true,,3832,3588,23,36,https://api-scuda.uat.oci.krungsri.tech/ic/api/v1/customer/individual/getprofile,374,0,21
1778849908568,338,GetIndividual,200,OK,GetIndividual 1-1208,text,true,,3896,3588,21,34,https://api-scuda.uat.oci.krungsri.tech/ic/api/v1/customer/individual/getprofile,338,0,21
1778849908602,318,GetIndividual,200,OK,GetIndividual 1-1215,text,true,,3851,3588,20,33,https://api-scuda.uat.oci.krungsri.tech/ic/api/v1/customer/individual/getprofile,318,0,21
1778849908686,235,GetIndividual,200,OK,GetIndividual 1-1225,text,true,,3871,3586,19,32,https://api-scuda.uat.oci.krungsri.tech/ic/api/v1/customer/individual/getprofile,235,0,24
1778849908618,305,GetIndividual,200,OK,GetIndividual 1-1216,text,true,,3860,3588,18,31,https://api-scuda.uat.oci.krungsri.tech/ic/api/v1/customer/individual/getprofile,305,0,23
1778849908553,373,GetIndividual,200,OK,GetIndividual 1-1207,text,true,,3826,3588,17,30,https://api-scuda.uat.oci.krungsri.tech/ic/api/v1/customer/individual/getprofile,373,0,43
1778849907982,949,CreateJoint,200,OK,CreateJoint 11-40,text,true,,1813,6077,1,29,https://api-scuda.uat.oci.krungsri.tech/ic/api/v1/customer/joint/createprofile,949,0,12
1778849908825,118,GetIndividual,200,OK,GetIndividual 1-1232,text,true,,3887,3588,16,28,https://api-scuda.uat.oci.krungsri.tech/ic/api/v1/customer/individual/getprofile,118,0,46
1778849908458,507,UpdateIndividual,200,OK,UpdateIndividual 4-805,text,true,,800,5570,10,27,https://api-scuda.uat.oci.krungsri.tech/ic/api/v1/customer/individual/updateprofile,507,0,24
1778849908716,282,GetIndividual,200,OK,GetIndividual 1-1230,text,true,,3899,3588,15,26,https://api-scuda.uat.oci.krungsri.tech/ic/api/v1/customer/individual/getprofile,282,0,21
1778849908686,314,GetIndividual,200,OK,GetIndividual 1-1226,text,true,,3740,3586,14,25,https://api-scuda.uat.oci.krungsri.tech/ic/api/v1/customer/individual/getprofile,314,0,25
1778849908703,298,GetIndividual,200,OK,GetIndividual 1-1227,text,true,,3824,3588,14,25,https://api-scuda.uat.oci.krungsri.tech/ic/api/v1/customer/individual/getprofile,298,0,23
1778849908676,340,GetIndividual,200,OK,GetIndividual 1-1223,text,true,,3923,3588,12,23,https://api-scuda.uat.oci.krungsri.tech/ic/api/v1/customer/individual/getprofile,340,0,43
1778849908654,427,UpdateIndividual,200,OK,UpdateIndividual 4-812,text,true,,800,5587,9,22,https://api-scuda.uat.oci.krungsri.tech/ic/api/v1/customer/individual/updateprofile,427,0,25
1778849908093,1000,UpdateIndividual,200,OK,UpdateIndividual 4-792,text,true,,799,4226,8,21,https://api-scuda.uat.oci.krungsri.tech/ic/api/v1/customer/individual/updateprofile,1000,0,27
1778849908464,633,GetIndividual,200,OK,GetIndividual 1-1202,text,true,,3861,3588,11,20,https://api-scuda.uat.oci.krungsri.tech/ic/api/v1/customer/individual/getprofile,633,0,21
1778849908733,366,UpdateIndividual,200,OK,UpdateIndividual 4-815,text,true,,800,4228,7,19,https://api-scuda.uat.oci.krungsri.tech/ic/api/v1/customer/individual/updateprofile,366,0,19
1778849908726,373,GetIndividual,200,OK,GetIndividual 1-1231,text,true,,3859,3588,10,18,https://api-scuda.uat.oci.krungsri.tech/ic/api/v1/customer/individual/getprofile,373,0,17
1778849908195,917,GetIndividual,200,OK,GetIndividual 1-1193,text,true,,3773,3587,9,17,https://api-scuda.uat.oci.krungsri.tech/ic/api/v1/customer/individual/getprofile,917,0,25
1778849908717,400,UpdateIndividual,200,OK,UpdateIndividual 4-814,text,true,,800,4228,6,16,https://api-scuda.uat.oci.krungsri.tech/ic/api/v1/customer/individual/updateprofile,400,0,20
1778849908689,473,UpdateIndividual,200,OK,UpdateIndividual 4-813,text,true,,798,5570,5,15,https://api-scuda.uat.oci.krungsri.tech/ic/api/v1/customer/individual/updateprofile,473,0,30
1778849908602,594,GetIndividual,200,OK,GetIndividual 1-1214,text,true,,3837,3588,8,14,https://api-scuda.uat.oci.krungsri.tech/ic/api/v1/customer/individual/getprofile,594,0,26
1778849908649,548,GetIndividual,200,OK,GetIndividual 1-1220,text,true,,3864,3588,7,13,https://api-scuda.uat.oci.krungsri.tech/ic/api/v1/customer/individual/getprofile,548,0,21
1778849908624,577,UpdateIndividual,200,OK,UpdateIndividual 4-811,text,true,,800,4227,4,12,https://api-scuda.uat.oci.krungsri.tech/ic/api/v1/customer/individual/updateprofile,577,0,20
1778849908586,641,GetIndividual,200,OK,GetIndividual 1-1211,text,true,,3783,3588,6,11,https://api-scuda.uat.oci.krungsri.tech/ic/api/v1/customer/individual/getprofile,641,0,23
1778849908611,687,UpdateIndividual,200,OK,UpdateIndividual 4-810,text,true,,800,4230,3,10,https://api-scuda.uat.oci.krungsri.tech/ic/api/v1/customer/individual/updateprofile,687,0,23
1778849908644,672,GetIndividual,200,OK,GetIndividual 1-1219,text,true,,3899,3588,5,9,https://api-scuda.uat.oci.krungsri.tech/ic/api/v1/customer/individual/getprofile,672,0,23
1778849908706,613,GetIndividual,200,OK,GetIndividual 1-1229,text,true,,3847,3588,4,8,https://api-scuda.uat.oci.krungsri.tech/ic/api/v1/customer/individual/getprofile,613,0,21
1778849907890,1507,CreateIndividual,201,Created,CreateIndividual 3-40,text,true,,1172,8147,1,7,https://api-scuda.uat.oci.krungsri.tech/ic/api/v1/customer/individual/createprofile,1507,0,23
1778849908302,1116,GetIndividual,200,OK,GetIndividual 1-1196,text,true,,3840,3588,3,6,https://api-scuda.uat.oci.krungsri.tech/ic/api/v1/customer/individual/getprofile,1116,0,25
1778849908660,850,GetIndividual,200,OK,GetIndividual 1-1222,text,true,,3874,3588,2,5,https://api-scuda.uat.oci.krungsri.tech/ic/api/v1/customer/individual/getprofile,850,0,25
1778849908680,868,GetIndividual,200,OK,GetIndividual 1-1224,text,true,,3805,3588,1,4,https://api-scuda.uat.oci.krungsri.tech/ic/api/v1/customer/individual/getprofile,868,0,22
1778849908756,796,UpdateIndividual,200,OK,UpdateIndividual 4-816,text,true,,800,5631,2,3,https://api-scuda.uat.oci.krungsri.tech/ic/api/v1/customer/individual/updateprofile,796,0,61
1778849908608,957,UpdateIndividual,200,OK,UpdateIndividual 4-809,text,true,,800,5588,1,2,https://api-scuda.uat.oci.krungsri.tech/ic/api/v1/customer/individual/updateprofile,957,0,22
1778849908193,1393,CreateJuristic,201,Created,CreateJuristic 7-40,text,true,,1172,8446,1,1,https://api-scuda.uat.oci.krungsri.tech/ic/api/v1/customer/juristic/createprofile,1393,0,11
1778849909903,25,SearchIndividual,200,OK,SearchIndividual 2-2023,text,true,,621,2613,1,2,https://api-scuda.uat.oci.krungsri.tech/ords/api/v1/customer/individual/searchprofile,24,0,12
1778849909884,102,GetIndividual,200,OK,GetIndividual 1-1233,text,true,,3876,3588,1,2,https://api-scuda.uat.oci.krungsri.tech/ic/api/v1/customer/individual/getprofile,102,0,28
1778849910146,32,SearchIndividual,200,OK,SearchIndividual 2-2024,text,true,,621,2601,1,5,https://api-scuda.uat.oci.krungsri.tech/ords/api/v1/customer/individual/searchprofile,32,0,21
1778849910137,122,UpdateIndividual,200,OK,UpdateIndividual 4-817,text,true,,800,4229,1,6,https://api-scuda.uat.oci.krungsri.tech/ic/api/v1/customer/individual/updateprofile,122,0,18
1778849910167,93,GetJuristic,200,OK,GetJuristic 5-41,text,true,,3524,3533,1,5,https://api-scuda.uat.oci.krungsri.tech/ic/api/v1/customer/juristic/getprofile,93,0,21
1778849909972,313,CreateIndividual,201,Created,CreateIndividual 3-41,text,true,,1172,8112,1,4,https://api-scuda.uat.oci.krungsri.tech/ic/api/v1/customer/individual/createprofile,313,0,22
1778849910082,217,CreateJoint,200,OK,CreateJoint 11-41,text,true,,1813,6012,1,3,https://api-scuda.uat.oci.krungsri.tech/ic/api/v1/customer/joint/createprofile,217,0,27
1778849910247,92,GetJoint,200,OK,GetJoint 9-41,text,true,,1429,3530,1,2,https://api-scuda.uat.oci.krungsri.tech/ic/api/v1/customer/joint/getprofile,92,0,22
1778849910199,160,UpdateJoint,200,OK,UpdateJoint 12-41,text,true,,800,4520,1,2,https://api-scuda.uat.oci.krungsri.tech/ic/api/v1/customer/joint/updateprofile,160,0,27
1778849910350,34,SearchJoint,200,OK,SearchJoint 10-41,text,true,,621,2627,1,1,https://api-scuda.uat.oci.krungsri.tech/ords/api/v1/customer/joint/searchprofile,34,0,23
1778849910448,28,SearchIndividual,200,OK,SearchIndividual 2-2025,text,true,,621,2613,1,2,https://api-scuda.uat.oci.krungsri.tech/ords/api/v1/customer/individual/searchprofile,28,0,15
1778849910411,91,GetIndividual,200,OK,GetIndividual 1-1234,text,true,,3804,3588,1,2,https://api-scuda.uat.oci.krungsri.tech/ic/api/v1/customer/individual/getprofile,91,0,20
1778849910490,38,SearchIndividual,200,OK,SearchIndividual 2-2026,text,true,,621,2613,2,3,https://api-scuda.uat.oci.krungsri.tech/ords/api/v1/customer/individual/searchprofile,37,0,25
1778849910517,24,SearchIndividual,200,OK,SearchIndividual 2-2027,text,true,,621,2613,1,2,https://api-scuda.uat.oci.krungsri.tech/ords/api/v1/customer/individual/searchprofile,24,0,13
1778849910560,95,GetIndividual,200,OK,GetIndividual 1-1235,text,true,,3864,3588,1,3,https://api-scuda.uat.oci.krungsri.tech/ic/api/v1/customer/individual/getprofile,95,0,22
1778849910517,160,UpdateIndividual,200,OK,UpdateIndividual 4-818,text,true,,800,5613,1,2,https://api-scuda.uat.oci.krungsri.tech/ic/api/v1/customer/individual/updateprofile,160,0,13
1778849910695,26,SearchIndividual,200,OK,SearchIndividual 2-2028,text,true,,620,2602,1,2,https://api-scuda.uat.oci.krungsri.tech/ords/api/v1/customer/individual/searchprofile,26,0,15
1778849910727,36,SearchJuristic,200,OK,SearchJuristic 6-41,text,true,,8446,2612,1,3,https://api-scuda.uat.oci.krungsri.tech/ords/api/v1/customer/juristic/searchprofile,36,0,18
1778849910793,97,GetIndividual,200,OK,GetIndividual 1-1236,text,true,,3880,3588,1,3,https://api-scuda.uat.oci.krungsri.tech/ic/api/v1/customer/individual/getprofile,97,0,22
1778849910912,26,SearchIndividual,200,OK,SearchIndividual 2-2029,text,true,,621,2613,1,3,https://api-scuda.uat.oci.krungsri.tech/ords/api/v1/customer/individual/searchprofile,26,0,13
1778849910762,185,UpdateJuristic,200,OK,UpdateJuristic 8-41,text,true,,800,5772,1,2,https://api-scuda.uat.oci.krungsri.tech/ic/api/v1/customer/juristic/updateprofile,185,0,13
1778849910626,366,CreateJuristic,201,Created,CreateJuristic 7-41,text,true,,1172,7991,1,1,https://api-scuda.uat.oci.krungsri.tech/ic/api/v1/customer/juristic/createprofile,366,0,18
1778849911011,41,SearchJoint,200,OK,SearchJoint 10-42,text,true,,621,2627,1,1,https://api-scuda.uat.oci.krungsri.tech/ords/api/v1/customer/joint/searchprofile,40,0,27
1778849911076,30,SearchIndividual,200,OK,SearchIndividual 2-2030,text,true,,621,2602,1,2,https://api-scuda.uat.oci.krungsri.tech/ords/api/v1/customer/individual/searchprofile,30,0,19
1778849911139,35,SearchIndividual,200,OK,SearchIndividual 2-2031,text,true,,621,2613,1,2,https://api-scuda.uat.oci.krungsri.tech/ords/api/v1/customer/individual/searchprofile,35,0,21
1778849911089,92,GetIndividual,200,OK,GetIndividual 1-1237,text,true,,3814,3587,1,1,https://api-scuda.uat.oci.krungsri.tech/ic/api/v1/customer/individual/getprofile,92,0,19
1778849911197,35,SearchIndividual,200,OK,SearchIndividual 2-2032,text,true,,621,2613,1,2,https://api-scuda.uat.oci.krungsri.tech/ords/api/v1/customer/individual/searchprofile,35,0,19
1778849911243,25,SearchIndividual,200,OK,SearchIndividual 2-2033,text,true,,621,2613,2,4,https://api-scuda.uat.oci.krungsri.tech/ords/api/v1/customer/individual/searchprofile,25,0,14
1778849911256,30,SearchIndividual,200,OK,SearchIndividual 2-2034,text,true,,621,2613,1,3,https://api-scuda.uat.oci.krungsri.tech/ords/api/v1/customer/individual/searchprofile,30,0,19
1778849911231,102,GetJuristic,200,OK,GetJuristic 5-42,text,true,,3514,3533,1,2,https://api-scuda.uat.oci.krungsri.tech/ic/api/v1/customer/juristic/getprofile,102,0,28
1778849911248,91,GetJoint,200,OK,GetJoint 9-42,text,true,,1429,3530,1,1,https://api-scuda.uat.oci.krungsri.tech/ic/api/v1/customer/joint/getprofile,91,0,21
1778849911349,90,GetIndividual,200,OK,GetIndividual 1-1238,text,true,,3838,3588,1,5,https://api-scuda.uat.oci.krungsri.tech/ic/api/v1/customer/individual/getprofile,90,0,23
1778849911360,131,UpdateJoint,200,OK,UpdateJoint 12-42,text,true,,800,3614,1,6,https://api-scuda.uat.oci.krungsri.tech/ic/api/v1/customer/joint/updateprofile,131,0,12
1778849911470,37,SearchIndividual,200,OK,SearchIndividual 2-2035,text,true,,621,2613,2,5,https://api-scuda.uat.oci.krungsri.tech/ords/api/v1/customer/individual/searchprofile,37,0,20
1778849911470,38,SearchIndividual,200,OK,SearchIndividual 2-2036,text,true,,621,2602,1,4,https://api-scuda.uat.oci.krungsri.tech/ords/api/v1/customer/individual/searchprofile,38,0,20
1778849911356,159,UpdateIndividual,200,OK,UpdateIndividual 4-819,text,true,,800,5563,1,3,https://api-scuda.uat.oci.krungsri.tech/ic/api/v1/customer/individual/updateprofile,159,0,21
1778849911390,173,UpdateJuristic,200,OK,UpdateJuristic 8-42,text,true,,800,4424,1,3,https://api-scuda.uat.oci.krungsri.tech/ic/api/v1/customer/juristic/updateprofile,173,0,24
1778849911540,34,SearchIndividual,200,OK,SearchIndividual 2-2037,text,true,,621,2613,1,3,https://api-scuda.uat.oci.krungsri.tech/ords/api/v1/customer/individual/searchprofile,34,0,23
1778849911628,35,SearchJuristic,200,OK,SearchJuristic 6-42,text,true,,621,2610,1,8,https://api-scuda.uat.oci.krungsri.tech/ords/api/v1/customer/juristic/searchprofile,35,0,19
1778849911571,97,GetIndividual,200,OK,GetIndividual 1-1239,text,true,,3828,3588,3,7,https://api-scuda.uat.oci.krungsri.tech/ic/api/v1/customer/individual/getprofile,97,0,22
1778849911379,330,CreateIndividual,201,Created,CreateIndividual 3-42,text,true,,1172,8510,1,6,https://api-scuda.uat.oci.krungsri.tech/ic/api/v1/customer/individual/createprofile,330,0,20
1778849911632,116,GetIndividual,200,OK,GetIndividual 1-1240,text,true,,3850,3588,3,8,https://api-scuda.uat.oci.krungsri.tech/ic/api/v1/customer/individual/getprofile,116,0,20
1778849911727,32,SearchIndividual,200,OK,SearchIndividual 2-2038,text,true,,620,2612,1,7,https://api-scuda.uat.oci.krungsri.tech/ords/api/v1/customer/individual/searchprofile,32,0,20
1778849911657,108,GetIndividual,200,OK,GetIndividual 1-1241,text,true,,3859,3588,2,6,https://api-scuda.uat.oci.krungsri.tech/ic/api/v1/customer/individual/getprofile,108,0,17
1778849911605,160,UpdateIndividual,200,OK,UpdateIndividual 4-820,text,true,,800,5548,3,6,https://api-scuda.uat.oci.krungsri.tech/ic/api/v1/customer/individual/updateprofile,160,0,23
1778849911659,110,UpdateIndividual,200,OK,UpdateIndividual 4-821,text,true,,800,4227,2,4,https://api-scuda.uat.oci.krungsri.tech/ic/api/v1/customer/individual/updateprofile,110,0,18
1778849911776,32,SearchIndividual,200,OK,SearchIndividual 2-2039,text,true,,621,2613,1,6,https://api-scuda.uat.oci.krungsri.tech/ords/api/v1/customer/individual/searchprofile,32,0,21
1778849911733,94,GetIndividual,200,OK,GetIndividual 1-1242,text,true,,3877,3588,2,5,https://api-scuda.uat.oci.krungsri.tech/ic/api/v1/customer/individual/getprofile,94,0,21
1778849911847,42,SearchIndividual,200,OK,SearchIndividual 2-2040,text,true,,621,2611,2,7,https://api-scuda.uat.oci.krungsri.tech/ords/api/v1/customer/individual/searchprofile,41,0,28
1778849911748,154,UpdateIndividual,200,OK,UpdateIndividual 4-822,text,true,,800,4228,1,7,https://api-scuda.uat.oci.krungsri.tech/ic/api/v1/customer/individual/updateprofile,154,0,17
1778849911805,100,GetIndividual,200,OK,GetIndividual 1-1243,text,true,,3877,3588,1,6,https://api-scuda.uat.oci.krungsri.tech/ic/api/v1/customer/individual/getprofile,100,0,22
1778849911885,34,SearchJuristic,200,OK,SearchJuristic 6-43,text,true,,9022,2606,1,5,https://api-scuda.uat.oci.krungsri.tech/ords/api/v1/customer/juristic/searchprofile,34,0,22
1778849911883,39,SearchIndividual,200,OK,SearchIndividual 2-2041,text,true,,620,2612,1,4,https://api-scuda.uat.oci.krungsri.tech/ords/api/v1/customer/individual/searchprofile,39,0,16
1778849911636,385,CreateJuristic,201,Created,CreateJuristic 7-42,text,true,,1172,8325,1,6,https://api-scuda.uat.oci.krungsri.tech/ic/api/v1/customer/juristic/createprofile,385,0,21
1778849911941,89,GetJoint,200,OK,GetJoint 9-43,text,true,,1429,3530,1,5,https://api-scuda.uat.oci.krungsri.tech/ic/api/v1/customer/joint/getprofile,89,0,16
1778849912015,34,SearchIndividual,200,OK,SearchIndividual 2-2042,text,true,,621,2626,1,4,https://api-scuda.uat.oci.krungsri.tech/ords/api/v1/customer/individual/searchprofile,34,0,23
1778849911898,155,UpdateJuristic,200,OK,UpdateJuristic 8-43,text,true,,800,4423,1,3,https://api-scuda.uat.oci.krungsri.tech/ic/api/v1/customer/juristic/updateprofile,155,0,21
1778849911788,287,CreateJoint,200,OK,CreateJoint 11-42,text,true,,1813,5830,1,4,https://api-scuda.uat.oci.krungsri.tech/ic/api/v1/customer/joint/createprofile,287,0,23
1778849912054,28,SearchIndividual,200,OK,SearchIndividual 2-2043,text,true,,621,2605,2,4,https://api-scuda.uat.oci.krungsri.tech/ords/api/v1/customer/individual/searchprofile,28,0,17
1778849912063,28,SearchIndividual,200,OK,SearchIndividual 2-2044,text,true,,621,2613,1,3,https://api-scuda.uat.oci.krungsri.tech/ords/api/v1/customer/individual/searchprofile,28,0,16
1778849912020,120,UpdateIndividual,200,OK,UpdateIndividual 4-823,text,true,,800,4229,2,2,https://api-scuda.uat.oci.krungsri.tech/ic/api/v1/customer/individual/updateprofile,120,0,15
1778849912080,115,UpdateIndividual,200,OK,UpdateIndividual 4-824,text,true,,800,4229,1,3,https://api-scuda.uat.oci.krungsri.tech/ic/api/v1/customer/individual/updateprofile,115,0,20
1778849912212,39,SearchIndividual,200,OK,SearchIndividual 2-2045,text,true,,621,2613,1,3,https://api-scuda.uat.oci.krungsri.tech/ords/api/v1/customer/individual/searchprofile,39,0,26
1778849912159,95,GetIndividual,200,OK,GetIndividual 1-1244,text,true,,3855,3588,1,2,https://api-scuda.uat.oci.krungsri.tech/ic/api/v1/customer/individual/getprofile,95,0,16
1778849912303,26,SearchIndividual,200,OK,SearchIndividual 2-2046,text,true,,620,2627,1,3,https://api-scuda.uat.oci.krungsri.tech/ords/api/v1/customer/individual/searchprofile,26,0,14
1778849912313,96,GetIndividual,200,OK,GetIndividual 1-1245,text,true,,3843,3588,2,7,https://api-scuda.uat.oci.krungsri.tech/ic/api/v1/customer/individual/getprofile,96,0,19
1778849912383,41,SearchIndividual,200,OK,SearchIndividual 2-2047,text,true,,621,2613,3,6,https://api-scuda.uat.oci.krungsri.tech/ords/api/v1/customer/individual/searchprofile,41,0,20
1778849912397,30,SearchIndividual,200,OK,SearchIndividual 2-2048,text,true,,621,2609,2,5,https://api-scuda.uat.oci.krungsri.tech/ords/api/v1/customer/individual/searchprofile,30,0,20
1778849912402,29,SearchIndividual,200,OK,SearchIndividual 2-2049,text,true,,621,2604,1,4,https://api-scuda.uat.oci.krungsri.tech/ords/api/v1/customer/individual/searchprofile,29,0,17
1778849912358,87,GetIndividual,200,OK,GetIndividual 1-1246,text,true,,3790,3588,2,5,https://api-scuda.uat.oci.krungsri.tech/ic/api/v1/customer/individual/getprofile,87,0,12
1778849912445,23,SearchJoint,200,OK,SearchJoint 10-43,text,true,,621,2627,1,5,https://api-scuda.uat.oci.krungsri.tech/ords/api/v1/customer/joint/searchprofile,23,0,11
1778849912453,28,SearchIndividual,200,OK,SearchIndividual 2-2050,text,true,,621,2613,1,4,https://api-scuda.uat.oci.krungsri.tech/ords/api/v1/customer/individual/searchprofile,28,0,18
1778849912445,86,GetIndividual,200,OK,GetIndividual 1-1247,text,true,,3813,3588,3,6,https://api-scuda.uat.oci.krungsri.tech/ic/api/v1/customer/individual/getprofile,86,0,12
1778849912181,358,CreateJuristic,201,Created,CreateJuristic 7-43,text,true,,1172,8336,1,6,https://api-scuda.uat.oci.krungsri.tech/ic/api/v1/customer/juristic/createprofile,358,0,15
1778849912512,28,SearchIndividual,200,OK,SearchIndividual 2-2051,text,true,,621,2652,2,6,https://api-scuda.uat.oci.krungsri.tech/ords/api/v1/customer/individual/searchprofile,28,0,16
1778849912394,159,UpdateIndividual,200,OK,UpdateIndividual 4-825,text,true,,800,5552,1,6,https://api-scuda.uat.oci.krungsri.tech/ic/api/v1/customer/individual/updateprofile,159,0,24
1778849912537,33,SearchIndividual,200,OK,SearchIndividual 2-2052,text,true,,621,2613,2,8,https://api-scuda.uat.oci.krungsri.tech/ords/api/v1/customer/individual/searchprofile,33,0,20
1778849912492,97,GetIndividual,200,OK,GetIndividual 1-1248,text,true,,3841,3588,3,9,https://api-scuda.uat.oci.krungsri.tech/ic/api/v1/customer/individual/getprofile,97,0,23
1778849912507,89,GetIndividual,200,OK,GetIndividual 1-1249,text,true,,3877,3588,2,8,https://api-scuda.uat.oci.krungsri.tech/ic/api/v1/customer/individual/getprofile,89,0,21
1778849912565,35,SearchIndividual,200,OK,SearchIndividual 2-2053,text,true,,621,2638,1,7,https://api-scuda.uat.oci.krungsri.tech/ords/api/v1/customer/individual/searchprofile,34,0,22
1778849912540,95,GetIndividual,200,OK,GetIndividual 1-1250,text,true,,3845,3588,2,7,https://api-scuda.uat.oci.krungsri.tech/ic/api/v1/customer/individual/getprofile,95,0,18
1778849912627,91,GetIndividual,200,OK,GetIndividual 1-1251,text,true,,3794,3588,1,6,https://api-scuda.uat.oci.krungsri.tech/ic/api/v1/customer/individual/getprofile,91,0,20
1778849912566,157,UpdateIndividual,200,OK,UpdateIndividual 4-826,text,true,,800,5621,2,5,https://api-scuda.uat.oci.krungsri.tech/ic/api/v1/customer/individual/updateprofile,157,0,20
1778849912585,140,UpdateJoint,200,OK,UpdateJoint 12-43,text,true,,800,4551,1,4,https://api-scuda.uat.oci.krungsri.tech/ic/api/v1/customer/joint/updateprofile,140,0,15
1778849912574,157,UpdateIndividual,200,OK,UpdateIndividual 4-827,text,true,,800,5605,1,3,https://api-scuda.uat.oci.krungsri.tech/ic/api/v1/customer/individual/updateprofile,157,0,22
1778849912739,36,SearchIndividual,200,OK,SearchIndividual 2-2054,text,true,,620,2601,1,4,https://api-scuda.uat.oci.krungsri.tech/ords/api/v1/customer/individual/searchprofile,36,0,23
1778849912581,244,GetJuristic,200,OK,GetJuristic 5-43,text,true,,3541,3533,1,6,https://api-scuda.uat.oci.krungsri.tech/ic/api/v1/customer/juristic/getprofile,244,0,18
1778849912798,37,SearchIndividual,200,OK,SearchIndividual 2-2055,text,true,,620,2612,1,5,https://api-scuda.uat.oci.krungsri.tech/ords/api/v1/customer/individual/searchprofile,37,0,24
1778849912747,95,GetIndividual,200,OK,GetIndividual 1-1252,text,true,,3848,3588,2,5,https://api-scuda.uat.oci.krungsri.tech/ic/api/v1/customer/individual/getprofile,95,0,17
1778849912548,322,CreateIndividual,201,Created,CreateIndividual 3-43,text,true,,1163,8719,1,6,https://api-scuda.uat.oci.krungsri.tech/ic/api/v1/customer/individual/createprofile,322,0,21
1778849912787,114,UpdateIndividual,200,OK,UpdateIndividual 4-828,text,true,,800,4227,2,7,https://api-scuda.uat.oci.krungsri.tech/ic/api/v1/customer/individual/updateprofile,114,0,23
1778849912872,31,SearchJoint,200,OK,SearchJoint 10-44,text,true,,621,2627,1,6,https://api-scuda.uat.oci.krungsri.tech/ords/api/v1/customer/joint/searchprofile,31,0,19
1778849912838,78,GetIndividual,200,OK,GetIndividual 1-1253,text,true,,3855,3588,2,6,https://api-scuda.uat.oci.krungsri.tech/ic/api/v1/customer/individual/getprofile,78,0,11
1778849912863,86,GetJuristic,200,OK,GetJuristic 5-44,text,true,,3517,3533,1,8,https://api-scuda.uat.oci.krungsri.tech/ic/api/v1/customer/juristic/getprofile,86,0,16
1778849912908,45,SearchIndividual,200,OK,SearchIndividual 2-2056,text,true,,621,2613,5,9,https://api-scuda.uat.oci.krungsri.tech/ords/api/v1/customer/individual/searchprofile,45,0,30
1778849912922,35,SearchIndividual,200,OK,SearchIndividual 2-2057,text,true,,621,2631,4,8,https://api-scuda.uat.oci.krungsri.tech/ords/api/v1/customer/individual/searchprofile,35,0,21
1778849912938,30,SearchIndividual,200,OK,SearchIndividual 2-2059,text,true,,621,2641,3,7,https://api-scuda.uat.oci.krungsri.tech/ords/api/v1/customer/individual/searchprofile,30,0,17
1778849912929,42,SearchIndividual,200,OK,SearchIndividual 2-2058,text,true,,14361,2611,2,6,https://api-scuda.uat.oci.krungsri.tech/ords/api/v1/customer/individual/searchprofile,41,0,18
1778849912892,87,GetIndividual,200,OK,GetIndividual 1-1254,text,true,,3862,3588,1,5,https://api-scuda.uat.oci.krungsri.tech/ic/api/v1/customer/individual/getprofile,87,0,20
1778849912953,39,SearchIndividual,200,OK,SearchIndividual 2-2060,text,true,,621,2613,1,4,https://api-scuda.uat.oci.krungsri.tech/ords/api/v1/customer/individual/searchprofile,39,0,18
1778849912800,199,CreateJoint,200,OK,CreateJoint 11-43,text,true,,1812,5770,1,4,https://api-scuda.uat.oci.krungsri.tech/ic/api/v1/customer/joint/createprofile,199,0,20
1778849912856,149,UpdateIndividual,200,OK,UpdateIndividual 4-829,text,true,,800,5681,2,3,https://api-scuda.uat.oci.krungsri.tech/ic/api/v1/customer/individual/updateprofile,149,0,9
1778849912956,151,UpdateIndividual,200,OK,UpdateIndividual 4-830,text,true,,800,5544,2,7,https://api-scuda.uat.oci.krungsri.tech/ic/api/v1/customer/individual/updateprofile,151,0,12
1778849912997,116,GetIndividual,200,OK,GetIndividual 1-1255,text,true,,3799,3588,1,6,https://api-scuda.uat.oci.krungsri.tech/ic/api/v1/customer/individual/getprofile,116,0,30
1778849913104,31,SearchIndividual,200,OK,SearchIndividual 2-2061,text,true,,621,2605,1,5,https://api-scuda.uat.oci.krungsri.tech/ords/api/v1/customer/individual/searchprofile,30,0,16
1778849913143,29,SearchIndividual,200,OK,SearchIndividual 2-2062,text,true,,621,2602,2,6,https://api-scuda.uat.oci.krungsri.tech/ords/api/v1/customer/individual/searchprofile,29,0,18
1778849913068,105,UpdateIndividual,200,OK,UpdateIndividual 4-831,text,true,,800,4228,1,6,https://api-scuda.uat.oci.krungsri.tech/ic/api/v1/customer/individual/updateprofile,105,0,11
1778849913154,31,SearchIndividual,200,OK,SearchIndividual 2-2063,text,true,,14013,2604,1,4,https://api-scuda.uat.oci.krungsri.tech/ords/api/v1/customer/individual/searchprofile,30,0,16
1778849913267,34,SearchIndividual,200,OK,SearchIndividual 2-2065,text,true,,14096,2604,2,9,https://api-scuda.uat.oci.krungsri.tech/ords/api/v1/customer/individual/searchprofile,34,0,19
1778849913265,45,SearchIndividual,200,OK,SearchIndividual 2-2064,text,true,,621,2604,2,9,https://api-scuda.uat.oci.krungsri.tech/ords/api/v1/customer/individual/searchprofile,45,0,23
1778849913232,89,GetIndividual,200,OK,GetIndividual 1-1256,text,true,,3812,3588,2,8,https://api-scuda.uat.oci.krungsri.tech/ic/api/v1/customer/individual/getprofile,89,0,11
1778849913236,86,GetIndividual,200,OK,GetIndividual 1-1257,text,true,,3811,3588,1,7,https://api-scuda.uat.oci.krungsri.tech/ic/api/v1/customer/individual/getprofile,86,0,15
1778849913022,321,UpdateJoint,200,OK,UpdateJoint 12-44,text,true,,800,3614,1,6,https://api-scuda.uat.oci.krungsri.tech/ic/api/v1/customer/joint/updateprofile,321,0,26
1778849913308,58,SearchIndividual,200,OK,SearchIndividual 2-2066,text,true,,621,2613,1,6,https://api-scuda.uat.oci.krungsri.tech/ords/api/v1/customer/individual/searchprofile,58,0,39
1778849913239,141,UpdateIndividual,200,OK,UpdateIndividual 4-832,text,true,,800,4229,1,7,https://api-scuda.uat.oci.krungsri.tech/ic/api/v1/customer/individual/updateprofile,141,0,37
1778849913017,369,CreateJuristic,201,Created,CreateJuristic 7-44,text,true,,1172,8159,1,6,https://api-scuda.uat.oci.krungsri.tech/ic/api/v1/customer/juristic/createprofile,369,0,21
1778849913372,31,SearchIndividual,200,OK,SearchIndividual 2-2067,text,true,,621,2605,1,5,https://api-scuda.uat.oci.krungsri.tech/ords/api/v1/customer/individual/searchprofile,31,0,20
1778849913104,325,CreateJoint,200,OK,CreateJoint 11-44,text,true,,1813,5686,1,6,https://api-scuda.uat.oci.krungsri.tech/ic/api/v1/customer/joint/createprofile,325,0,38
1778849913303,144,UpdateJuristic,200,OK,UpdateJuristic 8-44,text,true,,800,4425,1,5,https://api-scuda.uat.oci.krungsri.tech/ic/api/v1/customer/juristic/updateprofile,144,0,16
1778849913417,30,SearchIndividual,200,OK,SearchIndividual 2-2068,text,true,,621,2632,1,5,https://api-scuda.uat.oci.krungsri.tech/ords/api/v1/customer/individual/searchprofile,30,0,18
1778849913357,92,GetIndividual,200,OK,GetIndividual 1-1258,text,true,,3880,3588,3,3,https://api-scuda.uat.oci.krungsri.tech/ic/api/v1/customer/individual/getprofile,91,0,17
1778849913373,87,GetIndividual,200,OK,GetIndividual 1-1259,text,true,,3857,3588,2,2,https://api-scuda.uat.oci.krungsri.tech/ic/api/v1/customer/individual/getprofile,87,0,12
1778849913466,36,SearchIndividual,200,OK,SearchIndividual 2-2069,text,true,,13888,2605,2,4,https://api-scuda.uat.oci.krungsri.tech/ords/api/v1/customer/individual/searchprofile,35,0,20
1778849913474,34,SearchIndividual,200,OK,SearchIndividual 2-2070,text,true,,621,2635,2,4,https://api-scuda.uat.oci.krungsri.tech/ords/api/v1/customer/individual/searchprofile,34,0,22
1778849913423,92,GetIndividual,200,OK,GetIndividual 1-1260,text,true,,3887,3588,2,4,https://api-scuda.uat.oci.krungsri.tech/ic/api/v1/customer/individual/getprofile,92,0,19
1778849913507,22,SearchIndividual,200,OK,SearchIndividual 2-2071,text,true,,621,2620,2,3,https://api-scuda.uat.oci.krungsri.tech/ords/api/v1/customer/individual/searchprofile,22,0,11
1778849913515,28,SearchIndividual,200,OK,SearchIndividual 2-2072,text,true,,621,2655,1,3,https://api-scuda.uat.oci.krungsri.tech/ords/api/v1/customer/individual/searchprofile,28,0,17
1778849913551,30,SearchIndividual,200,OK,SearchIndividual 2-2073,text,true,,621,2613,1,5,https://api-scuda.uat.oci.krungsri.tech/ords/api/v1/customer/individual/searchprofile,30,0,19
1778849913498,88,GetIndividual,200,OK,GetIndividual 1-1261,text,true,,3816,3588,2,4,https://api-scuda.uat.oci.krungsri.tech/ic/api/v1/customer/individual/getprofile,88,0,18
1778849913551,84,GetIndividual,200,OK,GetIndividual 1-1262,text,true,,3804,3588,2,4,https://api-scuda.uat.oci.krungsri.tech/ic/api/v1/customer/individual/getprofile,84,0,14
1778849913538,115,UpdateIndividual,200,OK,UpdateIndividual 4-833,text,true,,800,4228,3,6,https://api-scuda.uat.oci.krungsri.tech/ic/api/v1/customer/individual/updateprofile,115,0,14
1778849913651,25,SearchIndividual,200,OK,SearchIndividual 2-2074,text,true,,621,2644,1,6,https://api-scuda.uat.oci.krungsri.tech/ords/api/v1/customer/individual/searchprofile,24,0,13
1778849913571,116,UpdateIndividual,200,OK,UpdateIndividual 4-834,text,true,,800,4227,2,5,https://api-scuda.uat.oci.krungsri.tech/ic/api/v1/customer/individual/updateprofile,116,0,17
1778849913625,89,GetIndividual,200,OK,GetIndividual 1-1263,text,true,,3895,3588,1,4,https://api-scuda.uat.oci.krungsri.tech/ic/api/v1/customer/individual/getprofile,89,0,14
1778849913654,93,GetJoint,200,OK,GetJoint 9-44,text,true,,1431,3530,1,4,https://api-scuda.uat.oci.krungsri.tech/ic/api/v1/customer/joint/getprofile,93,0,22
1778849913653,103,UpdateIndividual,200,OK,UpdateIndividual 4-835,text,true,,800,4230,1,3,https://api-scuda.uat.oci.krungsri.tech/ic/api/v1/customer/individual/updateprofile,103,0,12
1778849913766,31,SearchIndividual,200,OK,SearchIndividual 2-2075,text,true,,620,2601,1,5,https://api-scuda.uat.oci.krungsri.tech/ords/api/v1/customer/individual/searchprofile,31,0,18
1778849913784,33,SearchJuristic,200,OK,SearchJuristic 6-44,text,true,,621,2648,1,4,https://api-scuda.uat.oci.krungsri.tech/ords/api/v1/customer/juristic/searchprofile,33,0,21
1778849913734,89,GetIndividual,200,OK,GetIndividual 1-1264,text,true,,3791,3588,1,3,https://api-scuda.uat.oci.krungsri.tech/ic/api/v1/customer/individual/getprofile,89,0,22
1778849913839,30,SearchIndividual,200,OK,SearchIndividual 2-2076,text,true,,621,2613,2,5,https://api-scuda.uat.oci.krungsri.tech/ords/api/v1/customer/individual/searchprofile,30,0,18
1778849913853,37,SearchIndividual,200,OK,SearchIndividual 2-2077,text,true,,621,2628,1,4,https://api-scuda.uat.oci.krungsri.tech/ords/api/v1/customer/individual/searchprofile,37,0,23
1778849913902,31,SearchIndividual,200,OK,SearchIndividual 2-2078,text,true,,620,2633,1,5,https://api-scuda.uat.oci.krungsri.tech/ords/api/v1/customer/individual/searchprofile,30,0,19
1778849913790,165,UpdateIndividual,200,OK,UpdateIndividual 4-836,text,true,,800,5628,2,5,https://api-scuda.uat.oci.krungsri.tech/ic/api/v1/customer/individual/updateprofile,165,0,20
1778849913659,302,CreateIndividual,201,Created,CreateIndividual 3-44,text,true,,1172,8421,1,5,https://api-scuda.uat.oci.krungsri.tech/ic/api/v1/customer/individual/createprofile,302,0,12
1778849913866,160,UpdateIndividual,200,OK,UpdateIndividual 4-837,text,true,,800,5554,1,10,https://api-scuda.uat.oci.krungsri.tech/ic/api/v1/customer/individual/updateprofile,160,0,18
1778849914019,24,SearchIndividual,200,OK,SearchIndividual 2-2079,text,true,,621,2613,3,9,https://api-scuda.uat.oci.krungsri.tech/ords/api/v1/customer/individual/searchprofile,24,0,11
1778849914021,26,SearchIndividual,200,OK,SearchIndividual 2-2080,text,true,,621,2613,2,8,https://api-scuda.uat.oci.krungsri.tech/ords/api/v1/customer/individual/searchprofile,25,0,15
1778849914025,25,SearchIndividual,200,OK,SearchIndividual 2-2081,text,true,,621,2613,1,7,https://api-scuda.uat.oci.krungsri.tech/ords/api/v1/customer/individual/searchprofile,24,0,13
1778849913958,96,GetIndividual,200,OK,GetIndividual 1-1265,text,true,,3855,3588,3,6,https://api-scuda.uat.oci.krungsri.tech/ic/api/v1/customer/individual/getprofile,96,0,18
1778849913988,84,GetJoint,200,OK,GetJoint 9-45,text,true,,1429,3530,1,7,https://api-scuda.uat.oci.krungsri.tech/ic/api/v1/customer/joint/getprofile,84,0,18
1778849913998,84,GetIndividual,200,OK,GetIndividual 1-1266,text,true,,3883,3588,2,6,https://api-scuda.uat.oci.krungsri.tech/ic/api/v1/customer/individual/getprofile,84,0,16
1778849914057,31,SearchIndividual,200,OK,SearchIndividual 2-2082,text,true,,621,2613,2,5,https://api-scuda.uat.oci.krungsri.tech/ords/api/v1/customer/individual/searchprofile,31,0,19
1778849914069,34,SearchIndividual,200,OK,SearchIndividual 2-2083,text,true,,621,2647,1,6,https://api-scuda.uat.oci.krungsri.tech/ords/api/v1/customer/individual/searchprofile,33,0,17
1778849914018,93,GetIndividual,200,OK,GetIndividual 1-1267,text,true,,3863,3588,2,5,https://api-scuda.uat.oci.krungsri.tech/ic/api/v1/customer/individual/getprofile,93,0,15
1778849913950,205,UpdateJuristic,200,OK,UpdateJuristic 8-45,text,true,,800,5783,1,8,https://api-scuda.uat.oci.krungsri.tech/ic/api/v1/customer/juristic/updateprofile,205,0,19
1778849913935,209,CreateJoint,200,OK,CreateJoint 11-45,text,true,,1813,5650,1,7,https://api-scuda.uat.oci.krungsri.tech/ic/api/v1/customer/joint/createprofile,209,0,22
1778849914130,32,SearchIndividual,200,OK,SearchIndividual 2-2084,text,true,,621,2613,2,6,https://api-scuda.uat.oci.krungsri.tech/ords/api/v1/customer/individual/searchprofile,32,0,21
1778849914153,33,SearchIndividual,200,OK,SearchIndividual 2-2085,text,true,,621,2610,1,6,https://api-scuda.uat.oci.krungsri.tech/ords/api/v1/customer/individual/searchprofile,33,0,21
1778849914100,108,GetIndividual,200,OK,GetIndividual 1-1268,text,true,,3805,3588,2,6,https://api-scuda.uat.oci.krungsri.tech/ic/api/v1/customer/individual/getprofile,108,0,34
1778849914128,89,GetIndividual,200,OK,GetIndividual 1-1269,text,true,,3819,3588,1,5,https://api-scuda.uat.oci.krungsri.tech/ic/api/v1/customer/individual/getprofile,89,0,13
1778849914237,38,SearchIndividual,200,OK,SearchIndividual 2-2086,text,true,,621,2600,1,5,https://api-scuda.uat.oci.krungsri.tech/ords/api/v1/customer/individual/searchprofile,38,0,26
1778849914181,110,UpdateIndividual,200,OK,UpdateIndividual 4-838,text,true,,800,4228,2,4,https://api-scuda.uat.oci.krungsri.tech/ic/api/v1/customer/individual/updateprofile,110,0,16
1778849914193,122,UpdateIndividual,200,OK,UpdateIndividual 4-839,text,true,,800,4227,1,3,https://api-scuda.uat.oci.krungsri.tech/ic/api/v1/customer/individual/updateprofile,122,0,20
1778849914333,28,SearchIndividual,200,OK,SearchIndividual 2-2087,text,true,,621,2613,5,10,https://api-scuda.uat.oci.krungsri.tech/ords/api/v1/customer/individual/searchprofile,28,0,16
1778849914339,27,SearchIndividual,200,OK,SearchIndividual 2-2088,text,true,,621,2600,4,9,https://api-scuda.uat.oci.krungsri.tech/ords/api/v1/customer/individual/searchprofile,27,0,17
1778849914352,29,SearchIndividual,200,OK,SearchIndividual 2-2090,text,true,,621,2612,3,8,https://api-scuda.uat.oci.krungsri.tech/ords/api/v1/customer/individual/searchprofile,29,0,18
1778849914352,31,SearchIndividual,200,OK,SearchIndividual 2-2089,text,true,,621,2643,2,7,https://api-scuda.uat.oci.krungsri.tech/ords/api/v1/customer/individual/searchprofile,31,0,21
1778849914357,28,SearchIndividual,200,OK,SearchIndividual 2-2091,text,true,,621,2613,2,7,https://api-scuda.uat.oci.krungsri.tech/ords/api/v1/customer/individual/searchprofile,28,0,16
1778849914386,31,SearchIndividual,200,OK,SearchIndividual 2-2092,text,true,,621,2613,1,6,https://api-scuda.uat.oci.krungsri.tech/ords/api/v1/customer/individual/searchprofile,30,0,17
1778849914338,86,GetIndividual,200,OK,GetIndividual 1-1271,text,true,,3799,3588,2,5,https://api-scuda.uat.oci.krungsri.tech/ic/api/v1/customer/individual/getprofile,86,0,16
1778849914325,101,GetIndividual,200,OK,GetIndividual 1-1270,text,true,,3848,3588,1,4,https://api-scuda.uat.oci.krungsri.tech/ic/api/v1/customer/individual/getprofile,101,0,20
1778849914128,298,CreateIndividual,201,Created,CreateIndividual 3-45,text,true,,1172,8439,1,3,https://api-scuda.uat.oci.krungsri.tech/ic/api/v1/customer/individual/createprofile,298,0,18
1778849914093,370,CreateJuristic,201,Created,CreateJuristic 7-45,text,true,,1171,7658,1,5,https://api-scuda.uat.oci.krungsri.tech/ic/api/v1/customer/juristic/createprofile,370,0,34
1778849914439,30,SearchIndividual,200,OK,SearchIndividual 2-2093,text,true,,621,2602,1,5,https://api-scuda.uat.oci.krungsri.tech/ords/api/v1/customer/individual/searchprofile,30,0,18
1778849914327,157,UpdateIndividual,200,OK,UpdateIndividual 4-840,text,true,,800,5628,3,4,https://api-scuda.uat.oci.krungsri.tech/ic/api/v1/customer/individual/updateprofile,157,0,18
1778849914436,84,GetIndividual,200,OK,GetIndividual 1-1272,text,true,,3868,3588,1,4,https://api-scuda.uat.oci.krungsri.tech/ic/api/v1/customer/individual/getprofile,84,0,11
1778849914518,22,SearchIndividual,200,OK,SearchIndividual 2-2094,text,true,,14319,2604,2,5,https://api-scuda.uat.oci.krungsri.tech/ords/api/v1/customer/individual/searchprofile,21,0,9
1778849914531,22,SearchIndividual,200,OK,SearchIndividual 2-2095,text,true,,620,2611,1,4,https://api-scuda.uat.oci.krungsri.tech/ords/api/v1/customer/individual/searchprofile,21,0,11
1778849914445,117,UpdateIndividual,200,OK,UpdateIndividual 4-841,text,true,,800,4228,2,5,https://api-scuda.uat.oci.krungsri.tech/ic/api/v1/customer/individual/updateprofile,117,0,18
1778849914467,149,UpdateIndividual,200,OK,UpdateIndividual 4-842,text,true,,800,5601,3,9,https://api-scuda.uat.oci.krungsri.tech/ic/api/v1/customer/individual/updateprofile,149,0,12
1778849914589,32,SearchJuristic,200,OK,SearchJuristic 6-45,text,true,,621,2611,1,8,https://api-scuda.uat.oci.krungsri.tech/ords/api/v1/customer/juristic/searchprofile,32,0,20
1778849914537,93,GetIndividual,200,OK,GetIndividual 1-1273,text,true,,3819,3587,3,8,https://api-scuda.uat.oci.krungsri.tech/ic/api/v1/customer/individual/getprofile,93,0,16
1778849914554,78,GetIndividual,200,OK,GetIndividual 1-1274,text,true,,3827,3588,2,7,https://api-scuda.uat.oci.krungsri.tech/ic/api/v1/customer/individual/getprofile,78,0,8
1778849914614,25,SearchIndividual,200,OK,SearchIndividual 2-2096,text,true,,621,2613,1,6,https://api-scuda.uat.oci.krungsri.tech/ords/api/v1/customer/individual/searchprofile,25,0,13
1778849914570,118,UpdateIndividual,200,OK,UpdateIndividual 4-843,text,true,,800,4227,3,8,https://api-scuda.uat.oci.krungsri.tech/ic/api/v1/customer/individual/updateprofile,118,0,19
1778849914597,93,GetIndividual,200,OK,GetIndividual 1-1275,text,true,,3812,3588,3,7,https://api-scuda.uat.oci.krungsri.tech/ic/api/v1/customer/individual/getprofile,93,0,21
1778849914595,103,UpdateIndividual,200,OK,UpdateIndividual 4-844,text,true,,798,4225,2,6,https://api-scuda.uat.oci.krungsri.tech/ic/api/v1/customer/individual/updateprofile,103,0,13
1778849914645,87,GetIndividual,200,OK,GetIndividual 1-1276,text,true,,3852,3588,2,5,https://api-scuda.uat.oci.krungsri.tech/ic/api/v1/customer/individual/getprofile,87,0,10
1778849914661,85,GetIndividual,200,OK,GetIndividual 1-1277,text,true,,3859,3588,1,5,https://api-scuda.uat.oci.krungsri.tech/ic/api/v1/customer/individual/getprofile,85,0,16
1778849914554,211,GetJuristic,200,OK,GetJuristic 5-45,text,true,,3516,3533,1,7,https://api-scuda.uat.oci.krungsri.tech/ic/api/v1/customer/juristic/getprofile,211,0,19
1778849914633,141,UpdateJoint,200,OK,UpdateJoint 12-45,text,true,,800,4576,1,7,https://api-scuda.uat.oci.krungsri.tech/ic/api/v1/customer/joint/updateprofile,141,0,16
1778849914765,31,SearchIndividual,200,OK,SearchIndividual 2-2098,text,true,,621,2616,2,6,https://api-scuda.uat.oci.krungsri.tech/ords/api/v1/customer/individual/searchprofile,31,0,19
1778849914762,44,SearchIndividual,200,OK,SearchIndividual 2-2097,text,true,,621,2613,1,6,https://api-scuda.uat.oci.krungsri.tech/ords/api/v1/customer/individual/searchprofile,44,0,21
1778849914775,33,SearchJoint,200,OK,SearchJoint 10-45,text,true,,621,2627,1,6,https://api-scuda.uat.oci.krungsri.tech/ords/api/v1/customer/joint/searchprofile,32,0,17
1778849914807,35,SearchIndividual,200,OK,SearchIndividual 2-2099,text,true,,621,2603,2,6,https://api-scuda.uat.oci.krungsri.tech/ords/api/v1/customer/individual/searchprofile,34,0,20
1778849914751,93,GetIndividual,200,OK,GetIndividual 1-1278,text,true,,3800,3588,2,5,https://api-scuda.uat.oci.krungsri.tech/ic/api/v1/customer/individual/getprofile,93,0,19
1778849914814,38,SearchIndividual,200,OK,SearchIndividual 2-2100,text,true,,621,2613,1,4,https://api-scuda.uat.oci.krungsri.tech/ords/api/v1/customer/individual/searchprofile,37,0,21
1778849914687,166,UpdateIndividual,200,OK,UpdateIndividual 4-845,text,true,,800,5541,2,3,https://api-scuda.uat.oci.krungsri.tech/ic/api/v1/customer/individual/updateprofile,166,0,28
1778849914743,120,UpdateIndividual,200,OK,UpdateIndividual 4-846,text,true,,800,4228,1,3,https://api-scuda.uat.oci.krungsri.tech/ic/api/v1/customer/individual/updateprofile,120,0,19
1778849914802,100,GetIndividual,200,OK,GetIndividual 1-1279,text,true,,3875,3588,2,3,https://api-scuda.uat.oci.krungsri.tech/ic/api/v1/customer/individual/getprofile,100,0,18
1778849914863,42,SearchJoint,200,OK,SearchJoint 10-46,text,true,,621,2627,1,2,https://api-scuda.uat.oci.krungsri.tech/ords/api/v1/customer/joint/searchprofile,42,0,24
1778849914924,32,SearchIndividual,200,OK,SearchIndividual 2-2101,text,true,,621,2601,1,5,https://api-scuda.uat.oci.krungsri.tech/ords/api/v1/customer/individual/searchprofile,31,0,20
1778849914878,105,GetIndividual,200,OK,GetIndividual 1-1280,text,true,,3893,3588,3,5,https://api-scuda.uat.oci.krungsri.tech/ic/api/v1/customer/individual/getprofile,105,0,33
1778849914915,93,GetIndividual,200,OK,GetIndividual 1-1281,text,true,,3750,3588,2,4,https://api-scuda.uat.oci.krungsri.tech/ic/api/v1/customer/individual/getprofile,93,0,13
1778849914919,119,UpdateIndividual,200,OK,UpdateIndividual 4-847,text,true,,800,4231,1,4,https://api-scuda.uat.oci.krungsri.tech/ic/api/v1/customer/individual/updateprofile,119,0,18
1778849914948,98,GetJuristic,200,OK,GetJuristic 5-46,text,true,,3496,3533,1,5,https://api-scuda.uat.oci.krungsri.tech/ic/api/v1/customer/juristic/getprofile,98,0,25
1778849914964,89,GetIndividual,200,OK,GetIndividual 1-1282,text,true,,3837,3588,1,4,https://api-scuda.uat.oci.krungsri.tech/ic/api/v1/customer/individual/getprofile,89,0,17
1778849915032,33,SearchJuristic,200,OK,SearchJuristic 6-46,text,true,,9374,2606,1,3,https://api-scuda.uat.oci.krungsri.tech/ords/api/v1/customer/juristic/searchprofile,33,0,18
1778849915089,23,SearchIndividual,200,OK,SearchIndividual 2-2102,text,true,,620,2605,2,6,https://api-scuda.uat.oci.krungsri.tech/ords/api/v1/customer/individual/searchprofile,23,0,11
1778849915100,28,SearchIndividual,200,OK,SearchIndividual 2-2103,text,true,,621,2647,1,5,https://api-scuda.uat.oci.krungsri.tech/ords/api/v1/customer/individual/searchprofile,28,0,17
1778849915073,105,GetIndividual,200,OK,GetIndividual 1-1283,text,true,,3782,3588,1,6,https://api-scuda.uat.oci.krungsri.tech/ic/api/v1/customer/individual/getprofile,105,0,32
1778849915071,126,UpdateIndividual,200,OK,UpdateIndividual 4-849,text,true,,800,4227,5,6,https://api-scuda.uat.oci.krungsri.tech/ic/api/v1/customer/individual/updateprofile,126,0,18
1778849915048,167,UpdateIndividual,200,OK,UpdateIndividual 4-848,text,true,,800,5631,4,5,https://api-scuda.uat.oci.krungsri.tech/ic/api/v1/customer/individual/updateprofile,167,0,16
1778849915217,29,SearchIndividual,200,OK,SearchIndividual 2-2104,text,true,,620,2628,1,5,https://api-scuda.uat.oci.krungsri.tech/ords/api/v1/customer/individual/searchprofile,28,0,17
1778849915153,110,UpdateIndividual,200,OK,UpdateIndividual 4-850,text,true,,800,4228,3,5,https://api-scuda.uat.oci.krungsri.tech/ic/api/v1/customer/individual/updateprofile,110,0,20
1778849915250,33,SearchIndividual,200,OK,SearchIndividual 2-2105,text,true,,621,2626,4,8,https://api-scuda.uat.oci.krungsri.tech/ords/api/v1/customer/individual/searchprofile,33,0,21
1778849915264,38,SearchIndividual,200,OK,SearchIndividual 2-2106,text,true,,14285,2610,4,10,https://api-scuda.uat.oci.krungsri.tech/ords/api/v1/customer/individual/searchprofile,38,0,15
1778849915162,145,UpdateIndividual,200,OK,UpdateIndividual 4-851,text,true,,800,5644,3,9,https://api-scuda.uat.oci.krungsri.tech/ic/api/v1/customer/individual/updateprofile,145,0,22
1778849915273,35,SearchIndividual,200,OK,SearchIndividual 2-2107,text,true,,621,2613,3,8,https://api-scuda.uat.oci.krungsri.tech/ords/api/v1/customer/individual/searchprofile,35,0,24
1778849915277,34,SearchIndividual,200,OK,SearchIndividual 2-2108,text,true,,621,2655,2,7,https://api-scuda.uat.oci.krungsri.tech/ords/api/v1/customer/individual/searchprofile,33,0,20
1778849915285,35,SearchIndividual,200,OK,SearchIndividual 2-2109,text,true,,621,2613,1,7,https://api-scuda.uat.oci.krungsri.tech/ords/api/v1/customer/individual/searchprofile,35,0,23
1778849915044,293,CreateIndividual,201,Created,CreateIndividual 3-46,text,true,,1172,8012,1,8,https://api-scuda.uat.oci.krungsri.tech/ic/api/v1/customer/individual/createprofile,293,0,20
1778849915193,158,UpdateIndividual,200,OK,UpdateIndividual 4-852,text,true,,800,5606,3,7,https://api-scuda.uat.oci.krungsri.tech/ic/api/v1/customer/individual/updateprofile,158,0,21
1778849915325,31,SearchIndividual,200,OK,SearchIndividual 2-2110,text,true,,621,2613,2,6,https://api-scuda.uat.oci.krungsri.tech/ords/api/v1/customer/individual/searchprofile,31,0,20
1778849915329,29,SearchIndividual,200,OK,SearchIndividual 2-2111,text,true,,619,2607,1,5,https://api-scuda.uat.oci.krungsri.tech/ords/api/v1/customer/individual/searchprofile,28,0,17
1778849915277,95,GetIndividual,200,OK,GetIndividual 1-1284,text,true,,3861,3588,1,4,https://api-scuda.uat.oci.krungsri.tech/ic/api/v1/customer/individual/getprofile,95,0,24
1778849915292,101,GetJoint,200,OK,GetJoint 9-46,text,true,,1429,3530,1,4,https://api-scuda.uat.oci.krungsri.tech/ic/api/v1/customer/joint/getprofile,101,0,21
1778849915385,28,SearchIndividual,200,OK,SearchIndividual 2-2112,text,true,,621,2650,1,3,https://api-scuda.uat.oci.krungsri.tech/ords/api/v1/customer/individual/searchprofile,28,0,17
1778849915304,125,UpdateIndividual,200,OK,UpdateIndividual 4-853,text,true,,799,4228,2,6,https://api-scuda.uat.oci.krungsri.tech/ic/api/v1/customer/individual/updateprofile,125,0,24
1778849915317,125,UpdateIndividual,200,OK,UpdateIndividual 4-854,text,true,,800,4231,1,9,https://api-scuda.uat.oci.krungsri.tech/ic/api/v1/customer/individual/updateprofile,125,0,23
1778849915417,33,SearchIndividual,200,OK,SearchIndividual 2-2113,text,true,,621,2613,5,9,https://api-scuda.uat.oci.krungsri.tech/ords/api/v1/customer/individual/searchprofile,32,0,21
1778849915423,30,SearchIndividual,200,OK,SearchIndividual 2-2114,text,true,,621,2629,4,8,https://api-scuda.uat.oci.krungsri.tech/ords/api/v1/customer/individual/searchprofile,30,0,20
1778849915432,31,SearchIndividual,200,OK,SearchIndividual 2-2115,text,true,,621,2623,3,7,https://api-scuda.uat.oci.krungsri.tech/ords/api/v1/customer/individual/searchprofile,31,0,21
1778849915435,30,SearchIndividual,200,OK,SearchIndividual 2-2116,text,true,,621,2620,2,6,https://api-scuda.uat.oci.krungsri.tech/ords/api/v1/customer/individual/searchprofile,30,0,20
1778849915440,32,SearchIndividual,200,OK,SearchIndividual 2-2117,text,true,,621,2600,3,8,https://api-scuda.uat.oci.krungsri.tech/ords/api/v1/customer/individual/searchprofile,31,0,21
1778849915468,29,SearchIndividual,200,OK,SearchIndividual 2-2118,text,true,,621,2628,2,7,https://api-scuda.uat.oci.krungsri.tech/ords/api/v1/customer/individual/searchprofile,29,0,18
1778849915470,30,SearchIndividual,200,OK,SearchIndividual 2-2119,text,true,,621,2602,1,6,https://api-scuda.uat.oci.krungsri.tech/ords/api/v1/customer/individual/searchprofile,30,0,20
1778849915421,100,GetIndividual,200,OK,GetIndividual 1-1286,text,true,,3831,3588,6,8,https://api-scuda.uat.oci.krungsri.tech/ic/api/v1/customer/individual/getprofile,100,0,21
1778849915421,100,GetIndividual,200,OK,GetIndividual 1-1285,text,true,,3911,3588,6,8,https://api-scuda.uat.oci.krungsri.tech/ic/api/v1/customer/individual/getprofile,100,0,18
1778849915430,92,GetIndividual,200,OK,GetIndividual 1-1287,text,true,,3871,3588,6,8,https://api-scuda.uat.oci.krungsri.tech/ic/api/v1/customer/individual/getprofile,92,0,22
1778849915472,89,GetIndividual,200,OK,GetIndividual 1-1288,text,true,,3907,3588,5,8,https://api-scuda.uat.oci.krungsri.tech/ic/api/v1/customer/individual/getprofile,89,0,17
1778849915578,27,SearchIndividual,200,OK,SearchIndividual 2-2120,text,true,,621,2613,1,9,https://api-scuda.uat.oci.krungsri.tech/ords/api/v1/customer/individual/searchprofile,27,0,16
1778849915518,90,GetIndividual,200,OK,GetIndividual 1-1290,text,true,,3811,3588,4,8,https://api-scuda.uat.oci.krungsri.tech/ic/api/v1/customer/individual/getprofile,90,0,20
1778849915503,108,GetIndividual,200,OK,GetIndividual 1-1289,text,true,,3810,3588,3,8,https://api-scuda.uat.oci.krungsri.tech/ic/api/v1/customer/individual/getprofile,108,0,26
1778849915532,96,GetIndividual,200,OK,GetIndividual 1-1291,text,true,,3841,3588,3,8,https://api-scuda.uat.oci.krungsri.tech/ic/api/v1/customer/individual/getprofile,96,0,21
1778849915611,33,SearchIndividual,200,OK,SearchIndividual 2-2121,text,true,,621,2613,2,10,https://api-scuda.uat.oci.krungsri.tech/ords/api/v1/customer/individual/searchprofile,33,0,22
1778849915508,155,UpdateIndividual,200,OK,UpdateIndividual 4-855,text,true,,800,5555,3,10,https://api-scuda.uat.oci.krungsri.tech/ic/api/v1/customer/individual/updateprofile,155,0,13
1778849915639,30,SearchIndividual,200,OK,SearchIndividual 2-2122,text,true,,621,2613,2,9,https://api-scuda.uat.oci.krungsri.tech/ords/api/v1/customer/individual/searchprofile,30,0,20
1778849915544,130,GetIndividual,200,OK,GetIndividual 1-1292,text,true,,3892,3588,3,8,https://api-scuda.uat.oci.krungsri.tech/ic/api/v1/customer/individual/getprofile,130,0,20
1778849915576,102,UpdateIndividual,200,OK,UpdateIndividual 4-857,text,true,,800,4228,2,7,https://api-scuda.uat.oci.krungsri.tech/ic/api/v1/customer/individual/updateprofile,102,0,11
1778849915656,32,SearchIndividual,200,OK,SearchIndividual 2-2123,text,true,,621,2613,4,10,https://api-scuda.uat.oci.krungsri.tech/ords/api/v1/customer/individual/searchprofile,32,0,20
1778849915681,26,SearchIndividual,200,OK,SearchIndividual 2-2124,text,true,,621,2603,4,10,https://api-scuda.uat.oci.krungsri.tech/ords/api/v1/customer/individual/searchprofile,25,0,15
1778849915686,31,SearchIndividual,200,OK,SearchIndividual 2-2126,text,true,,621,2622,3,9,https://api-scuda.uat.oci.krungsri.tech/ords/api/v1/customer/individual/searchprofile,30,0,19
1778849915686,32,SearchIndividual,200,OK,SearchIndividual 2-2125,text,true,,621,2602,2,8,https://api-scuda.uat.oci.krungsri.tech/ords/api/v1/customer/individual/searchprofile,32,0,22
1778849915450,270,CreateJoint,200,OK,CreateJoint 11-46,text,true,,1812,6042,1,7,https://api-scuda.uat.oci.krungsri.tech/ic/api/v1/customer/joint/createprofile,270,0,17
1778849915690,31,SearchIndividual,200,OK,SearchIndividual 2-2127,text,true,,621,2620,1,6,https://api-scuda.uat.oci.krungsri.tech/ords/api/v1/customer/individual/searchprofile,31,0,22
1778849915636,86,GetIndividual,200,OK,GetIndividual 1-1294,text,true,,3816,3588,2,5,https://api-scuda.uat.oci.krungsri.tech/ic/api/v1/customer/individual/getprofile,86,0,13
1778849915560,175,UpdateIndividual,200,OK,UpdateIndividual 4-856,text,true,,800,5542,1,4,https://api-scuda.uat.oci.krungsri.tech/ic/api/v1/customer/individual/updateprofile,175,0,19
1778849915634,151,UpdateJuristic,200,OK,UpdateJuristic 8-46,text,true,,800,4424,1,9,https://api-scuda.uat.oci.krungsri.tech/ic/api/v1/customer/juristic/updateprofile,151,0,17
1778849915756,32,SearchIndividual,200,OK,SearchIndividual 2-2128,text,true,,621,2623,2,8,https://api-scuda.uat.oci.krungsri.tech/ords/api/v1/customer/individual/searchprofile,32,0,20
1778849915760,28,SearchIndividual,200,OK,SearchIndividual 2-2129,text,true,,621,2613,1,7,https://api-scuda.uat.oci.krungsri.tech/ords/api/v1/customer/individual/searchprofile,28,0,17
1778849915806,31,SearchIndividual,200,OK,SearchIndividual 2-2130,text,true,,620,2600,3,11,https://api-scuda.uat.oci.krungsri.tech/ords/api/v1/customer/individual/searchprofile,30,0,20
1778849915748,93,GetIndividual,200,OK,GetIndividual 1-1295,text,true,,3881,3588,4,11,https://api-scuda.uat.oci.krungsri.tech/ic/api/v1/customer/individual/getprofile,93,0,19
1778849915616,230,GetIndividual,200,OK,GetIndividual 1-1293,text,true,,3892,3588,3,10,https://api-scuda.uat.oci.krungsri.tech/ic/api/v1/customer/individual/getprofile,230,0,22
1778849915828,33,SearchIndividual,200,OK,SearchIndividual 2-2131,text,true,,14059,2611,3,9,https://api-scuda.uat.oci.krungsri.tech/ords/api/v1/customer/individual/searchprofile,33,0,21
1778849915752,113,UpdateIndividual,200,OK,UpdateIndividual 4-858,text,true,,800,4230,1,10,https://api-scuda.uat.oci.krungsri.tech/ic/api/v1/customer/individual/updateprofile,113,0,15
1778849915832,35,SearchIndividual,200,OK,SearchIndividual 2-2132,text,true,,621,2613,3,9,https://api-scuda.uat.oci.krungsri.tech/ords/api/v1/customer/individual/searchprofile,35,0,15
1778849915774,100,UpdateJoint,200,OK,UpdateJoint 12-46,text,true,,800,3614,1,8,https://api-scuda.uat.oci.krungsri.tech/ic/api/v1/customer/joint/updateprofile,100,0,20
1778849915841,36,SearchIndividual,200,OK,SearchIndividual 2-2133,text,true,,620,2612,2,7,https://api-scuda.uat.oci.krungsri.tech/ords/api/v1/customer/individual/searchprofile,35,0,22
1778849915862,24,SearchIndividual,200,OK,SearchIndividual 2-2134,text,true,,621,2613,2,7,https://api-scuda.uat.oci.krungsri.tech/ords/api/v1/customer/individual/searchprofile,24,0,14
1778849915813,89,GetIndividual,200,OK,GetIndividual 1-1297,text,true,,3853,3587,4,8,https://api-scuda.uat.oci.krungsri.tech/ic/api/v1/customer/individual/getprofile,89,0,17
1778849915884,25,SearchIndividual,200,OK,SearchIndividual 2-2135,text,true,,621,2601,1,7,https://api-scuda.uat.oci.krungsri.tech/ords/api/v1/customer/individual/searchprofile,25,0,13
1778849915781,132,GetIndividual,200,OK,GetIndividual 1-1296,text,true,,3893,3588,3,6,https://api-scuda.uat.oci.krungsri.tech/ic/api/v1/customer/individual/getprofile,132,0,28
1778849915864,96,GetIndividual,200,OK,GetIndividual 1-1298,text,true,,3826,3588,3,7,https://api-scuda.uat.oci.krungsri.tech/ic/api/v1/customer/individual/getprofile,96,0,23
1778849915941,30,SearchIndividual,200,OK,SearchIndividual 2-2136,text,true,,621,2601,1,6,https://api-scuda.uat.oci.krungsri.tech/ords/api/v1/customer/individual/searchprofile,30,0,20
1778849915891,104,GetIndividual,200,OK,GetIndividual 1-1299,text,true,,3835,3587,2,6,https://api-scuda.uat.oci.krungsri.tech/ic/api/v1/customer/individual/getprofile,104,0,28
1778849915891,120,UpdateIndividual,200,OK,UpdateIndividual 4-859,text,true,,800,4227,2,7,https://api-scuda.uat.oci.krungsri.tech/ic/api/v1/customer/individual/updateprofile,120,0,23
1778849915935,87,GetIndividual,200,OK,GetIndividual 1-1300,text,true,,3809,3588,1,6,https://api-scuda.uat.oci.krungsri.tech/ic/api/v1/customer/individual/getprofile,87,0,19
1778849915986,39,SearchIndividual,200,OK,SearchIndividual 2-2137,text,true,,621,2600,2,5,https://api-scuda.uat.oci.krungsri.tech/ords/api/v1/customer/individual/searchprofile,38,0,21
1778849916004,32,SearchIndividual,200,OK,SearchIndividual 2-2138,text,true,,621,2614,1,4,https://api-scuda.uat.oci.krungsri.tech/ords/api/v1/customer/individual/searchprofile,32,0,20
1778849915690,363,CreateJuristic,201,Created,CreateJuristic 7-46,text,true,,1172,8176,1,3,https://api-scuda.uat.oci.krungsri.tech/ic/api/v1/customer/juristic/createprofile,363,0,12
1778849916061,30,SearchIndividual,200,OK,SearchIndividual 2-2139,text,true,,621,2613,3,6,https://api-scuda.uat.oci.krungsri.tech/ords/api/v1/customer/individual/searchprofile,30,0,19
1778849916069,34,SearchIndividual,200,OK,SearchIndividual 2-2140,text,true,,621,2610,3,6,https://api-scuda.uat.oci.krungsri.tech/ords/api/v1/customer/individual/searchprofile,33,0,21
1778849916086,30,SearchIndividual,200,OK,SearchIndividual 2-2141,text,true,,621,2620,2,5,https://api-scuda.uat.oci.krungsri.tech/ords/api/v1/customer/individual/searchprofile,30,0,17
1778849916093,31,SearchIndividual,200,OK,SearchIndividual 2-2142,text,true,,621,2613,1,4,https://api-scuda.uat.oci.krungsri.tech/ords/api/v1/customer/individual/searchprofile,31,0,17
1778849915838,321,CreateJoint,200,OK,CreateJoint 11-47,text,true,,1813,5854,1,4,https://api-scuda.uat.oci.krungsri.tech/ic/api/v1/customer/joint/createprofile,321,0,20
1778849916008,182,UpdateIndividual,200,OK,UpdateIndividual 4-860,text,true,,800,5563,2,4,https://api-scuda.uat.oci.krungsri.tech/ic/api/v1/customer/individual/updateprofile,181,0,18
1778849916088,104,GetIndividual,200,OK,GetIndividual 1-1301,text,true,,3778,3588,2,3,https://api-scuda.uat.oci.krungsri.tech/ic/api/v1/customer/individual/getprofile,104,0,25
