timeStamp,elapsed,label,responseCode,responseMessage,threadName,dataType,success,failureMessage,bytes,sentBytes,grpThreads,allThreads,URL,Latency,IdleTime,Connect
1779452142972,326,Get Token,200,OK,SearchJuristic 6-1,text,true,,2894,426,2,14,https://api-scuda.uat.oci.krungsri.tech/oauth2/v1/token,317,0,259
1779452142972,331,Get Token,200,OK,UpdateJuristic 8-1,text,true,,3684,522,1,14,https://api-scuda.uat.oci.krungsri.tech/oauth2/v1/token,331,0,255
1779452142972,326,Get Token,200,OK,CreateJoint 11-1,text,true,,3684,522,1,14,https://api-scuda.uat.oci.krungsri.tech/oauth2/v1/token,317,0,257
1779452143260,56,Get Token,200,OK,SearchJuristic 6-2,text,true,,2894,426,2,15,https://api-scuda.uat.oci.krungsri.tech/oauth2/v1/token,56,0,30
1779452142972,326,Get Token,200,OK,GetJuristic 5-1,text,true,,3684,522,2,14,https://api-scuda.uat.oci.krungsri.tech/oauth2/v1/token,318,0,258
1779452142972,326,Get Token,200,OK,GetIndividual 1-1,text,true,,3684,522,1,14,https://api-scuda.uat.oci.krungsri.tech/oauth2/v1/token,317,0,258
1779452142972,328,Get Token,200,OK,GetJoint 9-1,text,true,,3684,522,1,14,https://api-scuda.uat.oci.krungsri.tech/oauth2/v1/token,328,0,254
1779452142972,370,Get Token,200,OK,SearchIndividual 2-1,text,true,,2894,426,1,15,https://api-scuda.uat.oci.krungsri.tech/oauth2/v1/token,370,0,255
1779452142972,373,Get Token,200,OK,SearchJoint 10-1,text,true,,2894,426,1,16,https://api-scuda.uat.oci.krungsri.tech/oauth2/v1/token,373,0,254
1779452143225,124,Get Token,200,OK,GetJuristic 5-2,text,true,,3684,522,2,16,https://api-scuda.uat.oci.krungsri.tech/oauth2/v1/token,124,0,29
1779452142972,378,Get Token,200,OK,UpdateIndividual 4-1,text,true,,3684,522,1,16,https://api-scuda.uat.oci.krungsri.tech/oauth2/v1/token,378,0,254
1779452142972,380,Get Token,200,OK,CreateJuristic 7-1,text,true,,3684,522,1,16,https://api-scuda.uat.oci.krungsri.tech/oauth2/v1/token,380,0,260
1779452142972,381,Get Token,200,OK,CreateIndividual 3-1,text,true,,3684,522,1,16,https://api-scuda.uat.oci.krungsri.tech/oauth2/v1/token,380,0,261
1779452142972,381,Get Token,200,OK,UpdateJoint 12-1,text,true,,3684,522,2,16,https://api-scuda.uat.oci.krungsri.tech/oauth2/v1/token,381,0,261
1779452143317,54,Get Token,200,OK,UpdateJoint 12-2,text,true,,3684,522,2,17,https://api-scuda.uat.oci.krungsri.tech/oauth2/v1/token,54,0,15
1779452143770,123,SearchJuristic,200,OK,SearchJuristic 6-2,text,true,,1003,2600,2,24,https://api-scuda.uat.oci.krungsri.tech/ords/api/v1/customer/juristic/searchprofile,123,0,0
1779452143773,72,SearchIndividual,200,OK,SearchIndividual 2-2,text,true,,1231,2602,3,24,https://api-scuda.uat.oci.krungsri.tech/ords/api/v1/customer/individual/searchprofile,70,0,14
1779452143766,83,SearchIndividual,200,OK,SearchIndividual 2-1,text,true,,1201,2602,3,24,https://api-scuda.uat.oci.krungsri.tech/ords/api/v1/customer/individual/searchprofile,83,0,0
1779452143769,103,SearchIndividual,200,OK,SearchIndividual 2-3,text,true,,1147,2602,3,24,https://api-scuda.uat.oci.krungsri.tech/ords/api/v1/customer/individual/searchprofile,103,0,17
1779452143769,76,SearchJuristic,200,OK,SearchJuristic 6-1,text,true,,981,2600,2,24,https://api-scuda.uat.oci.krungsri.tech/ords/api/v1/customer/juristic/searchprofile,74,0,0
1779452143772,85,SearchJoint,200,OK,SearchJoint 10-2,text,true,,621,2627,2,24,https://api-scuda.uat.oci.krungsri.tech/ords/api/v1/customer/joint/searchprofile,85,0,39
1779452143768,77,SearchJoint,200,OK,SearchJoint 10-1,text,true,,621,2627,2,24,https://api-scuda.uat.oci.krungsri.tech/ords/api/v1/customer/joint/searchprofile,75,0,0
1779452144050,46,SearchJuristic,200,OK,SearchJuristic 6-3,text,true,,1008,2600,1,20,https://api-scuda.uat.oci.krungsri.tech/ords/api/v1/customer/juristic/searchprofile,46,0,17
1779452143766,458,GetJuristic,200,OK,GetJuristic 5-1,text,true,,3521,3533,3,22,https://api-scuda.uat.oci.krungsri.tech/ic/api/v1/customer/juristic/getprofile,458,0,0
1779452143766,459,GetJuristic,200,OK,GetJuristic 5-2,text,true,,3512,3533,3,22,https://api-scuda.uat.oci.krungsri.tech/ic/api/v1/customer/juristic/getprofile,459,0,0
1779452144156,130,GetIndividual,200,OK,GetIndividual 1-3,text,true,,3900,3588,4,24,https://api-scuda.uat.oci.krungsri.tech/ic/api/v1/customer/individual/getprofile,130,0,27
1779452143772,564,GetIndividual,200,OK,GetIndividual 1-1,text,true,,3877,3588,4,23,https://api-scuda.uat.oci.krungsri.tech/ic/api/v1/customer/individual/getprofile,563,0,0
1779452144340,63,SearchIndividual,200,OK,SearchIndividual 2-4,text,true,,1179,2602,1,21,https://api-scuda.uat.oci.krungsri.tech/ords/api/v1/customer/individual/searchprofile,63,0,26
1779452144425,64,SearchIndividual,200,OK,SearchIndividual 2-5,text,true,,1149,2602,1,22,https://api-scuda.uat.oci.krungsri.tech/ords/api/v1/customer/individual/searchprofile,64,0,24
1779452144160,347,GetIndividual,200,OK,GetIndividual 1-4,text,true,,3817,3588,2,22,https://api-scuda.uat.oci.krungsri.tech/ic/api/v1/customer/individual/getprofile,346,0,26
1779452144506,52,SearchIndividual,200,OK,SearchIndividual 2-6,text,true,,1169,2602,1,22,https://api-scuda.uat.oci.krungsri.tech/ords/api/v1/customer/individual/searchprofile,51,0,27
1779452144853,50,SearchIndividual,200,OK,SearchIndividual 2-7,text,true,,1181,2602,1,25,https://api-scuda.uat.oci.krungsri.tech/ords/api/v1/customer/individual/searchprofile,50,0,23
1779452144853,61,SearchJoint,200,OK,SearchJoint 10-3,text,true,,621,2627,1,24,https://api-scuda.uat.oci.krungsri.tech/ords/api/v1/customer/joint/searchprofile,61,0,24
1779452145104,38,SearchJoint,200,OK,SearchJoint 10-4,text,true,,621,2627,1,27,https://api-scuda.uat.oci.krungsri.tech/ords/api/v1/customer/joint/searchprofile,38,0,24
1779452143835,1376,GetJoint,200,OK,GetJoint 9-2,text,true,,1429,3530,3,26,https://api-scuda.uat.oci.krungsri.tech/ic/api/v1/customer/joint/getprofile,1376,0,47
1779452145288,64,SearchJuristic,200,OK,SearchJuristic 6-4,text,true,,1001,2600,1,28,https://api-scuda.uat.oci.krungsri.tech/ords/api/v1/customer/juristic/searchprofile,64,0,24
1779452143771,1639,GetIndividual,200,OK,GetIndividual 1-2,text,true,,3914,3588,3,28,https://api-scuda.uat.oci.krungsri.tech/ic/api/v1/customer/individual/getprofile,1639,0,16
1779452145507,46,SearchIndividual,200,OK,SearchIndividual 2-8,text,true,,1207,2602,1,31,https://api-scuda.uat.oci.krungsri.tech/ords/api/v1/customer/individual/searchprofile,46,0,20
1779452145301,311,GetJoint,200,OK,GetJoint 9-4,text,true,,1429,3530,3,31,https://api-scuda.uat.oci.krungsri.tech/ic/api/v1/customer/joint/getprofile,311,0,22
1779452145658,48,SearchIndividual,200,OK,SearchIndividual 2-9,text,true,,1243,2602,1,31,https://api-scuda.uat.oci.krungsri.tech/ords/api/v1/customer/individual/searchprofile,48,0,23
1779452145026,684,GetIndividual,200,OK,GetIndividual 1-5,text,true,,3882,3588,2,30,https://api-scuda.uat.oci.krungsri.tech/ic/api/v1/customer/individual/getprofile,684,0,23
1779452145743,47,SearchIndividual,200,OK,SearchIndividual 2-10,text,true,,1201,2602,1,31,https://api-scuda.uat.oci.krungsri.tech/ords/api/v1/customer/individual/searchprofile,47,0,24
1779452143766,2049,GetJoint,200,OK,GetJoint 9-1,text,true,,1429,3530,2,31,https://api-scuda.uat.oci.krungsri.tech/ic/api/v1/customer/joint/getprofile,2049,0,0
1779452145846,39,SearchIndividual,200,OK,SearchIndividual 2-11,text,true,,1191,2602,2,32,https://api-scuda.uat.oci.krungsri.tech/ords/api/v1/customer/individual/searchprofile,39,0,16
1779452145872,55,SearchIndividual,200,OK,SearchIndividual 2-12,text,true,,1165,2602,1,31,https://api-scuda.uat.oci.krungsri.tech/ords/api/v1/customer/individual/searchprofile,55,0,22
1779452144828,1156,UpdateIndividual,200,OK,UpdateIndividual 4-3,text,true,,1280,4227,5,31,https://api-scuda.uat.oci.krungsri.tech/ic/api/v1/customer/individual/updateprofile,1156,0,16
1779452145975,54,SearchIndividual,200,OK,SearchIndividual 2-13,text,true,,1179,2602,1,31,https://api-scuda.uat.oci.krungsri.tech/ords/api/v1/customer/individual/searchprofile,54,0,31
1779452146039,274,GetIndividual,200,OK,GetIndividual 1-8,text,true,,3901,3588,3,31,https://api-scuda.uat.oci.krungsri.tech/ic/api/v1/customer/individual/getprofile,274,0,23
1779452144390,2020,UpdateIndividual,200,OK,UpdateIndividual 4-1,text,true,,1280,5634,4,30,https://api-scuda.uat.oci.krungsri.tech/ic/api/v1/customer/individual/updateprofile,2019,0,0
1779452144382,2213,UpdateJuristic,500,Server Error,UpdateJuristic 8-1,text,false,,1270,5761,4,32,https://api-scuda.uat.oci.krungsri.tech/ic/api/v1/customer/juristic/updateprofile,2212,0,0
1779452146583,29,SearchIndividual,200,OK,SearchIndividual 2-15,text,true,,1177,2602,2,31,https://api-scuda.uat.oci.krungsri.tech/ords/api/v1/customer/individual/searchprofile,28,0,16
1779452146572,45,SearchIndividual,200,OK,SearchIndividual 2-14,text,true,,1119,2602,1,30,https://api-scuda.uat.oci.krungsri.tech/ords/api/v1/customer/individual/searchprofile,45,0,20
1779452145475,1223,UpdateJuristic,500,Server Error,UpdateJuristic 8-4,text,false,,1270,4431,3,32,https://api-scuda.uat.oci.krungsri.tech/ic/api/v1/customer/juristic/updateprofile,1223,0,57
1779452146679,34,SearchJoint,200,OK,SearchJoint 10-5,text,true,,621,2627,1,31,https://api-scuda.uat.oci.krungsri.tech/ords/api/v1/customer/joint/searchprofile,34,0,16
1779452146645,95,GetIndividual,200,OK,GetIndividual 1-9,text,true,,3788,3588,3,31,https://api-scuda.uat.oci.krungsri.tech/ic/api/v1/customer/individual/getprofile,95,0,19
1779452146743,40,SearchIndividual,200,OK,SearchIndividual 2-16,text,true,,1171,2602,2,33,https://api-scuda.uat.oci.krungsri.tech/ords/api/v1/customer/individual/searchprofile,40,0,18
1779452146772,41,SearchIndividual,200,OK,SearchIndividual 2-17,text,true,,1197,2602,2,33,https://api-scuda.uat.oci.krungsri.tech/ords/api/v1/customer/individual/searchprofile,41,0,20
1779452146811,53,SearchIndividual,200,OK,SearchIndividual 2-18,text,true,,1209,2602,1,36,https://api-scuda.uat.oci.krungsri.tech/ords/api/v1/customer/individual/searchprofile,53,0,31
1779452144204,2674,UpdateJoint,500,Server Error,UpdateJoint 12-3,text,false,,1269,4549,5,37,https://api-scuda.uat.oci.krungsri.tech/ic/api/v1/customer/joint/updateprofile,2674,0,29
1779452144233,2672,GetJoint,200,OK,GetJoint 9-3,text,true,,1431,3530,2,36,https://api-scuda.uat.oci.krungsri.tech/ic/api/v1/customer/joint/getprofile,2671,0,42
1779452146877,39,SearchJuristic,200,OK,SearchJuristic 6-5,text,true,,969,2600,1,35,https://api-scuda.uat.oci.krungsri.tech/ords/api/v1/customer/juristic/searchprofile,39,0,20
1779452144221,2700,GetJuristic,200,OK,GetJuristic 5-3,text,true,,3460,3533,3,34,https://api-scuda.uat.oci.krungsri.tech/ic/api/v1/customer/juristic/getprofile,2699,0,49
1779452146978,55,SearchIndividual,200,OK,SearchIndividual 2-19,text,true,,1203,2602,1,35,https://api-scuda.uat.oci.krungsri.tech/ords/api/v1/customer/individual/searchprofile,55,0,22
1779452147040,47,SearchIndividual,200,OK,SearchIndividual 2-20,text,true,,1145,2602,2,36,https://api-scuda.uat.oci.krungsri.tech/ords/api/v1/customer/individual/searchprofile,47,0,24
1779452146848,259,GetIndividual,200,OK,GetIndividual 1-10,text,true,,3813,3588,3,35,https://api-scuda.uat.oci.krungsri.tech/ic/api/v1/customer/individual/getprofile,259,0,39
1779452147084,40,SearchIndividual,200,OK,SearchIndividual 2-21,text,true,,1160,2601,1,34,https://api-scuda.uat.oci.krungsri.tech/ords/api/v1/customer/individual/searchprofile,40,0,16
1779452147222,94,GetJoint,200,OK,GetJoint 9-6,text,true,,1429,3530,2,38,https://api-scuda.uat.oci.krungsri.tech/ic/api/v1/customer/joint/getprofile,94,0,18
1779452147327,60,SearchIndividual,200,OK,SearchIndividual 2-22,text,true,,1156,2601,1,38,https://api-scuda.uat.oci.krungsri.tech/ords/api/v1/customer/individual/searchprofile,60,0,29
1779452145804,1611,GetIndividual,200,OK,GetIndividual 1-7,text,true,,3847,3588,3,38,https://api-scuda.uat.oci.krungsri.tech/ic/api/v1/customer/individual/getprofile,1611,0,77
1779452147541,45,SearchIndividual,200,OK,SearchIndividual 2-23,text,true,,1189,2602,1,41,https://api-scuda.uat.oci.krungsri.tech/ords/api/v1/customer/individual/searchprofile,45,0,19
1779452147616,33,SearchJuristic,200,OK,SearchJuristic 6-6,text,true,,1000,2600,1,42,https://api-scuda.uat.oci.krungsri.tech/ords/api/v1/customer/juristic/searchprofile,33,0,15
1779452147145,559,UpdateJuristic,500,Server Error,UpdateJuristic 8-6,text,false,,1270,4421,4,41,https://api-scuda.uat.oci.krungsri.tech/ic/api/v1/customer/juristic/updateprofile,559,0,20
1779452145435,2313,UpdateIndividual,200,OK,UpdateIndividual 4-4,text,true,,1280,4228,8,42,https://api-scuda.uat.oci.krungsri.tech/ic/api/v1/customer/individual/updateprofile,2313,0,22
1779452147707,59,SearchIndividual,200,OK,SearchIndividual 2-24,text,true,,1183,2602,2,42,https://api-scuda.uat.oci.krungsri.tech/ords/api/v1/customer/individual/searchprofile,59,0,25
1779452147757,47,SearchIndividual,200,OK,SearchIndividual 2-25,text,true,,1130,2601,1,42,https://api-scuda.uat.oci.krungsri.tech/ords/api/v1/customer/individual/searchprofile,47,0,23
1779452147731,99,GetJuristic,200,OK,GetJuristic 5-6,text,true,,3464,3533,3,42,https://api-scuda.uat.oci.krungsri.tech/ic/api/v1/customer/juristic/getprofile,99,0,21
1779452147893,44,SearchJoint,200,OK,SearchJoint 10-6,text,true,,621,2627,1,42,https://api-scuda.uat.oci.krungsri.tech/ords/api/v1/customer/joint/searchprofile,44,0,22
1779452147957,54,SearchIndividual,200,OK,SearchIndividual 2-26,text,true,,1173,2602,1,42,https://api-scuda.uat.oci.krungsri.tech/ords/api/v1/customer/individual/searchprofile,54,0,26
1779452148075,32,SearchJoint,200,OK,SearchJoint 10-7,text,true,,621,2627,1,42,https://api-scuda.uat.oci.krungsri.tech/ords/api/v1/customer/joint/searchprofile,32,0,20
1779452148109,44,SearchIndividual,200,OK,SearchIndividual 2-27,text,true,,1173,2602,1,45,https://api-scuda.uat.oci.krungsri.tech/ords/api/v1/customer/individual/searchprofile,44,0,21
1779452146737,1429,UpdateIndividual,200,OK,UpdateIndividual 4-6,text,true,,1280,4228,8,44,https://api-scuda.uat.oci.krungsri.tech/ic/api/v1/customer/individual/updateprofile,1429,0,22
1779452148140,39,SearchJuristic,200,OK,SearchJuristic 6-7,text,true,,988,2600,1,43,https://api-scuda.uat.oci.krungsri.tech/ords/api/v1/customer/juristic/searchprofile,39,0,25
1779452147213,977,GetIndividual,200,OK,GetIndividual 1-11,text,true,,3820,3588,5,42,https://api-scuda.uat.oci.krungsri.tech/ic/api/v1/customer/individual/getprofile,977,0,18
1779452148284,56,SearchIndividual,200,OK,SearchIndividual 2-28,text,true,,1201,2602,1,44,https://api-scuda.uat.oci.krungsri.tech/ords/api/v1/customer/individual/searchprofile,56,0,25
1779452148194,251,GetJoint,200,OK,GetJoint 9-7,text,true,,1429,3530,2,44,https://api-scuda.uat.oci.krungsri.tech/ic/api/v1/customer/joint/getprofile,251,0,20
1779452148409,55,SearchIndividual,200,OK,SearchIndividual 2-29,text,true,,1181,2602,1,43,https://api-scuda.uat.oci.krungsri.tech/ords/api/v1/customer/individual/searchprofile,55,0,24
1779452148258,302,GetIndividual,200,OK,GetIndividual 1-15,text,true,,3885,3588,6,45,https://api-scuda.uat.oci.krungsri.tech/ic/api/v1/customer/individual/getprofile,302,0,24
1779452148646,43,SearchIndividual,200,OK,SearchIndividual 2-30,text,true,,1183,2602,1,47,https://api-scuda.uat.oci.krungsri.tech/ords/api/v1/customer/individual/searchprofile,42,0,19
1779452148725,48,SearchIndividual,200,OK,SearchIndividual 2-31,text,true,,1205,2602,1,49,https://api-scuda.uat.oci.krungsri.tech/ords/api/v1/customer/individual/searchprofile,48,0,21
1779452148538,277,GetJuristic,200,OK,GetJuristic 5-7,text,true,,3524,3533,3,49,https://api-scuda.uat.oci.krungsri.tech/ic/api/v1/customer/juristic/getprofile,277,0,21
1779452148469,419,GetIndividual,200,OK,GetIndividual 1-16,text,true,,3783,3587,8,52,https://api-scuda.uat.oci.krungsri.tech/ic/api/v1/customer/individual/getprofile,419,0,24
1779452148858,44,SearchIndividual,200,OK,SearchIndividual 2-32,text,true,,1185,2602,2,52,https://api-scuda.uat.oci.krungsri.tech/ords/api/v1/customer/individual/searchprofile,43,0,20
1779452148876,43,SearchIndividual,200,OK,SearchIndividual 2-33,text,true,,1189,2602,1,51,https://api-scuda.uat.oci.krungsri.tech/ords/api/v1/customer/individual/searchprofile,43,0,23
1779452148748,278,GetIndividual,200,OK,GetIndividual 1-17,text,true,,3821,3588,8,54,https://api-scuda.uat.oci.krungsri.tech/ic/api/v1/customer/individual/getprofile,278,0,14
1779452145727,3300,UpdateJoint,500,Server Error,UpdateJoint 12-4,text,false,,1270,3614,6,54,https://api-scuda.uat.oci.krungsri.tech/ic/api/v1/customer/joint/updateprofile,3300,0,20
1779452147446,1638,GetIndividual,200,OK,GetIndividual 1-12,text,true,,3870,3588,7,52,https://api-scuda.uat.oci.krungsri.tech/ic/api/v1/customer/individual/getprofile,1638,0,14
1779452147189,1981,CreateJuristic,500,Server Error,CreateJuristic 7-6,text,false,,1637,8162,7,53,https://api-scuda.uat.oci.krungsri.tech/ic/api/v1/customer/juristic/createprofile,1981,0,20
1779452149148,34,SearchJoint,200,OK,SearchJoint 10-8,text,true,,620,2626,1,52,https://api-scuda.uat.oci.krungsri.tech/ords/api/v1/customer/joint/searchprofile,34,0,19
1779452149240,55,SearchIndividual,200,OK,SearchIndividual 2-34,text,true,,1185,2602,1,53,https://api-scuda.uat.oci.krungsri.tech/ords/api/v1/customer/individual/searchprofile,55,0,18
1779452149272,37,SearchJuristic,200,OK,SearchJuristic 6-8,text,true,,965,2600,1,54,https://api-scuda.uat.oci.krungsri.tech/ords/api/v1/customer/juristic/searchprofile,37,0,20
1779452149325,33,SearchIndividual,200,OK,SearchIndividual 2-36,text,true,,1187,2602,2,55,https://api-scuda.uat.oci.krungsri.tech/ords/api/v1/customer/individual/searchprofile,33,0,12
1779452149319,63,SearchIndividual,200,OK,SearchIndividual 2-35,text,true,,1197,2602,1,54,https://api-scuda.uat.oci.krungsri.tech/ords/api/v1/customer/individual/searchprofile,63,0,28
1779452148637,869,UpdateIndividual,200,OK,UpdateIndividual 4-13,text,true,,1280,4226,13,54,https://api-scuda.uat.oci.krungsri.tech/ic/api/v1/customer/individual/updateprofile,869,0,21
1779452149572,30,SearchIndividual,200,OK,SearchIndividual 2-37,text,true,,1154,2601,3,57,https://api-scuda.uat.oci.krungsri.tech/ords/api/v1/customer/individual/searchprofile,29,0,15
1779452149572,40,SearchIndividual,200,OK,SearchIndividual 2-38,text,true,,1092,2601,2,56,https://api-scuda.uat.oci.krungsri.tech/ords/api/v1/customer/individual/searchprofile,40,0,14
1779452149586,47,SearchIndividual,200,OK,SearchIndividual 2-39,text,true,,1191,2602,2,57,https://api-scuda.uat.oci.krungsri.tech/ords/api/v1/customer/individual/searchprofile,47,0,24
1779452149623,41,SearchIndividual,200,OK,SearchIndividual 2-40,text,true,,1245,2602,1,56,https://api-scuda.uat.oci.krungsri.tech/ords/api/v1/customer/individual/searchprofile,40,0,19
1779452149709,62,SearchIndividual,200,OK,SearchIndividual 2-41,text,true,,1208,2601,2,61,https://api-scuda.uat.oci.krungsri.tech/ords/api/v1/customer/individual/searchprofile,62,0,28
1779452149734,42,SearchIndividual,200,OK,SearchIndividual 2-42,text,true,,1185,2602,1,60,https://api-scuda.uat.oci.krungsri.tech/ords/api/v1/customer/individual/searchprofile,42,0,20
1779452149118,675,UpdateIndividual,200,OK,UpdateIndividual 4-16,text,true,,1280,5586,12,59,https://api-scuda.uat.oci.krungsri.tech/ic/api/v1/customer/individual/updateprofile,675,0,19
1779452145614,4233,UpdateIndividual,200,OK,UpdateIndividual 4-5,text,true,,1280,5616,11,60,https://api-scuda.uat.oci.krungsri.tech/ic/api/v1/customer/individual/updateprofile,4233,0,23
1779452147633,2234,UpdateIndividual,200,OK,UpdateIndividual 4-10,text,true,,1280,5611,10,60,https://api-scuda.uat.oci.krungsri.tech/ic/api/v1/customer/individual/updateprofile,2234,0,14
1779452149746,172,GetIndividual,200,OK,GetIndividual 1-23,text,true,,3847,3588,11,59,https://api-scuda.uat.oci.krungsri.tech/ic/api/v1/customer/individual/getprofile,172,0,19
1779452149628,365,GetJuristic,200,OK,GetJuristic 5-8,text,true,,3502,3533,4,60,https://api-scuda.uat.oci.krungsri.tech/ic/api/v1/customer/juristic/getprofile,365,0,73
1779452149674,394,GetIndividual,200,OK,GetIndividual 1-22,text,true,,3846,3587,10,61,https://api-scuda.uat.oci.krungsri.tech/ic/api/v1/customer/individual/getprofile,394,0,18
1779452150055,36,SearchIndividual,200,OK,SearchIndividual 2-43,text,true,,1163,2602,1,60,https://api-scuda.uat.oci.krungsri.tech/ords/api/v1/customer/individual/searchprofile,36,0,12
1779452148605,1505,UpdateIndividual,200,OK,UpdateIndividual 4-12,text,true,,1280,4230,10,59,https://api-scuda.uat.oci.krungsri.tech/ic/api/v1/customer/individual/updateprofile,1505,0,20
1779452149954,237,GetJuristic,200,OK,GetJuristic 5-9,text,true,,3494,3533,3,60,https://api-scuda.uat.oci.krungsri.tech/ic/api/v1/customer/juristic/getprofile,237,0,23
1779452149996,214,UpdateIndividual,200,OK,UpdateIndividual 4-18,text,true,,1280,4229,9,60,https://api-scuda.uat.oci.krungsri.tech/ic/api/v1/customer/individual/updateprofile,214,0,21
1779452150202,57,SearchIndividual,200,OK,SearchIndividual 2-44,text,true,,1209,2602,4,62,https://api-scuda.uat.oci.krungsri.tech/ords/api/v1/customer/individual/searchprofile,57,0,21
1779452150217,48,SearchIndividual,200,OK,SearchIndividual 2-45,text,true,,1145,2602,3,61,https://api-scuda.uat.oci.krungsri.tech/ords/api/v1/customer/individual/searchprofile,48,0,25
1779452150232,46,SearchIndividual,200,OK,SearchIndividual 2-46,text,true,,1155,2602,2,60,https://api-scuda.uat.oci.krungsri.tech/ords/api/v1/customer/individual/searchprofile,46,0,25
1779452150251,33,SearchIndividual,200,OK,SearchIndividual 2-47,text,true,,1189,2602,1,59,https://api-scuda.uat.oci.krungsri.tech/ords/api/v1/customer/individual/searchprofile,33,0,14
1779452149309,993,GetIndividual,200,OK,GetIndividual 1-21,text,true,,3816,3588,9,58,https://api-scuda.uat.oci.krungsri.tech/ic/api/v1/customer/individual/getprofile,993,0,22
1779452150323,35,SearchJoint,200,OK,SearchJoint 10-9,text,true,,621,2627,1,60,https://api-scuda.uat.oci.krungsri.tech/ords/api/v1/customer/joint/searchprofile,35,0,20
1779452150406,36,SearchIndividual,200,OK,SearchIndividual 2-48,text,true,,1176,2601,1,61,https://api-scuda.uat.oci.krungsri.tech/ords/api/v1/customer/individual/searchprofile,36,0,13
1779452150343,240,GetIndividual,200,OK,GetIndividual 1-26,text,true,,3949,3588,11,63,https://api-scuda.uat.oci.krungsri.tech/ic/api/v1/customer/individual/getprofile,240,0,24
1779452149796,797,GetIndividual,200,OK,GetIndividual 1-24,text,true,,3833,3588,10,62,https://api-scuda.uat.oci.krungsri.tech/ic/api/v1/customer/individual/getprofile,797,0,24
1779452150574,44,SearchIndividual,200,OK,SearchIndividual 2-49,text,true,,1165,2602,1,61,https://api-scuda.uat.oci.krungsri.tech/ords/api/v1/customer/individual/searchprofile,44,0,20
1779452150629,100,GetIndividual,200,OK,GetIndividual 1-30,text,true,,3785,3587,11,64,https://api-scuda.uat.oci.krungsri.tech/ic/api/v1/customer/individual/getprofile,100,0,20
1779452150568,168,UpdateIndividual,200,OK,UpdateIndividual 4-19,text,true,,1278,5612,9,63,https://api-scuda.uat.oci.krungsri.tech/ic/api/v1/customer/individual/updateprofile,168,0,20
1779452148966,1787,UpdateIndividual,200,OK,UpdateIndividual 4-14,text,true,,1280,4228,9,64,https://api-scuda.uat.oci.krungsri.tech/ic/api/v1/customer/individual/updateprofile,1787,0,18
1779452150725,38,SearchIndividual,200,OK,SearchIndividual 2-50,text,true,,1185,2602,2,63,https://api-scuda.uat.oci.krungsri.tech/ords/api/v1/customer/individual/searchprofile,38,0,25
1779452150725,41,SearchIndividual,200,OK,SearchIndividual 2-51,text,true,,1219,2602,1,62,https://api-scuda.uat.oci.krungsri.tech/ords/api/v1/customer/individual/searchprofile,41,0,17
1779452149576,1240,GetJoint,200,OK,GetJoint 9-8,text,true,,1431,3530,3,63,https://api-scuda.uat.oci.krungsri.tech/ic/api/v1/customer/joint/getprofile,1240,0,19
1779452150746,90,GetIndividual,200,OK,GetIndividual 1-31,text,true,,3748,3588,11,62,https://api-scuda.uat.oci.krungsri.tech/ic/api/v1/customer/individual/getprofile,90,0,18
1779452150874,32,SearchJuristic,200,OK,SearchJuristic 6-9,text,true,,1010,2600,1,64,https://api-scuda.uat.oci.krungsri.tech/ords/api/v1/customer/juristic/searchprofile,32,0,19
1779452150878,45,SearchIndividual,200,OK,SearchIndividual 2-52,text,true,,1158,2601,2,64,https://api-scuda.uat.oci.krungsri.tech/ords/api/v1/customer/individual/searchprofile,45,0,21
1779452150892,42,SearchIndividual,200,OK,SearchIndividual 2-53,text,true,,1191,2602,1,63,https://api-scuda.uat.oci.krungsri.tech/ords/api/v1/customer/individual/searchprofile,42,0,23
1779452150025,973,GetJoint,200,OK,GetJoint 9-9,text,true,,1431,3530,2,64,https://api-scuda.uat.oci.krungsri.tech/ic/api/v1/customer/joint/getprofile,973,0,16
1779452151067,25,SearchJoint,200,OK,SearchJoint 10-10,text,true,,621,2627,1,66,https://api-scuda.uat.oci.krungsri.tech/ords/api/v1/customer/joint/searchprofile,25,0,13
1779452150352,817,GetIndividual,200,OK,GetIndividual 1-27,text,true,,3804,3588,14,69,https://api-scuda.uat.oci.krungsri.tech/ic/api/v1/customer/individual/getprofile,817,0,21
1779452151097,99,GetIndividual,200,OK,GetIndividual 1-33,text,true,,3865,3588,14,69,https://api-scuda.uat.oci.krungsri.tech/ic/api/v1/customer/individual/getprofile,99,0,23
1779452151169,40,SearchIndividual,200,OK,SearchIndividual 2-54,text,true,,1219,2602,1,70,https://api-scuda.uat.oci.krungsri.tech/ords/api/v1/customer/individual/searchprofile,40,0,16
1779452150750,482,UpdateIndividual,200,OK,UpdateIndividual 4-20,text,true,,1279,5592,10,69,https://api-scuda.uat.oci.krungsri.tech/ic/api/v1/customer/individual/updateprofile,482,0,22
1779452151059,263,GetIndividual,200,OK,GetIndividual 1-32,text,true,,3848,3587,13,71,https://api-scuda.uat.oci.krungsri.tech/ic/api/v1/customer/individual/getprofile,263,0,20
1779452151314,48,SearchIndividual,200,OK,SearchIndividual 2-55,text,true,,1173,2602,2,71,https://api-scuda.uat.oci.krungsri.tech/ords/api/v1/customer/individual/searchprofile,47,0,16
1779452147811,3563,GetIndividual,200,OK,GetIndividual 1-14,text,true,,3905,3588,12,70,https://api-scuda.uat.oci.krungsri.tech/ic/api/v1/customer/individual/getprofile,3563,0,51
1779452151361,46,SearchIndividual,200,OK,SearchIndividual 2-56,text,true,,1227,2602,1,71,https://api-scuda.uat.oci.krungsri.tech/ords/api/v1/customer/individual/searchprofile,46,0,22
1779452151443,48,SearchIndividual,200,OK,SearchIndividual 2-57,text,true,,1199,2602,2,72,https://api-scuda.uat.oci.krungsri.tech/ords/api/v1/customer/individual/searchprofile,48,0,23
1779452151277,227,GetJoint,200,OK,GetJoint 9-10,text,true,,1429,3530,2,71,https://api-scuda.uat.oci.krungsri.tech/ic/api/v1/customer/joint/getprofile,227,0,21
1779452151487,39,SearchIndividual,200,OK,SearchIndividual 2-58,text,true,,1201,2602,1,71,https://api-scuda.uat.oci.krungsri.tech/ords/api/v1/customer/individual/searchprofile,38,0,15
1779452151511,39,SearchJuristic,200,OK,SearchJuristic 6-10,text,true,,988,2600,1,71,https://api-scuda.uat.oci.krungsri.tech/ords/api/v1/customer/juristic/searchprofile,39,0,22
1779452148130,3422,CreateIndividual,200,OK,CreateIndividual 3-7,text,true,,1636,8229,9,70,https://api-scuda.uat.oci.krungsri.tech/ic/api/v1/customer/individual/createprofile,3422,0,24
1779452151535,46,SearchIndividual,200,OK,SearchIndividual 2-59,text,true,,1167,2602,1,70,https://api-scuda.uat.oci.krungsri.tech/ords/api/v1/customer/individual/searchprofile,46,0,23
1779452148699,2907,UpdateJuristic,500,Server Error,UpdateJuristic 8-7,text,false,,1270,5831,7,70,https://api-scuda.uat.oci.krungsri.tech/ic/api/v1/customer/juristic/updateprofile,2907,0,20
1779452151129,488,GetIndividual,200,OK,GetIndividual 1-34,text,true,,3937,3588,12,70,https://api-scuda.uat.oci.krungsri.tech/ic/api/v1/customer/individual/getprofile,488,0,21
1779452144738,6912,CreateIndividual,200,OK,CreateIndividual 3-3,text,true,,1636,8520,9,69,https://api-scuda.uat.oci.krungsri.tech/ic/api/v1/customer/individual/createprofile,6912,0,21
1779452148151,3500,UpdateIndividual,200,OK,UpdateIndividual 4-11,text,true,,1280,4228,11,68,https://api-scuda.uat.oci.krungsri.tech/ic/api/v1/customer/individual/updateprofile,3500,0,16
1779452151600,59,SearchIndividual,200,OK,SearchIndividual 2-60,text,true,,1137,2602,1,67,https://api-scuda.uat.oci.krungsri.tech/ords/api/v1/customer/individual/searchprofile,59,0,23
1779452151677,47,SearchIndividual,200,OK,SearchIndividual 2-61,text,true,,1131,2602,1,67,https://api-scuda.uat.oci.krungsri.tech/ords/api/v1/customer/individual/searchprofile,47,0,22
1779452151614,149,GetIndividual,200,OK,GetIndividual 1-37,text,true,,3849,3588,11,68,https://api-scuda.uat.oci.krungsri.tech/ic/api/v1/customer/individual/getprofile,149,0,21
1779452151748,54,SearchIndividual,200,OK,SearchIndividual 2-62,text,true,,1168,2601,2,67,https://api-scuda.uat.oci.krungsri.tech/ords/api/v1/customer/individual/searchprofile,54,0,21
1779452151760,42,SearchIndividual,200,OK,SearchIndividual 2-63,text,true,,1157,2602,2,67,https://api-scuda.uat.oci.krungsri.tech/ords/api/v1/customer/individual/searchprofile,42,0,22
1779452151867,43,SearchIndividual,200,OK,SearchIndividual 2-64,text,true,,1153,2602,1,68,https://api-scuda.uat.oci.krungsri.tech/ords/api/v1/customer/individual/searchprofile,43,0,18
1779452144250,7661,CreateJoint,500,Server Error,CreateJoint 11-1,text,false,,1637,6080,10,67,https://api-scuda.uat.oci.krungsri.tech/ic/api/v1/customer/joint/createprofile,7661,0,0
1779452146852,5098,UpdateIndividual,200,OK,UpdateIndividual 4-7,text,true,,1280,5612,11,68,https://api-scuda.uat.oci.krungsri.tech/ic/api/v1/customer/individual/updateprofile,5098,0,23
1779452151923,37,SearchIndividual,200,OK,SearchIndividual 2-65,text,true,,1135,2602,1,67,https://api-scuda.uat.oci.krungsri.tech/ords/api/v1/customer/individual/searchprofile,37,0,14
1779452148870,3102,UpdateJoint,500,Server Error,UpdateJoint 12-7,text,false,,1270,3614,8,67,https://api-scuda.uat.oci.krungsri.tech/ic/api/v1/customer/joint/updateprofile,3102,0,21
1779452148895,3122,CreateJuristic,500,Server Error,CreateJuristic 7-7,text,false,,1637,8073,9,69,https://api-scuda.uat.oci.krungsri.tech/ic/api/v1/customer/juristic/createprofile,3122,0,21
1779452151971,63,SearchIndividual,200,OK,SearchIndividual 2-66,text,true,,1149,2602,2,68,https://api-scuda.uat.oci.krungsri.tech/ords/api/v1/customer/individual/searchprofile,63,0,33
1779452151939,101,GetIndividual,200,OK,GetIndividual 1-39,text,true,,3798,3588,12,67,https://api-scuda.uat.oci.krungsri.tech/ic/api/v1/customer/individual/getprofile,101,0,12
1779452152011,49,SearchIndividual,200,OK,SearchIndividual 2-67,text,true,,1137,2602,1,66,https://api-scuda.uat.oci.krungsri.tech/ords/api/v1/customer/individual/searchprofile,49,0,19
1779452152193,46,SearchIndividual,200,OK,SearchIndividual 2-68,text,true,,1141,2602,1,70,https://api-scuda.uat.oci.krungsri.tech/ords/api/v1/customer/individual/searchprofile,46,0,19
1779452152252,46,SearchIndividual,200,OK,SearchIndividual 2-69,text,true,,1131,2602,2,73,https://api-scuda.uat.oci.krungsri.tech/ords/api/v1/customer/individual/searchprofile,46,0,17
1779452152309,34,SearchIndividual,200,OK,SearchIndividual 2-71,text,true,,1149,2602,2,73,https://api-scuda.uat.oci.krungsri.tech/ords/api/v1/customer/individual/searchprofile,33,0,17
1779452150161,2184,UpdateJoint,500,Server Error,UpdateJoint 12-9,text,false,,1270,3614,8,72,https://api-scuda.uat.oci.krungsri.tech/ic/api/v1/customer/joint/updateprofile,2184,0,20
1779452152293,71,SearchIndividual,200,OK,SearchIndividual 2-70,text,true,,1185,2602,1,71,https://api-scuda.uat.oci.krungsri.tech/ords/api/v1/customer/individual/searchprofile,71,0,20
1779452148538,3868,CreateJoint,500,Server Error,CreateJoint 11-7,text,false,,1637,5683,10,70,https://api-scuda.uat.oci.krungsri.tech/ic/api/v1/customer/joint/createprofile,3868,0,14
1779452151383,1029,UpdateJuristic,500,Server Error,UpdateJuristic 8-10,text,false,,1270,4425,6,70,https://api-scuda.uat.oci.krungsri.tech/ic/api/v1/customer/juristic/updateprofile,1029,0,13
1779452152163,259,GetIndividual,200,OK,GetIndividual 1-40,text,true,,3813,3588,15,70,https://api-scuda.uat.oci.krungsri.tech/ic/api/v1/customer/individual/getprofile,259,0,22
1779452152192,244,GetIndividual,200,OK,GetIndividual 1-41,text,true,,3821,3588,14,70,https://api-scuda.uat.oci.krungsri.tech/ic/api/v1/customer/individual/getprofile,244,0,14
1779452152422,56,SearchIndividual,200,OK,SearchIndividual 2-72,text,true,,1211,2602,3,72,https://api-scuda.uat.oci.krungsri.tech/ords/api/v1/customer/individual/searchprofile,55,0,15
1779452152459,44,SearchIndividual,200,OK,SearchIndividual 2-73,text,true,,1161,2602,2,71,https://api-scuda.uat.oci.krungsri.tech/ords/api/v1/customer/individual/searchprofile,43,0,21
1779452152477,53,SearchIndividual,200,OK,SearchIndividual 2-74,text,true,,1189,2602,1,70,https://api-scuda.uat.oci.krungsri.tech/ords/api/v1/customer/individual/searchprofile,53,0,23
1779452150999,1570,UpdateIndividual,200,OK,UpdateIndividual 4-22,text,true,,1280,4230,13,70,https://api-scuda.uat.oci.krungsri.tech/ic/api/v1/customer/individual/updateprofile,1570,0,25
1779452151840,751,UpdateIndividual,200,OK,UpdateIndividual 4-25,text,true,,1280,4227,12,69,https://api-scuda.uat.oci.krungsri.tech/ic/api/v1/customer/individual/updateprofile,751,0,21
1779452152408,198,GetIndividual,200,OK,GetIndividual 1-43,text,true,,3897,3588,14,69,https://api-scuda.uat.oci.krungsri.tech/ic/api/v1/customer/individual/getprofile,198,0,16
1779452152641,29,SearchIndividual,200,OK,SearchIndividual 2-77,text,true,,1193,2602,3,71,https://api-scuda.uat.oci.krungsri.tech/ords/api/v1/customer/individual/searchprofile,29,0,13
1779452152614,57,SearchIndividual,200,OK,SearchIndividual 2-75,text,true,,1121,2602,2,70,https://api-scuda.uat.oci.krungsri.tech/ords/api/v1/customer/individual/searchprofile,57,0,20
1779452152627,54,SearchIndividual,200,OK,SearchIndividual 2-76,text,true,,1187,2602,1,69,https://api-scuda.uat.oci.krungsri.tech/ords/api/v1/customer/individual/searchprofile,54,0,29
1779452152433,304,UpdateIndividual,200,OK,UpdateIndividual 4-27,text,true,,1280,4228,11,68,https://api-scuda.uat.oci.krungsri.tech/ic/api/v1/customer/individual/updateprofile,304,0,13
1779452152753,26,SearchJuristic,200,OK,SearchJuristic 6-11,text,true,,1008,2600,1,70,https://api-scuda.uat.oci.krungsri.tech/ords/api/v1/customer/juristic/searchprofile,26,0,13
1779452152799,29,SearchJoint,200,OK,SearchJoint 10-11,text,true,,621,2627,1,72,https://api-scuda.uat.oci.krungsri.tech/ords/api/v1/customer/joint/searchprofile,29,0,17
1779452152831,45,SearchIndividual,200,OK,SearchIndividual 2-78,text,true,,1169,2602,1,73,https://api-scuda.uat.oci.krungsri.tech/ords/api/v1/customer/individual/searchprofile,45,0,20
1779452152094,786,UpdateJoint,500,Server Error,UpdateJoint 12-11,text,false,,1270,3614,7,72,https://api-scuda.uat.oci.krungsri.tech/ic/api/v1/customer/joint/updateprofile,786,0,19
1779452152015,901,CreateIndividual,200,OK,CreateIndividual 3-11,text,true,,1636,8140,9,72,https://api-scuda.uat.oci.krungsri.tech/ic/api/v1/customer/individual/createprofile,901,0,13
1779452150539,2463,CreateJuristic,500,Server Error,CreateJuristic 7-9,text,false,,1637,8016,9,73,https://api-scuda.uat.oci.krungsri.tech/ic/api/v1/customer/juristic/createprofile,2463,0,19
1779452144390,8619,UpdateIndividual,200,OK,UpdateIndividual 4-2,text,true,,1280,5594,13,72,https://api-scuda.uat.oci.krungsri.tech/ic/api/v1/customer/individual/updateprofile,8619,0,25
1779452144959,8099,GetJuristic,200,OK,GetJuristic 5-4,text,true,,3500,3533,4,74,https://api-scuda.uat.oci.krungsri.tech/ic/api/v1/customer/juristic/getprofile,8099,0,22
1779452152297,772,GetIndividual,200,OK,GetIndividual 1-42,text,true,,3893,3588,16,74,https://api-scuda.uat.oci.krungsri.tech/ic/api/v1/customer/individual/getprofile,772,0,20
1779452152021,1066,UpdateIndividual,200,OK,UpdateIndividual 4-26,text,true,,1280,4228,14,73,https://api-scuda.uat.oci.krungsri.tech/ic/api/v1/customer/individual/updateprofile,1066,0,30
1779452153058,35,SearchIndividual,200,OK,SearchIndividual 2-79,text,true,,1177,2602,2,72,https://api-scuda.uat.oci.krungsri.tech/ords/api/v1/customer/individual/searchprofile,35,0,22
1779452153063,38,SearchIndividual,200,OK,SearchIndividual 2-80,text,true,,1109,2602,1,71,https://api-scuda.uat.oci.krungsri.tech/ords/api/v1/customer/individual/searchprofile,38,0,14
1779452152822,285,GetIndividual,200,OK,GetIndividual 1-46,text,true,,3865,3588,15,70,https://api-scuda.uat.oci.krungsri.tech/ic/api/v1/customer/individual/getprofile,285,0,21
1779452153119,48,SearchIndividual,200,OK,SearchIndividual 2-81,text,true,,1167,2602,1,71,https://api-scuda.uat.oci.krungsri.tech/ords/api/v1/customer/individual/searchprofile,48,0,23
1779452147481,5700,UpdateJoint,500,Server Error,UpdateJoint 12-6,text,false,,1270,4500,6,72,https://api-scuda.uat.oci.krungsri.tech/ic/api/v1/customer/joint/updateprofile,5700,0,20
1779452146868,6314,GetJuristic,200,OK,GetJuristic 5-5,text,true,,3530,3533,3,72,https://api-scuda.uat.oci.krungsri.tech/ic/api/v1/customer/juristic/getprofile,6314,0,38
1779452152593,595,GetIndividual,200,OK,GetIndividual 1-44,text,true,,3797,3587,14,70,https://api-scuda.uat.oci.krungsri.tech/ic/api/v1/customer/individual/getprofile,595,0,23
1779452153179,33,SearchIndividual,200,OK,SearchIndividual 2-83,text,true,,1167,2602,2,69,https://api-scuda.uat.oci.krungsri.tech/ords/api/v1/customer/individual/searchprofile,33,0,20
1779452153179,42,SearchIndividual,200,OK,SearchIndividual 2-82,text,true,,1207,2602,1,69,https://api-scuda.uat.oci.krungsri.tech/ords/api/v1/customer/individual/searchprofile,42,0,18
1779452152799,426,GetJuristic,200,OK,GetJuristic 5-11,text,true,,3471,3533,2,68,https://api-scuda.uat.oci.krungsri.tech/ic/api/v1/customer/juristic/getprofile,426,0,17
1779452150808,2464,UpdateJuristic,500,Server Error,UpdateJuristic 8-9,text,false,,1270,5736,7,67,https://api-scuda.uat.oci.krungsri.tech/ic/api/v1/customer/juristic/updateprofile,2464,0,25
1779452147312,5973,UpdateIndividual,200,OK,UpdateIndividual 4-8,text,true,,1280,4228,13,66,https://api-scuda.uat.oci.krungsri.tech/ic/api/v1/customer/individual/updateprofile,5973,0,49
1779452152954,348,GetIndividual,200,OK,GetIndividual 1-47,text,true,,3899,3588,14,65,https://api-scuda.uat.oci.krungsri.tech/ic/api/v1/customer/individual/getprofile,348,0,21
1779452153219,111,GetIndividual,200,OK,GetIndividual 1-48,text,true,,3843,3588,13,65,https://api-scuda.uat.oci.krungsri.tech/ic/api/v1/customer/individual/getprofile,111,0,26
1779452153314,56,SearchIndividual,200,OK,SearchIndividual 2-84,text,true,,1208,2601,1,64,https://api-scuda.uat.oci.krungsri.tech/ords/api/v1/customer/individual/searchprofile,56,0,29
1779452146684,6793,GetJoint,200,OK,GetJoint 9-5,text,true,,1429,3530,2,64,https://api-scuda.uat.oci.krungsri.tech/ic/api/v1/customer/joint/getprofile,6793,0,24
1779452144204,9315,UpdateJoint,500,Server Error,UpdateJoint 12-2,text,false,,1270,4595,5,64,https://api-scuda.uat.oci.krungsri.tech/ic/api/v1/customer/joint/updateprofile,9315,0,0
1779452144383,9241,CreateIndividual,200,OK,CreateIndividual 3-1,text,true,,1636,8239,8,66,https://api-scuda.uat.oci.krungsri.tech/ic/api/v1/customer/individual/createprofile,9241,0,0
1779452153615,37,SearchIndividual,200,OK,SearchIndividual 2-85,text,true,,1125,2602,1,65,https://api-scuda.uat.oci.krungsri.tech/ords/api/v1/customer/individual/searchprofile,37,0,12
1779452152570,1093,UpdateIndividual,200,OK,UpdateIndividual 4-28,text,true,,1280,4227,13,66,https://api-scuda.uat.oci.krungsri.tech/ic/api/v1/customer/individual/updateprofile,1093,0,20
1779452152767,906,GetIndividual,200,OK,GetIndividual 1-45,text,true,,3884,3588,14,65,https://api-scuda.uat.oci.krungsri.tech/ic/api/v1/customer/individual/getprofile,905,0,21
1779452152867,815,UpdateIndividual,200,OK,UpdateIndividual 4-30,text,true,,1278,4227,12,65,https://api-scuda.uat.oci.krungsri.tech/ic/api/v1/customer/individual/updateprofile,815,0,18
1779452153654,56,SearchIndividual,200,OK,SearchIndividual 2-86,text,true,,1145,2602,1,65,https://api-scuda.uat.oci.krungsri.tech/ords/api/v1/customer/individual/searchprofile,56,0,22
1779452153684,29,SearchJoint,200,OK,SearchJoint 10-12,text,true,,620,2626,1,64,https://api-scuda.uat.oci.krungsri.tech/ords/api/v1/customer/joint/searchprofile,29,0,12
1779452153675,102,GetIndividual,200,OK,GetIndividual 1-51,text,true,,3807,3588,16,67,https://api-scuda.uat.oci.krungsri.tech/ic/api/v1/customer/individual/getprofile,102,0,21
1779452153731,58,SearchIndividual,200,OK,SearchIndividual 2-87,text,true,,1135,2602,1,67,https://api-scuda.uat.oci.krungsri.tech/ords/api/v1/customer/individual/searchprofile,58,0,32
1779452149026,4765,UpdateIndividual,200,OK,UpdateIndividual 4-15,text,true,,1280,4227,11,66,https://api-scuda.uat.oci.krungsri.tech/ic/api/v1/customer/individual/updateprofile,4765,0,15
1779452145472,8328,CreateIndividual,200,OK,CreateIndividual 3-4,text,true,,1636,8525,7,65,https://api-scuda.uat.oci.krungsri.tech/ic/api/v1/customer/individual/createprofile,8328,0,19
1779452146852,6951,CreateIndividual,200,OK,CreateIndividual 3-5,text,true,,1636,8587,6,64,https://api-scuda.uat.oci.krungsri.tech/ic/api/v1/customer/individual/createprofile,6951,0,41
1779452153600,210,GetIndividual,200,OK,GetIndividual 1-49,text,true,,3857,3588,15,65,https://api-scuda.uat.oci.krungsri.tech/ic/api/v1/customer/individual/getprofile,210,0,13
1779452149309,4508,UpdateJuristic,500,Server Error,UpdateJuristic 8-8,text,false,,1270,4433,6,64,https://api-scuda.uat.oci.krungsri.tech/ic/api/v1/customer/juristic/updateprofile,4508,0,19
1779452153723,100,GetIndividual,200,OK,GetIndividual 1-52,text,true,,3825,3588,15,64,https://api-scuda.uat.oci.krungsri.tech/ic/api/v1/customer/individual/getprofile,100,0,19
1779452153733,92,GetIndividual,200,OK,GetIndividual 1-53,text,true,,3857,3588,14,63,https://api-scuda.uat.oci.krungsri.tech/ic/api/v1/customer/individual/getprofile,92,0,19
1779452153806,50,SearchIndividual,200,OK,SearchIndividual 2-88,text,true,,1159,2602,2,64,https://api-scuda.uat.oci.krungsri.tech/ords/api/v1/customer/individual/searchprofile,50,0,22
1779452153747,110,SearchJuristic,200,OK,SearchJuristic 6-12,text,true,,999,2600,1,64,https://api-scuda.uat.oci.krungsri.tech/ords/api/v1/customer/juristic/searchprofile,110,0,24
1779452153827,50,SearchIndividual,200,OK,SearchIndividual 2-89,text,true,,1167,2602,1,62,https://api-scuda.uat.oci.krungsri.tech/ords/api/v1/customer/individual/searchprofile,50,0,20
1779452153015,878,UpdateIndividual,200,OK,UpdateIndividual 4-32,text,true,,1280,5609,10,62,https://api-scuda.uat.oci.krungsri.tech/ic/api/v1/customer/individual/updateprofile,878,0,23
1779452153888,50,SearchIndividual,200,OK,SearchIndividual 2-90,text,true,,1175,2602,3,66,https://api-scuda.uat.oci.krungsri.tech/ords/api/v1/customer/individual/searchprofile,50,0,23
1779452153916,49,SearchIndividual,200,OK,SearchIndividual 2-91,text,true,,1187,2602,3,67,https://api-scuda.uat.oci.krungsri.tech/ords/api/v1/customer/individual/searchprofile,49,0,24
1779452153921,51,SearchIndividual,200,OK,SearchIndividual 2-92,text,true,,1185,2602,2,66,https://api-scuda.uat.oci.krungsri.tech/ords/api/v1/customer/individual/searchprofile,51,0,15
1779452145387,8610,CreateJoint,500,Server Error,CreateJoint 11-4,text,false,,1637,6109,10,66,https://api-scuda.uat.oci.krungsri.tech/ic/api/v1/customer/joint/createprofile,8610,0,15
1779452153953,46,SearchIndividual,200,OK,SearchIndividual 2-93,text,true,,1129,2602,2,65,https://api-scuda.uat.oci.krungsri.tech/ords/api/v1/customer/individual/searchprofile,46,0,19
1779452153917,101,GetJuristic,200,OK,GetJuristic 5-12,text,true,,3535,3533,2,64,https://api-scuda.uat.oci.krungsri.tech/ic/api/v1/customer/juristic/getprofile,101,0,18
1779452153994,48,SearchIndividual,200,OK,SearchIndividual 2-94,text,true,,1165,2602,2,64,https://api-scuda.uat.oci.krungsri.tech/ords/api/v1/customer/individual/searchprofile,47,0,22
1779452154042,49,SearchIndividual,200,OK,SearchIndividual 2-95,text,true,,1133,2602,1,64,https://api-scuda.uat.oci.krungsri.tech/ords/api/v1/customer/individual/searchprofile,49,0,24
1779452149702,4474,CreateIndividual,200,OK,CreateIndividual 3-8,text,true,,1636,8451,7,64,https://api-scuda.uat.oci.krungsri.tech/ic/api/v1/customer/individual/createprofile,4474,0,22
1779452146960,7257,CreateJoint,500,Server Error,CreateJoint 11-6,text,false,,1637,5729,9,64,https://api-scuda.uat.oci.krungsri.tech/ic/api/v1/customer/joint/createprofile,7257,0,34
1779452154189,50,SearchIndividual,200,OK,SearchIndividual 2-96,text,true,,1202,2601,3,65,https://api-scuda.uat.oci.krungsri.tech/ords/api/v1/customer/individual/searchprofile,50,0,17
1779452146822,7418,UpdateJuristic,500,Server Error,UpdateJuristic 8-5,text,false,,1270,4422,5,65,https://api-scuda.uat.oci.krungsri.tech/ic/api/v1/customer/juristic/updateprofile,7418,0,22
1779452152752,1497,UpdateIndividual,200,OK,UpdateIndividual 4-29,text,true,,1280,4227,11,63,https://api-scuda.uat.oci.krungsri.tech/ic/api/v1/customer/individual/updateprofile,1497,0,23
1779452154223,41,SearchIndividual,200,OK,SearchIndividual 2-97,text,true,,1113,2602,2,63,https://api-scuda.uat.oci.krungsri.tech/ords/api/v1/customer/individual/searchprofile,41,0,20
1779452153006,1258,UpdateIndividual,200,OK,UpdateIndividual 4-31,text,true,,1280,5675,10,63,https://api-scuda.uat.oci.krungsri.tech/ic/api/v1/customer/individual/updateprofile,1258,0,21
1779452154225,52,SearchIndividual,200,OK,SearchIndividual 2-98,text,true,,1201,2602,1,61,https://api-scuda.uat.oci.krungsri.tech/ords/api/v1/customer/individual/searchprofile,52,0,15
1779452154282,38,SearchIndividual,200,OK,SearchIndividual 2-99,text,true,,1207,2602,2,66,https://api-scuda.uat.oci.krungsri.tech/ords/api/v1/customer/individual/searchprofile,38,0,15
1779452152910,1425,UpdateJuristic,500,Server Error,UpdateJuristic 8-11,text,false,,1270,4429,5,65,https://api-scuda.uat.oci.krungsri.tech/ic/api/v1/customer/juristic/updateprofile,1425,0,21
1779452154310,52,SearchIndividual,200,OK,SearchIndividual 2-100,text,true,,1159,2602,1,66,https://api-scuda.uat.oci.krungsri.tech/ords/api/v1/customer/individual/searchprofile,52,0,22
1779452154291,94,GetIndividual,200,OK,GetIndividual 1-57,text,true,,3866,3588,18,65,https://api-scuda.uat.oci.krungsri.tech/ic/api/v1/customer/individual/getprofile,94,0,17
1779452150949,3438,CreateJoint,500,Server Error,CreateJoint 11-10,text,false,,1637,6088,8,64,https://api-scuda.uat.oci.krungsri.tech/ic/api/v1/customer/joint/createprofile,3438,0,14
1779452153827,568,GetJoint,200,OK,GetJoint 9-12,text,true,,1429,3530,3,63,https://api-scuda.uat.oci.krungsri.tech/ic/api/v1/customer/joint/getprofile,568,0,20
1779452154301,94,GetIndividual,200,OK,GetIndividual 1-58,text,true,,3827,3588,17,63,https://api-scuda.uat.oci.krungsri.tech/ic/api/v1/customer/individual/getprofile,94,0,20
1779452144558,9852,UpdateJuristic,500,Server Error,UpdateJuristic 8-3,text,false,,1270,5664,4,63,https://api-scuda.uat.oci.krungsri.tech/ic/api/v1/customer/juristic/updateprofile,9852,0,25
1779452154408,43,SearchIndividual,200,OK,SearchIndividual 2-101,text,true,,1221,2602,1,62,https://api-scuda.uat.oci.krungsri.tech/ords/api/v1/customer/individual/searchprofile,42,0,16
1779452153936,606,UpdateIndividual,200,OK,UpdateIndividual 4-36,text,true,,1279,4227,11,62,https://api-scuda.uat.oci.krungsri.tech/ic/api/v1/customer/individual/updateprofile,606,0,22
1779452154498,102,GetIndividual,200,OK,GetIndividual 1-61,text,true,,3826,3588,18,61,https://api-scuda.uat.oci.krungsri.tech/ic/api/v1/customer/individual/getprofile,102,0,23
1779452154617,34,SearchJuristic,200,OK,SearchJuristic 6-13,text,true,,1006,2599,1,64,https://api-scuda.uat.oci.krungsri.tech/ords/api/v1/customer/juristic/searchprofile,34,0,13
1779452154349,304,UpdateIndividual,200,OK,UpdateIndividual 4-38,text,true,,1280,4227,11,64,https://api-scuda.uat.oci.krungsri.tech/ic/api/v1/customer/individual/updateprofile,304,0,24
1779452154614,48,SearchIndividual,200,OK,SearchIndividual 2-102,text,true,,1185,2602,3,64,https://api-scuda.uat.oci.krungsri.tech/ords/api/v1/customer/individual/searchprofile,48,0,17
1779452154652,46,SearchIndividual,200,OK,SearchIndividual 2-103,text,true,,1189,2602,2,64,https://api-scuda.uat.oci.krungsri.tech/ords/api/v1/customer/individual/searchprofile,46,0,24
1779452149722,4985,UpdateJoint,500,Server Error,UpdateJoint 12-8,text,false,,1270,4527,6,63,https://api-scuda.uat.oci.krungsri.tech/ic/api/v1/customer/joint/updateprofile,4985,0,19
1779452154659,50,SearchIndividual,200,OK,SearchIndividual 2-104,text,true,,1097,2602,2,63,https://api-scuda.uat.oci.krungsri.tech/ords/api/v1/customer/individual/searchprofile,50,0,25
1779452153568,1148,UpdateJoint,500,Server Error,UpdateJoint 12-12,text,false,,1270,4502,5,63,https://api-scuda.uat.oci.krungsri.tech/ic/api/v1/customer/joint/updateprofile,1148,0,23
1779452153822,925,GetIndividual,200,OK,GetIndividual 1-54,text,true,,3830,3588,17,62,https://api-scuda.uat.oci.krungsri.tech/ic/api/v1/customer/individual/getprofile,925,0,22
1779452154710,56,SearchIndividual,200,OK,SearchIndividual 2-105,text,true,,1124,2601,2,62,https://api-scuda.uat.oci.krungsri.tech/ords/api/v1/customer/individual/searchprofile,56,0,28
1779452145146,9624,CreateJuristic,500,Server Error,CreateJuristic 7-4,text,false,,1637,7962,10,62,https://api-scuda.uat.oci.krungsri.tech/ic/api/v1/customer/juristic/createprofile,9624,0,26
1779452151841,2945,GetIndividual,200,OK,GetIndividual 1-38,text,true,,3856,3588,16,61,https://api-scuda.uat.oci.krungsri.tech/ic/api/v1/customer/individual/getprofile,2945,0,20
1779452154758,50,SearchIndividual,200,OK,SearchIndividual 2-106,text,true,,1093,2602,1,61,https://api-scuda.uat.oci.krungsri.tech/ords/api/v1/customer/individual/searchprofile,50,0,24
1779452153500,1340,CreateJuristic,500,Server Error,CreateJuristic 7-12,text,false,,1637,7627,9,62,https://api-scuda.uat.oci.krungsri.tech/ic/api/v1/customer/juristic/createprofile,1340,0,33
1779452154838,48,SearchIndividual,200,OK,SearchIndividual 2-107,text,true,,1205,2602,1,64,https://api-scuda.uat.oci.krungsri.tech/ords/api/v1/customer/individual/searchprofile,48,0,15
1779452151581,3325,CreateIndividual,200,OK,CreateIndividual 3-10,text,true,,1633,8333,6,63,https://api-scuda.uat.oci.krungsri.tech/ic/api/v1/customer/individual/createprofile,3325,0,16
1779452154886,39,SearchJoint,200,OK,SearchJoint 10-13,text,true,,620,2626,1,62,https://api-scuda.uat.oci.krungsri.tech/ords/api/v1/customer/joint/searchprofile,39,0,21
1779452154882,91,GetIndividual,200,OK,GetIndividual 1-63,text,true,,3866,3588,17,62,https://api-scuda.uat.oci.krungsri.tech/ic/api/v1/customer/individual/getprofile,91,0,19
1779452147790,7184,GetIndividual,200,OK,GetIndividual 1-13,text,true,,3816,3587,17,62,https://api-scuda.uat.oci.krungsri.tech/ic/api/v1/customer/individual/getprofile,7184,0,15
1779452144382,10599,CreateIndividual,200,OK,CreateIndividual 3-2,text,true,,1636,7973,5,60,https://api-scuda.uat.oci.krungsri.tech/ic/api/v1/customer/individual/createprofile,10598,0,26
1779452154286,702,GetIndividual,200,OK,GetIndividual 1-56,text,true,,3868,3588,15,59,https://api-scuda.uat.oci.krungsri.tech/ic/api/v1/customer/individual/getprofile,702,0,25
1779452154973,46,SearchIndividual,200,OK,SearchIndividual 2-108,text,true,,1171,2602,1,58,https://api-scuda.uat.oci.krungsri.tech/ords/api/v1/customer/individual/searchprofile,46,0,18
1779452148978,6095,GetIndividual,200,OK,GetIndividual 1-20,text,true,,3808,3588,14,57,https://api-scuda.uat.oci.krungsri.tech/ic/api/v1/customer/individual/getprofile,6095,0,21
1779452153057,2022,UpdateIndividual,200,OK,UpdateIndividual 4-33,text,true,,1280,4228,12,56,https://api-scuda.uat.oci.krungsri.tech/ic/api/v1/customer/individual/updateprofile,2022,0,20
1779452155087,59,SearchIndividual,200,OK,SearchIndividual 2-109,text,true,,1176,2601,3,61,https://api-scuda.uat.oci.krungsri.tech/ords/api/v1/customer/individual/searchprofile,59,0,22
1779452155106,50,SearchIndividual,200,OK,SearchIndividual 2-110,text,true,,1185,2602,2,60,https://api-scuda.uat.oci.krungsri.tech/ords/api/v1/customer/individual/searchprofile,50,0,24
1779452155140,45,SearchIndividual,200,OK,SearchIndividual 2-111,text,true,,1197,2602,2,61,https://api-scuda.uat.oci.krungsri.tech/ords/api/v1/customer/individual/searchprofile,45,0,19
1779452155120,108,GetIndividual,200,OK,GetIndividual 1-64,text,true,,3916,3588,15,62,https://api-scuda.uat.oci.krungsri.tech/ic/api/v1/customer/individual/getprofile,108,0,24
1779452155199,30,SearchJuristic,200,OK,SearchJuristic 6-14,text,true,,996,2600,1,61,https://api-scuda.uat.oci.krungsri.tech/ords/api/v1/customer/juristic/searchprofile,30,0,16
1779452155182,48,SearchIndividual,200,OK,SearchIndividual 2-112,text,true,,1205,2602,1,60,https://api-scuda.uat.oci.krungsri.tech/ords/api/v1/customer/individual/searchprofile,48,0,21
1779452144276,10972,CreateJoint,500,Server Error,CreateJoint 11-3,text,false,,1637,5898,8,60,https://api-scuda.uat.oci.krungsri.tech/ic/api/v1/customer/joint/createprofile,10972,0,22
1779452150919,4335,CreateJoint,500,Server Error,CreateJoint 11-9,text,false,,1637,5699,7,59,https://api-scuda.uat.oci.krungsri.tech/ic/api/v1/customer/joint/createprofile,4335,0,29
1779452155240,39,SearchIndividual,200,OK,SearchIndividual 2-113,text,true,,1207,2602,1,60,https://api-scuda.uat.oci.krungsri.tech/ords/api/v1/customer/individual/searchprofile,39,0,15
1779452155119,161,UpdateIndividual,200,OK,UpdateIndividual 4-42,text,true,,1280,4229,13,59,https://api-scuda.uat.oci.krungsri.tech/ic/api/v1/customer/individual/updateprofile,161,0,23
1779452155200,103,GetIndividual,200,OK,GetIndividual 1-65,text,true,,3885,3588,15,58,https://api-scuda.uat.oci.krungsri.tech/ic/api/v1/customer/individual/getprofile,103,0,25
1779452144251,11055,CreateJoint,500,Server Error,CreateJoint 11-2,text,false,,1637,6059,6,57,https://api-scuda.uat.oci.krungsri.tech/ic/api/v1/customer/joint/createprofile,11055,0,25
1779452154337,976,GetIndividual,200,OK,GetIndividual 1-59,text,true,,3855,3588,14,56,https://api-scuda.uat.oci.krungsri.tech/ic/api/v1/customer/individual/getprofile,976,0,22
1779452145317,10036,GetIndividual,200,OK,GetIndividual 1-6,text,true,,3814,3588,14,56,https://api-scuda.uat.oci.krungsri.tech/ic/api/v1/customer/individual/getprofile,10036,0,34
1779452146451,8913,CreateJoint,500,Server Error,CreateJoint 11-5,text,false,,1635,5752,5,56,https://api-scuda.uat.oci.krungsri.tech/ic/api/v1/customer/joint/createprofile,8913,0,24
1779452150808,4566,UpdateIndividual,200,OK,UpdateIndividual 4-21,text,true,,1280,5636,12,55,https://api-scuda.uat.oci.krungsri.tech/ic/api/v1/customer/individual/updateprofile,4566,0,12
1779452155356,43,SearchIndividual,200,OK,SearchIndividual 2-114,text,true,,1117,2602,1,54,https://api-scuda.uat.oci.krungsri.tech/ords/api/v1/customer/individual/searchprofile,43,0,19
1779452155316,96,GetIndividual,200,OK,GetIndividual 1-67,text,true,,3814,3587,13,55,https://api-scuda.uat.oci.krungsri.tech/ic/api/v1/customer/individual/getprofile,96,0,22
1779452155404,36,SearchIndividual,200,OK,SearchIndividual 2-116,text,true,,1171,2602,3,56,https://api-scuda.uat.oci.krungsri.tech/ords/api/v1/customer/individual/searchprofile,36,0,16
1779452155402,43,SearchIndividual,200,OK,SearchIndividual 2-115,text,true,,1255,2602,2,55,https://api-scuda.uat.oci.krungsri.tech/ords/api/v1/customer/individual/searchprofile,43,0,16
1779452155418,40,SearchIndividual,200,OK,SearchIndividual 2-117,text,true,,1140,2601,1,55,https://api-scuda.uat.oci.krungsri.tech/ords/api/v1/customer/individual/searchprofile,40,0,19
1779452155491,40,SearchJoint,200,OK,SearchJoint 10-14,text,true,,621,2627,1,59,https://api-scuda.uat.oci.krungsri.tech/ords/api/v1/customer/joint/searchprofile,40,0,24
1779452155433,116,GetIndividual,200,OK,GetIndividual 1-68,text,true,,3863,3588,14,58,https://api-scuda.uat.oci.krungsri.tech/ic/api/v1/customer/individual/getprofile,116,0,26
1779452155470,95,GetIndividual,200,OK,GetIndividual 1-69,text,true,,3821,3586,13,57,https://api-scuda.uat.oci.krungsri.tech/ic/api/v1/customer/individual/getprofile,95,0,21
1779452155527,42,SearchIndividual,200,OK,SearchIndividual 2-118,text,true,,1193,2602,1,56,https://api-scuda.uat.oci.krungsri.tech/ords/api/v1/customer/individual/searchprofile,42,0,20
1779452153148,2456,UpdateJuristic,500,Server Error,UpdateJuristic 8-12,text,false,,1270,4419,4,57,https://api-scuda.uat.oci.krungsri.tech/ic/api/v1/customer/juristic/updateprofile,2456,0,22
1779452153785,1867,CreateJoint,500,Server Error,CreateJoint 11-12,text,false,,1637,5845,5,59,https://api-scuda.uat.oci.krungsri.tech/ic/api/v1/customer/joint/createprofile,1867,0,23
1779452155618,35,SearchIndividual,200,OK,SearchIndividual 2-119,text,true,,1211,2602,2,59,https://api-scuda.uat.oci.krungsri.tech/ords/api/v1/customer/individual/searchprofile,34,0,12
1779452155593,95,GetIndividual,200,OK,GetIndividual 1-70,text,true,,3856,3588,14,58,https://api-scuda.uat.oci.krungsri.tech/ic/api/v1/customer/individual/getprofile,95,0,22
1779452155643,65,SearchIndividual,200,OK,SearchIndividual 2-120,text,true,,1179,2602,2,58,https://api-scuda.uat.oci.krungsri.tech/ords/api/v1/customer/individual/searchprofile,65,0,34
1779452155708,51,SearchIndividual,200,OK,SearchIndividual 2-121,text,true,,1165,2602,2,58,https://api-scuda.uat.oci.krungsri.tech/ords/api/v1/customer/individual/searchprofile,51,0,25
1779452155753,42,SearchIndividual,200,OK,SearchIndividual 2-122,text,true,,1189,2602,2,59,https://api-scuda.uat.oci.krungsri.tech/ords/api/v1/customer/individual/searchprofile,42,0,20
1779452154626,1179,UpdateJoint,500,Server Error,UpdateJoint 12-13,text,false,,1270,3614,5,61,https://api-scuda.uat.oci.krungsri.tech/ic/api/v1/customer/joint/updateprofile,1179,0,22
1779452155682,123,GetIndividual,200,OK,GetIndividual 1-71,text,true,,3809,3588,14,61,https://api-scuda.uat.oci.krungsri.tech/ic/api/v1/customer/individual/getprofile,123,0,23
1779452155767,45,SearchIndividual,200,OK,SearchIndividual 2-123,text,true,,1189,2602,1,59,https://api-scuda.uat.oci.krungsri.tech/ords/api/v1/customer/individual/searchprofile,45,0,23
1779452154834,1015,GetIndividual,200,OK,GetIndividual 1-62,text,true,,3907,3588,14,60,https://api-scuda.uat.oci.krungsri.tech/ic/api/v1/customer/individual/getprofile,1015,0,23
1779452153664,2208,GetIndividual,200,OK,GetIndividual 1-50,text,true,,3837,3588,13,59,https://api-scuda.uat.oci.krungsri.tech/ic/api/v1/customer/individual/getprofile,2208,0,14
1779452154798,1075,GetJuristic,200,OK,GetJuristic 5-13,text,true,,3478,3533,3,59,https://api-scuda.uat.oci.krungsri.tech/ic/api/v1/customer/juristic/getprofile,1075,0,20
1779452155798,114,GetJuristic,200,OK,GetJuristic 5-14,text,true,,3481,3533,2,57,https://api-scuda.uat.oci.krungsri.tech/ic/api/v1/customer/juristic/getprofile,114,0,13
1779452155797,118,GetIndividual,200,OK,GetIndividual 1-72,text,true,,3882,3588,12,56,https://api-scuda.uat.oci.krungsri.tech/ic/api/v1/customer/individual/getprofile,118,0,21
1779452155523,400,CreateJoint,500,Server Error,CreateJoint 11-14,text,false,,1637,5898,4,55,https://api-scuda.uat.oci.krungsri.tech/ic/api/v1/customer/joint/createprofile,400,0,16
1779452153809,2118,CreateIndividual,200,OK,CreateIndividual 3-12,text,true,,1636,8297,5,54,https://api-scuda.uat.oci.krungsri.tech/ic/api/v1/customer/individual/createprofile,2118,0,13
1779452155934,34,SearchIndividual,200,OK,SearchIndividual 2-125,text,true,,1217,2602,3,57,https://api-scuda.uat.oci.krungsri.tech/ords/api/v1/customer/individual/searchprofile,34,0,21
1779452155929,41,SearchIndividual,200,OK,SearchIndividual 2-124,text,true,,1195,2602,2,56,https://api-scuda.uat.oci.krungsri.tech/ords/api/v1/customer/individual/searchprofile,41,0,16
1779452148840,7130,GetIndividual,200,OK,GetIndividual 1-19,text,true,,3879,3586,11,56,https://api-scuda.uat.oci.krungsri.tech/ic/api/v1/customer/individual/getprofile,7130,0,18
1779452151143,4828,GetIndividual,200,OK,GetIndividual 1-35,text,true,,3901,3588,11,56,https://api-scuda.uat.oci.krungsri.tech/ic/api/v1/customer/individual/getprofile,4828,0,19
1779452155120,860,UpdateIndividual,200,OK,UpdateIndividual 4-43,text,true,,1278,4227,16,54,https://api-scuda.uat.oci.krungsri.tech/ic/api/v1/customer/individual/updateprofile,860,0,25
1779452155961,48,SearchIndividual,200,OK,SearchIndividual 2-126,text,true,,1187,2602,1,56,https://api-scuda.uat.oci.krungsri.tech/ords/api/v1/customer/individual/searchprofile,48,0,24
1779452155264,808,GetIndividual,200,OK,GetIndividual 1-66,text,true,,3861,3588,10,56,https://api-scuda.uat.oci.krungsri.tech/ic/api/v1/customer/individual/getprofile,808,0,22
1779452156042,42,SearchIndividual,200,OK,SearchIndividual 2-127,text,true,,1209,2602,1,56,https://api-scuda.uat.oci.krungsri.tech/ords/api/v1/customer/individual/searchprofile,42,0,17
1779452154773,1334,CreateJoint,500,Server Error,CreateJoint 11-13,text,false,,1637,5842,3,57,https://api-scuda.uat.oci.krungsri.tech/ic/api/v1/customer/joint/createprofile,1334,0,22
1779452154853,1254,UpdateIndividual,200,OK,UpdateIndividual 4-41,text,true,,1280,5635,18,57,https://api-scuda.uat.oci.krungsri.tech/ic/api/v1/customer/individual/updateprofile,1254,0,36
1779452155974,164,GetIndividual,200,OK,GetIndividual 1-74,text,true,,3866,3588,9,56,https://api-scuda.uat.oci.krungsri.tech/ic/api/v1/customer/individual/getprofile,164,0,21
1779452156103,49,SearchIndividual,200,OK,SearchIndividual 2-128,text,true,,1180,2601,2,56,https://api-scuda.uat.oci.krungsri.tech/ords/api/v1/customer/individual/searchprofile,49,0,21
1779452151196,4981,GetIndividual,200,OK,GetIndividual 1-36,text,true,,3833,3588,10,58,https://api-scuda.uat.oci.krungsri.tech/ic/api/v1/customer/individual/getprofile,4981,0,22
1779452156143,56,SearchIndividual,200,OK,SearchIndividual 2-129,text,true,,1129,2602,1,58,https://api-scuda.uat.oci.krungsri.tech/ords/api/v1/customer/individual/searchprofile,56,0,32
1779452156191,36,SearchJuristic,200,OK,SearchJuristic 6-15,text,true,,1008,2600,1,59,https://api-scuda.uat.oci.krungsri.tech/ords/api/v1/customer/juristic/searchprofile,36,0,23
1779452156143,107,GetIndividual,200,OK,GetIndividual 1-75,text,true,,3836,3588,10,60,https://api-scuda.uat.oci.krungsri.tech/ic/api/v1/customer/individual/getprofile,107,0,22
1779452156202,48,SearchIndividual,200,OK,SearchIndividual 2-130,text,true,,1213,2602,3,60,https://api-scuda.uat.oci.krungsri.tech/ords/api/v1/customer/individual/searchprofile,48,0,25
1779452156174,98,GetIndividual,200,OK,GetIndividual 1-76,text,true,,3858,3588,9,58,https://api-scuda.uat.oci.krungsri.tech/ic/api/v1/customer/individual/getprofile,98,0,21
1779452156249,36,SearchIndividual,200,OK,SearchIndividual 2-132,text,true,,1179,2602,2,57,https://api-scuda.uat.oci.krungsri.tech/ords/api/v1/customer/individual/searchprofile,36,0,21
1779452156234,56,SearchIndividual,200,OK,SearchIndividual 2-131,text,true,,1103,2602,1,57,https://api-scuda.uat.oci.krungsri.tech/ords/api/v1/customer/individual/searchprofile,56,0,32
1779452155643,650,GetJoint,200,OK,GetJoint 9-14,text,true,,1431,3530,4,56,https://api-scuda.uat.oci.krungsri.tech/ic/api/v1/customer/joint/getprofile,650,0,20
1779452156108,256,UpdateIndividual,200,OK,UpdateIndividual 4-51,text,true,,1280,4229,19,57,https://api-scuda.uat.oci.krungsri.tech/ic/api/v1/customer/individual/updateprofile,256,0,24
1779452151065,5315,UpdateJoint,500,Server Error,UpdateJoint 12-10,text,false,,1270,4596,5,58,https://api-scuda.uat.oci.krungsri.tech/ic/api/v1/customer/joint/updateprofile,5315,0,23
1779452155808,596,UpdateIndividual,200,OK,UpdateIndividual 4-46,text,true,,1280,5553,18,58,https://api-scuda.uat.oci.krungsri.tech/ic/api/v1/customer/individual/updateprofile,596,0,19
1779452156366,39,SearchIndividual,200,OK,SearchIndividual 2-134,text,true,,1219,2602,2,58,https://api-scuda.uat.oci.krungsri.tech/ords/api/v1/customer/individual/searchprofile,38,0,22
1779452156361,53,SearchIndividual,200,OK,SearchIndividual 2-133,text,true,,1175,2602,2,57,https://api-scuda.uat.oci.krungsri.tech/ords/api/v1/customer/individual/searchprofile,53,0,24
1779452144376,12050,CreateJuristic,500,Server Error,CreateJuristic 7-2,text,false,,1637,7688,10,56,https://api-scuda.uat.oci.krungsri.tech/ic/api/v1/customer/juristic/createprofile,12050,0,15
1779452149447,7025,UpdateIndividual,200,OK,UpdateIndividual 4-17,text,true,,1280,4227,17,57,https://api-scuda.uat.oci.krungsri.tech/ic/api/v1/customer/individual/updateprofile,7025,0,11
1779452151252,5221,UpdateIndividual,200,OK,UpdateIndividual 4-23,text,true,,1280,4229,16,56,https://api-scuda.uat.oci.krungsri.tech/ic/api/v1/customer/individual/updateprofile,5221,0,22
1779452151402,5075,UpdateIndividual,200,OK,UpdateIndividual 4-24,text,true,,1280,4228,15,55,https://api-scuda.uat.oci.krungsri.tech/ic/api/v1/customer/individual/updateprofile,5075,0,21
1779452156387,100,GetJuristic,200,OK,GetJuristic 5-15,text,true,,3500,3533,2,54,https://api-scuda.uat.oci.krungsri.tech/ic/api/v1/customer/juristic/getprofile,100,0,20
1779452155944,557,UpdateIndividual,200,OK,UpdateIndividual 4-48,text,true,,1280,4228,14,53,https://api-scuda.uat.oci.krungsri.tech/ic/api/v1/customer/individual/updateprofile,557,0,19
1779452156408,97,SearchIndividual,200,OK,SearchIndividual 2-135,text,true,,1123,2602,1,52,https://api-scuda.uat.oci.krungsri.tech/ords/api/v1/customer/individual/searchprofile,97,0,54
1779452155513,1071,UpdateIndividual,200,OK,UpdateIndividual 4-45,text,true,,1280,4228,13,51,https://api-scuda.uat.oci.krungsri.tech/ic/api/v1/customer/individual/updateprofile,1071,0,33
1779452153898,2711,UpdateIndividual,200,OK,UpdateIndividual 4-35,text,true,,1278,4225,13,52,https://api-scuda.uat.oci.krungsri.tech/ic/api/v1/customer/individual/updateprofile,2711,0,28
1779452156443,178,GetIndividual,200,OK,GetIndividual 1-78,text,true,,3880,3588,9,51,https://api-scuda.uat.oci.krungsri.tech/ic/api/v1/customer/individual/getprofile,178,0,71
1779452154406,2248,GetIndividual,200,OK,GetIndividual 1-60,text,true,,3850,3588,8,51,https://api-scuda.uat.oci.krungsri.tech/ic/api/v1/customer/individual/getprofile,2248,0,20
1779452156610,47,SearchIndividual,200,OK,SearchIndividual 2-136,text,true,,1211,2602,1,50,https://api-scuda.uat.oci.krungsri.tech/ords/api/v1/customer/individual/searchprofile,47,0,21
1779452155180,1489,UpdateJuristic,500,Server Error,UpdateJuristic 8-14,text,false,,1270,5775,4,49,https://api-scuda.uat.oci.krungsri.tech/ic/api/v1/customer/juristic/updateprofile,1488,0,18
1779452155589,1084,UpdateJoint,500,Server Error,UpdateJoint 12-14,text,false,,1270,4600,4,48,https://api-scuda.uat.oci.krungsri.tech/ic/api/v1/customer/joint/updateprofile,1084,0,13
1779452156633,45,SearchJoint,200,OK,SearchJoint 10-15,text,true,,621,2627,1,47,https://api-scuda.uat.oci.krungsri.tech/ords/api/v1/customer/joint/searchprofile,45,0,24
1779452156004,676,UpdateIndividual,200,OK,UpdateIndividual 4-50,text,true,,1279,4226,12,46,https://api-scuda.uat.oci.krungsri.tech/ic/api/v1/customer/individual/updateprofile,676,0,13
1779452156687,50,SearchIndividual,200,OK,SearchIndividual 2-137,text,true,,1122,2601,2,49,https://api-scuda.uat.oci.krungsri.tech/ords/api/v1/customer/individual/searchprofile,50,0,26
1779452156715,46,SearchIndividual,200,OK,SearchIndividual 2-138,text,true,,1150,2601,1,49,https://api-scuda.uat.oci.krungsri.tech/ords/api/v1/customer/individual/searchprofile,46,0,16
1779452156691,97,GetIndividual,200,OK,GetIndividual 1-80,text,true,,3900,3588,10,49,https://api-scuda.uat.oci.krungsri.tech/ic/api/v1/customer/individual/getprofile,97,0,22
1779452155990,817,UpdateIndividual,200,OK,UpdateIndividual 4-49,text,true,,1280,4226,11,48,https://api-scuda.uat.oci.krungsri.tech/ic/api/v1/customer/individual/updateprofile,817,0,20
1779452156688,125,GetIndividual,200,OK,GetIndividual 1-79,text,true,,3849,3588,9,47,https://api-scuda.uat.oci.krungsri.tech/ic/api/v1/customer/individual/getprofile,124,0,23
1779452156788,47,SearchIndividual,200,OK,SearchIndividual 2-139,text,true,,1158,2601,1,47,https://api-scuda.uat.oci.krungsri.tech/ords/api/v1/customer/individual/searchprofile,47,0,24
1779452148787,8063,GetIndividual,200,OK,GetIndividual 1-18,text,true,,3848,3588,10,47,https://api-scuda.uat.oci.krungsri.tech/ic/api/v1/customer/individual/getprofile,8063,0,18
1779452156755,107,GetIndividual,200,OK,GetIndividual 1-81,text,true,,3821,3586,9,47,https://api-scuda.uat.oci.krungsri.tech/ic/api/v1/customer/individual/getprofile,107,0,24
1779452147536,9342,UpdateIndividual,200,OK,UpdateIndividual 4-9,text,true,,1279,5672,10,46,https://api-scuda.uat.oci.krungsri.tech/ic/api/v1/customer/individual/updateprofile,9342,0,23
1779452156858,39,SearchIndividual,200,OK,SearchIndividual 2-140,text,true,,1167,2602,2,47,https://api-scuda.uat.oci.krungsri.tech/ords/api/v1/customer/individual/searchprofile,39,0,16
1779452156896,46,SearchIndividual,200,OK,SearchIndividual 2-141,text,true,,1187,2602,1,46,https://api-scuda.uat.oci.krungsri.tech/ords/api/v1/customer/individual/searchprofile,46,0,25
1779452156953,31,SearchIndividual,200,OK,SearchIndividual 2-142,text,true,,1165,2602,2,48,https://api-scuda.uat.oci.krungsri.tech/ords/api/v1/customer/individual/searchprofile,31,0,12
1779452156975,38,SearchIndividual,200,OK,SearchIndividual 2-143,text,true,,1179,2602,2,48,https://api-scuda.uat.oci.krungsri.tech/ords/api/v1/customer/individual/searchprofile,38,0,12
1779452156896,126,GetIndividual,200,OK,GetIndividual 1-84,text,true,,3885,3588,9,47,https://api-scuda.uat.oci.krungsri.tech/ic/api/v1/customer/individual/getprofile,126,0,21
1779452156009,1015,CreateJuristic,500,Server Error,CreateJuristic 7-15,text,false,,1636,7804,9,46,https://api-scuda.uat.oci.krungsri.tech/ic/api/v1/customer/juristic/createprofile,1015,0,21
1779452156994,48,SearchIndividual,200,OK,SearchIndividual 2-144,text,true,,1179,2602,1,46,https://api-scuda.uat.oci.krungsri.tech/ords/api/v1/customer/individual/searchprofile,48,0,19
1779452149866,7180,GetIndividual,200,OK,GetIndividual 1-25,text,true,,3846,3588,8,45,https://api-scuda.uat.oci.krungsri.tech/ic/api/v1/customer/individual/getprofile,7180,0,49
1779452157052,55,SearchIndividual,200,OK,SearchIndividual 2-145,text,true,,1183,2602,1,45,https://api-scuda.uat.oci.krungsri.tech/ords/api/v1/customer/individual/searchprofile,55,0,20
1779452156978,178,UpdateJoint,500,Server Error,UpdateJoint 12-16,text,false,,1270,3614,4,49,https://api-scuda.uat.oci.krungsri.tech/ic/api/v1/customer/joint/updateprofile,178,0,10
1779452157135,34,SearchIndividual,200,OK,SearchIndividual 2-147,text,true,,1182,2599,2,48,https://api-scuda.uat.oci.krungsri.tech/ords/api/v1/customer/individual/searchprofile,34,0,20
1779452157119,51,SearchIndividual,200,OK,SearchIndividual 2-146,text,true,,1185,2602,1,47,https://api-scuda.uat.oci.krungsri.tech/ords/api/v1/customer/individual/searchprofile,51,0,27
1779452147395,9808,CreateIndividual,200,OK,CreateIndividual 3-6,text,true,,1636,8050,5,47,https://api-scuda.uat.oci.krungsri.tech/ic/api/v1/customer/individual/createprofile,9808,0,13
1779452157205,55,SearchIndividual,200,OK,SearchIndividual 2-148,text,true,,1149,2602,2,50,https://api-scuda.uat.oci.krungsri.tech/ords/api/v1/customer/individual/searchprofile,55,0,21
1779452157229,44,SearchIndividual,200,OK,SearchIndividual 2-149,text,true,,1125,2602,2,50,https://api-scuda.uat.oci.krungsri.tech/ords/api/v1/customer/individual/searchprofile,44,0,20
1779452157191,85,GetIndividual,200,OK,GetIndividual 1-85,text,true,,3770,3588,10,49,https://api-scuda.uat.oci.krungsri.tech/ic/api/v1/customer/individual/getprofile,85,0,15
1779452157274,41,SearchIndividual,200,OK,SearchIndividual 2-150,text,true,,1201,2602,2,51,https://api-scuda.uat.oci.krungsri.tech/ords/api/v1/customer/individual/searchprofile,41,0,15
1779452157218,104,GetIndividual,200,OK,GetIndividual 1-86,text,true,,3839,3588,12,51,https://api-scuda.uat.oci.krungsri.tech/ic/api/v1/customer/individual/getprofile,104,0,18
1779452157254,99,GetIndividual,200,OK,GetIndividual 1-87,text,true,,3796,3588,11,50,https://api-scuda.uat.oci.krungsri.tech/ic/api/v1/customer/individual/getprofile,99,0,22
1779452154626,2731,UpdateIndividual,200,OK,UpdateIndividual 4-39,text,true,,1280,5565,11,50,https://api-scuda.uat.oci.krungsri.tech/ic/api/v1/customer/individual/updateprofile,2731,0,15
1779452154318,3040,UpdateIndividual,200,OK,UpdateIndividual 4-37,text,true,,1280,5547,10,49,https://api-scuda.uat.oci.krungsri.tech/ic/api/v1/customer/individual/updateprofile,3040,0,17
1779452156375,996,CreateJoint,500,Server Error,CreateJoint 11-15,text,false,,1637,5699,3,49,https://api-scuda.uat.oci.krungsri.tech/ic/api/v1/customer/joint/createprofile,996,0,25
1779452155823,1550,GetIndividual,200,OK,GetIndividual 1-73,text,true,,3861,3588,10,48,https://api-scuda.uat.oci.krungsri.tech/ic/api/v1/customer/individual/getprofile,1550,0,19
1779452157314,60,SearchIndividual,200,OK,SearchIndividual 2-151,text,true,,1177,2602,3,47,https://api-scuda.uat.oci.krungsri.tech/ords/api/v1/customer/individual/searchprofile,59,0,20
1779452157363,31,SearchIndividual,200,OK,SearchIndividual 2-153,text,true,,1141,2602,3,47,https://api-scuda.uat.oci.krungsri.tech/ords/api/v1/customer/individual/searchprofile,30,0,17
1779452157152,251,UpdateIndividual,200,OK,UpdateIndividual 4-56,text,true,,1280,5577,9,47,https://api-scuda.uat.oci.krungsri.tech/ic/api/v1/customer/individual/updateprofile,251,0,20
1779452157355,51,SearchIndividual,200,OK,SearchIndividual 2-152,text,true,,1147,2602,3,46,https://api-scuda.uat.oci.krungsri.tech/ords/api/v1/customer/individual/searchprofile,51,0,11
1779452157309,101,GetIndividual,200,OK,GetIndividual 1-89,text,true,,3897,3588,9,45,https://api-scuda.uat.oci.krungsri.tech/ic/api/v1/customer/individual/getprofile,101,0,21
1779452157391,34,SearchIndividual,200,OK,SearchIndividual 2-154,text,true,,1165,2602,2,45,https://api-scuda.uat.oci.krungsri.tech/ords/api/v1/customer/individual/searchprofile,33,0,11
1779452157401,45,SearchIndividual,200,OK,SearchIndividual 2-155,text,true,,1145,2602,1,44,https://api-scuda.uat.oci.krungsri.tech/ords/api/v1/customer/individual/searchprofile,44,0,20
1779452157323,171,GetIndividual,200,OK,GetIndividual 1-90,text,true,,3828,3588,9,44,https://api-scuda.uat.oci.krungsri.tech/ic/api/v1/customer/individual/getprofile,171,0,81
1779452157512,31,SearchJoint,200,OK,SearchJoint 10-16,text,true,,621,2627,1,44,https://api-scuda.uat.oci.krungsri.tech/ords/api/v1/customer/joint/searchprofile,31,0,20
1779452144382,13179,UpdateJuristic,500,Server Error,UpdateJuristic 8-2,text,false,,1270,5799,4,44,https://api-scuda.uat.oci.krungsri.tech/ic/api/v1/customer/juristic/updateprofile,13179,0,31
1779452157300,276,GetIndividual,200,OK,GetIndividual 1-88,text,true,,3919,3588,8,45,https://api-scuda.uat.oci.krungsri.tech/ic/api/v1/customer/individual/getprofile,276,0,14
1779452157032,555,UpdateJuristic,500,Server Error,UpdateJuristic 8-16,text,false,,1270,5698,3,45,https://api-scuda.uat.oci.krungsri.tech/ic/api/v1/customer/juristic/updateprofile,555,0,21
1779452157549,44,SearchIndividual,200,OK,SearchIndividual 2-156,text,true,,1135,2602,2,44,https://api-scuda.uat.oci.krungsri.tech/ords/api/v1/customer/individual/searchprofile,43,0,15
1779452157570,36,SearchIndividual,200,OK,SearchIndividual 2-157,text,true,,1176,2601,1,43,https://api-scuda.uat.oci.krungsri.tech/ords/api/v1/customer/individual/searchprofile,36,0,15
1779452157454,227,GetIndividual,200,OK,GetIndividual 1-91,text,true,,3873,3588,10,46,https://api-scuda.uat.oci.krungsri.tech/ic/api/v1/customer/individual/getprofile,227,0,19
1779452154720,2970,CreateJuristic,500,Server Error,CreateJuristic 7-13,text,false,,1637,8284,9,46,https://api-scuda.uat.oci.krungsri.tech/ic/api/v1/customer/juristic/createprofile,2970,0,23
1779452157647,44,SearchIndividual,200,OK,SearchIndividual 2-158,text,true,,1185,2602,1,46,https://api-scuda.uat.oci.krungsri.tech/ords/api/v1/customer/individual/searchprofile,44,0,21
1779452157621,94,GetIndividual,200,OK,GetIndividual 1-92,text,true,,3886,3588,9,44,https://api-scuda.uat.oci.krungsri.tech/ic/api/v1/customer/individual/getprofile,94,0,12
1779452157758,43,SearchJuristic,200,OK,SearchJuristic 6-16,text,true,,992,2600,1,47,https://api-scuda.uat.oci.krungsri.tech/ords/api/v1/customer/juristic/searchprofile,43,0,25
1779452144417,13396,CreateJuristic,500,Server Error,CreateJuristic 7-3,text,false,,1628,8024,8,47,https://api-scuda.uat.oci.krungsri.tech/ic/api/v1/customer/juristic/createprofile,13396,0,32
1779452157415,398,UpdateIndividual,200,OK,UpdateIndividual 4-57,text,true,,1280,4227,13,47,https://api-scuda.uat.oci.krungsri.tech/ic/api/v1/customer/individual/updateprofile,398,0,20
1779452157773,45,SearchIndividual,200,OK,SearchIndividual 2-159,text,true,,1167,2602,1,45,https://api-scuda.uat.oci.krungsri.tech/ords/api/v1/customer/individual/searchprofile,44,0,23
1779452150624,7229,GetIndividual,200,OK,GetIndividual 1-29,text,true,,3841,3588,9,46,https://api-scuda.uat.oci.krungsri.tech/ic/api/v1/customer/individual/getprofile,7229,0,25
1779452157766,98,GetIndividual,200,OK,GetIndividual 1-95,text,true,,3837,3588,8,45,https://api-scuda.uat.oci.krungsri.tech/ic/api/v1/customer/individual/getprofile,98,0,22
1779452157819,47,SearchIndividual,200,OK,SearchIndividual 2-160,text,true,,1153,2602,1,44,https://api-scuda.uat.oci.krungsri.tech/ords/api/v1/customer/individual/searchprofile,47,0,25
1779452157576,330,UpdateIndividual,200,OK,UpdateIndividual 4-58,text,true,,1280,5655,12,45,https://api-scuda.uat.oci.krungsri.tech/ic/api/v1/customer/individual/updateprofile,330,0,13
1779452157808,198,UpdateIndividual,200,OK,UpdateIndividual 4-61,text,true,,1280,4227,12,49,https://api-scuda.uat.oci.krungsri.tech/ic/api/v1/customer/individual/updateprofile,198,0,23
1779452157685,322,UpdateIndividual,200,OK,UpdateIndividual 4-59,text,true,,1280,5567,11,48,https://api-scuda.uat.oci.krungsri.tech/ic/api/v1/customer/individual/updateprofile,322,0,20
1779452150362,7688,GetIndividual,200,OK,GetIndividual 1-28,text,true,,3758,3588,10,50,https://api-scuda.uat.oci.krungsri.tech/ic/api/v1/customer/individual/getprofile,7688,0,19
1779452158009,48,SearchIndividual,200,OK,SearchIndividual 2-161,text,true,,1163,2602,3,50,https://api-scuda.uat.oci.krungsri.tech/ords/api/v1/customer/individual/searchprofile,48,0,14
1779452158023,44,SearchIndividual,200,OK,SearchIndividual 2-162,text,true,,1236,2601,3,50,https://api-scuda.uat.oci.krungsri.tech/ords/api/v1/customer/individual/searchprofile,43,0,22
1779452156163,1908,UpdateIndividual,200,OK,UpdateIndividual 4-52,text,true,,1280,5598,10,50,https://api-scuda.uat.oci.krungsri.tech/ic/api/v1/customer/individual/updateprofile,1908,0,15
1779452157822,256,GetJoint,200,OK,GetJoint 9-16,text,true,,1429,3530,4,49,https://api-scuda.uat.oci.krungsri.tech/ic/api/v1/customer/joint/getprofile,256,0,23
1779452157590,489,CreateJoint,500,Server Error,CreateJoint 11-16,text,false,,1637,6078,4,49,https://api-scuda.uat.oci.krungsri.tech/ic/api/v1/customer/joint/createprofile,489,0,18
1779452155463,2616,UpdateIndividual,200,OK,UpdateIndividual 4-44,text,true,,1278,4225,9,49,https://api-scuda.uat.oci.krungsri.tech/ic/api/v1/customer/individual/updateprofile,2616,0,18
1779452144375,13711,CreateJuristic,500,Server Error,CreateJuristic 7-1,text,false,,1637,8221,7,46,https://api-scuda.uat.oci.krungsri.tech/ic/api/v1/customer/juristic/createprofile,13711,0,0
1779452158050,45,SearchIndividual,200,OK,SearchIndividual 2-163,text,true,,1193,2602,3,45,https://api-scuda.uat.oci.krungsri.tech/ords/api/v1/customer/individual/searchprofile,44,0,22
1779452157978,100,GetIndividual,200,OK,GetIndividual 1-97,text,true,,3846,3587,10,49,https://api-scuda.uat.oci.krungsri.tech/ic/api/v1/customer/individual/getprofile,100,0,21
1779452158070,35,SearchIndividual,200,OK,SearchIndividual 2-165,text,true,,1123,2602,2,43,https://api-scuda.uat.oci.krungsri.tech/ords/api/v1/customer/individual/searchprofile,35,0,15
1779452158064,55,SearchIndividual,200,OK,SearchIndividual 2-164,text,true,,1177,2602,1,43,https://api-scuda.uat.oci.krungsri.tech/ords/api/v1/customer/individual/searchprofile,55,0,29
1779452157871,282,GetJuristic,200,OK,GetJuristic 5-16,text,true,,3501,3533,2,43,https://api-scuda.uat.oci.krungsri.tech/ic/api/v1/customer/juristic/getprofile,282,0,24
1779452158134,47,SearchIndividual,200,OK,SearchIndividual 2-166,text,true,,1181,2602,1,43,https://api-scuda.uat.oci.krungsri.tech/ords/api/v1/customer/individual/searchprofile,47,0,23
1779452156822,1361,GetIndividual,200,OK,GetIndividual 1-82,text,true,,3935,3588,10,42,https://api-scuda.uat.oci.krungsri.tech/ic/api/v1/customer/individual/getprofile,1361,0,23
1779452158112,112,GetIndividual,200,OK,GetIndividual 1-100,text,true,,3856,3588,10,43,https://api-scuda.uat.oci.krungsri.tech/ic/api/v1/customer/individual/getprofile,112,0,12
1779452156598,1648,UpdateIndividual,200,OK,UpdateIndividual 4-54,text,true,,1280,4227,9,43,https://api-scuda.uat.oci.krungsri.tech/ic/api/v1/customer/individual/updateprofile,1648,0,21
1779452158243,36,SearchIndividual,200,OK,SearchIndividual 2-167,text,true,,1199,2602,2,43,https://api-scuda.uat.oci.krungsri.tech/ords/api/v1/customer/individual/searchprofile,36,0,13
1779452157765,515,UpdateIndividual,200,OK,UpdateIndividual 4-60,text,true,,1280,5563,8,43,https://api-scuda.uat.oci.krungsri.tech/ic/api/v1/customer/individual/updateprofile,515,0,15
1779452158054,236,GetIndividual,200,OK,GetIndividual 1-99,text,true,,3869,3588,10,43,https://api-scuda.uat.oci.krungsri.tech/ic/api/v1/customer/individual/getprofile,236,0,23
1779452158253,45,SearchIndividual,200,OK,SearchIndividual 2-168,text,true,,1111,2602,2,44,https://api-scuda.uat.oci.krungsri.tech/ords/api/v1/customer/individual/searchprofile,45,0,23
1779452156292,2012,UpdateIndividual,200,OK,UpdateIndividual 4-53,text,true,,1280,4227,7,43,https://api-scuda.uat.oci.krungsri.tech/ic/api/v1/customer/individual/updateprofile,2012,0,17
1779452158287,43,SearchIndividual,200,OK,SearchIndividual 2-169,text,true,,1142,2601,1,44,https://api-scuda.uat.oci.krungsri.tech/ords/api/v1/customer/individual/searchprofile,43,0,19
1779452158306,36,SearchJoint,200,OK,SearchJoint 10-17,text,true,,621,2627,1,44,https://api-scuda.uat.oci.krungsri.tech/ords/api/v1/customer/joint/searchprofile,36,0,19
1779452154675,3676,UpdateIndividual,200,OK,UpdateIndividual 4-40,text,true,,1279,5589,7,44,https://api-scuda.uat.oci.krungsri.tech/ic/api/v1/customer/individual/updateprofile,3676,0,23
1779452158344,33,SearchJuristic,200,OK,SearchJuristic 6-17,text,true,,1000,2600,1,43,https://api-scuda.uat.oci.krungsri.tech/ords/api/v1/customer/juristic/searchprofile,33,0,16
1779452156158,2237,GetJoint,200,OK,GetJoint 9-15,text,true,,1431,3530,3,42,https://api-scuda.uat.oci.krungsri.tech/ic/api/v1/customer/joint/getprofile,2237,0,23
1779452155847,2558,UpdateIndividual,200,OK,UpdateIndividual 4-47,text,true,,1279,4226,6,41,https://api-scuda.uat.oci.krungsri.tech/ic/api/v1/customer/individual/updateprofile,2558,0,21
1779452158297,108,GetIndividual,200,OK,GetIndividual 1-103,text,true,,3828,3588,12,40,https://api-scuda.uat.oci.krungsri.tech/ic/api/v1/customer/individual/getprofile,108,0,29
1779452154119,4330,GetIndividual,200,OK,GetIndividual 1-55,text,true,,3819,3588,11,41,https://api-scuda.uat.oci.krungsri.tech/ic/api/v1/customer/individual/getprofile,4330,0,17
1779452158412,44,SearchIndividual,200,OK,SearchIndividual 2-170,text,true,,1165,2602,3,42,https://api-scuda.uat.oci.krungsri.tech/ords/api/v1/customer/individual/searchprofile,44,0,20
1779452158189,296,UpdateIndividual,200,OK,UpdateIndividual 4-63,text,true,,1278,4229,6,41,https://api-scuda.uat.oci.krungsri.tech/ic/api/v1/customer/individual/updateprofile,296,0,17
1779452158453,38,SearchIndividual,200,OK,SearchIndividual 2-171,text,true,,1153,2600,2,40,https://api-scuda.uat.oci.krungsri.tech/ords/api/v1/customer/individual/searchprofile,38,0,13
1779452149835,8663,CreateJuristic,500,Server Error,CreateJuristic 7-8,text,false,,1637,8202,7,39,https://api-scuda.uat.oci.krungsri.tech/ic/api/v1/customer/juristic/createprofile,8663,0,18
1779452158325,177,GetIndividual,200,OK,GetIndividual 1-105,text,true,,3857,3588,10,38,https://api-scuda.uat.oci.krungsri.tech/ic/api/v1/customer/individual/getprofile,177,0,19
1779452155769,2738,CreateJuristic,500,Server Error,CreateJuristic 7-14,text,false,,1637,8165,6,37,https://api-scuda.uat.oci.krungsri.tech/ic/api/v1/customer/juristic/createprofile,2738,0,23
1779452158453,68,SearchIndividual,200,OK,SearchIndividual 2-172,text,true,,1131,2600,1,36,https://api-scuda.uat.oci.krungsri.tech/ords/api/v1/customer/individual/searchprofile,68,0,36
1779452153442,5105,UpdateIndividual,200,OK,UpdateIndividual 4-34,text,true,,1279,4228,5,38,https://api-scuda.uat.oci.krungsri.tech/ic/api/v1/customer/individual/updateprofile,5105,0,23
1779452158529,28,SearchIndividual,200,OK,SearchIndividual 2-174,text,true,,1197,2602,4,39,https://api-scuda.uat.oci.krungsri.tech/ords/api/v1/customer/individual/searchprofile,28,0,13
1779452158524,41,SearchIndividual,200,OK,SearchIndividual 2-173,text,true,,1179,2602,3,38,https://api-scuda.uat.oci.krungsri.tech/ords/api/v1/customer/individual/searchprofile,41,0,14
1779452158549,42,SearchIndividual,200,OK,SearchIndividual 2-175,text,true,,1145,2602,2,40,https://api-scuda.uat.oci.krungsri.tech/ords/api/v1/customer/individual/searchprofile,41,0,15
1779452158553,43,SearchIndividual,200,OK,SearchIndividual 2-176,text,true,,1207,2602,1,39,https://api-scuda.uat.oci.krungsri.tech/ords/api/v1/customer/individual/searchprofile,43,0,22
1779452157123,1526,UpdateIndividual,200,OK,UpdateIndividual 4-55,text,true,,1280,4227,6,40,https://api-scuda.uat.oci.krungsri.tech/ic/api/v1/customer/individual/updateprofile,1526,0,13
1779452158616,41,SearchIndividual,200,OK,SearchIndividual 2-177,text,true,,1185,2602,1,39,https://api-scuda.uat.oci.krungsri.tech/ords/api/v1/customer/individual/searchprofile,41,0,20
1779452157646,1020,GetIndividual,200,OK,GetIndividual 1-94,text,true,,3853,3588,9,38,https://api-scuda.uat.oci.krungsri.tech/ic/api/v1/customer/individual/getprofile,1020,0,21
1779452158451,245,UpdateIndividual,200,OK,UpdateIndividual 4-65,text,true,,1279,5624,5,37,https://api-scuda.uat.oci.krungsri.tech/ic/api/v1/customer/individual/updateprofile,245,0,21
1779452158710,44,SearchIndividual,200,OK,SearchIndividual 2-178,text,true,,1219,2602,1,39,https://api-scuda.uat.oci.krungsri.tech/ords/api/v1/customer/individual/searchprofile,44,0,17
1779452156842,1913,GetIndividual,200,OK,GetIndividual 1-83,text,true,,3851,3588,9,38,https://api-scuda.uat.oci.krungsri.tech/ic/api/v1/customer/individual/getprofile,1913,0,21
1779452158762,45,SearchIndividual,200,OK,SearchIndividual 2-179,text,true,,1164,2601,2,40,https://api-scuda.uat.oci.krungsri.tech/ords/api/v1/customer/individual/searchprofile,45,0,21
1779452158719,97,GetJoint,200,OK,GetJoint 9-17,text,true,,1429,3530,3,39,https://api-scuda.uat.oci.krungsri.tech/ic/api/v1/customer/joint/getprofile,97,0,16
1779452158709,108,GetIndividual,200,OK,GetIndividual 1-106,text,true,,3897,3588,8,39,https://api-scuda.uat.oci.krungsri.tech/ic/api/v1/customer/individual/getprofile,108,0,21
1779452158800,47,SearchIndividual,200,OK,SearchIndividual 2-180,text,true,,1209,2602,1,38,https://api-scuda.uat.oci.krungsri.tech/ords/api/v1/customer/individual/searchprofile,47,0,22
1779452150188,8661,CreateIndividual,200,OK,CreateIndividual 3-9,text,true,,1636,8308,6,37,https://api-scuda.uat.oci.krungsri.tech/ic/api/v1/customer/individual/createprofile,8661,0,21
1779452151199,7652,GetJuristic,200,OK,GetJuristic 5-10,text,true,,3501,3533,2,36,https://api-scuda.uat.oci.krungsri.tech/ic/api/v1/customer/juristic/getprofile,7652,0,24
1779452157879,1015,CreateIndividual,200,OK,CreateIndividual 3-16,text,true,,1636,8050,5,36,https://api-scuda.uat.oci.krungsri.tech/ic/api/v1/customer/individual/createprofile,1015,0,35
1779452158578,317,UpdateIndividual,200,OK,UpdateIndividual 4-66,text,true,,1280,4229,5,36,https://api-scuda.uat.oci.krungsri.tech/ic/api/v1/customer/individual/updateprofile,317,0,21
1779452158607,300,UpdateIndividual,200,OK,UpdateIndividual 4-67,text,true,,1280,4229,5,35,https://api-scuda.uat.oci.krungsri.tech/ic/api/v1/customer/individual/updateprofile,300,0,22
1779452154057,4854,CreateIndividual,200,OK,CreateIndividual 3-13,text,true,,1636,8196,4,34,https://api-scuda.uat.oci.krungsri.tech/ic/api/v1/customer/individual/createprofile,4853,0,48
1779452156464,2484,CreateIndividual,200,OK,CreateIndividual 3-15,text,true,,1636,8203,3,34,https://api-scuda.uat.oci.krungsri.tech/ic/api/v1/customer/individual/createprofile,2484,0,12
1779452158953,26,SearchIndividual,200,OK,SearchIndividual 2-181,text,true,,621,2602,2,37,https://api-scuda.uat.oci.krungsri.tech/ords/api/v1/customer/individual/searchprofile,25,0,12
1779452158975,37,SearchIndividual,200,OK,SearchIndividual 2-182,text,true,,1149,2602,2,37,https://api-scuda.uat.oci.krungsri.tech/ords/api/v1/customer/individual/searchprofile,37,0,14
1779452158002,1024,GetIndividual,200,OK,GetIndividual 1-98,text,true,,3869,3588,9,37,https://api-scuda.uat.oci.krungsri.tech/ic/api/v1/customer/individual/getprofile,1024,0,24
1779452159000,45,SearchIndividual,200,OK,SearchIndividual 2-183,text,true,,1221,2602,2,38,https://api-scuda.uat.oci.krungsri.tech/ords/api/v1/customer/individual/searchprofile,45,0,21
1779452159034,52,SearchIndividual,200,OK,SearchIndividual 2-184,text,true,,1153,2602,2,40,https://api-scuda.uat.oci.krungsri.tech/ords/api/v1/customer/individual/searchprofile,52,0,22
1779452158568,519,GetJuristic,200,OK,GetJuristic 5-17,text,true,,3525,3533,1,40,https://api-scuda.uat.oci.krungsri.tech/ic/api/v1/customer/juristic/getprofile,519,0,27
1779452158838,254,GetIndividual,200,OK,GetIndividual 1-107,text,true,,3892,3588,10,39,https://api-scuda.uat.oci.krungsri.tech/ic/api/v1/customer/individual/getprofile,254,0,21
1779452159058,46,SearchIndividual,200,OK,SearchIndividual 2-185,text,true,,1185,2602,1,38,https://api-scuda.uat.oci.krungsri.tech/ords/api/v1/customer/individual/searchprofile,46,0,25
1779452158790,314,UpdateIndividual,200,OK,UpdateIndividual 4-68,text,true,,1280,5609,6,38,https://api-scuda.uat.oci.krungsri.tech/ic/api/v1/customer/individual/updateprofile,314,0,27
1779452158956,188,UpdateIndividual,200,OK,UpdateIndividual 4-70,text,true,,1280,5570,6,38,https://api-scuda.uat.oci.krungsri.tech/ic/api/v1/customer/individual/updateprofile,188,0,23
1779452157965,1215,GetIndividual,200,OK,GetIndividual 1-96,text,true,,3943,3588,12,40,https://api-scuda.uat.oci.krungsri.tech/ic/api/v1/customer/individual/getprofile,1215,0,12
1779452157629,1552,GetIndividual,200,OK,GetIndividual 1-93,text,true,,3887,3588,12,40,https://api-scuda.uat.oci.krungsri.tech/ic/api/v1/customer/individual/getprofile,1552,0,20
1779452158905,303,UpdateIndividual,200,OK,UpdateIndividual 4-69,text,true,,1280,5595,6,41,https://api-scuda.uat.oci.krungsri.tech/ic/api/v1/customer/individual/updateprofile,303,0,12
1779452158550,663,CreateIndividual,200,OK,CreateIndividual 3-17,text,true,,1636,8359,2,40,https://api-scuda.uat.oci.krungsri.tech/ic/api/v1/customer/individual/createprofile,663,0,13
1779452159207,38,SearchIndividual,200,OK,SearchIndividual 2-186,text,true,,1179,2602,3,41,https://api-scuda.uat.oci.krungsri.tech/ords/api/v1/customer/individual/searchprofile,38,0,13
1779452159143,118,GetIndividual,200,OK,GetIndividual 1-111,text,true,,3845,3588,12,42,https://api-scuda.uat.oci.krungsri.tech/ic/api/v1/customer/individual/getprofile,118,0,30
1779452159166,102,GetJoint,200,OK,GetJoint 9-18,text,true,,1429,3530,3,42,https://api-scuda.uat.oci.krungsri.tech/ic/api/v1/customer/joint/getprofile,102,0,21
1779452159169,100,GetIndividual,200,OK,GetIndividual 1-113,text,true,,3839,3588,11,41,https://api-scuda.uat.oci.krungsri.tech/ic/api/v1/customer/individual/getprofile,100,0,21
1779452159232,45,SearchIndividual,200,OK,SearchIndividual 2-188,text,true,,1199,2602,4,40,https://api-scuda.uat.oci.krungsri.tech/ords/api/v1/customer/individual/searchprofile,45,0,23
1779452159269,42,SearchIndividual,200,OK,SearchIndividual 2-190,text,true,,1161,2602,3,39,https://api-scuda.uat.oci.krungsri.tech/ords/api/v1/customer/individual/searchprofile,42,0,16
1779452159038,286,UpdateJoint,500,Server Error,UpdateJoint 12-18,text,false,,1270,3614,5,38,https://api-scuda.uat.oci.krungsri.tech/ic/api/v1/customer/joint/updateprofile,286,0,20
1779452159253,71,SearchIndividual,200,OK,SearchIndividual 2-189,text,true,,1165,2602,2,38,https://api-scuda.uat.oci.krungsri.tech/ords/api/v1/customer/individual/searchprofile,71,0,34
1779452159207,119,SearchIndividual,200,OK,SearchIndividual 2-187,text,true,,1161,2602,2,37,https://api-scuda.uat.oci.krungsri.tech/ords/api/v1/customer/individual/searchprofile,119,0,83
1779452159081,256,GetIndividual,200,OK,GetIndividual 1-109,text,true,,3853,3588,10,36,https://api-scuda.uat.oci.krungsri.tech/ic/api/v1/customer/individual/getprofile,256,0,87
1779452159256,92,GetIndividual,200,OK,GetIndividual 1-115,text,true,,3871,3588,9,35,https://api-scuda.uat.oci.krungsri.tech/ic/api/v1/customer/individual/getprofile,92,0,14
1779452158297,1052,GetIndividual,200,OK,GetIndividual 1-104,text,true,,3813,3588,8,34,https://api-scuda.uat.oci.krungsri.tech/ic/api/v1/customer/individual/getprofile,1052,0,20
1779452158010,1340,UpdateIndividual,200,OK,UpdateIndividual 4-62,text,true,,1280,5557,5,34,https://api-scuda.uat.oci.krungsri.tech/ic/api/v1/customer/individual/updateprofile,1339,0,20
1779452158194,1166,GetIndividual,200,OK,GetIndividual 1-101,text,true,,3799,3588,7,32,https://api-scuda.uat.oci.krungsri.tech/ic/api/v1/customer/individual/getprofile,1166,0,31
1779452159326,51,SearchIndividual,200,OK,SearchIndividual 2-191,text,true,,1109,2602,1,31,https://api-scuda.uat.oci.krungsri.tech/ords/api/v1/customer/individual/searchprofile,51,0,28
1779452152462,6931,CreateJuristic,500,Server Error,CreateJuristic 7-11,text,false,,1637,8112,6,31,https://api-scuda.uat.oci.krungsri.tech/ic/api/v1/customer/juristic/createprofile,6931,0,13
1779452159380,55,SearchJuristic,200,OK,SearchJuristic 6-18,text,true,,991,2600,1,30,https://api-scuda.uat.oci.krungsri.tech/ords/api/v1/customer/juristic/searchprofile,55,0,28
1779452152075,7395,CreateJoint,500,Server Error,CreateJoint 11-11,text,false,,1637,5938,3,30,https://api-scuda.uat.oci.krungsri.tech/ic/api/v1/customer/joint/createprofile,7395,0,25
1779452148993,10477,CreateJoint,500,Server Error,CreateJoint 11-8,text,false,,1637,6101,3,30,https://api-scuda.uat.oci.krungsri.tech/ic/api/v1/customer/joint/createprofile,10477,0,13
1779452159087,385,GetIndividual,200,OK,GetIndividual 1-110,text,true,,3862,3588,6,31,https://api-scuda.uat.oci.krungsri.tech/ic/api/v1/customer/individual/getprofile,385,0,21
1779452158589,907,UpdateJuristic,500,Server Error,UpdateJuristic 8-17,text,false,,1270,4423,4,30,https://api-scuda.uat.oci.krungsri.tech/ic/api/v1/customer/juristic/updateprofile,907,0,24
1779452159237,262,GetIndividual,200,OK,GetIndividual 1-114,text,true,,3865,3588,5,29,https://api-scuda.uat.oci.krungsri.tech/ic/api/v1/customer/individual/getprofile,262,0,22
1779452159091,411,UpdateJuristic,500,Server Error,UpdateJuristic 8-18,text,false,,1270,5738,3,28,https://api-scuda.uat.oci.krungsri.tech/ic/api/v1/customer/juristic/updateprofile,411,0,22
1779452159459,45,SearchIndividual,200,OK,SearchIndividual 2-192,text,true,,1149,2602,2,28,https://api-scuda.uat.oci.krungsri.tech/ords/api/v1/customer/individual/searchprofile,44,0,18
1779452159484,48,SearchIndividual,200,OK,SearchIndividual 2-193,text,true,,1159,2602,1,26,https://api-scuda.uat.oci.krungsri.tech/ords/api/v1/customer/individual/searchprofile,48,0,23
1779452152293,7252,GetJoint,200,OK,GetJoint 9-11,text,true,,1431,3530,2,25,https://api-scuda.uat.oci.krungsri.tech/ic/api/v1/customer/joint/getprofile,7252,0,18
1779452158286,1266,GetIndividual,200,OK,GetIndividual 1-102,text,true,,3867,3588,4,24,https://api-scuda.uat.oci.krungsri.tech/ic/api/v1/customer/individual/getprofile,1266,0,14
1779452158345,1235,UpdateIndividual,200,OK,UpdateIndividual 4-64,text,true,,1280,5579,5,24,https://api-scuda.uat.oci.krungsri.tech/ic/api/v1/customer/individual/updateprofile,1235,0,14
1779452155268,4336,CreateIndividual,200,OK,CreateIndividual 3-14,text,true,,1636,8417,2,24,https://api-scuda.uat.oci.krungsri.tech/ic/api/v1/customer/individual/createprofile,4336,0,23
1779452159202,403,UpdateIndividual,200,OK,UpdateIndividual 4-73,text,true,,1280,5558,5,23,https://api-scuda.uat.oci.krungsri.tech/ic/api/v1/customer/individual/updateprofile,403,0,14
1779452159559,48,SearchIndividual,200,OK,SearchIndividual 2-194,text,true,,1269,2602,1,22,https://api-scuda.uat.oci.krungsri.tech/ords/api/v1/customer/individual/searchprofile,48,0,14
1779452158181,1429,CreateJuristic,500,Server Error,CreateJuristic 7-17,text,false,,1637,8036,5,21,https://api-scuda.uat.oci.krungsri.tech/ic/api/v1/customer/juristic/createprofile,1429,0,21
1779452158931,735,GetIndividual,200,OK,GetIndividual 1-108,text,true,,3865,3588,6,24,https://api-scuda.uat.oci.krungsri.tech/ic/api/v1/customer/individual/getprofile,735,0,48
1779452159674,46,SearchIndividual,200,OK,SearchIndividual 2-195,text,true,,1151,2602,2,26,https://api-scuda.uat.oci.krungsri.tech/ords/api/v1/customer/individual/searchprofile,46,0,25
1779452159690,46,SearchIndividual,200,OK,SearchIndividual 2-196,text,true,,1238,2601,2,26,https://api-scuda.uat.oci.krungsri.tech/ords/api/v1/customer/individual/searchprofile,46,0,25
1779452158956,787,CreateJuristic,500,Server Error,CreateJuristic 7-18,text,false,,1637,8176,4,25,https://api-scuda.uat.oci.krungsri.tech/ic/api/v1/customer/juristic/createprofile,787,0,23
1779452159723,39,SearchIndividual,200,OK,SearchIndividual 2-197,text,true,,1217,2602,2,26,https://api-scuda.uat.oci.krungsri.tech/ords/api/v1/customer/individual/searchprofile,39,0,18
1779452159749,46,SearchIndividual,200,OK,SearchIndividual 2-198,text,true,,1193,2602,2,28,https://api-scuda.uat.oci.krungsri.tech/ords/api/v1/customer/individual/searchprofile,46,0,25
1779452159643,160,GetIndividual,200,OK,GetIndividual 1-117,text,true,,3845,3588,7,27,https://api-scuda.uat.oci.krungsri.tech/ic/api/v1/customer/individual/getprofile,160,0,20
1779452159476,332,UpdateIndividual,200,OK,UpdateIndividual 4-74,text,true,,1280,4227,5,27,https://api-scuda.uat.oci.krungsri.tech/ic/api/v1/customer/individual/updateprofile,332,0,48
1779452159686,129,GetIndividual,200,OK,GetIndividual 1-119,text,true,,3868,3588,6,26,https://api-scuda.uat.oci.krungsri.tech/ic/api/v1/customer/individual/getprofile,129,0,12
1779452159790,48,SearchIndividual,200,OK,SearchIndividual 2-199,text,true,,1185,2602,1,26,https://api-scuda.uat.oci.krungsri.tech/ords/api/v1/customer/individual/searchprofile,48,0,24
1779452159809,32,SearchJoint,200,OK,SearchJoint 10-18,text,true,,621,2627,1,25,https://api-scuda.uat.oci.krungsri.tech/ords/api/v1/customer/joint/searchprofile,32,0,22
1779452156318,3532,UpdateJoint,500,Server Error,UpdateJoint 12-15,text,false,,1270,3614,4,24,https://api-scuda.uat.oci.krungsri.tech/ic/api/v1/customer/joint/updateprofile,3532,0,13
1779452159587,264,UpdateIndividual,200,OK,UpdateIndividual 4-75,text,true,,1279,4226,5,24,https://api-scuda.uat.oci.krungsri.tech/ic/api/v1/customer/individual/updateprofile,264,0,22
1779452154264,5617,UpdateJuristic,500,Server Error,UpdateJuristic 8-13,text,false,,1270,5759,2,23,https://api-scuda.uat.oci.krungsri.tech/ic/api/v1/customer/juristic/updateprofile,5617,0,16
1779452159496,427,CreateIndividual,200,OK,CreateIndividual 3-18,text,true,,1636,8185,1,23,https://api-scuda.uat.oci.krungsri.tech/ic/api/v1/customer/individual/createprofile,427,0,22
1779452159874,63,SearchIndividual,200,OK,SearchIndividual 2-200,text,true,,1156,2601,2,23,https://api-scuda.uat.oci.krungsri.tech/ords/api/v1/customer/individual/searchprofile,63,0,32
1779452159915,42,SearchIndividual,200,OK,SearchIndividual 2-201,text,true,,1191,2602,1,22,https://api-scuda.uat.oci.krungsri.tech/ords/api/v1/customer/individual/searchprofile,42,0,20
1779452159761,223,GetIndividual,200,OK,GetIndividual 1-120,text,true,,3857,3588,5,24,https://api-scuda.uat.oci.krungsri.tech/ic/api/v1/customer/individual/getprofile,223,0,24
1779452159786,200,GetJuristic,200,OK,GetJuristic 5-18,text,true,,3489,3533,1,23,https://api-scuda.uat.oci.krungsri.tech/ic/api/v1/customer/juristic/getprofile,200,0,42
1779452159960,58,SearchIndividual,200,OK,SearchIndividual 2-202,text,true,,1199,2602,2,24,https://api-scuda.uat.oci.krungsri.tech/ords/api/v1/customer/individual/searchprofile,58,0,32
1779452159979,45,SearchIndividual,200,OK,SearchIndividual 2-203,text,true,,1145,2602,1,23,https://api-scuda.uat.oci.krungsri.tech/ords/api/v1/customer/individual/searchprofile,45,0,22
1779452156223,3831,GetIndividual,200,OK,GetIndividual 1-77,text,true,,3825,3588,5,22,https://api-scuda.uat.oci.krungsri.tech/ic/api/v1/customer/individual/getprofile,3831,0,41
1779452159831,236,UpdateIndividual,200,OK,UpdateIndividual 4-77,text,true,,1280,4228,7,23,https://api-scuda.uat.oci.krungsri.tech/ic/api/v1/customer/individual/updateprofile,236,0,24
1779452159027,1057,UpdateIndividual,200,OK,UpdateIndividual 4-71,text,true,,1280,4227,6,23,https://api-scuda.uat.oci.krungsri.tech/ic/api/v1/customer/individual/updateprofile,1057,0,21
1779452160067,35,SearchIndividual,200,OK,SearchIndividual 2-204,text,true,,1207,2602,1,22,https://api-scuda.uat.oci.krungsri.tech/ords/api/v1/customer/individual/searchprofile,35,0,12
1779452156086,4022,UpdateJuristic,500,Server Error,UpdateJuristic 8-15,text,false,,1270,4418,1,21,https://api-scuda.uat.oci.krungsri.tech/ic/api/v1/customer/juristic/updateprofile,4022,0,28
1779452160018,92,GetIndividual,200,OK,GetIndividual 1-121,text,true,,3835,3588,4,20,https://api-scuda.uat.oci.krungsri.tech/ic/api/v1/customer/individual/getprofile,92,0,18
1779452159640,516,GetIndividual,200,OK,GetIndividual 1-116,text,true,,3835,3588,4,21,https://api-scuda.uat.oci.krungsri.tech/ic/api/v1/customer/individual/getprofile,516,0,13
1779452153945,6213,GetJoint,200,OK,GetJoint 9-13,text,true,,1429,3530,1,21,https://api-scuda.uat.oci.krungsri.tech/ic/api/v1/customer/joint/getprofile,6213,0,21
1779452159165,993,GetIndividual,200,OK,GetIndividual 1-112,text,true,,3894,3588,3,21,https://api-scuda.uat.oci.krungsri.tech/ic/api/v1/customer/individual/getprofile,993,0,12
1779452159120,1065,UpdateIndividual,200,OK,UpdateIndividual 4-72,text,true,,1279,5575,5,22,https://api-scuda.uat.oci.krungsri.tech/ic/api/v1/customer/individual/updateprofile,1065,0,20
1779452160145,46,SearchIndividual,200,OK,SearchIndividual 2-205,text,true,,1191,2602,4,21,https://api-scuda.uat.oci.krungsri.tech/ords/api/v1/customer/individual/searchprofile,46,0,24
1779452160158,50,SearchIndividual,200,OK,SearchIndividual 2-206,text,true,,1151,2600,3,20,https://api-scuda.uat.oci.krungsri.tech/ords/api/v1/customer/individual/searchprofile,50,0,11
1779452160114,101,GetIndividual,200,OK,GetIndividual 1-122,text,true,,3885,3588,4,22,https://api-scuda.uat.oci.krungsri.tech/ic/api/v1/customer/individual/getprofile,101,0,13
1779452160181,35,SearchIndividual,200,OK,SearchIndividual 2-208,text,true,,1173,2602,2,22,https://api-scuda.uat.oci.krungsri.tech/ords/api/v1/customer/individual/searchprofile,35,0,13
1779452160177,54,SearchIndividual,200,OK,SearchIndividual 2-207,text,true,,1169,2602,2,21,https://api-scuda.uat.oci.krungsri.tech/ords/api/v1/customer/individual/searchprofile,54,0,19
1779452160217,42,SearchIndividual,200,OK,SearchIndividual 2-209,text,true,,1255,2602,1,21,https://api-scuda.uat.oci.krungsri.tech/ords/api/v1/customer/individual/searchprofile,42,0,20
1779452159619,679,UpdateIndividual,200,OK,UpdateIndividual 4-76,text,true,,1280,5588,6,23,https://api-scuda.uat.oci.krungsri.tech/ic/api/v1/customer/individual/updateprofile,679,0,14
1779452160214,104,GetIndividual,200,OK,GetIndividual 1-124,text,true,,3853,3588,6,24,https://api-scuda.uat.oci.krungsri.tech/ic/api/v1/customer/individual/getprofile,104,0,18
1779452160273,63,SearchIndividual,200,OK,SearchIndividual 2-210,text,true,,1193,2602,1,23,https://api-scuda.uat.oci.krungsri.tech/ords/api/v1/customer/individual/searchprofile,63,0,35
1779452159647,706,GetIndividual,200,OK,GetIndividual 1-118,text,true,,3883,3588,5,23,https://api-scuda.uat.oci.krungsri.tech/ic/api/v1/customer/individual/getprofile,706,0,16
1779452160282,104,GetIndividual,200,OK,GetIndividual 1-125,text,true,,3830,3588,4,23,https://api-scuda.uat.oci.krungsri.tech/ic/api/v1/customer/individual/getprofile,104,0,25
1779452160377,42,SearchIndividual,200,OK,SearchIndividual 2-211,text,true,,1189,2602,2,23,https://api-scuda.uat.oci.krungsri.tech/ords/api/v1/customer/individual/searchprofile,42,0,19
1779452160393,33,SearchIndividual,200,OK,SearchIndividual 2-212,text,true,,1173,2602,1,22,https://api-scuda.uat.oci.krungsri.tech/ords/api/v1/customer/individual/searchprofile,33,0,13
1779452160210,268,GetIndividual,200,OK,GetIndividual 1-123,text,true,,3845,3586,3,21,https://api-scuda.uat.oci.krungsri.tech/ic/api/v1/customer/individual/getprofile,268,0,19
1779452160302,192,GetIndividual,200,OK,GetIndividual 1-126,text,true,,3884,3587,2,20,https://api-scuda.uat.oci.krungsri.tech/ic/api/v1/customer/individual/getprofile,192,0,17
1779452159966,553,CreateJoint,500,Server Error,CreateJoint 11-19,text,false,,1637,5708,3,21,https://api-scuda.uat.oci.krungsri.tech/ic/api/v1/customer/joint/createprofile,553,0,29
1779452159935,643,UpdateIndividual,200,OK,UpdateIndividual 4-78,text,true,,1280,4228,6,22,https://api-scuda.uat.oci.krungsri.tech/ic/api/v1/customer/individual/updateprofile,643,0,18
1779452160316,281,GetIndividual,200,OK,GetIndividual 1-127,text,true,,3919,3588,4,23,https://api-scuda.uat.oci.krungsri.tech/ic/api/v1/customer/individual/getprofile,281,0,20
1779452160167,438,GetJuristic,200,OK,GetJuristic 5-19,text,true,,3475,3533,1,23,https://api-scuda.uat.oci.krungsri.tech/ic/api/v1/customer/juristic/getprofile,438,0,20
1779452160020,586,UpdateIndividual,200,OK,UpdateIndividual 4-79,text,true,,1280,5580,5,22,https://api-scuda.uat.oci.krungsri.tech/ic/api/v1/customer/individual/updateprofile,586,0,32
1779452160566,51,SearchIndividual,200,OK,SearchIndividual 2-213,text,true,,1161,2602,2,21,https://api-scuda.uat.oci.krungsri.tech/ords/api/v1/customer/individual/searchprofile,51,0,26
1779452160538,88,GetIndividual,200,OK,GetIndividual 1-129,text,true,,3865,3587,3,20,https://api-scuda.uat.oci.krungsri.tech/ic/api/v1/customer/individual/getprofile,88,0,13
1779452160592,38,SearchJoint,200,OK,SearchJoint 10-19,text,true,,621,2627,1,20,https://api-scuda.uat.oci.krungsri.tech/ords/api/v1/customer/joint/searchprofile,38,0,25
1779452160600,41,SearchIndividual,200,OK,SearchIndividual 2-214,text,true,,1237,2602,3,20,https://api-scuda.uat.oci.krungsri.tech/ords/api/v1/customer/individual/searchprofile,41,0,20
1779452160064,589,UpdateIndividual,200,OK,UpdateIndividual 4-80,text,true,,1280,5663,4,20,https://api-scuda.uat.oci.krungsri.tech/ic/api/v1/customer/individual/updateprofile,589,0,19
1779452160634,33,SearchIndividual,200,OK,SearchIndividual 2-216,text,true,,1215,2602,2,18,https://api-scuda.uat.oci.krungsri.tech/ords/api/v1/customer/individual/searchprofile,33,0,18
1779452160210,465,GetJoint,200,OK,GetJoint 9-19,text,true,,1431,3530,1,18,https://api-scuda.uat.oci.krungsri.tech/ic/api/v1/customer/joint/getprofile,465,0,20
1779452160627,49,SearchIndividual,200,OK,SearchIndividual 2-215,text,true,,1118,2601,2,18,https://api-scuda.uat.oci.krungsri.tech/ords/api/v1/customer/individual/searchprofile,49,0,19
1779452160348,338,UpdateIndividual,200,OK,UpdateIndividual 4-83,text,true,,1280,5538,3,17,https://api-scuda.uat.oci.krungsri.tech/ic/api/v1/customer/individual/updateprofile,338,0,29
1779452160257,446,UpdateIndividual,200,OK,UpdateIndividual 4-81,text,true,,1279,5590,2,18,https://api-scuda.uat.oci.krungsri.tech/ic/api/v1/customer/individual/updateprofile,446,0,29
1779452160671,47,SearchIndividual,200,OK,SearchIndividual 2-217,text,true,,1179,2602,5,20,https://api-scuda.uat.oci.krungsri.tech/ords/api/v1/customer/individual/searchprofile,47,0,23
1779452160684,46,SearchIndividual,200,OK,SearchIndividual 2-218,text,true,,1135,2602,5,20,https://api-scuda.uat.oci.krungsri.tech/ords/api/v1/customer/individual/searchprofile,46,0,26
1779452160707,32,SearchIndividual,200,OK,SearchIndividual 2-221,text,true,,1244,2602,4,19,https://api-scuda.uat.oci.krungsri.tech/ords/api/v1/customer/individual/searchprofile,32,0,12
1779452160699,48,SearchIndividual,200,OK,SearchIndividual 2-219,text,true,,1137,2602,4,19,https://api-scuda.uat.oci.krungsri.tech/ords/api/v1/customer/individual/searchprofile,48,0,25
1779452160706,48,SearchIndividual,200,OK,SearchIndividual 2-220,text,true,,1169,2602,3,18,https://api-scuda.uat.oci.krungsri.tech/ords/api/v1/customer/individual/searchprofile,48,0,16
1779452159785,986,CreateJoint,500,Server Error,CreateJoint 11-18,text,false,,1635,5867,2,17,https://api-scuda.uat.oci.krungsri.tech/ic/api/v1/customer/joint/createprofile,986,0,24
1779452160727,45,SearchIndividual,200,OK,SearchIndividual 2-222,text,true,,1261,2602,2,17,https://api-scuda.uat.oci.krungsri.tech/ords/api/v1/customer/individual/searchprofile,44,0,20
1779452157941,2832,CreateJoint,500,Server Error,CreateJoint 11-17,text,false,,1637,5838,1,15,https://api-scuda.uat.oci.krungsri.tech/ic/api/v1/customer/joint/createprofile,2832,0,24
1779452160508,275,GetIndividual,200,OK,GetIndividual 1-128,text,true,,3815,3588,2,15,https://api-scuda.uat.oci.krungsri.tech/ic/api/v1/customer/individual/getprofile,275,0,21
1779452160279,506,UpdateIndividual,200,OK,UpdateIndividual 4-82,text,true,,1280,4229,3,14,https://api-scuda.uat.oci.krungsri.tech/ic/api/v1/customer/individual/updateprofile,506,0,15
1779452160744,44,SearchIndividual,200,OK,SearchIndividual 2-223,text,true,,1209,2602,1,13,https://api-scuda.uat.oci.krungsri.tech/ords/api/v1/customer/individual/searchprofile,44,0,24
1779452160516,296,UpdateJoint,500,Server Error,UpdateJoint 12-19,text,false,,1270,4614,4,12,https://api-scuda.uat.oci.krungsri.tech/ic/api/v1/customer/joint/updateprofile,296,0,12
1779452160894,30,SearchJuristic,200,OK,SearchJuristic 6-19,text,true,,996,2600,1,17,https://api-scuda.uat.oci.krungsri.tech/ords/api/v1/customer/juristic/searchprofile,30,0,14
1779452160596,355,GetIndividual,200,OK,GetIndividual 1-130,text,true,,3889,3586,4,17,https://api-scuda.uat.oci.krungsri.tech/ic/api/v1/customer/individual/getprofile,355,0,21
1779452160927,52,SearchIndividual,200,OK,SearchIndividual 2-224,text,true,,1103,2602,1,17,https://api-scuda.uat.oci.krungsri.tech/ords/api/v1/customer/individual/searchprofile,52,0,25
1779452160886,94,GetIndividual,200,OK,GetIndividual 1-132,text,true,,3835,3588,3,16,https://api-scuda.uat.oci.krungsri.tech/ic/api/v1/customer/individual/getprofile,94,0,21
1779452160891,111,GetIndividual,200,OK,GetIndividual 1-133,text,true,,3789,3588,3,16,https://api-scuda.uat.oci.krungsri.tech/ic/api/v1/customer/individual/getprofile,111,0,16
1779452161020,41,SearchIndividual,200,OK,SearchIndividual 2-225,text,true,,1167,2602,4,19,https://api-scuda.uat.oci.krungsri.tech/ords/api/v1/customer/individual/searchprofile,41,0,15
1779452161022,43,SearchIndividual,200,OK,SearchIndividual 2-226,text,true,,1175,2602,3,18,https://api-scuda.uat.oci.krungsri.tech/ords/api/v1/customer/individual/searchprofile,43,0,18
1779452161037,38,SearchIndividual,200,OK,SearchIndividual 2-227,text,true,,1206,2601,2,17,https://api-scuda.uat.oci.krungsri.tech/ords/api/v1/customer/individual/searchprofile,37,0,16
1779452161044,47,SearchIndividual,200,OK,SearchIndividual 2-228,text,true,,1161,2602,1,16,https://api-scuda.uat.oci.krungsri.tech/ords/api/v1/customer/individual/searchprofile,47,0,25
1779452160993,118,GetIndividual,200,OK,GetIndividual 1-134,text,true,,3785,3588,2,16,https://api-scuda.uat.oci.krungsri.tech/ic/api/v1/customer/individual/getprofile,118,0,22
1779452161157,35,SearchJuristic,200,OK,SearchJuristic 6-20,text,true,,1017,2600,1,21,https://api-scuda.uat.oci.krungsri.tech/ords/api/v1/customer/juristic/searchprofile,35,0,17
1779452161163,35,SearchIndividual,200,OK,SearchIndividual 2-231,text,true,,1173,2602,3,20,https://api-scuda.uat.oci.krungsri.tech/ords/api/v1/customer/individual/searchprofile,35,0,22
1779452161158,40,SearchIndividual,200,OK,SearchIndividual 2-229,text,true,,1139,2602,3,20,https://api-scuda.uat.oci.krungsri.tech/ords/api/v1/customer/individual/searchprofile,40,0,16
1779452161149,55,SearchJoint,200,OK,SearchJoint 10-20,text,true,,621,2627,1,18,https://api-scuda.uat.oci.krungsri.tech/ords/api/v1/customer/joint/searchprofile,55,0,34
1779452161161,56,SearchIndividual,200,OK,SearchIndividual 2-230,text,true,,1171,2602,1,17,https://api-scuda.uat.oci.krungsri.tech/ords/api/v1/customer/individual/searchprofile,56,0,23
1779452160710,537,UpdateIndividual,200,OK,UpdateIndividual 4-84,text,true,,1280,5556,6,18,https://api-scuda.uat.oci.krungsri.tech/ic/api/v1/customer/individual/updateprofile,537,0,20
1779452160828,449,GetIndividual,200,OK,GetIndividual 1-131,text,true,,3828,3588,2,18,https://api-scuda.uat.oci.krungsri.tech/ic/api/v1/customer/individual/getprofile,449,0,19
1779452160075,1213,CreateIndividual,200,OK,CreateIndividual 3-19,text,true,,1636,8518,1,18,https://api-scuda.uat.oci.krungsri.tech/ic/api/v1/customer/individual/createprofile,1213,0,19
1779452161252,51,SearchIndividual,200,OK,SearchIndividual 2-232,text,true,,1239,2602,1,17,https://api-scuda.uat.oci.krungsri.tech/ords/api/v1/customer/individual/searchprofile,51,0,25
1779452161174,135,GetIndividual,200,OK,GetIndividual 1-135,text,true,,3843,3587,1,17,https://api-scuda.uat.oci.krungsri.tech/ic/api/v1/customer/individual/getprofile,135,0,27
1779452160821,571,UpdateIndividual,200,OK,UpdateIndividual 4-86,text,true,,1280,5624,6,19,https://api-scuda.uat.oci.krungsri.tech/ic/api/v1/customer/individual/updateprofile,571,0,21
1779452161337,60,SearchIndividual,200,OK,SearchIndividual 2-233,text,true,,1217,2602,1,19,https://api-scuda.uat.oci.krungsri.tech/ords/api/v1/customer/individual/searchprofile,60,0,21
1779452158856,2603,UpdateJoint,500,Server Error,UpdateJoint 12-17,text,false,,1269,4526,3,23,https://api-scuda.uat.oci.krungsri.tech/ic/api/v1/customer/joint/updateprofile,2603,0,22
1779452161409,57,SearchIndividual,200,OK,SearchIndividual 2-234,text,true,,1209,2602,2,22,https://api-scuda.uat.oci.krungsri.tech/ords/api/v1/customer/individual/searchprofile,57,0,25
1779452161394,91,GetIndividual,200,OK,GetIndividual 1-137,text,true,,3793,3588,5,22,https://api-scuda.uat.oci.krungsri.tech/ic/api/v1/customer/individual/getprofile,91,0,20
1779452161449,45,SearchIndividual,200,OK,SearchIndividual 2-235,text,true,,1191,2602,1,21,https://api-scuda.uat.oci.krungsri.tech/ords/api/v1/customer/individual/searchprofile,45,0,21
1779452160981,525,UpdateIndividual,200,OK,UpdateIndividual 4-87,text,true,,1280,5579,7,21,https://api-scuda.uat.oci.krungsri.tech/ic/api/v1/customer/individual/updateprofile,525,0,22
1779452161374,133,GetIndividual,200,OK,GetIndividual 1-136,text,true,,3880,3588,4,20,https://api-scuda.uat.oci.krungsri.tech/ic/api/v1/customer/individual/getprofile,133,0,22
1779452160781,791,UpdateIndividual,200,OK,UpdateIndividual 4-85,text,true,,1280,5632,6,22,https://api-scuda.uat.oci.krungsri.tech/ic/api/v1/customer/individual/updateprofile,791,0,21
1779452161434,143,GetIndividual,200,OK,GetIndividual 1-139,text,true,,3860,3588,7,22,https://api-scuda.uat.oci.krungsri.tech/ic/api/v1/customer/individual/getprofile,143,0,55
1779452161285,338,GetJuristic,200,OK,GetJuristic 5-20,text,true,,3495,3533,1,22,https://api-scuda.uat.oci.krungsri.tech/ic/api/v1/customer/juristic/getprofile,338,0,32
1779452161472,227,UpdateIndividual,200,OK,UpdateIndividual 4-91,text,true,,1280,5606,7,24,https://api-scuda.uat.oci.krungsri.tech/ic/api/v1/customer/individual/updateprofile,227,0,18
1779452161566,138,GetIndividual,200,OK,GetIndividual 1-143,text,true,,3832,3588,6,23,https://api-scuda.uat.oci.krungsri.tech/ic/api/v1/customer/individual/getprofile,138,0,18
1779452161114,594,CreateJoint,500,Server Error,CreateJoint 11-20,text,false,,1636,5922,1,22,https://api-scuda.uat.oci.krungsri.tech/ic/api/v1/customer/joint/createprofile,594,0,68
1779452161577,134,GetIndividual,200,OK,GetIndividual 1-144,text,true,,3872,3588,5,21,https://api-scuda.uat.oci.krungsri.tech/ic/api/v1/customer/individual/getprofile,134,0,16
1779452161541,194,GetIndividual,200,OK,GetIndividual 1-141,text,true,,3815,3588,4,22,https://api-scuda.uat.oci.krungsri.tech/ic/api/v1/customer/individual/getprofile,194,0,42
1779452161682,61,SearchIndividual,200,OK,SearchIndividual 2-236,text,true,,1175,2602,3,23,https://api-scuda.uat.oci.krungsri.tech/ords/api/v1/customer/individual/searchprofile,61,0,26
1779452161723,47,SearchIndividual,200,OK,SearchIndividual 2-238,text,true,,1217,2602,2,23,https://api-scuda.uat.oci.krungsri.tech/ords/api/v1/customer/individual/searchprofile,47,0,27
1779452161719,59,SearchIndividual,200,OK,SearchIndividual 2-237,text,true,,1195,2602,2,23,https://api-scuda.uat.oci.krungsri.tech/ords/api/v1/customer/individual/searchprofile,58,0,26
1779452161314,467,UpdateIndividual,200,OK,UpdateIndividual 4-90,text,true,,1280,5559,6,22,https://api-scuda.uat.oci.krungsri.tech/ic/api/v1/customer/individual/updateprofile,467,0,24
1779452161772,34,SearchIndividual,200,OK,SearchIndividual 2-239,text,true,,1193,2602,2,23,https://api-scuda.uat.oci.krungsri.tech/ords/api/v1/customer/individual/searchprofile,34,0,15
1779452161799,38,SearchIndividual,200,OK,SearchIndividual 2-240,text,true,,1135,2602,3,24,https://api-scuda.uat.oci.krungsri.tech/ords/api/v1/customer/individual/searchprofile,38,0,19
1779452161230,617,UpdateIndividual,200,OK,UpdateIndividual 4-88,text,true,,1279,5642,6,25,https://api-scuda.uat.oci.krungsri.tech/ic/api/v1/customer/individual/updateprofile,617,0,28
1779452161831,34,SearchIndividual,200,OK,SearchIndividual 2-242,text,true,,1165,2602,3,25,https://api-scuda.uat.oci.krungsri.tech/ords/api/v1/customer/individual/searchprofile,34,0,15
1779452161822,46,SearchIndividual,200,OK,SearchIndividual 2-241,text,true,,1175,2602,2,24,https://api-scuda.uat.oci.krungsri.tech/ords/api/v1/customer/individual/searchprofile,46,0,13
1779452161840,39,SearchIndividual,200,OK,SearchIndividual 2-243,text,true,,1165,2602,2,25,https://api-scuda.uat.oci.krungsri.tech/ords/api/v1/customer/individual/searchprofile,39,0,16
1779452161748,155,GetIndividual,200,OK,GetIndividual 1-145,text,true,,3846,3588,6,26,https://api-scuda.uat.oci.krungsri.tech/ic/api/v1/customer/individual/getprofile,155,0,50
1779452161875,36,SearchIndividual,200,OK,SearchIndividual 2-244,text,true,,1207,2602,3,25,https://api-scuda.uat.oci.krungsri.tech/ords/api/v1/customer/individual/searchprofile,35,0,13
1779452161798,118,GetJoint,200,OK,GetJoint 9-20,text,true,,1429,3530,1,24,https://api-scuda.uat.oci.krungsri.tech/ic/api/v1/customer/joint/getprofile,118,0,20
1779452161880,39,SearchIndividual,200,OK,SearchIndividual 2-245,text,true,,1150,2601,2,23,https://api-scuda.uat.oci.krungsri.tech/ords/api/v1/customer/individual/searchprofile,39,0,20
1779452161888,53,SearchIndividual,200,OK,SearchIndividual 2-246,text,true,,1205,2602,1,24,https://api-scuda.uat.oci.krungsri.tech/ords/api/v1/customer/individual/searchprofile,53,0,19
1779452161421,528,GetIndividual,200,OK,GetIndividual 1-138,text,true,,3864,3588,7,23,https://api-scuda.uat.oci.krungsri.tech/ic/api/v1/customer/individual/getprofile,528,0,16
1779452161876,128,GetIndividual,200,OK,GetIndividual 1-147,text,true,,3861,3588,6,26,https://api-scuda.uat.oci.krungsri.tech/ic/api/v1/customer/individual/getprofile,128,0,23
1779452161958,49,SearchIndividual,200,OK,SearchIndividual 2-247,text,true,,1167,2602,3,25,https://api-scuda.uat.oci.krungsri.tech/ords/api/v1/customer/individual/searchprofile,49,0,22
1779452161861,154,GetIndividual,200,OK,GetIndividual 1-146,text,true,,3857,3588,5,24,https://api-scuda.uat.oci.krungsri.tech/ic/api/v1/customer/individual/getprofile,154,0,58
1779452161974,47,SearchIndividual,200,OK,SearchIndividual 2-248,text,true,,1205,2602,2,23,https://api-scuda.uat.oci.krungsri.tech/ords/api/v1/customer/individual/searchprofile,47,0,20
1779452161930,104,GetIndividual,200,OK,GetIndividual 1-148,text,true,,3891,3588,4,22,https://api-scuda.uat.oci.krungsri.tech/ic/api/v1/customer/individual/getprofile,104,0,20
1779452161995,41,SearchIndividual,200,OK,SearchIndividual 2-249,text,true,,1173,2602,1,21,https://api-scuda.uat.oci.krungsri.tech/ords/api/v1/customer/individual/searchprofile,41,0,21
1779452161548,507,GetIndividual,200,OK,GetIndividual 1-142,text,true,,3803,3588,3,21,https://api-scuda.uat.oci.krungsri.tech/ic/api/v1/customer/individual/getprofile,507,0,19
1779452161231,838,UpdateIndividual,200,OK,UpdateIndividual 4-89,text,true,,1279,5568,6,22,https://api-scuda.uat.oci.krungsri.tech/ic/api/v1/customer/individual/updateprofile,838,0,25
1779452161441,628,GetIndividual,200,OK,GetIndividual 1-140,text,true,,3817,3588,2,22,https://api-scuda.uat.oci.krungsri.tech/ic/api/v1/customer/individual/getprofile,628,0,53
1779452162040,53,SearchIndividual,200,OK,SearchIndividual 2-250,text,true,,1175,2602,2,20,https://api-scuda.uat.oci.krungsri.tech/ords/api/v1/customer/individual/searchprofile,53,0,21
1779452161942,162,GetIndividual,200,OK,GetIndividual 1-149,text,true,,3841,3588,1,19,https://api-scuda.uat.oci.krungsri.tech/ic/api/v1/customer/individual/getprofile,162,0,22
1779452162065,64,SearchIndividual,200,OK,SearchIndividual 2-251,text,true,,1138,2601,1,18,https://api-scuda.uat.oci.krungsri.tech/ords/api/v1/customer/individual/searchprofile,64,0,38
1779452161504,662,UpdateIndividual,200,OK,UpdateIndividual 4-92,text,true,,1280,4228,7,20,https://api-scuda.uat.oci.krungsri.tech/ic/api/v1/customer/individual/updateprofile,662,0,22
1779452161622,561,UpdateIndividual,200,OK,UpdateIndividual 4-93,text,true,,1280,4229,6,19,https://api-scuda.uat.oci.krungsri.tech/ic/api/v1/customer/individual/updateprofile,561,0,27
1779452161698,508,UpdateJoint,500,Server Error,UpdateJoint 12-20,text,false,,1270,4562,4,19,https://api-scuda.uat.oci.krungsri.tech/ic/api/v1/customer/joint/updateprofile,508,0,23
1779452162190,48,SearchIndividual,200,OK,SearchIndividual 2-252,text,true,,1185,2602,2,20,https://api-scuda.uat.oci.krungsri.tech/ords/api/v1/customer/individual/searchprofile,48,0,25
1779452162219,52,SearchIndividual,200,OK,SearchIndividual 2-253,text,true,,1189,2602,1,20,https://api-scuda.uat.oci.krungsri.tech/ords/api/v1/customer/individual/searchprofile,52,0,16
1779452162070,218,GetJoint,200,OK,GetJoint 9-21,text,true,,1429,3530,2,20,https://api-scuda.uat.oci.krungsri.tech/ic/api/v1/customer/joint/getprofile,218,0,36
1779452161666,633,UpdateIndividual,200,OK,UpdateIndividual 4-94,text,true,,1280,4227,5,22,https://api-scuda.uat.oci.krungsri.tech/ic/api/v1/customer/individual/updateprofile,632,0,14
1779452162294,33,SearchJoint,200,OK,SearchJoint 10-21,text,true,,621,2627,1,23,https://api-scuda.uat.oci.krungsri.tech/ords/api/v1/customer/joint/searchprofile,33,0,15
1779452162162,179,UpdateIndividual,200,OK,UpdateIndividual 4-98,text,true,,1280,4228,4,23,https://api-scuda.uat.oci.krungsri.tech/ic/api/v1/customer/individual/updateprofile,179,0,21
1779452162293,70,SearchIndividual,200,OK,SearchIndividual 2-254,text,true,,1163,2602,4,23,https://api-scuda.uat.oci.krungsri.tech/ords/api/v1/customer/individual/searchprofile,70,0,35
